

================================================================
== Vitis HLS Report for 'pooling_Pipeline_VITIS_LOOP_85_6_VITIS_LOOP_86_7'
================================================================
* Date:           Tue Nov  4 14:31:16 2025

* Version:        2022.2 (Build 3670227 on Oct 13 2022)
* Project:        ip8
* Solution:       solution1 (Vivado IP Flow Target)
* Product family: zynq
* Target device:  xc7z020-clg400-2


================================================================
== Performance Estimates
================================================================
+ Timing: 
    * Summary: 
    +--------+----------+----------+------------+
    |  Clock |  Target  | Estimated| Uncertainty|
    +--------+----------+----------+------------+
    |ap_clk  |  10.00 ns|  7.300 ns|     2.70 ns|
    +--------+----------+----------+------------+

+ Latency: 
    * Summary: 
    +---------+---------+----------+----------+-----+-----+---------+
    |  Latency (cycles) |  Latency (absolute) |  Interval | Pipeline|
    |   min   |   max   |    min   |    max   | min | max |   Type  |
    +---------+---------+----------+----------+-----+-----+---------+
    |        ?|        ?|         ?|         ?|    ?|    ?|       no|
    +---------+---------+----------+----------+-----+-----+---------+

    + Detail: 
        * Instance: 
        N/A

        * Loop: 
        +-----------------------------------+---------+---------+----------+-----------+-----------+------+----------+
        |                                   |  Latency (cycles) | Iteration|  Initiation Interval  | Trip |          |
        |             Loop Name             |   min   |   max   |  Latency |  achieved |   target  | Count| Pipelined|
        +-----------------------------------+---------+---------+----------+-----------+-----------+------+----------+
        |- VITIS_LOOP_85_6_VITIS_LOOP_86_7  |        ?|        ?|        20|          5|          1|     ?|       yes|
        +-----------------------------------+---------+---------+----------+-----------+-----------+------+----------+

============================================================
+ Verbose Summary: Synthesis Manager
============================================================
InlineROM: 1
ExposeGlobal: 0
============================================================
+ Verbose Summary: CDFG Model
============================================================
IsTopModel: 0
ResetActiveHigh: 1
IsCombinational: 0
IsDatapathOnly: 0
HasWiredReturn: 1
HasMFsm: 2
HasVarLatency: 1
IsPipeline: 0
IsRtlPipelined: 0
IsInstanceOverlapped: 0
IsDontTouch: 0
HasImplIP: 0
IsGatedGlobalClock: 0

+ Individual pipeline summary: 
  * Pipeline-0: initiation interval (II) = 5, depth = 20


============================================================
+ Verbose Summary: Schedule
============================================================
* Number of FSM states : 20
* Pipeline : 1
  Pipeline-0 : II = 5, D = 20, States = { 1 2 3 4 5 6 7 8 9 10 11 12 13 14 15 16 17 18 19 20 }
* Dataflow Pipeline: 0

* FSM state transitions: 
1 --> 2 
2 --> 3 
3 --> 4 
4 --> 5 
5 --> 6 
6 --> 7 
7 --> 8 
8 --> 9 
9 --> 10 
10 --> 11 
11 --> 12 
12 --> 13 
13 --> 14 
14 --> 15 
15 --> 16 
16 --> 17 
17 --> 18 
18 --> 19 
19 --> 20 
20 --> 

* FSM state operations: 

State 1 <SV = 0> <Delay = 5.87>
ST_1 : Operation 23 [1/1] (0.00ns)   --->   "%kw_1 = alloca i32 1"   --->   Operation 23 'alloca' 'kw_1' <Predicate = true> <Delay = 0.00>
ST_1 : Operation 24 [1/1] (0.00ns)   --->   "%kh = alloca i32 1"   --->   Operation 24 'alloca' 'kh' <Predicate = true> <Delay = 0.00>
ST_1 : Operation 25 [1/1] (0.00ns)   --->   "%indvar_flatten10 = alloca i32 1"   --->   Operation 25 'alloca' 'indvar_flatten10' <Predicate = true> <Delay = 0.00>
ST_1 : Operation 26 [1/1] (0.00ns)   --->   "%sum = alloca i32 1"   --->   Operation 26 'alloca' 'sum' <Predicate = true> <Delay = 0.00>
ST_1 : Operation 27 [1/1] (0.00ns)   --->   "%count = alloca i32 1"   --->   Operation 27 'alloca' 'count' <Predicate = true> <Delay = 0.00>
ST_1 : Operation 28 [1/1] (0.00ns)   --->   "%feature_in_read = read i64 @_ssdm_op_Read.ap_auto.i64, i64 %feature_in"   --->   Operation 28 'read' 'feature_in_read' <Predicate = true> <Delay = 0.00>
ST_1 : Operation 29 [1/1] (0.00ns)   --->   "%zext_ln1633_read = read i16 @_ssdm_op_Read.ap_auto.i16, i16 %zext_ln1633"   --->   Operation 29 'read' 'zext_ln1633_read' <Predicate = true> <Delay = 0.00>
ST_1 : Operation 30 [1/1] (0.00ns)   --->   "%conv_i_i721_read = read i16 @_ssdm_op_Read.ap_auto.i16, i16 %conv_i_i721"   --->   Operation 30 'read' 'conv_i_i721_read' <Predicate = true> <Delay = 0.00>
ST_1 : Operation 31 [1/1] (0.00ns)   --->   "%W_in_cast5_read = read i16 @_ssdm_op_Read.ap_auto.i16, i16 %W_in_cast5"   --->   Operation 31 'read' 'W_in_cast5_read' <Predicate = true> <Delay = 0.00>
ST_1 : Operation 32 [1/1] (0.00ns)   --->   "%sub_ln1496_read = read i25 @_ssdm_op_Read.ap_auto.i25, i25 %sub_ln1496"   --->   Operation 32 'read' 'sub_ln1496_read' <Predicate = true> <Delay = 0.00>
ST_1 : Operation 33 [1/1] (0.00ns)   --->   "%conv_i_i530_read = read i16 @_ssdm_op_Read.ap_auto.i16, i16 %conv_i_i530"   --->   Operation 33 'read' 'conv_i_i530_read' <Predicate = true> <Delay = 0.00>
ST_1 : Operation 34 [1/1] (0.00ns)   --->   "%kernel_size_read = read i8 @_ssdm_op_Read.ap_auto.i8, i8 %kernel_size"   --->   Operation 34 'read' 'kernel_size_read' <Predicate = true> <Delay = 0.00>
ST_1 : Operation 35 [1/1] (0.00ns)   --->   "%mul_ln15_read = read i16 @_ssdm_op_Read.ap_auto.i16, i16 %mul_ln15"   --->   Operation 35 'read' 'mul_ln15_read' <Predicate = true> <Delay = 0.00>
ST_1 : Operation 36 [1/1] (0.00ns)   --->   "%H_in_cast4_read = read i16 @_ssdm_op_Read.ap_auto.i16, i16 %H_in_cast4"   --->   Operation 36 'read' 'H_in_cast4_read' <Predicate = true> <Delay = 0.00>
ST_1 : Operation 37 [1/1] (0.00ns)   --->   "%sub_ln1027_read = read i25 @_ssdm_op_Read.ap_auto.i25, i25 %sub_ln1027"   --->   Operation 37 'read' 'sub_ln1027_read' <Predicate = true> <Delay = 0.00>
ST_1 : Operation 38 [1/1] (0.00ns)   --->   "%zext_ln1633_cast = zext i16 %zext_ln1633_read"   --->   Operation 38 'zext' 'zext_ln1633_cast' <Predicate = true> <Delay = 0.00>
ST_1 : Operation 39 [1/1] (0.00ns)   --->   "%conv_i_i721_cast = zext i16 %conv_i_i721_read"   --->   Operation 39 'zext' 'conv_i_i721_cast' <Predicate = true> <Delay = 0.00>
ST_1 : Operation 40 [1/1] (0.00ns)   --->   "%W_in_cast5_cast = zext i16 %W_in_cast5_read"   --->   Operation 40 'zext' 'W_in_cast5_cast' <Predicate = true> <Delay = 0.00>
ST_1 : Operation 41 [1/1] (0.00ns)   --->   "%conv_i_i530_cast = zext i16 %conv_i_i530_read"   --->   Operation 41 'zext' 'conv_i_i530_cast' <Predicate = true> <Delay = 0.00>
ST_1 : Operation 42 [1/1] (0.00ns)   --->   "%H_in_cast4_cast = zext i16 %H_in_cast4_read"   --->   Operation 42 'zext' 'H_in_cast4_cast' <Predicate = true> <Delay = 0.00>
ST_1 : Operation 43 [1/1] (0.00ns)   --->   "%specinterface_ln0 = specinterface void @_ssdm_op_SpecInterface, i32 %gmem0, void @empty, i32 0, i32 0, void @empty_0, i32 0, i32 1073741824, void @empty_1, void @empty_2, void @empty_0, i32 16, i32 16, i32 16, i32 16, void @empty_0, void @empty_0, i32 4294967295, i32 0"   --->   Operation 43 'specinterface' 'specinterface_ln0' <Predicate = true> <Delay = 0.00>
ST_1 : Operation 44 [1/1] (1.29ns)   --->   "%store_ln0 = store i32 0, i32 %count"   --->   Operation 44 'store' 'store_ln0' <Predicate = true> <Delay = 1.29>
ST_1 : Operation 45 [1/1] (1.29ns)   --->   "%store_ln0 = store i32 0, i32 %sum"   --->   Operation 45 'store' 'store_ln0' <Predicate = true> <Delay = 1.29>
ST_1 : Operation 46 [1/1] (1.29ns)   --->   "%store_ln0 = store i16 0, i16 %indvar_flatten10"   --->   Operation 46 'store' 'store_ln0' <Predicate = true> <Delay = 1.29>
ST_1 : Operation 47 [1/1] (1.29ns)   --->   "%store_ln0 = store i8 0, i8 %kh"   --->   Operation 47 'store' 'store_ln0' <Predicate = true> <Delay = 1.29>
ST_1 : Operation 48 [1/1] (1.29ns)   --->   "%store_ln0 = store i8 0, i8 %kw_1"   --->   Operation 48 'store' 'store_ln0' <Predicate = true> <Delay = 1.29>
ST_1 : Operation 49 [1/1] (0.00ns)   --->   "%br_ln0 = br void %for.body79"   --->   Operation 49 'br' 'br_ln0' <Predicate = true> <Delay = 0.00>
ST_1 : Operation 50 [1/1] (0.00ns)   --->   "%kh_1 = load i8 %kh" [../ip/ip6/pooling.cpp:85]   --->   Operation 50 'load' 'kh_1' <Predicate = true> <Delay = 0.00>
ST_1 : Operation 51 [1/1] (0.00ns)   --->   "%indvar_flatten10_load = load i16 %indvar_flatten10"   --->   Operation 51 'load' 'indvar_flatten10_load' <Predicate = true> <Delay = 0.00>
ST_1 : Operation 52 [1/1] (0.00ns)   --->   "%specbitsmap_ln0 = specbitsmap void @_ssdm_op_SpecBitsMap, i32 %gmem0"   --->   Operation 52 'specbitsmap' 'specbitsmap_ln0' <Predicate = true> <Delay = 0.00>
ST_1 : Operation 53 [1/1] (0.00ns)   --->   "%zext_ln1027 = zext i8 %kh_1"   --->   Operation 53 'zext' 'zext_ln1027' <Predicate = true> <Delay = 0.00>
ST_1 : Operation 54 [1/1] (1.71ns)   --->   "%h_in = add i25 %zext_ln1027, i25 %sub_ln1027_read"   --->   Operation 54 'add' 'h_in' <Predicate = true> <Delay = 1.71> <CoreInst = "Adder">   --->   Core 1 'Adder' <Latency = 0> <II = 1> <Delay = 1.71> <FuncUnit> <Opcode : 'add' 'sub'> <InPorts = 2> <OutPorts = 1>
ST_1 : Operation 55 [1/1] (0.00ns)   --->   "%tmp = bitselect i1 @_ssdm_op_BitSelect.i1.i25.i32, i25 %h_in, i32 24"   --->   Operation 55 'bitselect' 'tmp' <Predicate = true> <Delay = 0.00>
ST_1 : Operation 56 [1/1] (2.00ns)   --->   "%notrhs = icmp_slt  i25 %h_in, i25 %H_in_cast4_cast"   --->   Operation 56 'icmp' 'notrhs' <Predicate = true> <Delay = 2.00> <CoreInst = "Cmp">   --->   Core 9 'Cmp' <Latency = 0> <II = 1> <Delay = 2.00> <FuncUnit> <Opcode : 'icmp'> <InPorts = 2> <OutPorts = 1>
ST_1 : Operation 57 [1/1] (0.00ns)   --->   "%specpipeline_ln0 = specpipeline void @_ssdm_op_SpecPipeline, i32 4294967295, i32 0, i32 1, i32 0, void @p_str"   --->   Operation 57 'specpipeline' 'specpipeline_ln0' <Predicate = true> <Delay = 0.00>
ST_1 : Operation 58 [1/1] (2.13ns)   --->   "%icmp_ln1027 = icmp_eq  i16 %indvar_flatten10_load, i16 %mul_ln15_read"   --->   Operation 58 'icmp' 'icmp_ln1027' <Predicate = true> <Delay = 2.13> <CoreInst = "Cmp">   --->   Core 9 'Cmp' <Latency = 0> <II = 1> <Delay = 2.13> <FuncUnit> <Opcode : 'icmp'> <InPorts = 2> <OutPorts = 1>
ST_1 : Operation 59 [1/1] (1.54ns)   --->   "%add_ln1027 = add i16 %indvar_flatten10_load, i16 1"   --->   Operation 59 'add' 'add_ln1027' <Predicate = true> <Delay = 1.54> <CoreInst = "Adder">   --->   Core 1 'Adder' <Latency = 0> <II = 1> <Delay = 1.54> <FuncUnit> <Opcode : 'add' 'sub'> <InPorts = 2> <OutPorts = 1>
ST_1 : Operation 60 [1/1] (0.00ns)   --->   "%br_ln1027 = br i1 %icmp_ln1027, void %for.inc114, void %for.end116.loopexit.exitStub"   --->   Operation 60 'br' 'br_ln1027' <Predicate = true> <Delay = 0.00>
ST_1 : Operation 61 [1/1] (0.00ns)   --->   "%kw_1_load = load i8 %kw_1"   --->   Operation 61 'load' 'kw_1_load' <Predicate = (!icmp_ln1027)> <Delay = 0.00>
ST_1 : Operation 62 [1/1] (1.31ns)   --->   "%icmp_ln1027_1 = icmp_eq  i8 %kw_1_load, i8 %kernel_size_read"   --->   Operation 62 'icmp' 'icmp_ln1027_1' <Predicate = (!icmp_ln1027)> <Delay = 1.31> <CoreInst = "Cmp">   --->   Core 9 'Cmp' <Latency = 0> <II = 1> <Delay = 1.31> <FuncUnit> <Opcode : 'icmp'> <InPorts = 2> <OutPorts = 1>
ST_1 : Operation 63 [1/1] (1.30ns)   --->   "%add_ln85 = add i8 %kh_1, i8 1" [../ip/ip6/pooling.cpp:85]   --->   Operation 63 'add' 'add_ln85' <Predicate = (!icmp_ln1027)> <Delay = 1.30> <CoreInst = "Adder">   --->   Core 1 'Adder' <Latency = 0> <II = 1> <Delay = 1.30> <FuncUnit> <Opcode : 'add' 'sub'> <InPorts = 2> <OutPorts = 1>
ST_1 : Operation 64 [1/1] (0.00ns)   --->   "%zext_ln1027_1 = zext i8 %add_ln85"   --->   Operation 64 'zext' 'zext_ln1027_1' <Predicate = (!icmp_ln1027)> <Delay = 0.00>
ST_1 : Operation 65 [1/1] (1.71ns)   --->   "%h_in_mid1 = add i25 %zext_ln1027_1, i25 %sub_ln1027_read"   --->   Operation 65 'add' 'h_in_mid1' <Predicate = (!icmp_ln1027)> <Delay = 1.71> <CoreInst = "Adder">   --->   Core 1 'Adder' <Latency = 0> <II = 1> <Delay = 1.71> <FuncUnit> <Opcode : 'add' 'sub'> <InPorts = 2> <OutPorts = 1>
ST_1 : Operation 66 [1/1] (1.03ns)   --->   "%select_ln1027_1 = select i1 %icmp_ln1027_1, i25 %h_in_mid1, i25 %h_in"   --->   Operation 66 'select' 'select_ln1027_1' <Predicate = (!icmp_ln1027)> <Delay = 1.03> <CoreInst = "Sel">   --->   Core 73 'Sel' <Latency = 0> <II = 1> <Delay = 1.03> <FuncUnit> <Opcode : 'select'> <InPorts = 3> <OutPorts = 1>
ST_1 : Operation 67 [1/1] (0.00ns)   --->   "%sext_ln1027 = sext i25 %select_ln1027_1"   --->   Operation 67 'sext' 'sext_ln1027' <Predicate = (!icmp_ln1027)> <Delay = 0.00>
ST_1 : Operation 68 [4/4] (1.82ns) (root node of the DSP)   --->   "%mul_ln1027 = mul i32 %sext_ln1027, i32 %conv_i_i530_cast"   --->   Operation 68 'mul' 'mul_ln1027' <Predicate = (!icmp_ln1027)> <Delay = 1.82> <CoreInst = "DSP48">   --->   Core 119 'DSP48' <Latency = 3> <II = 1> <Delay = 1.82> <IPBlock> <Opcode : 'mul' 'add' 'sub' 'select'> <InPorts = 0> <OutPorts = 1> <Sync> <CReg>
ST_1 : Operation 69 [1/1] (0.00ns) (grouped into LUT with out node and_ln92_1)   --->   "%tmp_1 = bitselect i1 @_ssdm_op_BitSelect.i1.i25.i32, i25 %h_in_mid1, i32 24"   --->   Operation 69 'bitselect' 'tmp_1' <Predicate = (!icmp_ln1027)> <Delay = 0.00>
ST_1 : Operation 70 [1/1] (0.00ns) (grouped into LUT with out node and_ln92_1)   --->   "%select_ln1027_2 = select i1 %icmp_ln1027_1, i1 %tmp_1, i1 %tmp"   --->   Operation 70 'select' 'select_ln1027_2' <Predicate = (!icmp_ln1027)> <Delay = 0.00> <CoreInst = "Sel">   --->   Core 73 'Sel' <Latency = 0> <II = 1> <Delay = 0.81> <FuncUnit> <Opcode : 'select'> <InPorts = 3> <OutPorts = 1>
ST_1 : Operation 71 [1/1] (0.00ns) (grouped into LUT with out node and_ln92_1)   --->   "%xor_ln1027 = xor i1 %select_ln1027_2, i1 1"   --->   Operation 71 'xor' 'xor_ln1027' <Predicate = (!icmp_ln1027)> <Delay = 0.00> <CoreInst = "LogicGate">   --->   Core 74 'LogicGate' <Latency = 0> <II = 1> <Delay = 0.80> <FuncUnit> <Opcode : 'and' 'or' 'xor'> <InPorts = 2> <OutPorts = 1>
ST_1 : Operation 72 [1/1] (2.00ns)   --->   "%notrhs_mid1 = icmp_slt  i25 %h_in_mid1, i25 %H_in_cast4_cast"   --->   Operation 72 'icmp' 'notrhs_mid1' <Predicate = (!icmp_ln1027)> <Delay = 2.00> <CoreInst = "Cmp">   --->   Core 9 'Cmp' <Latency = 0> <II = 1> <Delay = 2.00> <FuncUnit> <Opcode : 'icmp'> <InPorts = 2> <OutPorts = 1>
ST_1 : Operation 73 [1/1] (0.00ns) (grouped into LUT with out node and_ln92_1)   --->   "%select_ln1027_3 = select i1 %icmp_ln1027_1, i1 %notrhs_mid1, i1 %notrhs"   --->   Operation 73 'select' 'select_ln1027_3' <Predicate = (!icmp_ln1027)> <Delay = 0.00> <CoreInst = "Sel">   --->   Core 73 'Sel' <Latency = 0> <II = 1> <Delay = 0.81> <FuncUnit> <Opcode : 'select'> <InPorts = 3> <OutPorts = 1>
ST_1 : Operation 74 [1/1] (0.81ns) (out node of the LUT)   --->   "%and_ln92_1 = and i1 %select_ln1027_3, i1 %xor_ln1027" [../ip/ip6/pooling.cpp:92]   --->   Operation 74 'and' 'and_ln92_1' <Predicate = (!icmp_ln1027)> <Delay = 0.81> <CoreInst = "LogicGate">   --->   Core 74 'LogicGate' <Latency = 0> <II = 1> <Delay = 0.80> <FuncUnit> <Opcode : 'and' 'or' 'xor'> <InPorts = 2> <OutPorts = 1>

State 2 <SV = 1> <Delay = 1.82>
ST_2 : Operation 75 [3/4] (1.82ns) (root node of the DSP)   --->   "%mul_ln1027 = mul i32 %sext_ln1027, i32 %conv_i_i530_cast"   --->   Operation 75 'mul' 'mul_ln1027' <Predicate = (!icmp_ln1027)> <Delay = 1.82> <CoreInst = "DSP48">   --->   Core 119 'DSP48' <Latency = 3> <II = 1> <Delay = 1.82> <IPBlock> <Opcode : 'mul' 'add' 'sub' 'select'> <InPorts = 0> <OutPorts = 1> <Sync> <CReg>

State 3 <SV = 2> <Delay = 1.82>
ST_3 : Operation 76 [2/4] (1.82ns) (root node of the DSP)   --->   "%mul_ln1027 = mul i32 %sext_ln1027, i32 %conv_i_i530_cast"   --->   Operation 76 'mul' 'mul_ln1027' <Predicate = (!icmp_ln1027)> <Delay = 1.82> <CoreInst = "DSP48">   --->   Core 119 'DSP48' <Latency = 3> <II = 1> <Delay = 1.82> <IPBlock> <Opcode : 'mul' 'add' 'sub' 'select'> <InPorts = 0> <OutPorts = 1> <Sync> <CReg>

State 4 <SV = 3> <Delay = 6.27>
ST_4 : Operation 77 [1/1] (0.00ns)   --->   "%specloopname_ln0 = specloopname void @_ssdm_op_SpecLoopName, void @VITIS_LOOP_85_6_VITIS_LOOP_86_7_str"   --->   Operation 77 'specloopname' 'specloopname_ln0' <Predicate = (!icmp_ln1027)> <Delay = 0.00>
ST_4 : Operation 78 [1/1] (0.44ns)   --->   "%select_ln1027 = select i1 %icmp_ln1027_1, i8 0, i8 %kw_1_load"   --->   Operation 78 'select' 'select_ln1027' <Predicate = (!icmp_ln1027)> <Delay = 0.44> <CoreInst = "Sel">   --->   Core 73 'Sel' <Latency = 0> <II = 1> <Delay = 0.44> <FuncUnit> <Opcode : 'select'> <InPorts = 3> <OutPorts = 1>
ST_4 : Operation 79 [1/4] (0.00ns) (root node of the DSP)   --->   "%mul_ln1027 = mul i32 %sext_ln1027, i32 %conv_i_i530_cast"   --->   Operation 79 'mul' 'mul_ln1027' <Predicate = (!icmp_ln1027)> <Delay = 0.00> <CoreInst = "DSP48">   --->   Core 119 'DSP48' <Latency = 3> <II = 1> <Delay = 1.82> <IPBlock> <Opcode : 'mul' 'add' 'sub' 'select'> <InPorts = 0> <OutPorts = 1> <Sync> <CReg>
ST_4 : Operation 80 [1/1] (0.00ns)   --->   "%specpipeline_ln0 = specpipeline void @_ssdm_op_SpecPipeline, i32 4294967295, i32 0, i32 1, i32 0, void @p_str"   --->   Operation 80 'specpipeline' 'specpipeline_ln0' <Predicate = (!icmp_ln1027)> <Delay = 0.00>
ST_4 : Operation 81 [1/1] (0.44ns)   --->   "%select_ln1027_4 = select i1 %icmp_ln1027_1, i8 %add_ln85, i8 %kh_1"   --->   Operation 81 'select' 'select_ln1027_4' <Predicate = (!icmp_ln1027)> <Delay = 0.44> <CoreInst = "Sel">   --->   Core 73 'Sel' <Latency = 0> <II = 1> <Delay = 0.44> <FuncUnit> <Opcode : 'select'> <InPorts = 3> <OutPorts = 1>
ST_4 : Operation 82 [1/1] (0.00ns)   --->   "%kw_3_cast = zext i8 %select_ln1027"   --->   Operation 82 'zext' 'kw_3_cast' <Predicate = (!icmp_ln1027)> <Delay = 0.00>
ST_4 : Operation 83 [1/1] (0.00ns)   --->   "%specloopname_ln81 = specloopname void @_ssdm_op_SpecLoopName, void @empty_17" [../ip/ip6/pooling.cpp:81]   --->   Operation 83 'specloopname' 'specloopname_ln81' <Predicate = (!icmp_ln1027)> <Delay = 0.00>
ST_4 : Operation 84 [1/1] (1.71ns)   --->   "%w_in = add i25 %kw_3_cast, i25 %sub_ln1496_read" [../ip/ip6/pooling.cpp:89]   --->   Operation 84 'add' 'w_in' <Predicate = (!icmp_ln1027)> <Delay = 1.71> <CoreInst = "Adder">   --->   Core 1 'Adder' <Latency = 0> <II = 1> <Delay = 1.71> <FuncUnit> <Opcode : 'add' 'sub'> <InPorts = 2> <OutPorts = 1>
ST_4 : Operation 85 [1/1] (0.00ns)   --->   "%sext_ln89 = sext i25 %w_in" [../ip/ip6/pooling.cpp:89]   --->   Operation 85 'sext' 'sext_ln89' <Predicate = (!icmp_ln1027)> <Delay = 0.00>
ST_4 : Operation 86 [1/1] (2.00ns)   --->   "%icmp_ln92 = icmp_ult  i25 %w_in, i25 %W_in_cast5_cast" [../ip/ip6/pooling.cpp:92]   --->   Operation 86 'icmp' 'icmp_ln92' <Predicate = (!icmp_ln1027)> <Delay = 2.00> <CoreInst = "Cmp">   --->   Core 9 'Cmp' <Latency = 0> <II = 1> <Delay = 2.00> <FuncUnit> <Opcode : 'icmp'> <InPorts = 2> <OutPorts = 1>
ST_4 : Operation 87 [1/1] (0.80ns) (out node of the LUT)   --->   "%and_ln92 = and i1 %and_ln92_1, i1 %icmp_ln92" [../ip/ip6/pooling.cpp:92]   --->   Operation 87 'and' 'and_ln92' <Predicate = (!icmp_ln1027)> <Delay = 0.80> <CoreInst = "LogicGate">   --->   Core 74 'LogicGate' <Latency = 0> <II = 1> <Delay = 0.80> <FuncUnit> <Opcode : 'and' 'or' 'xor'> <InPorts = 2> <OutPorts = 1>
ST_4 : Operation 88 [1/1] (0.00ns)   --->   "%br_ln92 = br i1 %and_ln92, void %for.inc111, void %if.then99" [../ip/ip6/pooling.cpp:92]   --->   Operation 88 'br' 'br_ln92' <Predicate = (!icmp_ln1027)> <Delay = 0.00>
ST_4 : Operation 89 [1/1] (0.00ns)   --->   "%count_load_1 = load i32 %count" [../ip/ip6/pooling.cpp:98]   --->   Operation 89 'load' 'count_load_1' <Predicate = (!icmp_ln1027 & and_ln92)> <Delay = 0.00>
ST_4 : Operation 90 [1/1] (1.89ns)   --->   "%add_ln1494 = add i32 %sext_ln89, i32 %mul_ln1027"   --->   Operation 90 'add' 'add_ln1494' <Predicate = (!icmp_ln1027 & and_ln92)> <Delay = 1.89> <CoreInst = "Adder">   --->   Core 1 'Adder' <Latency = 0> <II = 1> <Delay = 1.89> <FuncUnit> <Opcode : 'add' 'sub'> <InPorts = 2> <OutPorts = 1>
ST_4 : Operation 91 [1/1] (1.89ns)   --->   "%count_1 = add i32 %count_load_1, i32 1" [../ip/ip6/pooling.cpp:98]   --->   Operation 91 'add' 'count_1' <Predicate = (!icmp_ln1027 & and_ln92)> <Delay = 1.89> <CoreInst = "Adder">   --->   Core 1 'Adder' <Latency = 0> <II = 1> <Delay = 1.89> <FuncUnit> <Opcode : 'add' 'sub'> <InPorts = 2> <OutPorts = 1>
ST_4 : Operation 92 [1/1] (1.29ns)   --->   "%store_ln99 = store i32 %count_1, i32 %count" [../ip/ip6/pooling.cpp:99]   --->   Operation 92 'store' 'store_ln99' <Predicate = (!icmp_ln1027 & and_ln92)> <Delay = 1.29>

State 5 <SV = 4> <Delay = 7.05>
ST_5 : Operation 93 [1/1] (7.05ns)   --->   "%mul_ln94 = mul i32 %add_ln1494, i32 %conv_i_i721_cast" [../ip/ip6/pooling.cpp:94]   --->   Operation 93 'mul' 'mul_ln94' <Predicate = (!icmp_ln1027 & and_ln92)> <Delay = 7.05> <CoreInst = "Multiplier">   --->   Core 3 'Multiplier' <Latency = 0> <II = 1> <Delay = 7.05> <FuncUnit> <Opcode : 'mul'> <InPorts = 2> <OutPorts = 1>
ST_5 : Operation 94 [1/1] (1.30ns)   --->   "%kw = add i8 %select_ln1027, i8 1" [../ip/ip6/pooling.cpp:86]   --->   Operation 94 'add' 'kw' <Predicate = (!icmp_ln1027)> <Delay = 1.30> <CoreInst = "Adder">   --->   Core 1 'Adder' <Latency = 0> <II = 1> <Delay = 1.30> <FuncUnit> <Opcode : 'add' 'sub'> <InPorts = 2> <OutPorts = 1>
ST_5 : Operation 95 [1/1] (1.29ns)   --->   "%store_ln86 = store i16 %add_ln1027, i16 %indvar_flatten10" [../ip/ip6/pooling.cpp:86]   --->   Operation 95 'store' 'store_ln86' <Predicate = (!icmp_ln1027)> <Delay = 1.29>
ST_5 : Operation 96 [1/1] (1.29ns)   --->   "%store_ln86 = store i8 %select_ln1027_4, i8 %kh" [../ip/ip6/pooling.cpp:86]   --->   Operation 96 'store' 'store_ln86' <Predicate = (!icmp_ln1027)> <Delay = 1.29>
ST_5 : Operation 97 [1/1] (1.29ns)   --->   "%store_ln86 = store i8 %kw, i8 %kw_1" [../ip/ip6/pooling.cpp:86]   --->   Operation 97 'store' 'store_ln86' <Predicate = (!icmp_ln1027)> <Delay = 1.29>
ST_5 : Operation 98 [1/1] (0.00ns)   --->   "%br_ln86 = br void %for.body79" [../ip/ip6/pooling.cpp:86]   --->   Operation 98 'br' 'br_ln86' <Predicate = (!icmp_ln1027)> <Delay = 0.00>

State 6 <SV = 5> <Delay = 4.58>
ST_6 : Operation 99 [1/1] (1.89ns)   --->   "%in_offset = add i32 %mul_ln94, i32 %zext_ln1633_cast" [../ip/ip6/pooling.cpp:94]   --->   Operation 99 'add' 'in_offset' <Predicate = (and_ln92)> <Delay = 1.89> <CoreInst = "Adder">   --->   Core 1 'Adder' <Latency = 0> <II = 1> <Delay = 1.89> <FuncUnit> <Opcode : 'add' 'sub'> <InPorts = 2> <OutPorts = 1>
ST_6 : Operation 100 [1/1] (0.00ns)   --->   "%shl_ln2 = bitconcatenate i34 @_ssdm_op_BitConcatenate.i34.i32.i2, i32 %in_offset, i2 0" [../ip/ip6/pooling.cpp:97]   --->   Operation 100 'bitconcatenate' 'shl_ln2' <Predicate = (and_ln92)> <Delay = 0.00>
ST_6 : Operation 101 [1/1] (0.00ns)   --->   "%sext_ln97 = sext i34 %shl_ln2" [../ip/ip6/pooling.cpp:97]   --->   Operation 101 'sext' 'sext_ln97' <Predicate = (and_ln92)> <Delay = 0.00>
ST_6 : Operation 102 [1/1] (2.69ns)   --->   "%add_ln97 = add i64 %sext_ln97, i64 %feature_in_read" [../ip/ip6/pooling.cpp:97]   --->   Operation 102 'add' 'add_ln97' <Predicate = (and_ln92)> <Delay = 2.69> <CoreInst = "Adder">   --->   Core 1 'Adder' <Latency = 0> <II = 1> <Delay = 2.69> <FuncUnit> <Opcode : 'add' 'sub'> <InPorts = 2> <OutPorts = 1>
ST_6 : Operation 103 [1/1] (0.00ns)   --->   "%trunc_ln2 = partselect i62 @_ssdm_op_PartSelect.i62.i64.i32.i32, i64 %add_ln97, i32 2, i32 63" [../ip/ip6/pooling.cpp:97]   --->   Operation 103 'partselect' 'trunc_ln2' <Predicate = (and_ln92)> <Delay = 0.00>
ST_6 : Operation 104 [1/1] (0.00ns)   --->   "%sext_ln97_1 = sext i62 %trunc_ln2" [../ip/ip6/pooling.cpp:97]   --->   Operation 104 'sext' 'sext_ln97_1' <Predicate = (and_ln92)> <Delay = 0.00>
ST_6 : Operation 105 [1/1] (0.00ns)   --->   "%gmem0_addr = getelementptr i32 %gmem0, i64 %sext_ln97_1" [../ip/ip6/pooling.cpp:97]   --->   Operation 105 'getelementptr' 'gmem0_addr' <Predicate = (and_ln92)> <Delay = 0.00>

State 7 <SV = 6> <Delay = 7.30>
ST_7 : Operation 106 [7/7] (7.30ns)   --->   "%gmem0_load_req = readreq i1 @_ssdm_op_ReadReq.m_axi.i32P1A, i32 %gmem0_addr, i32 1" [../ip/ip6/pooling.cpp:97]   --->   Operation 106 'readreq' 'gmem0_load_req' <Predicate = (and_ln92)> <Delay = 7.30> <CoreInst = "m_axi">   --->   Core 113 'm_axi' <Latency = 0> <II = 1> <Delay = 1.00> <Adapter> <Opcode : 'read' 'write' 'readreq' 'writereq' 'writeresp'>

State 8 <SV = 7> <Delay = 7.30>
ST_8 : Operation 107 [6/7] (7.30ns)   --->   "%gmem0_load_req = readreq i1 @_ssdm_op_ReadReq.m_axi.i32P1A, i32 %gmem0_addr, i32 1" [../ip/ip6/pooling.cpp:97]   --->   Operation 107 'readreq' 'gmem0_load_req' <Predicate = (and_ln92)> <Delay = 7.30> <CoreInst = "m_axi">   --->   Core 113 'm_axi' <Latency = 0> <II = 1> <Delay = 1.00> <Adapter> <Opcode : 'read' 'write' 'readreq' 'writereq' 'writeresp'>

State 9 <SV = 8> <Delay = 7.30>
ST_9 : Operation 108 [5/7] (7.30ns)   --->   "%gmem0_load_req = readreq i1 @_ssdm_op_ReadReq.m_axi.i32P1A, i32 %gmem0_addr, i32 1" [../ip/ip6/pooling.cpp:97]   --->   Operation 108 'readreq' 'gmem0_load_req' <Predicate = (and_ln92)> <Delay = 7.30> <CoreInst = "m_axi">   --->   Core 113 'm_axi' <Latency = 0> <II = 1> <Delay = 1.00> <Adapter> <Opcode : 'read' 'write' 'readreq' 'writereq' 'writeresp'>

State 10 <SV = 9> <Delay = 7.30>
ST_10 : Operation 109 [4/7] (7.30ns)   --->   "%gmem0_load_req = readreq i1 @_ssdm_op_ReadReq.m_axi.i32P1A, i32 %gmem0_addr, i32 1" [../ip/ip6/pooling.cpp:97]   --->   Operation 109 'readreq' 'gmem0_load_req' <Predicate = (and_ln92)> <Delay = 7.30> <CoreInst = "m_axi">   --->   Core 113 'm_axi' <Latency = 0> <II = 1> <Delay = 1.00> <Adapter> <Opcode : 'read' 'write' 'readreq' 'writereq' 'writeresp'>

State 11 <SV = 10> <Delay = 7.30>
ST_11 : Operation 110 [3/7] (7.30ns)   --->   "%gmem0_load_req = readreq i1 @_ssdm_op_ReadReq.m_axi.i32P1A, i32 %gmem0_addr, i32 1" [../ip/ip6/pooling.cpp:97]   --->   Operation 110 'readreq' 'gmem0_load_req' <Predicate = (and_ln92)> <Delay = 7.30> <CoreInst = "m_axi">   --->   Core 113 'm_axi' <Latency = 0> <II = 1> <Delay = 1.00> <Adapter> <Opcode : 'read' 'write' 'readreq' 'writereq' 'writeresp'>

State 12 <SV = 11> <Delay = 7.30>
ST_12 : Operation 111 [2/7] (7.30ns)   --->   "%gmem0_load_req = readreq i1 @_ssdm_op_ReadReq.m_axi.i32P1A, i32 %gmem0_addr, i32 1" [../ip/ip6/pooling.cpp:97]   --->   Operation 111 'readreq' 'gmem0_load_req' <Predicate = (and_ln92)> <Delay = 7.30> <CoreInst = "m_axi">   --->   Core 113 'm_axi' <Latency = 0> <II = 1> <Delay = 1.00> <Adapter> <Opcode : 'read' 'write' 'readreq' 'writereq' 'writeresp'>

State 13 <SV = 12> <Delay = 7.30>
ST_13 : Operation 112 [1/7] (7.30ns)   --->   "%gmem0_load_req = readreq i1 @_ssdm_op_ReadReq.m_axi.i32P1A, i32 %gmem0_addr, i32 1" [../ip/ip6/pooling.cpp:97]   --->   Operation 112 'readreq' 'gmem0_load_req' <Predicate = (and_ln92)> <Delay = 7.30> <CoreInst = "m_axi">   --->   Core 113 'm_axi' <Latency = 0> <II = 1> <Delay = 1.00> <Adapter> <Opcode : 'read' 'write' 'readreq' 'writereq' 'writeresp'>

State 14 <SV = 13> <Delay = 7.30>
ST_14 : Operation 113 [1/1] (7.30ns)   --->   "%gmem0_addr_read = read i32 @_ssdm_op_Read.m_axi.i32P1A, i32 %gmem0_addr" [../ip/ip6/pooling.cpp:97]   --->   Operation 113 'read' 'gmem0_addr_read' <Predicate = (and_ln92)> <Delay = 7.30> <CoreInst = "m_axi">   --->   Core 113 'm_axi' <Latency = 0> <II = 1> <Delay = 1.00> <Adapter> <Opcode : 'read' 'write' 'readreq' 'writereq' 'writeresp'>

State 15 <SV = 14> <Delay = 6.32>
ST_15 : Operation 114 [1/1] (0.00ns)   --->   "%sum_load_1 = load i32 %sum" [../ip/ip6/pooling.cpp:97]   --->   Operation 114 'load' 'sum_load_1' <Predicate = (and_ln92)> <Delay = 0.00>
ST_15 : Operation 115 [1/1] (0.00ns)   --->   "%bitcast_ln97 = bitcast i32 %gmem0_addr_read" [../ip/ip6/pooling.cpp:97]   --->   Operation 115 'bitcast' 'bitcast_ln97' <Predicate = (and_ln92)> <Delay = 0.00>
ST_15 : Operation 116 [5/5] (6.32ns)   --->   "%sum_1 = fadd i32 %sum_load_1, i32 %bitcast_ln97" [../ip/ip6/pooling.cpp:97]   --->   Operation 116 'fadd' 'sum_1' <Predicate = (and_ln92)> <Delay = 6.32> <CoreInst = "FAddSub_fulldsp">   --->   Core 18 'FAddSub_fulldsp' <Latency = 4> <II = 1> <Delay = 6.32> <FuncUnit> <Opcode : 'fadd' 'fsub'> <InPorts = 2> <OutPorts = 1>
ST_15 : Operation 123 [1/1] (0.00ns)   --->   "%sum_load = load i32 %sum"   --->   Operation 123 'load' 'sum_load' <Predicate = (icmp_ln1027)> <Delay = 0.00>
ST_15 : Operation 124 [1/1] (0.00ns)   --->   "%count_load = load i32 %count"   --->   Operation 124 'load' 'count_load' <Predicate = (icmp_ln1027)> <Delay = 0.00>
ST_15 : Operation 125 [1/1] (0.00ns)   --->   "%write_ln0 = write void @_ssdm_op_Write.ap_auto.i32P0A, i32 %count_1_out, i32 %count_load"   --->   Operation 125 'write' 'write_ln0' <Predicate = (icmp_ln1027)> <Delay = 0.00>
ST_15 : Operation 126 [1/1] (0.00ns)   --->   "%write_ln0 = write void @_ssdm_op_Write.ap_auto.floatP0A, i32 %sum_1_out, i32 %sum_load"   --->   Operation 126 'write' 'write_ln0' <Predicate = (icmp_ln1027)> <Delay = 0.00>
ST_15 : Operation 127 [1/1] (0.00ns)   --->   "%ret_ln0 = ret"   --->   Operation 127 'ret' 'ret_ln0' <Predicate = (icmp_ln1027)> <Delay = 0.00>

State 16 <SV = 15> <Delay = 6.32>
ST_16 : Operation 117 [4/5] (6.32ns)   --->   "%sum_1 = fadd i32 %sum_load_1, i32 %bitcast_ln97" [../ip/ip6/pooling.cpp:97]   --->   Operation 117 'fadd' 'sum_1' <Predicate = (and_ln92)> <Delay = 6.32> <CoreInst = "FAddSub_fulldsp">   --->   Core 18 'FAddSub_fulldsp' <Latency = 4> <II = 1> <Delay = 6.32> <FuncUnit> <Opcode : 'fadd' 'fsub'> <InPorts = 2> <OutPorts = 1>

State 17 <SV = 16> <Delay = 6.32>
ST_17 : Operation 118 [3/5] (6.32ns)   --->   "%sum_1 = fadd i32 %sum_load_1, i32 %bitcast_ln97" [../ip/ip6/pooling.cpp:97]   --->   Operation 118 'fadd' 'sum_1' <Predicate = (and_ln92)> <Delay = 6.32> <CoreInst = "FAddSub_fulldsp">   --->   Core 18 'FAddSub_fulldsp' <Latency = 4> <II = 1> <Delay = 6.32> <FuncUnit> <Opcode : 'fadd' 'fsub'> <InPorts = 2> <OutPorts = 1>

State 18 <SV = 17> <Delay = 6.32>
ST_18 : Operation 119 [2/5] (6.32ns)   --->   "%sum_1 = fadd i32 %sum_load_1, i32 %bitcast_ln97" [../ip/ip6/pooling.cpp:97]   --->   Operation 119 'fadd' 'sum_1' <Predicate = (and_ln92)> <Delay = 6.32> <CoreInst = "FAddSub_fulldsp">   --->   Core 18 'FAddSub_fulldsp' <Latency = 4> <II = 1> <Delay = 6.32> <FuncUnit> <Opcode : 'fadd' 'fsub'> <InPorts = 2> <OutPorts = 1>

State 19 <SV = 18> <Delay = 6.32>
ST_19 : Operation 120 [1/5] (6.32ns)   --->   "%sum_1 = fadd i32 %sum_load_1, i32 %bitcast_ln97" [../ip/ip6/pooling.cpp:97]   --->   Operation 120 'fadd' 'sum_1' <Predicate = (and_ln92)> <Delay = 6.32> <CoreInst = "FAddSub_fulldsp">   --->   Core 18 'FAddSub_fulldsp' <Latency = 4> <II = 1> <Delay = 6.32> <FuncUnit> <Opcode : 'fadd' 'fsub'> <InPorts = 2> <OutPorts = 1>

State 20 <SV = 19> <Delay = 1.29>
ST_20 : Operation 121 [1/1] (1.29ns)   --->   "%store_ln99 = store i32 %sum_1, i32 %sum" [../ip/ip6/pooling.cpp:99]   --->   Operation 121 'store' 'store_ln99' <Predicate = (and_ln92)> <Delay = 1.29>
ST_20 : Operation 122 [1/1] (0.00ns)   --->   "%br_ln99 = br void %for.inc111" [../ip/ip6/pooling.cpp:99]   --->   Operation 122 'br' 'br_ln99' <Predicate = (and_ln92)> <Delay = 0.00>


============================================================
+ Verbose Summary: Binding
============================================================
STG Binding: 
---------------- STG Properties BEGIN ----------------
- Is combinational: 0
- Is one-state seq: 0
- Is datapath-only: 0
- Is pipelined: 0
- Is top level: 0
Port [ Return ] is wired: 1; IO mode=ap_ctrl_hs:ce=0
Port [ gmem0]:  wired=1; compound=1; hidden=0; nouse=0; global=0; static=0; extern=0; dir=0; type=4; pingpong=0; private_global=0; IO mode=m_axi:ce=0
Port [ sub_ln1027]:  wired=1; compound=0; hidden=0; nouse=0; global=0; static=0; extern=0; dir=0; type=0; pingpong=0; private_global=0; IO mode=ap_none:ce=0
Port [ H_in_cast4]:  wired=1; compound=0; hidden=0; nouse=0; global=0; static=0; extern=0; dir=0; type=0; pingpong=0; private_global=0; IO mode=ap_none:ce=0
Port [ mul_ln15]:  wired=1; compound=0; hidden=0; nouse=0; global=0; static=0; extern=0; dir=0; type=0; pingpong=0; private_global=0; IO mode=ap_none:ce=0
Port [ kernel_size]:  wired=1; compound=0; hidden=0; nouse=0; global=0; static=0; extern=0; dir=0; type=0; pingpong=0; private_global=0; IO mode=ap_none:ce=0
Port [ conv_i_i530]:  wired=1; compound=0; hidden=0; nouse=0; global=0; static=0; extern=0; dir=0; type=0; pingpong=0; private_global=0; IO mode=ap_none:ce=0
Port [ sub_ln1496]:  wired=1; compound=0; hidden=0; nouse=0; global=0; static=0; extern=0; dir=0; type=0; pingpong=0; private_global=0; IO mode=ap_none:ce=0
Port [ W_in_cast5]:  wired=1; compound=0; hidden=0; nouse=0; global=0; static=0; extern=0; dir=0; type=0; pingpong=0; private_global=0; IO mode=ap_none:ce=0
Port [ conv_i_i721]:  wired=1; compound=0; hidden=0; nouse=0; global=0; static=0; extern=0; dir=0; type=0; pingpong=0; private_global=0; IO mode=ap_none:ce=0
Port [ zext_ln1633]:  wired=1; compound=0; hidden=0; nouse=0; global=0; static=0; extern=0; dir=0; type=0; pingpong=0; private_global=0; IO mode=ap_none:ce=0
Port [ feature_in]:  wired=1; compound=0; hidden=0; nouse=0; global=0; static=0; extern=0; dir=0; type=0; pingpong=0; private_global=0; IO mode=ap_none:ce=0
Port [ count_1_out]:  wired=1; compound=0; hidden=0; nouse=0; global=0; static=0; extern=0; dir=1; type=0; pingpong=0; private_global=0; IO mode=ap_vld:ce=0
Port [ sum_1_out]:  wired=1; compound=0; hidden=0; nouse=0; global=0; static=0; extern=0; dir=1; type=0; pingpong=0; private_global=0; IO mode=ap_vld:ce=0
---------------- STG Properties END ------------------

---------------- Datapath Model BEGIN ----------------

<LifeTime>
<method=bitvector/>
kw_1                  (alloca        ) [ 011111000000000000000]
kh                    (alloca        ) [ 011111000000000000000]
indvar_flatten10      (alloca        ) [ 011111000000000000000]
sum                   (alloca        ) [ 011111111111111111111]
count                 (alloca        ) [ 011111111111111100000]
feature_in_read       (read          ) [ 011111100000000000000]
zext_ln1633_read      (read          ) [ 000000000000000000000]
conv_i_i721_read      (read          ) [ 000000000000000000000]
W_in_cast5_read       (read          ) [ 000000000000000000000]
sub_ln1496_read       (read          ) [ 001110000000000000000]
conv_i_i530_read      (read          ) [ 000000000000000000000]
kernel_size_read      (read          ) [ 000000000000000000000]
mul_ln15_read         (read          ) [ 000000000000000000000]
H_in_cast4_read       (read          ) [ 000000000000000000000]
sub_ln1027_read       (read          ) [ 000000000000000000000]
zext_ln1633_cast      (zext          ) [ 011111100000000000000]
conv_i_i721_cast      (zext          ) [ 001111000000000000000]
W_in_cast5_cast       (zext          ) [ 001110000000000000000]
conv_i_i530_cast      (zext          ) [ 001110000000000000000]
H_in_cast4_cast       (zext          ) [ 000000000000000000000]
specinterface_ln0     (specinterface ) [ 000000000000000000000]
store_ln0             (store         ) [ 000000000000000000000]
store_ln0             (store         ) [ 000000000000000000000]
store_ln0             (store         ) [ 000000000000000000000]
store_ln0             (store         ) [ 000000000000000000000]
store_ln0             (store         ) [ 000000000000000000000]
br_ln0                (br            ) [ 000000000000000000000]
kh_1                  (load          ) [ 001110000000000000000]
indvar_flatten10_load (load          ) [ 000000000000000000000]
specbitsmap_ln0       (specbitsmap   ) [ 000000000000000000000]
zext_ln1027           (zext          ) [ 000000000000000000000]
h_in                  (add           ) [ 000000000000000000000]
tmp                   (bitselect     ) [ 000000000000000000000]
notrhs                (icmp          ) [ 000000000000000000000]
specpipeline_ln0      (specpipeline  ) [ 000000000000000000000]
icmp_ln1027           (icmp          ) [ 011111111111111100000]
add_ln1027            (add           ) [ 001111000000000000000]
br_ln1027             (br            ) [ 000000000000000000000]
kw_1_load             (load          ) [ 001110000000000000000]
icmp_ln1027_1         (icmp          ) [ 001110000000000000000]
add_ln85              (add           ) [ 001110000000000000000]
zext_ln1027_1         (zext          ) [ 000000000000000000000]
h_in_mid1             (add           ) [ 000000000000000000000]
select_ln1027_1       (select        ) [ 000000000000000000000]
sext_ln1027           (sext          ) [ 001110000000000000000]
tmp_1                 (bitselect     ) [ 000000000000000000000]
select_ln1027_2       (select        ) [ 000000000000000000000]
xor_ln1027            (xor           ) [ 000000000000000000000]
notrhs_mid1           (icmp          ) [ 000000000000000000000]
select_ln1027_3       (select        ) [ 000000000000000000000]
and_ln92_1            (and           ) [ 001110000000000000000]
specloopname_ln0      (specloopname  ) [ 000000000000000000000]
select_ln1027         (select        ) [ 000001000000000000000]
mul_ln1027            (mul           ) [ 000000000000000000000]
specpipeline_ln0      (specpipeline  ) [ 000000000000000000000]
select_ln1027_4       (select        ) [ 000001000000000000000]
kw_3_cast             (zext          ) [ 000000000000000000000]
specloopname_ln81     (specloopname  ) [ 000000000000000000000]
w_in                  (add           ) [ 000000000000000000000]
sext_ln89             (sext          ) [ 000000000000000000000]
icmp_ln92             (icmp          ) [ 000000000000000000000]
and_ln92              (and           ) [ 011111111111111111111]
br_ln92               (br            ) [ 000000000000000000000]
count_load_1          (load          ) [ 000000000000000000000]
add_ln1494            (add           ) [ 000001000000000000000]
count_1               (add           ) [ 000000000000000000000]
store_ln99            (store         ) [ 000000000000000000000]
mul_ln94              (mul           ) [ 010000100000000000000]
kw                    (add           ) [ 000000000000000000000]
store_ln86            (store         ) [ 000000000000000000000]
store_ln86            (store         ) [ 000000000000000000000]
store_ln86            (store         ) [ 000000000000000000000]
br_ln86               (br            ) [ 000000000000000000000]
in_offset             (add           ) [ 000000000000000000000]
shl_ln2               (bitconcatenate) [ 000000000000000000000]
sext_ln97             (sext          ) [ 000000000000000000000]
add_ln97              (add           ) [ 000000000000000000000]
trunc_ln2             (partselect    ) [ 000000000000000000000]
sext_ln97_1           (sext          ) [ 000000000000000000000]
gmem0_addr            (getelementptr ) [ 011111011111111000000]
gmem0_load_req        (readreq       ) [ 000000000000000000000]
gmem0_addr_read       (read          ) [ 000001000000000100000]
sum_load_1            (load          ) [ 011110000000000011110]
bitcast_ln97          (bitcast       ) [ 011110000000000011110]
sum_1                 (fadd          ) [ 000001000000000000001]
store_ln99            (store         ) [ 000000000000000000000]
br_ln99               (br            ) [ 000000000000000000000]
sum_load              (load          ) [ 000000000000000000000]
count_load            (load          ) [ 000000000000000000000]
write_ln0             (write         ) [ 000000000000000000000]
write_ln0             (write         ) [ 000000000000000000000]
ret_ln0               (ret           ) [ 000000000000000000000]
</LifeTime>

<model>

<comp_list>
<comp id="0" class="1000" name="gmem0">
<pin_list>
<pin id="1" dir="1" index="0" bw="1" slack="0"/>
</pin_list>
<bind>
<StgValue><ssdm name="gmem0"/></StgValue>
</bind>
</comp>

<comp id="2" class="1000" name="sub_ln1027">
<pin_list>
<pin id="3" dir="1" index="0" bw="1" slack="0"/>
</pin_list>
<bind>
<StgValue><ssdm name="sub_ln1027"/></StgValue>
</bind>
</comp>

<comp id="4" class="1000" name="H_in_cast4">
<pin_list>
<pin id="5" dir="1" index="0" bw="1" slack="0"/>
</pin_list>
<bind>
<StgValue><ssdm name="H_in_cast4"/></StgValue>
</bind>
</comp>

<comp id="6" class="1000" name="mul_ln15">
<pin_list>
<pin id="7" dir="1" index="0" bw="1" slack="0"/>
</pin_list>
<bind>
<StgValue><ssdm name="mul_ln15"/></StgValue>
</bind>
</comp>

<comp id="8" class="1000" name="kernel_size">
<pin_list>
<pin id="9" dir="1" index="0" bw="1" slack="0"/>
</pin_list>
<bind>
<StgValue><ssdm name="kernel_size"/></StgValue>
</bind>
</comp>

<comp id="10" class="1000" name="conv_i_i530">
<pin_list>
<pin id="11" dir="1" index="0" bw="1" slack="0"/>
</pin_list>
<bind>
<StgValue><ssdm name="conv_i_i530"/></StgValue>
</bind>
</comp>

<comp id="12" class="1000" name="sub_ln1496">
<pin_list>
<pin id="13" dir="1" index="0" bw="1" slack="0"/>
</pin_list>
<bind>
<StgValue><ssdm name="sub_ln1496"/></StgValue>
</bind>
</comp>

<comp id="14" class="1000" name="W_in_cast5">
<pin_list>
<pin id="15" dir="1" index="0" bw="1" slack="0"/>
</pin_list>
<bind>
<StgValue><ssdm name="W_in_cast5"/></StgValue>
</bind>
</comp>

<comp id="16" class="1000" name="conv_i_i721">
<pin_list>
<pin id="17" dir="1" index="0" bw="1" slack="0"/>
</pin_list>
<bind>
<StgValue><ssdm name="conv_i_i721"/></StgValue>
</bind>
</comp>

<comp id="18" class="1000" name="zext_ln1633">
<pin_list>
<pin id="19" dir="1" index="0" bw="1" slack="0"/>
</pin_list>
<bind>
<StgValue><ssdm name="zext_ln1633"/></StgValue>
</bind>
</comp>

<comp id="20" class="1000" name="feature_in">
<pin_list>
<pin id="21" dir="1" index="0" bw="1" slack="0"/>
</pin_list>
<bind>
<StgValue><ssdm name="feature_in"/></StgValue>
</bind>
</comp>

<comp id="22" class="1000" name="count_1_out">
<pin_list>
<pin id="23" dir="1" index="0" bw="1" slack="0"/>
</pin_list>
<bind>
<StgValue><ssdm name="count_1_out"/></StgValue>
</bind>
</comp>

<comp id="24" class="1000" name="sum_1_out">
<pin_list>
<pin id="25" dir="1" index="0" bw="1" slack="0"/>
</pin_list>
<bind>
<StgValue><ssdm name="sum_1_out"/></StgValue>
</bind>
</comp>

<comp id="26" class="1001" name="const_26">
<pin_list>
<pin id="27" dir="1" index="0" bw="1" slack="0"/>
</pin_list>
<bind>
<StgValue><ssdm name=""/></StgValue>
</bind>
</comp>

<comp id="28" class="1001" name="const_28">
<pin_list>
<pin id="29" dir="1" index="0" bw="1" slack="0"/>
</pin_list>
<bind>
<StgValue><ssdm name="_ssdm_op_Read.ap_auto.i64"/></StgValue>
</bind>
</comp>

<comp id="30" class="1001" name="const_30">
<pin_list>
<pin id="31" dir="1" index="0" bw="1" slack="0"/>
</pin_list>
<bind>
<StgValue><ssdm name="_ssdm_op_Read.ap_auto.i16"/></StgValue>
</bind>
</comp>

<comp id="32" class="1001" name="const_32">
<pin_list>
<pin id="33" dir="1" index="0" bw="1" slack="0"/>
</pin_list>
<bind>
<StgValue><ssdm name="_ssdm_op_Read.ap_auto.i25"/></StgValue>
</bind>
</comp>

<comp id="34" class="1001" name="const_34">
<pin_list>
<pin id="35" dir="1" index="0" bw="1" slack="0"/>
</pin_list>
<bind>
<StgValue><ssdm name="_ssdm_op_Read.ap_auto.i8"/></StgValue>
</bind>
</comp>

<comp id="36" class="1001" name="const_36">
<pin_list>
<pin id="37" dir="1" index="0" bw="1" slack="2147483647"/>
</pin_list>
<bind>
<StgValue><ssdm name="_ssdm_op_SpecInterface"/></StgValue>
</bind>
</comp>

<comp id="38" class="1001" name="const_38">
<pin_list>
<pin id="39" dir="1" index="0" bw="1" slack="2147483647"/>
</pin_list>
<bind>
<StgValue><ssdm name="empty"/></StgValue>
</bind>
</comp>

<comp id="40" class="1001" name="const_40">
<pin_list>
<pin id="41" dir="1" index="0" bw="1" slack="0"/>
</pin_list>
<bind>
<StgValue><ssdm name=""/></StgValue>
</bind>
</comp>

<comp id="42" class="1001" name="const_42">
<pin_list>
<pin id="43" dir="1" index="0" bw="1" slack="2147483647"/>
</pin_list>
<bind>
<StgValue><ssdm name="empty_0"/></StgValue>
</bind>
</comp>

<comp id="44" class="1001" name="const_44">
<pin_list>
<pin id="45" dir="1" index="0" bw="1" slack="2147483647"/>
</pin_list>
<bind>
<StgValue><ssdm name=""/></StgValue>
</bind>
</comp>

<comp id="46" class="1001" name="const_46">
<pin_list>
<pin id="47" dir="1" index="0" bw="1" slack="2147483647"/>
</pin_list>
<bind>
<StgValue><ssdm name="empty_1"/></StgValue>
</bind>
</comp>

<comp id="48" class="1001" name="const_48">
<pin_list>
<pin id="49" dir="1" index="0" bw="1" slack="2147483647"/>
</pin_list>
<bind>
<StgValue><ssdm name="empty_2"/></StgValue>
</bind>
</comp>

<comp id="50" class="1001" name="const_50">
<pin_list>
<pin id="51" dir="1" index="0" bw="1" slack="2147483647"/>
</pin_list>
<bind>
<StgValue><ssdm name=""/></StgValue>
</bind>
</comp>

<comp id="52" class="1001" name="const_52">
<pin_list>
<pin id="53" dir="1" index="0" bw="1" slack="2147483647"/>
</pin_list>
<bind>
<StgValue><ssdm name=""/></StgValue>
</bind>
</comp>

<comp id="54" class="1001" name="const_54">
<pin_list>
<pin id="55" dir="1" index="0" bw="1" slack="0"/>
</pin_list>
<bind>
<StgValue><ssdm name=""/></StgValue>
</bind>
</comp>

<comp id="56" class="1001" name="const_56">
<pin_list>
<pin id="57" dir="1" index="0" bw="1" slack="0"/>
</pin_list>
<bind>
<StgValue><ssdm name=""/></StgValue>
</bind>
</comp>

<comp id="58" class="1001" name="const_58">
<pin_list>
<pin id="59" dir="1" index="0" bw="1" slack="0"/>
</pin_list>
<bind>
<StgValue><ssdm name=""/></StgValue>
</bind>
</comp>

<comp id="60" class="1001" name="const_60">
<pin_list>
<pin id="61" dir="1" index="0" bw="1" slack="2147483647"/>
</pin_list>
<bind>
<StgValue><ssdm name="_ssdm_op_SpecBitsMap"/></StgValue>
</bind>
</comp>

<comp id="62" class="1001" name="const_62">
<pin_list>
<pin id="63" dir="1" index="0" bw="1" slack="0"/>
</pin_list>
<bind>
<StgValue><ssdm name="_ssdm_op_BitSelect.i1.i25.i32"/></StgValue>
</bind>
</comp>

<comp id="64" class="1001" name="const_64">
<pin_list>
<pin id="65" dir="1" index="0" bw="1" slack="0"/>
</pin_list>
<bind>
<StgValue><ssdm name=""/></StgValue>
</bind>
</comp>

<comp id="66" class="1001" name="const_66">
<pin_list>
<pin id="67" dir="1" index="0" bw="1" slack="2147483647"/>
</pin_list>
<bind>
<StgValue><ssdm name="_ssdm_op_SpecPipeline"/></StgValue>
</bind>
</comp>

<comp id="68" class="1001" name="const_68">
<pin_list>
<pin id="69" dir="1" index="0" bw="1" slack="2147483647"/>
</pin_list>
<bind>
<StgValue><ssdm name="p_str"/></StgValue>
</bind>
</comp>

<comp id="70" class="1001" name="const_70">
<pin_list>
<pin id="71" dir="1" index="0" bw="1" slack="0"/>
</pin_list>
<bind>
<StgValue><ssdm name=""/></StgValue>
</bind>
</comp>

<comp id="72" class="1001" name="const_72">
<pin_list>
<pin id="73" dir="1" index="0" bw="1" slack="0"/>
</pin_list>
<bind>
<StgValue><ssdm name=""/></StgValue>
</bind>
</comp>

<comp id="74" class="1001" name="const_74">
<pin_list>
<pin id="75" dir="1" index="0" bw="1" slack="0"/>
</pin_list>
<bind>
<StgValue><ssdm name=""/></StgValue>
</bind>
</comp>

<comp id="76" class="1001" name="const_76">
<pin_list>
<pin id="77" dir="1" index="0" bw="1" slack="2147483647"/>
</pin_list>
<bind>
<StgValue><ssdm name="_ssdm_op_SpecLoopName"/></StgValue>
</bind>
</comp>

<comp id="78" class="1001" name="const_78">
<pin_list>
<pin id="79" dir="1" index="0" bw="1" slack="2147483647"/>
</pin_list>
<bind>
<StgValue><ssdm name="VITIS_LOOP_85_6_VITIS_LOOP_86_7_str"/></StgValue>
</bind>
</comp>

<comp id="80" class="1001" name="const_80">
<pin_list>
<pin id="81" dir="1" index="0" bw="1" slack="2147483647"/>
</pin_list>
<bind>
<StgValue><ssdm name="empty_17"/></StgValue>
</bind>
</comp>

<comp id="82" class="1001" name="const_82">
<pin_list>
<pin id="83" dir="1" index="0" bw="1" slack="0"/>
</pin_list>
<bind>
<StgValue><ssdm name="_ssdm_op_BitConcatenate.i34.i32.i2"/></StgValue>
</bind>
</comp>

<comp id="84" class="1001" name="const_84">
<pin_list>
<pin id="85" dir="1" index="0" bw="1" slack="0"/>
</pin_list>
<bind>
<StgValue><ssdm name=""/></StgValue>
</bind>
</comp>

<comp id="86" class="1001" name="const_86">
<pin_list>
<pin id="87" dir="1" index="0" bw="1" slack="0"/>
</pin_list>
<bind>
<StgValue><ssdm name="_ssdm_op_PartSelect.i62.i64.i32.i32"/></StgValue>
</bind>
</comp>

<comp id="88" class="1001" name="const_88">
<pin_list>
<pin id="89" dir="1" index="0" bw="1" slack="0"/>
</pin_list>
<bind>
<StgValue><ssdm name=""/></StgValue>
</bind>
</comp>

<comp id="90" class="1001" name="const_90">
<pin_list>
<pin id="91" dir="1" index="0" bw="1" slack="0"/>
</pin_list>
<bind>
<StgValue><ssdm name=""/></StgValue>
</bind>
</comp>

<comp id="92" class="1001" name="const_92">
<pin_list>
<pin id="93" dir="1" index="0" bw="1" slack="0"/>
</pin_list>
<bind>
<StgValue><ssdm name="_ssdm_op_ReadReq.m_axi.i32P1A"/></StgValue>
</bind>
</comp>

<comp id="94" class="1001" name="const_94">
<pin_list>
<pin id="95" dir="1" index="0" bw="1" slack="0"/>
</pin_list>
<bind>
<StgValue><ssdm name="_ssdm_op_Read.m_axi.i32P1A"/></StgValue>
</bind>
</comp>

<comp id="96" class="1001" name="const_96">
<pin_list>
<pin id="97" dir="1" index="0" bw="1" slack="0"/>
</pin_list>
<bind>
<StgValue><ssdm name="_ssdm_op_Write.ap_auto.i32P0A"/></StgValue>
</bind>
</comp>

<comp id="98" class="1001" name="const_98">
<pin_list>
<pin id="99" dir="1" index="0" bw="1" slack="0"/>
</pin_list>
<bind>
<StgValue><ssdm name="_ssdm_op_Write.ap_auto.floatP0A"/></StgValue>
</bind>
</comp>

<comp id="100" class="1004" name="kw_1_fu_100">
<pin_list>
<pin id="101" dir="0" index="0" bw="1" slack="0"/>
<pin id="102" dir="1" index="1" bw="8" slack="0"/>
</pin_list>
<bind>
<opcode="alloca(26) " fcode="alloca"/>
<opset="kw_1/1 "/>
</bind>
</comp>

<comp id="104" class="1004" name="kh_fu_104">
<pin_list>
<pin id="105" dir="0" index="0" bw="1" slack="0"/>
<pin id="106" dir="1" index="1" bw="8" slack="0"/>
</pin_list>
<bind>
<opcode="alloca(26) " fcode="alloca"/>
<opset="kh/1 "/>
</bind>
</comp>

<comp id="108" class="1004" name="indvar_flatten10_fu_108">
<pin_list>
<pin id="109" dir="0" index="0" bw="1" slack="0"/>
<pin id="110" dir="1" index="1" bw="16" slack="0"/>
</pin_list>
<bind>
<opcode="alloca(26) " fcode="alloca"/>
<opset="indvar_flatten10/1 "/>
</bind>
</comp>

<comp id="112" class="1004" name="sum_fu_112">
<pin_list>
<pin id="113" dir="0" index="0" bw="1" slack="0"/>
<pin id="114" dir="1" index="1" bw="32" slack="0"/>
</pin_list>
<bind>
<opcode="alloca(26) " fcode="alloca"/>
<opset="sum/1 "/>
</bind>
</comp>

<comp id="116" class="1004" name="count_fu_116">
<pin_list>
<pin id="117" dir="0" index="0" bw="1" slack="0"/>
<pin id="118" dir="1" index="1" bw="32" slack="0"/>
</pin_list>
<bind>
<opcode="alloca(26) " fcode="alloca"/>
<opset="count/1 "/>
</bind>
</comp>

<comp id="120" class="1004" name="feature_in_read_read_fu_120">
<pin_list>
<pin id="121" dir="0" index="0" bw="64" slack="0"/>
<pin id="122" dir="0" index="1" bw="64" slack="0"/>
<pin id="123" dir="1" index="2" bw="64" slack="5"/>
</pin_list>
<bind>
<opcode="read(1150) " fcode="read"/>
<opset="feature_in_read/1 "/>
</bind>
</comp>

<comp id="126" class="1004" name="zext_ln1633_read_read_fu_126">
<pin_list>
<pin id="127" dir="0" index="0" bw="16" slack="0"/>
<pin id="128" dir="0" index="1" bw="16" slack="0"/>
<pin id="129" dir="1" index="2" bw="16" slack="0"/>
</pin_list>
<bind>
<opcode="read(1150) " fcode="read"/>
<opset="zext_ln1633_read/1 "/>
</bind>
</comp>

<comp id="132" class="1004" name="conv_i_i721_read_read_fu_132">
<pin_list>
<pin id="133" dir="0" index="0" bw="16" slack="0"/>
<pin id="134" dir="0" index="1" bw="16" slack="0"/>
<pin id="135" dir="1" index="2" bw="16" slack="0"/>
</pin_list>
<bind>
<opcode="read(1150) " fcode="read"/>
<opset="conv_i_i721_read/1 "/>
</bind>
</comp>

<comp id="138" class="1004" name="W_in_cast5_read_read_fu_138">
<pin_list>
<pin id="139" dir="0" index="0" bw="16" slack="0"/>
<pin id="140" dir="0" index="1" bw="16" slack="0"/>
<pin id="141" dir="1" index="2" bw="16" slack="0"/>
</pin_list>
<bind>
<opcode="read(1150) " fcode="read"/>
<opset="W_in_cast5_read/1 "/>
</bind>
</comp>

<comp id="144" class="1004" name="sub_ln1496_read_read_fu_144">
<pin_list>
<pin id="145" dir="0" index="0" bw="25" slack="0"/>
<pin id="146" dir="0" index="1" bw="25" slack="0"/>
<pin id="147" dir="1" index="2" bw="25" slack="3"/>
</pin_list>
<bind>
<opcode="read(1150) " fcode="read"/>
<opset="sub_ln1496_read/1 "/>
</bind>
</comp>

<comp id="150" class="1004" name="conv_i_i530_read_read_fu_150">
<pin_list>
<pin id="151" dir="0" index="0" bw="16" slack="0"/>
<pin id="152" dir="0" index="1" bw="16" slack="0"/>
<pin id="153" dir="1" index="2" bw="16" slack="0"/>
</pin_list>
<bind>
<opcode="read(1150) " fcode="read"/>
<opset="conv_i_i530_read/1 "/>
</bind>
</comp>

<comp id="156" class="1004" name="kernel_size_read_read_fu_156">
<pin_list>
<pin id="157" dir="0" index="0" bw="8" slack="0"/>
<pin id="158" dir="0" index="1" bw="8" slack="0"/>
<pin id="159" dir="1" index="2" bw="8" slack="0"/>
</pin_list>
<bind>
<opcode="read(1150) " fcode="read"/>
<opset="kernel_size_read/1 "/>
</bind>
</comp>

<comp id="162" class="1004" name="mul_ln15_read_read_fu_162">
<pin_list>
<pin id="163" dir="0" index="0" bw="16" slack="0"/>
<pin id="164" dir="0" index="1" bw="16" slack="0"/>
<pin id="165" dir="1" index="2" bw="16" slack="0"/>
</pin_list>
<bind>
<opcode="read(1150) " fcode="read"/>
<opset="mul_ln15_read/1 "/>
</bind>
</comp>

<comp id="168" class="1004" name="H_in_cast4_read_read_fu_168">
<pin_list>
<pin id="169" dir="0" index="0" bw="16" slack="0"/>
<pin id="170" dir="0" index="1" bw="16" slack="0"/>
<pin id="171" dir="1" index="2" bw="16" slack="0"/>
</pin_list>
<bind>
<opcode="read(1150) " fcode="read"/>
<opset="H_in_cast4_read/1 "/>
</bind>
</comp>

<comp id="174" class="1004" name="sub_ln1027_read_read_fu_174">
<pin_list>
<pin id="175" dir="0" index="0" bw="25" slack="0"/>
<pin id="176" dir="0" index="1" bw="25" slack="0"/>
<pin id="177" dir="1" index="2" bw="25" slack="0"/>
</pin_list>
<bind>
<opcode="read(1150) " fcode="read"/>
<opset="sub_ln1027_read/1 "/>
</bind>
</comp>

<comp id="180" class="1004" name="grp_readreq_fu_180">
<pin_list>
<pin id="181" dir="0" index="0" bw="1" slack="0"/>
<pin id="182" dir="0" index="1" bw="32" slack="1"/>
<pin id="183" dir="0" index="2" bw="1" slack="0"/>
<pin id="184" dir="1" index="3" bw="1" slack="2147483647"/>
</pin_list>
<bind>
<opcode="readreq(1154) " fcode="readreq"/>
<opset="gmem0_load_req/7 "/>
</bind>
</comp>

<comp id="187" class="1004" name="gmem0_addr_read_read_fu_187">
<pin_list>
<pin id="188" dir="0" index="0" bw="32" slack="0"/>
<pin id="189" dir="0" index="1" bw="32" slack="8"/>
<pin id="190" dir="1" index="2" bw="32" slack="1"/>
</pin_list>
<bind>
<opcode="read(1150) " fcode="read"/>
<opset="gmem0_addr_read/14 "/>
</bind>
</comp>

<comp id="192" class="1004" name="write_ln0_write_fu_192">
<pin_list>
<pin id="193" dir="0" index="0" bw="0" slack="0"/>
<pin id="194" dir="0" index="1" bw="32" slack="0"/>
<pin id="195" dir="0" index="2" bw="32" slack="0"/>
<pin id="196" dir="1" index="3" bw="0" slack="2147483647"/>
</pin_list>
<bind>
<opcode="write(1151) " fcode="write"/>
<opset="write_ln0/15 "/>
</bind>
</comp>

<comp id="199" class="1004" name="write_ln0_write_fu_199">
<pin_list>
<pin id="200" dir="0" index="0" bw="0" slack="0"/>
<pin id="201" dir="0" index="1" bw="32" slack="0"/>
<pin id="202" dir="0" index="2" bw="32" slack="0"/>
<pin id="203" dir="1" index="3" bw="0" slack="2147483647"/>
</pin_list>
<bind>
<opcode="write(1151) " fcode="write"/>
<opset="write_ln0/15 "/>
</bind>
</comp>

<comp id="206" class="1004" name="grp_fu_206">
<pin_list>
<pin id="207" dir="0" index="0" bw="32" slack="0"/>
<pin id="208" dir="0" index="1" bw="32" slack="0"/>
<pin id="209" dir="1" index="2" bw="32" slack="1"/>
</pin_list>
<bind>
<opcode="fadd(9) " fcode="fadd"/>
<opset="sum_1/15 "/>
</bind>
</comp>

<comp id="210" class="1004" name="zext_ln1633_cast_fu_210">
<pin_list>
<pin id="211" dir="0" index="0" bw="16" slack="0"/>
<pin id="212" dir="1" index="1" bw="32" slack="5"/>
</pin_list>
<bind>
<opcode="zext(34) " fcode="zext"/>
<opset="zext_ln1633_cast/1 "/>
</bind>
</comp>

<comp id="214" class="1004" name="conv_i_i721_cast_fu_214">
<pin_list>
<pin id="215" dir="0" index="0" bw="16" slack="0"/>
<pin id="216" dir="1" index="1" bw="32" slack="4"/>
</pin_list>
<bind>
<opcode="zext(34) " fcode="zext"/>
<opset="conv_i_i721_cast/1 "/>
</bind>
</comp>

<comp id="218" class="1004" name="W_in_cast5_cast_fu_218">
<pin_list>
<pin id="219" dir="0" index="0" bw="16" slack="0"/>
<pin id="220" dir="1" index="1" bw="25" slack="3"/>
</pin_list>
<bind>
<opcode="zext(34) " fcode="zext"/>
<opset="W_in_cast5_cast/1 "/>
</bind>
</comp>

<comp id="222" class="1004" name="conv_i_i530_cast_fu_222">
<pin_list>
<pin id="223" dir="0" index="0" bw="16" slack="0"/>
<pin id="224" dir="1" index="1" bw="32" slack="0"/>
</pin_list>
<bind>
<opcode="zext(34) " fcode="zext"/>
<opset="conv_i_i530_cast/1 "/>
</bind>
</comp>

<comp id="226" class="1004" name="H_in_cast4_cast_fu_226">
<pin_list>
<pin id="227" dir="0" index="0" bw="16" slack="0"/>
<pin id="228" dir="1" index="1" bw="25" slack="0"/>
</pin_list>
<bind>
<opcode="zext(34) " fcode="zext"/>
<opset="H_in_cast4_cast/1 "/>
</bind>
</comp>

<comp id="230" class="1004" name="store_ln0_store_fu_230">
<pin_list>
<pin id="231" dir="0" index="0" bw="1" slack="0"/>
<pin id="232" dir="0" index="1" bw="32" slack="0"/>
<pin id="233" dir="1" index="2" bw="0" slack="2147483647"/>
</pin_list>
<bind>
<opcode="store(28) " fcode="store"/>
<opset="store_ln0/1 "/>
</bind>
</comp>

<comp id="235" class="1004" name="store_ln0_store_fu_235">
<pin_list>
<pin id="236" dir="0" index="0" bw="32" slack="0"/>
<pin id="237" dir="0" index="1" bw="32" slack="0"/>
<pin id="238" dir="1" index="2" bw="0" slack="2147483647"/>
</pin_list>
<bind>
<opcode="store(28) " fcode="store"/>
<opset="store_ln0/1 "/>
</bind>
</comp>

<comp id="240" class="1004" name="store_ln0_store_fu_240">
<pin_list>
<pin id="241" dir="0" index="0" bw="1" slack="0"/>
<pin id="242" dir="0" index="1" bw="16" slack="0"/>
<pin id="243" dir="1" index="2" bw="0" slack="2147483647"/>
</pin_list>
<bind>
<opcode="store(28) " fcode="store"/>
<opset="store_ln0/1 "/>
</bind>
</comp>

<comp id="245" class="1004" name="store_ln0_store_fu_245">
<pin_list>
<pin id="246" dir="0" index="0" bw="1" slack="0"/>
<pin id="247" dir="0" index="1" bw="8" slack="0"/>
<pin id="248" dir="1" index="2" bw="0" slack="2147483647"/>
</pin_list>
<bind>
<opcode="store(28) " fcode="store"/>
<opset="store_ln0/1 "/>
</bind>
</comp>

<comp id="250" class="1004" name="store_ln0_store_fu_250">
<pin_list>
<pin id="251" dir="0" index="0" bw="1" slack="0"/>
<pin id="252" dir="0" index="1" bw="8" slack="0"/>
<pin id="253" dir="1" index="2" bw="0" slack="2147483647"/>
</pin_list>
<bind>
<opcode="store(28) " fcode="store"/>
<opset="store_ln0/1 "/>
</bind>
</comp>

<comp id="255" class="1004" name="kh_1_load_fu_255">
<pin_list>
<pin id="256" dir="0" index="0" bw="8" slack="0"/>
<pin id="257" dir="1" index="1" bw="8" slack="0"/>
</pin_list>
<bind>
<opcode="load(27) " fcode="load"/>
<opset="kh_1/1 "/>
</bind>
</comp>

<comp id="258" class="1004" name="indvar_flatten10_load_load_fu_258">
<pin_list>
<pin id="259" dir="0" index="0" bw="16" slack="0"/>
<pin id="260" dir="1" index="1" bw="16" slack="0"/>
</pin_list>
<bind>
<opcode="load(27) " fcode="load"/>
<opset="indvar_flatten10_load/1 "/>
</bind>
</comp>

<comp id="261" class="1004" name="zext_ln1027_fu_261">
<pin_list>
<pin id="262" dir="0" index="0" bw="8" slack="0"/>
<pin id="263" dir="1" index="1" bw="25" slack="0"/>
</pin_list>
<bind>
<opcode="zext(34) " fcode="zext"/>
<opset="zext_ln1027/1 "/>
</bind>
</comp>

<comp id="265" class="1004" name="h_in_fu_265">
<pin_list>
<pin id="266" dir="0" index="0" bw="8" slack="0"/>
<pin id="267" dir="0" index="1" bw="25" slack="0"/>
<pin id="268" dir="1" index="2" bw="25" slack="0"/>
</pin_list>
<bind>
<opcode="add(8) " fcode="add"/>
<opset="h_in/1 "/>
</bind>
</comp>

<comp id="271" class="1004" name="tmp_fu_271">
<pin_list>
<pin id="272" dir="0" index="0" bw="1" slack="0"/>
<pin id="273" dir="0" index="1" bw="25" slack="0"/>
<pin id="274" dir="0" index="2" bw="6" slack="0"/>
<pin id="275" dir="1" index="3" bw="1" slack="0"/>
</pin_list>
<bind>
<opcode="bitselect(1000) " fcode="bitselect"/>
<opset="tmp/1 "/>
</bind>
</comp>

<comp id="279" class="1004" name="notrhs_fu_279">
<pin_list>
<pin id="280" dir="0" index="0" bw="25" slack="0"/>
<pin id="281" dir="0" index="1" bw="16" slack="0"/>
<pin id="282" dir="1" index="2" bw="1" slack="0"/>
</pin_list>
<bind>
<opcode="icmp(45) " fcode="icmp"/>
<opset="notrhs/1 "/>
</bind>
</comp>

<comp id="285" class="1004" name="icmp_ln1027_fu_285">
<pin_list>
<pin id="286" dir="0" index="0" bw="16" slack="0"/>
<pin id="287" dir="0" index="1" bw="16" slack="0"/>
<pin id="288" dir="1" index="2" bw="1" slack="1"/>
</pin_list>
<bind>
<opcode="icmp(45) " fcode="icmp"/>
<opset="icmp_ln1027/1 "/>
</bind>
</comp>

<comp id="291" class="1004" name="add_ln1027_fu_291">
<pin_list>
<pin id="292" dir="0" index="0" bw="16" slack="0"/>
<pin id="293" dir="0" index="1" bw="1" slack="0"/>
<pin id="294" dir="1" index="2" bw="16" slack="4"/>
</pin_list>
<bind>
<opcode="add(8) " fcode="add"/>
<opset="add_ln1027/1 "/>
</bind>
</comp>

<comp id="297" class="1004" name="kw_1_load_load_fu_297">
<pin_list>
<pin id="298" dir="0" index="0" bw="8" slack="0"/>
<pin id="299" dir="1" index="1" bw="8" slack="0"/>
</pin_list>
<bind>
<opcode="load(27) " fcode="load"/>
<opset="kw_1_load/1 "/>
</bind>
</comp>

<comp id="300" class="1004" name="icmp_ln1027_1_fu_300">
<pin_list>
<pin id="301" dir="0" index="0" bw="8" slack="0"/>
<pin id="302" dir="0" index="1" bw="8" slack="0"/>
<pin id="303" dir="1" index="2" bw="1" slack="0"/>
</pin_list>
<bind>
<opcode="icmp(45) " fcode="icmp"/>
<opset="icmp_ln1027_1/1 "/>
</bind>
</comp>

<comp id="306" class="1004" name="add_ln85_fu_306">
<pin_list>
<pin id="307" dir="0" index="0" bw="8" slack="0"/>
<pin id="308" dir="0" index="1" bw="1" slack="0"/>
<pin id="309" dir="1" index="2" bw="8" slack="0"/>
</pin_list>
<bind>
<opcode="add(8) " fcode="add"/>
<opset="add_ln85/1 "/>
</bind>
</comp>

<comp id="312" class="1004" name="zext_ln1027_1_fu_312">
<pin_list>
<pin id="313" dir="0" index="0" bw="8" slack="0"/>
<pin id="314" dir="1" index="1" bw="25" slack="0"/>
</pin_list>
<bind>
<opcode="zext(34) " fcode="zext"/>
<opset="zext_ln1027_1/1 "/>
</bind>
</comp>

<comp id="316" class="1004" name="h_in_mid1_fu_316">
<pin_list>
<pin id="317" dir="0" index="0" bw="8" slack="0"/>
<pin id="318" dir="0" index="1" bw="25" slack="0"/>
<pin id="319" dir="1" index="2" bw="25" slack="0"/>
</pin_list>
<bind>
<opcode="add(8) " fcode="add"/>
<opset="h_in_mid1/1 "/>
</bind>
</comp>

<comp id="322" class="1004" name="select_ln1027_1_fu_322">
<pin_list>
<pin id="323" dir="0" index="0" bw="1" slack="0"/>
<pin id="324" dir="0" index="1" bw="25" slack="0"/>
<pin id="325" dir="0" index="2" bw="25" slack="0"/>
<pin id="326" dir="1" index="3" bw="25" slack="0"/>
</pin_list>
<bind>
<opcode="select(49) " fcode="select"/>
<opset="select_ln1027_1/1 "/>
</bind>
</comp>

<comp id="330" class="1004" name="sext_ln1027_fu_330">
<pin_list>
<pin id="331" dir="0" index="0" bw="25" slack="0"/>
<pin id="332" dir="1" index="1" bw="32" slack="0"/>
</pin_list>
<bind>
<opcode="sext(35) " fcode="sext"/>
<opset="sext_ln1027/1 "/>
</bind>
</comp>

<comp id="334" class="1004" name="tmp_1_fu_334">
<pin_list>
<pin id="335" dir="0" index="0" bw="1" slack="0"/>
<pin id="336" dir="0" index="1" bw="25" slack="0"/>
<pin id="337" dir="0" index="2" bw="6" slack="0"/>
<pin id="338" dir="1" index="3" bw="1" slack="0"/>
</pin_list>
<bind>
<opcode="bitselect(1000) " fcode="bitselect"/>
<opset="tmp_1/1 "/>
</bind>
</comp>

<comp id="342" class="1004" name="select_ln1027_2_fu_342">
<pin_list>
<pin id="343" dir="0" index="0" bw="1" slack="0"/>
<pin id="344" dir="0" index="1" bw="1" slack="0"/>
<pin id="345" dir="0" index="2" bw="1" slack="0"/>
<pin id="346" dir="1" index="3" bw="1" slack="0"/>
</pin_list>
<bind>
<opcode="select(49) " fcode="select"/>
<opset="select_ln1027_2/1 "/>
</bind>
</comp>

<comp id="350" class="1004" name="xor_ln1027_fu_350">
<pin_list>
<pin id="351" dir="0" index="0" bw="1" slack="0"/>
<pin id="352" dir="0" index="1" bw="1" slack="0"/>
<pin id="353" dir="1" index="2" bw="1" slack="0"/>
</pin_list>
<bind>
<opcode="xor(25) " fcode="xor"/>
<opset="xor_ln1027/1 "/>
</bind>
</comp>

<comp id="356" class="1004" name="notrhs_mid1_fu_356">
<pin_list>
<pin id="357" dir="0" index="0" bw="25" slack="0"/>
<pin id="358" dir="0" index="1" bw="16" slack="0"/>
<pin id="359" dir="1" index="2" bw="1" slack="0"/>
</pin_list>
<bind>
<opcode="icmp(45) " fcode="icmp"/>
<opset="notrhs_mid1/1 "/>
</bind>
</comp>

<comp id="362" class="1004" name="select_ln1027_3_fu_362">
<pin_list>
<pin id="363" dir="0" index="0" bw="1" slack="0"/>
<pin id="364" dir="0" index="1" bw="1" slack="0"/>
<pin id="365" dir="0" index="2" bw="1" slack="0"/>
<pin id="366" dir="1" index="3" bw="1" slack="0"/>
</pin_list>
<bind>
<opcode="select(49) " fcode="select"/>
<opset="select_ln1027_3/1 "/>
</bind>
</comp>

<comp id="370" class="1004" name="and_ln92_1_fu_370">
<pin_list>
<pin id="371" dir="0" index="0" bw="1" slack="0"/>
<pin id="372" dir="0" index="1" bw="1" slack="0"/>
<pin id="373" dir="1" index="2" bw="1" slack="3"/>
</pin_list>
<bind>
<opcode="and(23) " fcode="and"/>
<opset="and_ln92_1/1 "/>
</bind>
</comp>

<comp id="376" class="1004" name="select_ln1027_fu_376">
<pin_list>
<pin id="377" dir="0" index="0" bw="1" slack="3"/>
<pin id="378" dir="0" index="1" bw="1" slack="0"/>
<pin id="379" dir="0" index="2" bw="8" slack="3"/>
<pin id="380" dir="1" index="3" bw="8" slack="0"/>
</pin_list>
<bind>
<opcode="select(49) " fcode="select"/>
<opset="select_ln1027/4 "/>
</bind>
</comp>

<comp id="382" class="1004" name="select_ln1027_4_fu_382">
<pin_list>
<pin id="383" dir="0" index="0" bw="1" slack="3"/>
<pin id="384" dir="0" index="1" bw="8" slack="3"/>
<pin id="385" dir="0" index="2" bw="8" slack="3"/>
<pin id="386" dir="1" index="3" bw="8" slack="1"/>
</pin_list>
<bind>
<opcode="select(49) " fcode="select"/>
<opset="select_ln1027_4/4 "/>
</bind>
</comp>

<comp id="387" class="1004" name="kw_3_cast_fu_387">
<pin_list>
<pin id="388" dir="0" index="0" bw="8" slack="0"/>
<pin id="389" dir="1" index="1" bw="25" slack="0"/>
</pin_list>
<bind>
<opcode="zext(34) " fcode="zext"/>
<opset="kw_3_cast/4 "/>
</bind>
</comp>

<comp id="391" class="1004" name="w_in_fu_391">
<pin_list>
<pin id="392" dir="0" index="0" bw="8" slack="0"/>
<pin id="393" dir="0" index="1" bw="25" slack="3"/>
<pin id="394" dir="1" index="2" bw="25" slack="0"/>
</pin_list>
<bind>
<opcode="add(8) " fcode="add"/>
<opset="w_in/4 "/>
</bind>
</comp>

<comp id="396" class="1004" name="sext_ln89_fu_396">
<pin_list>
<pin id="397" dir="0" index="0" bw="25" slack="0"/>
<pin id="398" dir="1" index="1" bw="32" slack="0"/>
</pin_list>
<bind>
<opcode="sext(35) " fcode="sext"/>
<opset="sext_ln89/4 "/>
</bind>
</comp>

<comp id="400" class="1004" name="icmp_ln92_fu_400">
<pin_list>
<pin id="401" dir="0" index="0" bw="25" slack="0"/>
<pin id="402" dir="0" index="1" bw="16" slack="3"/>
<pin id="403" dir="1" index="2" bw="1" slack="0"/>
</pin_list>
<bind>
<opcode="icmp(45) " fcode="icmp"/>
<opset="icmp_ln92/4 "/>
</bind>
</comp>

<comp id="405" class="1004" name="and_ln92_fu_405">
<pin_list>
<pin id="406" dir="0" index="0" bw="1" slack="3"/>
<pin id="407" dir="0" index="1" bw="1" slack="0"/>
<pin id="408" dir="1" index="2" bw="1" slack="1"/>
</pin_list>
<bind>
<opcode="and(23) " fcode="and"/>
<opset="and_ln92/4 "/>
</bind>
</comp>

<comp id="410" class="1004" name="count_load_1_load_fu_410">
<pin_list>
<pin id="411" dir="0" index="0" bw="32" slack="3"/>
<pin id="412" dir="1" index="1" bw="32" slack="0"/>
</pin_list>
<bind>
<opcode="load(27) " fcode="load"/>
<opset="count_load_1/4 "/>
</bind>
</comp>

<comp id="413" class="1004" name="add_ln1494_fu_413">
<pin_list>
<pin id="414" dir="0" index="0" bw="25" slack="0"/>
<pin id="415" dir="0" index="1" bw="32" slack="0"/>
<pin id="416" dir="1" index="2" bw="32" slack="1"/>
</pin_list>
<bind>
<opcode="add(8) " fcode="add"/>
<opset="add_ln1494/4 "/>
</bind>
</comp>

<comp id="418" class="1004" name="count_1_fu_418">
<pin_list>
<pin id="419" dir="0" index="0" bw="32" slack="0"/>
<pin id="420" dir="0" index="1" bw="1" slack="0"/>
<pin id="421" dir="1" index="2" bw="32" slack="0"/>
</pin_list>
<bind>
<opcode="add(8) " fcode="add"/>
<opset="count_1/4 "/>
</bind>
</comp>

<comp id="424" class="1004" name="store_ln99_store_fu_424">
<pin_list>
<pin id="425" dir="0" index="0" bw="32" slack="0"/>
<pin id="426" dir="0" index="1" bw="32" slack="3"/>
<pin id="427" dir="1" index="2" bw="0" slack="2147483647"/>
</pin_list>
<bind>
<opcode="store(28) " fcode="store"/>
<opset="store_ln99/4 "/>
</bind>
</comp>

<comp id="429" class="1004" name="mul_ln94_fu_429">
<pin_list>
<pin id="430" dir="0" index="0" bw="32" slack="1"/>
<pin id="431" dir="0" index="1" bw="16" slack="4"/>
<pin id="432" dir="1" index="2" bw="32" slack="1"/>
</pin_list>
<bind>
<opcode="mul(12) " fcode="mul"/>
<opset="mul_ln94/5 "/>
</bind>
</comp>

<comp id="433" class="1004" name="kw_fu_433">
<pin_list>
<pin id="434" dir="0" index="0" bw="8" slack="1"/>
<pin id="435" dir="0" index="1" bw="1" slack="0"/>
<pin id="436" dir="1" index="2" bw="8" slack="0"/>
</pin_list>
<bind>
<opcode="add(8) " fcode="add"/>
<opset="kw/5 "/>
</bind>
</comp>

<comp id="438" class="1004" name="store_ln86_store_fu_438">
<pin_list>
<pin id="439" dir="0" index="0" bw="16" slack="4"/>
<pin id="440" dir="0" index="1" bw="16" slack="4"/>
<pin id="441" dir="1" index="2" bw="0" slack="2147483647"/>
</pin_list>
<bind>
<opcode="store(28) " fcode="store"/>
<opset="store_ln86/5 "/>
</bind>
</comp>

<comp id="442" class="1004" name="store_ln86_store_fu_442">
<pin_list>
<pin id="443" dir="0" index="0" bw="8" slack="1"/>
<pin id="444" dir="0" index="1" bw="8" slack="4"/>
<pin id="445" dir="1" index="2" bw="0" slack="2147483647"/>
</pin_list>
<bind>
<opcode="store(28) " fcode="store"/>
<opset="store_ln86/5 "/>
</bind>
</comp>

<comp id="446" class="1004" name="store_ln86_store_fu_446">
<pin_list>
<pin id="447" dir="0" index="0" bw="8" slack="0"/>
<pin id="448" dir="0" index="1" bw="8" slack="4"/>
<pin id="449" dir="1" index="2" bw="0" slack="2147483647"/>
</pin_list>
<bind>
<opcode="store(28) " fcode="store"/>
<opset="store_ln86/5 "/>
</bind>
</comp>

<comp id="451" class="1004" name="in_offset_fu_451">
<pin_list>
<pin id="452" dir="0" index="0" bw="32" slack="1"/>
<pin id="453" dir="0" index="1" bw="16" slack="5"/>
<pin id="454" dir="1" index="2" bw="32" slack="0"/>
</pin_list>
<bind>
<opcode="add(8) " fcode="add"/>
<opset="in_offset/6 "/>
</bind>
</comp>

<comp id="455" class="1004" name="shl_ln2_fu_455">
<pin_list>
<pin id="456" dir="0" index="0" bw="34" slack="0"/>
<pin id="457" dir="0" index="1" bw="32" slack="0"/>
<pin id="458" dir="0" index="2" bw="1" slack="0"/>
<pin id="459" dir="1" index="3" bw="34" slack="0"/>
</pin_list>
<bind>
<opcode="bitconcatenate(1004) " fcode="bitconcatenate"/>
<opset="shl_ln2/6 "/>
</bind>
</comp>

<comp id="463" class="1004" name="sext_ln97_fu_463">
<pin_list>
<pin id="464" dir="0" index="0" bw="34" slack="0"/>
<pin id="465" dir="1" index="1" bw="64" slack="0"/>
</pin_list>
<bind>
<opcode="sext(35) " fcode="sext"/>
<opset="sext_ln97/6 "/>
</bind>
</comp>

<comp id="467" class="1004" name="add_ln97_fu_467">
<pin_list>
<pin id="468" dir="0" index="0" bw="34" slack="0"/>
<pin id="469" dir="0" index="1" bw="64" slack="5"/>
<pin id="470" dir="1" index="2" bw="64" slack="0"/>
</pin_list>
<bind>
<opcode="add(8) " fcode="add"/>
<opset="add_ln97/6 "/>
</bind>
</comp>

<comp id="472" class="1004" name="trunc_ln2_fu_472">
<pin_list>
<pin id="473" dir="0" index="0" bw="62" slack="0"/>
<pin id="474" dir="0" index="1" bw="64" slack="0"/>
<pin id="475" dir="0" index="2" bw="3" slack="0"/>
<pin id="476" dir="0" index="3" bw="7" slack="0"/>
<pin id="477" dir="1" index="4" bw="62" slack="0"/>
</pin_list>
<bind>
<opcode="partselect(1002) " fcode="partselect"/>
<opset="trunc_ln2/6 "/>
</bind>
</comp>

<comp id="482" class="1004" name="sext_ln97_1_fu_482">
<pin_list>
<pin id="483" dir="0" index="0" bw="62" slack="0"/>
<pin id="484" dir="1" index="1" bw="64" slack="0"/>
</pin_list>
<bind>
<opcode="sext(35) " fcode="sext"/>
<opset="sext_ln97_1/6 "/>
</bind>
</comp>

<comp id="486" class="1004" name="gmem0_addr_fu_486">
<pin_list>
<pin id="487" dir="0" index="0" bw="32" slack="0"/>
<pin id="488" dir="0" index="1" bw="62" slack="0"/>
<pin id="489" dir="1" index="2" bw="32" slack="1"/>
</pin_list>
<bind>
<opcode="getelementptr(29) " fcode="getelementptr"/>
<opset="gmem0_addr/6 "/>
</bind>
</comp>

<comp id="492" class="1004" name="sum_load_1_load_fu_492">
<pin_list>
<pin id="493" dir="0" index="0" bw="32" slack="14"/>
<pin id="494" dir="1" index="1" bw="32" slack="0"/>
</pin_list>
<bind>
<opcode="load(27) " fcode="load"/>
<opset="sum_load_1/15 "/>
</bind>
</comp>

<comp id="496" class="1004" name="bitcast_ln97_fu_496">
<pin_list>
<pin id="497" dir="0" index="0" bw="32" slack="1"/>
<pin id="498" dir="1" index="1" bw="32" slack="0"/>
</pin_list>
<bind>
<opcode="bitcast(44) " fcode="bitcast"/>
<opset="bitcast_ln97/15 "/>
</bind>
</comp>

<comp id="500" class="1004" name="store_ln99_store_fu_500">
<pin_list>
<pin id="501" dir="0" index="0" bw="32" slack="1"/>
<pin id="502" dir="0" index="1" bw="32" slack="19"/>
<pin id="503" dir="1" index="2" bw="0" slack="2147483647"/>
</pin_list>
<bind>
<opcode="store(28) " fcode="store"/>
<opset="store_ln99/20 "/>
</bind>
</comp>

<comp id="504" class="1004" name="sum_load_load_fu_504">
<pin_list>
<pin id="505" dir="0" index="0" bw="32" slack="14"/>
<pin id="506" dir="1" index="1" bw="32" slack="0"/>
</pin_list>
<bind>
<opcode="load(27) " fcode="load"/>
<opset="sum_load/15 "/>
</bind>
</comp>

<comp id="508" class="1004" name="count_load_load_fu_508">
<pin_list>
<pin id="509" dir="0" index="0" bw="32" slack="14"/>
<pin id="510" dir="1" index="1" bw="32" slack="0"/>
</pin_list>
<bind>
<opcode="load(27) " fcode="load"/>
<opset="count_load/15 "/>
</bind>
</comp>

<comp id="512" class="1007" name="grp_fu_512">
<pin_list>
<pin id="513" dir="0" index="0" bw="25" slack="0"/>
<pin id="514" dir="0" index="1" bw="16" slack="0"/>
<pin id="515" dir="1" index="2" bw="32" slack="0"/>
</pin_list>
<bind>
<opcode="mul(12) " fcode="mul"/>
<opset="mul_ln1027/1 "/>
</bind>
</comp>

<comp id="519" class="1005" name="kw_1_reg_519">
<pin_list>
<pin id="520" dir="0" index="0" bw="8" slack="0"/>
<pin id="521" dir="1" index="1" bw="8" slack="0"/>
</pin_list>
<bind>
<opset="kw_1 "/>
</bind>
</comp>

<comp id="526" class="1005" name="kh_reg_526">
<pin_list>
<pin id="527" dir="0" index="0" bw="8" slack="0"/>
<pin id="528" dir="1" index="1" bw="8" slack="0"/>
</pin_list>
<bind>
<opset="kh "/>
</bind>
</comp>

<comp id="533" class="1005" name="indvar_flatten10_reg_533">
<pin_list>
<pin id="534" dir="0" index="0" bw="16" slack="0"/>
<pin id="535" dir="1" index="1" bw="16" slack="0"/>
</pin_list>
<bind>
<opset="indvar_flatten10 "/>
</bind>
</comp>

<comp id="540" class="1005" name="sum_reg_540">
<pin_list>
<pin id="541" dir="0" index="0" bw="32" slack="0"/>
<pin id="542" dir="1" index="1" bw="32" slack="0"/>
</pin_list>
<bind>
<opset="sum "/>
</bind>
</comp>

<comp id="548" class="1005" name="count_reg_548">
<pin_list>
<pin id="549" dir="0" index="0" bw="32" slack="0"/>
<pin id="550" dir="1" index="1" bw="32" slack="0"/>
</pin_list>
<bind>
<opset="count "/>
</bind>
</comp>

<comp id="556" class="1005" name="feature_in_read_reg_556">
<pin_list>
<pin id="557" dir="0" index="0" bw="64" slack="5"/>
<pin id="558" dir="1" index="1" bw="64" slack="5"/>
</pin_list>
<bind>
<opset="feature_in_read "/>
</bind>
</comp>

<comp id="561" class="1005" name="sub_ln1496_read_reg_561">
<pin_list>
<pin id="562" dir="0" index="0" bw="25" slack="3"/>
<pin id="563" dir="1" index="1" bw="25" slack="3"/>
</pin_list>
<bind>
<opset="sub_ln1496_read "/>
</bind>
</comp>

<comp id="566" class="1005" name="zext_ln1633_cast_reg_566">
<pin_list>
<pin id="567" dir="0" index="0" bw="32" slack="5"/>
<pin id="568" dir="1" index="1" bw="32" slack="5"/>
</pin_list>
<bind>
<opset="zext_ln1633_cast "/>
</bind>
</comp>

<comp id="571" class="1005" name="conv_i_i721_cast_reg_571">
<pin_list>
<pin id="572" dir="0" index="0" bw="32" slack="4"/>
<pin id="573" dir="1" index="1" bw="32" slack="4"/>
</pin_list>
<bind>
<opset="conv_i_i721_cast "/>
</bind>
</comp>

<comp id="576" class="1005" name="W_in_cast5_cast_reg_576">
<pin_list>
<pin id="577" dir="0" index="0" bw="25" slack="3"/>
<pin id="578" dir="1" index="1" bw="25" slack="3"/>
</pin_list>
<bind>
<opset="W_in_cast5_cast "/>
</bind>
</comp>

<comp id="581" class="1005" name="conv_i_i530_cast_reg_581">
<pin_list>
<pin id="582" dir="0" index="0" bw="32" slack="1"/>
<pin id="583" dir="1" index="1" bw="32" slack="1"/>
</pin_list>
<bind>
<opset="conv_i_i530_cast "/>
</bind>
</comp>

<comp id="586" class="1005" name="kh_1_reg_586">
<pin_list>
<pin id="587" dir="0" index="0" bw="8" slack="3"/>
<pin id="588" dir="1" index="1" bw="8" slack="3"/>
</pin_list>
<bind>
<opset="kh_1 "/>
</bind>
</comp>

<comp id="591" class="1005" name="icmp_ln1027_reg_591">
<pin_list>
<pin id="592" dir="0" index="0" bw="1" slack="1"/>
<pin id="593" dir="1" index="1" bw="1" slack="2147483647"/>
</pin_list>
<bind>
<opset="icmp_ln1027 "/>
</bind>
</comp>

<comp id="595" class="1005" name="add_ln1027_reg_595">
<pin_list>
<pin id="596" dir="0" index="0" bw="16" slack="4"/>
<pin id="597" dir="1" index="1" bw="16" slack="4"/>
</pin_list>
<bind>
<opset="add_ln1027 "/>
</bind>
</comp>

<comp id="600" class="1005" name="kw_1_load_reg_600">
<pin_list>
<pin id="601" dir="0" index="0" bw="8" slack="3"/>
<pin id="602" dir="1" index="1" bw="8" slack="3"/>
</pin_list>
<bind>
<opset="kw_1_load "/>
</bind>
</comp>

<comp id="605" class="1005" name="icmp_ln1027_1_reg_605">
<pin_list>
<pin id="606" dir="0" index="0" bw="1" slack="3"/>
<pin id="607" dir="1" index="1" bw="1" slack="3"/>
</pin_list>
<bind>
<opset="icmp_ln1027_1 "/>
</bind>
</comp>

<comp id="611" class="1005" name="add_ln85_reg_611">
<pin_list>
<pin id="612" dir="0" index="0" bw="8" slack="3"/>
<pin id="613" dir="1" index="1" bw="8" slack="3"/>
</pin_list>
<bind>
<opset="add_ln85 "/>
</bind>
</comp>

<comp id="616" class="1005" name="sext_ln1027_reg_616">
<pin_list>
<pin id="617" dir="0" index="0" bw="32" slack="1"/>
<pin id="618" dir="1" index="1" bw="32" slack="1"/>
</pin_list>
<bind>
<opset="sext_ln1027 "/>
</bind>
</comp>

<comp id="621" class="1005" name="and_ln92_1_reg_621">
<pin_list>
<pin id="622" dir="0" index="0" bw="1" slack="3"/>
<pin id="623" dir="1" index="1" bw="1" slack="3"/>
</pin_list>
<bind>
<opset="and_ln92_1 "/>
</bind>
</comp>

<comp id="626" class="1005" name="select_ln1027_reg_626">
<pin_list>
<pin id="627" dir="0" index="0" bw="8" slack="1"/>
<pin id="628" dir="1" index="1" bw="8" slack="1"/>
</pin_list>
<bind>
<opset="select_ln1027 "/>
</bind>
</comp>

<comp id="631" class="1005" name="select_ln1027_4_reg_631">
<pin_list>
<pin id="632" dir="0" index="0" bw="8" slack="1"/>
<pin id="633" dir="1" index="1" bw="8" slack="1"/>
</pin_list>
<bind>
<opset="select_ln1027_4 "/>
</bind>
</comp>

<comp id="636" class="1005" name="and_ln92_reg_636">
<pin_list>
<pin id="637" dir="0" index="0" bw="1" slack="1"/>
<pin id="638" dir="1" index="1" bw="1" slack="2147483647"/>
</pin_list>
<bind>
<opset="and_ln92 "/>
</bind>
</comp>

<comp id="640" class="1005" name="add_ln1494_reg_640">
<pin_list>
<pin id="641" dir="0" index="0" bw="32" slack="1"/>
<pin id="642" dir="1" index="1" bw="32" slack="1"/>
</pin_list>
<bind>
<opset="add_ln1494 "/>
</bind>
</comp>

<comp id="645" class="1005" name="mul_ln94_reg_645">
<pin_list>
<pin id="646" dir="0" index="0" bw="32" slack="1"/>
<pin id="647" dir="1" index="1" bw="32" slack="1"/>
</pin_list>
<bind>
<opset="mul_ln94 "/>
</bind>
</comp>

<comp id="650" class="1005" name="gmem0_addr_reg_650">
<pin_list>
<pin id="651" dir="0" index="0" bw="32" slack="1"/>
<pin id="652" dir="1" index="1" bw="32" slack="1"/>
</pin_list>
<bind>
<opset="gmem0_addr "/>
</bind>
</comp>

<comp id="656" class="1005" name="gmem0_addr_read_reg_656">
<pin_list>
<pin id="657" dir="0" index="0" bw="32" slack="1"/>
<pin id="658" dir="1" index="1" bw="32" slack="1"/>
</pin_list>
<bind>
<opset="gmem0_addr_read "/>
</bind>
</comp>

<comp id="661" class="1005" name="sum_load_1_reg_661">
<pin_list>
<pin id="662" dir="0" index="0" bw="32" slack="1"/>
<pin id="663" dir="1" index="1" bw="32" slack="1"/>
</pin_list>
<bind>
<opset="sum_load_1 "/>
</bind>
</comp>

<comp id="666" class="1005" name="bitcast_ln97_reg_666">
<pin_list>
<pin id="667" dir="0" index="0" bw="32" slack="1"/>
<pin id="668" dir="1" index="1" bw="32" slack="1"/>
</pin_list>
<bind>
<opset="bitcast_ln97 "/>
</bind>
</comp>

<comp id="671" class="1005" name="sum_1_reg_671">
<pin_list>
<pin id="672" dir="0" index="0" bw="32" slack="1"/>
<pin id="673" dir="1" index="1" bw="32" slack="1"/>
</pin_list>
<bind>
<opset="sum_1 "/>
</bind>
</comp>

</comp_list>

<net_list>
<net id="103"><net_src comp="26" pin="0"/><net_sink comp="100" pin=0"/></net>

<net id="107"><net_src comp="26" pin="0"/><net_sink comp="104" pin=0"/></net>

<net id="111"><net_src comp="26" pin="0"/><net_sink comp="108" pin=0"/></net>

<net id="115"><net_src comp="26" pin="0"/><net_sink comp="112" pin=0"/></net>

<net id="119"><net_src comp="26" pin="0"/><net_sink comp="116" pin=0"/></net>

<net id="124"><net_src comp="28" pin="0"/><net_sink comp="120" pin=0"/></net>

<net id="125"><net_src comp="20" pin="0"/><net_sink comp="120" pin=1"/></net>

<net id="130"><net_src comp="30" pin="0"/><net_sink comp="126" pin=0"/></net>

<net id="131"><net_src comp="18" pin="0"/><net_sink comp="126" pin=1"/></net>

<net id="136"><net_src comp="30" pin="0"/><net_sink comp="132" pin=0"/></net>

<net id="137"><net_src comp="16" pin="0"/><net_sink comp="132" pin=1"/></net>

<net id="142"><net_src comp="30" pin="0"/><net_sink comp="138" pin=0"/></net>

<net id="143"><net_src comp="14" pin="0"/><net_sink comp="138" pin=1"/></net>

<net id="148"><net_src comp="32" pin="0"/><net_sink comp="144" pin=0"/></net>

<net id="149"><net_src comp="12" pin="0"/><net_sink comp="144" pin=1"/></net>

<net id="154"><net_src comp="30" pin="0"/><net_sink comp="150" pin=0"/></net>

<net id="155"><net_src comp="10" pin="0"/><net_sink comp="150" pin=1"/></net>

<net id="160"><net_src comp="34" pin="0"/><net_sink comp="156" pin=0"/></net>

<net id="161"><net_src comp="8" pin="0"/><net_sink comp="156" pin=1"/></net>

<net id="166"><net_src comp="30" pin="0"/><net_sink comp="162" pin=0"/></net>

<net id="167"><net_src comp="6" pin="0"/><net_sink comp="162" pin=1"/></net>

<net id="172"><net_src comp="30" pin="0"/><net_sink comp="168" pin=0"/></net>

<net id="173"><net_src comp="4" pin="0"/><net_sink comp="168" pin=1"/></net>

<net id="178"><net_src comp="32" pin="0"/><net_sink comp="174" pin=0"/></net>

<net id="179"><net_src comp="2" pin="0"/><net_sink comp="174" pin=1"/></net>

<net id="185"><net_src comp="92" pin="0"/><net_sink comp="180" pin=0"/></net>

<net id="186"><net_src comp="26" pin="0"/><net_sink comp="180" pin=2"/></net>

<net id="191"><net_src comp="94" pin="0"/><net_sink comp="187" pin=0"/></net>

<net id="197"><net_src comp="96" pin="0"/><net_sink comp="192" pin=0"/></net>

<net id="198"><net_src comp="22" pin="0"/><net_sink comp="192" pin=1"/></net>

<net id="204"><net_src comp="98" pin="0"/><net_sink comp="199" pin=0"/></net>

<net id="205"><net_src comp="24" pin="0"/><net_sink comp="199" pin=1"/></net>

<net id="213"><net_src comp="126" pin="2"/><net_sink comp="210" pin=0"/></net>

<net id="217"><net_src comp="132" pin="2"/><net_sink comp="214" pin=0"/></net>

<net id="221"><net_src comp="138" pin="2"/><net_sink comp="218" pin=0"/></net>

<net id="225"><net_src comp="150" pin="2"/><net_sink comp="222" pin=0"/></net>

<net id="229"><net_src comp="168" pin="2"/><net_sink comp="226" pin=0"/></net>

<net id="234"><net_src comp="40" pin="0"/><net_sink comp="230" pin=0"/></net>

<net id="239"><net_src comp="54" pin="0"/><net_sink comp="235" pin=0"/></net>

<net id="244"><net_src comp="56" pin="0"/><net_sink comp="240" pin=0"/></net>

<net id="249"><net_src comp="58" pin="0"/><net_sink comp="245" pin=0"/></net>

<net id="254"><net_src comp="58" pin="0"/><net_sink comp="250" pin=0"/></net>

<net id="264"><net_src comp="255" pin="1"/><net_sink comp="261" pin=0"/></net>

<net id="269"><net_src comp="261" pin="1"/><net_sink comp="265" pin=0"/></net>

<net id="270"><net_src comp="174" pin="2"/><net_sink comp="265" pin=1"/></net>

<net id="276"><net_src comp="62" pin="0"/><net_sink comp="271" pin=0"/></net>

<net id="277"><net_src comp="265" pin="2"/><net_sink comp="271" pin=1"/></net>

<net id="278"><net_src comp="64" pin="0"/><net_sink comp="271" pin=2"/></net>

<net id="283"><net_src comp="265" pin="2"/><net_sink comp="279" pin=0"/></net>

<net id="284"><net_src comp="226" pin="1"/><net_sink comp="279" pin=1"/></net>

<net id="289"><net_src comp="258" pin="1"/><net_sink comp="285" pin=0"/></net>

<net id="290"><net_src comp="162" pin="2"/><net_sink comp="285" pin=1"/></net>

<net id="295"><net_src comp="258" pin="1"/><net_sink comp="291" pin=0"/></net>

<net id="296"><net_src comp="70" pin="0"/><net_sink comp="291" pin=1"/></net>

<net id="304"><net_src comp="297" pin="1"/><net_sink comp="300" pin=0"/></net>

<net id="305"><net_src comp="156" pin="2"/><net_sink comp="300" pin=1"/></net>

<net id="310"><net_src comp="255" pin="1"/><net_sink comp="306" pin=0"/></net>

<net id="311"><net_src comp="72" pin="0"/><net_sink comp="306" pin=1"/></net>

<net id="315"><net_src comp="306" pin="2"/><net_sink comp="312" pin=0"/></net>

<net id="320"><net_src comp="312" pin="1"/><net_sink comp="316" pin=0"/></net>

<net id="321"><net_src comp="174" pin="2"/><net_sink comp="316" pin=1"/></net>

<net id="327"><net_src comp="300" pin="2"/><net_sink comp="322" pin=0"/></net>

<net id="328"><net_src comp="316" pin="2"/><net_sink comp="322" pin=1"/></net>

<net id="329"><net_src comp="265" pin="2"/><net_sink comp="322" pin=2"/></net>

<net id="333"><net_src comp="322" pin="3"/><net_sink comp="330" pin=0"/></net>

<net id="339"><net_src comp="62" pin="0"/><net_sink comp="334" pin=0"/></net>

<net id="340"><net_src comp="316" pin="2"/><net_sink comp="334" pin=1"/></net>

<net id="341"><net_src comp="64" pin="0"/><net_sink comp="334" pin=2"/></net>

<net id="347"><net_src comp="300" pin="2"/><net_sink comp="342" pin=0"/></net>

<net id="348"><net_src comp="334" pin="3"/><net_sink comp="342" pin=1"/></net>

<net id="349"><net_src comp="271" pin="3"/><net_sink comp="342" pin=2"/></net>

<net id="354"><net_src comp="342" pin="3"/><net_sink comp="350" pin=0"/></net>

<net id="355"><net_src comp="74" pin="0"/><net_sink comp="350" pin=1"/></net>

<net id="360"><net_src comp="316" pin="2"/><net_sink comp="356" pin=0"/></net>

<net id="361"><net_src comp="226" pin="1"/><net_sink comp="356" pin=1"/></net>

<net id="367"><net_src comp="300" pin="2"/><net_sink comp="362" pin=0"/></net>

<net id="368"><net_src comp="356" pin="2"/><net_sink comp="362" pin=1"/></net>

<net id="369"><net_src comp="279" pin="2"/><net_sink comp="362" pin=2"/></net>

<net id="374"><net_src comp="362" pin="3"/><net_sink comp="370" pin=0"/></net>

<net id="375"><net_src comp="350" pin="2"/><net_sink comp="370" pin=1"/></net>

<net id="381"><net_src comp="58" pin="0"/><net_sink comp="376" pin=1"/></net>

<net id="390"><net_src comp="376" pin="3"/><net_sink comp="387" pin=0"/></net>

<net id="395"><net_src comp="387" pin="1"/><net_sink comp="391" pin=0"/></net>

<net id="399"><net_src comp="391" pin="2"/><net_sink comp="396" pin=0"/></net>

<net id="404"><net_src comp="391" pin="2"/><net_sink comp="400" pin=0"/></net>

<net id="409"><net_src comp="400" pin="2"/><net_sink comp="405" pin=1"/></net>

<net id="417"><net_src comp="396" pin="1"/><net_sink comp="413" pin=0"/></net>

<net id="422"><net_src comp="410" pin="1"/><net_sink comp="418" pin=0"/></net>

<net id="423"><net_src comp="26" pin="0"/><net_sink comp="418" pin=1"/></net>

<net id="428"><net_src comp="418" pin="2"/><net_sink comp="424" pin=0"/></net>

<net id="437"><net_src comp="72" pin="0"/><net_sink comp="433" pin=1"/></net>

<net id="450"><net_src comp="433" pin="2"/><net_sink comp="446" pin=0"/></net>

<net id="460"><net_src comp="82" pin="0"/><net_sink comp="455" pin=0"/></net>

<net id="461"><net_src comp="451" pin="2"/><net_sink comp="455" pin=1"/></net>

<net id="462"><net_src comp="84" pin="0"/><net_sink comp="455" pin=2"/></net>

<net id="466"><net_src comp="455" pin="3"/><net_sink comp="463" pin=0"/></net>

<net id="471"><net_src comp="463" pin="1"/><net_sink comp="467" pin=0"/></net>

<net id="478"><net_src comp="86" pin="0"/><net_sink comp="472" pin=0"/></net>

<net id="479"><net_src comp="467" pin="2"/><net_sink comp="472" pin=1"/></net>

<net id="480"><net_src comp="88" pin="0"/><net_sink comp="472" pin=2"/></net>

<net id="481"><net_src comp="90" pin="0"/><net_sink comp="472" pin=3"/></net>

<net id="485"><net_src comp="472" pin="4"/><net_sink comp="482" pin=0"/></net>

<net id="490"><net_src comp="0" pin="0"/><net_sink comp="486" pin=0"/></net>

<net id="491"><net_src comp="482" pin="1"/><net_sink comp="486" pin=1"/></net>

<net id="495"><net_src comp="492" pin="1"/><net_sink comp="206" pin=0"/></net>

<net id="499"><net_src comp="496" pin="1"/><net_sink comp="206" pin=1"/></net>

<net id="507"><net_src comp="504" pin="1"/><net_sink comp="199" pin=2"/></net>

<net id="511"><net_src comp="508" pin="1"/><net_sink comp="192" pin=2"/></net>

<net id="516"><net_src comp="330" pin="1"/><net_sink comp="512" pin=0"/></net>

<net id="517"><net_src comp="222" pin="1"/><net_sink comp="512" pin=1"/></net>

<net id="518"><net_src comp="512" pin="2"/><net_sink comp="413" pin=1"/></net>

<net id="522"><net_src comp="100" pin="1"/><net_sink comp="519" pin=0"/></net>

<net id="523"><net_src comp="519" pin="1"/><net_sink comp="250" pin=1"/></net>

<net id="524"><net_src comp="519" pin="1"/><net_sink comp="297" pin=0"/></net>

<net id="525"><net_src comp="519" pin="1"/><net_sink comp="446" pin=1"/></net>

<net id="529"><net_src comp="104" pin="1"/><net_sink comp="526" pin=0"/></net>

<net id="530"><net_src comp="526" pin="1"/><net_sink comp="245" pin=1"/></net>

<net id="531"><net_src comp="526" pin="1"/><net_sink comp="255" pin=0"/></net>

<net id="532"><net_src comp="526" pin="1"/><net_sink comp="442" pin=1"/></net>

<net id="536"><net_src comp="108" pin="1"/><net_sink comp="533" pin=0"/></net>

<net id="537"><net_src comp="533" pin="1"/><net_sink comp="240" pin=1"/></net>

<net id="538"><net_src comp="533" pin="1"/><net_sink comp="258" pin=0"/></net>

<net id="539"><net_src comp="533" pin="1"/><net_sink comp="438" pin=1"/></net>

<net id="543"><net_src comp="112" pin="1"/><net_sink comp="540" pin=0"/></net>

<net id="544"><net_src comp="540" pin="1"/><net_sink comp="235" pin=1"/></net>

<net id="545"><net_src comp="540" pin="1"/><net_sink comp="492" pin=0"/></net>

<net id="546"><net_src comp="540" pin="1"/><net_sink comp="500" pin=1"/></net>

<net id="547"><net_src comp="540" pin="1"/><net_sink comp="504" pin=0"/></net>

<net id="551"><net_src comp="116" pin="1"/><net_sink comp="548" pin=0"/></net>

<net id="552"><net_src comp="548" pin="1"/><net_sink comp="230" pin=1"/></net>

<net id="553"><net_src comp="548" pin="1"/><net_sink comp="410" pin=0"/></net>

<net id="554"><net_src comp="548" pin="1"/><net_sink comp="424" pin=1"/></net>

<net id="555"><net_src comp="548" pin="1"/><net_sink comp="508" pin=0"/></net>

<net id="559"><net_src comp="120" pin="2"/><net_sink comp="556" pin=0"/></net>

<net id="560"><net_src comp="556" pin="1"/><net_sink comp="467" pin=1"/></net>

<net id="564"><net_src comp="144" pin="2"/><net_sink comp="561" pin=0"/></net>

<net id="565"><net_src comp="561" pin="1"/><net_sink comp="391" pin=1"/></net>

<net id="569"><net_src comp="210" pin="1"/><net_sink comp="566" pin=0"/></net>

<net id="570"><net_src comp="566" pin="1"/><net_sink comp="451" pin=1"/></net>

<net id="574"><net_src comp="214" pin="1"/><net_sink comp="571" pin=0"/></net>

<net id="575"><net_src comp="571" pin="1"/><net_sink comp="429" pin=1"/></net>

<net id="579"><net_src comp="218" pin="1"/><net_sink comp="576" pin=0"/></net>

<net id="580"><net_src comp="576" pin="1"/><net_sink comp="400" pin=1"/></net>

<net id="584"><net_src comp="222" pin="1"/><net_sink comp="581" pin=0"/></net>

<net id="585"><net_src comp="581" pin="1"/><net_sink comp="512" pin=1"/></net>

<net id="589"><net_src comp="255" pin="1"/><net_sink comp="586" pin=0"/></net>

<net id="590"><net_src comp="586" pin="1"/><net_sink comp="382" pin=2"/></net>

<net id="594"><net_src comp="285" pin="2"/><net_sink comp="591" pin=0"/></net>

<net id="598"><net_src comp="291" pin="2"/><net_sink comp="595" pin=0"/></net>

<net id="599"><net_src comp="595" pin="1"/><net_sink comp="438" pin=0"/></net>

<net id="603"><net_src comp="297" pin="1"/><net_sink comp="600" pin=0"/></net>

<net id="604"><net_src comp="600" pin="1"/><net_sink comp="376" pin=2"/></net>

<net id="608"><net_src comp="300" pin="2"/><net_sink comp="605" pin=0"/></net>

<net id="609"><net_src comp="605" pin="1"/><net_sink comp="376" pin=0"/></net>

<net id="610"><net_src comp="605" pin="1"/><net_sink comp="382" pin=0"/></net>

<net id="614"><net_src comp="306" pin="2"/><net_sink comp="611" pin=0"/></net>

<net id="615"><net_src comp="611" pin="1"/><net_sink comp="382" pin=1"/></net>

<net id="619"><net_src comp="330" pin="1"/><net_sink comp="616" pin=0"/></net>

<net id="620"><net_src comp="616" pin="1"/><net_sink comp="512" pin=0"/></net>

<net id="624"><net_src comp="370" pin="2"/><net_sink comp="621" pin=0"/></net>

<net id="625"><net_src comp="621" pin="1"/><net_sink comp="405" pin=0"/></net>

<net id="629"><net_src comp="376" pin="3"/><net_sink comp="626" pin=0"/></net>

<net id="630"><net_src comp="626" pin="1"/><net_sink comp="433" pin=0"/></net>

<net id="634"><net_src comp="382" pin="3"/><net_sink comp="631" pin=0"/></net>

<net id="635"><net_src comp="631" pin="1"/><net_sink comp="442" pin=0"/></net>

<net id="639"><net_src comp="405" pin="2"/><net_sink comp="636" pin=0"/></net>

<net id="643"><net_src comp="413" pin="2"/><net_sink comp="640" pin=0"/></net>

<net id="644"><net_src comp="640" pin="1"/><net_sink comp="429" pin=0"/></net>

<net id="648"><net_src comp="429" pin="2"/><net_sink comp="645" pin=0"/></net>

<net id="649"><net_src comp="645" pin="1"/><net_sink comp="451" pin=0"/></net>

<net id="653"><net_src comp="486" pin="2"/><net_sink comp="650" pin=0"/></net>

<net id="654"><net_src comp="650" pin="1"/><net_sink comp="180" pin=1"/></net>

<net id="655"><net_src comp="650" pin="1"/><net_sink comp="187" pin=1"/></net>

<net id="659"><net_src comp="187" pin="2"/><net_sink comp="656" pin=0"/></net>

<net id="660"><net_src comp="656" pin="1"/><net_sink comp="496" pin=0"/></net>

<net id="664"><net_src comp="492" pin="1"/><net_sink comp="661" pin=0"/></net>

<net id="665"><net_src comp="661" pin="1"/><net_sink comp="206" pin=0"/></net>

<net id="669"><net_src comp="496" pin="1"/><net_sink comp="666" pin=0"/></net>

<net id="670"><net_src comp="666" pin="1"/><net_sink comp="206" pin=1"/></net>

<net id="674"><net_src comp="206" pin="2"/><net_sink comp="671" pin=0"/></net>

<net id="675"><net_src comp="671" pin="1"/><net_sink comp="500" pin=0"/></net>

</net_list>

</model> 
---------------- Datapath Model END ------------------

* FSMD analyzer results:
  - Output states:
	Port: count_1_out | {15 }
	Port: sum_1_out | {15 }
 - Input state : 
	Port: pooling_Pipeline_VITIS_LOOP_85_6_VITIS_LOOP_86_7 : gmem0 | {7 8 9 10 11 12 13 14 }
	Port: pooling_Pipeline_VITIS_LOOP_85_6_VITIS_LOOP_86_7 : sub_ln1027 | {1 }
	Port: pooling_Pipeline_VITIS_LOOP_85_6_VITIS_LOOP_86_7 : H_in_cast4 | {1 }
	Port: pooling_Pipeline_VITIS_LOOP_85_6_VITIS_LOOP_86_7 : mul_ln15 | {1 }
	Port: pooling_Pipeline_VITIS_LOOP_85_6_VITIS_LOOP_86_7 : kernel_size | {1 }
	Port: pooling_Pipeline_VITIS_LOOP_85_6_VITIS_LOOP_86_7 : conv_i_i530 | {1 }
	Port: pooling_Pipeline_VITIS_LOOP_85_6_VITIS_LOOP_86_7 : sub_ln1496 | {1 }
	Port: pooling_Pipeline_VITIS_LOOP_85_6_VITIS_LOOP_86_7 : W_in_cast5 | {1 }
	Port: pooling_Pipeline_VITIS_LOOP_85_6_VITIS_LOOP_86_7 : conv_i_i721 | {1 }
	Port: pooling_Pipeline_VITIS_LOOP_85_6_VITIS_LOOP_86_7 : zext_ln1633 | {1 }
	Port: pooling_Pipeline_VITIS_LOOP_85_6_VITIS_LOOP_86_7 : feature_in | {1 }
  - Chain level:
	State 1
		store_ln0 : 1
		store_ln0 : 1
		store_ln0 : 1
		store_ln0 : 1
		store_ln0 : 1
		kh_1 : 1
		indvar_flatten10_load : 1
		zext_ln1027 : 2
		h_in : 3
		tmp : 4
		notrhs : 4
		icmp_ln1027 : 2
		add_ln1027 : 2
		br_ln1027 : 3
		kw_1_load : 1
		icmp_ln1027_1 : 2
		add_ln85 : 2
		zext_ln1027_1 : 3
		h_in_mid1 : 4
		select_ln1027_1 : 5
		sext_ln1027 : 6
		mul_ln1027 : 7
		tmp_1 : 5
		select_ln1027_2 : 6
		xor_ln1027 : 7
		notrhs_mid1 : 5
		select_ln1027_3 : 6
		and_ln92_1 : 7
	State 2
	State 3
	State 4
		kw_3_cast : 1
		w_in : 2
		sext_ln89 : 3
		icmp_ln92 : 3
		and_ln92 : 4
		br_ln92 : 4
		add_ln1494 : 4
		count_1 : 1
		store_ln99 : 2
	State 5
		store_ln86 : 1
	State 6
		shl_ln2 : 1
		sext_ln97 : 2
		add_ln97 : 3
		trunc_ln2 : 4
		sext_ln97_1 : 5
		gmem0_addr : 6
	State 7
	State 8
	State 9
	State 10
	State 11
	State 12
	State 13
	State 14
	State 15
		sum_1 : 1
		write_ln0 : 1
		write_ln0 : 1
	State 16
	State 17
	State 18
	State 19
	State 20


============================================================
+ Verbose Summary: Datapath Resource usage 
============================================================

* Functional unit list:
|----------|------------------------------|---------|---------|---------|
| Operation|        Functional Unit       |   DSP   |    FF   |   LUT   |
|----------|------------------------------|---------|---------|---------|
|   fadd   |          grp_fu_206          |    2    |   205   |   391   |
|----------|------------------------------|---------|---------|---------|
|          |          h_in_fu_265         |    0    |    0    |    25   |
|          |       add_ln1027_fu_291      |    0    |    0    |    16   |
|          |        add_ln85_fu_306       |    0    |    0    |    8    |
|          |       h_in_mid1_fu_316       |    0    |    0    |    25   |
|    add   |          w_in_fu_391         |    0    |    0    |    25   |
|          |       add_ln1494_fu_413      |    0    |    0    |    32   |
|          |        count_1_fu_418        |    0    |    0    |    32   |
|          |           kw_fu_433          |    0    |    0    |    8    |
|          |       in_offset_fu_451       |    0    |    0    |    32   |
|          |        add_ln97_fu_467       |    0    |    0    |    64   |
|----------|------------------------------|---------|---------|---------|
|          |    select_ln1027_1_fu_322    |    0    |    0    |    25   |
|          |    select_ln1027_2_fu_342    |    0    |    0    |    2    |
|  select  |    select_ln1027_3_fu_362    |    0    |    0    |    2    |
|          |     select_ln1027_fu_376     |    0    |    0    |    8    |
|          |    select_ln1027_4_fu_382    |    0    |    0    |    8    |
|----------|------------------------------|---------|---------|---------|
|          |         notrhs_fu_279        |    0    |    0    |    9    |
|          |      icmp_ln1027_fu_285      |    0    |    0    |    7    |
|   icmp   |     icmp_ln1027_1_fu_300     |    0    |    0    |    4    |
|          |      notrhs_mid1_fu_356      |    0    |    0    |    9    |
|          |       icmp_ln92_fu_400       |    0    |    0    |    9    |
|----------|------------------------------|---------|---------|---------|
|    mul   |        mul_ln94_fu_429       |    2    |    0    |    21   |
|          |          grp_fu_512          |    1    |    0    |    0    |
|----------|------------------------------|---------|---------|---------|
|    and   |       and_ln92_1_fu_370      |    0    |    0    |    1    |
|          |        and_ln92_fu_405       |    0    |    0    |    1    |
|----------|------------------------------|---------|---------|---------|
|    xor   |       xor_ln1027_fu_350      |    0    |    0    |    1    |
|----------|------------------------------|---------|---------|---------|
|          |  feature_in_read_read_fu_120 |    0    |    0    |    0    |
|          | zext_ln1633_read_read_fu_126 |    0    |    0    |    0    |
|          | conv_i_i721_read_read_fu_132 |    0    |    0    |    0    |
|          |  W_in_cast5_read_read_fu_138 |    0    |    0    |    0    |
|          |  sub_ln1496_read_read_fu_144 |    0    |    0    |    0    |
|   read   | conv_i_i530_read_read_fu_150 |    0    |    0    |    0    |
|          | kernel_size_read_read_fu_156 |    0    |    0    |    0    |
|          |   mul_ln15_read_read_fu_162  |    0    |    0    |    0    |
|          |  H_in_cast4_read_read_fu_168 |    0    |    0    |    0    |
|          |  sub_ln1027_read_read_fu_174 |    0    |    0    |    0    |
|          |  gmem0_addr_read_read_fu_187 |    0    |    0    |    0    |
|----------|------------------------------|---------|---------|---------|
|  readreq |      grp_readreq_fu_180      |    0    |    0    |    0    |
|----------|------------------------------|---------|---------|---------|
|   write  |    write_ln0_write_fu_192    |    0    |    0    |    0    |
|          |    write_ln0_write_fu_199    |    0    |    0    |    0    |
|----------|------------------------------|---------|---------|---------|
|          |    zext_ln1633_cast_fu_210   |    0    |    0    |    0    |
|          |    conv_i_i721_cast_fu_214   |    0    |    0    |    0    |
|          |    W_in_cast5_cast_fu_218    |    0    |    0    |    0    |
|   zext   |    conv_i_i530_cast_fu_222   |    0    |    0    |    0    |
|          |    H_in_cast4_cast_fu_226    |    0    |    0    |    0    |
|          |      zext_ln1027_fu_261      |    0    |    0    |    0    |
|          |     zext_ln1027_1_fu_312     |    0    |    0    |    0    |
|          |       kw_3_cast_fu_387       |    0    |    0    |    0    |
|----------|------------------------------|---------|---------|---------|
| bitselect|          tmp_fu_271          |    0    |    0    |    0    |
|          |         tmp_1_fu_334         |    0    |    0    |    0    |
|----------|------------------------------|---------|---------|---------|
|          |      sext_ln1027_fu_330      |    0    |    0    |    0    |
|   sext   |       sext_ln89_fu_396       |    0    |    0    |    0    |
|          |       sext_ln97_fu_463       |    0    |    0    |    0    |
|          |      sext_ln97_1_fu_482      |    0    |    0    |    0    |
|----------|------------------------------|---------|---------|---------|
|bitconcatenate|        shl_ln2_fu_455        |    0    |    0    |    0    |
|----------|------------------------------|---------|---------|---------|
|partselect|       trunc_ln2_fu_472       |    0    |    0    |    0    |
|----------|------------------------------|---------|---------|---------|
|   Total  |                              |    5    |   205   |   765   |
|----------|------------------------------|---------|---------|---------|

Memories:
N/A

* Register list:
+------------------------+--------+
|                        |   FF   |
+------------------------+--------+
| W_in_cast5_cast_reg_576|   25   |
|   add_ln1027_reg_595   |   16   |
|   add_ln1494_reg_640   |   32   |
|    add_ln85_reg_611    |    8   |
|   and_ln92_1_reg_621   |    1   |
|    and_ln92_reg_636    |    1   |
|  bitcast_ln97_reg_666  |   32   |
|conv_i_i530_cast_reg_581|   32   |
|conv_i_i721_cast_reg_571|   32   |
|      count_reg_548     |   32   |
| feature_in_read_reg_556|   64   |
| gmem0_addr_read_reg_656|   32   |
|   gmem0_addr_reg_650   |   32   |
|  icmp_ln1027_1_reg_605 |    1   |
|   icmp_ln1027_reg_591  |    1   |
|indvar_flatten10_reg_533|   16   |
|      kh_1_reg_586      |    8   |
|       kh_reg_526       |    8   |
|    kw_1_load_reg_600   |    8   |
|      kw_1_reg_519      |    8   |
|    mul_ln94_reg_645    |   32   |
| select_ln1027_4_reg_631|    8   |
|  select_ln1027_reg_626 |    8   |
|   sext_ln1027_reg_616  |   32   |
| sub_ln1496_read_reg_561|   25   |
|      sum_1_reg_671     |   32   |
|   sum_load_1_reg_661   |   32   |
|       sum_reg_540      |   32   |
|zext_ln1633_cast_reg_566|   32   |
+------------------------+--------+
|          Total         |   622  |
+------------------------+--------+

* Multiplexer (MUX) list: 
|------------|------|------|------|--------||---------||---------|
|    Comp    |  Pin | Size |  BW  | S x BW ||  Delay  ||   LUT   |
|------------|------|------|------|--------||---------||---------|
| grp_fu_206 |  p0  |   2  |  32  |   64   ||    9    |
| grp_fu_206 |  p1  |   2  |  32  |   64   ||    9    |
| grp_fu_512 |  p0  |   2  |  25  |   50   ||    9    |
| grp_fu_512 |  p1  |   2  |  16  |   32   ||    9    |
|------------|------|------|------|--------||---------||---------|
|    Total   |      |      |      |   210  ||  5.192  ||    36   |
|------------|------|------|------|--------||---------||---------|



* Summary:
+-----------+--------+--------+--------+--------+
|           |   DSP  |  Delay |   FF   |   LUT  |
+-----------+--------+--------+--------+--------+
|  Function |    5   |    -   |   205  |   765  |
|   Memory  |    -   |    -   |    -   |    -   |
|Multiplexer|    -   |    5   |    -   |   36   |
|  Register |    -   |    -   |   622  |    -   |
+-----------+--------+--------+--------+--------+
|   Total   |    5   |    5   |   827  |   801  |
+-----------+--------+--------+--------+--------+
