INFO: [HLS 200-10] Running 'D:/Xilinx/Vitis_HLS/2022.2/bin/unwrapped/win64.o/vitis_hls.exe'
INFO: [HLS 200-10] For user '11400' on host 'aky0310' (Windows NT_amd64 version 6.2) on Thu Nov 06 11:59:52 +0800 2025
INFO: [HLS 200-10] In directory 'C:/Users/11400/Desktop/shuffletest/HLS'
Sourcing Tcl script 'C:/Users/11400/Desktop/shuffletest/HLS/ip9/solution1/csynth.tcl'
INFO: [HLS 200-1510] Running: source C:/Users/11400/Desktop/shuffletest/HLS/ip9/solution1/csynth.tcl
INFO: [HLS 200-1510] Running: open_project ip9 
INFO: [HLS 200-10] Opening project 'C:/Users/11400/Desktop/shuffletest/HLS/ip9'.
INFO: [HLS 200-1510] Running: set_top conv_bn_relu 
INFO: [HLS 200-1510] Running: add_files ../ip/ip6/conv_bn_relu.cpp 
INFO: [HLS 200-10] Adding design file '../ip/ip6/conv_bn_relu.cpp' to the project
INFO: [HLS 200-1510] Running: add_files ../ip/ip6/conv_bn_relu.h 
INFO: [HLS 200-10] Adding design file '../ip/ip6/conv_bn_relu.h' to the project
INFO: [HLS 200-1510] Running: add_files -tb ../ip/ip6/test_conv_bn_relu.cpp 
INFO: [HLS 200-10] Adding test bench file '../ip/ip6/test_conv_bn_relu.cpp' to the project
INFO: [HLS 200-1510] Running: open_solution solution1 -flow_target vivado 
INFO: [HLS 200-10] Opening solution 'C:/Users/11400/Desktop/shuffletest/HLS/ip9/solution1'.
INFO: [SYN 201-201] Setting up clock 'default' with a period of 10ns.
INFO: [HLS 200-1611] Setting target device to 'xc7z020-clg400-2'
INFO: [HLS 200-1505] Using flow_target 'vivado'
Resolution: For help on HLS 200-1505 see www.xilinx.com/cgi-bin/docs/rdoc?v=2022.2;t=hls+guidance;d=200-1505.html
INFO: [HLS 200-1510] Running: set_part xc7z020clg400-2 
INFO: [HLS 200-1510] Running: create_clock -period 10 -name default 
INFO: [HLS 200-1510] Running: csynth_design 
Running Dispatch Server on port: 59232
INFO: [HLS 200-111] Finished File checks and directory preparation: CPU user time: 0 seconds. CPU system time: 0 seconds. Elapsed time: 10.138 seconds; current allocated memory: 676.746 MB.
INFO: [HLS 200-10] Analyzing design file '../ip/ip6/conv_bn_relu.cpp' ... 
WARNING: [HLS 214-114] Since the only kind of statements allowed in a canonical dataflow region are variable declarations and function calls, the compiler may not be able to correctly handle the region (../ip/ip6/conv_bn_relu.cpp:68:9)
Resolution: For help on HLS 214-114 see www.xilinx.com/cgi-bin/docs/rdoc?v=2022.2;t=hls+guidance;d=214-114.html
WARNING: [HLS 200-471] Dataflow form checks found 1 issue(s) in file ../ip/ip6/conv_bn_relu.cpp
Resolution: For help on HLS 200-471 see www.xilinx.com/cgi-bin/docs/rdoc?v=2022.2;t=hls+guidance;d=200-471.html
INFO: [HLS 200-111] Finished Source Code Analysis and Preprocessing: CPU user time: 0 seconds. CPU system time: 0 seconds. Elapsed time: 4.518 seconds; current allocated memory: 676.746 MB.
INFO: [HLS 200-777] Using interface defaults for 'Vivado' flow target.
WARNING: [HLS 214-275] In 'VITIS_LOOP_244_25', Pragma conflict happens on 'PIPELINE' and 'FLATTEN' pragmas: Pipeline requires unrolling all sub loops (../ip/ip6/conv_bn_relu.cpp:244:44)
WARNING: [HLS 214-273] In function 'ap_int_base<8, false>::RType<($_0)32, true>::mult operator*<8, false>(int, ap_int_base<8, false> const&)', Pragma conflict happens on 'INLINE' and DATAFLOW pragmas: Inline into dataflow region may break the canonical form (D:/Xilinx/Vitis_HLS/2022.2/common/technology/autopilot\ap_int_base.h:1633:0)
WARNING: [HLS 214-273] In function 'ap_int_base<16, false>::RType<40, true>::plus operator+<16, false, 40, true>(ap_int_base<16, false> const&, ap_int_base<40, true> const&)', Pragma conflict happens on 'INLINE' and DATAFLOW pragmas: Inline into dataflow region may break the canonical form (D:/Xilinx/Vitis_HLS/2022.2/common/technology/autopilot\ap_int_base.h:1495:0)
WARNING: [HLS 214-273] In function 'ap_int_base<41, true>::RType<8, false>::minus operator-<41, true, 8, false>(ap_int_base<41, true> const&, ap_int_base<8, false> const&)', Pragma conflict happens on 'INLINE' and DATAFLOW pragmas: Inline into dataflow region may break the canonical form (D:/Xilinx/Vitis_HLS/2022.2/common/technology/autopilot\ap_int_base.h:1496:0)
WARNING: [HLS 214-273] In function 'ap_int_base<42, true>::RType<8, false>::div operator/<42, true, 8, false>(ap_int_base<42, true> const&, ap_int_base<8, false> const&)', Pragma conflict happens on 'INLINE' and DATAFLOW pragmas: Inline into dataflow region may break the canonical form (D:/Xilinx/Vitis_HLS/2022.2/common/technology/autopilot\ap_int_base.h:1513:0)
WARNING: [HLS 214-273] In function 'ap_int_base<42, true>::RType<($_0)32, true>::plus operator+<42, true>(ap_int_base<42, true> const&, int)', Pragma conflict happens on 'INLINE' and DATAFLOW pragmas: Inline into dataflow region may break the canonical form (D:/Xilinx/Vitis_HLS/2022.2/common/technology/autopilot\ap_int_base.h:1633:0)
WARNING: [HLS 214-273] In function 'bool operator==<2, false>(ap_int_base<2, false> const&, int)', Pragma conflict happens on 'INLINE' and DATAFLOW pragmas: Inline into dataflow region may break the canonical form (D:/Xilinx/Vitis_HLS/2022.2/common/technology/autopilot\ap_int_base.h:1788:0)
WARNING: [HLS 214-273] In function 'ap_int_base<32, true>::ap_int_base(int)', Pragma conflict happens on 'INLINE' and DATAFLOW pragmas: Inline into dataflow region may break the canonical form (D:/Xilinx/Vitis_HLS/2022.2/common/technology/autopilot\ap_int_base.h:214:0)
WARNING: [HLS 214-273] In function 'ssdm_int<32, true>::ssdm_int(int)', Pragma conflict happens on 'INLINE' and DATAFLOW pragmas: Inline into dataflow region may break the canonical form (D:/Xilinx/Vitis_HLS/2022.2/common/technology/autopilot\ap_common.h:515:0)
WARNING: [HLS 214-273] In function 'ap_int_base<41, true>::ap_int_base<40, true>(ap_int_base<40, true> const&)', Pragma conflict happens on 'INLINE' and DATAFLOW pragmas: Inline into dataflow region may break the canonical form (D:/Xilinx/Vitis_HLS/2022.2/common/technology/autopilot\ap_int_base.h:185:0)
WARNING: [HLS 214-273] In function 'ap_int_base<41, true>::ap_int_base(int)', Pragma conflict happens on 'INLINE' and DATAFLOW pragmas: Inline into dataflow region may break the canonical form (D:/Xilinx/Vitis_HLS/2022.2/common/technology/autopilot\ap_int_base.h:214:0)
WARNING: [HLS 214-273] In function '_ZN8ssdm_intILi41ELb1EEC2EDq41_i', Pragma conflict happens on 'INLINE' and DATAFLOW pragmas: Inline into dataflow region may break the canonical form (D:/Xilinx/Vitis_HLS/2022.2/common/technology/autopilot\ap_common.h:515:0)
WARNING: [HLS 214-273] In function 'bool ap_int_base<2, false>::operator==<32, true>(ap_int_base<32, true> const&) const', Pragma conflict happens on 'INLINE' and DATAFLOW pragmas: Inline into dataflow region may break the canonical form (D:/Xilinx/Vitis_HLS/2022.2/common/technology/autopilot\ap_int_base.h:1018:0)
WARNING: [HLS 214-273] In function 'ap_int_base<16, false>::ap_int_base<43, true>(ap_int_base<43, true> const&)', Pragma conflict happens on 'INLINE' and DATAFLOW pragmas: Inline into dataflow region may break the canonical form (D:/Xilinx/Vitis_HLS/2022.2/common/technology/autopilot\ap_int_base.h:185:0)
WARNING: [HLS 214-273] In function 'ssdm_int<16, false>::ssdm_int(unsigned short)', Pragma conflict happens on 'INLINE' and DATAFLOW pragmas: Inline into dataflow region may break the canonical form (D:/Xilinx/Vitis_HLS/2022.2/common/technology/autopilot\ap_common.h:523:0)
WARNING: [HLS 214-273] In function 'ap_int_base<42, true>::RType<32, true>::plus operator+<42, true, 32, true>(ap_int_base<42, true> const&, ap_int_base<32, true> const&)', Pragma conflict happens on 'INLINE' and DATAFLOW pragmas: Inline into dataflow region may break the canonical form (D:/Xilinx/Vitis_HLS/2022.2/common/technology/autopilot\ap_int_base.h:1495:0)
WARNING: [HLS 214-273] In function 'ap_int_base<43, true>::ap_int_base<42, true>(ap_int_base<42, true> const&)', Pragma conflict happens on 'INLINE' and DATAFLOW pragmas: Inline into dataflow region may break the canonical form (D:/Xilinx/Vitis_HLS/2022.2/common/technology/autopilot\ap_int_base.h:185:0)
WARNING: [HLS 214-273] In function 'ap_int_base<43, true>::ap_int_base<32, true>(ap_int_base<32, true> const&)', Pragma conflict happens on 'INLINE' and DATAFLOW pragmas: Inline into dataflow region may break the canonical form (D:/Xilinx/Vitis_HLS/2022.2/common/technology/autopilot\ap_int_base.h:185:0)
WARNING: [HLS 214-273] In function 'ap_int_base<43, true>::ap_int_base(int)', Pragma conflict happens on 'INLINE' and DATAFLOW pragmas: Inline into dataflow region may break the canonical form (D:/Xilinx/Vitis_HLS/2022.2/common/technology/autopilot\ap_int_base.h:214:0)
WARNING: [HLS 214-273] In function '_ZN8ssdm_intILi43ELb1EEC2EDq43_i', Pragma conflict happens on 'INLINE' and DATAFLOW pragmas: Inline into dataflow region may break the canonical form (D:/Xilinx/Vitis_HLS/2022.2/common/technology/autopilot\ap_common.h:515:0)
WARNING: [HLS 214-273] In function 'ap_int_base<42, true>::ap_int_base(int)', Pragma conflict happens on 'INLINE' and DATAFLOW pragmas: Inline into dataflow region may break the canonical form (D:/Xilinx/Vitis_HLS/2022.2/common/technology/autopilot\ap_int_base.h:214:0)
WARNING: [HLS 214-273] In function '_ZN8ssdm_intILi42ELb1EEC2EDq42_i', Pragma conflict happens on 'INLINE' and DATAFLOW pragmas: Inline into dataflow region may break the canonical form (D:/Xilinx/Vitis_HLS/2022.2/common/technology/autopilot\ap_common.h:515:0)
WARNING: [HLS 214-273] In function 'ap_int_base<42, true>::ap_int_base<41, true>(ap_int_base<41, true> const&)', Pragma conflict happens on 'INLINE' and DATAFLOW pragmas: Inline into dataflow region may break the canonical form (D:/Xilinx/Vitis_HLS/2022.2/common/technology/autopilot\ap_int_base.h:185:0)
WARNING: [HLS 214-273] In function 'ap_int_base<42, true>::ap_int_base<8, false>(ap_int_base<8, false> const&)', Pragma conflict happens on 'INLINE' and DATAFLOW pragmas: Inline into dataflow region may break the canonical form (D:/Xilinx/Vitis_HLS/2022.2/common/technology/autopilot\ap_int_base.h:185:0)
WARNING: [HLS 214-273] In function 'ap_int_base<41, true>::ap_int_base<16, false>(ap_int_base<16, false> const&)', Pragma conflict happens on 'INLINE' and DATAFLOW pragmas: Inline into dataflow region may break the canonical form (D:/Xilinx/Vitis_HLS/2022.2/common/technology/autopilot\ap_int_base.h:185:0)
WARNING: [HLS 214-273] In function 'ap_int_base<32, true>::RType<8, false>::mult operator*<32, true, 8, false>(ap_int_base<32, true> const&, ap_int_base<8, false> const&)', Pragma conflict happens on 'INLINE' and DATAFLOW pragmas: Inline into dataflow region may break the canonical form (D:/Xilinx/Vitis_HLS/2022.2/common/technology/autopilot\ap_int_base.h:1494:0)
WARNING: [HLS 214-273] In function 'ap_int_base<40, true>::ap_int_base<32, true>(ap_int_base<32, true> const&)', Pragma conflict happens on 'INLINE' and DATAFLOW pragmas: Inline into dataflow region may break the canonical form (D:/Xilinx/Vitis_HLS/2022.2/common/technology/autopilot\ap_int_base.h:185:0)
WARNING: [HLS 214-273] In function 'ap_int_base<40, true>::ap_int_base<8, false>(ap_int_base<8, false> const&)', Pragma conflict happens on 'INLINE' and DATAFLOW pragmas: Inline into dataflow region may break the canonical form (D:/Xilinx/Vitis_HLS/2022.2/common/technology/autopilot\ap_int_base.h:185:0)
WARNING: [HLS 214-273] In function 'ap_int_base<40, true>::ap_int_base(int)', Pragma conflict happens on 'INLINE' and DATAFLOW pragmas: Inline into dataflow region may break the canonical form (D:/Xilinx/Vitis_HLS/2022.2/common/technology/autopilot\ap_int_base.h:214:0)
WARNING: [HLS 214-273] In function '_ZN8ssdm_intILi40ELb1EEC2EDq40_i', Pragma conflict happens on 'INLINE' and DATAFLOW pragmas: Inline into dataflow region may break the canonical form (D:/Xilinx/Vitis_HLS/2022.2/common/technology/autopilot\ap_common.h:515:0)
INFO: [HLS 214-131] Inlining function 'ssdm_int<32, true>::ssdm_int(int)' into 'ap_int_base<32, true>::ap_int_base(int)' (D:/Xilinx/Vitis_HLS/2022.2/common/technology/autopilot\ap_int_base.h:214:67)
INFO: [HLS 214-131] Inlining function '_ZN8ssdm_intILi40ELb1EEC2EDq40_i' into 'ap_int_base<40, true>::ap_int_base<32, true>(ap_int_base<32, true> const&)' (D:/Xilinx/Vitis_HLS/2022.2/common/technology/autopilot\ap_int_base.h:185:106)
INFO: [HLS 214-131] Inlining function '_ZN8ssdm_intILi40ELb1EEC2EDq40_i' into 'ap_int_base<40, true>::ap_int_base<8, false>(ap_int_base<8, false> const&)' (D:/Xilinx/Vitis_HLS/2022.2/common/technology/autopilot\ap_int_base.h:185:106)
INFO: [HLS 214-131] Inlining function '_ZN8ssdm_intILi40ELb1EEC2EDq40_i' into 'ap_int_base<40, true>::ap_int_base(int)' (D:/Xilinx/Vitis_HLS/2022.2/common/technology/autopilot\ap_int_base.h:214:67)
INFO: [HLS 214-131] Inlining function 'ap_int_base<40, true>::ap_int_base<32, true>(ap_int_base<32, true> const&)' into 'ap_int_base<32, true>::RType<8, false>::mult operator*<32, true, 8, false>(ap_int_base<32, true> const&, ap_int_base<8, false> const&)' (D:/Xilinx/Vitis_HLS/2022.2/common/technology/autopilot\ap_int_base.h:1494:339)
INFO: [HLS 214-131] Inlining function 'ap_int_base<40, true>::ap_int_base(int)' into 'ap_int_base<32, true>::RType<8, false>::mult operator*<32, true, 8, false>(ap_int_base<32, true> const&, ap_int_base<8, false> const&)' (D:/Xilinx/Vitis_HLS/2022.2/common/technology/autopilot\ap_int_base.h:1494:516)
INFO: [HLS 214-131] Inlining function 'ap_int_base<40, true>::ap_int_base<8, false>(ap_int_base<8, false> const&)' into 'ap_int_base<32, true>::RType<8, false>::mult operator*<32, true, 8, false>(ap_int_base<32, true> const&, ap_int_base<8, false> const&)' (D:/Xilinx/Vitis_HLS/2022.2/common/technology/autopilot\ap_int_base.h:1494:427)
INFO: [HLS 214-131] Inlining function 'ap_int_base<32, true>::ap_int_base(int)' into 'ap_int_base<8, false>::RType<($_0)32, true>::mult operator*<8, false>(int, ap_int_base<8, false> const&)' (D:/Xilinx/Vitis_HLS/2022.2/common/technology/autopilot\ap_int_base.h:1633:216)
INFO: [HLS 214-131] Inlining function 'ap_int_base<32, true>::RType<8, false>::mult operator*<32, true, 8, false>(ap_int_base<32, true> const&, ap_int_base<8, false> const&)' into 'ap_int_base<8, false>::RType<($_0)32, true>::mult operator*<8, false>(int, ap_int_base<8, false> const&)' (D:/Xilinx/Vitis_HLS/2022.2/common/technology/autopilot\ap_int_base.h:1633:254)
INFO: [HLS 214-131] Inlining function '_ZN8ssdm_intILi41ELb1EEC2EDq41_i' into 'ap_int_base<41, true>::ap_int_base<16, false>(ap_int_base<16, false> const&)' (D:/Xilinx/Vitis_HLS/2022.2/common/technology/autopilot\ap_int_base.h:185:106)
INFO: [HLS 214-131] Inlining function '_ZN8ssdm_intILi41ELb1EEC2EDq41_i' into 'ap_int_base<41, true>::ap_int_base<40, true>(ap_int_base<40, true> const&)' (D:/Xilinx/Vitis_HLS/2022.2/common/technology/autopilot\ap_int_base.h:185:106)
INFO: [HLS 214-131] Inlining function '_ZN8ssdm_intILi41ELb1EEC2EDq41_i' into 'ap_int_base<41, true>::ap_int_base(int)' (D:/Xilinx/Vitis_HLS/2022.2/common/technology/autopilot\ap_int_base.h:214:67)
INFO: [HLS 214-131] Inlining function 'ap_int_base<41, true>::ap_int_base<16, false>(ap_int_base<16, false> const&)' into 'ap_int_base<16, false>::RType<40, true>::plus operator+<16, false, 40, true>(ap_int_base<16, false> const&, ap_int_base<40, true> const&)' (D:/Xilinx/Vitis_HLS/2022.2/common/technology/autopilot\ap_int_base.h:1495:339)
INFO: [HLS 214-131] Inlining function 'ap_int_base<41, true>::ap_int_base(int)' into 'ap_int_base<16, false>::RType<40, true>::plus operator+<16, false, 40, true>(ap_int_base<16, false> const&, ap_int_base<40, true> const&)' (D:/Xilinx/Vitis_HLS/2022.2/common/technology/autopilot\ap_int_base.h:1495:516)
INFO: [HLS 214-131] Inlining function 'ap_int_base<41, true>::ap_int_base<40, true>(ap_int_base<40, true> const&)' into 'ap_int_base<16, false>::RType<40, true>::plus operator+<16, false, 40, true>(ap_int_base<16, false> const&, ap_int_base<40, true> const&)' (D:/Xilinx/Vitis_HLS/2022.2/common/technology/autopilot\ap_int_base.h:1495:427)
INFO: [HLS 214-131] Inlining function '_ZN8ssdm_intILi42ELb1EEC2EDq42_i' into 'ap_int_base<42, true>::ap_int_base<41, true>(ap_int_base<41, true> const&)' (D:/Xilinx/Vitis_HLS/2022.2/common/technology/autopilot\ap_int_base.h:185:106)
INFO: [HLS 214-131] Inlining function '_ZN8ssdm_intILi42ELb1EEC2EDq42_i' into 'ap_int_base<42, true>::ap_int_base<8, false>(ap_int_base<8, false> const&)' (D:/Xilinx/Vitis_HLS/2022.2/common/technology/autopilot\ap_int_base.h:185:106)
INFO: [HLS 214-131] Inlining function '_ZN8ssdm_intILi42ELb1EEC2EDq42_i' into 'ap_int_base<42, true>::ap_int_base(int)' (D:/Xilinx/Vitis_HLS/2022.2/common/technology/autopilot\ap_int_base.h:214:67)
INFO: [HLS 214-131] Inlining function 'ap_int_base<42, true>::ap_int_base<41, true>(ap_int_base<41, true> const&)' into 'ap_int_base<41, true>::RType<8, false>::minus operator-<41, true, 8, false>(ap_int_base<41, true> const&, ap_int_base<8, false> const&)' (D:/Xilinx/Vitis_HLS/2022.2/common/technology/autopilot\ap_int_base.h:1496:341)
INFO: [HLS 214-131] Inlining function 'ap_int_base<42, true>::ap_int_base(int)' into 'ap_int_base<41, true>::RType<8, false>::minus operator-<41, true, 8, false>(ap_int_base<41, true> const&, ap_int_base<8, false> const&)' (D:/Xilinx/Vitis_HLS/2022.2/common/technology/autopilot\ap_int_base.h:1496:520)
INFO: [HLS 214-131] Inlining function 'ap_int_base<42, true>::ap_int_base<8, false>(ap_int_base<8, false> const&)' into 'ap_int_base<41, true>::RType<8, false>::minus operator-<41, true, 8, false>(ap_int_base<41, true> const&, ap_int_base<8, false> const&)' (D:/Xilinx/Vitis_HLS/2022.2/common/technology/autopilot\ap_int_base.h:1496:430)
INFO: [HLS 214-131] Inlining function 'ap_int_base<42, true>::ap_int_base(int)' into 'ap_int_base<42, true>::RType<8, false>::div operator/<42, true, 8, false>(ap_int_base<42, true> const&, ap_int_base<8, false> const&)' (D:/Xilinx/Vitis_HLS/2022.2/common/technology/autopilot\ap_int_base.h:1513:337)
INFO: [HLS 214-131] Inlining function '_ZN8ssdm_intILi43ELb1EEC2EDq43_i' into 'ap_int_base<43, true>::ap_int_base<42, true>(ap_int_base<42, true> const&)' (D:/Xilinx/Vitis_HLS/2022.2/common/technology/autopilot\ap_int_base.h:185:106)
INFO: [HLS 214-131] Inlining function '_ZN8ssdm_intILi43ELb1EEC2EDq43_i' into 'ap_int_base<43, true>::ap_int_base<32, true>(ap_int_base<32, true> const&)' (D:/Xilinx/Vitis_HLS/2022.2/common/technology/autopilot\ap_int_base.h:185:106)
INFO: [HLS 214-131] Inlining function '_ZN8ssdm_intILi43ELb1EEC2EDq43_i' into 'ap_int_base<43, true>::ap_int_base(int)' (D:/Xilinx/Vitis_HLS/2022.2/common/technology/autopilot\ap_int_base.h:214:67)
INFO: [HLS 214-131] Inlining function 'ap_int_base<43, true>::ap_int_base<42, true>(ap_int_base<42, true> const&)' into 'ap_int_base<42, true>::RType<32, true>::plus operator+<42, true, 32, true>(ap_int_base<42, true> const&, ap_int_base<32, true> const&)' (D:/Xilinx/Vitis_HLS/2022.2/common/technology/autopilot\ap_int_base.h:1495:339)
INFO: [HLS 214-131] Inlining function 'ap_int_base<43, true>::ap_int_base(int)' into 'ap_int_base<42, true>::RType<32, true>::plus operator+<42, true, 32, true>(ap_int_base<42, true> const&, ap_int_base<32, true> const&)' (D:/Xilinx/Vitis_HLS/2022.2/common/technology/autopilot\ap_int_base.h:1495:516)
INFO: [HLS 214-131] Inlining function 'ap_int_base<43, true>::ap_int_base<32, true>(ap_int_base<32, true> const&)' into 'ap_int_base<42, true>::RType<32, true>::plus operator+<42, true, 32, true>(ap_int_base<42, true> const&, ap_int_base<32, true> const&)' (D:/Xilinx/Vitis_HLS/2022.2/common/technology/autopilot\ap_int_base.h:1495:427)
INFO: [HLS 214-131] Inlining function 'ap_int_base<32, true>::ap_int_base(int)' into 'ap_int_base<42, true>::RType<($_0)32, true>::plus operator+<42, true>(ap_int_base<42, true> const&, int)' (D:/Xilinx/Vitis_HLS/2022.2/common/technology/autopilot\ap_int_base.h:1633:1006)
INFO: [HLS 214-131] Inlining function 'ap_int_base<42, true>::RType<32, true>::plus operator+<42, true, 32, true>(ap_int_base<42, true> const&, ap_int_base<32, true> const&)' into 'ap_int_base<42, true>::RType<($_0)32, true>::plus operator+<42, true>(ap_int_base<42, true> const&, int)' (D:/Xilinx/Vitis_HLS/2022.2/common/technology/autopilot\ap_int_base.h:1633:1004)
INFO: [HLS 214-131] Inlining function 'ssdm_int<16, false>::ssdm_int(unsigned short)' into 'ap_int_base<16, false>::ap_int_base<43, true>(ap_int_base<43, true> const&)' (D:/Xilinx/Vitis_HLS/2022.2/common/technology/autopilot\ap_int_base.h:185:106)
INFO: [HLS 214-131] Inlining function 'ap_int_base<16, false>::ap_int_base<43, true>(ap_int_base<43, true> const&)' into 'ap_uint<16>::ap_uint<43>(ap_int<43> const&)'
INFO: [HLS 214-131] Inlining function 'ap_int_base<32, true>::ap_int_base(int)' into 'bool operator==<2, false>(ap_int_base<2, false> const&, int)' (D:/Xilinx/Vitis_HLS/2022.2/common/technology/autopilot\ap_int_base.h:1788:1853)
INFO: [HLS 214-131] Inlining function 'bool ap_int_base<2, false>::operator==<32, true>(ap_int_base<32, true> const&) const' into 'bool operator==<2, false>(ap_int_base<2, false> const&, int)' (D:/Xilinx/Vitis_HLS/2022.2/common/technology/autopilot\ap_int_base.h:1788:1850)
INFO: [HLS 214-131] Inlining function 'ap_int_base<32, true>::ap_int_base(int)' into 'bool operator<<16, false>(int, ap_int_base<16, false> const&)' (D:/Xilinx/Vitis_HLS/2022.2/common/technology/autopilot\ap_int_base.h:1788:520)
INFO: [HLS 214-131] Inlining function 'bool ap_int_base<32, true>::operator<<16, false>(ap_int_base<16, false> const&) const' into 'bool operator<<16, false>(int, ap_int_base<16, false> const&)' (D:/Xilinx/Vitis_HLS/2022.2/common/technology/autopilot\ap_int_base.h:1788:558)
INFO: [HLS 214-131] Inlining function '_ZN8ssdm_intILi33ELb1EEC2EDq33_i' into 'ap_int_base<33, true>::ap_int_base<32, true>(ap_int_base<32, true> const&)' (D:/Xilinx/Vitis_HLS/2022.2/common/technology/autopilot\ap_int_base.h:185:106)
INFO: [HLS 214-131] Inlining function '_ZN8ssdm_intILi33ELb1EEC2EDq33_i' into 'ap_int_base<33, true>::ap_int_base<8, false>(ap_int_base<8, false> const&)' (D:/Xilinx/Vitis_HLS/2022.2/common/technology/autopilot\ap_int_base.h:185:106)
INFO: [HLS 214-131] Inlining function '_ZN8ssdm_intILi33ELb1EEC2EDq33_i' into 'ap_int_base<33, true>::ap_int_base(int)' (D:/Xilinx/Vitis_HLS/2022.2/common/technology/autopilot\ap_int_base.h:214:67)
INFO: [HLS 214-131] Inlining function 'ap_int_base<33, true>::ap_int_base<32, true>(ap_int_base<32, true> const&)' into 'ap_int_base<32, true>::RType<8, false>::plus operator+<32, true, 8, false>(ap_int_base<32, true> const&, ap_int_base<8, false> const&)' (D:/Xilinx/Vitis_HLS/2022.2/common/technology/autopilot\ap_int_base.h:1495:339)
INFO: [HLS 214-131] Inlining function 'ap_int_base<33, true>::ap_int_base(int)' into 'ap_int_base<32, true>::RType<8, false>::plus operator+<32, true, 8, false>(ap_int_base<32, true> const&, ap_int_base<8, false> const&)' (D:/Xilinx/Vitis_HLS/2022.2/common/technology/autopilot\ap_int_base.h:1495:516)
INFO: [HLS 214-131] Inlining function 'ap_int_base<33, true>::ap_int_base<8, false>(ap_int_base<8, false> const&)' into 'ap_int_base<32, true>::RType<8, false>::plus operator+<32, true, 8, false>(ap_int_base<32, true> const&, ap_int_base<8, false> const&)' (D:/Xilinx/Vitis_HLS/2022.2/common/technology/autopilot\ap_int_base.h:1495:427)
INFO: [HLS 214-131] Inlining function 'ap_int_base<32, true>::ap_int_base(int)' into 'ap_int_base<8, false>::RType<($_0)32, true>::plus operator+<8, false>(int, ap_int_base<8, false> const&)' (D:/Xilinx/Vitis_HLS/2022.2/common/technology/autopilot\ap_int_base.h:1633:739)
INFO: [HLS 214-131] Inlining function 'ap_int_base<32, true>::RType<8, false>::plus operator+<32, true, 8, false>(ap_int_base<32, true> const&, ap_int_base<8, false> const&)' into 'ap_int_base<8, false>::RType<($_0)32, true>::plus operator+<8, false>(int, ap_int_base<8, false> const&)' (D:/Xilinx/Vitis_HLS/2022.2/common/technology/autopilot\ap_int_base.h:1633:777)
INFO: [HLS 214-131] Inlining function '_ZN8ssdm_intILi34ELb1EEC2EDq34_i' into 'ap_int_base<34, true>::ap_int_base<33, true>(ap_int_base<33, true> const&)' (D:/Xilinx/Vitis_HLS/2022.2/common/technology/autopilot\ap_int_base.h:185:106)
INFO: [HLS 214-131] Inlining function '_ZN8ssdm_intILi34ELb1EEC2EDq34_i' into 'ap_int_base<34, true>::ap_int_base<32, true>(ap_int_base<32, true> const&)' (D:/Xilinx/Vitis_HLS/2022.2/common/technology/autopilot\ap_int_base.h:185:106)
INFO: [HLS 214-131] Inlining function '_ZN8ssdm_intILi34ELb1EEC2EDq34_i' into 'ap_int_base<34, true>::ap_int_base(int)' (D:/Xilinx/Vitis_HLS/2022.2/common/technology/autopilot\ap_int_base.h:214:67)
INFO: [HLS 214-131] Inlining function 'ap_int_base<34, true>::ap_int_base<33, true>(ap_int_base<33, true> const&)' into 'ap_int_base<33, true>::RType<32, true>::minus operator-<33, true, 32, true>(ap_int_base<33, true> const&, ap_int_base<32, true> const&)' (D:/Xilinx/Vitis_HLS/2022.2/common/technology/autopilot\ap_int_base.h:1496:341)
INFO: [HLS 214-131] Inlining function 'ap_int_base<34, true>::ap_int_base(int)' into 'ap_int_base<33, true>::RType<32, true>::minus operator-<33, true, 32, true>(ap_int_base<33, true> const&, ap_int_base<32, true> const&)' (D:/Xilinx/Vitis_HLS/2022.2/common/technology/autopilot\ap_int_base.h:1496:520)
INFO: [HLS 214-131] Inlining function 'ap_int_base<34, true>::ap_int_base<32, true>(ap_int_base<32, true> const&)' into 'ap_int_base<33, true>::RType<32, true>::minus operator-<33, true, 32, true>(ap_int_base<33, true> const&, ap_int_base<32, true> const&)' (D:/Xilinx/Vitis_HLS/2022.2/common/technology/autopilot\ap_int_base.h:1496:430)
INFO: [HLS 214-131] Inlining function 'ap_int_base<32, true>::ap_int_base(int)' into 'ap_int_base<33, true>::RType<($_0)32, true>::minus operator-<33, true>(ap_int_base<33, true> const&, int)' (D:/Xilinx/Vitis_HLS/2022.2/common/technology/autopilot\ap_int_base.h:1633:1531)
INFO: [HLS 214-131] Inlining function 'ap_int_base<33, true>::RType<32, true>::minus operator-<33, true, 32, true>(ap_int_base<33, true> const&, ap_int_base<32, true> const&)' into 'ap_int_base<33, true>::RType<($_0)32, true>::minus operator-<33, true>(ap_int_base<33, true> const&, int)' (D:/Xilinx/Vitis_HLS/2022.2/common/technology/autopilot\ap_int_base.h:1633:1529)
INFO: [HLS 214-131] Inlining function 'ap_int_base<32, true>::ap_int_base(int)' into 'bool operator<<34, true>(int, ap_int_base<34, true> const&)' (D:/Xilinx/Vitis_HLS/2022.2/common/technology/autopilot\ap_int_base.h:1788:520)
INFO: [HLS 214-131] Inlining function 'bool ap_int_base<32, true>::operator<<34, true>(ap_int_base<34, true> const&) const' into 'bool operator<<34, true>(int, ap_int_base<34, true> const&)' (D:/Xilinx/Vitis_HLS/2022.2/common/technology/autopilot\ap_int_base.h:1788:558)
INFO: [HLS 214-131] Inlining function '_ZN8ssdm_intILi41ELb1EEC2EDq41_i' into 'ap_int_base<41, true>::ap_int_base<32, true>(ap_int_base<32, true> const&)' (D:/Xilinx/Vitis_HLS/2022.2/common/technology/autopilot\ap_int_base.h:185:106)
INFO: [HLS 214-131] Inlining function 'ap_int_base<41, true>::ap_int_base<40, true>(ap_int_base<40, true> const&)' into 'ap_int_base<40, true>::RType<32, true>::plus operator+<40, true, 32, true>(ap_int_base<40, true> const&, ap_int_base<32, true> const&)' (D:/Xilinx/Vitis_HLS/2022.2/common/technology/autopilot\ap_int_base.h:1495:339)
INFO: [HLS 214-131] Inlining function 'ap_int_base<41, true>::ap_int_base(int)' into 'ap_int_base<40, true>::RType<32, true>::plus operator+<40, true, 32, true>(ap_int_base<40, true> const&, ap_int_base<32, true> const&)' (D:/Xilinx/Vitis_HLS/2022.2/common/technology/autopilot\ap_int_base.h:1495:516)
INFO: [HLS 214-131] Inlining function 'ap_int_base<41, true>::ap_int_base<32, true>(ap_int_base<32, true> const&)' into 'ap_int_base<40, true>::RType<32, true>::plus operator+<40, true, 32, true>(ap_int_base<40, true> const&, ap_int_base<32, true> const&)' (D:/Xilinx/Vitis_HLS/2022.2/common/technology/autopilot\ap_int_base.h:1495:427)
INFO: [HLS 214-131] Inlining function 'ap_int_base<32, true>::ap_int_base(int)' into 'ap_int_base<40, true>::RType<($_0)32, true>::plus operator+<40, true>(ap_int_base<40, true> const&, int)' (D:/Xilinx/Vitis_HLS/2022.2/common/technology/autopilot\ap_int_base.h:1633:1006)
INFO: [HLS 214-131] Inlining function 'ap_int_base<40, true>::RType<32, true>::plus operator+<40, true, 32, true>(ap_int_base<40, true> const&, ap_int_base<32, true> const&)' into 'ap_int_base<40, true>::RType<($_0)32, true>::plus operator+<40, true>(ap_int_base<40, true> const&, int)' (D:/Xilinx/Vitis_HLS/2022.2/common/technology/autopilot\ap_int_base.h:1633:1004)
INFO: [HLS 214-131] Inlining function '_ZN8ssdm_intILi48ELb1EEC2EDq48_i' into 'ap_int_base<48, true>::ap_int_base<32, true>(ap_int_base<32, true> const&)' (D:/Xilinx/Vitis_HLS/2022.2/common/technology/autopilot\ap_int_base.h:185:106)
INFO: [HLS 214-131] Inlining function '_ZN8ssdm_intILi48ELb1EEC2EDq48_i' into 'ap_int_base<48, true>::ap_int_base<16, false>(ap_int_base<16, false> const&)' (D:/Xilinx/Vitis_HLS/2022.2/common/technology/autopilot\ap_int_base.h:185:106)
INFO: [HLS 214-131] Inlining function '_ZN8ssdm_intILi48ELb1EEC2EDq48_i' into 'ap_int_base<48, true>::ap_int_base(int)' (D:/Xilinx/Vitis_HLS/2022.2/common/technology/autopilot\ap_int_base.h:214:67)
INFO: [HLS 214-131] Inlining function 'ap_int_base<48, true>::ap_int_base<32, true>(ap_int_base<32, true> const&)' into 'ap_int_base<32, true>::RType<16, false>::mult operator*<32, true, 16, false>(ap_int_base<32, true> const&, ap_int_base<16, false> const&)' (D:/Xilinx/Vitis_HLS/2022.2/common/technology/autopilot\ap_int_base.h:1494:339)
INFO: [HLS 214-131] Inlining function 'ap_int_base<48, true>::ap_int_base(int)' into 'ap_int_base<32, true>::RType<16, false>::mult operator*<32, true, 16, false>(ap_int_base<32, true> const&, ap_int_base<16, false> const&)' (D:/Xilinx/Vitis_HLS/2022.2/common/technology/autopilot\ap_int_base.h:1494:516)
INFO: [HLS 214-131] Inlining function 'ap_int_base<48, true>::ap_int_base<16, false>(ap_int_base<16, false> const&)' into 'ap_int_base<32, true>::RType<16, false>::mult operator*<32, true, 16, false>(ap_int_base<32, true> const&, ap_int_base<16, false> const&)' (D:/Xilinx/Vitis_HLS/2022.2/common/technology/autopilot\ap_int_base.h:1494:427)
INFO: [HLS 214-131] Inlining function 'ap_int_base<32, true>::ap_int_base(int)' into 'ap_int_base<16, false>::RType<($_0)32, true>::mult operator*<16, false>(int, ap_int_base<16, false> const&)' (D:/Xilinx/Vitis_HLS/2022.2/common/technology/autopilot\ap_int_base.h:1633:216)
INFO: [HLS 214-131] Inlining function 'ap_int_base<32, true>::RType<16, false>::mult operator*<32, true, 16, false>(ap_int_base<32, true> const&, ap_int_base<16, false> const&)' into 'ap_int_base<16, false>::RType<($_0)32, true>::mult operator*<16, false>(int, ap_int_base<16, false> const&)' (D:/Xilinx/Vitis_HLS/2022.2/common/technology/autopilot\ap_int_base.h:1633:254)
INFO: [HLS 214-131] Inlining function '_ZN8ssdm_intILi49ELb1EEC2EDq49_i' into 'ap_int_base<49, true>::ap_int_base<48, true>(ap_int_base<48, true> const&)' (D:/Xilinx/Vitis_HLS/2022.2/common/technology/autopilot\ap_int_base.h:185:106)
INFO: [HLS 214-131] Inlining function '_ZN8ssdm_intILi49ELb1EEC2EDq49_i' into 'ap_int_base<49, true>::ap_int_base<32, true>(ap_int_base<32, true> const&)' (D:/Xilinx/Vitis_HLS/2022.2/common/technology/autopilot\ap_int_base.h:185:106)
INFO: [HLS 214-131] Inlining function '_ZN8ssdm_intILi49ELb1EEC2EDq49_i' into 'ap_int_base<49, true>::ap_int_base(int)' (D:/Xilinx/Vitis_HLS/2022.2/common/technology/autopilot\ap_int_base.h:214:67)
INFO: [HLS 214-131] Inlining function 'ap_int_base<49, true>::ap_int_base<48, true>(ap_int_base<48, true> const&)' into 'ap_int_base<48, true>::RType<32, true>::plus operator+<48, true, 32, true>(ap_int_base<48, true> const&, ap_int_base<32, true> const&)' (D:/Xilinx/Vitis_HLS/2022.2/common/technology/autopilot\ap_int_base.h:1495:339)
INFO: [HLS 214-131] Inlining function 'ap_int_base<49, true>::ap_int_base(int)' into 'ap_int_base<48, true>::RType<32, true>::plus operator+<48, true, 32, true>(ap_int_base<48, true> const&, ap_int_base<32, true> const&)' (D:/Xilinx/Vitis_HLS/2022.2/common/technology/autopilot\ap_int_base.h:1495:516)
INFO: [HLS 214-131] Inlining function 'ap_int_base<49, true>::ap_int_base<32, true>(ap_int_base<32, true> const&)' into 'ap_int_base<48, true>::RType<32, true>::plus operator+<48, true, 32, true>(ap_int_base<48, true> const&, ap_int_base<32, true> const&)' (D:/Xilinx/Vitis_HLS/2022.2/common/technology/autopilot\ap_int_base.h:1495:427)
INFO: [HLS 214-131] Inlining function 'ap_int_base<32, true>::ap_int_base(int)' into 'ap_int_base<48, true>::RType<($_0)32, true>::plus operator+<48, true>(ap_int_base<48, true> const&, int)' (D:/Xilinx/Vitis_HLS/2022.2/common/technology/autopilot\ap_int_base.h:1633:1006)
INFO: [HLS 214-131] Inlining function 'ap_int_base<48, true>::RType<32, true>::plus operator+<48, true, 32, true>(ap_int_base<48, true> const&, ap_int_base<32, true> const&)' into 'ap_int_base<48, true>::RType<($_0)32, true>::plus operator+<48, true>(ap_int_base<48, true> const&, int)' (D:/Xilinx/Vitis_HLS/2022.2/common/technology/autopilot\ap_int_base.h:1633:1004)
INFO: [HLS 214-131] Inlining function '_ZN8ssdm_intILi65ELb1EEC2EDq65_i' into 'ap_int_base<65, true>::ap_int_base<49, true>(ap_int_base<49, true> const&)' (D:/Xilinx/Vitis_HLS/2022.2/common/technology/autopilot\ap_int_base.h:185:106)
INFO: [HLS 214-131] Inlining function '_ZN8ssdm_intILi65ELb1EEC2EDq65_i' into 'ap_int_base<65, true>::ap_int_base<16, false>(ap_int_base<16, false> const&)' (D:/Xilinx/Vitis_HLS/2022.2/common/technology/autopilot\ap_int_base.h:185:106)
INFO: [HLS 214-131] Inlining function '_ZN8ssdm_intILi65ELb1EEC2EDq65_i' into 'ap_int_base<65, true>::ap_int_base(int)' (D:/Xilinx/Vitis_HLS/2022.2/common/technology/autopilot\ap_int_base.h:214:67)
INFO: [HLS 214-131] Inlining function 'ap_int_base<65, true>::ap_int_base<49, true>(ap_int_base<49, true> const&)' into 'ap_int_base<49, true>::RType<16, false>::mult operator*<49, true, 16, false>(ap_int_base<49, true> const&, ap_int_base<16, false> const&)' (D:/Xilinx/Vitis_HLS/2022.2/common/technology/autopilot\ap_int_base.h:1494:339)
INFO: [HLS 214-131] Inlining function 'ap_int_base<65, true>::ap_int_base(int)' into 'ap_int_base<49, true>::RType<16, false>::mult operator*<49, true, 16, false>(ap_int_base<49, true> const&, ap_int_base<16, false> const&)' (D:/Xilinx/Vitis_HLS/2022.2/common/technology/autopilot\ap_int_base.h:1494:516)
INFO: [HLS 214-131] Inlining function 'ap_int_base<65, true>::ap_int_base<16, false>(ap_int_base<16, false> const&)' into 'ap_int_base<49, true>::RType<16, false>::mult operator*<49, true, 16, false>(ap_int_base<49, true> const&, ap_int_base<16, false> const&)' (D:/Xilinx/Vitis_HLS/2022.2/common/technology/autopilot\ap_int_base.h:1494:427)
INFO: [HLS 214-131] Inlining function '_ZN8ssdm_intILi66ELb1EEC2EDq66_i' into 'ap_int_base<66, true>::ap_int_base<65, true>(ap_int_base<65, true> const&)' (D:/Xilinx/Vitis_HLS/2022.2/common/technology/autopilot\ap_int_base.h:185:106)
INFO: [HLS 214-131] Inlining function '_ZN8ssdm_intILi66ELb1EEC2EDq66_i' into 'ap_int_base<66, true>::ap_int_base<32, true>(ap_int_base<32, true> const&)' (D:/Xilinx/Vitis_HLS/2022.2/common/technology/autopilot\ap_int_base.h:185:106)
INFO: [HLS 214-131] Inlining function '_ZN8ssdm_intILi66ELb1EEC2EDq66_i' into 'ap_int_base<66, true>::ap_int_base(int)' (D:/Xilinx/Vitis_HLS/2022.2/common/technology/autopilot\ap_int_base.h:214:67)
INFO: [HLS 214-131] Inlining function 'ap_int_base<66, true>::ap_int_base<65, true>(ap_int_base<65, true> const&)' into 'ap_int_base<65, true>::RType<32, true>::plus operator+<65, true, 32, true>(ap_int_base<65, true> const&, ap_int_base<32, true> const&)' (D:/Xilinx/Vitis_HLS/2022.2/common/technology/autopilot\ap_int_base.h:1495:339)
INFO: [HLS 214-131] Inlining function 'ap_int_base<66, true>::ap_int_base(int)' into 'ap_int_base<65, true>::RType<32, true>::plus operator+<65, true, 32, true>(ap_int_base<65, true> const&, ap_int_base<32, true> const&)' (D:/Xilinx/Vitis_HLS/2022.2/common/technology/autopilot\ap_int_base.h:1495:516)
INFO: [HLS 214-131] Inlining function 'ap_int_base<66, true>::ap_int_base<32, true>(ap_int_base<32, true> const&)' into 'ap_int_base<65, true>::RType<32, true>::plus operator+<65, true, 32, true>(ap_int_base<65, true> const&, ap_int_base<32, true> const&)' (D:/Xilinx/Vitis_HLS/2022.2/common/technology/autopilot\ap_int_base.h:1495:427)
INFO: [HLS 214-131] Inlining function 'ap_int_base<32, true>::ap_int_base(int)' into 'ap_int_base<65, true>::RType<($_0)32, true>::plus operator+<65, true>(ap_int_base<65, true> const&, int)' (D:/Xilinx/Vitis_HLS/2022.2/common/technology/autopilot\ap_int_base.h:1633:1006)
INFO: [HLS 214-131] Inlining function 'ap_int_base<65, true>::RType<32, true>::plus operator+<65, true, 32, true>(ap_int_base<65, true> const&, ap_int_base<32, true> const&)' into 'ap_int_base<65, true>::RType<($_0)32, true>::plus operator+<65, true>(ap_int_base<65, true> const&, int)' (D:/Xilinx/Vitis_HLS/2022.2/common/technology/autopilot\ap_int_base.h:1633:1004)
INFO: [HLS 214-131] Inlining function 'ap_int_base<32, true>::ap_int_base(int)' into 'bool operator<<8, false>(int, ap_int_base<8, false> const&)' (D:/Xilinx/Vitis_HLS/2022.2/common/technology/autopilot\ap_int_base.h:1788:520)
INFO: [HLS 214-131] Inlining function 'bool ap_int_base<32, true>::operator<<8, false>(ap_int_base<8, false> const&) const' into 'bool operator<<8, false>(int, ap_int_base<8, false> const&)' (D:/Xilinx/Vitis_HLS/2022.2/common/technology/autopilot\ap_int_base.h:1788:558)
INFO: [HLS 214-131] Inlining function '_ZN8ssdm_intILi56ELb1EEC2EDq56_i' into 'ap_int_base<56, true>::ap_int_base<48, true>(ap_int_base<48, true> const&)' (D:/Xilinx/Vitis_HLS/2022.2/common/technology/autopilot\ap_int_base.h:185:106)
INFO: [HLS 214-131] Inlining function '_ZN8ssdm_intILi56ELb1EEC2EDq56_i' into 'ap_int_base<56, true>::ap_int_base<8, false>(ap_int_base<8, false> const&)' (D:/Xilinx/Vitis_HLS/2022.2/common/technology/autopilot\ap_int_base.h:185:106)
INFO: [HLS 214-131] Inlining function '_ZN8ssdm_intILi56ELb1EEC2EDq56_i' into 'ap_int_base<56, true>::ap_int_base(int)' (D:/Xilinx/Vitis_HLS/2022.2/common/technology/autopilot\ap_int_base.h:214:67)
INFO: [HLS 214-131] Inlining function 'ap_int_base<56, true>::ap_int_base<48, true>(ap_int_base<48, true> const&)' into 'ap_int_base<48, true>::RType<8, false>::mult operator*<48, true, 8, false>(ap_int_base<48, true> const&, ap_int_base<8, false> const&)' (D:/Xilinx/Vitis_HLS/2022.2/common/technology/autopilot\ap_int_base.h:1494:339)
INFO: [HLS 214-131] Inlining function 'ap_int_base<56, true>::ap_int_base(int)' into 'ap_int_base<48, true>::RType<8, false>::mult operator*<48, true, 8, false>(ap_int_base<48, true> const&, ap_int_base<8, false> const&)' (D:/Xilinx/Vitis_HLS/2022.2/common/technology/autopilot\ap_int_base.h:1494:516)
INFO: [HLS 214-131] Inlining function 'ap_int_base<56, true>::ap_int_base<8, false>(ap_int_base<8, false> const&)' into 'ap_int_base<48, true>::RType<8, false>::mult operator*<48, true, 8, false>(ap_int_base<48, true> const&, ap_int_base<8, false> const&)' (D:/Xilinx/Vitis_HLS/2022.2/common/technology/autopilot\ap_int_base.h:1494:427)
INFO: [HLS 214-131] Inlining function 'ssdm_int<64, true>::ssdm_int(long)' into 'ap_int_base<64, true>::ap_int_base<56, true>(ap_int_base<56, true> const&)' (D:/Xilinx/Vitis_HLS/2022.2/common/technology/autopilot\ap_int_base.h:185:106)
INFO: [HLS 214-131] Inlining function 'ssdm_int<64, true>::ssdm_int(long)' into 'ap_int_base<64, true>::ap_int_base<8, false>(ap_int_base<8, false> const&)' (D:/Xilinx/Vitis_HLS/2022.2/common/technology/autopilot\ap_int_base.h:185:106)
INFO: [HLS 214-131] Inlining function 'ssdm_int<64, true>::ssdm_int(long)' into 'ap_int_base<64, true>::ap_int_base(int)' (D:/Xilinx/Vitis_HLS/2022.2/common/technology/autopilot\ap_int_base.h:214:67)
INFO: [HLS 214-131] Inlining function 'ap_int_base<64, true>::ap_int_base<56, true>(ap_int_base<56, true> const&)' into 'ap_int_base<56, true>::RType<8, false>::mult operator*<56, true, 8, false>(ap_int_base<56, true> const&, ap_int_base<8, false> const&)' (D:/Xilinx/Vitis_HLS/2022.2/common/technology/autopilot\ap_int_base.h:1494:339)
INFO: [HLS 214-131] Inlining function 'ap_int_base<64, true>::ap_int_base(int)' into 'ap_int_base<56, true>::RType<8, false>::mult operator*<56, true, 8, false>(ap_int_base<56, true> const&, ap_int_base<8, false> const&)' (D:/Xilinx/Vitis_HLS/2022.2/common/technology/autopilot\ap_int_base.h:1494:516)
INFO: [HLS 214-131] Inlining function 'ap_int_base<64, true>::ap_int_base<8, false>(ap_int_base<8, false> const&)' into 'ap_int_base<56, true>::RType<8, false>::mult operator*<56, true, 8, false>(ap_int_base<56, true> const&, ap_int_base<8, false> const&)' (D:/Xilinx/Vitis_HLS/2022.2/common/technology/autopilot\ap_int_base.h:1494:427)
INFO: [HLS 214-131] Inlining function '_ZN8ssdm_intILi48ELb1EEC2EDq48_i' into 'ap_int_base<48, true>::ap_int_base<40, true>(ap_int_base<40, true> const&)' (D:/Xilinx/Vitis_HLS/2022.2/common/technology/autopilot\ap_int_base.h:185:106)
INFO: [HLS 214-131] Inlining function '_ZN8ssdm_intILi48ELb1EEC2EDq48_i' into 'ap_int_base<48, true>::ap_int_base<8, false>(ap_int_base<8, false> const&)' (D:/Xilinx/Vitis_HLS/2022.2/common/technology/autopilot\ap_int_base.h:185:106)
INFO: [HLS 214-131] Inlining function 'ap_int_base<48, true>::ap_int_base<40, true>(ap_int_base<40, true> const&)' into 'ap_int_base<40, true>::RType<8, false>::mult operator*<40, true, 8, false>(ap_int_base<40, true> const&, ap_int_base<8, false> const&)' (D:/Xilinx/Vitis_HLS/2022.2/common/technology/autopilot\ap_int_base.h:1494:339)
INFO: [HLS 214-131] Inlining function 'ap_int_base<48, true>::ap_int_base(int)' into 'ap_int_base<40, true>::RType<8, false>::mult operator*<40, true, 8, false>(ap_int_base<40, true> const&, ap_int_base<8, false> const&)' (D:/Xilinx/Vitis_HLS/2022.2/common/technology/autopilot\ap_int_base.h:1494:516)
INFO: [HLS 214-131] Inlining function 'ap_int_base<48, true>::ap_int_base<8, false>(ap_int_base<8, false> const&)' into 'ap_int_base<40, true>::RType<8, false>::mult operator*<40, true, 8, false>(ap_int_base<40, true> const&, ap_int_base<8, false> const&)' (D:/Xilinx/Vitis_HLS/2022.2/common/technology/autopilot\ap_int_base.h:1494:427)
INFO: [HLS 214-131] Inlining function '_ZN8ssdm_intILi65ELb1EEC2EDq65_i' into 'ap_int_base<65, true>::ap_int_base<64, true>(ap_int_base<64, true> const&)' (D:/Xilinx/Vitis_HLS/2022.2/common/technology/autopilot\ap_int_base.h:185:106)
INFO: [HLS 214-131] Inlining function '_ZN8ssdm_intILi65ELb1EEC2EDq65_i' into 'ap_int_base<65, true>::ap_int_base<48, true>(ap_int_base<48, true> const&)' (D:/Xilinx/Vitis_HLS/2022.2/common/technology/autopilot\ap_int_base.h:185:106)
INFO: [HLS 214-131] Inlining function 'ap_int_base<65, true>::ap_int_base<64, true>(ap_int_base<64, true> const&)' into 'ap_int_base<64, true>::RType<48, true>::plus operator+<64, true, 48, true>(ap_int_base<64, true> const&, ap_int_base<48, true> const&)' (D:/Xilinx/Vitis_HLS/2022.2/common/technology/autopilot\ap_int_base.h:1495:339)
INFO: [HLS 214-131] Inlining function 'ap_int_base<65, true>::ap_int_base(int)' into 'ap_int_base<64, true>::RType<48, true>::plus operator+<64, true, 48, true>(ap_int_base<64, true> const&, ap_int_base<48, true> const&)' (D:/Xilinx/Vitis_HLS/2022.2/common/technology/autopilot\ap_int_base.h:1495:516)
INFO: [HLS 214-131] Inlining function 'ap_int_base<65, true>::ap_int_base<48, true>(ap_int_base<48, true> const&)' into 'ap_int_base<64, true>::RType<48, true>::plus operator+<64, true, 48, true>(ap_int_base<64, true> const&, ap_int_base<48, true> const&)' (D:/Xilinx/Vitis_HLS/2022.2/common/technology/autopilot\ap_int_base.h:1495:427)
INFO: [HLS 214-131] Inlining function '_ZN8ssdm_intILi66ELb1EEC2EDq66_i' into 'ap_int_base<66, true>::ap_int_base<40, true>(ap_int_base<40, true> const&)' (D:/Xilinx/Vitis_HLS/2022.2/common/technology/autopilot\ap_int_base.h:185:106)
INFO: [HLS 214-131] Inlining function 'ap_int_base<66, true>::ap_int_base<65, true>(ap_int_base<65, true> const&)' into 'ap_int_base<65, true>::RType<40, true>::plus operator+<65, true, 40, true>(ap_int_base<65, true> const&, ap_int_base<40, true> const&)' (D:/Xilinx/Vitis_HLS/2022.2/common/technology/autopilot\ap_int_base.h:1495:339)
INFO: [HLS 214-131] Inlining function 'ap_int_base<66, true>::ap_int_base(int)' into 'ap_int_base<65, true>::RType<40, true>::plus operator+<65, true, 40, true>(ap_int_base<65, true> const&, ap_int_base<40, true> const&)' (D:/Xilinx/Vitis_HLS/2022.2/common/technology/autopilot\ap_int_base.h:1495:516)
INFO: [HLS 214-131] Inlining function 'ap_int_base<66, true>::ap_int_base<40, true>(ap_int_base<40, true> const&)' into 'ap_int_base<65, true>::RType<40, true>::plus operator+<65, true, 40, true>(ap_int_base<65, true> const&, ap_int_base<40, true> const&)' (D:/Xilinx/Vitis_HLS/2022.2/common/technology/autopilot\ap_int_base.h:1495:427)
INFO: [HLS 214-131] Inlining function '_ZN8ssdm_intILi67ELb1EEC2EDq67_i' into 'ap_int_base<67, true>::ap_int_base<66, true>(ap_int_base<66, true> const&)' (D:/Xilinx/Vitis_HLS/2022.2/common/technology/autopilot\ap_int_base.h:185:106)
INFO: [HLS 214-131] Inlining function '_ZN8ssdm_intILi67ELb1EEC2EDq67_i' into 'ap_int_base<67, true>::ap_int_base<32, true>(ap_int_base<32, true> const&)' (D:/Xilinx/Vitis_HLS/2022.2/common/technology/autopilot\ap_int_base.h:185:106)
INFO: [HLS 214-131] Inlining function '_ZN8ssdm_intILi67ELb1EEC2EDq67_i' into 'ap_int_base<67, true>::ap_int_base(int)' (D:/Xilinx/Vitis_HLS/2022.2/common/technology/autopilot\ap_int_base.h:214:67)
INFO: [HLS 214-131] Inlining function 'ap_int_base<67, true>::ap_int_base<66, true>(ap_int_base<66, true> const&)' into 'ap_int_base<66, true>::RType<32, true>::plus operator+<66, true, 32, true>(ap_int_base<66, true> const&, ap_int_base<32, true> const&)' (D:/Xilinx/Vitis_HLS/2022.2/common/technology/autopilot\ap_int_base.h:1495:339)
INFO: [HLS 214-131] Inlining function 'ap_int_base<67, true>::ap_int_base(int)' into 'ap_int_base<66, true>::RType<32, true>::plus operator+<66, true, 32, true>(ap_int_base<66, true> const&, ap_int_base<32, true> const&)' (D:/Xilinx/Vitis_HLS/2022.2/common/technology/autopilot\ap_int_base.h:1495:516)
INFO: [HLS 214-131] Inlining function 'ap_int_base<67, true>::ap_int_base<32, true>(ap_int_base<32, true> const&)' into 'ap_int_base<66, true>::RType<32, true>::plus operator+<66, true, 32, true>(ap_int_base<66, true> const&, ap_int_base<32, true> const&)' (D:/Xilinx/Vitis_HLS/2022.2/common/technology/autopilot\ap_int_base.h:1495:427)
INFO: [HLS 214-131] Inlining function 'ap_int_base<32, true>::ap_int_base(int)' into 'ap_int_base<66, true>::RType<($_0)32, true>::plus operator+<66, true>(ap_int_base<66, true> const&, int)' (D:/Xilinx/Vitis_HLS/2022.2/common/technology/autopilot\ap_int_base.h:1633:1006)
INFO: [HLS 214-131] Inlining function 'ap_int_base<66, true>::RType<32, true>::plus operator+<66, true, 32, true>(ap_int_base<66, true> const&, ap_int_base<32, true> const&)' into 'ap_int_base<66, true>::RType<($_0)32, true>::plus operator+<66, true>(ap_int_base<66, true> const&, int)' (D:/Xilinx/Vitis_HLS/2022.2/common/technology/autopilot\ap_int_base.h:1633:1004)
INFO: [HLS 214-131] Inlining function '_ZN8ssdm_intILi49ELb1EEC2EDq49_i' into 'ap_int_base<49, true>::ap_int_base<40, true>(ap_int_base<40, true> const&)' (D:/Xilinx/Vitis_HLS/2022.2/common/technology/autopilot\ap_int_base.h:185:106)
INFO: [HLS 214-131] Inlining function 'ap_int_base<49, true>::ap_int_base<48, true>(ap_int_base<48, true> const&)' into 'ap_int_base<48, true>::RType<40, true>::plus operator+<48, true, 40, true>(ap_int_base<48, true> const&, ap_int_base<40, true> const&)' (D:/Xilinx/Vitis_HLS/2022.2/common/technology/autopilot\ap_int_base.h:1495:339)
INFO: [HLS 214-131] Inlining function 'ap_int_base<49, true>::ap_int_base(int)' into 'ap_int_base<48, true>::RType<40, true>::plus operator+<48, true, 40, true>(ap_int_base<48, true> const&, ap_int_base<40, true> const&)' (D:/Xilinx/Vitis_HLS/2022.2/common/technology/autopilot\ap_int_base.h:1495:516)
INFO: [HLS 214-131] Inlining function 'ap_int_base<49, true>::ap_int_base<40, true>(ap_int_base<40, true> const&)' into 'ap_int_base<48, true>::RType<40, true>::plus operator+<48, true, 40, true>(ap_int_base<48, true> const&, ap_int_base<40, true> const&)' (D:/Xilinx/Vitis_HLS/2022.2/common/technology/autopilot\ap_int_base.h:1495:427)
INFO: [HLS 214-131] Inlining function '_ZN8ssdm_intILi50ELb1EEC2EDq50_i' into 'ap_int_base<50, true>::ap_int_base<49, true>(ap_int_base<49, true> const&)' (D:/Xilinx/Vitis_HLS/2022.2/common/technology/autopilot\ap_int_base.h:185:106)
INFO: [HLS 214-131] Inlining function '_ZN8ssdm_intILi50ELb1EEC2EDq50_i' into 'ap_int_base<50, true>::ap_int_base<32, true>(ap_int_base<32, true> const&)' (D:/Xilinx/Vitis_HLS/2022.2/common/technology/autopilot\ap_int_base.h:185:106)
INFO: [HLS 214-131] Inlining function '_ZN8ssdm_intILi50ELb1EEC2EDq50_i' into 'ap_int_base<50, true>::ap_int_base(int)' (D:/Xilinx/Vitis_HLS/2022.2/common/technology/autopilot\ap_int_base.h:214:67)
INFO: [HLS 214-131] Inlining function 'ap_int_base<50, true>::ap_int_base<49, true>(ap_int_base<49, true> const&)' into 'ap_int_base<49, true>::RType<32, true>::plus operator+<49, true, 32, true>(ap_int_base<49, true> const&, ap_int_base<32, true> const&)' (D:/Xilinx/Vitis_HLS/2022.2/common/technology/autopilot\ap_int_base.h:1495:339)
INFO: [HLS 214-131] Inlining function 'ap_int_base<50, true>::ap_int_base(int)' into 'ap_int_base<49, true>::RType<32, true>::plus operator+<49, true, 32, true>(ap_int_base<49, true> const&, ap_int_base<32, true> const&)' (D:/Xilinx/Vitis_HLS/2022.2/common/technology/autopilot\ap_int_base.h:1495:516)
INFO: [HLS 214-131] Inlining function 'ap_int_base<50, true>::ap_int_base<32, true>(ap_int_base<32, true> const&)' into 'ap_int_base<49, true>::RType<32, true>::plus operator+<49, true, 32, true>(ap_int_base<49, true> const&, ap_int_base<32, true> const&)' (D:/Xilinx/Vitis_HLS/2022.2/common/technology/autopilot\ap_int_base.h:1495:427)
INFO: [HLS 214-131] Inlining function 'ap_int_base<32, true>::ap_int_base(int)' into 'ap_int_base<49, true>::RType<($_0)32, true>::plus operator+<49, true>(ap_int_base<49, true> const&, int)' (D:/Xilinx/Vitis_HLS/2022.2/common/technology/autopilot\ap_int_base.h:1633:1006)
INFO: [HLS 214-131] Inlining function 'ap_int_base<49, true>::RType<32, true>::plus operator+<49, true, 32, true>(ap_int_base<49, true> const&, ap_int_base<32, true> const&)' into 'ap_int_base<49, true>::RType<($_0)32, true>::plus operator+<49, true>(ap_int_base<49, true> const&, int)' (D:/Xilinx/Vitis_HLS/2022.2/common/technology/autopilot\ap_int_base.h:1633:1004)
INFO: [HLS 214-131] Inlining function 'ap_int_base<8, false>::RType<($_0)32, true>::mult operator*<8, false>(int, ap_int_base<8, false> const&)' into 'conv_bn_relu(ap_uint<2>, ap_uint<16>, ap_uint<16>, ap_uint<16>, ap_uint<16>, ap_uint<8>, ap_uint<8>, ap_uint<8>, float*, float*, float*, float*, float*, float*, float*)' (../ip/ip6/conv_bn_relu.cpp:44:35)
INFO: [HLS 214-131] Inlining function 'ap_int_base<66, true>::operator long long() const' into 'conv_bn_relu(ap_uint<2>, ap_uint<16>, ap_uint<16>, ap_uint<16>, ap_uint<16>, ap_uint<8>, ap_uint<8>, ap_uint<8>, float*, float*, float*, float*, float*, float*, float*)' (../ip/ip6/conv_bn_relu.cpp:275:46)
INFO: [HLS 214-131] Inlining function 'ap_int_base<65, true>::RType<($_0)32, true>::plus operator+<65, true>(ap_int_base<65, true> const&, int)' into 'conv_bn_relu(ap_uint<2>, ap_uint<16>, ap_uint<16>, ap_uint<16>, ap_uint<16>, ap_uint<8>, ap_uint<8>, ap_uint<8>, float*, float*, float*, float*, float*, float*, float*)' (../ip/ip6/conv_bn_relu.cpp:275:78)
INFO: [HLS 214-131] Inlining function 'ap_int_base<49, true>::RType<16, false>::mult operator*<49, true, 16, false>(ap_int_base<49, true> const&, ap_int_base<16, false> const&)' into 'conv_bn_relu(ap_uint<2>, ap_uint<16>, ap_uint<16>, ap_uint<16>, ap_uint<16>, ap_uint<8>, ap_uint<8>, ap_uint<8>, float*, float*, float*, float*, float*, float*, float*)' (../ip/ip6/conv_bn_relu.cpp:275:70)
INFO: [HLS 214-131] Inlining function 'ap_int_base<48, true>::RType<($_0)32, true>::plus operator+<48, true>(ap_int_base<48, true> const&, int)' into 'conv_bn_relu(ap_uint<2>, ap_uint<16>, ap_uint<16>, ap_uint<16>, ap_uint<16>, ap_uint<8>, ap_uint<8>, ap_uint<8>, float*, float*, float*, float*, float*, float*, float*)' (../ip/ip6/conv_bn_relu.cpp:275:61)
INFO: [HLS 214-131] Inlining function 'ap_int_base<16, false>::RType<($_0)32, true>::mult operator*<16, false>(int, ap_int_base<16, false> const&)' into 'conv_bn_relu(ap_uint<2>, ap_uint<16>, ap_uint<16>, ap_uint<16>, ap_uint<16>, ap_uint<8>, ap_uint<8>, ap_uint<8>, float*, float*, float*, float*, float*, float*, float*)' (../ip/ip6/conv_bn_relu.cpp:275:53)
INFO: [HLS 214-131] Inlining function 'ap_int_base<66, true>::operator long long() const' into 'conv_bn_relu(ap_uint<2>, ap_uint<16>, ap_uint<16>, ap_uint<16>, ap_uint<16>, ap_uint<8>, ap_uint<8>, ap_uint<8>, float*, float*, float*, float*, float*, float*, float*)' (../ip/ip6/conv_bn_relu.cpp:260:57)
INFO: [HLS 214-131] Inlining function 'ap_int_base<65, true>::RType<($_0)32, true>::plus operator+<65, true>(ap_int_base<65, true> const&, int)' into 'conv_bn_relu(ap_uint<2>, ap_uint<16>, ap_uint<16>, ap_uint<16>, ap_uint<16>, ap_uint<8>, ap_uint<8>, ap_uint<8>, float*, float*, float*, float*, float*, float*, float*)' (../ip/ip6/conv_bn_relu.cpp:260:85)
INFO: [HLS 214-131] Inlining function 'ap_int_base<49, true>::RType<16, false>::mult operator*<49, true, 16, false>(ap_int_base<49, true> const&, ap_int_base<16, false> const&)' into 'conv_bn_relu(ap_uint<2>, ap_uint<16>, ap_uint<16>, ap_uint<16>, ap_uint<16>, ap_uint<8>, ap_uint<8>, ap_uint<8>, float*, float*, float*, float*, float*, float*, float*)' (../ip/ip6/conv_bn_relu.cpp:260:78)
INFO: [HLS 214-131] Inlining function 'ap_int_base<48, true>::RType<($_0)32, true>::plus operator+<48, true>(ap_int_base<48, true> const&, int)' into 'conv_bn_relu(ap_uint<2>, ap_uint<16>, ap_uint<16>, ap_uint<16>, ap_uint<16>, ap_uint<8>, ap_uint<8>, ap_uint<8>, float*, float*, float*, float*, float*, float*, float*)' (../ip/ip6/conv_bn_relu.cpp:260:70)
INFO: [HLS 214-131] Inlining function 'ap_int_base<16, false>::RType<($_0)32, true>::mult operator*<16, false>(int, ap_int_base<16, false> const&)' into 'conv_bn_relu(ap_uint<2>, ap_uint<16>, ap_uint<16>, ap_uint<16>, ap_uint<16>, ap_uint<8>, ap_uint<8>, ap_uint<8>, float*, float*, float*, float*, float*, float*, float*)' (../ip/ip6/conv_bn_relu.cpp:260:63)
INFO: [HLS 214-131] Inlining function 'bool operator<<16, false>(int, ap_int_base<16, false> const&)' into 'conv_bn_relu(ap_uint<2>, ap_uint<16>, ap_uint<16>, ap_uint<16>, ap_uint<16>, ap_uint<8>, ap_uint<8>, ap_uint<8>, float*, float*, float*, float*, float*, float*, float*)' (../ip/ip6/conv_bn_relu.cpp:258:73)
INFO: [HLS 214-131] Inlining function 'bool operator<<16, false>(int, ap_int_base<16, false> const&)' into 'conv_bn_relu(ap_uint<2>, ap_uint<16>, ap_uint<16>, ap_uint<16>, ap_uint<16>, ap_uint<8>, ap_uint<8>, ap_uint<8>, float*, float*, float*, float*, float*, float*, float*)' (../ip/ip6/conv_bn_relu.cpp:257:73)
INFO: [HLS 214-131] Inlining function 'ap_int_base<42, true>::operator long long() const' into 'conv_bn_relu(ap_uint<2>, ap_uint<16>, ap_uint<16>, ap_uint<16>, ap_uint<16>, ap_uint<8>, ap_uint<8>, ap_uint<8>, float*, float*, float*, float*, float*, float*, float*)' (../ip/ip6/conv_bn_relu.cpp:254:48)
INFO: [HLS 214-131] Inlining function 'ap_int_base<41, true>::RType<8, false>::minus operator-<41, true, 8, false>(ap_int_base<41, true> const&, ap_int_base<8, false> const&)' into 'conv_bn_relu(ap_uint<2>, ap_uint<16>, ap_uint<16>, ap_uint<16>, ap_uint<16>, ap_uint<8>, ap_uint<8>, ap_uint<8>, float*, float*, float*, float*, float*, float*, float*)' (../ip/ip6/conv_bn_relu.cpp:254:68)
INFO: [HLS 214-131] Inlining function 'ap_int_base<40, true>::RType<($_0)32, true>::plus operator+<40, true>(ap_int_base<40, true> const&, int)' into 'conv_bn_relu(ap_uint<2>, ap_uint<16>, ap_uint<16>, ap_uint<16>, ap_uint<16>, ap_uint<8>, ap_uint<8>, ap_uint<8>, float*, float*, float*, float*, float*, float*, float*)' (../ip/ip6/conv_bn_relu.cpp:254:63)
INFO: [HLS 214-131] Inlining function 'ap_int_base<8, false>::RType<($_0)32, true>::mult operator*<8, false>(int, ap_int_base<8, false> const&)' into 'conv_bn_relu(ap_uint<2>, ap_uint<16>, ap_uint<16>, ap_uint<16>, ap_uint<16>, ap_uint<8>, ap_uint<8>, ap_uint<8>, float*, float*, float*, float*, float*, float*, float*)' (../ip/ip6/conv_bn_relu.cpp:254:54)
INFO: [HLS 214-131] Inlining function 'ap_int_base<42, true>::operator long long() const' into 'conv_bn_relu(ap_uint<2>, ap_uint<16>, ap_uint<16>, ap_uint<16>, ap_uint<16>, ap_uint<8>, ap_uint<8>, ap_uint<8>, float*, float*, float*, float*, float*, float*, float*)' (../ip/ip6/conv_bn_relu.cpp:253:48)
INFO: [HLS 214-131] Inlining function 'ap_int_base<41, true>::RType<8, false>::minus operator-<41, true, 8, false>(ap_int_base<41, true> const&, ap_int_base<8, false> const&)' into 'conv_bn_relu(ap_uint<2>, ap_uint<16>, ap_uint<16>, ap_uint<16>, ap_uint<16>, ap_uint<8>, ap_uint<8>, ap_uint<8>, float*, float*, float*, float*, float*, float*, float*)' (../ip/ip6/conv_bn_relu.cpp:253:68)
INFO: [HLS 214-131] Inlining function 'ap_int_base<40, true>::RType<($_0)32, true>::plus operator+<40, true>(ap_int_base<40, true> const&, int)' into 'conv_bn_relu(ap_uint<2>, ap_uint<16>, ap_uint<16>, ap_uint<16>, ap_uint<16>, ap_uint<8>, ap_uint<8>, ap_uint<8>, float*, float*, float*, float*, float*, float*, float*)' (../ip/ip6/conv_bn_relu.cpp:253:63)
INFO: [HLS 214-131] Inlining function 'ap_int_base<8, false>::RType<($_0)32, true>::mult operator*<8, false>(int, ap_int_base<8, false> const&)' into 'conv_bn_relu(ap_uint<2>, ap_uint<16>, ap_uint<16>, ap_uint<16>, ap_uint<16>, ap_uint<8>, ap_uint<8>, ap_uint<8>, float*, float*, float*, float*, float*, float*, float*)' (../ip/ip6/conv_bn_relu.cpp:253:54)
INFO: [HLS 214-131] Inlining function 'bool operator<<8, false>(int, ap_int_base<8, false> const&)' into 'conv_bn_relu(ap_uint<2>, ap_uint<16>, ap_uint<16>, ap_uint<16>, ap_uint<16>, ap_uint<8>, ap_uint<8>, ap_uint<8>, float*, float*, float*, float*, float*, float*, float*)' (../ip/ip6/conv_bn_relu.cpp:251:72)
INFO: [HLS 214-131] Inlining function 'bool operator<<8, false>(int, ap_int_base<8, false> const&)' into 'conv_bn_relu(ap_uint<2>, ap_uint<16>, ap_uint<16>, ap_uint<16>, ap_uint<16>, ap_uint<8>, ap_uint<8>, ap_uint<8>, float*, float*, float*, float*, float*, float*, float*)' (../ip/ip6/conv_bn_relu.cpp:250:41)
INFO: [HLS 214-131] Inlining function 'ap_int_base<50, true>::operator long long() const' into 'conv_bn_relu(ap_uint<2>, ap_uint<16>, ap_uint<16>, ap_uint<16>, ap_uint<16>, ap_uint<8>, ap_uint<8>, ap_uint<8>, float*, float*, float*, float*, float*, float*, float*)' (../ip/ip6/conv_bn_relu.cpp:237:44)
INFO: [HLS 214-131] Inlining function 'ap_int_base<49, true>::RType<($_0)32, true>::plus operator+<49, true>(ap_int_base<49, true> const&, int)' into 'conv_bn_relu(ap_uint<2>, ap_uint<16>, ap_uint<16>, ap_uint<16>, ap_uint<16>, ap_uint<8>, ap_uint<8>, ap_uint<8>, float*, float*, float*, float*, float*, float*, float*)' (../ip/ip6/conv_bn_relu.cpp:237:96)
INFO: [HLS 214-131] Inlining function 'ap_int_base<48, true>::RType<40, true>::plus operator+<48, true, 40, true>(ap_int_base<48, true> const&, ap_int_base<40, true> const&)' into 'conv_bn_relu(ap_uint<2>, ap_uint<16>, ap_uint<16>, ap_uint<16>, ap_uint<16>, ap_uint<8>, ap_uint<8>, ap_uint<8>, float*, float*, float*, float*, float*, float*, float*)' (../ip/ip6/conv_bn_relu.cpp:237:77)
INFO: [HLS 214-131] Inlining function 'ap_int_base<8, false>::RType<($_0)32, true>::mult operator*<8, false>(int, ap_int_base<8, false> const&)' into 'conv_bn_relu(ap_uint<2>, ap_uint<16>, ap_uint<16>, ap_uint<16>, ap_uint<16>, ap_uint<8>, ap_uint<8>, ap_uint<8>, float*, float*, float*, float*, float*, float*, float*)' (../ip/ip6/conv_bn_relu.cpp:237:82)
INFO: [HLS 214-131] Inlining function 'ap_int_base<40, true>::RType<8, false>::mult operator*<40, true, 8, false>(ap_int_base<40, true> const&, ap_int_base<8, false> const&)' into 'conv_bn_relu(ap_uint<2>, ap_uint<16>, ap_uint<16>, ap_uint<16>, ap_uint<16>, ap_uint<8>, ap_uint<8>, ap_uint<8>, float*, float*, float*, float*, float*, float*, float*)' (../ip/ip6/conv_bn_relu.cpp:237:63)
INFO: [HLS 214-131] Inlining function 'ap_int_base<8, false>::RType<($_0)32, true>::mult operator*<8, false>(int, ap_int_base<8, false> const&)' into 'conv_bn_relu(ap_uint<2>, ap_uint<16>, ap_uint<16>, ap_uint<16>, ap_uint<16>, ap_uint<8>, ap_uint<8>, ap_uint<8>, float*, float*, float*, float*, float*, float*, float*)' (../ip/ip6/conv_bn_relu.cpp:237:49)
INFO: [HLS 214-131] Inlining function 'bool operator<<8, false>(int, ap_int_base<8, false> const&)' into 'conv_bn_relu(ap_uint<2>, ap_uint<16>, ap_uint<16>, ap_uint<16>, ap_uint<16>, ap_uint<8>, ap_uint<8>, ap_uint<8>, float*, float*, float*, float*, float*, float*, float*)' (../ip/ip6/conv_bn_relu.cpp:236:64)
INFO: [HLS 214-131] Inlining function 'bool operator<<8, false>(int, ap_int_base<8, false> const&)' into 'conv_bn_relu(ap_uint<2>, ap_uint<16>, ap_uint<16>, ap_uint<16>, ap_uint<16>, ap_uint<8>, ap_uint<8>, ap_uint<8>, float*, float*, float*, float*, float*, float*, float*)' (../ip/ip6/conv_bn_relu.cpp:235:41)
INFO: [HLS 214-131] Inlining function 'bool operator<<16, false>(int, ap_int_base<16, false> const&)' into 'conv_bn_relu(ap_uint<2>, ap_uint<16>, ap_uint<16>, ap_uint<16>, ap_uint<16>, ap_uint<8>, ap_uint<8>, ap_uint<8>, float*, float*, float*, float*, float*, float*, float*)' (../ip/ip6/conv_bn_relu.cpp:225:62)
INFO: [HLS 214-131] Inlining function 'ap_int_base<16, false>::operator unsigned long long() const' into 'conv_bn_relu(ap_uint<2>, ap_uint<16>, ap_uint<16>, ap_uint<16>, ap_uint<16>, ap_uint<8>, ap_uint<8>, ap_uint<8>, float*, float*, float*, float*, float*, float*, float*)' (../ip/ip6/conv_bn_relu.cpp:222:56)
INFO: [HLS 214-131] Inlining function 'ap_int_base<16, false>::operator unsigned long long() const' into 'conv_bn_relu(ap_uint<2>, ap_uint<16>, ap_uint<16>, ap_uint<16>, ap_uint<16>, ap_uint<8>, ap_uint<8>, ap_uint<8>, float*, float*, float*, float*, float*, float*, float*)' (../ip/ip6/conv_bn_relu.cpp:221:55)
INFO: [HLS 214-131] Inlining function 'bool operator<<16, false>(int, ap_int_base<16, false> const&)' into 'conv_bn_relu(ap_uint<2>, ap_uint<16>, ap_uint<16>, ap_uint<16>, ap_uint<16>, ap_uint<8>, ap_uint<8>, ap_uint<8>, float*, float*, float*, float*, float*, float*, float*)' (../ip/ip6/conv_bn_relu.cpp:219:66)
INFO: [HLS 214-131] Inlining function 'ap_int_base<16, false>::operator unsigned long long() const' into 'conv_bn_relu(ap_uint<2>, ap_uint<16>, ap_uint<16>, ap_uint<16>, ap_uint<16>, ap_uint<8>, ap_uint<8>, ap_uint<8>, float*, float*, float*, float*, float*, float*, float*)' (../ip/ip6/conv_bn_relu.cpp:216:52)
INFO: [HLS 214-131] Inlining function 'ap_int_base<16, false>::operator unsigned long long() const' into 'conv_bn_relu(ap_uint<2>, ap_uint<16>, ap_uint<16>, ap_uint<16>, ap_uint<16>, ap_uint<8>, ap_uint<8>, ap_uint<8>, float*, float*, float*, float*, float*, float*, float*)' (../ip/ip6/conv_bn_relu.cpp:215:51)
INFO: [HLS 214-131] Inlining function 'bool operator<<16, false>(int, ap_int_base<16, false> const&)' into 'conv_bn_relu(ap_uint<2>, ap_uint<16>, ap_uint<16>, ap_uint<16>, ap_uint<16>, ap_uint<8>, ap_uint<8>, ap_uint<8>, float*, float*, float*, float*, float*, float*, float*)' (../ip/ip6/conv_bn_relu.cpp:213:62)
INFO: [HLS 214-131] Inlining function 'bool operator<<16, false>(int, ap_int_base<16, false> const&)' into 'conv_bn_relu(ap_uint<2>, ap_uint<16>, ap_uint<16>, ap_uint<16>, ap_uint<16>, ap_uint<8>, ap_uint<8>, ap_uint<8>, float*, float*, float*, float*, float*, float*, float*)' (../ip/ip6/conv_bn_relu.cpp:205:59)
INFO: [HLS 214-131] Inlining function 'bool operator==<2, false>(ap_int_base<2, false> const&, int)' into 'conv_bn_relu(ap_uint<2>, ap_uint<16>, ap_uint<16>, ap_uint<16>, ap_uint<16>, ap_uint<8>, ap_uint<8>, ap_uint<8>, float*, float*, float*, float*, float*, float*, float*)' (../ip/ip6/conv_bn_relu.cpp:196:26)
INFO: [HLS 214-131] Inlining function 'ap_int_base<66, true>::operator long long() const' into 'conv_bn_relu(ap_uint<2>, ap_uint<16>, ap_uint<16>, ap_uint<16>, ap_uint<16>, ap_uint<8>, ap_uint<8>, ap_uint<8>, float*, float*, float*, float*, float*, float*, float*)' (../ip/ip6/conv_bn_relu.cpp:188:50)
INFO: [HLS 214-131] Inlining function 'ap_int_base<65, true>::RType<($_0)32, true>::plus operator+<65, true>(ap_int_base<65, true> const&, int)' into 'conv_bn_relu(ap_uint<2>, ap_uint<16>, ap_uint<16>, ap_uint<16>, ap_uint<16>, ap_uint<8>, ap_uint<8>, ap_uint<8>, float*, float*, float*, float*, float*, float*, float*)' (../ip/ip6/conv_bn_relu.cpp:188:82)
INFO: [HLS 214-131] Inlining function 'ap_int_base<49, true>::RType<16, false>::mult operator*<49, true, 16, false>(ap_int_base<49, true> const&, ap_int_base<16, false> const&)' into 'conv_bn_relu(ap_uint<2>, ap_uint<16>, ap_uint<16>, ap_uint<16>, ap_uint<16>, ap_uint<8>, ap_uint<8>, ap_uint<8>, float*, float*, float*, float*, float*, float*, float*)' (../ip/ip6/conv_bn_relu.cpp:188:74)
INFO: [HLS 214-131] Inlining function 'ap_int_base<48, true>::RType<($_0)32, true>::plus operator+<48, true>(ap_int_base<48, true> const&, int)' into 'conv_bn_relu(ap_uint<2>, ap_uint<16>, ap_uint<16>, ap_uint<16>, ap_uint<16>, ap_uint<8>, ap_uint<8>, ap_uint<8>, float*, float*, float*, float*, float*, float*, float*)' (../ip/ip6/conv_bn_relu.cpp:188:65)
INFO: [HLS 214-131] Inlining function 'ap_int_base<16, false>::RType<($_0)32, true>::mult operator*<16, false>(int, ap_int_base<16, false> const&)' into 'conv_bn_relu(ap_uint<2>, ap_uint<16>, ap_uint<16>, ap_uint<16>, ap_uint<16>, ap_uint<8>, ap_uint<8>, ap_uint<8>, float*, float*, float*, float*, float*, float*, float*)' (../ip/ip6/conv_bn_relu.cpp:188:57)
INFO: [HLS 214-131] Inlining function 'bool operator<<8, false>(int, ap_int_base<8, false> const&)' into 'conv_bn_relu(ap_uint<2>, ap_uint<16>, ap_uint<16>, ap_uint<16>, ap_uint<16>, ap_uint<8>, ap_uint<8>, ap_uint<8>, float*, float*, float*, float*, float*, float*, float*)' (../ip/ip6/conv_bn_relu.cpp:170:80)
INFO: [HLS 214-131] Inlining function 'bool operator<<8, false>(int, ap_int_base<8, false> const&)' into 'conv_bn_relu(ap_uint<2>, ap_uint<16>, ap_uint<16>, ap_uint<16>, ap_uint<16>, ap_uint<8>, ap_uint<8>, ap_uint<8>, float*, float*, float*, float*, float*, float*, float*)' (../ip/ip6/conv_bn_relu.cpp:169:76)
INFO: [HLS 214-131] Inlining function 'bool operator<<16, false>(int, ap_int_base<16, false> const&)' into 'conv_bn_relu(ap_uint<2>, ap_uint<16>, ap_uint<16>, ap_uint<16>, ap_uint<16>, ap_uint<8>, ap_uint<8>, ap_uint<8>, float*, float*, float*, float*, float*, float*, float*)' (../ip/ip6/conv_bn_relu.cpp:168:45)
INFO: [HLS 214-131] Inlining function 'ap_int_base<67, true>::operator long long() const' into 'conv_bn_relu(ap_uint<2>, ap_uint<16>, ap_uint<16>, ap_uint<16>, ap_uint<16>, ap_uint<8>, ap_uint<8>, ap_uint<8>, float*, float*, float*, float*, float*, float*, float*)' (../ip/ip6/conv_bn_relu.cpp:143:17)
INFO: [HLS 214-131] Inlining function 'ap_int_base<66, true>::RType<($_0)32, true>::plus operator+<66, true>(ap_int_base<66, true> const&, int)' into 'conv_bn_relu(ap_uint<2>, ap_uint<16>, ap_uint<16>, ap_uint<16>, ap_uint<16>, ap_uint<8>, ap_uint<8>, ap_uint<8>, float*, float*, float*, float*, float*, float*, float*)' (../ip/ip6/conv_bn_relu.cpp:145:68)
INFO: [HLS 214-131] Inlining function 'ap_int_base<65, true>::RType<40, true>::plus operator+<65, true, 40, true>(ap_int_base<65, true> const&, ap_int_base<40, true> const&)' into 'conv_bn_relu(ap_uint<2>, ap_uint<16>, ap_uint<16>, ap_uint<16>, ap_uint<16>, ap_uint<8>, ap_uint<8>, ap_uint<8>, float*, float*, float*, float*, float*, float*, float*)' (../ip/ip6/conv_bn_relu.cpp:144:84)
INFO: [HLS 214-131] Inlining function 'ap_int_base<8, false>::RType<($_0)32, true>::mult operator*<8, false>(int, ap_int_base<8, false> const&)' into 'conv_bn_relu(ap_uint<2>, ap_uint<16>, ap_uint<16>, ap_uint<16>, ap_uint<16>, ap_uint<8>, ap_uint<8>, ap_uint<8>, float*, float*, float*, float*, float*, float*, float*)' (../ip/ip6/conv_bn_relu.cpp:145:54)
INFO: [HLS 214-131] Inlining function 'ap_int_base<64, true>::RType<48, true>::plus operator+<64, true, 48, true>(ap_int_base<64, true> const&, ap_int_base<48, true> const&)' into 'conv_bn_relu(ap_uint<2>, ap_uint<16>, ap_uint<16>, ap_uint<16>, ap_uint<16>, ap_uint<8>, ap_uint<8>, ap_uint<8>, float*, float*, float*, float*, float*, float*, float*)' (../ip/ip6/conv_bn_relu.cpp:143:58)
INFO: [HLS 214-131] Inlining function 'ap_int_base<40, true>::RType<8, false>::mult operator*<40, true, 8, false>(ap_int_base<40, true> const&, ap_int_base<8, false> const&)' into 'conv_bn_relu(ap_uint<2>, ap_uint<16>, ap_uint<16>, ap_uint<16>, ap_uint<16>, ap_uint<8>, ap_uint<8>, ap_uint<8>, float*, float*, float*, float*, float*, float*, float*)' (../ip/ip6/conv_bn_relu.cpp:144:70)
INFO: [HLS 214-131] Inlining function 'ap_int_base<8, false>::RType<($_0)32, true>::mult operator*<8, false>(int, ap_int_base<8, false> const&)' into 'conv_bn_relu(ap_uint<2>, ap_uint<16>, ap_uint<16>, ap_uint<16>, ap_uint<16>, ap_uint<8>, ap_uint<8>, ap_uint<8>, float*, float*, float*, float*, float*, float*, float*)' (../ip/ip6/conv_bn_relu.cpp:144:56)
INFO: [HLS 214-131] Inlining function 'ap_int_base<56, true>::RType<8, false>::mult operator*<56, true, 8, false>(ap_int_base<56, true> const&, ap_int_base<8, false> const&)' into 'conv_bn_relu(ap_uint<2>, ap_uint<16>, ap_uint<16>, ap_uint<16>, ap_uint<16>, ap_uint<8>, ap_uint<8>, ap_uint<8>, float*, float*, float*, float*, float*, float*, float*)' (../ip/ip6/conv_bn_relu.cpp:143:44)
INFO: [HLS 214-131] Inlining function 'ap_int_base<48, true>::RType<8, false>::mult operator*<48, true, 8, false>(ap_int_base<48, true> const&, ap_int_base<8, false> const&)' into 'conv_bn_relu(ap_uint<2>, ap_uint<16>, ap_uint<16>, ap_uint<16>, ap_uint<16>, ap_uint<8>, ap_uint<8>, ap_uint<8>, float*, float*, float*, float*, float*, float*, float*)' (../ip/ip6/conv_bn_relu.cpp:143:30)
INFO: [HLS 214-131] Inlining function 'ap_int_base<16, false>::RType<($_0)32, true>::mult operator*<16, false>(int, ap_int_base<16, false> const&)' into 'conv_bn_relu(ap_uint<2>, ap_uint<16>, ap_uint<16>, ap_uint<16>, ap_uint<16>, ap_uint<8>, ap_uint<8>, ap_uint<8>, float*, float*, float*, float*, float*, float*, float*)' (../ip/ip6/conv_bn_relu.cpp:143:23)
INFO: [HLS 214-131] Inlining function 'bool operator<<8, false>(int, ap_int_base<8, false> const&)' into 'conv_bn_relu(ap_uint<2>, ap_uint<16>, ap_uint<16>, ap_uint<16>, ap_uint<16>, ap_uint<8>, ap_uint<8>, ap_uint<8>, float*, float*, float*, float*, float*, float*, float*)' (../ip/ip6/conv_bn_relu.cpp:141:72)
INFO: [HLS 214-131] Inlining function 'bool operator<<8, false>(int, ap_int_base<8, false> const&)' into 'conv_bn_relu(ap_uint<2>, ap_uint<16>, ap_uint<16>, ap_uint<16>, ap_uint<16>, ap_uint<8>, ap_uint<8>, ap_uint<8>, float*, float*, float*, float*, float*, float*, float*)' (../ip/ip6/conv_bn_relu.cpp:140:68)
INFO: [HLS 214-131] Inlining function 'bool operator<<16, false>(int, ap_int_base<16, false> const&)' into 'conv_bn_relu(ap_uint<2>, ap_uint<16>, ap_uint<16>, ap_uint<16>, ap_uint<16>, ap_uint<8>, ap_uint<8>, ap_uint<8>, float*, float*, float*, float*, float*, float*, float*)' (../ip/ip6/conv_bn_relu.cpp:139:67)
INFO: [HLS 214-131] Inlining function 'ap_int_base<66, true>::operator long long() const' into 'conv_bn_relu(ap_uint<2>, ap_uint<16>, ap_uint<16>, ap_uint<16>, ap_uint<16>, ap_uint<8>, ap_uint<8>, ap_uint<8>, float*, float*, float*, float*, float*, float*, float*)' (../ip/ip6/conv_bn_relu.cpp:127:53)
INFO: [HLS 214-131] Inlining function 'ap_int_base<65, true>::RType<($_0)32, true>::plus operator+<65, true>(ap_int_base<65, true> const&, int)' into 'conv_bn_relu(ap_uint<2>, ap_uint<16>, ap_uint<16>, ap_uint<16>, ap_uint<16>, ap_uint<8>, ap_uint<8>, ap_uint<8>, float*, float*, float*, float*, float*, float*, float*)' (../ip/ip6/conv_bn_relu.cpp:127:81)
INFO: [HLS 214-131] Inlining function 'ap_int_base<49, true>::RType<16, false>::mult operator*<49, true, 16, false>(ap_int_base<49, true> const&, ap_int_base<16, false> const&)' into 'conv_bn_relu(ap_uint<2>, ap_uint<16>, ap_uint<16>, ap_uint<16>, ap_uint<16>, ap_uint<8>, ap_uint<8>, ap_uint<8>, float*, float*, float*, float*, float*, float*, float*)' (../ip/ip6/conv_bn_relu.cpp:127:74)
INFO: [HLS 214-131] Inlining function 'ap_int_base<48, true>::RType<($_0)32, true>::plus operator+<48, true>(ap_int_base<48, true> const&, int)' into 'conv_bn_relu(ap_uint<2>, ap_uint<16>, ap_uint<16>, ap_uint<16>, ap_uint<16>, ap_uint<8>, ap_uint<8>, ap_uint<8>, float*, float*, float*, float*, float*, float*, float*)' (../ip/ip6/conv_bn_relu.cpp:127:66)
INFO: [HLS 214-131] Inlining function 'ap_int_base<16, false>::RType<($_0)32, true>::mult operator*<16, false>(int, ap_int_base<16, false> const&)' into 'conv_bn_relu(ap_uint<2>, ap_uint<16>, ap_uint<16>, ap_uint<16>, ap_uint<16>, ap_uint<8>, ap_uint<8>, ap_uint<8>, float*, float*, float*, float*, float*, float*, float*)' (../ip/ip6/conv_bn_relu.cpp:127:59)
INFO: [HLS 214-131] Inlining function 'bool operator<<16, false>(int, ap_int_base<16, false> const&)' into 'conv_bn_relu(ap_uint<2>, ap_uint<16>, ap_uint<16>, ap_uint<16>, ap_uint<16>, ap_uint<8>, ap_uint<8>, ap_uint<8>, float*, float*, float*, float*, float*, float*, float*)' (../ip/ip6/conv_bn_relu.cpp:125:69)
INFO: [HLS 214-131] Inlining function 'bool operator<<16, false>(int, ap_int_base<16, false> const&)' into 'conv_bn_relu(ap_uint<2>, ap_uint<16>, ap_uint<16>, ap_uint<16>, ap_uint<16>, ap_uint<8>, ap_uint<8>, ap_uint<8>, float*, float*, float*, float*, float*, float*, float*)' (../ip/ip6/conv_bn_relu.cpp:124:69)
INFO: [HLS 214-131] Inlining function 'ap_int_base<42, true>::operator long long() const' into 'conv_bn_relu(ap_uint<2>, ap_uint<16>, ap_uint<16>, ap_uint<16>, ap_uint<16>, ap_uint<8>, ap_uint<8>, ap_uint<8>, float*, float*, float*, float*, float*, float*, float*)' (../ip/ip6/conv_bn_relu.cpp:121:44)
INFO: [HLS 214-131] Inlining function 'ap_int_base<41, true>::RType<8, false>::minus operator-<41, true, 8, false>(ap_int_base<41, true> const&, ap_int_base<8, false> const&)' into 'conv_bn_relu(ap_uint<2>, ap_uint<16>, ap_uint<16>, ap_uint<16>, ap_uint<16>, ap_uint<8>, ap_uint<8>, ap_uint<8>, float*, float*, float*, float*, float*, float*, float*)' (../ip/ip6/conv_bn_relu.cpp:121:74)
INFO: [HLS 214-131] Inlining function 'ap_int_base<40, true>::RType<($_0)32, true>::plus operator+<40, true>(ap_int_base<40, true> const&, int)' into 'conv_bn_relu(ap_uint<2>, ap_uint<16>, ap_uint<16>, ap_uint<16>, ap_uint<16>, ap_uint<8>, ap_uint<8>, ap_uint<8>, float*, float*, float*, float*, float*, float*, float*)' (../ip/ip6/conv_bn_relu.cpp:121:63)
INFO: [HLS 214-131] Inlining function 'ap_int_base<8, false>::RType<($_0)32, true>::mult operator*<8, false>(int, ap_int_base<8, false> const&)' into 'conv_bn_relu(ap_uint<2>, ap_uint<16>, ap_uint<16>, ap_uint<16>, ap_uint<16>, ap_uint<8>, ap_uint<8>, ap_uint<8>, float*, float*, float*, float*, float*, float*, float*)' (../ip/ip6/conv_bn_relu.cpp:121:54)
INFO: [HLS 214-131] Inlining function 'ap_int_base<42, true>::operator long long() const' into 'conv_bn_relu(ap_uint<2>, ap_uint<16>, ap_uint<16>, ap_uint<16>, ap_uint<16>, ap_uint<8>, ap_uint<8>, ap_uint<8>, float*, float*, float*, float*, float*, float*, float*)' (../ip/ip6/conv_bn_relu.cpp:120:13)
INFO: [HLS 214-131] Inlining function 'ap_int_base<41, true>::RType<8, false>::minus operator-<41, true, 8, false>(ap_int_base<41, true> const&, ap_int_base<8, false> const&)' into 'conv_bn_relu(ap_uint<2>, ap_uint<16>, ap_uint<16>, ap_uint<16>, ap_uint<16>, ap_uint<8>, ap_uint<8>, ap_uint<8>, float*, float*, float*, float*, float*, float*, float*)' (../ip/ip6/conv_bn_relu.cpp:120:43)
INFO: [HLS 214-131] Inlining function 'ap_int_base<40, true>::RType<($_0)32, true>::plus operator+<40, true>(ap_int_base<40, true> const&, int)' into 'conv_bn_relu(ap_uint<2>, ap_uint<16>, ap_uint<16>, ap_uint<16>, ap_uint<16>, ap_uint<8>, ap_uint<8>, ap_uint<8>, float*, float*, float*, float*, float*, float*, float*)' (../ip/ip6/conv_bn_relu.cpp:120:32)
INFO: [HLS 214-131] Inlining function 'ap_int_base<8, false>::RType<($_0)32, true>::mult operator*<8, false>(int, ap_int_base<8, false> const&)' into 'conv_bn_relu(ap_uint<2>, ap_uint<16>, ap_uint<16>, ap_uint<16>, ap_uint<16>, ap_uint<8>, ap_uint<8>, ap_uint<8>, float*, float*, float*, float*, float*, float*, float*)' (../ip/ip6/conv_bn_relu.cpp:120:23)
INFO: [HLS 214-131] Inlining function 'bool operator<<16, false>(int, ap_int_base<16, false> const&)' into 'conv_bn_relu(ap_uint<2>, ap_uint<16>, ap_uint<16>, ap_uint<16>, ap_uint<16>, ap_uint<8>, ap_uint<8>, ap_uint<8>, float*, float*, float*, float*, float*, float*, float*)' (../ip/ip6/conv_bn_relu.cpp:117:71)
INFO: [HLS 214-131] Inlining function 'bool operator<<34, true>(int, ap_int_base<34, true> const&)' into 'conv_bn_relu(ap_uint<2>, ap_uint<16>, ap_uint<16>, ap_uint<16>, ap_uint<16>, ap_uint<8>, ap_uint<8>, ap_uint<8>, float*, float*, float*, float*, float*, float*, float*)' (../ip/ip6/conv_bn_relu.cpp:116:75)
INFO: [HLS 214-131] Inlining function 'ap_int_base<33, true>::RType<($_0)32, true>::minus operator-<33, true>(ap_int_base<33, true> const&, int)' into 'conv_bn_relu(ap_uint<2>, ap_uint<16>, ap_uint<16>, ap_uint<16>, ap_uint<16>, ap_uint<8>, ap_uint<8>, ap_uint<8>, float*, float*, float*, float*, float*, float*, float*)' (../ip/ip6/conv_bn_relu.cpp:116:113)
INFO: [HLS 214-131] Inlining function 'ap_int_base<8, false>::RType<($_0)32, true>::plus operator+<8, false>(int, ap_int_base<8, false> const&)' into 'conv_bn_relu(ap_uint<2>, ap_uint<16>, ap_uint<16>, ap_uint<16>, ap_uint<16>, ap_uint<8>, ap_uint<8>, ap_uint<8>, float*, float*, float*, float*, float*, float*, float*)' (../ip/ip6/conv_bn_relu.cpp:116:99)
INFO: [HLS 214-131] Inlining function 'bool operator<<34, true>(int, ap_int_base<34, true> const&)' into 'conv_bn_relu(ap_uint<2>, ap_uint<16>, ap_uint<16>, ap_uint<16>, ap_uint<16>, ap_uint<8>, ap_uint<8>, ap_uint<8>, float*, float*, float*, float*, float*, float*, float*)' (../ip/ip6/conv_bn_relu.cpp:115:52)
INFO: [HLS 214-131] Inlining function 'ap_int_base<33, true>::RType<($_0)32, true>::minus operator-<33, true>(ap_int_base<33, true> const&, int)' into 'conv_bn_relu(ap_uint<2>, ap_uint<16>, ap_uint<16>, ap_uint<16>, ap_uint<16>, ap_uint<8>, ap_uint<8>, ap_uint<8>, float*, float*, float*, float*, float*, float*, float*)' (../ip/ip6/conv_bn_relu.cpp:115:90)
INFO: [HLS 214-131] Inlining function 'ap_int_base<8, false>::RType<($_0)32, true>::plus operator+<8, false>(int, ap_int_base<8, false> const&)' into 'conv_bn_relu(ap_uint<2>, ap_uint<16>, ap_uint<16>, ap_uint<16>, ap_uint<16>, ap_uint<8>, ap_uint<8>, ap_uint<8>, float*, float*, float*, float*, float*, float*, float*)' (../ip/ip6/conv_bn_relu.cpp:115:76)
INFO: [HLS 214-131] Inlining function 'ap_int_base<16, false>::operator unsigned long long() const' into 'conv_bn_relu(ap_uint<2>, ap_uint<16>, ap_uint<16>, ap_uint<16>, ap_uint<16>, ap_uint<8>, ap_uint<8>, ap_uint<8>, float*, float*, float*, float*, float*, float*, float*)' (../ip/ip6/conv_bn_relu.cpp:102:60)
INFO: [HLS 214-131] Inlining function 'ap_int_base<16, false>::operator unsigned long long() const' into 'conv_bn_relu(ap_uint<2>, ap_uint<16>, ap_uint<16>, ap_uint<16>, ap_uint<16>, ap_uint<8>, ap_uint<8>, ap_uint<8>, float*, float*, float*, float*, float*, float*, float*)' (../ip/ip6/conv_bn_relu.cpp:101:59)
INFO: [HLS 214-131] Inlining function 'bool operator<<16, false>(int, ap_int_base<16, false> const&)' into 'conv_bn_relu(ap_uint<2>, ap_uint<16>, ap_uint<16>, ap_uint<16>, ap_uint<16>, ap_uint<8>, ap_uint<8>, ap_uint<8>, float*, float*, float*, float*, float*, float*, float*)' (../ip/ip6/conv_bn_relu.cpp:99:68)
INFO: [HLS 214-131] Inlining function 'ap_int_base<16, false>::operator unsigned long long() const' into 'conv_bn_relu(ap_uint<2>, ap_uint<16>, ap_uint<16>, ap_uint<16>, ap_uint<16>, ap_uint<8>, ap_uint<8>, ap_uint<8>, float*, float*, float*, float*, float*, float*, float*)' (../ip/ip6/conv_bn_relu.cpp:96:56)
INFO: [HLS 214-131] Inlining function 'ap_int_base<16, false>::operator unsigned long long() const' into 'conv_bn_relu(ap_uint<2>, ap_uint<16>, ap_uint<16>, ap_uint<16>, ap_uint<16>, ap_uint<8>, ap_uint<8>, ap_uint<8>, float*, float*, float*, float*, float*, float*, float*)' (../ip/ip6/conv_bn_relu.cpp:95:55)
INFO: [HLS 214-131] Inlining function 'bool operator<<16, false>(int, ap_int_base<16, false> const&)' into 'conv_bn_relu(ap_uint<2>, ap_uint<16>, ap_uint<16>, ap_uint<16>, ap_uint<16>, ap_uint<8>, ap_uint<8>, ap_uint<8>, float*, float*, float*, float*, float*, float*, float*)' (../ip/ip6/conv_bn_relu.cpp:93:64)
INFO: [HLS 214-131] Inlining function 'ap_int_base<16, false>::operator unsigned long long() const' into 'conv_bn_relu(ap_uint<2>, ap_uint<16>, ap_uint<16>, ap_uint<16>, ap_uint<16>, ap_uint<8>, ap_uint<8>, ap_uint<8>, float*, float*, float*, float*, float*, float*, float*)' (../ip/ip6/conv_bn_relu.cpp:90:52)
INFO: [HLS 214-131] Inlining function 'ap_int_base<16, false>::operator unsigned long long() const' into 'conv_bn_relu(ap_uint<2>, ap_uint<16>, ap_uint<16>, ap_uint<16>, ap_uint<16>, ap_uint<8>, ap_uint<8>, ap_uint<8>, float*, float*, float*, float*, float*, float*, float*)' (../ip/ip6/conv_bn_relu.cpp:89:51)
INFO: [HLS 214-131] Inlining function 'bool operator<<16, false>(int, ap_int_base<16, false> const&)' into 'conv_bn_relu(ap_uint<2>, ap_uint<16>, ap_uint<16>, ap_uint<16>, ap_uint<16>, ap_uint<8>, ap_uint<8>, ap_uint<8>, float*, float*, float*, float*, float*, float*, float*)' (../ip/ip6/conv_bn_relu.cpp:87:60)
INFO: [HLS 214-131] Inlining function 'bool operator<<16, false>(int, ap_int_base<16, false> const&)' into 'conv_bn_relu(ap_uint<2>, ap_uint<16>, ap_uint<16>, ap_uint<16>, ap_uint<16>, ap_uint<8>, ap_uint<8>, ap_uint<8>, float*, float*, float*, float*, float*, float*, float*)' (../ip/ip6/conv_bn_relu.cpp:79:57)
INFO: [HLS 214-131] Inlining function 'bool operator==<2, false>(ap_int_base<2, false> const&, int)' into 'conv_bn_relu(ap_uint<2>, ap_uint<16>, ap_uint<16>, ap_uint<16>, ap_uint<16>, ap_uint<8>, ap_uint<8>, ap_uint<8>, float*, float*, float*, float*, float*, float*, float*)' (../ip/ip6/conv_bn_relu.cpp:70:16)
INFO: [HLS 214-131] Inlining function 'ap_int_base<42, true>::RType<($_0)32, true>::plus operator+<42, true>(ap_int_base<42, true> const&, int)' into 'conv_bn_relu(ap_uint<2>, ap_uint<16>, ap_uint<16>, ap_uint<16>, ap_uint<16>, ap_uint<8>, ap_uint<8>, ap_uint<8>, float*, float*, float*, float*, float*, float*, float*)' (../ip/ip6/conv_bn_relu.cpp:45:69)
INFO: [HLS 214-131] Inlining function 'ap_int_base<42, true>::RType<8, false>::div operator/<42, true, 8, false>(ap_int_base<42, true> const&, ap_int_base<8, false> const&)' into 'conv_bn_relu(ap_uint<2>, ap_uint<16>, ap_uint<16>, ap_uint<16>, ap_uint<16>, ap_uint<8>, ap_uint<8>, ap_uint<8>, float*, float*, float*, float*, float*, float*, float*)' (../ip/ip6/conv_bn_relu.cpp:45:60)
INFO: [HLS 214-131] Inlining function 'ap_int_base<41, true>::RType<8, false>::minus operator-<41, true, 8, false>(ap_int_base<41, true> const&, ap_int_base<8, false> const&)' into 'conv_bn_relu(ap_uint<2>, ap_uint<16>, ap_uint<16>, ap_uint<16>, ap_uint<16>, ap_uint<8>, ap_uint<8>, ap_uint<8>, float*, float*, float*, float*, float*, float*, float*)' (../ip/ip6/conv_bn_relu.cpp:45:45)
INFO: [HLS 214-131] Inlining function 'ap_int_base<16, false>::RType<40, true>::plus operator+<16, false, 40, true>(ap_int_base<16, false> const&, ap_int_base<40, true> const&)' into 'conv_bn_relu(ap_uint<2>, ap_uint<16>, ap_uint<16>, ap_uint<16>, ap_uint<16>, ap_uint<8>, ap_uint<8>, ap_uint<8>, float*, float*, float*, float*, float*, float*, float*)' (../ip/ip6/conv_bn_relu.cpp:45:31)
INFO: [HLS 214-131] Inlining function 'ap_int_base<8, false>::RType<($_0)32, true>::mult operator*<8, false>(int, ap_int_base<8, false> const&)' into 'conv_bn_relu(ap_uint<2>, ap_uint<16>, ap_uint<16>, ap_uint<16>, ap_uint<16>, ap_uint<8>, ap_uint<8>, ap_uint<8>, float*, float*, float*, float*, float*, float*, float*)' (../ip/ip6/conv_bn_relu.cpp:45:35)
INFO: [HLS 214-131] Inlining function 'ap_int_base<42, true>::RType<($_0)32, true>::plus operator+<42, true>(ap_int_base<42, true> const&, int)' into 'conv_bn_relu(ap_uint<2>, ap_uint<16>, ap_uint<16>, ap_uint<16>, ap_uint<16>, ap_uint<8>, ap_uint<8>, ap_uint<8>, float*, float*, float*, float*, float*, float*, float*)' (../ip/ip6/conv_bn_relu.cpp:44:69)
INFO: [HLS 214-131] Inlining function 'ap_int_base<42, true>::RType<8, false>::div operator/<42, true, 8, false>(ap_int_base<42, true> const&, ap_int_base<8, false> const&)' into 'conv_bn_relu(ap_uint<2>, ap_uint<16>, ap_uint<16>, ap_uint<16>, ap_uint<16>, ap_uint<8>, ap_uint<8>, ap_uint<8>, float*, float*, float*, float*, float*, float*, float*)' (../ip/ip6/conv_bn_relu.cpp:44:60)
INFO: [HLS 214-131] Inlining function 'ap_int_base<41, true>::RType<8, false>::minus operator-<41, true, 8, false>(ap_int_base<41, true> const&, ap_int_base<8, false> const&)' into 'conv_bn_relu(ap_uint<2>, ap_uint<16>, ap_uint<16>, ap_uint<16>, ap_uint<16>, ap_uint<8>, ap_uint<8>, ap_uint<8>, float*, float*, float*, float*, float*, float*, float*)' (../ip/ip6/conv_bn_relu.cpp:44:45)
INFO: [HLS 214-131] Inlining function 'ap_int_base<16, false>::RType<40, true>::plus operator+<16, false, 40, true>(ap_int_base<16, false> const&, ap_int_base<40, true> const&)' into 'conv_bn_relu(ap_uint<2>, ap_uint<16>, ap_uint<16>, ap_uint<16>, ap_uint<16>, ap_uint<8>, ap_uint<8>, ap_uint<8>, float*, float*, float*, float*, float*, float*, float*)' (../ip/ip6/conv_bn_relu.cpp:44:31)
INFO: [HLS 214-291] Loop 'VITIS_LOOP_168_15' is marked as complete unroll implied by the pipeline pragma (../ip/ip6/conv_bn_relu.cpp:168:21)
INFO: [HLS 214-291] Loop 'VITIS_LOOP_169_16' is marked as complete unroll implied by the pipeline pragma (../ip/ip6/conv_bn_relu.cpp:169:56)
INFO: [HLS 214-291] Loop 'VITIS_LOOP_170_17' is marked as complete unroll implied by the pipeline pragma (../ip/ip6/conv_bn_relu.cpp:170:60)
INFO: [HLS 214-291] Loop 'VITIS_LOOP_235_22' is marked as complete unroll implied by the pipeline pragma (../ip/ip6/conv_bn_relu.cpp:235:21)
INFO: [HLS 214-291] Loop 'VITIS_LOOP_236_23' is marked as complete unroll implied by the pipeline pragma (../ip/ip6/conv_bn_relu.cpp:236:44)
INFO: [HLS 214-291] Loop 'VITIS_LOOP_243_24' is marked as complete unroll implied by the pipeline pragma (../ip/ip6/conv_bn_relu.cpp:243:40)
INFO: [HLS 214-291] Loop 'VITIS_LOOP_244_25' is marked as complete unroll implied by the pipeline pragma (../ip/ip6/conv_bn_relu.cpp:244:44)
INFO: [HLS 214-291] Loop 'VITIS_LOOP_250_26' is marked as complete unroll implied by the pipeline pragma (../ip/ip6/conv_bn_relu.cpp:250:21)
INFO: [HLS 214-291] Loop 'VITIS_LOOP_251_27' is marked as complete unroll implied by the pipeline pragma (../ip/ip6/conv_bn_relu.cpp:251:52)
INFO: [HLS 214-248] Applying array_partition to 'bn_params': Cyclic partitioning with factor 4 on dimension 1. (../ip/ip6/conv_bn_relu.cpp:75:19)
INFO: [HLS 214-248] Applying array_partition to 'local_feature_in_blk': Cyclic partitioning with factor 2 on dimension 3. (../ip/ip6/conv_bn_relu.cpp:105:29)
INFO: [HLS 214-248] Applying array_partition to 'local_conv_kernel_blk': Cyclic partitioning with factor 2 on dimension 1. Cyclic partitioning with factor 2 on dimension 3. Complete partitioning on dimension 4. (../ip/ip6/conv_bn_relu.cpp:106:29)
INFO: [HLS 214-248] Applying array_partition to 'bn_params285': Cyclic partitioning with factor 4 on dimension 1. (../ip/ip6/conv_bn_relu.cpp:201:19)
INFO: [HLS 214-248] Applying array_partition to 'local_kernel': Cyclic partitioning with factor 2 on dimension 1. Cyclic partitioning with factor 2 on dimension 2. (../ip/ip6/conv_bn_relu.cpp:231:29)
WARNING: [HLS 214-203] Replacing invalid offset value '20' with '48' for s_axilite port 'C_in'. (../ip/ip6/conv_bn_relu.cpp:75:19)
WARNING: [HLS 214-203] Replacing invalid offset value '28' with '56' for s_axilite port 'W_in'. (../ip/ip6/conv_bn_relu.cpp:75:19)
WARNING: [HLS 214-203] Replacing invalid offset value '36' with '64' for s_axilite port 'kernel_size'. (../ip/ip6/conv_bn_relu.cpp:75:19)
WARNING: [HLS 214-203] Replacing invalid offset value '44' with '72' for s_axilite port 'padding'. (../ip/ip6/conv_bn_relu.cpp:75:19)
INFO: [HLS 214-115] Multiple burst reads of length 0 and bit width 32 in loop 'VITIS_LOOP_117_7'(../ip/ip6/conv_bn_relu.cpp:117:47) has been inferred on bundle 'gmem1'. These burst requests might be further partitioned into multiple requests during RTL generation, based on max_read_burst_length or max_write_burst_length settings. (../ip/ip6/conv_bn_relu.cpp:117:47)
INFO: [HLS 214-115] Multiple burst reads of variable length and bit width 32 in loop 'VITIS_LOOP_141_11'(../ip/ip6/conv_bn_relu.cpp:141:52) has been inferred on bundle 'gmem2'. These burst requests might be further partitioned into multiple requests during RTL generation, based on max_read_burst_length or max_write_burst_length settings. (../ip/ip6/conv_bn_relu.cpp:140:48)
INFO: [HLS 214-115] Multiple burst writes of variable length and bit width 32 in loop 'VITIS_LOOP_155_14'(../ip/ip6/conv_bn_relu.cpp:155:48) has been inferred on bundle 'gmem0'. These burst requests might be further partitioned into multiple requests during RTL generation, based on max_read_burst_length or max_write_burst_length settings. (../ip/ip6/conv_bn_relu.cpp:155:48)
INFO: [HLS 214-115] Multiple burst reads of variable length and bit width 32 in loop 'VITIS_LOOP_236_23'(../ip/ip6/conv_bn_relu.cpp:236:44) has been inferred on bundle 'gmem2'. These burst requests might be further partitioned into multiple requests during RTL generation, based on max_read_burst_length or max_write_burst_length settings. (../ip/ip6/conv_bn_relu.cpp:235:21)
INFO: [HLS 200-111] Finished Compiling Optimization and Transform: CPU user time: 2 seconds. CPU system time: 0 seconds. Elapsed time: 15.392 seconds; current allocated memory: 676.746 MB.
INFO: [HLS 200-111] Finished Checking Pragmas: CPU user time: 0 seconds. CPU system time: 0 seconds. Elapsed time: 0.003 seconds; current allocated memory: 676.746 MB.
INFO: [HLS 200-10] Starting code transformations ...
INFO: [HLS 200-111] Finished Standard Transforms: CPU user time: 0 seconds. CPU system time: 0 seconds. Elapsed time: 0.217 seconds; current allocated memory: 676.746 MB.
INFO: [HLS 200-10] Checking synthesizability ...
WARNING: [SYNCHK 200-120] ../ip/ip6/conv_bn_relu.cpp:87: multiplication is assumed not to overflow by default, otherwise, please add option '-fwrapv'.
INFO: [SYNCHK 200-10] 0 error(s), 1 warning(s).
INFO: [HLS 200-111] Finished Checking Synthesizability: CPU user time: 0 seconds. CPU system time: 0 seconds. Elapsed time: 0.213 seconds; current allocated memory: 676.746 MB.
INFO: [XFORM 203-510] Pipelining loop 'Loop-3.1.1.1' in function 'conv_bn_relu' automatically.
INFO: [XFORM 203-510] Pipelining loop 'Loop-3.1.1.2' in function 'conv_bn_relu' automatically.
INFO: [XFORM 203-502] Unrolling all sub-loops inside loop 'VITIS_LOOP_155_14' (../ip/ip6/conv_bn_relu.cpp:155) in function 'conv_bn_relu' for pipelining.
INFO: [XFORM 203-502] Unrolling all sub-loops inside loop 'VITIS_LOOP_225_21' (../ip/ip6/conv_bn_relu.cpp:225) in function 'conv_bn_relu' for pipelining.
WARNING: [HLS 200-936] Cannot unroll loop 'VITIS_LOOP_168_15' (../ip/ip6/conv_bn_relu.cpp:158) in function 'conv_bn_relu': cannot completely unroll a loop with a variable trip count.
Resolution: For help on HLS 200-936 see www.xilinx.com/cgi-bin/docs/rdoc?v=2022.2;t=hls+guidance;d=200-936.html
WARNING: [HLS 200-936] Cannot unroll loop 'VITIS_LOOP_169_16' (../ip/ip6/conv_bn_relu.cpp:158) in function 'conv_bn_relu': cannot completely unroll a loop with a variable trip count.
Resolution: For help on HLS 200-936 see www.xilinx.com/cgi-bin/docs/rdoc?v=2022.2;t=hls+guidance;d=200-936.html
WARNING: [HLS 200-936] Cannot unroll loop 'VITIS_LOOP_170_17' (../ip/ip6/conv_bn_relu.cpp:158) in function 'conv_bn_relu': cannot completely unroll a loop with a variable trip count.
Resolution: For help on HLS 200-936 see www.xilinx.com/cgi-bin/docs/rdoc?v=2022.2;t=hls+guidance;d=200-936.html
WARNING: [HLS 200-936] Cannot unroll loop 'VITIS_LOOP_235_22' (../ip/ip6/conv_bn_relu.cpp:235) in function 'conv_bn_relu': cannot completely unroll a loop with a variable trip count.
Resolution: For help on HLS 200-936 see www.xilinx.com/cgi-bin/docs/rdoc?v=2022.2;t=hls+guidance;d=200-936.html
WARNING: [HLS 200-936] Cannot unroll loop 'VITIS_LOOP_236_23' (../ip/ip6/conv_bn_relu.cpp:236) in function 'conv_bn_relu': cannot completely unroll a loop with a variable trip count.
Resolution: For help on HLS 200-936 see www.xilinx.com/cgi-bin/docs/rdoc?v=2022.2;t=hls+guidance;d=200-936.html
WARNING: [HLS 200-932] Cannot unroll loop 'VITIS_LOOP_243_24' (../ip/ip6/conv_bn_relu.cpp:243) in function 'conv_bn_relu' completely: variable loop bound.
WARNING: [HLS 200-932] Cannot unroll loop 'VITIS_LOOP_244_25' (../ip/ip6/conv_bn_relu.cpp:244) in function 'conv_bn_relu' completely: variable loop bound.
WARNING: [HLS 200-936] Cannot unroll loop 'VITIS_LOOP_250_26' (../ip/ip6/conv_bn_relu.cpp:246) in function 'conv_bn_relu': cannot completely unroll a loop with a variable trip count.
Resolution: For help on HLS 200-936 see www.xilinx.com/cgi-bin/docs/rdoc?v=2022.2;t=hls+guidance;d=200-936.html
WARNING: [HLS 200-936] Cannot unroll loop 'VITIS_LOOP_251_27' (../ip/ip6/conv_bn_relu.cpp:246) in function 'conv_bn_relu': cannot completely unroll a loop with a variable trip count.
Resolution: For help on HLS 200-936 see www.xilinx.com/cgi-bin/docs/rdoc?v=2022.2;t=hls+guidance;d=200-936.html
INFO: [XFORM 203-712] Applying dataflow to function 'conv_bn_relu' (../ip/ip6/conv_bn_relu.cpp:35), detected/extracted 1 process function(s): 
	 'Block_entry352_proc1'.
INFO: [XFORM 203-11] Balancing expressions in function 'Block_entry352_proc1' (../ip/ip6/conv_bn_relu.cpp:70:60)...17 expression(s) balanced.
INFO: [HLS 200-111] Finished Loop, function and other optimizations: CPU user time: 1 seconds. CPU system time: 0 seconds. Elapsed time: 0.738 seconds; current allocated memory: 676.746 MB.
INFO: [XFORM 203-541] Flattening a loop nest 'VITIS_LOOP_116_6' (../ip/ip6/conv_bn_relu.cpp:116:52) in function 'Block_entry352_proc1'.
WARNING: [HLS 200-960] Cannot flatten loop 'VITIS_LOOP_115_5' (../ip/ip6/conv_bn_relu.cpp:115:29) in function 'Block_entry352_proc1' the outer loop is not a perfect loop because there is nontrivial logic before entering the inner loop.
Resolution: For help on HLS 200-960 see www.xilinx.com/cgi-bin/docs/rdoc?v=2022.2;t=hls+guidance;d=200-960.html
INFO: [XFORM 203-541] Flattening a loop nest 'VITIS_LOOP_140_10' (../ip/ip6/conv_bn_relu.cpp:140:57) in function 'Block_entry352_proc1'.
INFO: [XFORM 203-541] Flattening a loop nest 'VITIS_LOOP_139_9' (../ip/ip6/conv_bn_relu.cpp:139:52) in function 'Block_entry352_proc1'.
INFO: [XFORM 203-541] Flattening a loop nest 'VITIS_LOOP_138_8' (../ip/ip6/conv_bn_relu.cpp:138:48) in function 'Block_entry352_proc1'.
INFO: [HLS 200-472] Inferring partial write operation for 'bn_params' (../ip/ip6/conv_bn_relu.cpp:83:36)
INFO: [HLS 200-472] Inferring partial write operation for 'bn_params.4' (../ip/ip6/conv_bn_relu.cpp:209:36)
INFO: [HLS 200-472] Inferring partial write operation for 'local_feature_in_blk.1' 
INFO: [HLS 200-472] Inferring partial write operation for 'local_feature_in_blk' 
INFO: [HLS 200-472] Inferring partial write operation for 'local_kernel' (../ip/ip6/conv_bn_relu.cpp:238:50)
INFO: [HLS 200-472] Inferring partial write operation for 'local_conv_kernel_blk.11' 
INFO: [HLS 200-472] Inferring partial write operation for 'local_conv_kernel_blk.9' 
INFO: [HLS 200-472] Inferring partial write operation for 'local_conv_kernel_blk.10' 
INFO: [HLS 200-472] Inferring partial write operation for 'local_conv_kernel_blk.8' 
INFO: [HLS 200-472] Inferring partial write operation for 'local_conv_kernel_blk.6' 
INFO: [HLS 200-472] Inferring partial write operation for 'local_conv_kernel_blk.7' 
INFO: [HLS 200-472] Inferring partial write operation for 'local_conv_kernel_blk.5' 
INFO: [HLS 200-472] Inferring partial write operation for 'local_conv_kernel_blk.3' 
INFO: [HLS 200-472] Inferring partial write operation for 'local_conv_kernel_blk.4' 
INFO: [HLS 200-472] Inferring partial write operation for 'local_conv_kernel_blk.2' 
INFO: [HLS 200-472] Inferring partial write operation for 'local_conv_kernel_blk' 
INFO: [HLS 200-472] Inferring partial write operation for 'local_conv_kernel_blk.1' 
INFO: [HLS 200-472] Inferring partial write operation for 'local_feature_in_blk.1' (../ip/ip6/conv_bn_relu.cpp:128:84)
INFO: [HLS 200-472] Inferring partial write operation for 'local_feature_in_blk.1' (../ip/ip6/conv_bn_relu.cpp:131:84)
INFO: [HLS 200-472] Inferring partial write operation for 'local_conv_kernel_blk.11' (../ip/ip6/conv_bn_relu.cpp:146:92)
INFO: [HLS 200-111] Finished Architecture Synthesis: CPU user time: 0 seconds. CPU system time: 0 seconds. Elapsed time: 1.431 seconds; current allocated memory: 676.746 MB.
INFO: [HLS 200-10] Starting hardware synthesis ...
INFO: [HLS 200-10] Synthesizing 'conv_bn_relu' ...
INFO: [HLS 200-10] ----------------------------------------------------------------
INFO: [HLS 200-42] -- Implementing module 'Block_entry352_proc1_Pipeline_VITIS_LOOP_205_18' 
INFO: [HLS 200-10] ----------------------------------------------------------------
INFO: [SCHED 204-11] Starting scheduling ...
INFO: [SCHED 204-61] Pipelining loop 'VITIS_LOOP_205_18'.
WARNING: [HLS 200-885] The II Violation in module 'Block_entry352_proc1_Pipeline_VITIS_LOOP_205_18' (loop 'VITIS_LOOP_205_18'): Unable to schedule bus request operation ('gmem3_load_3_req', ../ip/ip6/conv_bn_relu.cpp:209) on port 'gmem3' (../ip/ip6/conv_bn_relu.cpp:209) due to limited memory ports (II = 1). Please consider using a memory core with more ports or partitioning the array.
Resolution: For help on HLS 200-885 see www.xilinx.com/cgi-bin/docs/rdoc?v=2022.2;t=hls+guidance;d=200-885.html
INFO: [SCHED 204-61] Discarding stage scheduling solution.
INFO: [HLS 200-1470] Pipelining result : Target II = 1, Final II = 2, Depth = 84, loop 'VITIS_LOOP_205_18'
INFO: [SCHED 204-11] Finished scheduling.
INFO: [HLS 200-111] Finished Scheduling: CPU user time: 0 seconds. CPU system time: 0 seconds. Elapsed time: 0.688 seconds; current allocated memory: 676.746 MB.
INFO: [BIND 205-100] Starting micro-architecture generation ...
INFO: [BIND 205-101] Performing variable lifetime analysis.
INFO: [BIND 205-101] Exploring resource sharing.
INFO: [BIND 205-101] Binding ...
INFO: [BIND 205-100] Finished micro-architecture generation.
INFO: [HLS 200-111] Finished Binding: CPU user time: 1 seconds. CPU system time: 0 seconds. Elapsed time: 0.401 seconds; current allocated memory: 676.746 MB.
INFO: [HLS 200-10] ----------------------------------------------------------------
INFO: [HLS 200-42] -- Implementing module 'Block_entry352_proc1_Pipeline_VITIS_LOOP_79_1' 
INFO: [HLS 200-10] ----------------------------------------------------------------
INFO: [SCHED 204-11] Starting scheduling ...
INFO: [SCHED 204-61] Pipelining loop 'VITIS_LOOP_79_1'.
WARNING: [HLS 200-885] The II Violation in module 'Block_entry352_proc1_Pipeline_VITIS_LOOP_79_1' (loop 'VITIS_LOOP_79_1'): Unable to schedule bus request operation ('gmem3_load_1_req', ../ip/ip6/conv_bn_relu.cpp:83) on port 'gmem3' (../ip/ip6/conv_bn_relu.cpp:83) due to limited memory ports (II = 1). Please consider using a memory core with more ports or partitioning the array.
Resolution: For help on HLS 200-885 see www.xilinx.com/cgi-bin/docs/rdoc?v=2022.2;t=hls+guidance;d=200-885.html
INFO: [SCHED 204-61] Discarding stage scheduling solution.
INFO: [HLS 200-1470] Pipelining result : Target II = 1, Final II = 2, Depth = 84, loop 'VITIS_LOOP_79_1'
INFO: [SCHED 204-11] Finished scheduling.
INFO: [HLS 200-111] Finished Scheduling: CPU user time: 0 seconds. CPU system time: 0 seconds. Elapsed time: 0.458 seconds; current allocated memory: 676.746 MB.
INFO: [BIND 205-100] Starting micro-architecture generation ...
INFO: [BIND 205-101] Performing variable lifetime analysis.
INFO: [BIND 205-101] Exploring resource sharing.
INFO: [BIND 205-101] Binding ...
INFO: [BIND 205-100] Finished micro-architecture generation.
INFO: [HLS 200-111] Finished Binding: CPU user time: 0 seconds. CPU system time: 0 seconds. Elapsed time: 0.419 seconds; current allocated memory: 676.746 MB.
INFO: [HLS 200-10] ----------------------------------------------------------------
INFO: [HLS 200-42] -- Implementing module 'Block_entry352_proc1_Pipeline_3' 
INFO: [HLS 200-10] ----------------------------------------------------------------
INFO: [SCHED 204-11] Starting scheduling ...
INFO: [SCHED 204-61] Pipelining loop 'Loop 1'.
INFO: [HLS 200-1470] Pipelining result : Target II = NA, Final II = 1, Depth = 2, loop 'Loop 1'
INFO: [SCHED 204-11] Finished scheduling.
INFO: [HLS 200-111] Finished Scheduling: CPU user time: 1 seconds. CPU system time: 0 seconds. Elapsed time: 0.383 seconds; current allocated memory: 676.746 MB.
INFO: [BIND 205-100] Starting micro-architecture generation ...
INFO: [BIND 205-101] Performing variable lifetime analysis.
INFO: [BIND 205-101] Exploring resource sharing.
INFO: [BIND 205-101] Binding ...
INFO: [BIND 205-100] Finished micro-architecture generation.
INFO: [HLS 200-111] Finished Binding: CPU user time: 0 seconds. CPU system time: 0 seconds. Elapsed time: 0.196 seconds; current allocated memory: 676.746 MB.
INFO: [HLS 200-10] ----------------------------------------------------------------
INFO: [HLS 200-42] -- Implementing module 'Block_entry352_proc1_Pipeline_4' 
INFO: [HLS 200-10] ----------------------------------------------------------------
INFO: [SCHED 204-11] Starting scheduling ...
INFO: [SCHED 204-61] Pipelining loop 'Loop 1'.
INFO: [HLS 200-1470] Pipelining result : Target II = NA, Final II = 1, Depth = 13, loop 'Loop 1'
INFO: [SCHED 204-11] Finished scheduling.
INFO: [HLS 200-111] Finished Scheduling: CPU user time: 0 seconds. CPU system time: 1 seconds. Elapsed time: 0.302 seconds; current allocated memory: 676.746 MB.
INFO: [BIND 205-100] Starting micro-architecture generation ...
INFO: [BIND 205-101] Performing variable lifetime analysis.
INFO: [BIND 205-101] Exploring resource sharing.
INFO: [BIND 205-101] Binding ...
INFO: [BIND 205-100] Finished micro-architecture generation.
INFO: [HLS 200-111] Finished Binding: CPU user time: 0 seconds. CPU system time: 0 seconds. Elapsed time: 0.206 seconds; current allocated memory: 676.746 MB.
INFO: [HLS 200-10] ----------------------------------------------------------------
INFO: [HLS 200-42] -- Implementing module 'Block_entry352_proc1_Pipeline_VITIS_LOOP_117_7' 
INFO: [HLS 200-10] ----------------------------------------------------------------
INFO: [SCHED 204-11] Starting scheduling ...
INFO: [SCHED 204-61] Pipelining loop 'VITIS_LOOP_116_6_VITIS_LOOP_117_7'.
INFO: [HLS 200-1470] Pipelining result : Target II = 1, Final II = 1, Depth = 14, loop 'VITIS_LOOP_116_6_VITIS_LOOP_117_7'
INFO: [SCHED 204-11] Finished scheduling.
INFO: [HLS 200-111] Finished Scheduling: CPU user time: 0 seconds. CPU system time: 0 seconds. Elapsed time: 0.322 seconds; current allocated memory: 676.746 MB.
INFO: [BIND 205-100] Starting micro-architecture generation ...
INFO: [BIND 205-101] Performing variable lifetime analysis.
INFO: [BIND 205-101] Exploring resource sharing.
INFO: [BIND 205-101] Binding ...
INFO: [BIND 205-100] Finished micro-architecture generation.
INFO: [HLS 200-111] Finished Binding: CPU user time: 0 seconds. CPU system time: 0 seconds. Elapsed time: 0.266 seconds; current allocated memory: 676.746 MB.
INFO: [HLS 200-10] ----------------------------------------------------------------
INFO: [HLS 200-42] -- Implementing module 'Block_entry352_proc1_Pipeline_VITIS_LOOP_141_11' 
INFO: [HLS 200-10] ----------------------------------------------------------------
INFO: [SCHED 204-11] Starting scheduling ...
INFO: [HLS 200-486] Changing DSP latency (root=mul_ln139) to 3 in order to utilize available DSP registers.
INFO: [HLS 200-486] Changing DSP latency (root=mul_ln139_1) to 3 in order to utilize available DSP registers.
INFO: [SCHED 204-61] Pipelining loop 'VITIS_LOOP_138_8_VITIS_LOOP_140_10_VITIS_LOOP_141_11'.
INFO: [HLS 200-1470] Pipelining result : Target II = 1, Final II = 1, Depth = 14, loop 'VITIS_LOOP_138_8_VITIS_LOOP_140_10_VITIS_LOOP_141_11'
INFO: [SCHED 204-11] Finished scheduling.
INFO: [HLS 200-111] Finished Scheduling: CPU user time: 0 seconds. CPU system time: 0 seconds. Elapsed time: 0.456 seconds; current allocated memory: 676.746 MB.
INFO: [BIND 205-100] Starting micro-architecture generation ...
INFO: [BIND 205-101] Performing variable lifetime analysis.
INFO: [BIND 205-101] Exploring resource sharing.
INFO: [BIND 205-101] Binding ...
INFO: [BIND 205-100] Finished micro-architecture generation.
INFO: [HLS 200-111] Finished Binding: CPU user time: 1 seconds. CPU system time: 0 seconds. Elapsed time: 0.214 seconds; current allocated memory: 676.746 MB.
INFO: [HLS 200-10] ----------------------------------------------------------------
INFO: [HLS 200-42] -- Implementing module 'Block_entry352_proc1' 
INFO: [HLS 200-10] ----------------------------------------------------------------
INFO: [SCHED 204-11] Starting scheduling ...
INFO: [HLS 200-486] Changing DSP latency (root=mul_ln115) to 3 in order to utilize available DSP registers.
INFO: [HLS 200-486] Changing DSP latency (root=mul_ln95) to 3 in order to utilize available DSP registers.
INFO: [HLS 200-486] Changing DSP latency (root=mul_ln87_5) to 3 in order to utilize available DSP registers.
INFO: [HLS 200-486] Changing DSP latency (root=mul_ln87_3) to 3 in order to utilize available DSP registers.
INFO: [HLS 200-486] Changing DSP latency (root=mul_ln87_1) to 3 in order to utilize available DSP registers.
INFO: [HLS 200-486] Changing DSP latency (root=mul_ln87_2) to 3 in order to utilize available DSP registers.
INFO: [HLS 200-486] Changing DSP latency (root=mul_ln87) to 3 in order to utilize available DSP registers.
WARNING: [SCHED 204-65] Unable to satisfy pipeline directive for loop 'VITIS_LOOP_225_21': contains subloop(s) that are not unrolled or flattened.
WARNING: [SCHED 204-65] Unable to satisfy pipeline directive for loop 'VITIS_LOOP_155_14': contains subloop(s) that are not unrolled or flattened.
INFO: [SCHED 204-11] Finished scheduling.
INFO: [HLS 200-111] Finished Scheduling: CPU user time: 0 seconds. CPU system time: 0 seconds. Elapsed time: 1.161 seconds; current allocated memory: 676.746 MB.
INFO: [BIND 205-100] Starting micro-architecture generation ...
INFO: [BIND 205-101] Performing variable lifetime analysis.
INFO: [BIND 205-101] Exploring resource sharing.
INFO: [BIND 205-101] Binding ...
INFO: [BIND 205-100] Finished micro-architecture generation.
INFO: [HLS 200-111] Finished Binding: CPU user time: 1 seconds. CPU system time: 0 seconds. Elapsed time: 1.029 seconds; current allocated memory: 676.746 MB.
INFO: [HLS 200-10] ----------------------------------------------------------------
INFO: [HLS 200-42] -- Implementing module 'conv_bn_relu' 
INFO: [HLS 200-10] ----------------------------------------------------------------
INFO: [SCHED 204-11] Starting scheduling ...
INFO: [SCHED 204-11] Finished scheduling.
INFO: [HLS 200-111] Finished Scheduling: CPU user time: 1 seconds. CPU system time: 0 seconds. Elapsed time: 0.927 seconds; current allocated memory: 676.746 MB.
INFO: [BIND 205-100] Starting micro-architecture generation ...
INFO: [BIND 205-101] Performing variable lifetime analysis.
INFO: [BIND 205-101] Exploring resource sharing.
INFO: [BIND 205-101] Binding ...
INFO: [BIND 205-100] Finished micro-architecture generation.
INFO: [HLS 200-111] Finished Binding: CPU user time: 0 seconds. CPU system time: 0 seconds. Elapsed time: 0.352 seconds; current allocated memory: 676.746 MB.
INFO: [HLS 200-10] ----------------------------------------------------------------
INFO: [HLS 200-10] -- Generating RTL for module 'Block_entry352_proc1_Pipeline_VITIS_LOOP_205_18' 
INFO: [HLS 200-10] ----------------------------------------------------------------
INFO: [HLS 200-1030] Apply Unified Pipeline Control on module 'Block_entry352_proc1_Pipeline_VITIS_LOOP_205_18' pipeline 'VITIS_LOOP_205_18' pipeline type 'loop pipeline'
INFO: [RTGEN 206-100] Generating core module 'ddiv_64ns_64ns_64_31_no_dsp_1': 1 instance(s).
INFO: [RTGEN 206-100] Generating core module 'dmul_64ns_64ns_64_6_max_dsp_1': 1 instance(s).
INFO: [RTGEN 206-100] Generating core module 'dsqrt_64ns_64ns_64_30_no_dsp_1': 1 instance(s).
INFO: [RTGEN 206-100] Generating core module 'fadd_32ns_32ns_32_5_full_dsp_1': 1 instance(s).
INFO: [RTGEN 206-100] Generating core module 'fpext_32ns_64_2_no_dsp_1': 1 instance(s).
INFO: [RTGEN 206-100] Finished creating RTL model for 'Block_entry352_proc1_Pipeline_VITIS_LOOP_205_18'.
INFO: [HLS 200-111] Finished Creating RTL model: CPU user time: 1 seconds. CPU system time: 0 seconds. Elapsed time: 0.889 seconds; current allocated memory: 676.746 MB.
INFO: [HLS 200-10] ----------------------------------------------------------------
INFO: [HLS 200-10] -- Generating RTL for module 'Block_entry352_proc1_Pipeline_VITIS_LOOP_79_1' 
INFO: [HLS 200-10] ----------------------------------------------------------------
INFO: [HLS 200-1030] Apply Unified Pipeline Control on module 'Block_entry352_proc1_Pipeline_VITIS_LOOP_79_1' pipeline 'VITIS_LOOP_79_1' pipeline type 'loop pipeline'
INFO: [RTGEN 206-100] Generating core module 'ddiv_64ns_64ns_64_31_no_dsp_1': 1 instance(s).
INFO: [RTGEN 206-100] Generating core module 'dmul_64ns_64ns_64_6_max_dsp_1': 1 instance(s).
INFO: [RTGEN 206-100] Generating core module 'dsqrt_64ns_64ns_64_30_no_dsp_1': 1 instance(s).
INFO: [RTGEN 206-100] Generating core module 'fadd_32ns_32ns_32_5_full_dsp_1': 1 instance(s).
INFO: [RTGEN 206-100] Generating core module 'fpext_32ns_64_2_no_dsp_1': 1 instance(s).
INFO: [RTGEN 206-100] Finished creating RTL model for 'Block_entry352_proc1_Pipeline_VITIS_LOOP_79_1'.
INFO: [HLS 200-111] Finished Creating RTL model: CPU user time: 0 seconds. CPU system time: 0 seconds. Elapsed time: 0.686 seconds; current allocated memory: 676.746 MB.
INFO: [HLS 200-10] ----------------------------------------------------------------
INFO: [HLS 200-10] -- Generating RTL for module 'Block_entry352_proc1_Pipeline_3' 
INFO: [HLS 200-10] ----------------------------------------------------------------
INFO: [HLS 200-1030] Apply Unified Pipeline Control on module 'Block_entry352_proc1_Pipeline_3' pipeline 'Loop 1' pipeline type 'loop pipeline'
INFO: [RTGEN 206-100] Finished creating RTL model for 'Block_entry352_proc1_Pipeline_3'.
INFO: [HLS 200-111] Finished Creating RTL model: CPU user time: 0 seconds. CPU system time: 0 seconds. Elapsed time: 0.44 seconds; current allocated memory: 676.746 MB.
INFO: [HLS 200-10] ----------------------------------------------------------------
INFO: [HLS 200-10] -- Generating RTL for module 'Block_entry352_proc1_Pipeline_4' 
INFO: [HLS 200-10] ----------------------------------------------------------------
INFO: [HLS 200-1030] Apply Unified Pipeline Control on module 'Block_entry352_proc1_Pipeline_4' pipeline 'Loop 1' pipeline type 'loop pipeline'
INFO: [RTGEN 206-100] Generating core module 'mul_4ns_6ns_9_1_1': 1 instance(s).
INFO: [RTGEN 206-100] Generating core module 'mul_7ns_9ns_15_1_1': 1 instance(s).
INFO: [RTGEN 206-100] Generating core module 'urem_7ns_5ns_4_11_1': 1 instance(s).
INFO: [RTGEN 206-100] Finished creating RTL model for 'Block_entry352_proc1_Pipeline_4'.
INFO: [HLS 200-111] Finished Creating RTL model: CPU user time: 1 seconds. CPU system time: 0 seconds. Elapsed time: 0.382 seconds; current allocated memory: 676.746 MB.
INFO: [HLS 200-10] ----------------------------------------------------------------
INFO: [HLS 200-10] -- Generating RTL for module 'Block_entry352_proc1_Pipeline_VITIS_LOOP_117_7' 
INFO: [HLS 200-10] ----------------------------------------------------------------
INFO: [HLS 200-1030] Apply Unified Pipeline Control on module 'Block_entry352_proc1_Pipeline_VITIS_LOOP_117_7' pipeline 'VITIS_LOOP_116_6_VITIS_LOOP_117_7' pipeline type 'loop pipeline'
INFO: [RTGEN 206-100] Generating core module 'mul_32s_16ns_32_1_1': 1 instance(s).
INFO: [RTGEN 206-100] Finished creating RTL model for 'Block_entry352_proc1_Pipeline_VITIS_LOOP_117_7'.
INFO: [HLS 200-111] Finished Creating RTL model: CPU user time: 0 seconds. CPU system time: 0 seconds. Elapsed time: 0.373 seconds; current allocated memory: 676.746 MB.
INFO: [HLS 200-10] ----------------------------------------------------------------
INFO: [HLS 200-10] -- Generating RTL for module 'Block_entry352_proc1_Pipeline_VITIS_LOOP_141_11' 
INFO: [HLS 200-10] ----------------------------------------------------------------
INFO: [HLS 200-1030] Apply Unified Pipeline Control on module 'Block_entry352_proc1_Pipeline_VITIS_LOOP_141_11' pipeline 'VITIS_LOOP_138_8_VITIS_LOOP_140_10_VITIS_LOOP_141_11' pipeline type 'loop pipeline'
INFO: [RTGEN 206-100] Generating core module 'mac_muladd_16ns_16ns_32ns_32_4_1': 2 instance(s).
INFO: [RTGEN 206-100] Generating core module 'mul_32s_32s_32_1_1': 2 instance(s).
INFO: [RTGEN 206-100] Finished creating RTL model for 'Block_entry352_proc1_Pipeline_VITIS_LOOP_141_11'.
INFO: [HLS 200-111] Finished Creating RTL model: CPU user time: 0 seconds. CPU system time: 0 seconds. Elapsed time: 0.524 seconds; current allocated memory: 676.746 MB.
INFO: [HLS 200-10] ----------------------------------------------------------------
INFO: [HLS 200-10] -- Generating RTL for module 'Block_entry352_proc1' 
INFO: [HLS 200-10] ----------------------------------------------------------------
INFO: [RTGEN 206-100] Generating core module 'dadddsub_64ns_64ns_64_7_full_dsp_1': 1 instance(s).
INFO: [RTGEN 206-100] Generating core module 'ddiv_64ns_64ns_64_31_no_dsp_1': 1 instance(s).
INFO: [RTGEN 206-100] Generating core module 'dmul_64ns_64ns_64_6_max_dsp_1': 1 instance(s).
INFO: [RTGEN 206-100] Generating core module 'dsqrt_64ns_64ns_64_30_no_dsp_1': 1 instance(s).
INFO: [RTGEN 206-100] Generating core module 'fadd_32ns_32ns_32_5_full_dsp_1': 1 instance(s).
INFO: [RTGEN 206-100] Generating core module 'fcmp_32ns_32ns_1_2_no_dsp_1': 1 instance(s).
INFO: [RTGEN 206-100] Generating core module 'fpext_32ns_64_2_no_dsp_1': 2 instance(s).
INFO: [RTGEN 206-100] Generating core module 'fptrunc_64ns_32_2_no_dsp_1': 1 instance(s).
INFO: [RTGEN 206-100] Generating core module 'mul_24ns_30s_30_1_1': 1 instance(s).
INFO: [RTGEN 206-100] Generating core module 'mul_29s_14ns_29_1_1': 1 instance(s).
INFO: [RTGEN 206-100] Generating core module 'mul_30s_30s_30_1_1': 1 instance(s).
INFO: [RTGEN 206-100] Generating core module 'mul_32s_16ns_32_1_1': 4 instance(s).
INFO: [RTGEN 206-100] Generating core module 'mul_32s_18ns_32_1_1': 1 instance(s).
INFO: [RTGEN 206-100] Generating core module 'mul_32s_26ns_32_1_1': 1 instance(s).
INFO: [RTGEN 206-100] Generating core module 'mul_32s_32s_32_1_1': 1 instance(s).
INFO: [RTGEN 206-100] Generating core module 'mul_32s_8ns_32_1_1': 4 instance(s).
INFO: [RTGEN 206-100] Generating core module 'mul_64ns_16ns_80_5_1': 1 instance(s).
INFO: [RTGEN 206-100] Generating core module 'mul_64ns_32ns_96_5_1': 1 instance(s).
INFO: [RTGEN 206-100] Generating core module 'mul_8ns_8ns_16_1_1': 2 instance(s).
INFO: [RTGEN 206-100] Generating core module 'mul_mul_16ns_16ns_32_4_1': 3 instance(s).
INFO: [RTGEN 206-100] Generating core module 'mul_mul_16ns_8ns_24_4_1': 3 instance(s).
INFO: [RTGEN 206-100] Generating core module 'mul_mul_24ns_17s_32_4_1': 1 instance(s).
INFO: [RTGEN 206-100] Generating core module 'mux_21_32_1_1': 7 instance(s).
INFO: [RTGEN 206-100] Generating core module 'mux_32_32_1_1': 4 instance(s).
INFO: [RTGEN 206-100] Generating core module 'mux_42_64_1_1': 2 instance(s).
INFO: [RTGEN 206-100] Generating core module 'sdiv_18ns_9ns_16_22_seq_1': 2 instance(s).
INFO: [RTGEN 206-100] Finished creating RTL model for 'Block_entry352_proc1'.
INFO: [RTMG 210-278] Implementing memory 'conv_bn_relu_Block_entry352_proc1_bn_params_RAM_AUTO_1R1W' using auto RAMs.
INFO: [RTMG 210-278] Implementing memory 'conv_bn_relu_Block_entry352_proc1_local_kernel_RAM_AUTO_1R1W' using auto RAMs.
INFO: [RTMG 210-278] Implementing memory 'conv_bn_relu_Block_entry352_proc1_local_feature_in_blk_RAM_AUTO_1R1W' using auto RAMs.
INFO: [RTMG 210-278] Implementing memory 'conv_bn_relu_Block_entry352_proc1_local_conv_kernel_blk_RAM_AUTO_1R1W' using auto RAMs.
INFO: [HLS 200-111] Finished Creating RTL model: CPU user time: 1 seconds. CPU system time: 0 seconds. Elapsed time: 2.023 seconds; current allocated memory: 676.746 MB.
INFO: [HLS 200-10] ----------------------------------------------------------------
INFO: [HLS 200-10] -- Generating RTL for module 'conv_bn_relu' 
INFO: [HLS 200-10] ----------------------------------------------------------------
WARNING: [RTGEN 206-101] Design contains AXI ports. Reset is fixed to synchronous and active low.
INFO: [RTGEN 206-500] Setting interface mode on port 'conv_bn_relu/gmem1' to 'm_axi'.
INFO: [RTGEN 206-500] Setting interface mode on port 'conv_bn_relu/gmem2' to 'm_axi'.
INFO: [RTGEN 206-500] Setting interface mode on port 'conv_bn_relu/gmem3' to 'm_axi'.
INFO: [RTGEN 206-500] Setting interface mode on port 'conv_bn_relu/gmem0' to 'm_axi'.
INFO: [RTGEN 206-500] Setting interface mode on port 'conv_bn_relu/conv_type' to 's_axilite & ap_none' (register).
INFO: [RTGEN 206-500] Setting interface mode on port 'conv_bn_relu/C_in' to 's_axilite & ap_none' (register).
INFO: [RTGEN 206-500] Setting interface mode on port 'conv_bn_relu/H_in' to 's_axilite & ap_none' (register).
INFO: [RTGEN 206-500] Setting interface mode on port 'conv_bn_relu/W_in' to 's_axilite & ap_none' (register).
INFO: [RTGEN 206-500] Setting interface mode on port 'conv_bn_relu/C_out' to 's_axilite & ap_none' (register).
INFO: [RTGEN 206-500] Setting interface mode on port 'conv_bn_relu/kernel_size' to 's_axilite & ap_none' (register).
INFO: [RTGEN 206-500] Setting interface mode on port 'conv_bn_relu/stride' to 's_axilite & ap_none' (register).
INFO: [RTGEN 206-500] Setting interface mode on port 'conv_bn_relu/padding' to 's_axilite & ap_none' (register).
INFO: [RTGEN 206-500] Setting interface mode on port 'conv_bn_relu/feature_in' to 's_axilite & ap_none'.
INFO: [RTGEN 206-500] Setting interface mode on port 'conv_bn_relu/conv_kernel' to 's_axilite & ap_none'.
INFO: [RTGEN 206-500] Setting interface mode on port 'conv_bn_relu/bn_mean' to 's_axilite & ap_none'.
INFO: [RTGEN 206-500] Setting interface mode on port 'conv_bn_relu/bn_var' to 's_axilite & ap_none'.
INFO: [RTGEN 206-500] Setting interface mode on port 'conv_bn_relu/bn_gamma' to 's_axilite & ap_none'.
INFO: [RTGEN 206-500] Setting interface mode on port 'conv_bn_relu/bn_beta' to 's_axilite & ap_none'.
INFO: [RTGEN 206-500] Setting interface mode on port 'conv_bn_relu/feature_out' to 's_axilite & ap_none'.
INFO: [RTGEN 206-500] Setting interface mode on function 'conv_bn_relu' to 's_axilite & ap_ctrl_hs'.
INFO: [RTGEN 206-100] Bundling port 'conv_type', 'H_in', 'C_out', 'stride', 'C_in', 'W_in', 'kernel_size', 'padding', 'feature_in', 'conv_kernel', 'bn_mean', 'bn_var', 'bn_gamma', 'bn_beta', 'feature_out' to AXI-Lite port control.
INFO: [RTGEN 206-100] Finished creating RTL model for 'conv_bn_relu'.
INFO: [HLS 200-111] Finished Creating RTL model: CPU user time: 2 seconds. CPU system time: 1 seconds. Elapsed time: 3.371 seconds; current allocated memory: 676.746 MB.
INFO: [HLS 200-111] Finished Generating all RTL models: CPU user time: 1 seconds. CPU system time: 0 seconds. Elapsed time: 2.566 seconds; current allocated memory: 676.746 MB.
INFO: [HLS 200-1603] Design has inferred MAXI bursts and missed bursts, see Vitis HLS GUI synthesis summary report for detailed information.
INFO: [HLS 200-111] Finished Updating report files: CPU user time: 2 seconds. CPU system time: 1 seconds. Elapsed time: 3.261 seconds; current allocated memory: 676.746 MB.
INFO: [VHDL 208-304] Generating VHDL RTL for conv_bn_relu.
INFO: [VLOG 209-307] Generating Verilog RTL for conv_bn_relu.
INFO: [HLS 200-790] **** Loop Constraint Status: All loop constraints were NOT satisfied.
INFO: [HLS 200-789] **** Estimated Fmax: 136.99 MHz
INFO: [HLS 200-111] Finished Command csynth_design CPU user time: 16 seconds. CPU system time: 3 seconds. Elapsed time: 45.768 seconds; current allocated memory: 0.000 MB.
INFO: [HLS 200-112] Total CPU user time: 19 seconds. Total CPU system time: 4 seconds. Total elapsed time: 58.589 seconds; peak allocated memory: 676.746 MB.
