==============================================================
Vitis HLS - High-Level Synthesis from C, C++ and OpenCL v2022.2 (64-bit)
Tool Version Limit: 2019.12
Copyright 1986-2022 Xilinx, Inc. All Rights Reserved.
==============================================================
INFO: [SYN 201-201] Setting up clock 'default' with a period of 10ns.
INFO: [HLS 200-1611] Setting target device to 'xc7z020-clg400-2'
INFO: [HLS 200-1505] Using flow_target 'vivado'
INFO: [HLS 200-1510] Running: set_part xc7z020clg400-2 
INFO: [HLS 200-1510] Running: create_clock -period 10 -name default 
INFO: [SYN 201-201] Setting up clock 'default' with a period of 10ns.
INFO: [HLS 200-1510] Running: csim_design -setup -quiet 
INFO: [SIM 211-2] *************** CSIM start ***************
INFO: [SIM 211-4] CSIM will launch GCC as the compiler.
ERROR: [SIM 211-100] CSim file generation failed: compilation error(s).
INFO: [SIM 211-3] *************** CSIM finish ***************
INFO: [HLS 200-111] Finished Command csim_design CPU user time: 0 seconds. CPU system time: 0 seconds. Elapsed time: 12.705 seconds; current allocated memory: 0.547 MB.
INFO: [HLS 200-112] Total CPU user time: 3 seconds. Total CPU system time: 1 seconds. Total elapsed time: 25.913 seconds; peak allocated memory: 682.012 MB.
==============================================================
Vitis HLS - High-Level Synthesis from C, C++ and OpenCL v2022.2 (64-bit)
Tool Version Limit: 2019.12
Copyright 1986-2022 Xilinx, Inc. All Rights Reserved.
==============================================================
INFO: [SYN 201-201] Setting up clock 'default' with a period of 10ns.
INFO: [HLS 200-1611] Setting target device to 'xc7z020-clg400-2'
INFO: [HLS 200-1505] Using flow_target 'vivado'
INFO: [HLS 200-1510] Running: set_part xc7z020clg400-2 
INFO: [HLS 200-1510] Running: create_clock -period 10 -name default 
INFO: [HLS 200-1510] Running: csynth_design 
INFO: [HLS 200-111] Finished File checks and directory preparation: CPU user time: 0 seconds. CPU system time: 0 seconds. Elapsed time: 10.058 seconds; current allocated memory: 677.148 MB.
INFO: [HLS 200-10] Analyzing design file '../ip/Ip1/initial_conv_bn_relu.cpp' ... 
ERROR: [HLS 207-3776] use of undeclared identifier 'stride' (../ip/Ip1/initial_conv_bn_relu.cpp:29:47)
WARNING: [HLS 207-5544] invalid variable expr  (../ip/Ip1/initial_conv_bn_relu.cpp:29:47)
ERROR: [HLS 207-3776] use of undeclared identifier 'padding' (../ip/Ip1/initial_conv_bn_relu.cpp:30:47)
WARNING: [HLS 207-5544] invalid variable expr  (../ip/Ip1/initial_conv_bn_relu.cpp:30:47)
INFO: [HLS 200-111] Finished Command csynth_design CPU user time: 0 seconds. CPU system time: 0 seconds. Elapsed time: 1.724 seconds; current allocated memory: 0.434 MB.
INFO: [HLS 200-112] Total CPU user time: 3 seconds. Total CPU system time: 1 seconds. Total elapsed time: 14.49 seconds; peak allocated memory: 677.566 MB.
==============================================================
Vitis HLS - High-Level Synthesis from C, C++ and OpenCL v2022.2 (64-bit)
Tool Version Limit: 2019.12
Copyright 1986-2022 Xilinx, Inc. All Rights Reserved.
==============================================================
INFO: [SYN 201-201] Setting up clock 'default' with a period of 10ns.
INFO: [HLS 200-1611] Setting target device to 'xc7z020-clg400-2'
INFO: [HLS 200-1505] Using flow_target 'vivado'
INFO: [HLS 200-1510] Running: set_part xc7z020clg400-2 
INFO: [HLS 200-1510] Running: create_clock -period 10 -name default 
INFO: [HLS 200-1510] Running: csynth_design 
INFO: [HLS 200-111] Finished File checks and directory preparation: CPU user time: 0 seconds. CPU system time: 0 seconds. Elapsed time: 10.078 seconds; current allocated memory: 676.320 MB.
INFO: [HLS 200-10] Analyzing design file '../ip/Ip1/initial_conv_bn_relu.cpp' ... 
INFO: [HLS 200-111] Finished Source Code Analysis and Preprocessing: CPU user time: 0 seconds. CPU system time: 0 seconds. Elapsed time: 4.354 seconds; current allocated memory: 678.273 MB.
INFO: [HLS 200-777] Using interface defaults for 'Vivado' flow target.
INFO: [HLS 214-131] Inlining function 'ssdm_int<32, true>::ssdm_int(int)' into 'ap_int_base<32, true>::ap_int_base(int)' (D:/Xilinx/Vitis_HLS/2022.2/common/technology/autopilot\ap_int_base.h:214:67)
INFO: [HLS 214-131] Inlining function 'ap_int_base<32, true>::ap_int_base(int)' into 'ap_int<32>::ap_int(int)'
INFO: [HLS 214-131] Inlining function 'ssdm_int<16, true>::ssdm_int(short)' into 'ap_int_base<16, true>::ap_int_base<8, true>(ap_int_base<8, true> const&)' (D:/Xilinx/Vitis_HLS/2022.2/common/technology/autopilot\ap_int_base.h:185:106)
INFO: [HLS 214-131] Inlining function 'ssdm_int<16, true>::ssdm_int(short)' into 'ap_int_base<16, true>::ap_int_base(int)' (D:/Xilinx/Vitis_HLS/2022.2/common/technology/autopilot\ap_int_base.h:214:67)
INFO: [HLS 214-131] Inlining function 'ap_int_base<16, true>::ap_int_base<8, true>(ap_int_base<8, true> const&)' into 'ap_int_base<8, true>::RType<8, true>::mult operator*<8, true, 8, true>(ap_int_base<8, true> const&, ap_int_base<8, true> const&)' (D:/Xilinx/Vitis_HLS/2022.2/common/technology/autopilot\ap_int_base.h:1494:339)
INFO: [HLS 214-131] Inlining function 'ap_int_base<16, true>::ap_int_base(int)' into 'ap_int_base<8, true>::RType<8, true>::mult operator*<8, true, 8, true>(ap_int_base<8, true> const&, ap_int_base<8, true> const&)' (D:/Xilinx/Vitis_HLS/2022.2/common/technology/autopilot\ap_int_base.h:1494:516)
INFO: [HLS 214-131] Inlining function 'ap_int_base<16, true>::ap_int_base<8, true>(ap_int_base<8, true> const&)' into 'ap_int_base<8, true>::RType<8, true>::mult operator*<8, true, 8, true>(ap_int_base<8, true> const&, ap_int_base<8, true> const&)' (D:/Xilinx/Vitis_HLS/2022.2/common/technology/autopilot\ap_int_base.h:1494:427)
INFO: [HLS 214-131] Inlining function '_ZN8ssdm_intILi33ELb1EEC2EDq33_i' into 'ap_int_base<33, true>::ap_int_base<32, true>(ap_int_base<32, true> const&)' (D:/Xilinx/Vitis_HLS/2022.2/common/technology/autopilot\ap_int_base.h:185:106)
INFO: [HLS 214-131] Inlining function '_ZN8ssdm_intILi33ELb1EEC2EDq33_i' into 'ap_int_base<33, true>::ap_int_base<8, true>(ap_int_base<8, true> const&)' (D:/Xilinx/Vitis_HLS/2022.2/common/technology/autopilot\ap_int_base.h:185:106)
INFO: [HLS 214-131] Inlining function '_ZN8ssdm_intILi33ELb1EEC2EDq33_i' into 'ap_int_base<33, true>::ap_int_base(int)' (D:/Xilinx/Vitis_HLS/2022.2/common/technology/autopilot\ap_int_base.h:214:67)
INFO: [HLS 214-131] Inlining function 'ap_int_base<33, true>::ap_int_base<32, true>(ap_int_base<32, true> const&)' into 'ap_int_base<32, true>::RType<8, true>::plus operator+<32, true, 8, true>(ap_int_base<32, true> const&, ap_int_base<8, true> const&)' (D:/Xilinx/Vitis_HLS/2022.2/common/technology/autopilot\ap_int_base.h:1495:339)
INFO: [HLS 214-131] Inlining function 'ap_int_base<33, true>::ap_int_base(int)' into 'ap_int_base<32, true>::RType<8, true>::plus operator+<32, true, 8, true>(ap_int_base<32, true> const&, ap_int_base<8, true> const&)' (D:/Xilinx/Vitis_HLS/2022.2/common/technology/autopilot\ap_int_base.h:1495:516)
INFO: [HLS 214-131] Inlining function 'ap_int_base<33, true>::ap_int_base<8, true>(ap_int_base<8, true> const&)' into 'ap_int_base<32, true>::RType<8, true>::plus operator+<32, true, 8, true>(ap_int_base<32, true> const&, ap_int_base<8, true> const&)' (D:/Xilinx/Vitis_HLS/2022.2/common/technology/autopilot\ap_int_base.h:1495:427)
INFO: [HLS 214-131] Inlining function 'ap_int_base<32, true>::ap_int_base(int)' into 'ap_int_base<8, true>::RType<($_0)32, true>::plus operator+<8, true>(int, ap_int_base<8, true> const&)' (D:/Xilinx/Vitis_HLS/2022.2/common/technology/autopilot\ap_int_base.h:1633:739)
INFO: [HLS 214-131] Inlining function 'ap_int_base<32, true>::RType<8, true>::plus operator+<32, true, 8, true>(ap_int_base<32, true> const&, ap_int_base<8, true> const&)' into 'ap_int_base<8, true>::RType<($_0)32, true>::plus operator+<8, true>(int, ap_int_base<8, true> const&)' (D:/Xilinx/Vitis_HLS/2022.2/common/technology/autopilot\ap_int_base.h:1633:777)
INFO: [HLS 214-131] Inlining function 'ssdm_int<32, true>::ssdm_int(int)' into 'ap_int_base<32, true>::ap_int_base<33, true>(ap_int_base<33, true> const&)' (D:/Xilinx/Vitis_HLS/2022.2/common/technology/autopilot\ap_int_base.h:185:106)
INFO: [HLS 214-131] Inlining function 'ap_int_base<32, true>::ap_int_base<33, true>(ap_int_base<33, true> const&)' into 'ap_int<32>::ap_int<33>(ap_int<33> const&)'
INFO: [HLS 214-131] Inlining function 'ap_int_base<33, true>::ap_int_base(int)' into 'ap_int_base<32, true>::RType<32, true>::div operator/<32, true, 32, true>(ap_int_base<32, true> const&, ap_int_base<32, true> const&)' (D:/Xilinx/Vitis_HLS/2022.2/common/technology/autopilot\ap_int_base.h:1513:337)
INFO: [HLS 214-131] Inlining function 'ap_int_base<32, true>::ap_int_base(int)' into 'ap_int_base<32, true>::RType<($_0)32, true>::div operator/<32, true>(int, ap_int_base<32, true> const&)' (D:/Xilinx/Vitis_HLS/2022.2/common/technology/autopilot\ap_int_base.h:1633:1786)
INFO: [HLS 214-131] Inlining function 'ap_int_base<32, true>::RType<32, true>::div operator/<32, true, 32, true>(ap_int_base<32, true> const&, ap_int_base<32, true> const&)' into 'ap_int_base<32, true>::RType<($_0)32, true>::div operator/<32, true>(int, ap_int_base<32, true> const&)' (D:/Xilinx/Vitis_HLS/2022.2/common/technology/autopilot\ap_int_base.h:1633:1824)
INFO: [HLS 214-131] Inlining function 'ap_int_base<33, true>::ap_int_base<32, true>(ap_int_base<32, true> const&)' into 'ap_int_base<32, true>::RType<8, true>::minus operator-<32, true, 8, true>(ap_int_base<32, true> const&, ap_int_base<8, true> const&)' (D:/Xilinx/Vitis_HLS/2022.2/common/technology/autopilot\ap_int_base.h:1496:341)
INFO: [HLS 214-131] Inlining function 'ap_int_base<33, true>::ap_int_base(int)' into 'ap_int_base<32, true>::RType<8, true>::minus operator-<32, true, 8, true>(ap_int_base<32, true> const&, ap_int_base<8, true> const&)' (D:/Xilinx/Vitis_HLS/2022.2/common/technology/autopilot\ap_int_base.h:1496:520)
INFO: [HLS 214-131] Inlining function 'ap_int_base<33, true>::ap_int_base<8, true>(ap_int_base<8, true> const&)' into 'ap_int_base<32, true>::RType<8, true>::minus operator-<32, true, 8, true>(ap_int_base<32, true> const&, ap_int_base<8, true> const&)' (D:/Xilinx/Vitis_HLS/2022.2/common/technology/autopilot\ap_int_base.h:1496:430)
INFO: [HLS 214-131] Inlining function '_ZN8ssdm_intILi41ELb1EEC2EDq41_i' into 'ap_int_base<41, true>::ap_int_base<33, true>(ap_int_base<33, true> const&)' (D:/Xilinx/Vitis_HLS/2022.2/common/technology/autopilot\ap_int_base.h:185:106)
INFO: [HLS 214-131] Inlining function '_ZN8ssdm_intILi41ELb1EEC2EDq41_i' into 'ap_int_base<41, true>::ap_int_base<8, true>(ap_int_base<8, true> const&)' (D:/Xilinx/Vitis_HLS/2022.2/common/technology/autopilot\ap_int_base.h:185:106)
INFO: [HLS 214-131] Inlining function '_ZN8ssdm_intILi41ELb1EEC2EDq41_i' into 'ap_int_base<41, true>::ap_int_base(int)' (D:/Xilinx/Vitis_HLS/2022.2/common/technology/autopilot\ap_int_base.h:214:67)
INFO: [HLS 214-131] Inlining function 'ap_int_base<41, true>::ap_int_base<33, true>(ap_int_base<33, true> const&)' into 'ap_int_base<33, true>::RType<8, true>::mult operator*<33, true, 8, true>(ap_int_base<33, true> const&, ap_int_base<8, true> const&)' (D:/Xilinx/Vitis_HLS/2022.2/common/technology/autopilot\ap_int_base.h:1494:339)
INFO: [HLS 214-131] Inlining function 'ap_int_base<41, true>::ap_int_base(int)' into 'ap_int_base<33, true>::RType<8, true>::mult operator*<33, true, 8, true>(ap_int_base<33, true> const&, ap_int_base<8, true> const&)' (D:/Xilinx/Vitis_HLS/2022.2/common/technology/autopilot\ap_int_base.h:1494:516)
INFO: [HLS 214-131] Inlining function 'ap_int_base<41, true>::ap_int_base<8, true>(ap_int_base<8, true> const&)' into 'ap_int_base<33, true>::RType<8, true>::mult operator*<33, true, 8, true>(ap_int_base<33, true> const&, ap_int_base<8, true> const&)' (D:/Xilinx/Vitis_HLS/2022.2/common/technology/autopilot\ap_int_base.h:1494:427)
INFO: [HLS 214-131] Inlining function 'ssdm_int<32, true>::ssdm_int(int)' into 'ap_int_base<32, true>::ap_int_base<41, true>(ap_int_base<41, true> const&)' (D:/Xilinx/Vitis_HLS/2022.2/common/technology/autopilot\ap_int_base.h:185:106)
INFO: [HLS 214-131] Inlining function 'ap_int_base<32, true>::ap_int_base<41, true>(ap_int_base<41, true> const&)' into 'ap_int<32>::ap_int<41>(ap_int<41> const&)'
INFO: [HLS 214-131] Inlining function 'ssdm_int<64, true>::ssdm_int(long)' into 'ap_int_base<64, true>::ap_int_base<32, true>(ap_int_base<32, true> const&)' (D:/Xilinx/Vitis_HLS/2022.2/common/technology/autopilot\ap_int_base.h:185:106)
INFO: [HLS 214-131] Inlining function 'ssdm_int<64, true>::ssdm_int(long)' into 'ap_int_base<64, true>::ap_int_base(int)' (D:/Xilinx/Vitis_HLS/2022.2/common/technology/autopilot\ap_int_base.h:214:67)
INFO: [HLS 214-131] Inlining function 'ap_int_base<64, true>::ap_int_base<32, true>(ap_int_base<32, true> const&)' into 'ap_int_base<32, true>::RType<32, true>::mult operator*<32, true, 32, true>(ap_int_base<32, true> const&, ap_int_base<32, true> const&)' (D:/Xilinx/Vitis_HLS/2022.2/common/technology/autopilot\ap_int_base.h:1494:339)
INFO: [HLS 214-131] Inlining function 'ap_int_base<64, true>::ap_int_base(int)' into 'ap_int_base<32, true>::RType<32, true>::mult operator*<32, true, 32, true>(ap_int_base<32, true> const&, ap_int_base<32, true> const&)' (D:/Xilinx/Vitis_HLS/2022.2/common/technology/autopilot\ap_int_base.h:1494:516)
INFO: [HLS 214-131] Inlining function 'ap_int_base<64, true>::ap_int_base<32, true>(ap_int_base<32, true> const&)' into 'ap_int_base<32, true>::RType<32, true>::mult operator*<32, true, 32, true>(ap_int_base<32, true> const&, ap_int_base<32, true> const&)' (D:/Xilinx/Vitis_HLS/2022.2/common/technology/autopilot\ap_int_base.h:1494:427)
INFO: [HLS 214-131] Inlining function 'ap_int_base<64, true>::ap_int_base(int)' into 'ap_int_base<64, true>::RType<64, true>::arg1 operator>><64, true>(ap_int_base<64, true> const&, int)' (D:/Xilinx/Vitis_HLS/2022.2/common/technology/autopilot\ap_int_base.h:1669:558)
INFO: [HLS 214-131] Inlining function 'ssdm_int<32, true>::ssdm_int(int)' into 'ap_int_base<32, true>::ap_int_base<64, true>(ap_int_base<64, true> const&)' (D:/Xilinx/Vitis_HLS/2022.2/common/technology/autopilot\ap_int_base.h:185:106)
INFO: [HLS 214-131] Inlining function 'ap_int_base<32, true>::ap_int_base<64, true>(ap_int_base<64, true> const&)' into 'ap_int<32>::ap_int<64>(ap_int<64> const&)'
INFO: [HLS 214-131] Inlining function 'ap_int_base<32, true>::ap_int_base(int)' into 'bool operator><32, true>(ap_int_base<32, true> const&, int)' (D:/Xilinx/Vitis_HLS/2022.2/common/technology/autopilot\ap_int_base.h:1788:337)
INFO: [HLS 214-131] Inlining function 'bool ap_int_base<32, true>::operator><32, true>(ap_int_base<32, true> const&) const' into 'bool operator><32, true>(ap_int_base<32, true> const&, int)' (D:/Xilinx/Vitis_HLS/2022.2/common/technology/autopilot\ap_int_base.h:1788:335)
INFO: [HLS 214-131] Inlining function 'ap_int_base<32, true>::ap_int_base(int)' into 'ap_int_base<32, true>::RType<32, true>::arg1 operator>><32, true>(ap_int_base<32, true> const&, int)' (D:/Xilinx/Vitis_HLS/2022.2/common/technology/autopilot\ap_int_base.h:1669:558)
INFO: [HLS 214-131] Inlining function 'ssdm_int<8, true>::ssdm_int(signed char)' into 'ap_int_base<8, true>::ap_int_base<32, true>(ap_int_base<32, true> const&)' (D:/Xilinx/Vitis_HLS/2022.2/common/technology/autopilot\ap_int_base.h:185:106)
INFO: [HLS 214-131] Inlining function 'ap_int_base<8, true>::ap_int_base<32, true>(ap_int_base<32, true> const&)' into 'ap_int<8>::ap_int<32>(ap_int<32> const&)'
INFO: [HLS 214-131] Inlining function 'ssdm_int<8, true>::ssdm_int(signed char)' into 'ap_int_base<8, true>::ap_int_base(int)' (D:/Xilinx/Vitis_HLS/2022.2/common/technology/autopilot\ap_int_base.h:214:67)
INFO: [HLS 214-131] Inlining function 'ap_int_base<8, true>::ap_int_base(int)' into 'ap_int<8>::ap_int(int)'
INFO: [HLS 214-131] Inlining function 'ap_int_base<32, true>::RType<32, true>::arg1 operator>><32, true>(ap_int_base<32, true> const&, int)' into 'initial_conv_bn_relu(ap_int<8> const (*) [128][128], ap_int<8> const (*) [3][3][3], ap_int<8> const*, ap_int<8> const*, ap_int<8> const*, ap_int<8> const*, ap_int<8> (*) [128][128], int, int)' (../ip/Ip1/initial_conv_bn_relu.cpp:57:70)
INFO: [HLS 214-131] Inlining function 'bool operator><32, true>(ap_int_base<32, true> const&, int)' into 'initial_conv_bn_relu(ap_int<8> const (*) [128][128], ap_int<8> const (*) [3][3][3], ap_int<8> const*, ap_int<8> const*, ap_int<8> const*, ap_int<8> const*, ap_int<8> (*) [128][128], int, int)' (../ip/Ip1/initial_conv_bn_relu.cpp:57:44)
INFO: [HLS 214-131] Inlining function 'ap_int_base<32, true>& ap_int_base<32, true>::operator+=<8, true>(ap_int_base<8, true> const&)' into 'initial_conv_bn_relu(ap_int<8> const (*) [128][128], ap_int<8> const (*) [3][3][3], ap_int<8> const*, ap_int<8> const*, ap_int<8> const*, ap_int<8> const*, ap_int<8> (*) [128][128], int, int)' (../ip/Ip1/initial_conv_bn_relu.cpp:56:24)
INFO: [HLS 214-131] Inlining function 'ap_int_base<64, true>::RType<64, true>::arg1 operator>><64, true>(ap_int_base<64, true> const&, int)' into 'initial_conv_bn_relu(ap_int<8> const (*) [128][128], ap_int<8> const (*) [3][3][3], ap_int<8> const*, ap_int<8> const*, ap_int<8> const*, ap_int<8> const*, ap_int<8> (*) [128][128], int, int)' (../ip/Ip1/initial_conv_bn_relu.cpp:55:45)
INFO: [HLS 214-131] Inlining function 'ap_int_base<32, true>::RType<32, true>::mult operator*<32, true, 32, true>(ap_int_base<32, true> const&, ap_int_base<32, true> const&)' into 'initial_conv_bn_relu(ap_int<8> const (*) [128][128], ap_int<8> const (*) [3][3][3], ap_int<8> const*, ap_int<8> const*, ap_int<8> const*, ap_int<8> const*, ap_int<8> (*) [128][128], int, int)' (../ip/Ip1/initial_conv_bn_relu.cpp:55:34)
INFO: [HLS 214-131] Inlining function 'ap_int_base<33, true>::RType<8, true>::mult operator*<33, true, 8, true>(ap_int_base<33, true> const&, ap_int_base<8, true> const&)' into 'initial_conv_bn_relu(ap_int<8> const (*) [128][128], ap_int<8> const (*) [3][3][3], ap_int<8> const*, ap_int<8> const*, ap_int<8> const*, ap_int<8> const*, ap_int<8> (*) [128][128], int, int)' (../ip/Ip1/initial_conv_bn_relu.cpp:54:60)
INFO: [HLS 214-131] Inlining function 'ap_int_base<32, true>::RType<8, true>::minus operator-<32, true, 8, true>(ap_int_base<32, true> const&, ap_int_base<8, true> const&)' into 'initial_conv_bn_relu(ap_int<8> const (*) [128][128], ap_int<8> const (*) [3][3][3], ap_int<8> const*, ap_int<8> const*, ap_int<8> const*, ap_int<8> const*, ap_int<8> (*) [128][128], int, int)' (../ip/Ip1/initial_conv_bn_relu.cpp:54:42)
INFO: [HLS 214-131] Inlining function 'ap_int_base<32, true>::RType<($_0)32, true>::div operator/<32, true>(int, ap_int_base<32, true> const&)' into 'initial_conv_bn_relu(ap_int<8> const (*) [128][128], ap_int<8> const (*) [3][3][3], ap_int<8> const*, ap_int<8> const*, ap_int<8> const*, ap_int<8> const*, ap_int<8> (*) [128][128], int, int)' (../ip/Ip1/initial_conv_bn_relu.cpp:53:48)
INFO: [HLS 214-131] Inlining function 'ap_int_base<8, true>::RType<($_0)32, true>::plus operator+<8, true>(int, ap_int_base<8, true> const&)' into 'initial_conv_bn_relu(ap_int<8> const (*) [128][128], ap_int<8> const (*) [3][3][3], ap_int<8> const*, ap_int<8> const*, ap_int<8> const*, ap_int<8> const*, ap_int<8> (*) [128][128], int, int)' (../ip/Ip1/initial_conv_bn_relu.cpp:52:43)
INFO: [HLS 214-131] Inlining function 'ap_int_base<32, true>& ap_int_base<32, true>::operator+=<16, true>(ap_int_base<16, true> const&)' into 'initial_conv_bn_relu(ap_int<8> const (*) [128][128], ap_int<8> const (*) [3][3][3], ap_int<8> const*, ap_int<8> const*, ap_int<8> const*, ap_int<8> const*, ap_int<8> (*) [128][128], int, int)' (../ip/Ip1/initial_conv_bn_relu.cpp:45:37)
INFO: [HLS 214-131] Inlining function 'ap_int_base<8, true>::RType<8, true>::mult operator*<8, true, 8, true>(ap_int_base<8, true> const&, ap_int_base<8, true> const&)' into 'initial_conv_bn_relu(ap_int<8> const (*) [128][128], ap_int<8> const (*) [3][3][3], ap_int<8> const*, ap_int<8> const*, ap_int<8> const*, ap_int<8> const*, ap_int<8> (*) [128][128], int, int)' (../ip/Ip1/initial_conv_bn_relu.cpp:45:61)
INFO: [HLS 214-241] Aggregating maxi variable 'out' with compact=none mode in 8-bits
INFO: [HLS 214-241] Aggregating maxi variable 'conv_kernel' with compact=none mode in 8-bits (../ip/Ip1/initial_conv_bn_relu.cpp:19:0)
INFO: [HLS 214-241] Aggregating maxi variable 'in' with compact=none mode in 8-bits
WARNING: [HLS 214-203] Replacing invalid offset value '20' with '108' for s_axilite port 'padding'. (../ip/Ip1/initial_conv_bn_relu.cpp:12:21)
INFO: [HLS 214-115] Multiple burst writes of length 393216 and bit width 8 in loop 'VITIS_LOOP_35_1'(../ip/Ip1/initial_conv_bn_relu.cpp:35:19) has been inferred on bundle 'gmem0'. These burst requests might be further partitioned into multiple requests during RTL generation, based on max_read_burst_length or max_write_burst_length settings. (../ip/Ip1/initial_conv_bn_relu.cpp:35:19)
INFO: [HLS 200-111] Finished Compiling Optimization and Transform: CPU user time: 0 seconds. CPU system time: 0 seconds. Elapsed time: 6.412 seconds; current allocated memory: 680.469 MB.
INFO: [HLS 200-111] Finished Checking Pragmas: CPU user time: 0 seconds. CPU system time: 0 seconds. Elapsed time: 0.003 seconds; current allocated memory: 680.469 MB.
INFO: [HLS 200-10] Starting code transformations ...
INFO: [HLS 200-111] Finished Standard Transforms: CPU user time: 0 seconds. CPU system time: 0 seconds. Elapsed time: 0.11 seconds; current allocated memory: 692.223 MB.
INFO: [HLS 200-10] Checking synthesizability ...
INFO: [HLS 200-111] Finished Checking Synthesizability: CPU user time: 0 seconds. CPU system time: 0 seconds. Elapsed time: 0.107 seconds; current allocated memory: 702.250 MB.
INFO: [XFORM 203-510] Pipelining loop 'VITIS_LOOP_37_3' (../ip/Ip1/initial_conv_bn_relu.cpp:38) in function 'initial_conv_bn_relu' automatically.
INFO: [XFORM 203-502] Unrolling all sub-loops inside loop 'VITIS_LOOP_37_3' (../ip/Ip1/initial_conv_bn_relu.cpp:38) in function 'initial_conv_bn_relu' for pipelining.
INFO: [HLS 200-489] Unrolling loop 'VITIS_LOOP_39_4' (../ip/Ip1/initial_conv_bn_relu.cpp:38) in function 'initial_conv_bn_relu' completely with a factor of 3.
INFO: [HLS 200-489] Unrolling loop 'VITIS_LOOP_40_5' (../ip/Ip1/initial_conv_bn_relu.cpp:38) in function 'initial_conv_bn_relu' completely with a factor of 3.
INFO: [HLS 200-489] Unrolling loop 'VITIS_LOOP_41_6' (../ip/Ip1/initial_conv_bn_relu.cpp:38) in function 'initial_conv_bn_relu' completely with a factor of 3.
INFO: [HLS 200-111] Finished Loop, function and other optimizations: CPU user time: 0 seconds. CPU system time: 0 seconds. Elapsed time: 0.32 seconds; current allocated memory: 733.727 MB.
INFO: [XFORM 203-541] Flattening a loop nest 'VITIS_LOOP_36_2' (../ip/Ip1/initial_conv_bn_relu.cpp:36:35) in function 'initial_conv_bn_relu'.
INFO: [XFORM 203-541] Flattening a loop nest 'VITIS_LOOP_35_1' (../ip/Ip1/initial_conv_bn_relu.cpp:35:28) in function 'initial_conv_bn_relu'.
INFO: [HLS 200-111] Finished Architecture Synthesis: CPU user time: 0 seconds. CPU system time: 0 seconds. Elapsed time: 0.23 seconds; current allocated memory: 743.586 MB.
INFO: [HLS 200-10] Starting hardware synthesis ...
INFO: [HLS 200-10] Synthesizing 'initial_conv_bn_relu' ...
INFO: [HLS 200-10] ----------------------------------------------------------------
INFO: [HLS 200-42] -- Implementing module 'initial_conv_bn_relu_Pipeline_VITIS_LOOP_35_1_VITIS_LOOP_36_2_VITIS_LOOP_37_3' 
INFO: [HLS 200-10] ----------------------------------------------------------------
INFO: [SCHED 204-11] Starting scheduling ...
INFO: [HLS 200-486] Changing DSP latency (root=mul_ln1494_1) to 3 in order to utilize available DSP registers.
INFO: [HLS 200-486] Changing DSP latency (root=mul_ln1494_2) to 3 in order to utilize available DSP registers.
INFO: [HLS 200-486] Changing DSP latency (root=mul_ln1494_3) to 3 in order to utilize available DSP registers.
INFO: [HLS 200-486] Changing DSP latency (root=mul_ln1494_4) to 3 in order to utilize available DSP registers.
INFO: [HLS 200-486] Changing DSP latency (root=mul_ln1494_5) to 3 in order to utilize available DSP registers.
INFO: [HLS 200-486] Changing DSP latency (root=mul_ln1494_6) to 3 in order to utilize available DSP registers.
INFO: [HLS 200-486] Changing DSP latency (root=mul_ln1494_7) to 3 in order to utilize available DSP registers.
INFO: [HLS 200-486] Changing DSP latency (root=mul_ln1494_8) to 3 in order to utilize available DSP registers.
INFO: [HLS 200-486] Changing DSP latency (root=mul_ln1494_9) to 3 in order to utilize available DSP registers.
INFO: [HLS 200-486] Changing DSP latency (root=mul_ln1494_10) to 3 in order to utilize available DSP registers.
INFO: [HLS 200-486] Changing DSP latency (root=mul_ln1494_11) to 3 in order to utilize available DSP registers.
INFO: [HLS 200-486] Changing DSP latency (root=mul_ln1494_12) to 3 in order to utilize available DSP registers.
INFO: [HLS 200-486] Changing DSP latency (root=mul_ln1494_13) to 3 in order to utilize available DSP registers.
INFO: [HLS 200-486] Changing DSP latency (root=mul_ln1494_14) to 3 in order to utilize available DSP registers.
INFO: [HLS 200-486] Changing DSP latency (root=mul_ln1494_15) to 3 in order to utilize available DSP registers.
INFO: [HLS 200-486] Changing DSP latency (root=mul_ln1494_16) to 3 in order to utilize available DSP registers.
INFO: [HLS 200-486] Changing DSP latency (root=mul_ln1494_17) to 3 in order to utilize available DSP registers.
INFO: [HLS 200-486] Changing DSP latency (root=mul_ln1494_18) to 3 in order to utilize available DSP registers.
INFO: [HLS 200-486] Changing DSP latency (root=mul_ln1494_19) to 3 in order to utilize available DSP registers.
INFO: [HLS 200-486] Changing DSP latency (root=mul_ln1494_20) to 3 in order to utilize available DSP registers.
INFO: [HLS 200-486] Changing DSP latency (root=mul_ln1494_21) to 3 in order to utilize available DSP registers.
INFO: [HLS 200-486] Changing DSP latency (root=mul_ln1494_22) to 3 in order to utilize available DSP registers.
INFO: [HLS 200-486] Changing DSP latency (root=mul_ln1494_23) to 3 in order to utilize available DSP registers.
INFO: [HLS 200-486] Changing DSP latency (root=mul_ln1494_24) to 3 in order to utilize available DSP registers.
INFO: [HLS 200-486] Changing DSP latency (root=mul_ln1494_25) to 3 in order to utilize available DSP registers.
INFO: [HLS 200-486] Changing DSP latency (root=mul_ln1494_26) to 3 in order to utilize available DSP registers.
INFO: [HLS 200-486] Changing DSP latency (root=bn_val_V_2) to 3 in order to utilize available DSP registers.
INFO: [SCHED 204-61] Pipelining loop 'VITIS_LOOP_35_1_VITIS_LOOP_36_2_VITIS_LOOP_37_3'.
WARNING: [HLS 200-885] The II Violation in module 'initial_conv_bn_relu_Pipeline_VITIS_LOOP_35_1_VITIS_LOOP_36_2_VITIS_LOOP_37_3' (loop 'VITIS_LOOP_35_1_VITIS_LOOP_36_2_VITIS_LOOP_37_3'): Unable to schedule bus request operation ('gmem0_load_1_req', ../ip/Ip1/initial_conv_bn_relu.cpp:35) on port 'gmem0' (../ip/Ip1/initial_conv_bn_relu.cpp:35) due to limited memory ports (II = 1). Please consider using a memory core with more ports or partitioning the array.
WARNING: [HLS 200-885] The II Violation in module 'initial_conv_bn_relu_Pipeline_VITIS_LOOP_35_1_VITIS_LOOP_36_2_VITIS_LOOP_37_3' (loop 'VITIS_LOOP_35_1_VITIS_LOOP_36_2_VITIS_LOOP_37_3'): Unable to schedule bus request operation ('gmem0_load_2_req', ../ip/Ip1/initial_conv_bn_relu.cpp:35) on port 'gmem0' (../ip/Ip1/initial_conv_bn_relu.cpp:35) due to limited memory ports (II = 2). Please consider using a memory core with more ports or partitioning the array.
WARNING: [HLS 200-885] The II Violation in module 'initial_conv_bn_relu_Pipeline_VITIS_LOOP_35_1_VITIS_LOOP_36_2_VITIS_LOOP_37_3' (loop 'VITIS_LOOP_35_1_VITIS_LOOP_36_2_VITIS_LOOP_37_3'): Unable to schedule bus request operation ('gmem0_load_3_req', ../ip/Ip1/initial_conv_bn_relu.cpp:35) on port 'gmem0' (../ip/Ip1/initial_conv_bn_relu.cpp:35) due to limited memory ports (II = 3). Please consider using a memory core with more ports or partitioning the array.
WARNING: [HLS 200-885] The II Violation in module 'initial_conv_bn_relu_Pipeline_VITIS_LOOP_35_1_VITIS_LOOP_36_2_VITIS_LOOP_37_3' (loop 'VITIS_LOOP_35_1_VITIS_LOOP_36_2_VITIS_LOOP_37_3'): Unable to schedule bus request operation ('gmem0_load_4_req') on port 'gmem0' due to limited memory ports (II = 4). Please consider using a memory core with more ports or partitioning the array.
WARNING: [HLS 200-885] The II Violation in module 'initial_conv_bn_relu_Pipeline_VITIS_LOOP_35_1_VITIS_LOOP_36_2_VITIS_LOOP_37_3' (loop 'VITIS_LOOP_35_1_VITIS_LOOP_36_2_VITIS_LOOP_37_3'): Unable to schedule bus request operation ('gmem0_load_35_req') on port 'gmem0' due to limited memory ports (II = 35). Please consider using a memory core with more ports or partitioning the array.
WARNING: [HLS 200-885] The II Violation in module 'initial_conv_bn_relu_Pipeline_VITIS_LOOP_35_1_VITIS_LOOP_36_2_VITIS_LOOP_37_3' (loop 'VITIS_LOOP_35_1_VITIS_LOOP_36_2_VITIS_LOOP_37_3'): Unable to schedule bus request operation ('gmem0_load_51_req') on port 'gmem0' due to limited memory ports (II = 51). Please consider using a memory core with more ports or partitioning the array.
WARNING: [HLS 200-885] The II Violation in module 'initial_conv_bn_relu_Pipeline_VITIS_LOOP_35_1_VITIS_LOOP_36_2_VITIS_LOOP_37_3' (loop 'VITIS_LOOP_35_1_VITIS_LOOP_36_2_VITIS_LOOP_37_3'): Unable to schedule bus request operation ('gmem0_load_55_req') on port 'gmem0' due to limited memory ports (II = 55). Please consider using a memory core with more ports or partitioning the array.
WARNING: [HLS 200-885] The II Violation in module 'initial_conv_bn_relu_Pipeline_VITIS_LOOP_35_1_VITIS_LOOP_36_2_VITIS_LOOP_37_3' (loop 'VITIS_LOOP_35_1_VITIS_LOOP_36_2_VITIS_LOOP_37_3'): Unable to schedule bus request operation ('gmem0_load_57_req') on port 'gmem0' due to limited memory ports (II = 57). Please consider using a memory core with more ports or partitioning the array.
INFO: [HLS 200-1470] Pipelining result : Target II = NA, Final II = 58, Depth = 77, loop 'VITIS_LOOP_35_1_VITIS_LOOP_36_2_VITIS_LOOP_37_3'
INFO: [SCHED 204-11] Finished scheduling.
INFO: [HLS 200-111] Finished Scheduling: CPU user time: 2 seconds. CPU system time: 0 seconds. Elapsed time: 2.834 seconds; current allocated memory: 774.289 MB.
INFO: [BIND 205-100] Starting micro-architecture generation ...
INFO: [BIND 205-101] Performing variable lifetime analysis.
INFO: [BIND 205-101] Exploring resource sharing.
INFO: [BIND 205-101] Binding ...
INFO: [BIND 205-100] Finished micro-architecture generation.
INFO: [HLS 200-111] Finished Binding: CPU user time: 1 seconds. CPU system time: 0 seconds. Elapsed time: 0.656 seconds; current allocated memory: 775.445 MB.
INFO: [HLS 200-10] ----------------------------------------------------------------
INFO: [HLS 200-42] -- Implementing module 'initial_conv_bn_relu' 
INFO: [HLS 200-10] ----------------------------------------------------------------
INFO: [SCHED 204-11] Starting scheduling ...
INFO: [SCHED 204-11] Finished scheduling.
INFO: [HLS 200-111] Finished Scheduling: CPU user time: 0 seconds. CPU system time: 0 seconds. Elapsed time: 0.603 seconds; current allocated memory: 775.512 MB.
INFO: [BIND 205-100] Starting micro-architecture generation ...
INFO: [BIND 205-101] Performing variable lifetime analysis.
INFO: [BIND 205-101] Exploring resource sharing.
INFO: [BIND 205-101] Binding ...
INFO: [BIND 205-100] Finished micro-architecture generation.
INFO: [HLS 200-111] Finished Binding: CPU user time: 0 seconds. CPU system time: 0 seconds. Elapsed time: 0.476 seconds; current allocated memory: 775.551 MB.
INFO: [HLS 200-10] ----------------------------------------------------------------
INFO: [HLS 200-10] -- Generating RTL for module 'initial_conv_bn_relu_Pipeline_VITIS_LOOP_35_1_VITIS_LOOP_36_2_VITIS_LOOP_37_3' 
INFO: [HLS 200-10] ----------------------------------------------------------------
INFO: [HLS 200-1030] Apply Unified Pipeline Control on module 'initial_conv_bn_relu_Pipeline_VITIS_LOOP_35_1_VITIS_LOOP_36_2_VITIS_LOOP_37_3' pipeline 'VITIS_LOOP_35_1_VITIS_LOOP_36_2_VITIS_LOOP_37_3' pipeline type 'loop pipeline'
WARNING: [RTGEN 206-101] Setting dangling out port 'initial_conv_bn_relu_Pipeline_VITIS_LOOP_35_1_VITIS_LOOP_36_2_VITIS_LOOP_37_3/m_axi_gmem0_AWVALID' to 0.
WARNING: [RTGEN 206-101] Setting dangling out port 'initial_conv_bn_relu_Pipeline_VITIS_LOOP_35_1_VITIS_LOOP_36_2_VITIS_LOOP_37_3/m_axi_gmem0_AWADDR' to 0.
WARNING: [RTGEN 206-101] Setting dangling out port 'initial_conv_bn_relu_Pipeline_VITIS_LOOP_35_1_VITIS_LOOP_36_2_VITIS_LOOP_37_3/m_axi_gmem0_AWID' to 0.
WARNING: [RTGEN 206-101] Setting dangling out port 'initial_conv_bn_relu_Pipeline_VITIS_LOOP_35_1_VITIS_LOOP_36_2_VITIS_LOOP_37_3/m_axi_gmem0_AWLEN' to 0.
WARNING: [RTGEN 206-101] Setting dangling out port 'initial_conv_bn_relu_Pipeline_VITIS_LOOP_35_1_VITIS_LOOP_36_2_VITIS_LOOP_37_3/m_axi_gmem0_AWSIZE' to 0.
WARNING: [RTGEN 206-101] Setting dangling out port 'initial_conv_bn_relu_Pipeline_VITIS_LOOP_35_1_VITIS_LOOP_36_2_VITIS_LOOP_37_3/m_axi_gmem0_AWBURST' to 0.
WARNING: [RTGEN 206-101] Setting dangling out port 'initial_conv_bn_relu_Pipeline_VITIS_LOOP_35_1_VITIS_LOOP_36_2_VITIS_LOOP_37_3/m_axi_gmem0_AWLOCK' to 0.
WARNING: [RTGEN 206-101] Setting dangling out port 'initial_conv_bn_relu_Pipeline_VITIS_LOOP_35_1_VITIS_LOOP_36_2_VITIS_LOOP_37_3/m_axi_gmem0_AWCACHE' to 0.
WARNING: [RTGEN 206-101] Setting dangling out port 'initial_conv_bn_relu_Pipeline_VITIS_LOOP_35_1_VITIS_LOOP_36_2_VITIS_LOOP_37_3/m_axi_gmem0_AWPROT' to 0.
WARNING: [RTGEN 206-101] Setting dangling out port 'initial_conv_bn_relu_Pipeline_VITIS_LOOP_35_1_VITIS_LOOP_36_2_VITIS_LOOP_37_3/m_axi_gmem0_AWQOS' to 0.
WARNING: [RTGEN 206-101] Setting dangling out port 'initial_conv_bn_relu_Pipeline_VITIS_LOOP_35_1_VITIS_LOOP_36_2_VITIS_LOOP_37_3/m_axi_gmem0_AWREGION' to 0.
WARNING: [RTGEN 206-101] Setting dangling out port 'initial_conv_bn_relu_Pipeline_VITIS_LOOP_35_1_VITIS_LOOP_36_2_VITIS_LOOP_37_3/m_axi_gmem0_AWUSER' to 0.
WARNING: [RTGEN 206-101] Setting dangling out port 'initial_conv_bn_relu_Pipeline_VITIS_LOOP_35_1_VITIS_LOOP_36_2_VITIS_LOOP_37_3/m_axi_gmem0_BREADY' to 0.
INFO: [RTGEN 206-100] Generating core module 'mac_muladd_8s_8s_16s_17_4_1': 1 instance(s).
INFO: [RTGEN 206-100] Generating core module 'mac_muladd_8s_8s_17s_17_4_1': 1 instance(s).
INFO: [RTGEN 206-100] Generating core module 'mac_muladd_8s_8s_17s_18_4_1': 1 instance(s).
INFO: [RTGEN 206-100] Generating core module 'mac_muladd_8s_8s_18s_18_4_1': 3 instance(s).
INFO: [RTGEN 206-100] Generating core module 'mac_muladd_8s_8s_18s_19_4_1': 1 instance(s).
INFO: [RTGEN 206-100] Generating core module 'mac_muladd_8s_8s_19s_19_4_1': 7 instance(s).
INFO: [RTGEN 206-100] Generating core module 'mac_muladd_8s_8s_19s_20_4_1': 1 instance(s).
INFO: [RTGEN 206-100] Generating core module 'mac_muladd_8s_8s_20s_20_4_1': 11 instance(s).
INFO: [RTGEN 206-100] Generating core module 'mul_28s_17ns_44_1_1': 1 instance(s).
INFO: [RTGEN 206-100] Generating core module 'mul_5ns_6ns_10_1_1': 1 instance(s).
INFO: [RTGEN 206-100] Generating core module 'mul_8ns_32s_39_1_1': 3 instance(s).
INFO: [RTGEN 206-100] Generating core module 'mul_8s_8s_16_1_1': 1 instance(s).
INFO: [RTGEN 206-100] Generating core module 'mul_mul_20s_8s_28_4_1': 1 instance(s).
INFO: [RTGEN 206-100] Generating core module 'udiv_17s_8ns_17_21_1': 1 instance(s).
INFO: [RTGEN 206-100] Finished creating RTL model for 'initial_conv_bn_relu_Pipeline_VITIS_LOOP_35_1_VITIS_LOOP_36_2_VITIS_LOOP_37_3'.
INFO: [HLS 200-111] Finished Creating RTL model: CPU user time: 1 seconds. CPU system time: 0 seconds. Elapsed time: 1.59 seconds; current allocated memory: 777.367 MB.
INFO: [HLS 200-10] ----------------------------------------------------------------
INFO: [HLS 200-10] -- Generating RTL for module 'initial_conv_bn_relu' 
INFO: [HLS 200-10] ----------------------------------------------------------------
WARNING: [RTGEN 206-101] Design contains AXI ports. Reset is fixed to synchronous and active low.
INFO: [RTGEN 206-500] Setting interface mode on port 'initial_conv_bn_relu/gmem0' to 'm_axi'.
INFO: [RTGEN 206-500] Setting interface mode on port 'initial_conv_bn_relu/in_r' to 's_axilite & ap_none'.
INFO: [RTGEN 206-500] Setting interface mode on port 'initial_conv_bn_relu/conv_kernel' to 's_axilite & ap_none'.
INFO: [RTGEN 206-500] Setting interface mode on port 'initial_conv_bn_relu/bn_mean' to 's_axilite & ap_none'.
INFO: [RTGEN 206-500] Setting interface mode on port 'initial_conv_bn_relu/bn_var' to 's_axilite & ap_none'.
INFO: [RTGEN 206-500] Setting interface mode on port 'initial_conv_bn_relu/bn_gamma' to 's_axilite & ap_none'.
INFO: [RTGEN 206-500] Setting interface mode on port 'initial_conv_bn_relu/bn_beta' to 's_axilite & ap_none'.
INFO: [RTGEN 206-500] Setting interface mode on port 'initial_conv_bn_relu/out_r' to 's_axilite & ap_none'.
INFO: [RTGEN 206-500] Setting interface mode on port 'initial_conv_bn_relu/stride' to 's_axilite & ap_none' (register).
INFO: [RTGEN 206-500] Setting interface mode on port 'initial_conv_bn_relu/padding' to 's_axilite & ap_none' (register).
INFO: [RTGEN 206-500] Setting interface mode on function 'initial_conv_bn_relu' to 'ap_ctrl_hs'.
INFO: [RTGEN 206-100] Bundling port 'stride', 'in_r', 'conv_kernel', 'bn_mean', 'bn_var', 'bn_gamma', 'bn_beta', 'out_r' and 'padding' to AXI-Lite port control.
INFO: [RTGEN 206-100] Finished creating RTL model for 'initial_conv_bn_relu'.
INFO: [HLS 200-111] Finished Creating RTL model: CPU user time: 2 seconds. CPU system time: 0 seconds. Elapsed time: 3.056 seconds; current allocated memory: 792.066 MB.
INFO: [HLS 200-111] Finished Generating all RTL models: CPU user time: 1 seconds. CPU system time: 1 seconds. Elapsed time: 3.197 seconds; current allocated memory: 794.000 MB.
INFO: [HLS 200-1603] Design has inferred MAXI bursts and missed bursts, see Vitis HLS GUI synthesis summary report for detailed information.
INFO: [HLS 200-111] Finished Updating report files: CPU user time: 1 seconds. CPU system time: 0 seconds. Elapsed time: 1.449 seconds; current allocated memory: 802.398 MB.
INFO: [VHDL 208-304] Generating VHDL RTL for initial_conv_bn_relu.
INFO: [VLOG 209-307] Generating Verilog RTL for initial_conv_bn_relu.
INFO: [HLS 200-790] **** Loop Constraint Status: All loop constraints were NOT satisfied.
INFO: [HLS 200-789] **** Estimated Fmax: 136.99 MHz
INFO: [HLS 200-111] Finished Command csynth_design CPU user time: 8 seconds. CPU system time: 1 seconds. Elapsed time: 25.695 seconds; current allocated memory: 126.086 MB.
INFO: [HLS 200-112] Total CPU user time: 11 seconds. Total CPU system time: 2 seconds. Total elapsed time: 38.425 seconds; peak allocated memory: 802.457 MB.
==============================================================
Vitis HLS - High-Level Synthesis from C, C++ and OpenCL v2022.2 (64-bit)
Tool Version Limit: 2019.12
Copyright 1986-2022 Xilinx, Inc. All Rights Reserved.
==============================================================
INFO: [SYN 201-201] Setting up clock 'default' with a period of 10ns.
INFO: [HLS 200-1611] Setting target device to 'xc7z020-clg400-2'
INFO: [HLS 200-1505] Using flow_target 'vivado'
INFO: [HLS 200-1510] Running: set_part xc7z020clg400-2 
INFO: [HLS 200-1510] Running: create_clock -period 10 -name default 
INFO: [SYN 201-201] Setting up clock 'default' with a period of 10ns.
INFO: [HLS 200-1510] Running: export_design -rtl verilog -format ip_catalog 
INFO: [IMPL 213-8] Exporting RTL as a Vivado IP.
INFO: [HLS 200-802] Generated output file ip1/solution1/impl/export.zip
INFO: [HLS 200-111] Finished Command export_design CPU user time: 1 seconds. CPU system time: 0 seconds. Elapsed time: 16.238 seconds; current allocated memory: 9.258 MB.
INFO: [HLS 200-112] Total CPU user time: 3 seconds. Total CPU system time: 1 seconds. Total elapsed time: 29.033 seconds; peak allocated memory: 687.707 MB.
==============================================================
Vitis HLS - High-Level Synthesis from C, C++ and OpenCL v2022.2 (64-bit)
Tool Version Limit: 2019.12
Copyright 1986-2022 Xilinx, Inc. All Rights Reserved.
==============================================================
INFO: [SYN 201-201] Setting up clock 'default' with a period of 10ns.
INFO: [HLS 200-1611] Setting target device to 'xc7z020-clg400-2'
INFO: [HLS 200-1505] Using flow_target 'vivado'
INFO: [HLS 200-1464] Running solution command: config_export -format=ip_catalog
INFO: [HLS 200-1464] Running solution command: config_export -rtl=verilog
INFO: [HLS 200-1510] Running: set_part xc7z020clg400-2 
INFO: [HLS 200-1510] Running: create_clock -period 10 -name default 
INFO: [HLS 200-1510] Running: config_export -format ip_catalog -rtl verilog 
INFO: [HLS 200-1510] Running: csynth_design 
INFO: [HLS 200-111] Finished File checks and directory preparation: CPU user time: 0 seconds. CPU system time: 0 seconds. Elapsed time: 10.06 seconds; current allocated memory: 678.035 MB.
INFO: [HLS 200-10] Analyzing design file '../ip/Ip1/initial_conv_bn_relu.cpp' ... 
INFO: [HLS 200-111] Finished Source Code Analysis and Preprocessing: CPU user time: 0 seconds. CPU system time: 0 seconds. Elapsed time: 3.62 seconds; current allocated memory: 678.871 MB.
INFO: [HLS 200-777] Using interface defaults for 'Vivado' flow target.
INFO: [HLS 214-131] Inlining function 'ssdm_int<32, true>::ssdm_int(int)' into 'ap_int_base<32, true>::ap_int_base(int)' (D:/Xilinx/Vitis_HLS/2022.2/common/technology/autopilot\ap_int_base.h:214:67)
INFO: [HLS 214-131] Inlining function 'ap_int_base<32, true>::ap_int_base(int)' into 'ap_int<32>::ap_int(int)'
INFO: [HLS 214-131] Inlining function 'ssdm_int<16, true>::ssdm_int(short)' into 'ap_int_base<16, true>::ap_int_base<8, true>(ap_int_base<8, true> const&)' (D:/Xilinx/Vitis_HLS/2022.2/common/technology/autopilot\ap_int_base.h:185:106)
INFO: [HLS 214-131] Inlining function 'ssdm_int<16, true>::ssdm_int(short)' into 'ap_int_base<16, true>::ap_int_base(int)' (D:/Xilinx/Vitis_HLS/2022.2/common/technology/autopilot\ap_int_base.h:214:67)
INFO: [HLS 214-131] Inlining function 'ap_int_base<16, true>::ap_int_base<8, true>(ap_int_base<8, true> const&)' into 'ap_int_base<8, true>::RType<8, true>::mult operator*<8, true, 8, true>(ap_int_base<8, true> const&, ap_int_base<8, true> const&)' (D:/Xilinx/Vitis_HLS/2022.2/common/technology/autopilot\ap_int_base.h:1494:339)
INFO: [HLS 214-131] Inlining function 'ap_int_base<16, true>::ap_int_base(int)' into 'ap_int_base<8, true>::RType<8, true>::mult operator*<8, true, 8, true>(ap_int_base<8, true> const&, ap_int_base<8, true> const&)' (D:/Xilinx/Vitis_HLS/2022.2/common/technology/autopilot\ap_int_base.h:1494:516)
INFO: [HLS 214-131] Inlining function 'ap_int_base<16, true>::ap_int_base<8, true>(ap_int_base<8, true> const&)' into 'ap_int_base<8, true>::RType<8, true>::mult operator*<8, true, 8, true>(ap_int_base<8, true> const&, ap_int_base<8, true> const&)' (D:/Xilinx/Vitis_HLS/2022.2/common/technology/autopilot\ap_int_base.h:1494:427)
INFO: [HLS 214-131] Inlining function '_ZN8ssdm_intILi33ELb1EEC2EDq33_i' into 'ap_int_base<33, true>::ap_int_base<32, true>(ap_int_base<32, true> const&)' (D:/Xilinx/Vitis_HLS/2022.2/common/technology/autopilot\ap_int_base.h:185:106)
INFO: [HLS 214-131] Inlining function '_ZN8ssdm_intILi33ELb1EEC2EDq33_i' into 'ap_int_base<33, true>::ap_int_base<8, true>(ap_int_base<8, true> const&)' (D:/Xilinx/Vitis_HLS/2022.2/common/technology/autopilot\ap_int_base.h:185:106)
INFO: [HLS 214-131] Inlining function '_ZN8ssdm_intILi33ELb1EEC2EDq33_i' into 'ap_int_base<33, true>::ap_int_base(int)' (D:/Xilinx/Vitis_HLS/2022.2/common/technology/autopilot\ap_int_base.h:214:67)
INFO: [HLS 214-131] Inlining function 'ap_int_base<33, true>::ap_int_base<32, true>(ap_int_base<32, true> const&)' into 'ap_int_base<32, true>::RType<8, true>::plus operator+<32, true, 8, true>(ap_int_base<32, true> const&, ap_int_base<8, true> const&)' (D:/Xilinx/Vitis_HLS/2022.2/common/technology/autopilot\ap_int_base.h:1495:339)
INFO: [HLS 214-131] Inlining function 'ap_int_base<33, true>::ap_int_base(int)' into 'ap_int_base<32, true>::RType<8, true>::plus operator+<32, true, 8, true>(ap_int_base<32, true> const&, ap_int_base<8, true> const&)' (D:/Xilinx/Vitis_HLS/2022.2/common/technology/autopilot\ap_int_base.h:1495:516)
INFO: [HLS 214-131] Inlining function 'ap_int_base<33, true>::ap_int_base<8, true>(ap_int_base<8, true> const&)' into 'ap_int_base<32, true>::RType<8, true>::plus operator+<32, true, 8, true>(ap_int_base<32, true> const&, ap_int_base<8, true> const&)' (D:/Xilinx/Vitis_HLS/2022.2/common/technology/autopilot\ap_int_base.h:1495:427)
INFO: [HLS 214-131] Inlining function 'ap_int_base<32, true>::ap_int_base(int)' into 'ap_int_base<8, true>::RType<($_0)32, true>::plus operator+<8, true>(int, ap_int_base<8, true> const&)' (D:/Xilinx/Vitis_HLS/2022.2/common/technology/autopilot\ap_int_base.h:1633:739)
INFO: [HLS 214-131] Inlining function 'ap_int_base<32, true>::RType<8, true>::plus operator+<32, true, 8, true>(ap_int_base<32, true> const&, ap_int_base<8, true> const&)' into 'ap_int_base<8, true>::RType<($_0)32, true>::plus operator+<8, true>(int, ap_int_base<8, true> const&)' (D:/Xilinx/Vitis_HLS/2022.2/common/technology/autopilot\ap_int_base.h:1633:777)
INFO: [HLS 214-131] Inlining function 'ssdm_int<32, true>::ssdm_int(int)' into 'ap_int_base<32, true>::ap_int_base<33, true>(ap_int_base<33, true> const&)' (D:/Xilinx/Vitis_HLS/2022.2/common/technology/autopilot\ap_int_base.h:185:106)
INFO: [HLS 214-131] Inlining function 'ap_int_base<32, true>::ap_int_base<33, true>(ap_int_base<33, true> const&)' into 'ap_int<32>::ap_int<33>(ap_int<33> const&)'
INFO: [HLS 214-131] Inlining function 'ap_int_base<33, true>::ap_int_base(int)' into 'ap_int_base<32, true>::RType<32, true>::div operator/<32, true, 32, true>(ap_int_base<32, true> const&, ap_int_base<32, true> const&)' (D:/Xilinx/Vitis_HLS/2022.2/common/technology/autopilot\ap_int_base.h:1513:337)
INFO: [HLS 214-131] Inlining function 'ap_int_base<32, true>::ap_int_base(int)' into 'ap_int_base<32, true>::RType<($_0)32, true>::div operator/<32, true>(int, ap_int_base<32, true> const&)' (D:/Xilinx/Vitis_HLS/2022.2/common/technology/autopilot\ap_int_base.h:1633:1786)
INFO: [HLS 214-131] Inlining function 'ap_int_base<32, true>::RType<32, true>::div operator/<32, true, 32, true>(ap_int_base<32, true> const&, ap_int_base<32, true> const&)' into 'ap_int_base<32, true>::RType<($_0)32, true>::div operator/<32, true>(int, ap_int_base<32, true> const&)' (D:/Xilinx/Vitis_HLS/2022.2/common/technology/autopilot\ap_int_base.h:1633:1824)
INFO: [HLS 214-131] Inlining function 'ap_int_base<33, true>::ap_int_base<32, true>(ap_int_base<32, true> const&)' into 'ap_int_base<32, true>::RType<8, true>::minus operator-<32, true, 8, true>(ap_int_base<32, true> const&, ap_int_base<8, true> const&)' (D:/Xilinx/Vitis_HLS/2022.2/common/technology/autopilot\ap_int_base.h:1496:341)
INFO: [HLS 214-131] Inlining function 'ap_int_base<33, true>::ap_int_base(int)' into 'ap_int_base<32, true>::RType<8, true>::minus operator-<32, true, 8, true>(ap_int_base<32, true> const&, ap_int_base<8, true> const&)' (D:/Xilinx/Vitis_HLS/2022.2/common/technology/autopilot\ap_int_base.h:1496:520)
INFO: [HLS 214-131] Inlining function 'ap_int_base<33, true>::ap_int_base<8, true>(ap_int_base<8, true> const&)' into 'ap_int_base<32, true>::RType<8, true>::minus operator-<32, true, 8, true>(ap_int_base<32, true> const&, ap_int_base<8, true> const&)' (D:/Xilinx/Vitis_HLS/2022.2/common/technology/autopilot\ap_int_base.h:1496:430)
INFO: [HLS 214-131] Inlining function '_ZN8ssdm_intILi41ELb1EEC2EDq41_i' into 'ap_int_base<41, true>::ap_int_base<33, true>(ap_int_base<33, true> const&)' (D:/Xilinx/Vitis_HLS/2022.2/common/technology/autopilot\ap_int_base.h:185:106)
INFO: [HLS 214-131] Inlining function '_ZN8ssdm_intILi41ELb1EEC2EDq41_i' into 'ap_int_base<41, true>::ap_int_base<8, true>(ap_int_base<8, true> const&)' (D:/Xilinx/Vitis_HLS/2022.2/common/technology/autopilot\ap_int_base.h:185:106)
INFO: [HLS 214-131] Inlining function '_ZN8ssdm_intILi41ELb1EEC2EDq41_i' into 'ap_int_base<41, true>::ap_int_base(int)' (D:/Xilinx/Vitis_HLS/2022.2/common/technology/autopilot\ap_int_base.h:214:67)
INFO: [HLS 214-131] Inlining function 'ap_int_base<41, true>::ap_int_base<33, true>(ap_int_base<33, true> const&)' into 'ap_int_base<33, true>::RType<8, true>::mult operator*<33, true, 8, true>(ap_int_base<33, true> const&, ap_int_base<8, true> const&)' (D:/Xilinx/Vitis_HLS/2022.2/common/technology/autopilot\ap_int_base.h:1494:339)
INFO: [HLS 214-131] Inlining function 'ap_int_base<41, true>::ap_int_base(int)' into 'ap_int_base<33, true>::RType<8, true>::mult operator*<33, true, 8, true>(ap_int_base<33, true> const&, ap_int_base<8, true> const&)' (D:/Xilinx/Vitis_HLS/2022.2/common/technology/autopilot\ap_int_base.h:1494:516)
INFO: [HLS 214-131] Inlining function 'ap_int_base<41, true>::ap_int_base<8, true>(ap_int_base<8, true> const&)' into 'ap_int_base<33, true>::RType<8, true>::mult operator*<33, true, 8, true>(ap_int_base<33, true> const&, ap_int_base<8, true> const&)' (D:/Xilinx/Vitis_HLS/2022.2/common/technology/autopilot\ap_int_base.h:1494:427)
INFO: [HLS 214-131] Inlining function 'ssdm_int<32, true>::ssdm_int(int)' into 'ap_int_base<32, true>::ap_int_base<41, true>(ap_int_base<41, true> const&)' (D:/Xilinx/Vitis_HLS/2022.2/common/technology/autopilot\ap_int_base.h:185:106)
INFO: [HLS 214-131] Inlining function 'ap_int_base<32, true>::ap_int_base<41, true>(ap_int_base<41, true> const&)' into 'ap_int<32>::ap_int<41>(ap_int<41> const&)'
INFO: [HLS 214-131] Inlining function 'ssdm_int<64, true>::ssdm_int(long)' into 'ap_int_base<64, true>::ap_int_base<32, true>(ap_int_base<32, true> const&)' (D:/Xilinx/Vitis_HLS/2022.2/common/technology/autopilot\ap_int_base.h:185:106)
INFO: [HLS 214-131] Inlining function 'ssdm_int<64, true>::ssdm_int(long)' into 'ap_int_base<64, true>::ap_int_base(int)' (D:/Xilinx/Vitis_HLS/2022.2/common/technology/autopilot\ap_int_base.h:214:67)
INFO: [HLS 214-131] Inlining function 'ap_int_base<64, true>::ap_int_base<32, true>(ap_int_base<32, true> const&)' into 'ap_int_base<32, true>::RType<32, true>::mult operator*<32, true, 32, true>(ap_int_base<32, true> const&, ap_int_base<32, true> const&)' (D:/Xilinx/Vitis_HLS/2022.2/common/technology/autopilot\ap_int_base.h:1494:339)
INFO: [HLS 214-131] Inlining function 'ap_int_base<64, true>::ap_int_base(int)' into 'ap_int_base<32, true>::RType<32, true>::mult operator*<32, true, 32, true>(ap_int_base<32, true> const&, ap_int_base<32, true> const&)' (D:/Xilinx/Vitis_HLS/2022.2/common/technology/autopilot\ap_int_base.h:1494:516)
INFO: [HLS 214-131] Inlining function 'ap_int_base<64, true>::ap_int_base<32, true>(ap_int_base<32, true> const&)' into 'ap_int_base<32, true>::RType<32, true>::mult operator*<32, true, 32, true>(ap_int_base<32, true> const&, ap_int_base<32, true> const&)' (D:/Xilinx/Vitis_HLS/2022.2/common/technology/autopilot\ap_int_base.h:1494:427)
INFO: [HLS 214-131] Inlining function 'ap_int_base<64, true>::ap_int_base(int)' into 'ap_int_base<64, true>::RType<64, true>::arg1 operator>><64, true>(ap_int_base<64, true> const&, int)' (D:/Xilinx/Vitis_HLS/2022.2/common/technology/autopilot\ap_int_base.h:1669:558)
INFO: [HLS 214-131] Inlining function 'ssdm_int<32, true>::ssdm_int(int)' into 'ap_int_base<32, true>::ap_int_base<64, true>(ap_int_base<64, true> const&)' (D:/Xilinx/Vitis_HLS/2022.2/common/technology/autopilot\ap_int_base.h:185:106)
INFO: [HLS 214-131] Inlining function 'ap_int_base<32, true>::ap_int_base<64, true>(ap_int_base<64, true> const&)' into 'ap_int<32>::ap_int<64>(ap_int<64> const&)'
INFO: [HLS 214-131] Inlining function 'ap_int_base<32, true>::ap_int_base(int)' into 'bool operator><32, true>(ap_int_base<32, true> const&, int)' (D:/Xilinx/Vitis_HLS/2022.2/common/technology/autopilot\ap_int_base.h:1788:337)
INFO: [HLS 214-131] Inlining function 'bool ap_int_base<32, true>::operator><32, true>(ap_int_base<32, true> const&) const' into 'bool operator><32, true>(ap_int_base<32, true> const&, int)' (D:/Xilinx/Vitis_HLS/2022.2/common/technology/autopilot\ap_int_base.h:1788:335)
INFO: [HLS 214-131] Inlining function 'ap_int_base<32, true>::ap_int_base(int)' into 'ap_int_base<32, true>::RType<32, true>::arg1 operator>><32, true>(ap_int_base<32, true> const&, int)' (D:/Xilinx/Vitis_HLS/2022.2/common/technology/autopilot\ap_int_base.h:1669:558)
INFO: [HLS 214-131] Inlining function 'ssdm_int<8, true>::ssdm_int(signed char)' into 'ap_int_base<8, true>::ap_int_base<32, true>(ap_int_base<32, true> const&)' (D:/Xilinx/Vitis_HLS/2022.2/common/technology/autopilot\ap_int_base.h:185:106)
INFO: [HLS 214-131] Inlining function 'ap_int_base<8, true>::ap_int_base<32, true>(ap_int_base<32, true> const&)' into 'ap_int<8>::ap_int<32>(ap_int<32> const&)'
INFO: [HLS 214-131] Inlining function 'ssdm_int<8, true>::ssdm_int(signed char)' into 'ap_int_base<8, true>::ap_int_base(int)' (D:/Xilinx/Vitis_HLS/2022.2/common/technology/autopilot\ap_int_base.h:214:67)
INFO: [HLS 214-131] Inlining function 'ap_int_base<8, true>::ap_int_base(int)' into 'ap_int<8>::ap_int(int)'
INFO: [HLS 214-131] Inlining function 'ap_int_base<32, true>::RType<32, true>::arg1 operator>><32, true>(ap_int_base<32, true> const&, int)' into 'initial_conv_bn_relu(ap_int<8> const (*) [128][128], ap_int<8> const (*) [3][3][3], ap_int<8> const*, ap_int<8> const*, ap_int<8> const*, ap_int<8> const*, ap_int<8> (*) [128][128], int, int)' (../ip/Ip1/initial_conv_bn_relu.cpp:58:70)
INFO: [HLS 214-131] Inlining function 'bool operator><32, true>(ap_int_base<32, true> const&, int)' into 'initial_conv_bn_relu(ap_int<8> const (*) [128][128], ap_int<8> const (*) [3][3][3], ap_int<8> const*, ap_int<8> const*, ap_int<8> const*, ap_int<8> const*, ap_int<8> (*) [128][128], int, int)' (../ip/Ip1/initial_conv_bn_relu.cpp:58:44)
INFO: [HLS 214-131] Inlining function 'ap_int_base<32, true>& ap_int_base<32, true>::operator+=<8, true>(ap_int_base<8, true> const&)' into 'initial_conv_bn_relu(ap_int<8> const (*) [128][128], ap_int<8> const (*) [3][3][3], ap_int<8> const*, ap_int<8> const*, ap_int<8> const*, ap_int<8> const*, ap_int<8> (*) [128][128], int, int)' (../ip/Ip1/initial_conv_bn_relu.cpp:57:24)
INFO: [HLS 214-131] Inlining function 'ap_int_base<64, true>::RType<64, true>::arg1 operator>><64, true>(ap_int_base<64, true> const&, int)' into 'initial_conv_bn_relu(ap_int<8> const (*) [128][128], ap_int<8> const (*) [3][3][3], ap_int<8> const*, ap_int<8> const*, ap_int<8> const*, ap_int<8> const*, ap_int<8> (*) [128][128], int, int)' (../ip/Ip1/initial_conv_bn_relu.cpp:56:45)
INFO: [HLS 214-131] Inlining function 'ap_int_base<32, true>::RType<32, true>::mult operator*<32, true, 32, true>(ap_int_base<32, true> const&, ap_int_base<32, true> const&)' into 'initial_conv_bn_relu(ap_int<8> const (*) [128][128], ap_int<8> const (*) [3][3][3], ap_int<8> const*, ap_int<8> const*, ap_int<8> const*, ap_int<8> const*, ap_int<8> (*) [128][128], int, int)' (../ip/Ip1/initial_conv_bn_relu.cpp:56:34)
INFO: [HLS 214-131] Inlining function 'ap_int_base<33, true>::RType<8, true>::mult operator*<33, true, 8, true>(ap_int_base<33, true> const&, ap_int_base<8, true> const&)' into 'initial_conv_bn_relu(ap_int<8> const (*) [128][128], ap_int<8> const (*) [3][3][3], ap_int<8> const*, ap_int<8> const*, ap_int<8> const*, ap_int<8> const*, ap_int<8> (*) [128][128], int, int)' (../ip/Ip1/initial_conv_bn_relu.cpp:55:60)
INFO: [HLS 214-131] Inlining function 'ap_int_base<32, true>::RType<8, true>::minus operator-<32, true, 8, true>(ap_int_base<32, true> const&, ap_int_base<8, true> const&)' into 'initial_conv_bn_relu(ap_int<8> const (*) [128][128], ap_int<8> const (*) [3][3][3], ap_int<8> const*, ap_int<8> const*, ap_int<8> const*, ap_int<8> const*, ap_int<8> (*) [128][128], int, int)' (../ip/Ip1/initial_conv_bn_relu.cpp:55:42)
INFO: [HLS 214-131] Inlining function 'ap_int_base<32, true>::RType<($_0)32, true>::div operator/<32, true>(int, ap_int_base<32, true> const&)' into 'initial_conv_bn_relu(ap_int<8> const (*) [128][128], ap_int<8> const (*) [3][3][3], ap_int<8> const*, ap_int<8> const*, ap_int<8> const*, ap_int<8> const*, ap_int<8> (*) [128][128], int, int)' (../ip/Ip1/initial_conv_bn_relu.cpp:54:48)
INFO: [HLS 214-131] Inlining function 'ap_int_base<8, true>::RType<($_0)32, true>::plus operator+<8, true>(int, ap_int_base<8, true> const&)' into 'initial_conv_bn_relu(ap_int<8> const (*) [128][128], ap_int<8> const (*) [3][3][3], ap_int<8> const*, ap_int<8> const*, ap_int<8> const*, ap_int<8> const*, ap_int<8> (*) [128][128], int, int)' (../ip/Ip1/initial_conv_bn_relu.cpp:53:43)
INFO: [HLS 214-131] Inlining function 'ap_int_base<32, true>& ap_int_base<32, true>::operator+=<16, true>(ap_int_base<16, true> const&)' into 'initial_conv_bn_relu(ap_int<8> const (*) [128][128], ap_int<8> const (*) [3][3][3], ap_int<8> const*, ap_int<8> const*, ap_int<8> const*, ap_int<8> const*, ap_int<8> (*) [128][128], int, int)' (../ip/Ip1/initial_conv_bn_relu.cpp:46:37)
INFO: [HLS 214-131] Inlining function 'ap_int_base<8, true>::RType<8, true>::mult operator*<8, true, 8, true>(ap_int_base<8, true> const&, ap_int_base<8, true> const&)' into 'initial_conv_bn_relu(ap_int<8> const (*) [128][128], ap_int<8> const (*) [3][3][3], ap_int<8> const*, ap_int<8> const*, ap_int<8> const*, ap_int<8> const*, ap_int<8> (*) [128][128], int, int)' (../ip/Ip1/initial_conv_bn_relu.cpp:46:61)
INFO: [HLS 214-241] Aggregating maxi variable 'out' with compact=none mode in 8-bits
INFO: [HLS 214-241] Aggregating maxi variable 'conv_kernel' with compact=none mode in 8-bits (../ip/Ip1/initial_conv_bn_relu.cpp:19:0)
INFO: [HLS 214-241] Aggregating maxi variable 'in' with compact=none mode in 8-bits
WARNING: [HLS 214-203] Replacing invalid offset value '20' with '108' for s_axilite port 'padding'. (../ip/Ip1/initial_conv_bn_relu.cpp:12:21)
INFO: [HLS 214-115] Multiple burst writes of length 393216 and bit width 8 in loop 'VITIS_LOOP_36_1'(../ip/Ip1/initial_conv_bn_relu.cpp:36:19) has been inferred on bundle 'gmem0'. These burst requests might be further partitioned into multiple requests during RTL generation, based on max_read_burst_length or max_write_burst_length settings. (../ip/Ip1/initial_conv_bn_relu.cpp:36:19)
INFO: [HLS 200-111] Finished Compiling Optimization and Transform: CPU user time: 0 seconds. CPU system time: 0 seconds. Elapsed time: 5.543 seconds; current allocated memory: 681.156 MB.
INFO: [HLS 200-111] Finished Checking Pragmas: CPU user time: 0 seconds. CPU system time: 0 seconds. Elapsed time: 0.007 seconds; current allocated memory: 681.156 MB.
INFO: [HLS 200-10] Starting code transformations ...
INFO: [HLS 200-111] Finished Standard Transforms: CPU user time: 0 seconds. CPU system time: 0 seconds. Elapsed time: 0.162 seconds; current allocated memory: 692.828 MB.
INFO: [HLS 200-10] Checking synthesizability ...
INFO: [HLS 200-111] Finished Checking Synthesizability: CPU user time: 0 seconds. CPU system time: 0 seconds. Elapsed time: 0.139 seconds; current allocated memory: 702.438 MB.
INFO: [XFORM 203-510] Pipelining loop 'VITIS_LOOP_38_3' (../ip/Ip1/initial_conv_bn_relu.cpp:39) in function 'initial_conv_bn_relu' automatically.
INFO: [XFORM 203-502] Unrolling all sub-loops inside loop 'VITIS_LOOP_38_3' (../ip/Ip1/initial_conv_bn_relu.cpp:39) in function 'initial_conv_bn_relu' for pipelining.
INFO: [HLS 200-489] Unrolling loop 'VITIS_LOOP_40_4' (../ip/Ip1/initial_conv_bn_relu.cpp:39) in function 'initial_conv_bn_relu' completely with a factor of 3.
INFO: [HLS 200-489] Unrolling loop 'VITIS_LOOP_41_5' (../ip/Ip1/initial_conv_bn_relu.cpp:39) in function 'initial_conv_bn_relu' completely with a factor of 3.
INFO: [HLS 200-489] Unrolling loop 'VITIS_LOOP_42_6' (../ip/Ip1/initial_conv_bn_relu.cpp:39) in function 'initial_conv_bn_relu' completely with a factor of 3.
INFO: [HLS 200-111] Finished Loop, function and other optimizations: CPU user time: 1 seconds. CPU system time: 0 seconds. Elapsed time: 0.319 seconds; current allocated memory: 734.535 MB.
INFO: [XFORM 203-541] Flattening a loop nest 'VITIS_LOOP_37_2' (../ip/Ip1/initial_conv_bn_relu.cpp:37:35) in function 'initial_conv_bn_relu'.
INFO: [XFORM 203-541] Flattening a loop nest 'VITIS_LOOP_36_1' (../ip/Ip1/initial_conv_bn_relu.cpp:36:28) in function 'initial_conv_bn_relu'.
INFO: [HLS 200-111] Finished Architecture Synthesis: CPU user time: 0 seconds. CPU system time: 0 seconds. Elapsed time: 0.252 seconds; current allocated memory: 744.793 MB.
INFO: [HLS 200-10] Starting hardware synthesis ...
INFO: [HLS 200-10] Synthesizing 'initial_conv_bn_relu' ...
INFO: [HLS 200-10] ----------------------------------------------------------------
INFO: [HLS 200-42] -- Implementing module 'initial_conv_bn_relu_Pipeline_VITIS_LOOP_36_1_VITIS_LOOP_37_2_VITIS_LOOP_38_3' 
INFO: [HLS 200-10] ----------------------------------------------------------------
INFO: [SCHED 204-11] Starting scheduling ...
INFO: [HLS 200-486] Changing DSP latency (root=mul_ln1494_1) to 3 in order to utilize available DSP registers.
INFO: [HLS 200-486] Changing DSP latency (root=mul_ln1494_2) to 3 in order to utilize available DSP registers.
INFO: [HLS 200-486] Changing DSP latency (root=mul_ln1494_3) to 3 in order to utilize available DSP registers.
INFO: [HLS 200-486] Changing DSP latency (root=mul_ln1494_4) to 3 in order to utilize available DSP registers.
INFO: [HLS 200-486] Changing DSP latency (root=mul_ln1494_5) to 3 in order to utilize available DSP registers.
INFO: [HLS 200-486] Changing DSP latency (root=mul_ln1494_6) to 3 in order to utilize available DSP registers.
INFO: [HLS 200-486] Changing DSP latency (root=mul_ln1494_7) to 3 in order to utilize available DSP registers.
INFO: [HLS 200-486] Changing DSP latency (root=mul_ln1494_8) to 3 in order to utilize available DSP registers.
INFO: [HLS 200-486] Changing DSP latency (root=mul_ln1494_9) to 3 in order to utilize available DSP registers.
INFO: [HLS 200-486] Changing DSP latency (root=mul_ln1494_10) to 3 in order to utilize available DSP registers.
INFO: [HLS 200-486] Changing DSP latency (root=mul_ln1494_11) to 3 in order to utilize available DSP registers.
INFO: [HLS 200-486] Changing DSP latency (root=mul_ln1494_12) to 3 in order to utilize available DSP registers.
INFO: [HLS 200-486] Changing DSP latency (root=mul_ln1494_13) to 3 in order to utilize available DSP registers.
INFO: [HLS 200-486] Changing DSP latency (root=mul_ln1494_14) to 3 in order to utilize available DSP registers.
INFO: [HLS 200-486] Changing DSP latency (root=mul_ln1494_15) to 3 in order to utilize available DSP registers.
INFO: [HLS 200-486] Changing DSP latency (root=mul_ln1494_16) to 3 in order to utilize available DSP registers.
INFO: [HLS 200-486] Changing DSP latency (root=mul_ln1494_17) to 3 in order to utilize available DSP registers.
INFO: [HLS 200-486] Changing DSP latency (root=mul_ln1494_18) to 3 in order to utilize available DSP registers.
INFO: [HLS 200-486] Changing DSP latency (root=mul_ln1494_19) to 3 in order to utilize available DSP registers.
INFO: [HLS 200-486] Changing DSP latency (root=mul_ln1494_20) to 3 in order to utilize available DSP registers.
INFO: [HLS 200-486] Changing DSP latency (root=mul_ln1494_21) to 3 in order to utilize available DSP registers.
INFO: [HLS 200-486] Changing DSP latency (root=mul_ln1494_22) to 3 in order to utilize available DSP registers.
INFO: [HLS 200-486] Changing DSP latency (root=mul_ln1494_23) to 3 in order to utilize available DSP registers.
INFO: [HLS 200-486] Changing DSP latency (root=mul_ln1494_24) to 3 in order to utilize available DSP registers.
INFO: [HLS 200-486] Changing DSP latency (root=mul_ln1494_25) to 3 in order to utilize available DSP registers.
INFO: [HLS 200-486] Changing DSP latency (root=mul_ln1494_26) to 3 in order to utilize available DSP registers.
INFO: [HLS 200-486] Changing DSP latency (root=bn_val_V_2) to 3 in order to utilize available DSP registers.
INFO: [SCHED 204-61] Pipelining loop 'VITIS_LOOP_36_1_VITIS_LOOP_37_2_VITIS_LOOP_38_3'.
WARNING: [HLS 200-885] The II Violation in module 'initial_conv_bn_relu_Pipeline_VITIS_LOOP_36_1_VITIS_LOOP_37_2_VITIS_LOOP_38_3' (loop 'VITIS_LOOP_36_1_VITIS_LOOP_37_2_VITIS_LOOP_38_3'): Unable to schedule bus request operation ('gmem0_load_1_req', ../ip/Ip1/initial_conv_bn_relu.cpp:36) on port 'gmem0' (../ip/Ip1/initial_conv_bn_relu.cpp:36) due to limited memory ports (II = 1). Please consider using a memory core with more ports or partitioning the array.
WARNING: [HLS 200-885] The II Violation in module 'initial_conv_bn_relu_Pipeline_VITIS_LOOP_36_1_VITIS_LOOP_37_2_VITIS_LOOP_38_3' (loop 'VITIS_LOOP_36_1_VITIS_LOOP_37_2_VITIS_LOOP_38_3'): Unable to schedule bus request operation ('gmem0_load_2_req', ../ip/Ip1/initial_conv_bn_relu.cpp:36) on port 'gmem0' (../ip/Ip1/initial_conv_bn_relu.cpp:36) due to limited memory ports (II = 2). Please consider using a memory core with more ports or partitioning the array.
WARNING: [HLS 200-885] The II Violation in module 'initial_conv_bn_relu_Pipeline_VITIS_LOOP_36_1_VITIS_LOOP_37_2_VITIS_LOOP_38_3' (loop 'VITIS_LOOP_36_1_VITIS_LOOP_37_2_VITIS_LOOP_38_3'): Unable to schedule bus request operation ('gmem0_load_3_req', ../ip/Ip1/initial_conv_bn_relu.cpp:36) on port 'gmem0' (../ip/Ip1/initial_conv_bn_relu.cpp:36) due to limited memory ports (II = 3). Please consider using a memory core with more ports or partitioning the array.
WARNING: [HLS 200-885] The II Violation in module 'initial_conv_bn_relu_Pipeline_VITIS_LOOP_36_1_VITIS_LOOP_37_2_VITIS_LOOP_38_3' (loop 'VITIS_LOOP_36_1_VITIS_LOOP_37_2_VITIS_LOOP_38_3'): Unable to schedule bus request operation ('gmem0_load_4_req') on port 'gmem0' due to limited memory ports (II = 4). Please consider using a memory core with more ports or partitioning the array.
WARNING: [HLS 200-885] The II Violation in module 'initial_conv_bn_relu_Pipeline_VITIS_LOOP_36_1_VITIS_LOOP_37_2_VITIS_LOOP_38_3' (loop 'VITIS_LOOP_36_1_VITIS_LOOP_37_2_VITIS_LOOP_38_3'): Unable to schedule bus request operation ('gmem0_load_35_req') on port 'gmem0' due to limited memory ports (II = 35). Please consider using a memory core with more ports or partitioning the array.
WARNING: [HLS 200-885] The II Violation in module 'initial_conv_bn_relu_Pipeline_VITIS_LOOP_36_1_VITIS_LOOP_37_2_VITIS_LOOP_38_3' (loop 'VITIS_LOOP_36_1_VITIS_LOOP_37_2_VITIS_LOOP_38_3'): Unable to schedule bus request operation ('gmem0_load_51_req') on port 'gmem0' due to limited memory ports (II = 51). Please consider using a memory core with more ports or partitioning the array.
WARNING: [HLS 200-885] The II Violation in module 'initial_conv_bn_relu_Pipeline_VITIS_LOOP_36_1_VITIS_LOOP_37_2_VITIS_LOOP_38_3' (loop 'VITIS_LOOP_36_1_VITIS_LOOP_37_2_VITIS_LOOP_38_3'): Unable to schedule bus request operation ('gmem0_load_55_req') on port 'gmem0' due to limited memory ports (II = 55). Please consider using a memory core with more ports or partitioning the array.
WARNING: [HLS 200-885] The II Violation in module 'initial_conv_bn_relu_Pipeline_VITIS_LOOP_36_1_VITIS_LOOP_37_2_VITIS_LOOP_38_3' (loop 'VITIS_LOOP_36_1_VITIS_LOOP_37_2_VITIS_LOOP_38_3'): Unable to schedule bus request operation ('gmem0_load_57_req') on port 'gmem0' due to limited memory ports (II = 57). Please consider using a memory core with more ports or partitioning the array.
INFO: [HLS 200-1470] Pipelining result : Target II = NA, Final II = 58, Depth = 77, loop 'VITIS_LOOP_36_1_VITIS_LOOP_37_2_VITIS_LOOP_38_3'
INFO: [SCHED 204-11] Finished scheduling.
INFO: [HLS 200-111] Finished Scheduling: CPU user time: 2 seconds. CPU system time: 0 seconds. Elapsed time: 3.105 seconds; current allocated memory: 775.609 MB.
INFO: [BIND 205-100] Starting micro-architecture generation ...
INFO: [BIND 205-101] Performing variable lifetime analysis.
INFO: [BIND 205-101] Exploring resource sharing.
INFO: [BIND 205-101] Binding ...
INFO: [BIND 205-100] Finished micro-architecture generation.
INFO: [HLS 200-111] Finished Binding: CPU user time: 0 seconds. CPU system time: 0 seconds. Elapsed time: 0.596 seconds; current allocated memory: 776.777 MB.
INFO: [HLS 200-10] ----------------------------------------------------------------
INFO: [HLS 200-42] -- Implementing module 'initial_conv_bn_relu' 
INFO: [HLS 200-10] ----------------------------------------------------------------
INFO: [SCHED 204-11] Starting scheduling ...
INFO: [SCHED 204-11] Finished scheduling.
INFO: [HLS 200-111] Finished Scheduling: CPU user time: 0 seconds. CPU system time: 0 seconds. Elapsed time: 0.585 seconds; current allocated memory: 776.840 MB.
INFO: [BIND 205-100] Starting micro-architecture generation ...
INFO: [BIND 205-101] Performing variable lifetime analysis.
INFO: [BIND 205-101] Exploring resource sharing.
INFO: [BIND 205-101] Binding ...
INFO: [BIND 205-100] Finished micro-architecture generation.
INFO: [HLS 200-111] Finished Binding: CPU user time: 1 seconds. CPU system time: 0 seconds. Elapsed time: 0.326 seconds; current allocated memory: 776.883 MB.
INFO: [HLS 200-10] ----------------------------------------------------------------
INFO: [HLS 200-10] -- Generating RTL for module 'initial_conv_bn_relu_Pipeline_VITIS_LOOP_36_1_VITIS_LOOP_37_2_VITIS_LOOP_38_3' 
INFO: [HLS 200-10] ----------------------------------------------------------------
INFO: [HLS 200-1030] Apply Unified Pipeline Control on module 'initial_conv_bn_relu_Pipeline_VITIS_LOOP_36_1_VITIS_LOOP_37_2_VITIS_LOOP_38_3' pipeline 'VITIS_LOOP_36_1_VITIS_LOOP_37_2_VITIS_LOOP_38_3' pipeline type 'loop pipeline'
WARNING: [RTGEN 206-101] Setting dangling out port 'initial_conv_bn_relu_Pipeline_VITIS_LOOP_36_1_VITIS_LOOP_37_2_VITIS_LOOP_38_3/m_axi_gmem0_AWVALID' to 0.
WARNING: [RTGEN 206-101] Setting dangling out port 'initial_conv_bn_relu_Pipeline_VITIS_LOOP_36_1_VITIS_LOOP_37_2_VITIS_LOOP_38_3/m_axi_gmem0_AWADDR' to 0.
WARNING: [RTGEN 206-101] Setting dangling out port 'initial_conv_bn_relu_Pipeline_VITIS_LOOP_36_1_VITIS_LOOP_37_2_VITIS_LOOP_38_3/m_axi_gmem0_AWID' to 0.
WARNING: [RTGEN 206-101] Setting dangling out port 'initial_conv_bn_relu_Pipeline_VITIS_LOOP_36_1_VITIS_LOOP_37_2_VITIS_LOOP_38_3/m_axi_gmem0_AWLEN' to 0.
WARNING: [RTGEN 206-101] Setting dangling out port 'initial_conv_bn_relu_Pipeline_VITIS_LOOP_36_1_VITIS_LOOP_37_2_VITIS_LOOP_38_3/m_axi_gmem0_AWSIZE' to 0.
WARNING: [RTGEN 206-101] Setting dangling out port 'initial_conv_bn_relu_Pipeline_VITIS_LOOP_36_1_VITIS_LOOP_37_2_VITIS_LOOP_38_3/m_axi_gmem0_AWBURST' to 0.
WARNING: [RTGEN 206-101] Setting dangling out port 'initial_conv_bn_relu_Pipeline_VITIS_LOOP_36_1_VITIS_LOOP_37_2_VITIS_LOOP_38_3/m_axi_gmem0_AWLOCK' to 0.
WARNING: [RTGEN 206-101] Setting dangling out port 'initial_conv_bn_relu_Pipeline_VITIS_LOOP_36_1_VITIS_LOOP_37_2_VITIS_LOOP_38_3/m_axi_gmem0_AWCACHE' to 0.
WARNING: [RTGEN 206-101] Setting dangling out port 'initial_conv_bn_relu_Pipeline_VITIS_LOOP_36_1_VITIS_LOOP_37_2_VITIS_LOOP_38_3/m_axi_gmem0_AWPROT' to 0.
WARNING: [RTGEN 206-101] Setting dangling out port 'initial_conv_bn_relu_Pipeline_VITIS_LOOP_36_1_VITIS_LOOP_37_2_VITIS_LOOP_38_3/m_axi_gmem0_AWQOS' to 0.
WARNING: [RTGEN 206-101] Setting dangling out port 'initial_conv_bn_relu_Pipeline_VITIS_LOOP_36_1_VITIS_LOOP_37_2_VITIS_LOOP_38_3/m_axi_gmem0_AWREGION' to 0.
WARNING: [RTGEN 206-101] Setting dangling out port 'initial_conv_bn_relu_Pipeline_VITIS_LOOP_36_1_VITIS_LOOP_37_2_VITIS_LOOP_38_3/m_axi_gmem0_AWUSER' to 0.
WARNING: [RTGEN 206-101] Setting dangling out port 'initial_conv_bn_relu_Pipeline_VITIS_LOOP_36_1_VITIS_LOOP_37_2_VITIS_LOOP_38_3/m_axi_gmem0_BREADY' to 0.
INFO: [RTGEN 206-100] Generating core module 'mac_muladd_8s_8s_16s_17_4_1': 1 instance(s).
INFO: [RTGEN 206-100] Generating core module 'mac_muladd_8s_8s_17s_17_4_1': 1 instance(s).
INFO: [RTGEN 206-100] Generating core module 'mac_muladd_8s_8s_17s_18_4_1': 1 instance(s).
INFO: [RTGEN 206-100] Generating core module 'mac_muladd_8s_8s_18s_18_4_1': 3 instance(s).
INFO: [RTGEN 206-100] Generating core module 'mac_muladd_8s_8s_18s_19_4_1': 1 instance(s).
INFO: [RTGEN 206-100] Generating core module 'mac_muladd_8s_8s_19s_19_4_1': 7 instance(s).
INFO: [RTGEN 206-100] Generating core module 'mac_muladd_8s_8s_19s_20_4_1': 1 instance(s).
INFO: [RTGEN 206-100] Generating core module 'mac_muladd_8s_8s_20s_20_4_1': 11 instance(s).
INFO: [RTGEN 206-100] Generating core module 'mul_28s_17ns_44_1_1': 1 instance(s).
INFO: [RTGEN 206-100] Generating core module 'mul_5ns_6ns_10_1_1': 1 instance(s).
INFO: [RTGEN 206-100] Generating core module 'mul_8ns_32s_39_1_1': 3 instance(s).
INFO: [RTGEN 206-100] Generating core module 'mul_8s_8s_16_1_1': 1 instance(s).
INFO: [RTGEN 206-100] Generating core module 'mul_mul_20s_8s_28_4_1': 1 instance(s).
INFO: [RTGEN 206-100] Generating core module 'udiv_17s_8ns_17_21_1': 1 instance(s).
INFO: [RTGEN 206-100] Finished creating RTL model for 'initial_conv_bn_relu_Pipeline_VITIS_LOOP_36_1_VITIS_LOOP_37_2_VITIS_LOOP_38_3'.
INFO: [HLS 200-111] Finished Creating RTL model: CPU user time: 0 seconds. CPU system time: 0 seconds. Elapsed time: 1.431 seconds; current allocated memory: 778.781 MB.
INFO: [HLS 200-10] ----------------------------------------------------------------
INFO: [HLS 200-10] -- Generating RTL for module 'initial_conv_bn_relu' 
INFO: [HLS 200-10] ----------------------------------------------------------------
WARNING: [RTGEN 206-101] Design contains AXI ports. Reset is fixed to synchronous and active low.
INFO: [RTGEN 206-500] Setting interface mode on port 'initial_conv_bn_relu/gmem0' to 'm_axi'.
INFO: [RTGEN 206-500] Setting interface mode on port 'initial_conv_bn_relu/in_r' to 's_axilite & ap_none'.
INFO: [RTGEN 206-500] Setting interface mode on port 'initial_conv_bn_relu/conv_kernel' to 's_axilite & ap_none'.
INFO: [RTGEN 206-500] Setting interface mode on port 'initial_conv_bn_relu/bn_mean' to 's_axilite & ap_none'.
INFO: [RTGEN 206-500] Setting interface mode on port 'initial_conv_bn_relu/bn_var' to 's_axilite & ap_none'.
INFO: [RTGEN 206-500] Setting interface mode on port 'initial_conv_bn_relu/bn_gamma' to 's_axilite & ap_none'.
INFO: [RTGEN 206-500] Setting interface mode on port 'initial_conv_bn_relu/bn_beta' to 's_axilite & ap_none'.
INFO: [RTGEN 206-500] Setting interface mode on port 'initial_conv_bn_relu/out_r' to 's_axilite & ap_none'.
INFO: [RTGEN 206-500] Setting interface mode on port 'initial_conv_bn_relu/stride' to 's_axilite & ap_none' (register).
INFO: [RTGEN 206-500] Setting interface mode on port 'initial_conv_bn_relu/padding' to 's_axilite & ap_none' (register).
INFO: [RTGEN 206-500] Setting interface mode on function 'initial_conv_bn_relu' to 's_axilite & ap_ctrl_hs'.
INFO: [RTGEN 206-100] Bundling port 'stride', 'in_r', 'conv_kernel', 'bn_mean', 'bn_var', 'bn_gamma', 'bn_beta', 'out_r', 'padding' to AXI-Lite port control.
INFO: [RTGEN 206-100] Finished creating RTL model for 'initial_conv_bn_relu'.
INFO: [HLS 200-111] Finished Creating RTL model: CPU user time: 2 seconds. CPU system time: 1 seconds. Elapsed time: 2.779 seconds; current allocated memory: 792.598 MB.
INFO: [HLS 200-111] Finished Generating all RTL models: CPU user time: 1 seconds. CPU system time: 0 seconds. Elapsed time: 1.985 seconds; current allocated memory: 795.074 MB.
INFO: [HLS 200-1603] Design has inferred MAXI bursts and missed bursts, see Vitis HLS GUI synthesis summary report for detailed information.
INFO: [HLS 200-111] Finished Updating report files: CPU user time: 1 seconds. CPU system time: 0 seconds. Elapsed time: 1.537 seconds; current allocated memory: 803.949 MB.
INFO: [VHDL 208-304] Generating VHDL RTL for initial_conv_bn_relu.
INFO: [VLOG 209-307] Generating Verilog RTL for initial_conv_bn_relu.
INFO: [HLS 200-790] **** Loop Constraint Status: All loop constraints were NOT satisfied.
INFO: [HLS 200-789] **** Estimated Fmax: 136.99 MHz
INFO: [HLS 200-111] Finished Command csynth_design CPU user time: 8 seconds. CPU system time: 1 seconds. Elapsed time: 22.731 seconds; current allocated memory: 125.941 MB.
INFO: [HLS 200-112] Total CPU user time: 10 seconds. Total CPU system time: 2 seconds. Total elapsed time: 35.557 seconds; peak allocated memory: 804.008 MB.
==============================================================
Vitis HLS - High-Level Synthesis from C, C++ and OpenCL v2022.2 (64-bit)
Tool Version Limit: 2019.12
Copyright 1986-2022 Xilinx, Inc. All Rights Reserved.
==============================================================
INFO: [SYN 201-201] Setting up clock 'default' with a period of 10ns.
INFO: [HLS 200-1611] Setting target device to 'xc7z020-clg400-2'
INFO: [HLS 200-1505] Using flow_target 'vivado'
INFO: [HLS 200-1464] Running solution command: config_export -format=ip_catalog
INFO: [HLS 200-1464] Running solution command: config_export -rtl=verilog
INFO: [HLS 200-1510] Running: set_part xc7z020clg400-2 
INFO: [HLS 200-1510] Running: create_clock -period 10 -name default 
INFO: [SYN 201-201] Setting up clock 'default' with a period of 10ns.
INFO: [HLS 200-1510] Running: config_export -format ip_catalog -rtl verilog 
INFO: [HLS 200-1510] Running: export_design -rtl verilog -format ip_catalog 
INFO: [IMPL 213-8] Exporting RTL as a Vivado IP.
INFO: [HLS 200-802] Generated output file ip1/solution1/impl/export.zip
INFO: [HLS 200-111] Finished Command export_design CPU user time: 0 seconds. CPU system time: 0 seconds. Elapsed time: 11.28 seconds; current allocated memory: 9.434 MB.
INFO: [HLS 200-112] Total CPU user time: 2 seconds. Total CPU system time: 1 seconds. Total elapsed time: 23.965 seconds; peak allocated memory: 686.508 MB.
==============================================================
Vitis HLS - High-Level Synthesis from C, C++ and OpenCL v2022.2 (64-bit)
Tool Version Limit: 2019.12
Copyright 1986-2022 Xilinx, Inc. All Rights Reserved.
==============================================================
INFO: [SYN 201-201] Setting up clock 'default' with a period of 10ns.
INFO: [HLS 200-1611] Setting target device to 'xc7z020-clg400-2'
INFO: [HLS 200-1505] Using flow_target 'vivado'
INFO: [HLS 200-1464] Running solution command: config_export -format=ip_catalog
INFO: [HLS 200-1464] Running solution command: config_export -rtl=verilog
INFO: [HLS 200-1510] Running: set_part xc7z020-clg400-2 
INFO: [HLS 200-1510] Running: create_clock -period 10 -name default 
INFO: [HLS 200-1510] Running: config_export -format ip_catalog -rtl verilog 
INFO: [HLS 200-1510] Running: source ./ip1/solution1/directives.tcl
INFO: [HLS 200-1510] Running: set_directive_top -name initial_conv_bn_relu initial_conv_bn_relu 
INFO: [HLS 200-1510] Running: csynth_design 
INFO: [HLS 200-111] Finished File checks and directory preparation: CPU user time: 0 seconds. CPU system time: 0 seconds. Elapsed time: 10.172 seconds; current allocated memory: 677.684 MB.
INFO: [HLS 200-10] Analyzing design file '../ip/Ip1/initial_conv_bn_relu.cpp' ... 
INFO: [HLS 200-111] Finished Source Code Analysis and Preprocessing: CPU user time: 1 seconds. CPU system time: 0 seconds. Elapsed time: 6.931 seconds; current allocated memory: 677.867 MB.
INFO: [HLS 200-777] Using interface defaults for 'Vivado' flow target.
INFO: [HLS 214-131] Inlining function 'ssdm_int<32, true>::ssdm_int(int)' into 'ap_int_base<32, true>::ap_int_base(int)' (D:/Xilinx/Vitis_HLS/2022.2/common/technology/autopilot\ap_int_base.h:214:67)
INFO: [HLS 214-131] Inlining function 'ap_int_base<32, true>::ap_int_base(int)' into 'ap_int<32>::ap_int(int)'
INFO: [HLS 214-131] Inlining function 'ssdm_int<16, true>::ssdm_int(short)' into 'ap_int_base<16, true>::ap_int_base<8, true>(ap_int_base<8, true> const&)' (D:/Xilinx/Vitis_HLS/2022.2/common/technology/autopilot\ap_int_base.h:185:106)
INFO: [HLS 214-131] Inlining function 'ssdm_int<16, true>::ssdm_int(short)' into 'ap_int_base<16, true>::ap_int_base(int)' (D:/Xilinx/Vitis_HLS/2022.2/common/technology/autopilot\ap_int_base.h:214:67)
INFO: [HLS 214-131] Inlining function 'ap_int_base<16, true>::ap_int_base<8, true>(ap_int_base<8, true> const&)' into 'ap_int_base<8, true>::RType<8, true>::mult operator*<8, true, 8, true>(ap_int_base<8, true> const&, ap_int_base<8, true> const&)' (D:/Xilinx/Vitis_HLS/2022.2/common/technology/autopilot\ap_int_base.h:1494:339)
INFO: [HLS 214-131] Inlining function 'ap_int_base<16, true>::ap_int_base(int)' into 'ap_int_base<8, true>::RType<8, true>::mult operator*<8, true, 8, true>(ap_int_base<8, true> const&, ap_int_base<8, true> const&)' (D:/Xilinx/Vitis_HLS/2022.2/common/technology/autopilot\ap_int_base.h:1494:516)
INFO: [HLS 214-131] Inlining function 'ap_int_base<16, true>::ap_int_base<8, true>(ap_int_base<8, true> const&)' into 'ap_int_base<8, true>::RType<8, true>::mult operator*<8, true, 8, true>(ap_int_base<8, true> const&, ap_int_base<8, true> const&)' (D:/Xilinx/Vitis_HLS/2022.2/common/technology/autopilot\ap_int_base.h:1494:427)
INFO: [HLS 214-131] Inlining function '_ZN8ssdm_intILi33ELb1EEC2EDq33_i' into 'ap_int_base<33, true>::ap_int_base<32, true>(ap_int_base<32, true> const&)' (D:/Xilinx/Vitis_HLS/2022.2/common/technology/autopilot\ap_int_base.h:185:106)
INFO: [HLS 214-131] Inlining function '_ZN8ssdm_intILi33ELb1EEC2EDq33_i' into 'ap_int_base<33, true>::ap_int_base<8, true>(ap_int_base<8, true> const&)' (D:/Xilinx/Vitis_HLS/2022.2/common/technology/autopilot\ap_int_base.h:185:106)
INFO: [HLS 214-131] Inlining function '_ZN8ssdm_intILi33ELb1EEC2EDq33_i' into 'ap_int_base<33, true>::ap_int_base(int)' (D:/Xilinx/Vitis_HLS/2022.2/common/technology/autopilot\ap_int_base.h:214:67)
INFO: [HLS 214-131] Inlining function 'ap_int_base<33, true>::ap_int_base<32, true>(ap_int_base<32, true> const&)' into 'ap_int_base<32, true>::RType<8, true>::plus operator+<32, true, 8, true>(ap_int_base<32, true> const&, ap_int_base<8, true> const&)' (D:/Xilinx/Vitis_HLS/2022.2/common/technology/autopilot\ap_int_base.h:1495:339)
INFO: [HLS 214-131] Inlining function 'ap_int_base<33, true>::ap_int_base(int)' into 'ap_int_base<32, true>::RType<8, true>::plus operator+<32, true, 8, true>(ap_int_base<32, true> const&, ap_int_base<8, true> const&)' (D:/Xilinx/Vitis_HLS/2022.2/common/technology/autopilot\ap_int_base.h:1495:516)
INFO: [HLS 214-131] Inlining function 'ap_int_base<33, true>::ap_int_base<8, true>(ap_int_base<8, true> const&)' into 'ap_int_base<32, true>::RType<8, true>::plus operator+<32, true, 8, true>(ap_int_base<32, true> const&, ap_int_base<8, true> const&)' (D:/Xilinx/Vitis_HLS/2022.2/common/technology/autopilot\ap_int_base.h:1495:427)
INFO: [HLS 214-131] Inlining function 'ap_int_base<32, true>::ap_int_base(int)' into 'ap_int_base<8, true>::RType<($_0)32, true>::plus operator+<8, true>(int, ap_int_base<8, true> const&)' (D:/Xilinx/Vitis_HLS/2022.2/common/technology/autopilot\ap_int_base.h:1633:739)
INFO: [HLS 214-131] Inlining function 'ap_int_base<32, true>::RType<8, true>::plus operator+<32, true, 8, true>(ap_int_base<32, true> const&, ap_int_base<8, true> const&)' into 'ap_int_base<8, true>::RType<($_0)32, true>::plus operator+<8, true>(int, ap_int_base<8, true> const&)' (D:/Xilinx/Vitis_HLS/2022.2/common/technology/autopilot\ap_int_base.h:1633:777)
INFO: [HLS 214-131] Inlining function 'ssdm_int<32, true>::ssdm_int(int)' into 'ap_int_base<32, true>::ap_int_base<33, true>(ap_int_base<33, true> const&)' (D:/Xilinx/Vitis_HLS/2022.2/common/technology/autopilot\ap_int_base.h:185:106)
INFO: [HLS 214-131] Inlining function 'ap_int_base<32, true>::ap_int_base<33, true>(ap_int_base<33, true> const&)' into 'ap_int<32>::ap_int<33>(ap_int<33> const&)'
INFO: [HLS 214-131] Inlining function 'ap_int_base<33, true>::ap_int_base(int)' into 'ap_int_base<32, true>::RType<32, true>::div operator/<32, true, 32, true>(ap_int_base<32, true> const&, ap_int_base<32, true> const&)' (D:/Xilinx/Vitis_HLS/2022.2/common/technology/autopilot\ap_int_base.h:1513:337)
INFO: [HLS 214-131] Inlining function 'ap_int_base<32, true>::ap_int_base(int)' into 'ap_int_base<32, true>::RType<($_0)32, true>::div operator/<32, true>(int, ap_int_base<32, true> const&)' (D:/Xilinx/Vitis_HLS/2022.2/common/technology/autopilot\ap_int_base.h:1633:1786)
INFO: [HLS 214-131] Inlining function 'ap_int_base<32, true>::RType<32, true>::div operator/<32, true, 32, true>(ap_int_base<32, true> const&, ap_int_base<32, true> const&)' into 'ap_int_base<32, true>::RType<($_0)32, true>::div operator/<32, true>(int, ap_int_base<32, true> const&)' (D:/Xilinx/Vitis_HLS/2022.2/common/technology/autopilot\ap_int_base.h:1633:1824)
INFO: [HLS 214-131] Inlining function 'ap_int_base<33, true>::ap_int_base<32, true>(ap_int_base<32, true> const&)' into 'ap_int_base<32, true>::RType<8, true>::minus operator-<32, true, 8, true>(ap_int_base<32, true> const&, ap_int_base<8, true> const&)' (D:/Xilinx/Vitis_HLS/2022.2/common/technology/autopilot\ap_int_base.h:1496:341)
INFO: [HLS 214-131] Inlining function 'ap_int_base<33, true>::ap_int_base(int)' into 'ap_int_base<32, true>::RType<8, true>::minus operator-<32, true, 8, true>(ap_int_base<32, true> const&, ap_int_base<8, true> const&)' (D:/Xilinx/Vitis_HLS/2022.2/common/technology/autopilot\ap_int_base.h:1496:520)
INFO: [HLS 214-131] Inlining function 'ap_int_base<33, true>::ap_int_base<8, true>(ap_int_base<8, true> const&)' into 'ap_int_base<32, true>::RType<8, true>::minus operator-<32, true, 8, true>(ap_int_base<32, true> const&, ap_int_base<8, true> const&)' (D:/Xilinx/Vitis_HLS/2022.2/common/technology/autopilot\ap_int_base.h:1496:430)
INFO: [HLS 214-131] Inlining function '_ZN8ssdm_intILi41ELb1EEC2EDq41_i' into 'ap_int_base<41, true>::ap_int_base<33, true>(ap_int_base<33, true> const&)' (D:/Xilinx/Vitis_HLS/2022.2/common/technology/autopilot\ap_int_base.h:185:106)
INFO: [HLS 214-131] Inlining function '_ZN8ssdm_intILi41ELb1EEC2EDq41_i' into 'ap_int_base<41, true>::ap_int_base<8, true>(ap_int_base<8, true> const&)' (D:/Xilinx/Vitis_HLS/2022.2/common/technology/autopilot\ap_int_base.h:185:106)
INFO: [HLS 214-131] Inlining function '_ZN8ssdm_intILi41ELb1EEC2EDq41_i' into 'ap_int_base<41, true>::ap_int_base(int)' (D:/Xilinx/Vitis_HLS/2022.2/common/technology/autopilot\ap_int_base.h:214:67)
INFO: [HLS 214-131] Inlining function 'ap_int_base<41, true>::ap_int_base<33, true>(ap_int_base<33, true> const&)' into 'ap_int_base<33, true>::RType<8, true>::mult operator*<33, true, 8, true>(ap_int_base<33, true> const&, ap_int_base<8, true> const&)' (D:/Xilinx/Vitis_HLS/2022.2/common/technology/autopilot\ap_int_base.h:1494:339)
INFO: [HLS 214-131] Inlining function 'ap_int_base<41, true>::ap_int_base(int)' into 'ap_int_base<33, true>::RType<8, true>::mult operator*<33, true, 8, true>(ap_int_base<33, true> const&, ap_int_base<8, true> const&)' (D:/Xilinx/Vitis_HLS/2022.2/common/technology/autopilot\ap_int_base.h:1494:516)
INFO: [HLS 214-131] Inlining function 'ap_int_base<41, true>::ap_int_base<8, true>(ap_int_base<8, true> const&)' into 'ap_int_base<33, true>::RType<8, true>::mult operator*<33, true, 8, true>(ap_int_base<33, true> const&, ap_int_base<8, true> const&)' (D:/Xilinx/Vitis_HLS/2022.2/common/technology/autopilot\ap_int_base.h:1494:427)
INFO: [HLS 214-131] Inlining function 'ssdm_int<32, true>::ssdm_int(int)' into 'ap_int_base<32, true>::ap_int_base<41, true>(ap_int_base<41, true> const&)' (D:/Xilinx/Vitis_HLS/2022.2/common/technology/autopilot\ap_int_base.h:185:106)
INFO: [HLS 214-131] Inlining function 'ap_int_base<32, true>::ap_int_base<41, true>(ap_int_base<41, true> const&)' into 'ap_int<32>::ap_int<41>(ap_int<41> const&)'
INFO: [HLS 214-131] Inlining function 'ssdm_int<64, true>::ssdm_int(long)' into 'ap_int_base<64, true>::ap_int_base<32, true>(ap_int_base<32, true> const&)' (D:/Xilinx/Vitis_HLS/2022.2/common/technology/autopilot\ap_int_base.h:185:106)
INFO: [HLS 214-131] Inlining function 'ssdm_int<64, true>::ssdm_int(long)' into 'ap_int_base<64, true>::ap_int_base(int)' (D:/Xilinx/Vitis_HLS/2022.2/common/technology/autopilot\ap_int_base.h:214:67)
INFO: [HLS 214-131] Inlining function 'ap_int_base<64, true>::ap_int_base<32, true>(ap_int_base<32, true> const&)' into 'ap_int_base<32, true>::RType<32, true>::mult operator*<32, true, 32, true>(ap_int_base<32, true> const&, ap_int_base<32, true> const&)' (D:/Xilinx/Vitis_HLS/2022.2/common/technology/autopilot\ap_int_base.h:1494:339)
INFO: [HLS 214-131] Inlining function 'ap_int_base<64, true>::ap_int_base(int)' into 'ap_int_base<32, true>::RType<32, true>::mult operator*<32, true, 32, true>(ap_int_base<32, true> const&, ap_int_base<32, true> const&)' (D:/Xilinx/Vitis_HLS/2022.2/common/technology/autopilot\ap_int_base.h:1494:516)
INFO: [HLS 214-131] Inlining function 'ap_int_base<64, true>::ap_int_base<32, true>(ap_int_base<32, true> const&)' into 'ap_int_base<32, true>::RType<32, true>::mult operator*<32, true, 32, true>(ap_int_base<32, true> const&, ap_int_base<32, true> const&)' (D:/Xilinx/Vitis_HLS/2022.2/common/technology/autopilot\ap_int_base.h:1494:427)
INFO: [HLS 214-131] Inlining function 'ap_int_base<64, true>::ap_int_base(int)' into 'ap_int_base<64, true>::RType<64, true>::arg1 operator>><64, true>(ap_int_base<64, true> const&, int)' (D:/Xilinx/Vitis_HLS/2022.2/common/technology/autopilot\ap_int_base.h:1669:558)
INFO: [HLS 214-131] Inlining function 'ssdm_int<32, true>::ssdm_int(int)' into 'ap_int_base<32, true>::ap_int_base<64, true>(ap_int_base<64, true> const&)' (D:/Xilinx/Vitis_HLS/2022.2/common/technology/autopilot\ap_int_base.h:185:106)
INFO: [HLS 214-131] Inlining function 'ap_int_base<32, true>::ap_int_base<64, true>(ap_int_base<64, true> const&)' into 'ap_int<32>::ap_int<64>(ap_int<64> const&)'
INFO: [HLS 214-131] Inlining function 'ap_int_base<32, true>::ap_int_base(int)' into 'bool operator><32, true>(ap_int_base<32, true> const&, int)' (D:/Xilinx/Vitis_HLS/2022.2/common/technology/autopilot\ap_int_base.h:1788:337)
INFO: [HLS 214-131] Inlining function 'bool ap_int_base<32, true>::operator><32, true>(ap_int_base<32, true> const&) const' into 'bool operator><32, true>(ap_int_base<32, true> const&, int)' (D:/Xilinx/Vitis_HLS/2022.2/common/technology/autopilot\ap_int_base.h:1788:335)
INFO: [HLS 214-131] Inlining function 'ap_int_base<32, true>::ap_int_base(int)' into 'ap_int_base<32, true>::RType<32, true>::arg1 operator>><32, true>(ap_int_base<32, true> const&, int)' (D:/Xilinx/Vitis_HLS/2022.2/common/technology/autopilot\ap_int_base.h:1669:558)
INFO: [HLS 214-131] Inlining function 'ssdm_int<8, true>::ssdm_int(signed char)' into 'ap_int_base<8, true>::ap_int_base<32, true>(ap_int_base<32, true> const&)' (D:/Xilinx/Vitis_HLS/2022.2/common/technology/autopilot\ap_int_base.h:185:106)
INFO: [HLS 214-131] Inlining function 'ap_int_base<8, true>::ap_int_base<32, true>(ap_int_base<32, true> const&)' into 'ap_int<8>::ap_int<32>(ap_int<32> const&)'
INFO: [HLS 214-131] Inlining function 'ssdm_int<8, true>::ssdm_int(signed char)' into 'ap_int_base<8, true>::ap_int_base(int)' (D:/Xilinx/Vitis_HLS/2022.2/common/technology/autopilot\ap_int_base.h:214:67)
INFO: [HLS 214-131] Inlining function 'ap_int_base<8, true>::ap_int_base(int)' into 'ap_int<8>::ap_int(int)'
INFO: [HLS 214-131] Inlining function 'ap_int_base<32, true>::RType<32, true>::arg1 operator>><32, true>(ap_int_base<32, true> const&, int)' into 'initial_conv_bn_relu(ap_int<8> const (*) [128][128], ap_int<8> const (*) [3][3][3], ap_int<8> const*, ap_int<8> const*, ap_int<8> const*, ap_int<8> const*, ap_int<8> (*) [128][128], int, int)' (../ip/Ip1/initial_conv_bn_relu.cpp:60:70)
INFO: [HLS 214-131] Inlining function 'bool operator><32, true>(ap_int_base<32, true> const&, int)' into 'initial_conv_bn_relu(ap_int<8> const (*) [128][128], ap_int<8> const (*) [3][3][3], ap_int<8> const*, ap_int<8> const*, ap_int<8> const*, ap_int<8> const*, ap_int<8> (*) [128][128], int, int)' (../ip/Ip1/initial_conv_bn_relu.cpp:60:44)
INFO: [HLS 214-131] Inlining function 'ap_int_base<32, true>& ap_int_base<32, true>::operator+=<8, true>(ap_int_base<8, true> const&)' into 'initial_conv_bn_relu(ap_int<8> const (*) [128][128], ap_int<8> const (*) [3][3][3], ap_int<8> const*, ap_int<8> const*, ap_int<8> const*, ap_int<8> const*, ap_int<8> (*) [128][128], int, int)' (../ip/Ip1/initial_conv_bn_relu.cpp:59:24)
INFO: [HLS 214-131] Inlining function 'ap_int_base<64, true>::RType<64, true>::arg1 operator>><64, true>(ap_int_base<64, true> const&, int)' into 'initial_conv_bn_relu(ap_int<8> const (*) [128][128], ap_int<8> const (*) [3][3][3], ap_int<8> const*, ap_int<8> const*, ap_int<8> const*, ap_int<8> const*, ap_int<8> (*) [128][128], int, int)' (../ip/Ip1/initial_conv_bn_relu.cpp:58:45)
INFO: [HLS 214-131] Inlining function 'ap_int_base<32, true>::RType<32, true>::mult operator*<32, true, 32, true>(ap_int_base<32, true> const&, ap_int_base<32, true> const&)' into 'initial_conv_bn_relu(ap_int<8> const (*) [128][128], ap_int<8> const (*) [3][3][3], ap_int<8> const*, ap_int<8> const*, ap_int<8> const*, ap_int<8> const*, ap_int<8> (*) [128][128], int, int)' (../ip/Ip1/initial_conv_bn_relu.cpp:58:34)
INFO: [HLS 214-131] Inlining function 'ap_int_base<33, true>::RType<8, true>::mult operator*<33, true, 8, true>(ap_int_base<33, true> const&, ap_int_base<8, true> const&)' into 'initial_conv_bn_relu(ap_int<8> const (*) [128][128], ap_int<8> const (*) [3][3][3], ap_int<8> const*, ap_int<8> const*, ap_int<8> const*, ap_int<8> const*, ap_int<8> (*) [128][128], int, int)' (../ip/Ip1/initial_conv_bn_relu.cpp:57:60)
INFO: [HLS 214-131] Inlining function 'ap_int_base<32, true>::RType<8, true>::minus operator-<32, true, 8, true>(ap_int_base<32, true> const&, ap_int_base<8, true> const&)' into 'initial_conv_bn_relu(ap_int<8> const (*) [128][128], ap_int<8> const (*) [3][3][3], ap_int<8> const*, ap_int<8> const*, ap_int<8> const*, ap_int<8> const*, ap_int<8> (*) [128][128], int, int)' (../ip/Ip1/initial_conv_bn_relu.cpp:57:42)
INFO: [HLS 214-131] Inlining function 'ap_int_base<32, true>::RType<($_0)32, true>::div operator/<32, true>(int, ap_int_base<32, true> const&)' into 'initial_conv_bn_relu(ap_int<8> const (*) [128][128], ap_int<8> const (*) [3][3][3], ap_int<8> const*, ap_int<8> const*, ap_int<8> const*, ap_int<8> const*, ap_int<8> (*) [128][128], int, int)' (../ip/Ip1/initial_conv_bn_relu.cpp:56:48)
INFO: [HLS 214-131] Inlining function 'ap_int_base<8, true>::RType<($_0)32, true>::plus operator+<8, true>(int, ap_int_base<8, true> const&)' into 'initial_conv_bn_relu(ap_int<8> const (*) [128][128], ap_int<8> const (*) [3][3][3], ap_int<8> const*, ap_int<8> const*, ap_int<8> const*, ap_int<8> const*, ap_int<8> (*) [128][128], int, int)' (../ip/Ip1/initial_conv_bn_relu.cpp:55:43)
INFO: [HLS 214-131] Inlining function 'ap_int_base<32, true>& ap_int_base<32, true>::operator+=<16, true>(ap_int_base<16, true> const&)' into 'initial_conv_bn_relu(ap_int<8> const (*) [128][128], ap_int<8> const (*) [3][3][3], ap_int<8> const*, ap_int<8> const*, ap_int<8> const*, ap_int<8> const*, ap_int<8> (*) [128][128], int, int)' (../ip/Ip1/initial_conv_bn_relu.cpp:48:37)
INFO: [HLS 214-131] Inlining function 'ap_int_base<8, true>::RType<8, true>::mult operator*<8, true, 8, true>(ap_int_base<8, true> const&, ap_int_base<8, true> const&)' into 'initial_conv_bn_relu(ap_int<8> const (*) [128][128], ap_int<8> const (*) [3][3][3], ap_int<8> const*, ap_int<8> const*, ap_int<8> const*, ap_int<8> const*, ap_int<8> (*) [128][128], int, int)' (../ip/Ip1/initial_conv_bn_relu.cpp:48:61)
INFO: [HLS 214-241] Aggregating maxi variable 'out' with compact=none mode in 8-bits
INFO: [HLS 214-241] Aggregating maxi variable 'conv_kernel' with compact=none mode in 8-bits (../ip/Ip1/initial_conv_bn_relu.cpp:19:0)
INFO: [HLS 214-241] Aggregating maxi variable 'in' with compact=none mode in 8-bits
WARNING: [HLS 214-203] Replacing invalid offset value '20' with '108' for s_axilite port 'padding'. (../ip/Ip1/initial_conv_bn_relu.cpp:12:21)
INFO: [HLS 214-115] Multiple burst writes of length 393216 and bit width 8 in loop 'VITIS_LOOP_38_1'(../ip/Ip1/initial_conv_bn_relu.cpp:38:19) has been inferred on bundle 'gmem0'. These burst requests might be further partitioned into multiple requests during RTL generation, based on max_read_burst_length or max_write_burst_length settings. (../ip/Ip1/initial_conv_bn_relu.cpp:38:19)
INFO: [HLS 200-111] Finished Compiling Optimization and Transform: CPU user time: 0 seconds. CPU system time: 0 seconds. Elapsed time: 11.192 seconds; current allocated memory: 677.867 MB.
INFO: [HLS 200-111] Finished Checking Pragmas: CPU user time: 0 seconds. CPU system time: 0 seconds. Elapsed time: 0.003 seconds; current allocated memory: 677.867 MB.
INFO: [HLS 200-10] Starting code transformations ...
INFO: [HLS 200-111] Finished Standard Transforms: CPU user time: 0 seconds. CPU system time: 0 seconds. Elapsed time: 0.155 seconds; current allocated memory: 677.867 MB.
INFO: [HLS 200-10] Checking synthesizability ...
INFO: [HLS 200-111] Finished Checking Synthesizability: CPU user time: 0 seconds. CPU system time: 0 seconds. Elapsed time: 0.087 seconds; current allocated memory: 677.867 MB.
INFO: [XFORM 203-510] Pipelining loop 'VITIS_LOOP_40_3' (../ip/Ip1/initial_conv_bn_relu.cpp:41) in function 'initial_conv_bn_relu' automatically.
INFO: [XFORM 203-502] Unrolling all sub-loops inside loop 'VITIS_LOOP_40_3' (../ip/Ip1/initial_conv_bn_relu.cpp:41) in function 'initial_conv_bn_relu' for pipelining.
INFO: [HLS 200-489] Unrolling loop 'VITIS_LOOP_42_4' (../ip/Ip1/initial_conv_bn_relu.cpp:41) in function 'initial_conv_bn_relu' completely with a factor of 3.
INFO: [HLS 200-489] Unrolling loop 'VITIS_LOOP_43_5' (../ip/Ip1/initial_conv_bn_relu.cpp:41) in function 'initial_conv_bn_relu' completely with a factor of 3.
INFO: [HLS 200-489] Unrolling loop 'VITIS_LOOP_44_6' (../ip/Ip1/initial_conv_bn_relu.cpp:41) in function 'initial_conv_bn_relu' completely with a factor of 3.
INFO: [HLS 200-111] Finished Loop, function and other optimizations: CPU user time: 0 seconds. CPU system time: 0 seconds. Elapsed time: 0.572 seconds; current allocated memory: 677.867 MB.
INFO: [XFORM 203-541] Flattening a loop nest 'VITIS_LOOP_39_2' (../ip/Ip1/initial_conv_bn_relu.cpp:39:35) in function 'initial_conv_bn_relu'.
INFO: [XFORM 203-541] Flattening a loop nest 'VITIS_LOOP_38_1' (../ip/Ip1/initial_conv_bn_relu.cpp:38:28) in function 'initial_conv_bn_relu'.
INFO: [HLS 200-111] Finished Architecture Synthesis: CPU user time: 1 seconds. CPU system time: 0 seconds. Elapsed time: 0.286 seconds; current allocated memory: 677.867 MB.
INFO: [HLS 200-10] Starting hardware synthesis ...
INFO: [HLS 200-10] Synthesizing 'initial_conv_bn_relu' ...
INFO: [HLS 200-10] ----------------------------------------------------------------
INFO: [HLS 200-42] -- Implementing module 'initial_conv_bn_relu_Pipeline_VITIS_LOOP_38_1_VITIS_LOOP_39_2_VITIS_LOOP_40_3' 
INFO: [HLS 200-10] ----------------------------------------------------------------
INFO: [SCHED 204-11] Starting scheduling ...
INFO: [HLS 200-486] Changing DSP latency (root=mul_ln1494_1) to 3 in order to utilize available DSP registers.
INFO: [HLS 200-486] Changing DSP latency (root=mul_ln1494_2) to 3 in order to utilize available DSP registers.
INFO: [HLS 200-486] Changing DSP latency (root=mul_ln1494_3) to 3 in order to utilize available DSP registers.
INFO: [HLS 200-486] Changing DSP latency (root=mul_ln1494_4) to 3 in order to utilize available DSP registers.
INFO: [HLS 200-486] Changing DSP latency (root=mul_ln1494_5) to 3 in order to utilize available DSP registers.
INFO: [HLS 200-486] Changing DSP latency (root=mul_ln1494_6) to 3 in order to utilize available DSP registers.
INFO: [HLS 200-486] Changing DSP latency (root=mul_ln1494_7) to 3 in order to utilize available DSP registers.
INFO: [HLS 200-486] Changing DSP latency (root=mul_ln1494_8) to 3 in order to utilize available DSP registers.
INFO: [HLS 200-486] Changing DSP latency (root=mul_ln1494_9) to 3 in order to utilize available DSP registers.
INFO: [HLS 200-486] Changing DSP latency (root=mul_ln1494_10) to 3 in order to utilize available DSP registers.
INFO: [HLS 200-486] Changing DSP latency (root=mul_ln1494_11) to 3 in order to utilize available DSP registers.
INFO: [HLS 200-486] Changing DSP latency (root=mul_ln1494_12) to 3 in order to utilize available DSP registers.
INFO: [HLS 200-486] Changing DSP latency (root=mul_ln1494_13) to 3 in order to utilize available DSP registers.
INFO: [HLS 200-486] Changing DSP latency (root=mul_ln1494_14) to 3 in order to utilize available DSP registers.
INFO: [HLS 200-486] Changing DSP latency (root=mul_ln1494_15) to 3 in order to utilize available DSP registers.
INFO: [HLS 200-486] Changing DSP latency (root=mul_ln1494_16) to 3 in order to utilize available DSP registers.
INFO: [HLS 200-486] Changing DSP latency (root=mul_ln1494_17) to 3 in order to utilize available DSP registers.
INFO: [HLS 200-486] Changing DSP latency (root=mul_ln1494_18) to 3 in order to utilize available DSP registers.
INFO: [HLS 200-486] Changing DSP latency (root=mul_ln1494_19) to 3 in order to utilize available DSP registers.
INFO: [HLS 200-486] Changing DSP latency (root=mul_ln1494_20) to 3 in order to utilize available DSP registers.
INFO: [HLS 200-486] Changing DSP latency (root=mul_ln1494_21) to 3 in order to utilize available DSP registers.
INFO: [HLS 200-486] Changing DSP latency (root=mul_ln1494_22) to 3 in order to utilize available DSP registers.
INFO: [HLS 200-486] Changing DSP latency (root=mul_ln1494_23) to 3 in order to utilize available DSP registers.
INFO: [HLS 200-486] Changing DSP latency (root=mul_ln1494_24) to 3 in order to utilize available DSP registers.
INFO: [HLS 200-486] Changing DSP latency (root=mul_ln1494_25) to 3 in order to utilize available DSP registers.
INFO: [HLS 200-486] Changing DSP latency (root=mul_ln1494_26) to 3 in order to utilize available DSP registers.
INFO: [HLS 200-486] Changing DSP latency (root=bn_val_V_2) to 3 in order to utilize available DSP registers.
INFO: [SCHED 204-61] Pipelining loop 'VITIS_LOOP_38_1_VITIS_LOOP_39_2_VITIS_LOOP_40_3'.
WARNING: [HLS 200-885] The II Violation in module 'initial_conv_bn_relu_Pipeline_VITIS_LOOP_38_1_VITIS_LOOP_39_2_VITIS_LOOP_40_3' (loop 'VITIS_LOOP_38_1_VITIS_LOOP_39_2_VITIS_LOOP_40_3'): Unable to schedule bus request operation ('gmem0_load_1_req', ../ip/Ip1/initial_conv_bn_relu.cpp:38) on port 'gmem0' (../ip/Ip1/initial_conv_bn_relu.cpp:38) due to limited memory ports (II = 1). Please consider using a memory core with more ports or partitioning the array.
WARNING: [HLS 200-885] The II Violation in module 'initial_conv_bn_relu_Pipeline_VITIS_LOOP_38_1_VITIS_LOOP_39_2_VITIS_LOOP_40_3' (loop 'VITIS_LOOP_38_1_VITIS_LOOP_39_2_VITIS_LOOP_40_3'): Unable to schedule bus request operation ('gmem0_load_2_req', ../ip/Ip1/initial_conv_bn_relu.cpp:38) on port 'gmem0' (../ip/Ip1/initial_conv_bn_relu.cpp:38) due to limited memory ports (II = 2). Please consider using a memory core with more ports or partitioning the array.
WARNING: [HLS 200-885] The II Violation in module 'initial_conv_bn_relu_Pipeline_VITIS_LOOP_38_1_VITIS_LOOP_39_2_VITIS_LOOP_40_3' (loop 'VITIS_LOOP_38_1_VITIS_LOOP_39_2_VITIS_LOOP_40_3'): Unable to schedule bus request operation ('gmem0_load_3_req', ../ip/Ip1/initial_conv_bn_relu.cpp:38) on port 'gmem0' (../ip/Ip1/initial_conv_bn_relu.cpp:38) due to limited memory ports (II = 3). Please consider using a memory core with more ports or partitioning the array.
WARNING: [HLS 200-885] The II Violation in module 'initial_conv_bn_relu_Pipeline_VITIS_LOOP_38_1_VITIS_LOOP_39_2_VITIS_LOOP_40_3' (loop 'VITIS_LOOP_38_1_VITIS_LOOP_39_2_VITIS_LOOP_40_3'): Unable to schedule bus request operation ('gmem0_load_4_req') on port 'gmem0' due to limited memory ports (II = 4). Please consider using a memory core with more ports or partitioning the array.
WARNING: [HLS 200-885] The II Violation in module 'initial_conv_bn_relu_Pipeline_VITIS_LOOP_38_1_VITIS_LOOP_39_2_VITIS_LOOP_40_3' (loop 'VITIS_LOOP_38_1_VITIS_LOOP_39_2_VITIS_LOOP_40_3'): Unable to schedule bus request operation ('gmem0_load_35_req') on port 'gmem0' due to limited memory ports (II = 35). Please consider using a memory core with more ports or partitioning the array.
WARNING: [HLS 200-885] The II Violation in module 'initial_conv_bn_relu_Pipeline_VITIS_LOOP_38_1_VITIS_LOOP_39_2_VITIS_LOOP_40_3' (loop 'VITIS_LOOP_38_1_VITIS_LOOP_39_2_VITIS_LOOP_40_3'): Unable to schedule bus request operation ('gmem0_load_51_req') on port 'gmem0' due to limited memory ports (II = 51). Please consider using a memory core with more ports or partitioning the array.
WARNING: [HLS 200-885] The II Violation in module 'initial_conv_bn_relu_Pipeline_VITIS_LOOP_38_1_VITIS_LOOP_39_2_VITIS_LOOP_40_3' (loop 'VITIS_LOOP_38_1_VITIS_LOOP_39_2_VITIS_LOOP_40_3'): Unable to schedule bus request operation ('gmem0_load_55_req') on port 'gmem0' due to limited memory ports (II = 55). Please consider using a memory core with more ports or partitioning the array.
WARNING: [HLS 200-885] The II Violation in module 'initial_conv_bn_relu_Pipeline_VITIS_LOOP_38_1_VITIS_LOOP_39_2_VITIS_LOOP_40_3' (loop 'VITIS_LOOP_38_1_VITIS_LOOP_39_2_VITIS_LOOP_40_3'): Unable to schedule bus request operation ('gmem0_load_57_req') on port 'gmem0' due to limited memory ports (II = 57). Please consider using a memory core with more ports or partitioning the array.
INFO: [HLS 200-1470] Pipelining result : Target II = NA, Final II = 58, Depth = 77, loop 'VITIS_LOOP_38_1_VITIS_LOOP_39_2_VITIS_LOOP_40_3'
INFO: [SCHED 204-11] Finished scheduling.
INFO: [HLS 200-111] Finished Scheduling: CPU user time: 1 seconds. CPU system time: 0 seconds. Elapsed time: 3.94 seconds; current allocated memory: 677.867 MB.
INFO: [BIND 205-100] Starting micro-architecture generation ...
INFO: [BIND 205-101] Performing variable lifetime analysis.
INFO: [BIND 205-101] Exploring resource sharing.
INFO: [BIND 205-101] Binding ...
INFO: [BIND 205-100] Finished micro-architecture generation.
INFO: [HLS 200-111] Finished Binding: CPU user time: 1 seconds. CPU system time: 0 seconds. Elapsed time: 0.79 seconds; current allocated memory: 677.867 MB.
INFO: [HLS 200-10] ----------------------------------------------------------------
INFO: [HLS 200-42] -- Implementing module 'initial_conv_bn_relu' 
INFO: [HLS 200-10] ----------------------------------------------------------------
INFO: [SCHED 204-11] Starting scheduling ...
INFO: [SCHED 204-11] Finished scheduling.
INFO: [HLS 200-111] Finished Scheduling: CPU user time: 1 seconds. CPU system time: 0 seconds. Elapsed time: 0.624 seconds; current allocated memory: 677.867 MB.
INFO: [BIND 205-100] Starting micro-architecture generation ...
INFO: [BIND 205-101] Performing variable lifetime analysis.
INFO: [BIND 205-101] Exploring resource sharing.
INFO: [BIND 205-101] Binding ...
INFO: [BIND 205-100] Finished micro-architecture generation.
INFO: [HLS 200-111] Finished Binding: CPU user time: 0 seconds. CPU system time: 0 seconds. Elapsed time: 0.286 seconds; current allocated memory: 677.867 MB.
INFO: [HLS 200-10] ----------------------------------------------------------------
INFO: [HLS 200-10] -- Generating RTL for module 'initial_conv_bn_relu_Pipeline_VITIS_LOOP_38_1_VITIS_LOOP_39_2_VITIS_LOOP_40_3' 
INFO: [HLS 200-10] ----------------------------------------------------------------
INFO: [HLS 200-1030] Apply Unified Pipeline Control on module 'initial_conv_bn_relu_Pipeline_VITIS_LOOP_38_1_VITIS_LOOP_39_2_VITIS_LOOP_40_3' pipeline 'VITIS_LOOP_38_1_VITIS_LOOP_39_2_VITIS_LOOP_40_3' pipeline type 'loop pipeline'
WARNING: [RTGEN 206-101] Setting dangling out port 'initial_conv_bn_relu_Pipeline_VITIS_LOOP_38_1_VITIS_LOOP_39_2_VITIS_LOOP_40_3/m_axi_gmem0_AWVALID' to 0.
WARNING: [RTGEN 206-101] Setting dangling out port 'initial_conv_bn_relu_Pipeline_VITIS_LOOP_38_1_VITIS_LOOP_39_2_VITIS_LOOP_40_3/m_axi_gmem0_AWADDR' to 0.
WARNING: [RTGEN 206-101] Setting dangling out port 'initial_conv_bn_relu_Pipeline_VITIS_LOOP_38_1_VITIS_LOOP_39_2_VITIS_LOOP_40_3/m_axi_gmem0_AWID' to 0.
WARNING: [RTGEN 206-101] Setting dangling out port 'initial_conv_bn_relu_Pipeline_VITIS_LOOP_38_1_VITIS_LOOP_39_2_VITIS_LOOP_40_3/m_axi_gmem0_AWLEN' to 0.
WARNING: [RTGEN 206-101] Setting dangling out port 'initial_conv_bn_relu_Pipeline_VITIS_LOOP_38_1_VITIS_LOOP_39_2_VITIS_LOOP_40_3/m_axi_gmem0_AWSIZE' to 0.
WARNING: [RTGEN 206-101] Setting dangling out port 'initial_conv_bn_relu_Pipeline_VITIS_LOOP_38_1_VITIS_LOOP_39_2_VITIS_LOOP_40_3/m_axi_gmem0_AWBURST' to 0.
WARNING: [RTGEN 206-101] Setting dangling out port 'initial_conv_bn_relu_Pipeline_VITIS_LOOP_38_1_VITIS_LOOP_39_2_VITIS_LOOP_40_3/m_axi_gmem0_AWLOCK' to 0.
WARNING: [RTGEN 206-101] Setting dangling out port 'initial_conv_bn_relu_Pipeline_VITIS_LOOP_38_1_VITIS_LOOP_39_2_VITIS_LOOP_40_3/m_axi_gmem0_AWCACHE' to 0.
WARNING: [RTGEN 206-101] Setting dangling out port 'initial_conv_bn_relu_Pipeline_VITIS_LOOP_38_1_VITIS_LOOP_39_2_VITIS_LOOP_40_3/m_axi_gmem0_AWPROT' to 0.
WARNING: [RTGEN 206-101] Setting dangling out port 'initial_conv_bn_relu_Pipeline_VITIS_LOOP_38_1_VITIS_LOOP_39_2_VITIS_LOOP_40_3/m_axi_gmem0_AWQOS' to 0.
WARNING: [RTGEN 206-101] Setting dangling out port 'initial_conv_bn_relu_Pipeline_VITIS_LOOP_38_1_VITIS_LOOP_39_2_VITIS_LOOP_40_3/m_axi_gmem0_AWREGION' to 0.
WARNING: [RTGEN 206-101] Setting dangling out port 'initial_conv_bn_relu_Pipeline_VITIS_LOOP_38_1_VITIS_LOOP_39_2_VITIS_LOOP_40_3/m_axi_gmem0_AWUSER' to 0.
WARNING: [RTGEN 206-101] Setting dangling out port 'initial_conv_bn_relu_Pipeline_VITIS_LOOP_38_1_VITIS_LOOP_39_2_VITIS_LOOP_40_3/m_axi_gmem0_BREADY' to 0.
INFO: [RTGEN 206-100] Generating core module 'mac_muladd_8s_8s_16s_17_4_1': 1 instance(s).
INFO: [RTGEN 206-100] Generating core module 'mac_muladd_8s_8s_17s_17_4_1': 1 instance(s).
INFO: [RTGEN 206-100] Generating core module 'mac_muladd_8s_8s_17s_18_4_1': 1 instance(s).
INFO: [RTGEN 206-100] Generating core module 'mac_muladd_8s_8s_18s_18_4_1': 3 instance(s).
INFO: [RTGEN 206-100] Generating core module 'mac_muladd_8s_8s_18s_19_4_1': 1 instance(s).
INFO: [RTGEN 206-100] Generating core module 'mac_muladd_8s_8s_19s_19_4_1': 7 instance(s).
INFO: [RTGEN 206-100] Generating core module 'mac_muladd_8s_8s_19s_20_4_1': 1 instance(s).
INFO: [RTGEN 206-100] Generating core module 'mac_muladd_8s_8s_20s_20_4_1': 11 instance(s).
INFO: [RTGEN 206-100] Generating core module 'mul_28s_17ns_44_1_1': 1 instance(s).
INFO: [RTGEN 206-100] Generating core module 'mul_5ns_6ns_10_1_1': 1 instance(s).
INFO: [RTGEN 206-100] Generating core module 'mul_8ns_32s_39_1_1': 3 instance(s).
INFO: [RTGEN 206-100] Generating core module 'mul_8s_8s_16_1_1': 1 instance(s).
INFO: [RTGEN 206-100] Generating core module 'mul_mul_20s_8s_28_4_1': 1 instance(s).
INFO: [RTGEN 206-100] Generating core module 'udiv_17s_8ns_17_21_1': 1 instance(s).
INFO: [RTGEN 206-100] Finished creating RTL model for 'initial_conv_bn_relu_Pipeline_VITIS_LOOP_38_1_VITIS_LOOP_39_2_VITIS_LOOP_40_3'.
INFO: [HLS 200-111] Finished Creating RTL model: CPU user time: 0 seconds. CPU system time: 0 seconds. Elapsed time: 2.311 seconds; current allocated memory: 677.867 MB.
INFO: [HLS 200-10] ----------------------------------------------------------------
INFO: [HLS 200-10] -- Generating RTL for module 'initial_conv_bn_relu' 
INFO: [HLS 200-10] ----------------------------------------------------------------
WARNING: [RTGEN 206-101] Design contains AXI ports. Reset is fixed to synchronous and active low.
INFO: [RTGEN 206-500] Setting interface mode on port 'initial_conv_bn_relu/gmem0' to 'm_axi'.
INFO: [RTGEN 206-500] Setting interface mode on port 'initial_conv_bn_relu/in_r' to 's_axilite & ap_none'.
INFO: [RTGEN 206-500] Setting interface mode on port 'initial_conv_bn_relu/conv_kernel' to 's_axilite & ap_none'.
INFO: [RTGEN 206-500] Setting interface mode on port 'initial_conv_bn_relu/bn_mean' to 's_axilite & ap_none'.
INFO: [RTGEN 206-500] Setting interface mode on port 'initial_conv_bn_relu/bn_var' to 's_axilite & ap_none'.
INFO: [RTGEN 206-500] Setting interface mode on port 'initial_conv_bn_relu/bn_gamma' to 's_axilite & ap_none'.
INFO: [RTGEN 206-500] Setting interface mode on port 'initial_conv_bn_relu/bn_beta' to 's_axilite & ap_none'.
INFO: [RTGEN 206-500] Setting interface mode on port 'initial_conv_bn_relu/out_r' to 's_axilite & ap_none'.
INFO: [RTGEN 206-500] Setting interface mode on port 'initial_conv_bn_relu/stride' to 's_axilite & ap_none' (register).
INFO: [RTGEN 206-500] Setting interface mode on port 'initial_conv_bn_relu/padding' to 's_axilite & ap_none' (register).
INFO: [RTGEN 206-500] Setting interface mode on function 'initial_conv_bn_relu' to 's_axilite & ap_ctrl_hs'.
INFO: [RTGEN 206-100] Bundling port 'stride', 'in_r', 'conv_kernel', 'bn_mean', 'bn_var', 'bn_gamma', 'bn_beta', 'out_r', 'padding' to AXI-Lite port control.
INFO: [RTGEN 206-100] Finished creating RTL model for 'initial_conv_bn_relu'.
INFO: [HLS 200-111] Finished Creating RTL model: CPU user time: 2 seconds. CPU system time: 1 seconds. Elapsed time: 3.407 seconds; current allocated memory: 677.867 MB.
INFO: [HLS 200-111] Finished Generating all RTL models: CPU user time: 3 seconds. CPU system time: 0 seconds. Elapsed time: 4.109 seconds; current allocated memory: 677.867 MB.
INFO: [HLS 200-1603] Design has inferred MAXI bursts and missed bursts, see Vitis HLS GUI synthesis summary report for detailed information.
INFO: [HLS 200-111] Finished Updating report files: CPU user time: 1 seconds. CPU system time: 0 seconds. Elapsed time: 1.966 seconds; current allocated memory: 677.867 MB.
INFO: [VHDL 208-304] Generating VHDL RTL for initial_conv_bn_relu.
INFO: [VLOG 209-307] Generating Verilog RTL for initial_conv_bn_relu.
INFO: [HLS 200-790] **** Loop Constraint Status: All loop constraints were NOT satisfied.
INFO: [HLS 200-789] **** Estimated Fmax: 136.99 MHz
INFO: [HLS 200-111] Finished Command csynth_design CPU user time: 11 seconds. CPU system time: 1 seconds. Elapsed time: 37.341 seconds; current allocated memory: 0.184 MB.
INFO: [HLS 200-112] Total CPU user time: 14 seconds. Total CPU system time: 3 seconds. Total elapsed time: 52.127 seconds; peak allocated memory: 677.867 MB.
==============================================================
Vitis HLS - High-Level Synthesis from C, C++ and OpenCL v2022.2 (64-bit)
Tool Version Limit: 2019.12
Copyright 1986-2022 Xilinx, Inc. All Rights Reserved.
==============================================================
INFO: [SYN 201-201] Setting up clock 'default' with a period of 10ns.
INFO: [HLS 200-1611] Setting target device to 'xc7z020-clg400-2'
INFO: [HLS 200-1505] Using flow_target 'vivado'
INFO: [HLS 200-1464] Running solution command: config_export -format=ip_catalog
INFO: [HLS 200-1464] Running solution command: config_export -rtl=verilog
INFO: [HLS 200-1510] Running: set_part xc7z020-clg400-2 
INFO: [HLS 200-1510] Running: create_clock -period 10 -name default 
INFO: [HLS 200-1510] Running: config_export -format ip_catalog -rtl verilog 
INFO: [HLS 200-1510] Running: source ./ip1/solution1/directives.tcl
INFO: [HLS 200-1510] Running: set_directive_top -name initial_conv_bn_relu initial_conv_bn_relu 
INFO: [HLS 200-1510] Running: export_design -rtl verilog -format ip_catalog 
INFO: [IMPL 213-8] Exporting RTL as a Vivado IP.
INFO: [HLS 200-802] Generated output file ip1/solution1/impl/export.zip
INFO: [HLS 200-111] Finished Command export_design CPU user time: 2 seconds. CPU system time: 1 seconds. Elapsed time: 39.304 seconds; current allocated memory: 0.000 MB.
INFO: [HLS 200-112] Total CPU user time: 5 seconds. Total CPU system time: 2 seconds. Total elapsed time: 53.499 seconds; peak allocated memory: 676.242 MB.
==============================================================
Vitis HLS - High-Level Synthesis from C, C++ and OpenCL v2022.2 (64-bit)
Tool Version Limit: 2019.12
Copyright 1986-2022 Xilinx, Inc. All Rights Reserved.
==============================================================
INFO: [SYN 201-201] Setting up clock 'default' with a period of 10ns.
INFO: [HLS 200-1611] Setting target device to 'xc7z020-clg400-2'
INFO: [HLS 200-1505] Using flow_target 'vivado'
INFO: [HLS 200-1464] Running solution command: config_export -format=ip_catalog
INFO: [HLS 200-1464] Running solution command: config_export -rtl=verilog
INFO: [HLS 200-1510] Running: set_part xc7z020-clg400-2 
INFO: [HLS 200-1510] Running: create_clock -period 10 -name default 
INFO: [HLS 200-1510] Running: config_export -format ip_catalog -rtl verilog 
INFO: [HLS 200-1510] Running: source ./ip1/solution1/directives.tcl
INFO: [HLS 200-1510] Running: set_directive_top -name initial_conv_bn_relu initial_conv_bn_relu 
INFO: [HLS 200-1510] Running: csim_design -setup -quiet 
INFO: [SIM 211-2] *************** CSIM start ***************
INFO: [SIM 211-4] CSIM will launch GCC as the compiler.
INFO: [SIM 211-1] CSim file generation done with 0 errors.
INFO: [SIM 211-3] *************** CSIM finish ***************
INFO: [HLS 200-111] Finished Command csim_design CPU user time: 0 seconds. CPU system time: 0 seconds. Elapsed time: 13.35 seconds; current allocated memory: 0.000 MB.
INFO: [HLS 200-112] Total CPU user time: 3 seconds. Total CPU system time: 1 seconds. Total elapsed time: 26.575 seconds; peak allocated memory: 591.098 MB.
==============================================================
Vitis HLS - High-Level Synthesis from C, C++ and OpenCL v2022.2 (64-bit)
Tool Version Limit: 2019.12
Copyright 1986-2022 Xilinx, Inc. All Rights Reserved.
==============================================================
INFO: [SYN 201-201] Setting up clock 'default' with a period of 10ns.
INFO: [HLS 200-1611] Setting target device to 'xc7z020-clg400-2'
INFO: [HLS 200-1505] Using flow_target 'vivado'
INFO: [HLS 200-1464] Running solution command: config_export -format=ip_catalog
INFO: [HLS 200-1464] Running solution command: config_export -rtl=verilog
INFO: [HLS 200-1510] Running: set_part xc7z020-clg400-2 
INFO: [HLS 200-1510] Running: create_clock -period 10 -name default 
INFO: [HLS 200-1510] Running: config_export -format ip_catalog -rtl verilog 
INFO: [HLS 200-1510] Running: source ./ip1/solution1/directives.tcl
INFO: [HLS 200-1510] Running: set_directive_top -name initial_conv_bn_relu initial_conv_bn_relu 
INFO: [HLS 200-1510] Running: csynth_design 
INFO: [HLS 200-111] Finished File checks and directory preparation: CPU user time: 0 seconds. CPU system time: 0 seconds. Elapsed time: 10.078 seconds; current allocated memory: 677.230 MB.
INFO: [HLS 200-10] Analyzing design file '../ip/Ip1/initial_conv_bn_relu.cpp' ... 
ERROR: [HLS 207-2161] 'depth' attribute parameter 0 is out of bounds [-1, 2147483647] (../ip/Ip1/initial_conv_bn_relu.cpp:33:9)
ERROR: [HLS 207-2161] 'depth' attribute parameter 0 is out of bounds [-1, 2147483647] (../ip/Ip1/initial_conv_bn_relu.cpp:34:9)
ERROR: [HLS 207-2161] 'depth' attribute parameter 0 is out of bounds [-1, 2147483647] (../ip/Ip1/initial_conv_bn_relu.cpp:35:9)
ERROR: [HLS 207-2161] 'depth' attribute parameter 0 is out of bounds [-1, 2147483647] (../ip/Ip1/initial_conv_bn_relu.cpp:36:9)
ERROR: [HLS 207-2161] 'depth' attribute parameter 0 is out of bounds [-1, 2147483647] (../ip/Ip1/initial_conv_bn_relu.cpp:37:9)
ERROR: [HLS 207-2161] 'depth' attribute parameter 0 is out of bounds [-1, 2147483647] (../ip/Ip1/initial_conv_bn_relu.cpp:38:9)
ERROR: [HLS 207-2161] 'depth' attribute parameter 0 is out of bounds [-1, 2147483647] (../ip/Ip1/initial_conv_bn_relu.cpp:39:9)
INFO: [HLS 200-111] Finished Command csynth_design CPU user time: 0 seconds. CPU system time: 0 seconds. Elapsed time: 1.588 seconds; current allocated memory: 0.301 MB.
INFO: [HLS 200-112] Total CPU user time: 3 seconds. Total CPU system time: 1 seconds. Total elapsed time: 14.403 seconds; peak allocated memory: 677.535 MB.
==============================================================
Vitis HLS - High-Level Synthesis from C, C++ and OpenCL v2022.2 (64-bit)
Tool Version Limit: 2019.12
Copyright 1986-2022 Xilinx, Inc. All Rights Reserved.
==============================================================
INFO: [SYN 201-201] Setting up clock 'default' with a period of 10ns.
INFO: [HLS 200-1611] Setting target device to 'xc7z020-clg400-2'
INFO: [HLS 200-1505] Using flow_target 'vivado'
INFO: [HLS 200-1464] Running solution command: config_export -format=ip_catalog
INFO: [HLS 200-1464] Running solution command: config_export -rtl=verilog
INFO: [HLS 200-1510] Running: set_part xc7z020-clg400-2 
INFO: [HLS 200-1510] Running: create_clock -period 10 -name default 
INFO: [HLS 200-1510] Running: config_export -format ip_catalog -rtl verilog 
INFO: [HLS 200-1510] Running: source ./ip1/solution1/directives.tcl
INFO: [HLS 200-1510] Running: set_directive_top -name initial_conv_bn_relu initial_conv_bn_relu 
INFO: [HLS 200-1510] Running: csynth_design 
INFO: [HLS 200-111] Finished File checks and directory preparation: CPU user time: 1 seconds. CPU system time: 0 seconds. Elapsed time: 10.07 seconds; current allocated memory: 676.891 MB.
INFO: [HLS 200-10] Analyzing design file '../ip/Ip1/initial_conv_bn_relu.cpp' ... 
INFO: [HLS 200-111] Finished Source Code Analysis and Preprocessing: CPU user time: 0 seconds. CPU system time: 0 seconds. Elapsed time: 4.607 seconds; current allocated memory: 678.582 MB.
INFO: [HLS 200-777] Using interface defaults for 'Vivado' flow target.
INFO: [HLS 214-131] Inlining function 'ssdm_int<32, true>::ssdm_int(int)' into 'ap_int_base<32, true>::ap_int_base(int)' (D:/Xilinx/Vitis_HLS/2022.2/common/technology/autopilot\ap_int_base.h:214:67)
INFO: [HLS 214-131] Inlining function '_ZN8ssdm_intILi40ELb1EEC2EDq40_i' into 'ap_int_base<40, true>::ap_int_base<32, true>(ap_int_base<32, true> const&)' (D:/Xilinx/Vitis_HLS/2022.2/common/technology/autopilot\ap_int_base.h:185:106)
INFO: [HLS 214-131] Inlining function '_ZN8ssdm_intILi40ELb1EEC2EDq40_i' into 'ap_int_base<40, true>::ap_int_base<8, false>(ap_int_base<8, false> const&)' (D:/Xilinx/Vitis_HLS/2022.2/common/technology/autopilot\ap_int_base.h:185:106)
INFO: [HLS 214-131] Inlining function '_ZN8ssdm_intILi40ELb1EEC2EDq40_i' into 'ap_int_base<40, true>::ap_int_base(int)' (D:/Xilinx/Vitis_HLS/2022.2/common/technology/autopilot\ap_int_base.h:214:67)
INFO: [HLS 214-131] Inlining function 'ap_int_base<40, true>::ap_int_base<32, true>(ap_int_base<32, true> const&)' into 'ap_int_base<32, true>::RType<8, false>::mult operator*<32, true, 8, false>(ap_int_base<32, true> const&, ap_int_base<8, false> const&)' (D:/Xilinx/Vitis_HLS/2022.2/common/technology/autopilot\ap_int_base.h:1494:339)
INFO: [HLS 214-131] Inlining function 'ap_int_base<40, true>::ap_int_base(int)' into 'ap_int_base<32, true>::RType<8, false>::mult operator*<32, true, 8, false>(ap_int_base<32, true> const&, ap_int_base<8, false> const&)' (D:/Xilinx/Vitis_HLS/2022.2/common/technology/autopilot\ap_int_base.h:1494:516)
INFO: [HLS 214-131] Inlining function 'ap_int_base<40, true>::ap_int_base<8, false>(ap_int_base<8, false> const&)' into 'ap_int_base<32, true>::RType<8, false>::mult operator*<32, true, 8, false>(ap_int_base<32, true> const&, ap_int_base<8, false> const&)' (D:/Xilinx/Vitis_HLS/2022.2/common/technology/autopilot\ap_int_base.h:1494:427)
INFO: [HLS 214-131] Inlining function 'ap_int_base<32, true>::ap_int_base(int)' into 'ap_int_base<8, false>::RType<($_0)32, true>::mult operator*<8, false>(int, ap_int_base<8, false> const&)' (D:/Xilinx/Vitis_HLS/2022.2/common/technology/autopilot\ap_int_base.h:1633:216)
INFO: [HLS 214-131] Inlining function 'ap_int_base<32, true>::RType<8, false>::mult operator*<32, true, 8, false>(ap_int_base<32, true> const&, ap_int_base<8, false> const&)' into 'ap_int_base<8, false>::RType<($_0)32, true>::mult operator*<8, false>(int, ap_int_base<8, false> const&)' (D:/Xilinx/Vitis_HLS/2022.2/common/technology/autopilot\ap_int_base.h:1633:254)
INFO: [HLS 214-131] Inlining function '_ZN8ssdm_intILi41ELb1EEC2EDq41_i' into 'ap_int_base<41, true>::ap_int_base<16, false>(ap_int_base<16, false> const&)' (D:/Xilinx/Vitis_HLS/2022.2/common/technology/autopilot\ap_int_base.h:185:106)
INFO: [HLS 214-131] Inlining function '_ZN8ssdm_intILi41ELb1EEC2EDq41_i' into 'ap_int_base<41, true>::ap_int_base<40, true>(ap_int_base<40, true> const&)' (D:/Xilinx/Vitis_HLS/2022.2/common/technology/autopilot\ap_int_base.h:185:106)
INFO: [HLS 214-131] Inlining function '_ZN8ssdm_intILi41ELb1EEC2EDq41_i' into 'ap_int_base<41, true>::ap_int_base(int)' (D:/Xilinx/Vitis_HLS/2022.2/common/technology/autopilot\ap_int_base.h:214:67)
INFO: [HLS 214-131] Inlining function 'ap_int_base<41, true>::ap_int_base<16, false>(ap_int_base<16, false> const&)' into 'ap_int_base<16, false>::RType<40, true>::plus operator+<16, false, 40, true>(ap_int_base<16, false> const&, ap_int_base<40, true> const&)' (D:/Xilinx/Vitis_HLS/2022.2/common/technology/autopilot\ap_int_base.h:1495:339)
INFO: [HLS 214-131] Inlining function 'ap_int_base<41, true>::ap_int_base(int)' into 'ap_int_base<16, false>::RType<40, true>::plus operator+<16, false, 40, true>(ap_int_base<16, false> const&, ap_int_base<40, true> const&)' (D:/Xilinx/Vitis_HLS/2022.2/common/technology/autopilot\ap_int_base.h:1495:516)
INFO: [HLS 214-131] Inlining function 'ap_int_base<41, true>::ap_int_base<40, true>(ap_int_base<40, true> const&)' into 'ap_int_base<16, false>::RType<40, true>::plus operator+<16, false, 40, true>(ap_int_base<16, false> const&, ap_int_base<40, true> const&)' (D:/Xilinx/Vitis_HLS/2022.2/common/technology/autopilot\ap_int_base.h:1495:427)
INFO: [HLS 214-131] Inlining function '_ZN8ssdm_intILi42ELb1EEC2EDq42_i' into 'ap_int_base<42, true>::ap_int_base<41, true>(ap_int_base<41, true> const&)' (D:/Xilinx/Vitis_HLS/2022.2/common/technology/autopilot\ap_int_base.h:185:106)
INFO: [HLS 214-131] Inlining function '_ZN8ssdm_intILi42ELb1EEC2EDq42_i' into 'ap_int_base<42, true>::ap_int_base<8, false>(ap_int_base<8, false> const&)' (D:/Xilinx/Vitis_HLS/2022.2/common/technology/autopilot\ap_int_base.h:185:106)
INFO: [HLS 214-131] Inlining function '_ZN8ssdm_intILi42ELb1EEC2EDq42_i' into 'ap_int_base<42, true>::ap_int_base(int)' (D:/Xilinx/Vitis_HLS/2022.2/common/technology/autopilot\ap_int_base.h:214:67)
INFO: [HLS 214-131] Inlining function 'ap_int_base<42, true>::ap_int_base<41, true>(ap_int_base<41, true> const&)' into 'ap_int_base<41, true>::RType<8, false>::minus operator-<41, true, 8, false>(ap_int_base<41, true> const&, ap_int_base<8, false> const&)' (D:/Xilinx/Vitis_HLS/2022.2/common/technology/autopilot\ap_int_base.h:1496:341)
INFO: [HLS 214-131] Inlining function 'ap_int_base<42, true>::ap_int_base(int)' into 'ap_int_base<41, true>::RType<8, false>::minus operator-<41, true, 8, false>(ap_int_base<41, true> const&, ap_int_base<8, false> const&)' (D:/Xilinx/Vitis_HLS/2022.2/common/technology/autopilot\ap_int_base.h:1496:520)
INFO: [HLS 214-131] Inlining function 'ap_int_base<42, true>::ap_int_base<8, false>(ap_int_base<8, false> const&)' into 'ap_int_base<41, true>::RType<8, false>::minus operator-<41, true, 8, false>(ap_int_base<41, true> const&, ap_int_base<8, false> const&)' (D:/Xilinx/Vitis_HLS/2022.2/common/technology/autopilot\ap_int_base.h:1496:430)
INFO: [HLS 214-131] Inlining function 'ap_int_base<42, true>::ap_int_base(int)' into 'ap_int_base<42, true>::RType<8, false>::div operator/<42, true, 8, false>(ap_int_base<42, true> const&, ap_int_base<8, false> const&)' (D:/Xilinx/Vitis_HLS/2022.2/common/technology/autopilot\ap_int_base.h:1513:337)
INFO: [HLS 214-131] Inlining function '_ZN8ssdm_intILi43ELb1EEC2EDq43_i' into 'ap_int_base<43, true>::ap_int_base<42, true>(ap_int_base<42, true> const&)' (D:/Xilinx/Vitis_HLS/2022.2/common/technology/autopilot\ap_int_base.h:185:106)
INFO: [HLS 214-131] Inlining function '_ZN8ssdm_intILi43ELb1EEC2EDq43_i' into 'ap_int_base<43, true>::ap_int_base<32, true>(ap_int_base<32, true> const&)' (D:/Xilinx/Vitis_HLS/2022.2/common/technology/autopilot\ap_int_base.h:185:106)
INFO: [HLS 214-131] Inlining function '_ZN8ssdm_intILi43ELb1EEC2EDq43_i' into 'ap_int_base<43, true>::ap_int_base(int)' (D:/Xilinx/Vitis_HLS/2022.2/common/technology/autopilot\ap_int_base.h:214:67)
INFO: [HLS 214-131] Inlining function 'ap_int_base<43, true>::ap_int_base<42, true>(ap_int_base<42, true> const&)' into 'ap_int_base<42, true>::RType<32, true>::plus operator+<42, true, 32, true>(ap_int_base<42, true> const&, ap_int_base<32, true> const&)' (D:/Xilinx/Vitis_HLS/2022.2/common/technology/autopilot\ap_int_base.h:1495:339)
INFO: [HLS 214-131] Inlining function 'ap_int_base<43, true>::ap_int_base(int)' into 'ap_int_base<42, true>::RType<32, true>::plus operator+<42, true, 32, true>(ap_int_base<42, true> const&, ap_int_base<32, true> const&)' (D:/Xilinx/Vitis_HLS/2022.2/common/technology/autopilot\ap_int_base.h:1495:516)
INFO: [HLS 214-131] Inlining function 'ap_int_base<43, true>::ap_int_base<32, true>(ap_int_base<32, true> const&)' into 'ap_int_base<42, true>::RType<32, true>::plus operator+<42, true, 32, true>(ap_int_base<42, true> const&, ap_int_base<32, true> const&)' (D:/Xilinx/Vitis_HLS/2022.2/common/technology/autopilot\ap_int_base.h:1495:427)
INFO: [HLS 214-131] Inlining function 'ap_int_base<32, true>::ap_int_base(int)' into 'ap_int_base<42, true>::RType<($_0)32, true>::plus operator+<42, true>(ap_int_base<42, true> const&, int)' (D:/Xilinx/Vitis_HLS/2022.2/common/technology/autopilot\ap_int_base.h:1633:1006)
INFO: [HLS 214-131] Inlining function 'ap_int_base<42, true>::RType<32, true>::plus operator+<42, true, 32, true>(ap_int_base<42, true> const&, ap_int_base<32, true> const&)' into 'ap_int_base<42, true>::RType<($_0)32, true>::plus operator+<42, true>(ap_int_base<42, true> const&, int)' (D:/Xilinx/Vitis_HLS/2022.2/common/technology/autopilot\ap_int_base.h:1633:1004)
INFO: [HLS 214-131] Inlining function 'ssdm_int<16, false>::ssdm_int(unsigned short)' into 'ap_int_base<16, false>::ap_int_base<43, true>(ap_int_base<43, true> const&)' (D:/Xilinx/Vitis_HLS/2022.2/common/technology/autopilot\ap_int_base.h:185:106)
INFO: [HLS 214-131] Inlining function 'ap_int_base<16, false>::ap_int_base<43, true>(ap_int_base<43, true> const&)' into 'ap_uint<16>::ap_uint<43>(ap_int<43> const&)'
INFO: [HLS 214-131] Inlining function 'ap_int_base<32, true>::ap_int_base(int)' into 'bool operator<<16, false>(int, ap_int_base<16, false> const&)' (D:/Xilinx/Vitis_HLS/2022.2/common/technology/autopilot\ap_int_base.h:1788:520)
INFO: [HLS 214-131] Inlining function 'bool ap_int_base<32, true>::operator<<16, false>(ap_int_base<16, false> const&) const' into 'bool operator<<16, false>(int, ap_int_base<16, false> const&)' (D:/Xilinx/Vitis_HLS/2022.2/common/technology/autopilot\ap_int_base.h:1788:558)
INFO: [HLS 214-131] Inlining function 'ap_int_base<32, true>::ap_int_base(int)' into 'ap_int<32>::ap_int(int)'
INFO: [HLS 214-131] Inlining function 'ap_int_base<32, true>::ap_int_base(int)' into 'bool operator<<8, false>(int, ap_int_base<8, false> const&)' (D:/Xilinx/Vitis_HLS/2022.2/common/technology/autopilot\ap_int_base.h:1788:520)
INFO: [HLS 214-131] Inlining function 'bool ap_int_base<32, true>::operator<<8, false>(ap_int_base<8, false> const&) const' into 'bool operator<<8, false>(int, ap_int_base<8, false> const&)' (D:/Xilinx/Vitis_HLS/2022.2/common/technology/autopilot\ap_int_base.h:1788:558)
INFO: [HLS 214-131] Inlining function '_ZN8ssdm_intILi41ELb1EEC2EDq41_i' into 'ap_int_base<41, true>::ap_int_base<32, true>(ap_int_base<32, true> const&)' (D:/Xilinx/Vitis_HLS/2022.2/common/technology/autopilot\ap_int_base.h:185:106)
INFO: [HLS 214-131] Inlining function 'ap_int_base<41, true>::ap_int_base<40, true>(ap_int_base<40, true> const&)' into 'ap_int_base<40, true>::RType<32, true>::plus operator+<40, true, 32, true>(ap_int_base<40, true> const&, ap_int_base<32, true> const&)' (D:/Xilinx/Vitis_HLS/2022.2/common/technology/autopilot\ap_int_base.h:1495:339)
INFO: [HLS 214-131] Inlining function 'ap_int_base<41, true>::ap_int_base(int)' into 'ap_int_base<40, true>::RType<32, true>::plus operator+<40, true, 32, true>(ap_int_base<40, true> const&, ap_int_base<32, true> const&)' (D:/Xilinx/Vitis_HLS/2022.2/common/technology/autopilot\ap_int_base.h:1495:516)
INFO: [HLS 214-131] Inlining function 'ap_int_base<41, true>::ap_int_base<32, true>(ap_int_base<32, true> const&)' into 'ap_int_base<40, true>::RType<32, true>::plus operator+<40, true, 32, true>(ap_int_base<40, true> const&, ap_int_base<32, true> const&)' (D:/Xilinx/Vitis_HLS/2022.2/common/technology/autopilot\ap_int_base.h:1495:427)
INFO: [HLS 214-131] Inlining function 'ap_int_base<32, true>::ap_int_base(int)' into 'ap_int_base<40, true>::RType<($_0)32, true>::plus operator+<40, true>(ap_int_base<40, true> const&, int)' (D:/Xilinx/Vitis_HLS/2022.2/common/technology/autopilot\ap_int_base.h:1633:1006)
INFO: [HLS 214-131] Inlining function 'ap_int_base<40, true>::RType<32, true>::plus operator+<40, true, 32, true>(ap_int_base<40, true> const&, ap_int_base<32, true> const&)' into 'ap_int_base<40, true>::RType<($_0)32, true>::plus operator+<40, true>(ap_int_base<40, true> const&, int)' (D:/Xilinx/Vitis_HLS/2022.2/common/technology/autopilot\ap_int_base.h:1633:1004)
INFO: [HLS 214-131] Inlining function '_ZN8ssdm_intILi48ELb1EEC2EDq48_i' into 'ap_int_base<48, true>::ap_int_base<32, true>(ap_int_base<32, true> const&)' (D:/Xilinx/Vitis_HLS/2022.2/common/technology/autopilot\ap_int_base.h:185:106)
INFO: [HLS 214-131] Inlining function '_ZN8ssdm_intILi48ELb1EEC2EDq48_i' into 'ap_int_base<48, true>::ap_int_base<16, false>(ap_int_base<16, false> const&)' (D:/Xilinx/Vitis_HLS/2022.2/common/technology/autopilot\ap_int_base.h:185:106)
INFO: [HLS 214-131] Inlining function '_ZN8ssdm_intILi48ELb1EEC2EDq48_i' into 'ap_int_base<48, true>::ap_int_base(int)' (D:/Xilinx/Vitis_HLS/2022.2/common/technology/autopilot\ap_int_base.h:214:67)
INFO: [HLS 214-131] Inlining function 'ap_int_base<48, true>::ap_int_base<32, true>(ap_int_base<32, true> const&)' into 'ap_int_base<32, true>::RType<16, false>::mult operator*<32, true, 16, false>(ap_int_base<32, true> const&, ap_int_base<16, false> const&)' (D:/Xilinx/Vitis_HLS/2022.2/common/technology/autopilot\ap_int_base.h:1494:339)
INFO: [HLS 214-131] Inlining function 'ap_int_base<48, true>::ap_int_base(int)' into 'ap_int_base<32, true>::RType<16, false>::mult operator*<32, true, 16, false>(ap_int_base<32, true> const&, ap_int_base<16, false> const&)' (D:/Xilinx/Vitis_HLS/2022.2/common/technology/autopilot\ap_int_base.h:1494:516)
INFO: [HLS 214-131] Inlining function 'ap_int_base<48, true>::ap_int_base<16, false>(ap_int_base<16, false> const&)' into 'ap_int_base<32, true>::RType<16, false>::mult operator*<32, true, 16, false>(ap_int_base<32, true> const&, ap_int_base<16, false> const&)' (D:/Xilinx/Vitis_HLS/2022.2/common/technology/autopilot\ap_int_base.h:1494:427)
INFO: [HLS 214-131] Inlining function 'ap_int_base<32, true>::ap_int_base(int)' into 'ap_int_base<16, false>::RType<($_0)32, true>::mult operator*<16, false>(int, ap_int_base<16, false> const&)' (D:/Xilinx/Vitis_HLS/2022.2/common/technology/autopilot\ap_int_base.h:1633:216)
INFO: [HLS 214-131] Inlining function 'ap_int_base<32, true>::RType<16, false>::mult operator*<32, true, 16, false>(ap_int_base<32, true> const&, ap_int_base<16, false> const&)' into 'ap_int_base<16, false>::RType<($_0)32, true>::mult operator*<16, false>(int, ap_int_base<16, false> const&)' (D:/Xilinx/Vitis_HLS/2022.2/common/technology/autopilot\ap_int_base.h:1633:254)
INFO: [HLS 214-131] Inlining function 'ssdm_int<64, true>::ssdm_int(long)' into 'ap_int_base<64, true>::ap_int_base<48, true>(ap_int_base<48, true> const&)' (D:/Xilinx/Vitis_HLS/2022.2/common/technology/autopilot\ap_int_base.h:185:106)
INFO: [HLS 214-131] Inlining function 'ssdm_int<64, true>::ssdm_int(long)' into 'ap_int_base<64, true>::ap_int_base<16, false>(ap_int_base<16, false> const&)' (D:/Xilinx/Vitis_HLS/2022.2/common/technology/autopilot\ap_int_base.h:185:106)
INFO: [HLS 214-131] Inlining function 'ssdm_int<64, true>::ssdm_int(long)' into 'ap_int_base<64, true>::ap_int_base(int)' (D:/Xilinx/Vitis_HLS/2022.2/common/technology/autopilot\ap_int_base.h:214:67)
INFO: [HLS 214-131] Inlining function 'ap_int_base<64, true>::ap_int_base<48, true>(ap_int_base<48, true> const&)' into 'ap_int_base<48, true>::RType<16, false>::mult operator*<48, true, 16, false>(ap_int_base<48, true> const&, ap_int_base<16, false> const&)' (D:/Xilinx/Vitis_HLS/2022.2/common/technology/autopilot\ap_int_base.h:1494:339)
INFO: [HLS 214-131] Inlining function 'ap_int_base<64, true>::ap_int_base(int)' into 'ap_int_base<48, true>::RType<16, false>::mult operator*<48, true, 16, false>(ap_int_base<48, true> const&, ap_int_base<16, false> const&)' (D:/Xilinx/Vitis_HLS/2022.2/common/technology/autopilot\ap_int_base.h:1494:516)
INFO: [HLS 214-131] Inlining function 'ap_int_base<64, true>::ap_int_base<16, false>(ap_int_base<16, false> const&)' into 'ap_int_base<48, true>::RType<16, false>::mult operator*<48, true, 16, false>(ap_int_base<48, true> const&, ap_int_base<16, false> const&)' (D:/Xilinx/Vitis_HLS/2022.2/common/technology/autopilot\ap_int_base.h:1494:427)
INFO: [HLS 214-131] Inlining function '_ZN8ssdm_intILi65ELb1EEC2EDq65_i' into 'ap_int_base<65, true>::ap_int_base<64, true>(ap_int_base<64, true> const&)' (D:/Xilinx/Vitis_HLS/2022.2/common/technology/autopilot\ap_int_base.h:185:106)
INFO: [HLS 214-131] Inlining function '_ZN8ssdm_intILi65ELb1EEC2EDq65_i' into 'ap_int_base<65, true>::ap_int_base<48, true>(ap_int_base<48, true> const&)' (D:/Xilinx/Vitis_HLS/2022.2/common/technology/autopilot\ap_int_base.h:185:106)
INFO: [HLS 214-131] Inlining function '_ZN8ssdm_intILi65ELb1EEC2EDq65_i' into 'ap_int_base<65, true>::ap_int_base(int)' (D:/Xilinx/Vitis_HLS/2022.2/common/technology/autopilot\ap_int_base.h:214:67)
INFO: [HLS 214-131] Inlining function 'ap_int_base<65, true>::ap_int_base<64, true>(ap_int_base<64, true> const&)' into 'ap_int_base<64, true>::RType<48, true>::plus operator+<64, true, 48, true>(ap_int_base<64, true> const&, ap_int_base<48, true> const&)' (D:/Xilinx/Vitis_HLS/2022.2/common/technology/autopilot\ap_int_base.h:1495:339)
INFO: [HLS 214-131] Inlining function 'ap_int_base<65, true>::ap_int_base(int)' into 'ap_int_base<64, true>::RType<48, true>::plus operator+<64, true, 48, true>(ap_int_base<64, true> const&, ap_int_base<48, true> const&)' (D:/Xilinx/Vitis_HLS/2022.2/common/technology/autopilot\ap_int_base.h:1495:516)
INFO: [HLS 214-131] Inlining function 'ap_int_base<65, true>::ap_int_base<48, true>(ap_int_base<48, true> const&)' into 'ap_int_base<64, true>::RType<48, true>::plus operator+<64, true, 48, true>(ap_int_base<64, true> const&, ap_int_base<48, true> const&)' (D:/Xilinx/Vitis_HLS/2022.2/common/technology/autopilot\ap_int_base.h:1495:427)
INFO: [HLS 214-131] Inlining function '_ZN8ssdm_intILi66ELb1EEC2EDq66_i' into 'ap_int_base<66, true>::ap_int_base<65, true>(ap_int_base<65, true> const&)' (D:/Xilinx/Vitis_HLS/2022.2/common/technology/autopilot\ap_int_base.h:185:106)
INFO: [HLS 214-131] Inlining function '_ZN8ssdm_intILi66ELb1EEC2EDq66_i' into 'ap_int_base<66, true>::ap_int_base<32, true>(ap_int_base<32, true> const&)' (D:/Xilinx/Vitis_HLS/2022.2/common/technology/autopilot\ap_int_base.h:185:106)
INFO: [HLS 214-131] Inlining function '_ZN8ssdm_intILi66ELb1EEC2EDq66_i' into 'ap_int_base<66, true>::ap_int_base(int)' (D:/Xilinx/Vitis_HLS/2022.2/common/technology/autopilot\ap_int_base.h:214:67)
INFO: [HLS 214-131] Inlining function 'ap_int_base<66, true>::ap_int_base<65, true>(ap_int_base<65, true> const&)' into 'ap_int_base<65, true>::RType<32, true>::plus operator+<65, true, 32, true>(ap_int_base<65, true> const&, ap_int_base<32, true> const&)' (D:/Xilinx/Vitis_HLS/2022.2/common/technology/autopilot\ap_int_base.h:1495:339)
INFO: [HLS 214-131] Inlining function 'ap_int_base<66, true>::ap_int_base(int)' into 'ap_int_base<65, true>::RType<32, true>::plus operator+<65, true, 32, true>(ap_int_base<65, true> const&, ap_int_base<32, true> const&)' (D:/Xilinx/Vitis_HLS/2022.2/common/technology/autopilot\ap_int_base.h:1495:516)
INFO: [HLS 214-131] Inlining function 'ap_int_base<66, true>::ap_int_base<32, true>(ap_int_base<32, true> const&)' into 'ap_int_base<65, true>::RType<32, true>::plus operator+<65, true, 32, true>(ap_int_base<65, true> const&, ap_int_base<32, true> const&)' (D:/Xilinx/Vitis_HLS/2022.2/common/technology/autopilot\ap_int_base.h:1495:427)
INFO: [HLS 214-131] Inlining function 'ap_int_base<32, true>::ap_int_base(int)' into 'ap_int_base<65, true>::RType<($_0)32, true>::plus operator+<65, true>(ap_int_base<65, true> const&, int)' (D:/Xilinx/Vitis_HLS/2022.2/common/technology/autopilot\ap_int_base.h:1633:1006)
INFO: [HLS 214-131] Inlining function 'ap_int_base<65, true>::RType<32, true>::plus operator+<65, true, 32, true>(ap_int_base<65, true> const&, ap_int_base<32, true> const&)' into 'ap_int_base<65, true>::RType<($_0)32, true>::plus operator+<65, true>(ap_int_base<65, true> const&, int)' (D:/Xilinx/Vitis_HLS/2022.2/common/technology/autopilot\ap_int_base.h:1633:1004)
INFO: [HLS 214-131] Inlining function '_ZN8ssdm_intILi56ELb1EEC2EDq56_i' into 'ap_int_base<56, true>::ap_int_base<40, true>(ap_int_base<40, true> const&)' (D:/Xilinx/Vitis_HLS/2022.2/common/technology/autopilot\ap_int_base.h:185:106)
INFO: [HLS 214-131] Inlining function '_ZN8ssdm_intILi56ELb1EEC2EDq56_i' into 'ap_int_base<56, true>::ap_int_base<16, false>(ap_int_base<16, false> const&)' (D:/Xilinx/Vitis_HLS/2022.2/common/technology/autopilot\ap_int_base.h:185:106)
INFO: [HLS 214-131] Inlining function '_ZN8ssdm_intILi56ELb1EEC2EDq56_i' into 'ap_int_base<56, true>::ap_int_base(int)' (D:/Xilinx/Vitis_HLS/2022.2/common/technology/autopilot\ap_int_base.h:214:67)
INFO: [HLS 214-131] Inlining function 'ap_int_base<56, true>::ap_int_base<40, true>(ap_int_base<40, true> const&)' into 'ap_int_base<40, true>::RType<16, false>::mult operator*<40, true, 16, false>(ap_int_base<40, true> const&, ap_int_base<16, false> const&)' (D:/Xilinx/Vitis_HLS/2022.2/common/technology/autopilot\ap_int_base.h:1494:339)
INFO: [HLS 214-131] Inlining function 'ap_int_base<56, true>::ap_int_base(int)' into 'ap_int_base<40, true>::RType<16, false>::mult operator*<40, true, 16, false>(ap_int_base<40, true> const&, ap_int_base<16, false> const&)' (D:/Xilinx/Vitis_HLS/2022.2/common/technology/autopilot\ap_int_base.h:1494:516)
INFO: [HLS 214-131] Inlining function 'ap_int_base<56, true>::ap_int_base<16, false>(ap_int_base<16, false> const&)' into 'ap_int_base<40, true>::RType<16, false>::mult operator*<40, true, 16, false>(ap_int_base<40, true> const&, ap_int_base<16, false> const&)' (D:/Xilinx/Vitis_HLS/2022.2/common/technology/autopilot\ap_int_base.h:1494:427)
INFO: [HLS 214-131] Inlining function '_ZN8ssdm_intILi72ELb1EEC2EDq72_i' into 'ap_int_base<72, true>::ap_int_base<56, true>(ap_int_base<56, true> const&)' (D:/Xilinx/Vitis_HLS/2022.2/common/technology/autopilot\ap_int_base.h:185:106)
INFO: [HLS 214-131] Inlining function '_ZN8ssdm_intILi72ELb1EEC2EDq72_i' into 'ap_int_base<72, true>::ap_int_base<16, false>(ap_int_base<16, false> const&)' (D:/Xilinx/Vitis_HLS/2022.2/common/technology/autopilot\ap_int_base.h:185:106)
INFO: [HLS 214-131] Inlining function '_ZN8ssdm_intILi72ELb1EEC2EDq72_i' into 'ap_int_base<72, true>::ap_int_base(int)' (D:/Xilinx/Vitis_HLS/2022.2/common/technology/autopilot\ap_int_base.h:214:67)
INFO: [HLS 214-131] Inlining function 'ap_int_base<72, true>::ap_int_base<56, true>(ap_int_base<56, true> const&)' into 'ap_int_base<56, true>::RType<16, false>::mult operator*<56, true, 16, false>(ap_int_base<56, true> const&, ap_int_base<16, false> const&)' (D:/Xilinx/Vitis_HLS/2022.2/common/technology/autopilot\ap_int_base.h:1494:339)
INFO: [HLS 214-131] Inlining function 'ap_int_base<72, true>::ap_int_base(int)' into 'ap_int_base<56, true>::RType<16, false>::mult operator*<56, true, 16, false>(ap_int_base<56, true> const&, ap_int_base<16, false> const&)' (D:/Xilinx/Vitis_HLS/2022.2/common/technology/autopilot\ap_int_base.h:1494:516)
INFO: [HLS 214-131] Inlining function 'ap_int_base<72, true>::ap_int_base<16, false>(ap_int_base<16, false> const&)' into 'ap_int_base<56, true>::RType<16, false>::mult operator*<56, true, 16, false>(ap_int_base<56, true> const&, ap_int_base<16, false> const&)' (D:/Xilinx/Vitis_HLS/2022.2/common/technology/autopilot\ap_int_base.h:1494:427)
INFO: [HLS 214-131] Inlining function '_ZN8ssdm_intILi73ELb1EEC2EDq73_i' into 'ap_int_base<73, true>::ap_int_base<72, true>(ap_int_base<72, true> const&)' (D:/Xilinx/Vitis_HLS/2022.2/common/technology/autopilot\ap_int_base.h:185:106)
INFO: [HLS 214-131] Inlining function '_ZN8ssdm_intILi73ELb1EEC2EDq73_i' into 'ap_int_base<73, true>::ap_int_base<64, true>(ap_int_base<64, true> const&)' (D:/Xilinx/Vitis_HLS/2022.2/common/technology/autopilot\ap_int_base.h:185:106)
INFO: [HLS 214-131] Inlining function '_ZN8ssdm_intILi73ELb1EEC2EDq73_i' into 'ap_int_base<73, true>::ap_int_base(int)' (D:/Xilinx/Vitis_HLS/2022.2/common/technology/autopilot\ap_int_base.h:214:67)
INFO: [HLS 214-131] Inlining function 'ap_int_base<73, true>::ap_int_base<72, true>(ap_int_base<72, true> const&)' into 'ap_int_base<72, true>::RType<64, true>::plus operator+<72, true, 64, true>(ap_int_base<72, true> const&, ap_int_base<64, true> const&)' (D:/Xilinx/Vitis_HLS/2022.2/common/technology/autopilot\ap_int_base.h:1495:339)
INFO: [HLS 214-131] Inlining function 'ap_int_base<73, true>::ap_int_base(int)' into 'ap_int_base<72, true>::RType<64, true>::plus operator+<72, true, 64, true>(ap_int_base<72, true> const&, ap_int_base<64, true> const&)' (D:/Xilinx/Vitis_HLS/2022.2/common/technology/autopilot\ap_int_base.h:1495:516)
INFO: [HLS 214-131] Inlining function 'ap_int_base<73, true>::ap_int_base<64, true>(ap_int_base<64, true> const&)' into 'ap_int_base<72, true>::RType<64, true>::plus operator+<72, true, 64, true>(ap_int_base<72, true> const&, ap_int_base<64, true> const&)' (D:/Xilinx/Vitis_HLS/2022.2/common/technology/autopilot\ap_int_base.h:1495:427)
INFO: [HLS 214-131] Inlining function '_ZN8ssdm_intILi74ELb1EEC2EDq74_i' into 'ap_int_base<74, true>::ap_int_base<73, true>(ap_int_base<73, true> const&)' (D:/Xilinx/Vitis_HLS/2022.2/common/technology/autopilot\ap_int_base.h:185:106)
INFO: [HLS 214-131] Inlining function '_ZN8ssdm_intILi74ELb1EEC2EDq74_i' into 'ap_int_base<74, true>::ap_int_base<48, true>(ap_int_base<48, true> const&)' (D:/Xilinx/Vitis_HLS/2022.2/common/technology/autopilot\ap_int_base.h:185:106)
INFO: [HLS 214-131] Inlining function '_ZN8ssdm_intILi74ELb1EEC2EDq74_i' into 'ap_int_base<74, true>::ap_int_base(int)' (D:/Xilinx/Vitis_HLS/2022.2/common/technology/autopilot\ap_int_base.h:214:67)
INFO: [HLS 214-131] Inlining function 'ap_int_base<74, true>::ap_int_base<73, true>(ap_int_base<73, true> const&)' into 'ap_int_base<73, true>::RType<48, true>::plus operator+<73, true, 48, true>(ap_int_base<73, true> const&, ap_int_base<48, true> const&)' (D:/Xilinx/Vitis_HLS/2022.2/common/technology/autopilot\ap_int_base.h:1495:339)
INFO: [HLS 214-131] Inlining function 'ap_int_base<74, true>::ap_int_base(int)' into 'ap_int_base<73, true>::RType<48, true>::plus operator+<73, true, 48, true>(ap_int_base<73, true> const&, ap_int_base<48, true> const&)' (D:/Xilinx/Vitis_HLS/2022.2/common/technology/autopilot\ap_int_base.h:1495:516)
INFO: [HLS 214-131] Inlining function 'ap_int_base<74, true>::ap_int_base<48, true>(ap_int_base<48, true> const&)' into 'ap_int_base<73, true>::RType<48, true>::plus operator+<73, true, 48, true>(ap_int_base<73, true> const&, ap_int_base<48, true> const&)' (D:/Xilinx/Vitis_HLS/2022.2/common/technology/autopilot\ap_int_base.h:1495:427)
INFO: [HLS 214-131] Inlining function '_ZN8ssdm_intILi75ELb1EEC2EDq75_i' into 'ap_int_base<75, true>::ap_int_base<74, true>(ap_int_base<74, true> const&)' (D:/Xilinx/Vitis_HLS/2022.2/common/technology/autopilot\ap_int_base.h:185:106)
INFO: [HLS 214-131] Inlining function '_ZN8ssdm_intILi75ELb1EEC2EDq75_i' into 'ap_int_base<75, true>::ap_int_base<32, true>(ap_int_base<32, true> const&)' (D:/Xilinx/Vitis_HLS/2022.2/common/technology/autopilot\ap_int_base.h:185:106)
INFO: [HLS 214-131] Inlining function '_ZN8ssdm_intILi75ELb1EEC2EDq75_i' into 'ap_int_base<75, true>::ap_int_base(int)' (D:/Xilinx/Vitis_HLS/2022.2/common/technology/autopilot\ap_int_base.h:214:67)
INFO: [HLS 214-131] Inlining function 'ap_int_base<75, true>::ap_int_base<74, true>(ap_int_base<74, true> const&)' into 'ap_int_base<74, true>::RType<32, true>::plus operator+<74, true, 32, true>(ap_int_base<74, true> const&, ap_int_base<32, true> const&)' (D:/Xilinx/Vitis_HLS/2022.2/common/technology/autopilot\ap_int_base.h:1495:339)
INFO: [HLS 214-131] Inlining function 'ap_int_base<75, true>::ap_int_base(int)' into 'ap_int_base<74, true>::RType<32, true>::plus operator+<74, true, 32, true>(ap_int_base<74, true> const&, ap_int_base<32, true> const&)' (D:/Xilinx/Vitis_HLS/2022.2/common/technology/autopilot\ap_int_base.h:1495:516)
INFO: [HLS 214-131] Inlining function 'ap_int_base<75, true>::ap_int_base<32, true>(ap_int_base<32, true> const&)' into 'ap_int_base<74, true>::RType<32, true>::plus operator+<74, true, 32, true>(ap_int_base<74, true> const&, ap_int_base<32, true> const&)' (D:/Xilinx/Vitis_HLS/2022.2/common/technology/autopilot\ap_int_base.h:1495:427)
INFO: [HLS 214-131] Inlining function 'ap_int_base<32, true>::ap_int_base(int)' into 'ap_int_base<74, true>::RType<($_0)32, true>::plus operator+<74, true>(ap_int_base<74, true> const&, int)' (D:/Xilinx/Vitis_HLS/2022.2/common/technology/autopilot\ap_int_base.h:1633:1006)
INFO: [HLS 214-131] Inlining function 'ap_int_base<74, true>::RType<32, true>::plus operator+<74, true, 32, true>(ap_int_base<74, true> const&, ap_int_base<32, true> const&)' into 'ap_int_base<74, true>::RType<($_0)32, true>::plus operator+<74, true>(ap_int_base<74, true> const&, int)' (D:/Xilinx/Vitis_HLS/2022.2/common/technology/autopilot\ap_int_base.h:1633:1004)
INFO: [HLS 214-131] Inlining function 'ssdm_int<16, true>::ssdm_int(short)' into 'ap_int_base<16, true>::ap_int_base<8, true>(ap_int_base<8, true> const&)' (D:/Xilinx/Vitis_HLS/2022.2/common/technology/autopilot\ap_int_base.h:185:106)
INFO: [HLS 214-131] Inlining function 'ssdm_int<16, true>::ssdm_int(short)' into 'ap_int_base<16, true>::ap_int_base(int)' (D:/Xilinx/Vitis_HLS/2022.2/common/technology/autopilot\ap_int_base.h:214:67)
INFO: [HLS 214-131] Inlining function 'ap_int_base<16, true>::ap_int_base<8, true>(ap_int_base<8, true> const&)' into 'ap_int_base<8, true>::RType<8, true>::mult operator*<8, true, 8, true>(ap_int_base<8, true> const&, ap_int_base<8, true> const&)' (D:/Xilinx/Vitis_HLS/2022.2/common/technology/autopilot\ap_int_base.h:1494:339)
INFO: [HLS 214-131] Inlining function 'ap_int_base<16, true>::ap_int_base(int)' into 'ap_int_base<8, true>::RType<8, true>::mult operator*<8, true, 8, true>(ap_int_base<8, true> const&, ap_int_base<8, true> const&)' (D:/Xilinx/Vitis_HLS/2022.2/common/technology/autopilot\ap_int_base.h:1494:516)
INFO: [HLS 214-131] Inlining function 'ap_int_base<16, true>::ap_int_base<8, true>(ap_int_base<8, true> const&)' into 'ap_int_base<8, true>::RType<8, true>::mult operator*<8, true, 8, true>(ap_int_base<8, true> const&, ap_int_base<8, true> const&)' (D:/Xilinx/Vitis_HLS/2022.2/common/technology/autopilot\ap_int_base.h:1494:427)
INFO: [HLS 214-131] Inlining function '_ZN8ssdm_intILi33ELb1EEC2EDq33_i' into 'ap_int_base<33, true>::ap_int_base<32, true>(ap_int_base<32, true> const&)' (D:/Xilinx/Vitis_HLS/2022.2/common/technology/autopilot\ap_int_base.h:185:106)
INFO: [HLS 214-131] Inlining function '_ZN8ssdm_intILi33ELb1EEC2EDq33_i' into 'ap_int_base<33, true>::ap_int_base<8, true>(ap_int_base<8, true> const&)' (D:/Xilinx/Vitis_HLS/2022.2/common/technology/autopilot\ap_int_base.h:185:106)
INFO: [HLS 214-131] Inlining function '_ZN8ssdm_intILi33ELb1EEC2EDq33_i' into 'ap_int_base<33, true>::ap_int_base(int)' (D:/Xilinx/Vitis_HLS/2022.2/common/technology/autopilot\ap_int_base.h:214:67)
INFO: [HLS 214-131] Inlining function 'ap_int_base<33, true>::ap_int_base<32, true>(ap_int_base<32, true> const&)' into 'ap_int_base<32, true>::RType<8, true>::plus operator+<32, true, 8, true>(ap_int_base<32, true> const&, ap_int_base<8, true> const&)' (D:/Xilinx/Vitis_HLS/2022.2/common/technology/autopilot\ap_int_base.h:1495:339)
INFO: [HLS 214-131] Inlining function 'ap_int_base<33, true>::ap_int_base(int)' into 'ap_int_base<32, true>::RType<8, true>::plus operator+<32, true, 8, true>(ap_int_base<32, true> const&, ap_int_base<8, true> const&)' (D:/Xilinx/Vitis_HLS/2022.2/common/technology/autopilot\ap_int_base.h:1495:516)
INFO: [HLS 214-131] Inlining function 'ap_int_base<33, true>::ap_int_base<8, true>(ap_int_base<8, true> const&)' into 'ap_int_base<32, true>::RType<8, true>::plus operator+<32, true, 8, true>(ap_int_base<32, true> const&, ap_int_base<8, true> const&)' (D:/Xilinx/Vitis_HLS/2022.2/common/technology/autopilot\ap_int_base.h:1495:427)
INFO: [HLS 214-131] Inlining function 'ap_int_base<32, true>::ap_int_base(int)' into 'ap_int_base<8, true>::RType<($_0)32, true>::plus operator+<8, true>(int, ap_int_base<8, true> const&)' (D:/Xilinx/Vitis_HLS/2022.2/common/technology/autopilot\ap_int_base.h:1633:739)
INFO: [HLS 214-131] Inlining function 'ap_int_base<32, true>::RType<8, true>::plus operator+<32, true, 8, true>(ap_int_base<32, true> const&, ap_int_base<8, true> const&)' into 'ap_int_base<8, true>::RType<($_0)32, true>::plus operator+<8, true>(int, ap_int_base<8, true> const&)' (D:/Xilinx/Vitis_HLS/2022.2/common/technology/autopilot\ap_int_base.h:1633:777)
INFO: [HLS 214-131] Inlining function 'ssdm_int<32, true>::ssdm_int(int)' into 'ap_int_base<32, true>::ap_int_base<33, true>(ap_int_base<33, true> const&)' (D:/Xilinx/Vitis_HLS/2022.2/common/technology/autopilot\ap_int_base.h:185:106)
INFO: [HLS 214-131] Inlining function 'ap_int_base<32, true>::ap_int_base<33, true>(ap_int_base<33, true> const&)' into 'ap_int<32>::ap_int<33>(ap_int<33> const&)'
INFO: [HLS 214-131] Inlining function 'ap_int_base<33, true>::ap_int_base(int)' into 'ap_int_base<32, true>::RType<32, true>::div operator/<32, true, 32, true>(ap_int_base<32, true> const&, ap_int_base<32, true> const&)' (D:/Xilinx/Vitis_HLS/2022.2/common/technology/autopilot\ap_int_base.h:1513:337)
INFO: [HLS 214-131] Inlining function 'ap_int_base<32, true>::ap_int_base(int)' into 'ap_int_base<32, true>::RType<($_0)32, true>::div operator/<32, true>(int, ap_int_base<32, true> const&)' (D:/Xilinx/Vitis_HLS/2022.2/common/technology/autopilot\ap_int_base.h:1633:1786)
INFO: [HLS 214-131] Inlining function 'ap_int_base<32, true>::RType<32, true>::div operator/<32, true, 32, true>(ap_int_base<32, true> const&, ap_int_base<32, true> const&)' into 'ap_int_base<32, true>::RType<($_0)32, true>::div operator/<32, true>(int, ap_int_base<32, true> const&)' (D:/Xilinx/Vitis_HLS/2022.2/common/technology/autopilot\ap_int_base.h:1633:1824)
INFO: [HLS 214-131] Inlining function 'ap_int_base<33, true>::ap_int_base<32, true>(ap_int_base<32, true> const&)' into 'ap_int_base<32, true>::RType<8, true>::minus operator-<32, true, 8, true>(ap_int_base<32, true> const&, ap_int_base<8, true> const&)' (D:/Xilinx/Vitis_HLS/2022.2/common/technology/autopilot\ap_int_base.h:1496:341)
INFO: [HLS 214-131] Inlining function 'ap_int_base<33, true>::ap_int_base(int)' into 'ap_int_base<32, true>::RType<8, true>::minus operator-<32, true, 8, true>(ap_int_base<32, true> const&, ap_int_base<8, true> const&)' (D:/Xilinx/Vitis_HLS/2022.2/common/technology/autopilot\ap_int_base.h:1496:520)
INFO: [HLS 214-131] Inlining function 'ap_int_base<33, true>::ap_int_base<8, true>(ap_int_base<8, true> const&)' into 'ap_int_base<32, true>::RType<8, true>::minus operator-<32, true, 8, true>(ap_int_base<32, true> const&, ap_int_base<8, true> const&)' (D:/Xilinx/Vitis_HLS/2022.2/common/technology/autopilot\ap_int_base.h:1496:430)
INFO: [HLS 214-131] Inlining function '_ZN8ssdm_intILi41ELb1EEC2EDq41_i' into 'ap_int_base<41, true>::ap_int_base<33, true>(ap_int_base<33, true> const&)' (D:/Xilinx/Vitis_HLS/2022.2/common/technology/autopilot\ap_int_base.h:185:106)
INFO: [HLS 214-131] Inlining function '_ZN8ssdm_intILi41ELb1EEC2EDq41_i' into 'ap_int_base<41, true>::ap_int_base<8, true>(ap_int_base<8, true> const&)' (D:/Xilinx/Vitis_HLS/2022.2/common/technology/autopilot\ap_int_base.h:185:106)
INFO: [HLS 214-131] Inlining function 'ap_int_base<41, true>::ap_int_base<33, true>(ap_int_base<33, true> const&)' into 'ap_int_base<33, true>::RType<8, true>::mult operator*<33, true, 8, true>(ap_int_base<33, true> const&, ap_int_base<8, true> const&)' (D:/Xilinx/Vitis_HLS/2022.2/common/technology/autopilot\ap_int_base.h:1494:339)
INFO: [HLS 214-131] Inlining function 'ap_int_base<41, true>::ap_int_base(int)' into 'ap_int_base<33, true>::RType<8, true>::mult operator*<33, true, 8, true>(ap_int_base<33, true> const&, ap_int_base<8, true> const&)' (D:/Xilinx/Vitis_HLS/2022.2/common/technology/autopilot\ap_int_base.h:1494:516)
INFO: [HLS 214-131] Inlining function 'ap_int_base<41, true>::ap_int_base<8, true>(ap_int_base<8, true> const&)' into 'ap_int_base<33, true>::RType<8, true>::mult operator*<33, true, 8, true>(ap_int_base<33, true> const&, ap_int_base<8, true> const&)' (D:/Xilinx/Vitis_HLS/2022.2/common/technology/autopilot\ap_int_base.h:1494:427)
INFO: [HLS 214-131] Inlining function 'ssdm_int<32, true>::ssdm_int(int)' into 'ap_int_base<32, true>::ap_int_base<41, true>(ap_int_base<41, true> const&)' (D:/Xilinx/Vitis_HLS/2022.2/common/technology/autopilot\ap_int_base.h:185:106)
INFO: [HLS 214-131] Inlining function 'ap_int_base<32, true>::ap_int_base<41, true>(ap_int_base<41, true> const&)' into 'ap_int<32>::ap_int<41>(ap_int<41> const&)'
INFO: [HLS 214-131] Inlining function 'ssdm_int<64, true>::ssdm_int(long)' into 'ap_int_base<64, true>::ap_int_base<32, true>(ap_int_base<32, true> const&)' (D:/Xilinx/Vitis_HLS/2022.2/common/technology/autopilot\ap_int_base.h:185:106)
INFO: [HLS 214-131] Inlining function 'ap_int_base<64, true>::ap_int_base<32, true>(ap_int_base<32, true> const&)' into 'ap_int_base<32, true>::RType<32, true>::mult operator*<32, true, 32, true>(ap_int_base<32, true> const&, ap_int_base<32, true> const&)' (D:/Xilinx/Vitis_HLS/2022.2/common/technology/autopilot\ap_int_base.h:1494:339)
INFO: [HLS 214-131] Inlining function 'ap_int_base<64, true>::ap_int_base(int)' into 'ap_int_base<32, true>::RType<32, true>::mult operator*<32, true, 32, true>(ap_int_base<32, true> const&, ap_int_base<32, true> const&)' (D:/Xilinx/Vitis_HLS/2022.2/common/technology/autopilot\ap_int_base.h:1494:516)
INFO: [HLS 214-131] Inlining function 'ap_int_base<64, true>::ap_int_base<32, true>(ap_int_base<32, true> const&)' into 'ap_int_base<32, true>::RType<32, true>::mult operator*<32, true, 32, true>(ap_int_base<32, true> const&, ap_int_base<32, true> const&)' (D:/Xilinx/Vitis_HLS/2022.2/common/technology/autopilot\ap_int_base.h:1494:427)
INFO: [HLS 214-131] Inlining function 'ap_int_base<64, true>::ap_int_base(int)' into 'ap_int_base<64, true>::RType<64, true>::arg1 operator>><64, true>(ap_int_base<64, true> const&, int)' (D:/Xilinx/Vitis_HLS/2022.2/common/technology/autopilot\ap_int_base.h:1669:558)
INFO: [HLS 214-131] Inlining function 'ssdm_int<32, true>::ssdm_int(int)' into 'ap_int_base<32, true>::ap_int_base<64, true>(ap_int_base<64, true> const&)' (D:/Xilinx/Vitis_HLS/2022.2/common/technology/autopilot\ap_int_base.h:185:106)
INFO: [HLS 214-131] Inlining function 'ap_int_base<32, true>::ap_int_base<64, true>(ap_int_base<64, true> const&)' into 'ap_int<32>::ap_int<64>(ap_int<64> const&)'
INFO: [HLS 214-131] Inlining function 'ap_int_base<32, true>::ap_int_base(int)' into 'bool operator><32, true>(ap_int_base<32, true> const&, int)' (D:/Xilinx/Vitis_HLS/2022.2/common/technology/autopilot\ap_int_base.h:1788:337)
INFO: [HLS 214-131] Inlining function 'bool ap_int_base<32, true>::operator><32, true>(ap_int_base<32, true> const&) const' into 'bool operator><32, true>(ap_int_base<32, true> const&, int)' (D:/Xilinx/Vitis_HLS/2022.2/common/technology/autopilot\ap_int_base.h:1788:335)
INFO: [HLS 214-131] Inlining function 'ap_int_base<32, true>::ap_int_base(int)' into 'ap_int_base<32, true>::RType<32, true>::arg1 operator>><32, true>(ap_int_base<32, true> const&, int)' (D:/Xilinx/Vitis_HLS/2022.2/common/technology/autopilot\ap_int_base.h:1669:558)
INFO: [HLS 214-131] Inlining function 'ssdm_int<8, true>::ssdm_int(signed char)' into 'ap_int_base<8, true>::ap_int_base<32, true>(ap_int_base<32, true> const&)' (D:/Xilinx/Vitis_HLS/2022.2/common/technology/autopilot\ap_int_base.h:185:106)
INFO: [HLS 214-131] Inlining function 'ap_int_base<8, true>::ap_int_base<32, true>(ap_int_base<32, true> const&)' into 'ap_int<8>::ap_int<32>(ap_int<32> const&)'
INFO: [HLS 214-131] Inlining function 'ssdm_int<8, true>::ssdm_int(signed char)' into 'ap_int_base<8, true>::ap_int_base(int)' (D:/Xilinx/Vitis_HLS/2022.2/common/technology/autopilot\ap_int_base.h:214:67)
INFO: [HLS 214-131] Inlining function 'ap_int_base<8, true>::ap_int_base(int)' into 'ap_int<8>::ap_int(int)'
INFO: [HLS 214-131] Inlining function 'ap_int_base<8, false>::RType<($_0)32, true>::mult operator*<8, false>(int, ap_int_base<8, false> const&)' into 'initial_conv_bn_relu(ap_uint<16>, ap_uint<16>, ap_uint<16>, ap_uint<16>, ap_uint<8>, ap_uint<8>, ap_uint<8>, ap_int<8>*, ap_int<8>*, ap_int<8>*, ap_int<8>*, ap_int<8>*, ap_int<8>*, ap_int<8>*)' (../ip/Ip1/initial_conv_bn_relu.cpp:52:32)
INFO: [HLS 214-131] Inlining function 'ap_int_base<32, true>::RType<32, true>::arg1 operator>><32, true>(ap_int_base<32, true> const&, int)' into 'initial_conv_bn_relu(ap_uint<16>, ap_uint<16>, ap_uint<16>, ap_uint<16>, ap_uint<8>, ap_uint<8>, ap_uint<8>, ap_int<8>*, ap_int<8>*, ap_int<8>*, ap_int<8>*, ap_int<8>*, ap_int<8>*, ap_int<8>*)' (../ip/Ip1/initial_conv_bn_relu.cpp:91:72)
INFO: [HLS 214-131] Inlining function 'bool operator><32, true>(ap_int_base<32, true> const&, int)' into 'initial_conv_bn_relu(ap_uint<16>, ap_uint<16>, ap_uint<16>, ap_uint<16>, ap_uint<8>, ap_uint<8>, ap_uint<8>, ap_int<8>*, ap_int<8>*, ap_int<8>*, ap_int<8>*, ap_int<8>*, ap_int<8>*, ap_int<8>*)' (../ip/Ip1/initial_conv_bn_relu.cpp:91:48)
INFO: [HLS 214-131] Inlining function 'ap_int_base<66, true>::operator long long() const' into 'initial_conv_bn_relu(ap_uint<16>, ap_uint<16>, ap_uint<16>, ap_uint<16>, ap_uint<8>, ap_uint<8>, ap_uint<8>, ap_int<8>*, ap_int<8>*, ap_int<8>*, ap_int<8>*, ap_int<8>*, ap_int<8>*, ap_int<8>*)' (../ip/Ip1/initial_conv_bn_relu.cpp:90:31)
INFO: [HLS 214-131] Inlining function 'ap_int_base<65, true>::RType<($_0)32, true>::plus operator+<65, true>(ap_int_base<65, true> const&, int)' into 'initial_conv_bn_relu(ap_uint<16>, ap_uint<16>, ap_uint<16>, ap_uint<16>, ap_uint<8>, ap_uint<8>, ap_uint<8>, ap_int<8>*, ap_int<8>*, ap_int<8>*, ap_int<8>*, ap_int<8>*, ap_int<8>*, ap_int<8>*)' (../ip/Ip1/initial_conv_bn_relu.cpp:90:61)
INFO: [HLS 214-131] Inlining function 'ap_int_base<64, true>::RType<48, true>::plus operator+<64, true, 48, true>(ap_int_base<64, true> const&, ap_int_base<48, true> const&)' into 'initial_conv_bn_relu(ap_uint<16>, ap_uint<16>, ap_uint<16>, ap_uint<16>, ap_uint<8>, ap_uint<8>, ap_uint<8>, ap_int<8>*, ap_int<8>*, ap_int<8>*, ap_int<8>*, ap_int<8>*, ap_int<8>*, ap_int<8>*)' (../ip/Ip1/initial_conv_bn_relu.cpp:90:49)
INFO: [HLS 214-131] Inlining function 'ap_int_base<16, false>::RType<($_0)32, true>::mult operator*<16, false>(int, ap_int_base<16, false> const&)' into 'initial_conv_bn_relu(ap_uint<16>, ap_uint<16>, ap_uint<16>, ap_uint<16>, ap_uint<8>, ap_uint<8>, ap_uint<8>, ap_int<8>*, ap_int<8>*, ap_int<8>*, ap_int<8>*, ap_int<8>*, ap_int<8>*, ap_int<8>*)' (../ip/Ip1/initial_conv_bn_relu.cpp:90:53)
INFO: [HLS 214-131] Inlining function 'ap_int_base<48, true>::RType<16, false>::mult operator*<48, true, 16, false>(ap_int_base<48, true> const&, ap_int_base<16, false> const&)' into 'initial_conv_bn_relu(ap_uint<16>, ap_uint<16>, ap_uint<16>, ap_uint<16>, ap_uint<8>, ap_uint<8>, ap_uint<8>, ap_int<8>*, ap_int<8>*, ap_int<8>*, ap_int<8>*, ap_int<8>*, ap_int<8>*, ap_int<8>*)' (../ip/Ip1/initial_conv_bn_relu.cpp:90:41)
INFO: [HLS 214-131] Inlining function 'ap_int_base<16, false>::RType<($_0)32, true>::mult operator*<16, false>(int, ap_int_base<16, false> const&)' into 'initial_conv_bn_relu(ap_uint<16>, ap_uint<16>, ap_uint<16>, ap_uint<16>, ap_uint<8>, ap_uint<8>, ap_uint<8>, ap_int<8>*, ap_int<8>*, ap_int<8>*, ap_int<8>*, ap_int<8>*, ap_int<8>*, ap_int<8>*)' (../ip/Ip1/initial_conv_bn_relu.cpp:90:33)
INFO: [HLS 214-131] Inlining function 'ap_int_base<32, true>& ap_int_base<32, true>::operator+=<8, true>(ap_int_base<8, true> const&)' into 'initial_conv_bn_relu(ap_uint<16>, ap_uint<16>, ap_uint<16>, ap_uint<16>, ap_uint<8>, ap_uint<8>, ap_uint<8>, ap_int<8>*, ap_int<8>*, ap_int<8>*, ap_int<8>*, ap_int<8>*, ap_int<8>*, ap_int<8>*)' (../ip/Ip1/initial_conv_bn_relu.cpp:87:24)
INFO: [HLS 214-131] Inlining function 'ap_int_base<64, true>::RType<64, true>::arg1 operator>><64, true>(ap_int_base<64, true> const&, int)' into 'initial_conv_bn_relu(ap_uint<16>, ap_uint<16>, ap_uint<16>, ap_uint<16>, ap_uint<8>, ap_uint<8>, ap_uint<8>, ap_int<8>*, ap_int<8>*, ap_int<8>*, ap_int<8>*, ap_int<8>*, ap_int<8>*, ap_int<8>*)' (../ip/Ip1/initial_conv_bn_relu.cpp:86:45)
INFO: [HLS 214-131] Inlining function 'ap_int_base<32, true>::RType<32, true>::mult operator*<32, true, 32, true>(ap_int_base<32, true> const&, ap_int_base<32, true> const&)' into 'initial_conv_bn_relu(ap_uint<16>, ap_uint<16>, ap_uint<16>, ap_uint<16>, ap_uint<8>, ap_uint<8>, ap_uint<8>, ap_int<8>*, ap_int<8>*, ap_int<8>*, ap_int<8>*, ap_int<8>*, ap_int<8>*, ap_int<8>*)' (../ip/Ip1/initial_conv_bn_relu.cpp:86:34)
INFO: [HLS 214-131] Inlining function 'ap_int_base<33, true>::RType<8, true>::mult operator*<33, true, 8, true>(ap_int_base<33, true> const&, ap_int_base<8, true> const&)' into 'initial_conv_bn_relu(ap_uint<16>, ap_uint<16>, ap_uint<16>, ap_uint<16>, ap_uint<8>, ap_uint<8>, ap_uint<8>, ap_int<8>*, ap_int<8>*, ap_int<8>*, ap_int<8>*, ap_int<8>*, ap_int<8>*, ap_int<8>*)' (../ip/Ip1/initial_conv_bn_relu.cpp:85:59)
INFO: [HLS 214-131] Inlining function 'ap_int_base<32, true>::RType<8, true>::minus operator-<32, true, 8, true>(ap_int_base<32, true> const&, ap_int_base<8, true> const&)' into 'initial_conv_bn_relu(ap_uint<16>, ap_uint<16>, ap_uint<16>, ap_uint<16>, ap_uint<8>, ap_uint<8>, ap_uint<8>, ap_int<8>*, ap_int<8>*, ap_int<8>*, ap_int<8>*, ap_int<8>*, ap_int<8>*, ap_int<8>*)' (../ip/Ip1/initial_conv_bn_relu.cpp:85:41)
INFO: [HLS 214-131] Inlining function 'ap_int_base<32, true>::RType<($_0)32, true>::div operator/<32, true>(int, ap_int_base<32, true> const&)' into 'initial_conv_bn_relu(ap_uint<16>, ap_uint<16>, ap_uint<16>, ap_uint<16>, ap_uint<8>, ap_uint<8>, ap_uint<8>, ap_int<8>*, ap_int<8>*, ap_int<8>*, ap_int<8>*, ap_int<8>*, ap_int<8>*, ap_int<8>*)' (../ip/Ip1/initial_conv_bn_relu.cpp:84:47)
INFO: [HLS 214-131] Inlining function 'ap_int_base<8, true>::RType<($_0)32, true>::plus operator+<8, true>(int, ap_int_base<8, true> const&)' into 'initial_conv_bn_relu(ap_uint<16>, ap_uint<16>, ap_uint<16>, ap_uint<16>, ap_uint<8>, ap_uint<8>, ap_uint<8>, ap_int<8>*, ap_int<8>*, ap_int<8>*, ap_int<8>*, ap_int<8>*, ap_int<8>*, ap_int<8>*)' (../ip/Ip1/initial_conv_bn_relu.cpp:83:42)
INFO: [HLS 214-131] Inlining function 'ap_int_base<32, true>& ap_int_base<32, true>::operator+=<16, true>(ap_int_base<16, true> const&)' into 'initial_conv_bn_relu(ap_uint<16>, ap_uint<16>, ap_uint<16>, ap_uint<16>, ap_uint<8>, ap_uint<8>, ap_uint<8>, ap_int<8>*, ap_int<8>*, ap_int<8>*, ap_int<8>*, ap_int<8>*, ap_int<8>*, ap_int<8>*)' (../ip/Ip1/initial_conv_bn_relu.cpp:76:37)
INFO: [HLS 214-131] Inlining function 'ap_int_base<8, true>::RType<8, true>::mult operator*<8, true, 8, true>(ap_int_base<8, true> const&, ap_int_base<8, true> const&)' into 'initial_conv_bn_relu(ap_uint<16>, ap_uint<16>, ap_uint<16>, ap_uint<16>, ap_uint<8>, ap_uint<8>, ap_uint<8>, ap_int<8>*, ap_int<8>*, ap_int<8>*, ap_int<8>*, ap_int<8>*, ap_int<8>*, ap_int<8>*)' (../ip/Ip1/initial_conv_bn_relu.cpp:76:64)
INFO: [HLS 214-131] Inlining function 'ap_int_base<75, true>::operator long long() const' into 'initial_conv_bn_relu(ap_uint<16>, ap_uint<16>, ap_uint<16>, ap_uint<16>, ap_uint<8>, ap_uint<8>, ap_uint<8>, ap_int<8>*, ap_int<8>*, ap_int<8>*, ap_int<8>*, ap_int<8>*, ap_int<8>*, ap_int<8>*)' (../ip/Ip1/initial_conv_bn_relu.cpp:74:50)
INFO: [HLS 214-131] Inlining function 'ap_int_base<74, true>::RType<($_0)32, true>::plus operator+<74, true>(ap_int_base<74, true> const&, int)' into 'initial_conv_bn_relu(ap_uint<16>, ap_uint<16>, ap_uint<16>, ap_uint<16>, ap_uint<8>, ap_uint<8>, ap_uint<8>, ap_int<8>*, ap_int<8>*, ap_int<8>*, ap_int<8>*, ap_int<8>*, ap_int<8>*, ap_int<8>*)' (../ip/Ip1/initial_conv_bn_relu.cpp:74:107)
INFO: [HLS 214-131] Inlining function 'ap_int_base<73, true>::RType<48, true>::plus operator+<73, true, 48, true>(ap_int_base<73, true> const&, ap_int_base<48, true> const&)' into 'initial_conv_bn_relu(ap_uint<16>, ap_uint<16>, ap_uint<16>, ap_uint<16>, ap_uint<8>, ap_uint<8>, ap_uint<8>, ap_int<8>*, ap_int<8>*, ap_int<8>*, ap_int<8>*, ap_int<8>*, ap_int<8>*, ap_int<8>*)' (../ip/Ip1/initial_conv_bn_relu.cpp:74:92)
INFO: [HLS 214-131] Inlining function 'ap_int_base<16, false>::RType<($_0)32, true>::mult operator*<16, false>(int, ap_int_base<16, false> const&)' into 'initial_conv_bn_relu(ap_uint<16>, ap_uint<16>, ap_uint<16>, ap_uint<16>, ap_uint<8>, ap_uint<8>, ap_uint<8>, ap_int<8>*, ap_int<8>*, ap_int<8>*, ap_int<8>*, ap_int<8>*, ap_int<8>*, ap_int<8>*)' (../ip/Ip1/initial_conv_bn_relu.cpp:74:99)
INFO: [HLS 214-131] Inlining function 'ap_int_base<72, true>::RType<64, true>::plus operator+<72, true, 64, true>(ap_int_base<72, true> const&, ap_int_base<64, true> const&)' into 'initial_conv_bn_relu(ap_uint<16>, ap_uint<16>, ap_uint<16>, ap_uint<16>, ap_uint<8>, ap_uint<8>, ap_uint<8>, ap_int<8>*, ap_int<8>*, ap_int<8>*, ap_int<8>*, ap_int<8>*, ap_int<8>*, ap_int<8>*)' (../ip/Ip1/initial_conv_bn_relu.cpp:74:72)
INFO: [HLS 214-131] Inlining function 'ap_int_base<48, true>::RType<16, false>::mult operator*<48, true, 16, false>(ap_int_base<48, true> const&, ap_int_base<16, false> const&)' into 'initial_conv_bn_relu(ap_uint<16>, ap_uint<16>, ap_uint<16>, ap_uint<16>, ap_uint<8>, ap_uint<8>, ap_uint<8>, ap_int<8>*, ap_int<8>*, ap_int<8>*, ap_int<8>*, ap_int<8>*, ap_int<8>*, ap_int<8>*)' (../ip/Ip1/initial_conv_bn_relu.cpp:74:84)
INFO: [HLS 214-131] Inlining function 'ap_int_base<16, false>::RType<($_0)32, true>::mult operator*<16, false>(int, ap_int_base<16, false> const&)' into 'initial_conv_bn_relu(ap_uint<16>, ap_uint<16>, ap_uint<16>, ap_uint<16>, ap_uint<8>, ap_uint<8>, ap_uint<8>, ap_int<8>*, ap_int<8>*, ap_int<8>*, ap_int<8>*, ap_int<8>*, ap_int<8>*, ap_int<8>*)' (../ip/Ip1/initial_conv_bn_relu.cpp:74:77)
INFO: [HLS 214-131] Inlining function 'ap_int_base<56, true>::RType<16, false>::mult operator*<56, true, 16, false>(ap_int_base<56, true> const&, ap_int_base<16, false> const&)' into 'initial_conv_bn_relu(ap_uint<16>, ap_uint<16>, ap_uint<16>, ap_uint<16>, ap_uint<8>, ap_uint<8>, ap_uint<8>, ap_int<8>*, ap_int<8>*, ap_int<8>*, ap_int<8>*, ap_int<8>*, ap_int<8>*, ap_int<8>*)' (../ip/Ip1/initial_conv_bn_relu.cpp:74:64)
INFO: [HLS 214-131] Inlining function 'ap_int_base<40, true>::RType<16, false>::mult operator*<40, true, 16, false>(ap_int_base<40, true> const&, ap_int_base<16, false> const&)' into 'initial_conv_bn_relu(ap_uint<16>, ap_uint<16>, ap_uint<16>, ap_uint<16>, ap_uint<8>, ap_uint<8>, ap_uint<8>, ap_int<8>*, ap_int<8>*, ap_int<8>*, ap_int<8>*, ap_int<8>*, ap_int<8>*, ap_int<8>*)' (../ip/Ip1/initial_conv_bn_relu.cpp:74:57)
INFO: [HLS 214-131] Inlining function 'ap_int_base<8, false>::RType<($_0)32, true>::mult operator*<8, false>(int, ap_int_base<8, false> const&)' into 'initial_conv_bn_relu(ap_uint<16>, ap_uint<16>, ap_uint<16>, ap_uint<16>, ap_uint<8>, ap_uint<8>, ap_uint<8>, ap_int<8>*, ap_int<8>*, ap_int<8>*, ap_int<8>*, ap_int<8>*, ap_int<8>*, ap_int<8>*)' (../ip/Ip1/initial_conv_bn_relu.cpp:74:53)
INFO: [HLS 214-131] Inlining function 'ap_int_base<66, true>::operator long long() const' into 'initial_conv_bn_relu(ap_uint<16>, ap_uint<16>, ap_uint<16>, ap_uint<16>, ap_uint<8>, ap_uint<8>, ap_uint<8>, ap_int<8>*, ap_int<8>*, ap_int<8>*, ap_int<8>*, ap_int<8>*, ap_int<8>*, ap_int<8>*)' (../ip/Ip1/initial_conv_bn_relu.cpp:72:51)
INFO: [HLS 214-131] Inlining function 'ap_int_base<65, true>::RType<($_0)32, true>::plus operator+<65, true>(ap_int_base<65, true> const&, int)' into 'initial_conv_bn_relu(ap_uint<16>, ap_uint<16>, ap_uint<16>, ap_uint<16>, ap_uint<8>, ap_uint<8>, ap_uint<8>, ap_int<8>*, ap_int<8>*, ap_int<8>*, ap_int<8>*, ap_int<8>*, ap_int<8>*, ap_int<8>*)' (../ip/Ip1/initial_conv_bn_relu.cpp:72:84)
INFO: [HLS 214-131] Inlining function 'ap_int_base<64, true>::RType<48, true>::plus operator+<64, true, 48, true>(ap_int_base<64, true> const&, ap_int_base<48, true> const&)' into 'initial_conv_bn_relu(ap_uint<16>, ap_uint<16>, ap_uint<16>, ap_uint<16>, ap_uint<8>, ap_uint<8>, ap_uint<8>, ap_int<8>*, ap_int<8>*, ap_int<8>*, ap_int<8>*, ap_int<8>*, ap_int<8>*, ap_int<8>*)' (../ip/Ip1/initial_conv_bn_relu.cpp:72:70)
INFO: [HLS 214-131] Inlining function 'ap_int_base<16, false>::RType<($_0)32, true>::mult operator*<16, false>(int, ap_int_base<16, false> const&)' into 'initial_conv_bn_relu(ap_uint<16>, ap_uint<16>, ap_uint<16>, ap_uint<16>, ap_uint<8>, ap_uint<8>, ap_uint<8>, ap_int<8>*, ap_int<8>*, ap_int<8>*, ap_int<8>*, ap_int<8>*, ap_int<8>*, ap_int<8>*)' (../ip/Ip1/initial_conv_bn_relu.cpp:72:77)
INFO: [HLS 214-131] Inlining function 'ap_int_base<48, true>::RType<16, false>::mult operator*<48, true, 16, false>(ap_int_base<48, true> const&, ap_int_base<16, false> const&)' into 'initial_conv_bn_relu(ap_uint<16>, ap_uint<16>, ap_uint<16>, ap_uint<16>, ap_uint<8>, ap_uint<8>, ap_uint<8>, ap_int<8>*, ap_int<8>*, ap_int<8>*, ap_int<8>*, ap_int<8>*, ap_int<8>*, ap_int<8>*)' (../ip/Ip1/initial_conv_bn_relu.cpp:72:63)
INFO: [HLS 214-131] Inlining function 'ap_int_base<16, false>::RType<($_0)32, true>::mult operator*<16, false>(int, ap_int_base<16, false> const&)' into 'initial_conv_bn_relu(ap_uint<16>, ap_uint<16>, ap_uint<16>, ap_uint<16>, ap_uint<8>, ap_uint<8>, ap_uint<8>, ap_int<8>*, ap_int<8>*, ap_int<8>*, ap_int<8>*, ap_int<8>*, ap_int<8>*, ap_int<8>*)' (../ip/Ip1/initial_conv_bn_relu.cpp:72:56)
INFO: [HLS 214-131] Inlining function 'bool operator<<16, false>(int, ap_int_base<16, false> const&)' into 'initial_conv_bn_relu(ap_uint<16>, ap_uint<16>, ap_uint<16>, ap_uint<16>, ap_uint<8>, ap_uint<8>, ap_uint<8>, ap_int<8>*, ap_int<8>*, ap_int<8>*, ap_int<8>*, ap_int<8>*, ap_int<8>*, ap_int<8>*)' (../ip/Ip1/initial_conv_bn_relu.cpp:69:70)
INFO: [HLS 214-131] Inlining function 'bool operator<<16, false>(int, ap_int_base<16, false> const&)' into 'initial_conv_bn_relu(ap_uint<16>, ap_uint<16>, ap_uint<16>, ap_uint<16>, ap_uint<8>, ap_uint<8>, ap_uint<8>, ap_int<8>*, ap_int<8>*, ap_int<8>*, ap_int<8>*, ap_int<8>*, ap_int<8>*, ap_int<8>*)' (../ip/Ip1/initial_conv_bn_relu.cpp:68:75)
INFO: [HLS 214-131] Inlining function 'bool operator<<16, false>(int, ap_int_base<16, false> const&)' into 'initial_conv_bn_relu(ap_uint<16>, ap_uint<16>, ap_uint<16>, ap_uint<16>, ap_uint<8>, ap_uint<8>, ap_uint<8>, ap_int<8>*, ap_int<8>*, ap_int<8>*, ap_int<8>*, ap_int<8>*, ap_int<8>*, ap_int<8>*)' (../ip/Ip1/initial_conv_bn_relu.cpp:68:47)
INFO: [HLS 214-131] Inlining function 'ap_int_base<42, true>::operator long long() const' into 'initial_conv_bn_relu(ap_uint<16>, ap_uint<16>, ap_uint<16>, ap_uint<16>, ap_uint<8>, ap_uint<8>, ap_uint<8>, ap_int<8>*, ap_int<8>*, ap_int<8>*, ap_int<8>*, ap_int<8>*, ap_int<8>*, ap_int<8>*)' (../ip/Ip1/initial_conv_bn_relu.cpp:65:36)
INFO: [HLS 214-131] Inlining function 'ap_int_base<41, true>::RType<8, false>::minus operator-<41, true, 8, false>(ap_int_base<41, true> const&, ap_int_base<8, false> const&)' into 'initial_conv_bn_relu(ap_uint<16>, ap_uint<16>, ap_uint<16>, ap_uint<16>, ap_uint<8>, ap_uint<8>, ap_uint<8>, ap_int<8>*, ap_int<8>*, ap_int<8>*, ap_int<8>*, ap_int<8>*, ap_int<8>*, ap_int<8>*)' (../ip/Ip1/initial_conv_bn_relu.cpp:65:52)
INFO: [HLS 214-131] Inlining function 'ap_int_base<40, true>::RType<($_0)32, true>::plus operator+<40, true>(ap_int_base<40, true> const&, int)' into 'initial_conv_bn_relu(ap_uint<16>, ap_uint<16>, ap_uint<16>, ap_uint<16>, ap_uint<8>, ap_uint<8>, ap_uint<8>, ap_int<8>*, ap_int<8>*, ap_int<8>*, ap_int<8>*, ap_int<8>*, ap_int<8>*, ap_int<8>*)' (../ip/Ip1/initial_conv_bn_relu.cpp:65:47)
INFO: [HLS 214-131] Inlining function 'ap_int_base<8, false>::RType<($_0)32, true>::mult operator*<8, false>(int, ap_int_base<8, false> const&)' into 'initial_conv_bn_relu(ap_uint<16>, ap_uint<16>, ap_uint<16>, ap_uint<16>, ap_uint<8>, ap_uint<8>, ap_uint<8>, ap_int<8>*, ap_int<8>*, ap_int<8>*, ap_int<8>*, ap_int<8>*, ap_int<8>*, ap_int<8>*)' (../ip/Ip1/initial_conv_bn_relu.cpp:65:38)
INFO: [HLS 214-131] Inlining function 'ap_int_base<42, true>::operator long long() const' into 'initial_conv_bn_relu(ap_uint<16>, ap_uint<16>, ap_uint<16>, ap_uint<16>, ap_uint<8>, ap_uint<8>, ap_uint<8>, ap_int<8>*, ap_int<8>*, ap_int<8>*, ap_int<8>*, ap_int<8>*, ap_int<8>*, ap_int<8>*)' (../ip/Ip1/initial_conv_bn_relu.cpp:64:36)
INFO: [HLS 214-131] Inlining function 'ap_int_base<41, true>::RType<8, false>::minus operator-<41, true, 8, false>(ap_int_base<41, true> const&, ap_int_base<8, false> const&)' into 'initial_conv_bn_relu(ap_uint<16>, ap_uint<16>, ap_uint<16>, ap_uint<16>, ap_uint<8>, ap_uint<8>, ap_uint<8>, ap_int<8>*, ap_int<8>*, ap_int<8>*, ap_int<8>*, ap_int<8>*, ap_int<8>*, ap_int<8>*)' (../ip/Ip1/initial_conv_bn_relu.cpp:64:52)
INFO: [HLS 214-131] Inlining function 'ap_int_base<40, true>::RType<($_0)32, true>::plus operator+<40, true>(ap_int_base<40, true> const&, int)' into 'initial_conv_bn_relu(ap_uint<16>, ap_uint<16>, ap_uint<16>, ap_uint<16>, ap_uint<8>, ap_uint<8>, ap_uint<8>, ap_int<8>*, ap_int<8>*, ap_int<8>*, ap_int<8>*, ap_int<8>*, ap_int<8>*, ap_int<8>*)' (../ip/Ip1/initial_conv_bn_relu.cpp:64:47)
INFO: [HLS 214-131] Inlining function 'ap_int_base<8, false>::RType<($_0)32, true>::mult operator*<8, false>(int, ap_int_base<8, false> const&)' into 'initial_conv_bn_relu(ap_uint<16>, ap_uint<16>, ap_uint<16>, ap_uint<16>, ap_uint<8>, ap_uint<8>, ap_uint<8>, ap_int<8>*, ap_int<8>*, ap_int<8>*, ap_int<8>*, ap_int<8>*, ap_int<8>*, ap_int<8>*)' (../ip/Ip1/initial_conv_bn_relu.cpp:64:38)
INFO: [HLS 214-131] Inlining function 'bool operator<<8, false>(int, ap_int_base<8, false> const&)' into 'initial_conv_bn_relu(ap_uint<16>, ap_uint<16>, ap_uint<16>, ap_uint<16>, ap_uint<8>, ap_uint<8>, ap_uint<8>, ap_int<8>*, ap_int<8>*, ap_int<8>*, ap_int<8>*, ap_int<8>*, ap_int<8>*, ap_int<8>*)' (../ip/Ip1/initial_conv_bn_relu.cpp:63:58)
INFO: [HLS 214-131] Inlining function 'bool operator<<8, false>(int, ap_int_base<8, false> const&)' into 'initial_conv_bn_relu(ap_uint<16>, ap_uint<16>, ap_uint<16>, ap_uint<16>, ap_uint<8>, ap_uint<8>, ap_uint<8>, ap_int<8>*, ap_int<8>*, ap_int<8>*, ap_int<8>*, ap_int<8>*, ap_int<8>*, ap_int<8>*)' (../ip/Ip1/initial_conv_bn_relu.cpp:62:54)
INFO: [HLS 214-131] Inlining function 'bool operator<<16, false>(int, ap_int_base<16, false> const&)' into 'initial_conv_bn_relu(ap_uint<16>, ap_uint<16>, ap_uint<16>, ap_uint<16>, ap_uint<8>, ap_uint<8>, ap_uint<8>, ap_int<8>*, ap_int<8>*, ap_int<8>*, ap_int<8>*, ap_int<8>*, ap_int<8>*, ap_int<8>*)' (../ip/Ip1/initial_conv_bn_relu.cpp:58:48)
INFO: [HLS 214-131] Inlining function 'bool operator<<16, false>(int, ap_int_base<16, false> const&)' into 'initial_conv_bn_relu(ap_uint<16>, ap_uint<16>, ap_uint<16>, ap_uint<16>, ap_uint<8>, ap_uint<8>, ap_uint<8>, ap_int<8>*, ap_int<8>*, ap_int<8>*, ap_int<8>*, ap_int<8>*, ap_int<8>*, ap_int<8>*)' (../ip/Ip1/initial_conv_bn_relu.cpp:57:44)
INFO: [HLS 214-131] Inlining function 'bool operator<<16, false>(int, ap_int_base<16, false> const&)' into 'initial_conv_bn_relu(ap_uint<16>, ap_uint<16>, ap_uint<16>, ap_uint<16>, ap_uint<8>, ap_uint<8>, ap_uint<8>, ap_int<8>*, ap_int<8>*, ap_int<8>*, ap_int<8>*, ap_int<8>*, ap_int<8>*, ap_int<8>*)' (../ip/Ip1/initial_conv_bn_relu.cpp:56:48)
INFO: [HLS 214-131] Inlining function 'ap_int_base<42, true>::RType<($_0)32, true>::plus operator+<42, true>(ap_int_base<42, true> const&, int)' into 'initial_conv_bn_relu(ap_uint<16>, ap_uint<16>, ap_uint<16>, ap_uint<16>, ap_uint<8>, ap_uint<8>, ap_uint<8>, ap_int<8>*, ap_int<8>*, ap_int<8>*, ap_int<8>*, ap_int<8>*, ap_int<8>*, ap_int<8>*)' (../ip/Ip1/initial_conv_bn_relu.cpp:53:59)
INFO: [HLS 214-131] Inlining function 'ap_int_base<42, true>::RType<8, false>::div operator/<42, true, 8, false>(ap_int_base<42, true> const&, ap_int_base<8, false> const&)' into 'initial_conv_bn_relu(ap_uint<16>, ap_uint<16>, ap_uint<16>, ap_uint<16>, ap_uint<8>, ap_uint<8>, ap_uint<8>, ap_int<8>*, ap_int<8>*, ap_int<8>*, ap_int<8>*, ap_int<8>*, ap_int<8>*, ap_int<8>*)' (../ip/Ip1/initial_conv_bn_relu.cpp:53:50)
INFO: [HLS 214-131] Inlining function 'ap_int_base<41, true>::RType<8, false>::minus operator-<41, true, 8, false>(ap_int_base<41, true> const&, ap_int_base<8, false> const&)' into 'initial_conv_bn_relu(ap_uint<16>, ap_uint<16>, ap_uint<16>, ap_uint<16>, ap_uint<8>, ap_uint<8>, ap_uint<8>, ap_int<8>*, ap_int<8>*, ap_int<8>*, ap_int<8>*, ap_int<8>*, ap_int<8>*, ap_int<8>*)' (../ip/Ip1/initial_conv_bn_relu.cpp:53:45)
INFO: [HLS 214-131] Inlining function 'ap_int_base<16, false>::RType<40, true>::plus operator+<16, false, 40, true>(ap_int_base<16, false> const&, ap_int_base<40, true> const&)' into 'initial_conv_bn_relu(ap_uint<16>, ap_uint<16>, ap_uint<16>, ap_uint<16>, ap_uint<8>, ap_uint<8>, ap_uint<8>, ap_int<8>*, ap_int<8>*, ap_int<8>*, ap_int<8>*, ap_int<8>*, ap_int<8>*, ap_int<8>*)' (../ip/Ip1/initial_conv_bn_relu.cpp:53:31)
INFO: [HLS 214-131] Inlining function 'ap_int_base<8, false>::RType<($_0)32, true>::mult operator*<8, false>(int, ap_int_base<8, false> const&)' into 'initial_conv_bn_relu(ap_uint<16>, ap_uint<16>, ap_uint<16>, ap_uint<16>, ap_uint<8>, ap_uint<8>, ap_uint<8>, ap_int<8>*, ap_int<8>*, ap_int<8>*, ap_int<8>*, ap_int<8>*, ap_int<8>*, ap_int<8>*)' (../ip/Ip1/initial_conv_bn_relu.cpp:53:35)
INFO: [HLS 214-131] Inlining function 'ap_int_base<42, true>::RType<($_0)32, true>::plus operator+<42, true>(ap_int_base<42, true> const&, int)' into 'initial_conv_bn_relu(ap_uint<16>, ap_uint<16>, ap_uint<16>, ap_uint<16>, ap_uint<8>, ap_uint<8>, ap_uint<8>, ap_int<8>*, ap_int<8>*, ap_int<8>*, ap_int<8>*, ap_int<8>*, ap_int<8>*, ap_int<8>*)' (../ip/Ip1/initial_conv_bn_relu.cpp:52:56)
INFO: [HLS 214-131] Inlining function 'ap_int_base<42, true>::RType<8, false>::div operator/<42, true, 8, false>(ap_int_base<42, true> const&, ap_int_base<8, false> const&)' into 'initial_conv_bn_relu(ap_uint<16>, ap_uint<16>, ap_uint<16>, ap_uint<16>, ap_uint<8>, ap_uint<8>, ap_uint<8>, ap_int<8>*, ap_int<8>*, ap_int<8>*, ap_int<8>*, ap_int<8>*, ap_int<8>*, ap_int<8>*)' (../ip/Ip1/initial_conv_bn_relu.cpp:52:47)
INFO: [HLS 214-131] Inlining function 'ap_int_base<41, true>::RType<8, false>::minus operator-<41, true, 8, false>(ap_int_base<41, true> const&, ap_int_base<8, false> const&)' into 'initial_conv_bn_relu(ap_uint<16>, ap_uint<16>, ap_uint<16>, ap_uint<16>, ap_uint<8>, ap_uint<8>, ap_uint<8>, ap_int<8>*, ap_int<8>*, ap_int<8>*, ap_int<8>*, ap_int<8>*, ap_int<8>*, ap_int<8>*)' (../ip/Ip1/initial_conv_bn_relu.cpp:52:42)
INFO: [HLS 214-131] Inlining function 'ap_int_base<16, false>::RType<40, true>::plus operator+<16, false, 40, true>(ap_int_base<16, false> const&, ap_int_base<40, true> const&)' into 'initial_conv_bn_relu(ap_uint<16>, ap_uint<16>, ap_uint<16>, ap_uint<16>, ap_uint<8>, ap_uint<8>, ap_uint<8>, ap_int<8>*, ap_int<8>*, ap_int<8>*, ap_int<8>*, ap_int<8>*, ap_int<8>*, ap_int<8>*)' (../ip/Ip1/initial_conv_bn_relu.cpp:52:28)
WARNING: [HLS 214-203] Replacing invalid offset value '20' with '48' for s_axilite port 'H_in'. (../ip/Ip1/initial_conv_bn_relu.cpp:15:17)
WARNING: [HLS 214-203] Replacing invalid offset value '28' with '56' for s_axilite port 'C_out'. (../ip/Ip1/initial_conv_bn_relu.cpp:15:17)
WARNING: [HLS 214-203] Replacing invalid offset value '36' with '64' for s_axilite port 'stride'. (../ip/Ip1/initial_conv_bn_relu.cpp:15:17)
INFO: [HLS 200-111] Finished Compiling Optimization and Transform: CPU user time: 1 seconds. CPU system time: 0 seconds. Elapsed time: 12.663 seconds; current allocated memory: 682.961 MB.
INFO: [HLS 200-111] Finished Checking Pragmas: CPU user time: 0 seconds. CPU system time: 0 seconds. Elapsed time: 0.004 seconds; current allocated memory: 682.961 MB.
INFO: [HLS 200-10] Starting code transformations ...
INFO: [HLS 200-111] Finished Standard Transforms: CPU user time: 0 seconds. CPU system time: 0 seconds. Elapsed time: 0.159 seconds; current allocated memory: 698.375 MB.
INFO: [HLS 200-10] Checking synthesizability ...
INFO: [HLS 200-111] Finished Checking Synthesizability: CPU user time: 0 seconds. CPU system time: 0 seconds. Elapsed time: 0.117 seconds; current allocated memory: 711.293 MB.
INFO: [XFORM 203-510] Pipelining loop 'VITIS_LOOP_69_6' (../ip/Ip1/initial_conv_bn_relu.cpp:59) in function 'initial_conv_bn_relu' automatically.
INFO: [XFORM 203-11] Balancing expressions in function 'initial_conv_bn_relu' (../ip/Ip1/initial_conv_bn_relu.cpp:13:46)...3 expression(s) balanced.
INFO: [HLS 200-111] Finished Loop, function and other optimizations: CPU user time: 0 seconds. CPU system time: 0 seconds. Elapsed time: 0.181 seconds; current allocated memory: 744.367 MB.
WARNING: [HLS 200-960] Cannot flatten loop 'VITIS_LOOP_63_5' (../ip/Ip1/initial_conv_bn_relu.cpp:59:27) in function 'initial_conv_bn_relu' the outer loop is not a perfect loop because there is nontrivial logic before entering the inner loop.
INFO: [XFORM 203-541] Flattening a loop nest 'VITIS_LOOP_62_4' (../ip/Ip1/initial_conv_bn_relu.cpp:59:27) in function 'initial_conv_bn_relu'.
WARNING: [HLS 200-960] Cannot flatten loop 'VITIS_LOOP_58_3' (../ip/Ip1/initial_conv_bn_relu.cpp:58:39) in function 'initial_conv_bn_relu' the outer loop is not a perfect loop because there is nontrivial logic in the loop latch.
INFO: [XFORM 203-541] Flattening a loop nest 'VITIS_LOOP_57_2' (../ip/Ip1/initial_conv_bn_relu.cpp:57:35) in function 'initial_conv_bn_relu'.
INFO: [XFORM 203-541] Flattening a loop nest 'VITIS_LOOP_56_1' (../ip/Ip1/initial_conv_bn_relu.cpp:56:31) in function 'initial_conv_bn_relu'.
INFO: [HLS 200-111] Finished Architecture Synthesis: CPU user time: 0 seconds. CPU system time: 0 seconds. Elapsed time: 0.258 seconds; current allocated memory: 751.039 MB.
INFO: [HLS 200-10] Starting hardware synthesis ...
INFO: [HLS 200-10] Synthesizing 'initial_conv_bn_relu' ...
INFO: [HLS 200-10] ----------------------------------------------------------------
INFO: [HLS 200-42] -- Implementing module 'initial_conv_bn_relu_Pipeline_VITIS_LOOP_69_6' 
INFO: [HLS 200-10] ----------------------------------------------------------------
INFO: [SCHED 204-11] Starting scheduling ...
INFO: [HLS 200-486] Changing DSP latency (root=ret_V) to 3 in order to utilize available DSP registers.
INFO: [SCHED 204-61] Pipelining loop 'VITIS_LOOP_69_6'.
WARNING: [HLS 200-885] The II Violation in module 'initial_conv_bn_relu_Pipeline_VITIS_LOOP_69_6' (loop 'VITIS_LOOP_69_6'): Unable to schedule bus request operation ('rhs_V_req') on port 'gmem0' due to limited memory ports (II = 1). Please consider using a memory core with more ports or partitioning the array.
INFO: [SCHED 204-61] Discarding stage scheduling solution.
INFO: [HLS 200-1470] Pipelining result : Target II = NA, Final II = 2, Depth = 16, loop 'VITIS_LOOP_69_6'
INFO: [SCHED 204-11] Finished scheduling.
INFO: [HLS 200-111] Finished Scheduling: CPU user time: 0 seconds. CPU system time: 0 seconds. Elapsed time: 0.934 seconds; current allocated memory: 756.340 MB.
INFO: [BIND 205-100] Starting micro-architecture generation ...
INFO: [BIND 205-101] Performing variable lifetime analysis.
INFO: [BIND 205-101] Exploring resource sharing.
INFO: [BIND 205-101] Binding ...
INFO: [BIND 205-100] Finished micro-architecture generation.
INFO: [HLS 200-111] Finished Binding: CPU user time: 1 seconds. CPU system time: 0 seconds. Elapsed time: 0.167 seconds; current allocated memory: 757.527 MB.
INFO: [HLS 200-10] ----------------------------------------------------------------
INFO: [HLS 200-42] -- Implementing module 'initial_conv_bn_relu' 
INFO: [HLS 200-10] ----------------------------------------------------------------
INFO: [SCHED 204-11] Starting scheduling ...
INFO: [HLS 200-486] Changing DSP latency (root=mul_ln13_1) to 3 in order to utilize available DSP registers.
INFO: [HLS 200-486] Changing DSP latency (root=mul_ln56) to 3 in order to utilize available DSP registers.
INFO: [HLS 200-486] Changing DSP latency (root=mul_ln541) to 3 in order to utilize available DSP registers.
INFO: [HLS 200-486] Changing DSP latency (root=empty) to 3 in order to utilize available DSP registers.
INFO: [HLS 200-486] Changing DSP latency (root=empty_34) to 3 in order to utilize available DSP registers.
INFO: [HLS 200-486] Changing DSP latency (root=mul_ln541_1) to 3 in order to utilize available DSP registers.
INFO: [HLS 200-486] Changing DSP latency (root=p_mid1) to 3 in order to utilize available DSP registers.
INFO: [HLS 200-486] Changing DSP latency (root=add_ln1027_6) to 3 in order to utilize available DSP registers.
INFO: [HLS 200-486] Changing DSP latency (root=mul_ln541_2) to 3 in order to utilize available DSP registers.
INFO: [SCHED 204-11] Finished scheduling.
INFO: [HLS 200-111] Finished Scheduling: CPU user time: 0 seconds. CPU system time: 0 seconds. Elapsed time: 0.659 seconds; current allocated memory: 760.301 MB.
INFO: [BIND 205-100] Starting micro-architecture generation ...
INFO: [BIND 205-101] Performing variable lifetime analysis.
INFO: [BIND 205-101] Exploring resource sharing.
INFO: [BIND 205-101] Binding ...
INFO: [BIND 205-100] Finished micro-architecture generation.
INFO: [HLS 200-111] Finished Binding: CPU user time: 0 seconds. CPU system time: 0 seconds. Elapsed time: 0.483 seconds; current allocated memory: 760.410 MB.
INFO: [HLS 200-10] ----------------------------------------------------------------
INFO: [HLS 200-10] -- Generating RTL for module 'initial_conv_bn_relu_Pipeline_VITIS_LOOP_69_6' 
INFO: [HLS 200-10] ----------------------------------------------------------------
INFO: [HLS 200-1030] Apply Unified Pipeline Control on module 'initial_conv_bn_relu_Pipeline_VITIS_LOOP_69_6' pipeline 'VITIS_LOOP_69_6' pipeline type 'loop pipeline'
INFO: [RTGEN 206-100] Generating core module 'mac_muladd_8s_8s_32s_32_4_1': 1 instance(s).
INFO: [RTGEN 206-100] Generating core module 'mul_32s_16ns_32_1_1': 1 instance(s).
INFO: [RTGEN 206-100] Finished creating RTL model for 'initial_conv_bn_relu_Pipeline_VITIS_LOOP_69_6'.
INFO: [HLS 200-111] Finished Creating RTL model: CPU user time: 0 seconds. CPU system time: 0 seconds. Elapsed time: 0.495 seconds; current allocated memory: 762.938 MB.
INFO: [HLS 200-10] ----------------------------------------------------------------
INFO: [HLS 200-10] -- Generating RTL for module 'initial_conv_bn_relu' 
INFO: [HLS 200-10] ----------------------------------------------------------------
WARNING: [RTGEN 206-101] Design contains AXI ports. Reset is fixed to synchronous and active low.
INFO: [RTGEN 206-500] Setting interface mode on port 'initial_conv_bn_relu/gmem0' to 'm_axi'.
INFO: [RTGEN 206-500] Setting interface mode on port 'initial_conv_bn_relu/C_in' to 's_axilite & ap_none' (register).
INFO: [RTGEN 206-500] Setting interface mode on port 'initial_conv_bn_relu/H_in' to 's_axilite & ap_none' (register).
INFO: [RTGEN 206-500] Setting interface mode on port 'initial_conv_bn_relu/W_in' to 's_axilite & ap_none' (register).
INFO: [RTGEN 206-500] Setting interface mode on port 'initial_conv_bn_relu/C_out' to 's_axilite & ap_none' (register).
INFO: [RTGEN 206-500] Setting interface mode on port 'initial_conv_bn_relu/K' to 's_axilite & ap_none' (register).
INFO: [RTGEN 206-500] Setting interface mode on port 'initial_conv_bn_relu/stride' to 's_axilite & ap_none' (register).
INFO: [RTGEN 206-500] Setting interface mode on port 'initial_conv_bn_relu/padding' to 's_axilite & ap_none' (register).
INFO: [RTGEN 206-500] Setting interface mode on port 'initial_conv_bn_relu/feature_in' to 's_axilite & ap_none'.
INFO: [RTGEN 206-500] Setting interface mode on port 'initial_conv_bn_relu/conv_kernel' to 's_axilite & ap_none'.
INFO: [RTGEN 206-500] Setting interface mode on port 'initial_conv_bn_relu/bn_mean' to 's_axilite & ap_none'.
INFO: [RTGEN 206-500] Setting interface mode on port 'initial_conv_bn_relu/bn_var' to 's_axilite & ap_none'.
INFO: [RTGEN 206-500] Setting interface mode on port 'initial_conv_bn_relu/bn_gamma' to 's_axilite & ap_none'.
INFO: [RTGEN 206-500] Setting interface mode on port 'initial_conv_bn_relu/bn_beta' to 's_axilite & ap_none'.
INFO: [RTGEN 206-500] Setting interface mode on port 'initial_conv_bn_relu/feature_out' to 's_axilite & ap_none'.
INFO: [RTGEN 206-500] Setting interface mode on function 'initial_conv_bn_relu' to 's_axilite & ap_ctrl_hs'.
INFO: [RTGEN 206-100] Bundling port 'C_in', 'W_in', 'K', 'padding', 'H_in', 'C_out', 'stride', 'feature_in', 'conv_kernel', 'bn_mean', 'bn_var', 'bn_gamma', 'bn_beta', 'feature_out' to AXI-Lite port control.
INFO: [RTGEN 206-100] Generating core module 'ama_addmuladd_8ns_24ns_16ns_8ns_32_4_1': 1 instance(s).
INFO: [RTGEN 206-100] Generating core module 'mul_16ns_32ns_48_1_1': 1 instance(s).
INFO: [RTGEN 206-100] Generating core module 'mul_32s_16ns_32_1_1': 2 instance(s).
INFO: [RTGEN 206-100] Generating core module 'mul_32s_17ns_48_1_1': 1 instance(s).
INFO: [RTGEN 206-100] Generating core module 'mul_32s_8s_32_1_1': 1 instance(s).
INFO: [RTGEN 206-100] Generating core module 'mul_8ns_8ns_16_1_1': 2 instance(s).
INFO: [RTGEN 206-100] Generating core module 'mul_mul_16ns_16ns_32_4_1': 4 instance(s).
INFO: [RTGEN 206-100] Generating core module 'mul_mul_16ns_8ns_24_4_1': 3 instance(s).
INFO: [RTGEN 206-100] Generating core module 'mul_mul_8ns_17s_25_4_1': 1 instance(s).
INFO: [RTGEN 206-100] Generating core module 'sdiv_18ns_9ns_16_22_seq_1': 2 instance(s).
INFO: [RTGEN 206-100] Generating core module 'udiv_17s_8ns_17_21_seq_1': 1 instance(s).
INFO: [RTGEN 206-100] Finished creating RTL model for 'initial_conv_bn_relu'.
INFO: [HLS 200-111] Finished Creating RTL model: CPU user time: 1 seconds. CPU system time: 0 seconds. Elapsed time: 1.502 seconds; current allocated memory: 769.008 MB.
INFO: [HLS 200-111] Finished Generating all RTL models: CPU user time: 1 seconds. CPU system time: 1 seconds. Elapsed time: 2.187 seconds; current allocated memory: 775.883 MB.
INFO: [HLS 200-111] Finished Updating report files: CPU user time: 0 seconds. CPU system time: 0 seconds. Elapsed time: 1.556 seconds; current allocated memory: 781.258 MB.
INFO: [VHDL 208-304] Generating VHDL RTL for initial_conv_bn_relu.
INFO: [VLOG 209-307] Generating Verilog RTL for initial_conv_bn_relu.
INFO: [HLS 200-790] **** Loop Constraint Status: All loop constraints were NOT satisfied.
INFO: [HLS 200-789] **** Estimated Fmax: 136.99 MHz
INFO: [HLS 200-111] Finished Command csynth_design CPU user time: 4 seconds. CPU system time: 1 seconds. Elapsed time: 26.279 seconds; current allocated memory: 105.449 MB.
INFO: [HLS 200-112] Total CPU user time: 7 seconds. Total CPU system time: 2 seconds. Total elapsed time: 39.038 seconds; peak allocated memory: 782.367 MB.
==============================================================
Vitis HLS - High-Level Synthesis from C, C++ and OpenCL v2022.2 (64-bit)
Tool Version Limit: 2019.12
Copyright 1986-2022 Xilinx, Inc. All Rights Reserved.
==============================================================
INFO: [SYN 201-201] Setting up clock 'default' with a period of 10ns.
INFO: [HLS 200-1611] Setting target device to 'xc7z020-clg400-2'
INFO: [HLS 200-1505] Using flow_target 'vivado'
INFO: [HLS 200-1464] Running solution command: config_export -format=ip_catalog
INFO: [HLS 200-1464] Running solution command: config_export -rtl=verilog
INFO: [HLS 200-1510] Running: set_part xc7z020-clg400-2 
INFO: [HLS 200-1510] Running: create_clock -period 10 -name default 
INFO: [HLS 200-1510] Running: config_export -format ip_catalog -rtl verilog 
INFO: [HLS 200-1510] Running: source ./ip1/solution1/directives.tcl
INFO: [HLS 200-1510] Running: set_directive_top -name initial_conv_bn_relu initial_conv_bn_relu 
INFO: [HLS 200-1510] Running: export_design -rtl verilog -format ip_catalog 
INFO: [IMPL 213-8] Exporting RTL as a Vivado IP.
INFO: [HLS 200-802] Generated output file ip1/solution1/impl/export.zip
INFO: [HLS 200-111] Finished Command export_design CPU user time: 3 seconds. CPU system time: 0 seconds. Elapsed time: 43.905 seconds; current allocated memory: 9.066 MB.
INFO: [HLS 200-112] Total CPU user time: 5 seconds. Total CPU system time: 1 seconds. Total elapsed time: 56.835 seconds; peak allocated memory: 691.270 MB.
==============================================================
Vitis HLS - High-Level Synthesis from C, C++ and OpenCL v2022.2 (64-bit)
Tool Version Limit: 2019.12
Copyright 1986-2022 Xilinx, Inc. All Rights Reserved.
==============================================================
INFO: [SYN 201-201] Setting up clock 'default' with a period of 10ns.
INFO: [HLS 200-1611] Setting target device to 'xc7z020-clg400-2'
INFO: [HLS 200-1505] Using flow_target 'vivado'
INFO: [HLS 200-1464] Running solution command: config_export -format=ip_catalog
INFO: [HLS 200-1464] Running solution command: config_export -rtl=verilog
INFO: [HLS 200-1510] Running: set_part xc7z020-clg400-2 
INFO: [HLS 200-1510] Running: create_clock -period 10 -name default 
INFO: [HLS 200-1510] Running: config_export -format ip_catalog -rtl verilog 
INFO: [HLS 200-1510] Running: source ./ip1/solution1/directives.tcl
INFO: [HLS 200-1510] Running: set_directive_top -name initial_conv_bn_relu initial_conv_bn_relu 
INFO: [HLS 200-1510] Running: csim_design -setup -quiet 
INFO: [SIM 211-2] *************** CSIM start ***************
INFO: [SIM 211-4] CSIM will launch GCC as the compiler.
INFO: [SIM 211-1] CSim file generation done with 0 errors.
INFO: [SIM 211-3] *************** CSIM finish ***************
INFO: [HLS 200-111] Finished Command csim_design CPU user time: 0 seconds. CPU system time: 0 seconds. Elapsed time: 11.289 seconds; current allocated memory: 0.258 MB.
INFO: [HLS 200-112] Total CPU user time: 3 seconds. Total CPU system time: 1 seconds. Total elapsed time: 24.297 seconds; peak allocated memory: 681.508 MB.
==============================================================
Vitis HLS - High-Level Synthesis from C, C++ and OpenCL v2022.2 (64-bit)
Tool Version Limit: 2019.12
Copyright 1986-2022 Xilinx, Inc. All Rights Reserved.
==============================================================
INFO: [SYN 201-201] Setting up clock 'default' with a period of 10ns.
INFO: [HLS 200-1611] Setting target device to 'xc7z020-clg400-2'
INFO: [HLS 200-1505] Using flow_target 'vivado'
INFO: [HLS 200-1464] Running solution command: config_export -format=ip_catalog
INFO: [HLS 200-1464] Running solution command: config_export -rtl=verilog
INFO: [HLS 200-1510] Running: set_part xc7z020-clg400-2 
INFO: [HLS 200-1510] Running: create_clock -period 10 -name default 
INFO: [HLS 200-1510] Running: config_export -format ip_catalog -rtl verilog 
INFO: [HLS 200-1510] Running: source ./ip1/solution1/directives.tcl
INFO: [HLS 200-1510] Running: set_directive_top -name initial_conv_bn_relu initial_conv_bn_relu 
INFO: [HLS 200-1510] Running: csynth_design 
INFO: [HLS 200-111] Finished File checks and directory preparation: CPU user time: 0 seconds. CPU system time: 0 seconds. Elapsed time: 10.061 seconds; current allocated memory: 677.078 MB.
INFO: [HLS 200-10] Analyzing design file '../ip/Ip1/initial_conv_bn_relu.cpp' ... 
INFO: [HLS 200-111] Finished Source Code Analysis and Preprocessing: CPU user time: 0 seconds. CPU system time: 0 seconds. Elapsed time: 4.227 seconds; current allocated memory: 678.957 MB.
INFO: [HLS 200-777] Using interface defaults for 'Vivado' flow target.
INFO: [HLS 214-131] Inlining function 'ssdm_int<32, true>::ssdm_int(int)' into 'ap_int_base<32, true>::ap_int_base(int)' (D:/Xilinx/Vitis_HLS/2022.2/common/technology/autopilot\ap_int_base.h:214:67)
INFO: [HLS 214-131] Inlining function '_ZN8ssdm_intILi40ELb1EEC2EDq40_i' into 'ap_int_base<40, true>::ap_int_base<32, true>(ap_int_base<32, true> const&)' (D:/Xilinx/Vitis_HLS/2022.2/common/technology/autopilot\ap_int_base.h:185:106)
INFO: [HLS 214-131] Inlining function '_ZN8ssdm_intILi40ELb1EEC2EDq40_i' into 'ap_int_base<40, true>::ap_int_base<8, false>(ap_int_base<8, false> const&)' (D:/Xilinx/Vitis_HLS/2022.2/common/technology/autopilot\ap_int_base.h:185:106)
INFO: [HLS 214-131] Inlining function '_ZN8ssdm_intILi40ELb1EEC2EDq40_i' into 'ap_int_base<40, true>::ap_int_base(int)' (D:/Xilinx/Vitis_HLS/2022.2/common/technology/autopilot\ap_int_base.h:214:67)
INFO: [HLS 214-131] Inlining function 'ap_int_base<40, true>::ap_int_base<32, true>(ap_int_base<32, true> const&)' into 'ap_int_base<32, true>::RType<8, false>::mult operator*<32, true, 8, false>(ap_int_base<32, true> const&, ap_int_base<8, false> const&)' (D:/Xilinx/Vitis_HLS/2022.2/common/technology/autopilot\ap_int_base.h:1494:339)
INFO: [HLS 214-131] Inlining function 'ap_int_base<40, true>::ap_int_base(int)' into 'ap_int_base<32, true>::RType<8, false>::mult operator*<32, true, 8, false>(ap_int_base<32, true> const&, ap_int_base<8, false> const&)' (D:/Xilinx/Vitis_HLS/2022.2/common/technology/autopilot\ap_int_base.h:1494:516)
INFO: [HLS 214-131] Inlining function 'ap_int_base<40, true>::ap_int_base<8, false>(ap_int_base<8, false> const&)' into 'ap_int_base<32, true>::RType<8, false>::mult operator*<32, true, 8, false>(ap_int_base<32, true> const&, ap_int_base<8, false> const&)' (D:/Xilinx/Vitis_HLS/2022.2/common/technology/autopilot\ap_int_base.h:1494:427)
INFO: [HLS 214-131] Inlining function 'ap_int_base<32, true>::ap_int_base(int)' into 'ap_int_base<8, false>::RType<($_0)32, true>::mult operator*<8, false>(int, ap_int_base<8, false> const&)' (D:/Xilinx/Vitis_HLS/2022.2/common/technology/autopilot\ap_int_base.h:1633:216)
INFO: [HLS 214-131] Inlining function 'ap_int_base<32, true>::RType<8, false>::mult operator*<32, true, 8, false>(ap_int_base<32, true> const&, ap_int_base<8, false> const&)' into 'ap_int_base<8, false>::RType<($_0)32, true>::mult operator*<8, false>(int, ap_int_base<8, false> const&)' (D:/Xilinx/Vitis_HLS/2022.2/common/technology/autopilot\ap_int_base.h:1633:254)
INFO: [HLS 214-131] Inlining function '_ZN8ssdm_intILi41ELb1EEC2EDq41_i' into 'ap_int_base<41, true>::ap_int_base<16, false>(ap_int_base<16, false> const&)' (D:/Xilinx/Vitis_HLS/2022.2/common/technology/autopilot\ap_int_base.h:185:106)
INFO: [HLS 214-131] Inlining function '_ZN8ssdm_intILi41ELb1EEC2EDq41_i' into 'ap_int_base<41, true>::ap_int_base<40, true>(ap_int_base<40, true> const&)' (D:/Xilinx/Vitis_HLS/2022.2/common/technology/autopilot\ap_int_base.h:185:106)
INFO: [HLS 214-131] Inlining function '_ZN8ssdm_intILi41ELb1EEC2EDq41_i' into 'ap_int_base<41, true>::ap_int_base(int)' (D:/Xilinx/Vitis_HLS/2022.2/common/technology/autopilot\ap_int_base.h:214:67)
INFO: [HLS 214-131] Inlining function 'ap_int_base<41, true>::ap_int_base<16, false>(ap_int_base<16, false> const&)' into 'ap_int_base<16, false>::RType<40, true>::plus operator+<16, false, 40, true>(ap_int_base<16, false> const&, ap_int_base<40, true> const&)' (D:/Xilinx/Vitis_HLS/2022.2/common/technology/autopilot\ap_int_base.h:1495:339)
INFO: [HLS 214-131] Inlining function 'ap_int_base<41, true>::ap_int_base(int)' into 'ap_int_base<16, false>::RType<40, true>::plus operator+<16, false, 40, true>(ap_int_base<16, false> const&, ap_int_base<40, true> const&)' (D:/Xilinx/Vitis_HLS/2022.2/common/technology/autopilot\ap_int_base.h:1495:516)
INFO: [HLS 214-131] Inlining function 'ap_int_base<41, true>::ap_int_base<40, true>(ap_int_base<40, true> const&)' into 'ap_int_base<16, false>::RType<40, true>::plus operator+<16, false, 40, true>(ap_int_base<16, false> const&, ap_int_base<40, true> const&)' (D:/Xilinx/Vitis_HLS/2022.2/common/technology/autopilot\ap_int_base.h:1495:427)
INFO: [HLS 214-131] Inlining function '_ZN8ssdm_intILi42ELb1EEC2EDq42_i' into 'ap_int_base<42, true>::ap_int_base<41, true>(ap_int_base<41, true> const&)' (D:/Xilinx/Vitis_HLS/2022.2/common/technology/autopilot\ap_int_base.h:185:106)
INFO: [HLS 214-131] Inlining function '_ZN8ssdm_intILi42ELb1EEC2EDq42_i' into 'ap_int_base<42, true>::ap_int_base<8, false>(ap_int_base<8, false> const&)' (D:/Xilinx/Vitis_HLS/2022.2/common/technology/autopilot\ap_int_base.h:185:106)
INFO: [HLS 214-131] Inlining function '_ZN8ssdm_intILi42ELb1EEC2EDq42_i' into 'ap_int_base<42, true>::ap_int_base(int)' (D:/Xilinx/Vitis_HLS/2022.2/common/technology/autopilot\ap_int_base.h:214:67)
INFO: [HLS 214-131] Inlining function 'ap_int_base<42, true>::ap_int_base<41, true>(ap_int_base<41, true> const&)' into 'ap_int_base<41, true>::RType<8, false>::minus operator-<41, true, 8, false>(ap_int_base<41, true> const&, ap_int_base<8, false> const&)' (D:/Xilinx/Vitis_HLS/2022.2/common/technology/autopilot\ap_int_base.h:1496:341)
INFO: [HLS 214-131] Inlining function 'ap_int_base<42, true>::ap_int_base(int)' into 'ap_int_base<41, true>::RType<8, false>::minus operator-<41, true, 8, false>(ap_int_base<41, true> const&, ap_int_base<8, false> const&)' (D:/Xilinx/Vitis_HLS/2022.2/common/technology/autopilot\ap_int_base.h:1496:520)
INFO: [HLS 214-131] Inlining function 'ap_int_base<42, true>::ap_int_base<8, false>(ap_int_base<8, false> const&)' into 'ap_int_base<41, true>::RType<8, false>::minus operator-<41, true, 8, false>(ap_int_base<41, true> const&, ap_int_base<8, false> const&)' (D:/Xilinx/Vitis_HLS/2022.2/common/technology/autopilot\ap_int_base.h:1496:430)
INFO: [HLS 214-131] Inlining function 'ap_int_base<42, true>::ap_int_base(int)' into 'ap_int_base<42, true>::RType<8, false>::div operator/<42, true, 8, false>(ap_int_base<42, true> const&, ap_int_base<8, false> const&)' (D:/Xilinx/Vitis_HLS/2022.2/common/technology/autopilot\ap_int_base.h:1513:337)
INFO: [HLS 214-131] Inlining function '_ZN8ssdm_intILi43ELb1EEC2EDq43_i' into 'ap_int_base<43, true>::ap_int_base<42, true>(ap_int_base<42, true> const&)' (D:/Xilinx/Vitis_HLS/2022.2/common/technology/autopilot\ap_int_base.h:185:106)
INFO: [HLS 214-131] Inlining function '_ZN8ssdm_intILi43ELb1EEC2EDq43_i' into 'ap_int_base<43, true>::ap_int_base<32, true>(ap_int_base<32, true> const&)' (D:/Xilinx/Vitis_HLS/2022.2/common/technology/autopilot\ap_int_base.h:185:106)
INFO: [HLS 214-131] Inlining function '_ZN8ssdm_intILi43ELb1EEC2EDq43_i' into 'ap_int_base<43, true>::ap_int_base(int)' (D:/Xilinx/Vitis_HLS/2022.2/common/technology/autopilot\ap_int_base.h:214:67)
INFO: [HLS 214-131] Inlining function 'ap_int_base<43, true>::ap_int_base<42, true>(ap_int_base<42, true> const&)' into 'ap_int_base<42, true>::RType<32, true>::plus operator+<42, true, 32, true>(ap_int_base<42, true> const&, ap_int_base<32, true> const&)' (D:/Xilinx/Vitis_HLS/2022.2/common/technology/autopilot\ap_int_base.h:1495:339)
INFO: [HLS 214-131] Inlining function 'ap_int_base<43, true>::ap_int_base(int)' into 'ap_int_base<42, true>::RType<32, true>::plus operator+<42, true, 32, true>(ap_int_base<42, true> const&, ap_int_base<32, true> const&)' (D:/Xilinx/Vitis_HLS/2022.2/common/technology/autopilot\ap_int_base.h:1495:516)
INFO: [HLS 214-131] Inlining function 'ap_int_base<43, true>::ap_int_base<32, true>(ap_int_base<32, true> const&)' into 'ap_int_base<42, true>::RType<32, true>::plus operator+<42, true, 32, true>(ap_int_base<42, true> const&, ap_int_base<32, true> const&)' (D:/Xilinx/Vitis_HLS/2022.2/common/technology/autopilot\ap_int_base.h:1495:427)
INFO: [HLS 214-131] Inlining function 'ap_int_base<32, true>::ap_int_base(int)' into 'ap_int_base<42, true>::RType<($_0)32, true>::plus operator+<42, true>(ap_int_base<42, true> const&, int)' (D:/Xilinx/Vitis_HLS/2022.2/common/technology/autopilot\ap_int_base.h:1633:1006)
INFO: [HLS 214-131] Inlining function 'ap_int_base<42, true>::RType<32, true>::plus operator+<42, true, 32, true>(ap_int_base<42, true> const&, ap_int_base<32, true> const&)' into 'ap_int_base<42, true>::RType<($_0)32, true>::plus operator+<42, true>(ap_int_base<42, true> const&, int)' (D:/Xilinx/Vitis_HLS/2022.2/common/technology/autopilot\ap_int_base.h:1633:1004)
INFO: [HLS 214-131] Inlining function 'ssdm_int<16, false>::ssdm_int(unsigned short)' into 'ap_int_base<16, false>::ap_int_base<43, true>(ap_int_base<43, true> const&)' (D:/Xilinx/Vitis_HLS/2022.2/common/technology/autopilot\ap_int_base.h:185:106)
INFO: [HLS 214-131] Inlining function 'ap_int_base<16, false>::ap_int_base<43, true>(ap_int_base<43, true> const&)' into 'ap_uint<16>::ap_uint<43>(ap_int<43> const&)'
INFO: [HLS 214-131] Inlining function 'ap_int_base<32, true>::ap_int_base(int)' into 'bool operator<<16, false>(int, ap_int_base<16, false> const&)' (D:/Xilinx/Vitis_HLS/2022.2/common/technology/autopilot\ap_int_base.h:1788:520)
INFO: [HLS 214-131] Inlining function 'bool ap_int_base<32, true>::operator<<16, false>(ap_int_base<16, false> const&) const' into 'bool operator<<16, false>(int, ap_int_base<16, false> const&)' (D:/Xilinx/Vitis_HLS/2022.2/common/technology/autopilot\ap_int_base.h:1788:558)
INFO: [HLS 214-131] Inlining function 'ap_int_base<32, true>::ap_int_base(int)' into 'ap_int<32>::ap_int(int)'
INFO: [HLS 214-131] Inlining function 'ap_int_base<32, true>::ap_int_base(int)' into 'bool operator<<8, false>(int, ap_int_base<8, false> const&)' (D:/Xilinx/Vitis_HLS/2022.2/common/technology/autopilot\ap_int_base.h:1788:520)
INFO: [HLS 214-131] Inlining function 'bool ap_int_base<32, true>::operator<<8, false>(ap_int_base<8, false> const&) const' into 'bool operator<<8, false>(int, ap_int_base<8, false> const&)' (D:/Xilinx/Vitis_HLS/2022.2/common/technology/autopilot\ap_int_base.h:1788:558)
INFO: [HLS 214-131] Inlining function '_ZN8ssdm_intILi41ELb1EEC2EDq41_i' into 'ap_int_base<41, true>::ap_int_base<32, true>(ap_int_base<32, true> const&)' (D:/Xilinx/Vitis_HLS/2022.2/common/technology/autopilot\ap_int_base.h:185:106)
INFO: [HLS 214-131] Inlining function 'ap_int_base<41, true>::ap_int_base<40, true>(ap_int_base<40, true> const&)' into 'ap_int_base<40, true>::RType<32, true>::plus operator+<40, true, 32, true>(ap_int_base<40, true> const&, ap_int_base<32, true> const&)' (D:/Xilinx/Vitis_HLS/2022.2/common/technology/autopilot\ap_int_base.h:1495:339)
INFO: [HLS 214-131] Inlining function 'ap_int_base<41, true>::ap_int_base(int)' into 'ap_int_base<40, true>::RType<32, true>::plus operator+<40, true, 32, true>(ap_int_base<40, true> const&, ap_int_base<32, true> const&)' (D:/Xilinx/Vitis_HLS/2022.2/common/technology/autopilot\ap_int_base.h:1495:516)
INFO: [HLS 214-131] Inlining function 'ap_int_base<41, true>::ap_int_base<32, true>(ap_int_base<32, true> const&)' into 'ap_int_base<40, true>::RType<32, true>::plus operator+<40, true, 32, true>(ap_int_base<40, true> const&, ap_int_base<32, true> const&)' (D:/Xilinx/Vitis_HLS/2022.2/common/technology/autopilot\ap_int_base.h:1495:427)
INFO: [HLS 214-131] Inlining function 'ap_int_base<32, true>::ap_int_base(int)' into 'ap_int_base<40, true>::RType<($_0)32, true>::plus operator+<40, true>(ap_int_base<40, true> const&, int)' (D:/Xilinx/Vitis_HLS/2022.2/common/technology/autopilot\ap_int_base.h:1633:1006)
INFO: [HLS 214-131] Inlining function 'ap_int_base<40, true>::RType<32, true>::plus operator+<40, true, 32, true>(ap_int_base<40, true> const&, ap_int_base<32, true> const&)' into 'ap_int_base<40, true>::RType<($_0)32, true>::plus operator+<40, true>(ap_int_base<40, true> const&, int)' (D:/Xilinx/Vitis_HLS/2022.2/common/technology/autopilot\ap_int_base.h:1633:1004)
INFO: [HLS 214-131] Inlining function '_ZN8ssdm_intILi48ELb1EEC2EDq48_i' into 'ap_int_base<48, true>::ap_int_base<32, true>(ap_int_base<32, true> const&)' (D:/Xilinx/Vitis_HLS/2022.2/common/technology/autopilot\ap_int_base.h:185:106)
INFO: [HLS 214-131] Inlining function '_ZN8ssdm_intILi48ELb1EEC2EDq48_i' into 'ap_int_base<48, true>::ap_int_base<16, false>(ap_int_base<16, false> const&)' (D:/Xilinx/Vitis_HLS/2022.2/common/technology/autopilot\ap_int_base.h:185:106)
INFO: [HLS 214-131] Inlining function '_ZN8ssdm_intILi48ELb1EEC2EDq48_i' into 'ap_int_base<48, true>::ap_int_base(int)' (D:/Xilinx/Vitis_HLS/2022.2/common/technology/autopilot\ap_int_base.h:214:67)
INFO: [HLS 214-131] Inlining function 'ap_int_base<48, true>::ap_int_base<32, true>(ap_int_base<32, true> const&)' into 'ap_int_base<32, true>::RType<16, false>::mult operator*<32, true, 16, false>(ap_int_base<32, true> const&, ap_int_base<16, false> const&)' (D:/Xilinx/Vitis_HLS/2022.2/common/technology/autopilot\ap_int_base.h:1494:339)
INFO: [HLS 214-131] Inlining function 'ap_int_base<48, true>::ap_int_base(int)' into 'ap_int_base<32, true>::RType<16, false>::mult operator*<32, true, 16, false>(ap_int_base<32, true> const&, ap_int_base<16, false> const&)' (D:/Xilinx/Vitis_HLS/2022.2/common/technology/autopilot\ap_int_base.h:1494:516)
INFO: [HLS 214-131] Inlining function 'ap_int_base<48, true>::ap_int_base<16, false>(ap_int_base<16, false> const&)' into 'ap_int_base<32, true>::RType<16, false>::mult operator*<32, true, 16, false>(ap_int_base<32, true> const&, ap_int_base<16, false> const&)' (D:/Xilinx/Vitis_HLS/2022.2/common/technology/autopilot\ap_int_base.h:1494:427)
INFO: [HLS 214-131] Inlining function 'ap_int_base<32, true>::ap_int_base(int)' into 'ap_int_base<16, false>::RType<($_0)32, true>::mult operator*<16, false>(int, ap_int_base<16, false> const&)' (D:/Xilinx/Vitis_HLS/2022.2/common/technology/autopilot\ap_int_base.h:1633:216)
INFO: [HLS 214-131] Inlining function 'ap_int_base<32, true>::RType<16, false>::mult operator*<32, true, 16, false>(ap_int_base<32, true> const&, ap_int_base<16, false> const&)' into 'ap_int_base<16, false>::RType<($_0)32, true>::mult operator*<16, false>(int, ap_int_base<16, false> const&)' (D:/Xilinx/Vitis_HLS/2022.2/common/technology/autopilot\ap_int_base.h:1633:254)
INFO: [HLS 214-131] Inlining function 'ssdm_int<64, true>::ssdm_int(long)' into 'ap_int_base<64, true>::ap_int_base<48, true>(ap_int_base<48, true> const&)' (D:/Xilinx/Vitis_HLS/2022.2/common/technology/autopilot\ap_int_base.h:185:106)
INFO: [HLS 214-131] Inlining function 'ssdm_int<64, true>::ssdm_int(long)' into 'ap_int_base<64, true>::ap_int_base<16, false>(ap_int_base<16, false> const&)' (D:/Xilinx/Vitis_HLS/2022.2/common/technology/autopilot\ap_int_base.h:185:106)
INFO: [HLS 214-131] Inlining function 'ssdm_int<64, true>::ssdm_int(long)' into 'ap_int_base<64, true>::ap_int_base(int)' (D:/Xilinx/Vitis_HLS/2022.2/common/technology/autopilot\ap_int_base.h:214:67)
INFO: [HLS 214-131] Inlining function 'ap_int_base<64, true>::ap_int_base<48, true>(ap_int_base<48, true> const&)' into 'ap_int_base<48, true>::RType<16, false>::mult operator*<48, true, 16, false>(ap_int_base<48, true> const&, ap_int_base<16, false> const&)' (D:/Xilinx/Vitis_HLS/2022.2/common/technology/autopilot\ap_int_base.h:1494:339)
INFO: [HLS 214-131] Inlining function 'ap_int_base<64, true>::ap_int_base(int)' into 'ap_int_base<48, true>::RType<16, false>::mult operator*<48, true, 16, false>(ap_int_base<48, true> const&, ap_int_base<16, false> const&)' (D:/Xilinx/Vitis_HLS/2022.2/common/technology/autopilot\ap_int_base.h:1494:516)
INFO: [HLS 214-131] Inlining function 'ap_int_base<64, true>::ap_int_base<16, false>(ap_int_base<16, false> const&)' into 'ap_int_base<48, true>::RType<16, false>::mult operator*<48, true, 16, false>(ap_int_base<48, true> const&, ap_int_base<16, false> const&)' (D:/Xilinx/Vitis_HLS/2022.2/common/technology/autopilot\ap_int_base.h:1494:427)
INFO: [HLS 214-131] Inlining function '_ZN8ssdm_intILi65ELb1EEC2EDq65_i' into 'ap_int_base<65, true>::ap_int_base<64, true>(ap_int_base<64, true> const&)' (D:/Xilinx/Vitis_HLS/2022.2/common/technology/autopilot\ap_int_base.h:185:106)
INFO: [HLS 214-131] Inlining function '_ZN8ssdm_intILi65ELb1EEC2EDq65_i' into 'ap_int_base<65, true>::ap_int_base<48, true>(ap_int_base<48, true> const&)' (D:/Xilinx/Vitis_HLS/2022.2/common/technology/autopilot\ap_int_base.h:185:106)
INFO: [HLS 214-131] Inlining function '_ZN8ssdm_intILi65ELb1EEC2EDq65_i' into 'ap_int_base<65, true>::ap_int_base(int)' (D:/Xilinx/Vitis_HLS/2022.2/common/technology/autopilot\ap_int_base.h:214:67)
INFO: [HLS 214-131] Inlining function 'ap_int_base<65, true>::ap_int_base<64, true>(ap_int_base<64, true> const&)' into 'ap_int_base<64, true>::RType<48, true>::plus operator+<64, true, 48, true>(ap_int_base<64, true> const&, ap_int_base<48, true> const&)' (D:/Xilinx/Vitis_HLS/2022.2/common/technology/autopilot\ap_int_base.h:1495:339)
INFO: [HLS 214-131] Inlining function 'ap_int_base<65, true>::ap_int_base(int)' into 'ap_int_base<64, true>::RType<48, true>::plus operator+<64, true, 48, true>(ap_int_base<64, true> const&, ap_int_base<48, true> const&)' (D:/Xilinx/Vitis_HLS/2022.2/common/technology/autopilot\ap_int_base.h:1495:516)
INFO: [HLS 214-131] Inlining function 'ap_int_base<65, true>::ap_int_base<48, true>(ap_int_base<48, true> const&)' into 'ap_int_base<64, true>::RType<48, true>::plus operator+<64, true, 48, true>(ap_int_base<64, true> const&, ap_int_base<48, true> const&)' (D:/Xilinx/Vitis_HLS/2022.2/common/technology/autopilot\ap_int_base.h:1495:427)
INFO: [HLS 214-131] Inlining function '_ZN8ssdm_intILi66ELb1EEC2EDq66_i' into 'ap_int_base<66, true>::ap_int_base<65, true>(ap_int_base<65, true> const&)' (D:/Xilinx/Vitis_HLS/2022.2/common/technology/autopilot\ap_int_base.h:185:106)
INFO: [HLS 214-131] Inlining function '_ZN8ssdm_intILi66ELb1EEC2EDq66_i' into 'ap_int_base<66, true>::ap_int_base<32, true>(ap_int_base<32, true> const&)' (D:/Xilinx/Vitis_HLS/2022.2/common/technology/autopilot\ap_int_base.h:185:106)
INFO: [HLS 214-131] Inlining function '_ZN8ssdm_intILi66ELb1EEC2EDq66_i' into 'ap_int_base<66, true>::ap_int_base(int)' (D:/Xilinx/Vitis_HLS/2022.2/common/technology/autopilot\ap_int_base.h:214:67)
INFO: [HLS 214-131] Inlining function 'ap_int_base<66, true>::ap_int_base<65, true>(ap_int_base<65, true> const&)' into 'ap_int_base<65, true>::RType<32, true>::plus operator+<65, true, 32, true>(ap_int_base<65, true> const&, ap_int_base<32, true> const&)' (D:/Xilinx/Vitis_HLS/2022.2/common/technology/autopilot\ap_int_base.h:1495:339)
INFO: [HLS 214-131] Inlining function 'ap_int_base<66, true>::ap_int_base(int)' into 'ap_int_base<65, true>::RType<32, true>::plus operator+<65, true, 32, true>(ap_int_base<65, true> const&, ap_int_base<32, true> const&)' (D:/Xilinx/Vitis_HLS/2022.2/common/technology/autopilot\ap_int_base.h:1495:516)
INFO: [HLS 214-131] Inlining function 'ap_int_base<66, true>::ap_int_base<32, true>(ap_int_base<32, true> const&)' into 'ap_int_base<65, true>::RType<32, true>::plus operator+<65, true, 32, true>(ap_int_base<65, true> const&, ap_int_base<32, true> const&)' (D:/Xilinx/Vitis_HLS/2022.2/common/technology/autopilot\ap_int_base.h:1495:427)
INFO: [HLS 214-131] Inlining function 'ap_int_base<32, true>::ap_int_base(int)' into 'ap_int_base<65, true>::RType<($_0)32, true>::plus operator+<65, true>(ap_int_base<65, true> const&, int)' (D:/Xilinx/Vitis_HLS/2022.2/common/technology/autopilot\ap_int_base.h:1633:1006)
INFO: [HLS 214-131] Inlining function 'ap_int_base<65, true>::RType<32, true>::plus operator+<65, true, 32, true>(ap_int_base<65, true> const&, ap_int_base<32, true> const&)' into 'ap_int_base<65, true>::RType<($_0)32, true>::plus operator+<65, true>(ap_int_base<65, true> const&, int)' (D:/Xilinx/Vitis_HLS/2022.2/common/technology/autopilot\ap_int_base.h:1633:1004)
INFO: [HLS 214-131] Inlining function '_ZN8ssdm_intILi56ELb1EEC2EDq56_i' into 'ap_int_base<56, true>::ap_int_base<40, true>(ap_int_base<40, true> const&)' (D:/Xilinx/Vitis_HLS/2022.2/common/technology/autopilot\ap_int_base.h:185:106)
INFO: [HLS 214-131] Inlining function '_ZN8ssdm_intILi56ELb1EEC2EDq56_i' into 'ap_int_base<56, true>::ap_int_base<16, false>(ap_int_base<16, false> const&)' (D:/Xilinx/Vitis_HLS/2022.2/common/technology/autopilot\ap_int_base.h:185:106)
INFO: [HLS 214-131] Inlining function '_ZN8ssdm_intILi56ELb1EEC2EDq56_i' into 'ap_int_base<56, true>::ap_int_base(int)' (D:/Xilinx/Vitis_HLS/2022.2/common/technology/autopilot\ap_int_base.h:214:67)
INFO: [HLS 214-131] Inlining function 'ap_int_base<56, true>::ap_int_base<40, true>(ap_int_base<40, true> const&)' into 'ap_int_base<40, true>::RType<16, false>::mult operator*<40, true, 16, false>(ap_int_base<40, true> const&, ap_int_base<16, false> const&)' (D:/Xilinx/Vitis_HLS/2022.2/common/technology/autopilot\ap_int_base.h:1494:339)
INFO: [HLS 214-131] Inlining function 'ap_int_base<56, true>::ap_int_base(int)' into 'ap_int_base<40, true>::RType<16, false>::mult operator*<40, true, 16, false>(ap_int_base<40, true> const&, ap_int_base<16, false> const&)' (D:/Xilinx/Vitis_HLS/2022.2/common/technology/autopilot\ap_int_base.h:1494:516)
INFO: [HLS 214-131] Inlining function 'ap_int_base<56, true>::ap_int_base<16, false>(ap_int_base<16, false> const&)' into 'ap_int_base<40, true>::RType<16, false>::mult operator*<40, true, 16, false>(ap_int_base<40, true> const&, ap_int_base<16, false> const&)' (D:/Xilinx/Vitis_HLS/2022.2/common/technology/autopilot\ap_int_base.h:1494:427)
INFO: [HLS 214-131] Inlining function '_ZN8ssdm_intILi72ELb1EEC2EDq72_i' into 'ap_int_base<72, true>::ap_int_base<56, true>(ap_int_base<56, true> const&)' (D:/Xilinx/Vitis_HLS/2022.2/common/technology/autopilot\ap_int_base.h:185:106)
INFO: [HLS 214-131] Inlining function '_ZN8ssdm_intILi72ELb1EEC2EDq72_i' into 'ap_int_base<72, true>::ap_int_base<16, false>(ap_int_base<16, false> const&)' (D:/Xilinx/Vitis_HLS/2022.2/common/technology/autopilot\ap_int_base.h:185:106)
INFO: [HLS 214-131] Inlining function '_ZN8ssdm_intILi72ELb1EEC2EDq72_i' into 'ap_int_base<72, true>::ap_int_base(int)' (D:/Xilinx/Vitis_HLS/2022.2/common/technology/autopilot\ap_int_base.h:214:67)
INFO: [HLS 214-131] Inlining function 'ap_int_base<72, true>::ap_int_base<56, true>(ap_int_base<56, true> const&)' into 'ap_int_base<56, true>::RType<16, false>::mult operator*<56, true, 16, false>(ap_int_base<56, true> const&, ap_int_base<16, false> const&)' (D:/Xilinx/Vitis_HLS/2022.2/common/technology/autopilot\ap_int_base.h:1494:339)
INFO: [HLS 214-131] Inlining function 'ap_int_base<72, true>::ap_int_base(int)' into 'ap_int_base<56, true>::RType<16, false>::mult operator*<56, true, 16, false>(ap_int_base<56, true> const&, ap_int_base<16, false> const&)' (D:/Xilinx/Vitis_HLS/2022.2/common/technology/autopilot\ap_int_base.h:1494:516)
INFO: [HLS 214-131] Inlining function 'ap_int_base<72, true>::ap_int_base<16, false>(ap_int_base<16, false> const&)' into 'ap_int_base<56, true>::RType<16, false>::mult operator*<56, true, 16, false>(ap_int_base<56, true> const&, ap_int_base<16, false> const&)' (D:/Xilinx/Vitis_HLS/2022.2/common/technology/autopilot\ap_int_base.h:1494:427)
INFO: [HLS 214-131] Inlining function '_ZN8ssdm_intILi73ELb1EEC2EDq73_i' into 'ap_int_base<73, true>::ap_int_base<72, true>(ap_int_base<72, true> const&)' (D:/Xilinx/Vitis_HLS/2022.2/common/technology/autopilot\ap_int_base.h:185:106)
INFO: [HLS 214-131] Inlining function '_ZN8ssdm_intILi73ELb1EEC2EDq73_i' into 'ap_int_base<73, true>::ap_int_base<64, true>(ap_int_base<64, true> const&)' (D:/Xilinx/Vitis_HLS/2022.2/common/technology/autopilot\ap_int_base.h:185:106)
INFO: [HLS 214-131] Inlining function '_ZN8ssdm_intILi73ELb1EEC2EDq73_i' into 'ap_int_base<73, true>::ap_int_base(int)' (D:/Xilinx/Vitis_HLS/2022.2/common/technology/autopilot\ap_int_base.h:214:67)
INFO: [HLS 214-131] Inlining function 'ap_int_base<73, true>::ap_int_base<72, true>(ap_int_base<72, true> const&)' into 'ap_int_base<72, true>::RType<64, true>::plus operator+<72, true, 64, true>(ap_int_base<72, true> const&, ap_int_base<64, true> const&)' (D:/Xilinx/Vitis_HLS/2022.2/common/technology/autopilot\ap_int_base.h:1495:339)
INFO: [HLS 214-131] Inlining function 'ap_int_base<73, true>::ap_int_base(int)' into 'ap_int_base<72, true>::RType<64, true>::plus operator+<72, true, 64, true>(ap_int_base<72, true> const&, ap_int_base<64, true> const&)' (D:/Xilinx/Vitis_HLS/2022.2/common/technology/autopilot\ap_int_base.h:1495:516)
INFO: [HLS 214-131] Inlining function 'ap_int_base<73, true>::ap_int_base<64, true>(ap_int_base<64, true> const&)' into 'ap_int_base<72, true>::RType<64, true>::plus operator+<72, true, 64, true>(ap_int_base<72, true> const&, ap_int_base<64, true> const&)' (D:/Xilinx/Vitis_HLS/2022.2/common/technology/autopilot\ap_int_base.h:1495:427)
INFO: [HLS 214-131] Inlining function '_ZN8ssdm_intILi74ELb1EEC2EDq74_i' into 'ap_int_base<74, true>::ap_int_base<73, true>(ap_int_base<73, true> const&)' (D:/Xilinx/Vitis_HLS/2022.2/common/technology/autopilot\ap_int_base.h:185:106)
INFO: [HLS 214-131] Inlining function '_ZN8ssdm_intILi74ELb1EEC2EDq74_i' into 'ap_int_base<74, true>::ap_int_base<48, true>(ap_int_base<48, true> const&)' (D:/Xilinx/Vitis_HLS/2022.2/common/technology/autopilot\ap_int_base.h:185:106)
INFO: [HLS 214-131] Inlining function '_ZN8ssdm_intILi74ELb1EEC2EDq74_i' into 'ap_int_base<74, true>::ap_int_base(int)' (D:/Xilinx/Vitis_HLS/2022.2/common/technology/autopilot\ap_int_base.h:214:67)
INFO: [HLS 214-131] Inlining function 'ap_int_base<74, true>::ap_int_base<73, true>(ap_int_base<73, true> const&)' into 'ap_int_base<73, true>::RType<48, true>::plus operator+<73, true, 48, true>(ap_int_base<73, true> const&, ap_int_base<48, true> const&)' (D:/Xilinx/Vitis_HLS/2022.2/common/technology/autopilot\ap_int_base.h:1495:339)
INFO: [HLS 214-131] Inlining function 'ap_int_base<74, true>::ap_int_base(int)' into 'ap_int_base<73, true>::RType<48, true>::plus operator+<73, true, 48, true>(ap_int_base<73, true> const&, ap_int_base<48, true> const&)' (D:/Xilinx/Vitis_HLS/2022.2/common/technology/autopilot\ap_int_base.h:1495:516)
INFO: [HLS 214-131] Inlining function 'ap_int_base<74, true>::ap_int_base<48, true>(ap_int_base<48, true> const&)' into 'ap_int_base<73, true>::RType<48, true>::plus operator+<73, true, 48, true>(ap_int_base<73, true> const&, ap_int_base<48, true> const&)' (D:/Xilinx/Vitis_HLS/2022.2/common/technology/autopilot\ap_int_base.h:1495:427)
INFO: [HLS 214-131] Inlining function '_ZN8ssdm_intILi75ELb1EEC2EDq75_i' into 'ap_int_base<75, true>::ap_int_base<74, true>(ap_int_base<74, true> const&)' (D:/Xilinx/Vitis_HLS/2022.2/common/technology/autopilot\ap_int_base.h:185:106)
INFO: [HLS 214-131] Inlining function '_ZN8ssdm_intILi75ELb1EEC2EDq75_i' into 'ap_int_base<75, true>::ap_int_base<32, true>(ap_int_base<32, true> const&)' (D:/Xilinx/Vitis_HLS/2022.2/common/technology/autopilot\ap_int_base.h:185:106)
INFO: [HLS 214-131] Inlining function '_ZN8ssdm_intILi75ELb1EEC2EDq75_i' into 'ap_int_base<75, true>::ap_int_base(int)' (D:/Xilinx/Vitis_HLS/2022.2/common/technology/autopilot\ap_int_base.h:214:67)
INFO: [HLS 214-131] Inlining function 'ap_int_base<75, true>::ap_int_base<74, true>(ap_int_base<74, true> const&)' into 'ap_int_base<74, true>::RType<32, true>::plus operator+<74, true, 32, true>(ap_int_base<74, true> const&, ap_int_base<32, true> const&)' (D:/Xilinx/Vitis_HLS/2022.2/common/technology/autopilot\ap_int_base.h:1495:339)
INFO: [HLS 214-131] Inlining function 'ap_int_base<75, true>::ap_int_base(int)' into 'ap_int_base<74, true>::RType<32, true>::plus operator+<74, true, 32, true>(ap_int_base<74, true> const&, ap_int_base<32, true> const&)' (D:/Xilinx/Vitis_HLS/2022.2/common/technology/autopilot\ap_int_base.h:1495:516)
INFO: [HLS 214-131] Inlining function 'ap_int_base<75, true>::ap_int_base<32, true>(ap_int_base<32, true> const&)' into 'ap_int_base<74, true>::RType<32, true>::plus operator+<74, true, 32, true>(ap_int_base<74, true> const&, ap_int_base<32, true> const&)' (D:/Xilinx/Vitis_HLS/2022.2/common/technology/autopilot\ap_int_base.h:1495:427)
INFO: [HLS 214-131] Inlining function 'ap_int_base<32, true>::ap_int_base(int)' into 'ap_int_base<74, true>::RType<($_0)32, true>::plus operator+<74, true>(ap_int_base<74, true> const&, int)' (D:/Xilinx/Vitis_HLS/2022.2/common/technology/autopilot\ap_int_base.h:1633:1006)
INFO: [HLS 214-131] Inlining function 'ap_int_base<74, true>::RType<32, true>::plus operator+<74, true, 32, true>(ap_int_base<74, true> const&, ap_int_base<32, true> const&)' into 'ap_int_base<74, true>::RType<($_0)32, true>::plus operator+<74, true>(ap_int_base<74, true> const&, int)' (D:/Xilinx/Vitis_HLS/2022.2/common/technology/autopilot\ap_int_base.h:1633:1004)
INFO: [HLS 214-131] Inlining function 'ssdm_int<16, true>::ssdm_int(short)' into 'ap_int_base<16, true>::ap_int_base<8, true>(ap_int_base<8, true> const&)' (D:/Xilinx/Vitis_HLS/2022.2/common/technology/autopilot\ap_int_base.h:185:106)
INFO: [HLS 214-131] Inlining function 'ssdm_int<16, true>::ssdm_int(short)' into 'ap_int_base<16, true>::ap_int_base(int)' (D:/Xilinx/Vitis_HLS/2022.2/common/technology/autopilot\ap_int_base.h:214:67)
INFO: [HLS 214-131] Inlining function 'ap_int_base<16, true>::ap_int_base<8, true>(ap_int_base<8, true> const&)' into 'ap_int_base<8, true>::RType<8, true>::mult operator*<8, true, 8, true>(ap_int_base<8, true> const&, ap_int_base<8, true> const&)' (D:/Xilinx/Vitis_HLS/2022.2/common/technology/autopilot\ap_int_base.h:1494:339)
INFO: [HLS 214-131] Inlining function 'ap_int_base<16, true>::ap_int_base(int)' into 'ap_int_base<8, true>::RType<8, true>::mult operator*<8, true, 8, true>(ap_int_base<8, true> const&, ap_int_base<8, true> const&)' (D:/Xilinx/Vitis_HLS/2022.2/common/technology/autopilot\ap_int_base.h:1494:516)
INFO: [HLS 214-131] Inlining function 'ap_int_base<16, true>::ap_int_base<8, true>(ap_int_base<8, true> const&)' into 'ap_int_base<8, true>::RType<8, true>::mult operator*<8, true, 8, true>(ap_int_base<8, true> const&, ap_int_base<8, true> const&)' (D:/Xilinx/Vitis_HLS/2022.2/common/technology/autopilot\ap_int_base.h:1494:427)
INFO: [HLS 214-131] Inlining function 'ssdm_int<32, true>::ssdm_int(int)' into 'ap_int_base<32, true>::ap_int_base<8, true>(ap_int_base<8, true> const&)' (D:/Xilinx/Vitis_HLS/2022.2/common/technology/autopilot\ap_int_base.h:185:106)
INFO: [HLS 214-131] Inlining function 'ap_int_base<32, true>::ap_int_base<8, true>(ap_int_base<8, true> const&)' into 'ap_int<32>::ap_int<8>(ap_int<8> const&)'
INFO: [HLS 214-131] Inlining function '_ZN8ssdm_intILi33ELb1EEC2EDq33_i' into 'ap_int_base<33, true>::ap_int_base<32, true>(ap_int_base<32, true> const&)' (D:/Xilinx/Vitis_HLS/2022.2/common/technology/autopilot\ap_int_base.h:185:106)
INFO: [HLS 214-131] Inlining function '_ZN8ssdm_intILi33ELb1EEC2EDq33_i' into 'ap_int_base<33, true>::ap_int_base(int)' (D:/Xilinx/Vitis_HLS/2022.2/common/technology/autopilot\ap_int_base.h:214:67)
INFO: [HLS 214-131] Inlining function 'ap_int_base<33, true>::ap_int_base<32, true>(ap_int_base<32, true> const&)' into 'ap_int_base<32, true>::RType<32, true>::plus operator+<32, true, 32, true>(ap_int_base<32, true> const&, ap_int_base<32, true> const&)' (D:/Xilinx/Vitis_HLS/2022.2/common/technology/autopilot\ap_int_base.h:1495:339)
INFO: [HLS 214-131] Inlining function 'ap_int_base<33, true>::ap_int_base(int)' into 'ap_int_base<32, true>::RType<32, true>::plus operator+<32, true, 32, true>(ap_int_base<32, true> const&, ap_int_base<32, true> const&)' (D:/Xilinx/Vitis_HLS/2022.2/common/technology/autopilot\ap_int_base.h:1495:516)
INFO: [HLS 214-131] Inlining function 'ap_int_base<33, true>::ap_int_base<32, true>(ap_int_base<32, true> const&)' into 'ap_int_base<32, true>::RType<32, true>::plus operator+<32, true, 32, true>(ap_int_base<32, true> const&, ap_int_base<32, true> const&)' (D:/Xilinx/Vitis_HLS/2022.2/common/technology/autopilot\ap_int_base.h:1495:427)
INFO: [HLS 214-131] Inlining function 'ap_int_base<32, true>::ap_int_base(int)' into 'ap_int_base<32, true>::RType<($_0)32, true>::plus operator+<32, true>(int, ap_int_base<32, true> const&)' (D:/Xilinx/Vitis_HLS/2022.2/common/technology/autopilot\ap_int_base.h:1633:739)
INFO: [HLS 214-131] Inlining function 'ap_int_base<32, true>::RType<32, true>::plus operator+<32, true, 32, true>(ap_int_base<32, true> const&, ap_int_base<32, true> const&)' into 'ap_int_base<32, true>::RType<($_0)32, true>::plus operator+<32, true>(int, ap_int_base<32, true> const&)' (D:/Xilinx/Vitis_HLS/2022.2/common/technology/autopilot\ap_int_base.h:1633:777)
INFO: [HLS 214-131] Inlining function 'ssdm_int<32, true>::ssdm_int(int)' into 'ap_int_base<32, true>::ap_int_base<33, true>(ap_int_base<33, true> const&)' (D:/Xilinx/Vitis_HLS/2022.2/common/technology/autopilot\ap_int_base.h:185:106)
INFO: [HLS 214-131] Inlining function 'ap_int_base<32, true>::ap_int_base<33, true>(ap_int_base<33, true> const&)' into 'ap_int<32>::ap_int<33>(ap_int<33> const&)'
INFO: [HLS 214-131] Inlining function 'ap_int_base<33, true>::ap_int_base(int)' into 'ap_int_base<32, true>::RType<32, true>::div operator/<32, true, 32, true>(ap_int_base<32, true> const&, ap_int_base<32, true> const&)' (D:/Xilinx/Vitis_HLS/2022.2/common/technology/autopilot\ap_int_base.h:1513:337)
INFO: [HLS 214-131] Inlining function 'ap_int_base<32, true>::ap_int_base(int)' into 'ap_int_base<32, true>::RType<($_0)32, true>::div operator/<32, true>(int, ap_int_base<32, true> const&)' (D:/Xilinx/Vitis_HLS/2022.2/common/technology/autopilot\ap_int_base.h:1633:1786)
INFO: [HLS 214-131] Inlining function 'ap_int_base<32, true>::RType<32, true>::div operator/<32, true, 32, true>(ap_int_base<32, true> const&, ap_int_base<32, true> const&)' into 'ap_int_base<32, true>::RType<($_0)32, true>::div operator/<32, true>(int, ap_int_base<32, true> const&)' (D:/Xilinx/Vitis_HLS/2022.2/common/technology/autopilot\ap_int_base.h:1633:1824)
INFO: [HLS 214-131] Inlining function 'ap_int_base<33, true>::ap_int_base<32, true>(ap_int_base<32, true> const&)' into 'ap_int_base<32, true>::RType<32, true>::minus operator-<32, true, 32, true>(ap_int_base<32, true> const&, ap_int_base<32, true> const&)' (D:/Xilinx/Vitis_HLS/2022.2/common/technology/autopilot\ap_int_base.h:1496:341)
INFO: [HLS 214-131] Inlining function 'ap_int_base<33, true>::ap_int_base(int)' into 'ap_int_base<32, true>::RType<32, true>::minus operator-<32, true, 32, true>(ap_int_base<32, true> const&, ap_int_base<32, true> const&)' (D:/Xilinx/Vitis_HLS/2022.2/common/technology/autopilot\ap_int_base.h:1496:520)
INFO: [HLS 214-131] Inlining function 'ap_int_base<33, true>::ap_int_base<32, true>(ap_int_base<32, true> const&)' into 'ap_int_base<32, true>::RType<32, true>::minus operator-<32, true, 32, true>(ap_int_base<32, true> const&, ap_int_base<32, true> const&)' (D:/Xilinx/Vitis_HLS/2022.2/common/technology/autopilot\ap_int_base.h:1496:430)
INFO: [HLS 214-131] Inlining function '_ZN8ssdm_intILi65ELb1EEC2EDq65_i' into 'ap_int_base<65, true>::ap_int_base<33, true>(ap_int_base<33, true> const&)' (D:/Xilinx/Vitis_HLS/2022.2/common/technology/autopilot\ap_int_base.h:185:106)
INFO: [HLS 214-131] Inlining function '_ZN8ssdm_intILi65ELb1EEC2EDq65_i' into 'ap_int_base<65, true>::ap_int_base<32, true>(ap_int_base<32, true> const&)' (D:/Xilinx/Vitis_HLS/2022.2/common/technology/autopilot\ap_int_base.h:185:106)
INFO: [HLS 214-131] Inlining function 'ap_int_base<65, true>::ap_int_base<33, true>(ap_int_base<33, true> const&)' into 'ap_int_base<33, true>::RType<32, true>::mult operator*<33, true, 32, true>(ap_int_base<33, true> const&, ap_int_base<32, true> const&)' (D:/Xilinx/Vitis_HLS/2022.2/common/technology/autopilot\ap_int_base.h:1494:339)
INFO: [HLS 214-131] Inlining function 'ap_int_base<65, true>::ap_int_base(int)' into 'ap_int_base<33, true>::RType<32, true>::mult operator*<33, true, 32, true>(ap_int_base<33, true> const&, ap_int_base<32, true> const&)' (D:/Xilinx/Vitis_HLS/2022.2/common/technology/autopilot\ap_int_base.h:1494:516)
INFO: [HLS 214-131] Inlining function 'ap_int_base<65, true>::ap_int_base<32, true>(ap_int_base<32, true> const&)' into 'ap_int_base<33, true>::RType<32, true>::mult operator*<33, true, 32, true>(ap_int_base<33, true> const&, ap_int_base<32, true> const&)' (D:/Xilinx/Vitis_HLS/2022.2/common/technology/autopilot\ap_int_base.h:1494:427)
INFO: [HLS 214-131] Inlining function 'ssdm_int<32, true>::ssdm_int(int)' into 'ap_int_base<32, true>::ap_int_base<65, true>(ap_int_base<65, true> const&)' (D:/Xilinx/Vitis_HLS/2022.2/common/technology/autopilot\ap_int_base.h:185:106)
INFO: [HLS 214-131] Inlining function 'ap_int_base<32, true>::ap_int_base<65, true>(ap_int_base<65, true> const&)' into 'ap_int<32>::ap_int<65>(ap_int<65> const&)'
INFO: [HLS 214-131] Inlining function 'ssdm_int<64, true>::ssdm_int(long)' into 'ap_int_base<64, true>::ap_int_base<32, true>(ap_int_base<32, true> const&)' (D:/Xilinx/Vitis_HLS/2022.2/common/technology/autopilot\ap_int_base.h:185:106)
INFO: [HLS 214-131] Inlining function 'ap_int_base<64, true>::ap_int_base<32, true>(ap_int_base<32, true> const&)' into 'ap_int_base<32, true>::RType<32, true>::mult operator*<32, true, 32, true>(ap_int_base<32, true> const&, ap_int_base<32, true> const&)' (D:/Xilinx/Vitis_HLS/2022.2/common/technology/autopilot\ap_int_base.h:1494:339)
INFO: [HLS 214-131] Inlining function 'ap_int_base<64, true>::ap_int_base(int)' into 'ap_int_base<32, true>::RType<32, true>::mult operator*<32, true, 32, true>(ap_int_base<32, true> const&, ap_int_base<32, true> const&)' (D:/Xilinx/Vitis_HLS/2022.2/common/technology/autopilot\ap_int_base.h:1494:516)
INFO: [HLS 214-131] Inlining function 'ap_int_base<64, true>::ap_int_base<32, true>(ap_int_base<32, true> const&)' into 'ap_int_base<32, true>::RType<32, true>::mult operator*<32, true, 32, true>(ap_int_base<32, true> const&, ap_int_base<32, true> const&)' (D:/Xilinx/Vitis_HLS/2022.2/common/technology/autopilot\ap_int_base.h:1494:427)
INFO: [HLS 214-131] Inlining function 'ap_int_base<64, true>::ap_int_base(int)' into 'ap_int_base<64, true>::RType<64, true>::arg1 operator>><64, true>(ap_int_base<64, true> const&, int)' (D:/Xilinx/Vitis_HLS/2022.2/common/technology/autopilot\ap_int_base.h:1669:558)
INFO: [HLS 214-131] Inlining function 'ssdm_int<32, true>::ssdm_int(int)' into 'ap_int_base<32, true>::ap_int_base<64, true>(ap_int_base<64, true> const&)' (D:/Xilinx/Vitis_HLS/2022.2/common/technology/autopilot\ap_int_base.h:185:106)
INFO: [HLS 214-131] Inlining function 'ap_int_base<32, true>::ap_int_base<64, true>(ap_int_base<64, true> const&)' into 'ap_int<32>::ap_int<64>(ap_int<64> const&)'
INFO: [HLS 214-131] Inlining function 'ap_int_base<32, true>::RType<($_0)32, true>::plus operator+<32, true>(int, ap_int_base<32, true> const&)' into 'unified_batch_norm(ap_int<32>, ap_int<32>, ap_int<32>, ap_int<32>, ap_int<32>)' (../ip/Ip1/initial_conv_bn_relu.cpp:19:30)
INFO: [HLS 214-131] Inlining function 'ap_int_base<32, true>& ap_int_base<32, true>::operator+=<32, true>(ap_int_base<32, true> const&)' into 'unified_batch_norm(ap_int<32>, ap_int<32>, ap_int<32>, ap_int<32>, ap_int<32>)' (../ip/Ip1/initial_conv_bn_relu.cpp:31:12)
INFO: [HLS 214-131] Inlining function 'ap_int_base<64, true>::RType<64, true>::arg1 operator>><64, true>(ap_int_base<64, true> const&, int)' into 'unified_batch_norm(ap_int<32>, ap_int<32>, ap_int<32>, ap_int<32>, ap_int<32>)' (../ip/Ip1/initial_conv_bn_relu.cpp:28:33)
INFO: [HLS 214-131] Inlining function 'ap_int_base<32, true>::RType<32, true>::mult operator*<32, true, 32, true>(ap_int_base<32, true> const&, ap_int_base<32, true> const&)' into 'unified_batch_norm(ap_int<32>, ap_int<32>, ap_int<32>, ap_int<32>, ap_int<32>)' (../ip/Ip1/initial_conv_bn_relu.cpp:28:22)
INFO: [HLS 214-131] Inlining function 'ap_int_base<33, true>::RType<32, true>::mult operator*<33, true, 32, true>(ap_int_base<33, true> const&, ap_int_base<32, true> const&)' into 'unified_batch_norm(ap_int<32>, ap_int<32>, ap_int<32>, ap_int<32>, ap_int<32>)' (../ip/Ip1/initial_conv_bn_relu.cpp:27:43)
INFO: [HLS 214-131] Inlining function 'ap_int_base<32, true>::RType<32, true>::minus operator-<32, true, 32, true>(ap_int_base<32, true> const&, ap_int_base<32, true> const&)' into 'unified_batch_norm(ap_int<32>, ap_int<32>, ap_int<32>, ap_int<32>, ap_int<32>)' (../ip/Ip1/initial_conv_bn_relu.cpp:27:35)
INFO: [HLS 214-131] Inlining function 'ap_int_base<32, true>::RType<($_0)32, true>::div operator/<32, true>(int, ap_int_base<32, true> const&)' into 'unified_batch_norm(ap_int<32>, ap_int<32>, ap_int<32>, ap_int<32>, ap_int<32>)' (../ip/Ip1/initial_conv_bn_relu.cpp:23:35)
INFO: [HLS 214-131] Inlining function 'ap_int_base<32, true>::ap_int_base(int)' into 'bool operator><32, true>(ap_int_base<32, true> const&, int)' (D:/Xilinx/Vitis_HLS/2022.2/common/technology/autopilot\ap_int_base.h:1788:337)
INFO: [HLS 214-131] Inlining function 'bool ap_int_base<32, true>::operator><32, true>(ap_int_base<32, true> const&) const' into 'bool operator><32, true>(ap_int_base<32, true> const&, int)' (D:/Xilinx/Vitis_HLS/2022.2/common/technology/autopilot\ap_int_base.h:1788:335)
INFO: [HLS 214-131] Inlining function 'ap_int_base<32, true>::ap_int_base(int)' into 'ap_int_base<32, true>::RType<32, true>::arg1 operator>><32, true>(ap_int_base<32, true> const&, int)' (D:/Xilinx/Vitis_HLS/2022.2/common/technology/autopilot\ap_int_base.h:1669:558)
INFO: [HLS 214-131] Inlining function 'ssdm_int<8, true>::ssdm_int(signed char)' into 'ap_int_base<8, true>::ap_int_base<32, true>(ap_int_base<32, true> const&)' (D:/Xilinx/Vitis_HLS/2022.2/common/technology/autopilot\ap_int_base.h:185:106)
INFO: [HLS 214-131] Inlining function 'ap_int_base<8, true>::ap_int_base<32, true>(ap_int_base<32, true> const&)' into 'ap_int<8>::ap_int<32>(ap_int<32> const&)'
INFO: [HLS 214-131] Inlining function 'ssdm_int<8, true>::ssdm_int(signed char)' into 'ap_int_base<8, true>::ap_int_base(int)' (D:/Xilinx/Vitis_HLS/2022.2/common/technology/autopilot\ap_int_base.h:214:67)
INFO: [HLS 214-131] Inlining function 'ap_int_base<8, true>::ap_int_base(int)' into 'ap_int<8>::ap_int(int)'
INFO: [HLS 214-131] Inlining function 'bool operator><32, true>(ap_int_base<32, true> const&, int)' into 'unified_batch_norm_relu(ap_int<32>, ap_int<32>, ap_int<32>, ap_int<32>, ap_int<32>, int)' (../ip/Ip1/initial_conv_bn_relu.cpp:54:20)
INFO: [HLS 214-131] Inlining function 'ap_int_base<32, true>::RType<32, true>::arg1 operator>><32, true>(ap_int_base<32, true> const&, int)' into 'unified_batch_norm_relu(ap_int<32>, ap_int<32>, ap_int<32>, ap_int<32>, ap_int<32>, int)' (../ip/Ip1/initial_conv_bn_relu.cpp:54:44)
INFO: [HLS 214-131] Inlining function 'ap_int_base<8, false>::RType<($_0)32, true>::mult operator*<8, false>(int, ap_int_base<8, false> const&)' into 'initial_conv_bn_relu(ap_uint<16>, ap_uint<16>, ap_uint<16>, ap_uint<16>, ap_uint<8>, ap_uint<8>, ap_uint<8>, ap_int<8>*, ap_int<8>*, ap_int<8>*, ap_int<8>*, ap_int<8>*, ap_int<8>*, ap_int<8>*)' (../ip/Ip1/initial_conv_bn_relu.cpp:105:32)
INFO: [HLS 214-131] Inlining function 'ap_int_base<16, false>::RType<40, true>::plus operator+<16, false, 40, true>(ap_int_base<16, false> const&, ap_int_base<40, true> const&)' into 'initial_conv_bn_relu(ap_uint<16>, ap_uint<16>, ap_uint<16>, ap_uint<16>, ap_uint<8>, ap_uint<8>, ap_uint<8>, ap_int<8>*, ap_int<8>*, ap_int<8>*, ap_int<8>*, ap_int<8>*, ap_int<8>*, ap_int<8>*)' (../ip/Ip1/initial_conv_bn_relu.cpp:105:28)
INFO: [HLS 214-131] Inlining function 'ap_int_base<66, true>::operator long long() const' into 'initial_conv_bn_relu(ap_uint<16>, ap_uint<16>, ap_uint<16>, ap_uint<16>, ap_uint<8>, ap_uint<8>, ap_uint<8>, ap_int<8>*, ap_int<8>*, ap_int<8>*, ap_int<8>*, ap_int<8>*, ap_int<8>*, ap_int<8>*)' (../ip/Ip1/initial_conv_bn_relu.cpp:136:31)
INFO: [HLS 214-131] Inlining function 'ap_int_base<65, true>::RType<($_0)32, true>::plus operator+<65, true>(ap_int_base<65, true> const&, int)' into 'initial_conv_bn_relu(ap_uint<16>, ap_uint<16>, ap_uint<16>, ap_uint<16>, ap_uint<8>, ap_uint<8>, ap_uint<8>, ap_int<8>*, ap_int<8>*, ap_int<8>*, ap_int<8>*, ap_int<8>*, ap_int<8>*, ap_int<8>*)' (../ip/Ip1/initial_conv_bn_relu.cpp:136:61)
INFO: [HLS 214-131] Inlining function 'ap_int_base<64, true>::RType<48, true>::plus operator+<64, true, 48, true>(ap_int_base<64, true> const&, ap_int_base<48, true> const&)' into 'initial_conv_bn_relu(ap_uint<16>, ap_uint<16>, ap_uint<16>, ap_uint<16>, ap_uint<8>, ap_uint<8>, ap_uint<8>, ap_int<8>*, ap_int<8>*, ap_int<8>*, ap_int<8>*, ap_int<8>*, ap_int<8>*, ap_int<8>*)' (../ip/Ip1/initial_conv_bn_relu.cpp:136:49)
INFO: [HLS 214-131] Inlining function 'ap_int_base<16, false>::RType<($_0)32, true>::mult operator*<16, false>(int, ap_int_base<16, false> const&)' into 'initial_conv_bn_relu(ap_uint<16>, ap_uint<16>, ap_uint<16>, ap_uint<16>, ap_uint<8>, ap_uint<8>, ap_uint<8>, ap_int<8>*, ap_int<8>*, ap_int<8>*, ap_int<8>*, ap_int<8>*, ap_int<8>*, ap_int<8>*)' (../ip/Ip1/initial_conv_bn_relu.cpp:136:53)
INFO: [HLS 214-131] Inlining function 'ap_int_base<48, true>::RType<16, false>::mult operator*<48, true, 16, false>(ap_int_base<48, true> const&, ap_int_base<16, false> const&)' into 'initial_conv_bn_relu(ap_uint<16>, ap_uint<16>, ap_uint<16>, ap_uint<16>, ap_uint<8>, ap_uint<8>, ap_uint<8>, ap_int<8>*, ap_int<8>*, ap_int<8>*, ap_int<8>*, ap_int<8>*, ap_int<8>*, ap_int<8>*)' (../ip/Ip1/initial_conv_bn_relu.cpp:136:41)
INFO: [HLS 214-131] Inlining function 'ap_int_base<16, false>::RType<($_0)32, true>::mult operator*<16, false>(int, ap_int_base<16, false> const&)' into 'initial_conv_bn_relu(ap_uint<16>, ap_uint<16>, ap_uint<16>, ap_uint<16>, ap_uint<8>, ap_uint<8>, ap_uint<8>, ap_int<8>*, ap_int<8>*, ap_int<8>*, ap_int<8>*, ap_int<8>*, ap_int<8>*, ap_int<8>*)' (../ip/Ip1/initial_conv_bn_relu.cpp:136:33)
INFO: [HLS 214-131] Inlining function 'ap_int_base<32, true>& ap_int_base<32, true>::operator+=<16, true>(ap_int_base<16, true> const&)' into 'initial_conv_bn_relu(ap_uint<16>, ap_uint<16>, ap_uint<16>, ap_uint<16>, ap_uint<8>, ap_uint<8>, ap_uint<8>, ap_int<8>*, ap_int<8>*, ap_int<8>*, ap_int<8>*, ap_int<8>*, ap_int<8>*, ap_int<8>*)' (../ip/Ip1/initial_conv_bn_relu.cpp:129:37)
INFO: [HLS 214-131] Inlining function 'ap_int_base<8, true>::RType<8, true>::mult operator*<8, true, 8, true>(ap_int_base<8, true> const&, ap_int_base<8, true> const&)' into 'initial_conv_bn_relu(ap_uint<16>, ap_uint<16>, ap_uint<16>, ap_uint<16>, ap_uint<8>, ap_uint<8>, ap_uint<8>, ap_int<8>*, ap_int<8>*, ap_int<8>*, ap_int<8>*, ap_int<8>*, ap_int<8>*, ap_int<8>*)' (../ip/Ip1/initial_conv_bn_relu.cpp:129:64)
INFO: [HLS 214-131] Inlining function 'ap_int_base<75, true>::operator long long() const' into 'initial_conv_bn_relu(ap_uint<16>, ap_uint<16>, ap_uint<16>, ap_uint<16>, ap_uint<8>, ap_uint<8>, ap_uint<8>, ap_int<8>*, ap_int<8>*, ap_int<8>*, ap_int<8>*, ap_int<8>*, ap_int<8>*, ap_int<8>*)' (../ip/Ip1/initial_conv_bn_relu.cpp:127:50)
INFO: [HLS 214-131] Inlining function 'ap_int_base<74, true>::RType<($_0)32, true>::plus operator+<74, true>(ap_int_base<74, true> const&, int)' into 'initial_conv_bn_relu(ap_uint<16>, ap_uint<16>, ap_uint<16>, ap_uint<16>, ap_uint<8>, ap_uint<8>, ap_uint<8>, ap_int<8>*, ap_int<8>*, ap_int<8>*, ap_int<8>*, ap_int<8>*, ap_int<8>*, ap_int<8>*)' (../ip/Ip1/initial_conv_bn_relu.cpp:127:107)
INFO: [HLS 214-131] Inlining function 'ap_int_base<73, true>::RType<48, true>::plus operator+<73, true, 48, true>(ap_int_base<73, true> const&, ap_int_base<48, true> const&)' into 'initial_conv_bn_relu(ap_uint<16>, ap_uint<16>, ap_uint<16>, ap_uint<16>, ap_uint<8>, ap_uint<8>, ap_uint<8>, ap_int<8>*, ap_int<8>*, ap_int<8>*, ap_int<8>*, ap_int<8>*, ap_int<8>*, ap_int<8>*)' (../ip/Ip1/initial_conv_bn_relu.cpp:127:92)
INFO: [HLS 214-131] Inlining function 'ap_int_base<16, false>::RType<($_0)32, true>::mult operator*<16, false>(int, ap_int_base<16, false> const&)' into 'initial_conv_bn_relu(ap_uint<16>, ap_uint<16>, ap_uint<16>, ap_uint<16>, ap_uint<8>, ap_uint<8>, ap_uint<8>, ap_int<8>*, ap_int<8>*, ap_int<8>*, ap_int<8>*, ap_int<8>*, ap_int<8>*, ap_int<8>*)' (../ip/Ip1/initial_conv_bn_relu.cpp:127:99)
INFO: [HLS 214-131] Inlining function 'ap_int_base<72, true>::RType<64, true>::plus operator+<72, true, 64, true>(ap_int_base<72, true> const&, ap_int_base<64, true> const&)' into 'initial_conv_bn_relu(ap_uint<16>, ap_uint<16>, ap_uint<16>, ap_uint<16>, ap_uint<8>, ap_uint<8>, ap_uint<8>, ap_int<8>*, ap_int<8>*, ap_int<8>*, ap_int<8>*, ap_int<8>*, ap_int<8>*, ap_int<8>*)' (../ip/Ip1/initial_conv_bn_relu.cpp:127:72)
INFO: [HLS 214-131] Inlining function 'ap_int_base<48, true>::RType<16, false>::mult operator*<48, true, 16, false>(ap_int_base<48, true> const&, ap_int_base<16, false> const&)' into 'initial_conv_bn_relu(ap_uint<16>, ap_uint<16>, ap_uint<16>, ap_uint<16>, ap_uint<8>, ap_uint<8>, ap_uint<8>, ap_int<8>*, ap_int<8>*, ap_int<8>*, ap_int<8>*, ap_int<8>*, ap_int<8>*, ap_int<8>*)' (../ip/Ip1/initial_conv_bn_relu.cpp:127:84)
INFO: [HLS 214-131] Inlining function 'ap_int_base<16, false>::RType<($_0)32, true>::mult operator*<16, false>(int, ap_int_base<16, false> const&)' into 'initial_conv_bn_relu(ap_uint<16>, ap_uint<16>, ap_uint<16>, ap_uint<16>, ap_uint<8>, ap_uint<8>, ap_uint<8>, ap_int<8>*, ap_int<8>*, ap_int<8>*, ap_int<8>*, ap_int<8>*, ap_int<8>*, ap_int<8>*)' (../ip/Ip1/initial_conv_bn_relu.cpp:127:77)
INFO: [HLS 214-131] Inlining function 'ap_int_base<56, true>::RType<16, false>::mult operator*<56, true, 16, false>(ap_int_base<56, true> const&, ap_int_base<16, false> const&)' into 'initial_conv_bn_relu(ap_uint<16>, ap_uint<16>, ap_uint<16>, ap_uint<16>, ap_uint<8>, ap_uint<8>, ap_uint<8>, ap_int<8>*, ap_int<8>*, ap_int<8>*, ap_int<8>*, ap_int<8>*, ap_int<8>*, ap_int<8>*)' (../ip/Ip1/initial_conv_bn_relu.cpp:127:64)
INFO: [HLS 214-131] Inlining function 'ap_int_base<40, true>::RType<16, false>::mult operator*<40, true, 16, false>(ap_int_base<40, true> const&, ap_int_base<16, false> const&)' into 'initial_conv_bn_relu(ap_uint<16>, ap_uint<16>, ap_uint<16>, ap_uint<16>, ap_uint<8>, ap_uint<8>, ap_uint<8>, ap_int<8>*, ap_int<8>*, ap_int<8>*, ap_int<8>*, ap_int<8>*, ap_int<8>*, ap_int<8>*)' (../ip/Ip1/initial_conv_bn_relu.cpp:127:57)
INFO: [HLS 214-131] Inlining function 'ap_int_base<8, false>::RType<($_0)32, true>::mult operator*<8, false>(int, ap_int_base<8, false> const&)' into 'initial_conv_bn_relu(ap_uint<16>, ap_uint<16>, ap_uint<16>, ap_uint<16>, ap_uint<8>, ap_uint<8>, ap_uint<8>, ap_int<8>*, ap_int<8>*, ap_int<8>*, ap_int<8>*, ap_int<8>*, ap_int<8>*, ap_int<8>*)' (../ip/Ip1/initial_conv_bn_relu.cpp:127:53)
INFO: [HLS 214-131] Inlining function 'ap_int_base<66, true>::operator long long() const' into 'initial_conv_bn_relu(ap_uint<16>, ap_uint<16>, ap_uint<16>, ap_uint<16>, ap_uint<8>, ap_uint<8>, ap_uint<8>, ap_int<8>*, ap_int<8>*, ap_int<8>*, ap_int<8>*, ap_int<8>*, ap_int<8>*, ap_int<8>*)' (../ip/Ip1/initial_conv_bn_relu.cpp:125:51)
INFO: [HLS 214-131] Inlining function 'ap_int_base<65, true>::RType<($_0)32, true>::plus operator+<65, true>(ap_int_base<65, true> const&, int)' into 'initial_conv_bn_relu(ap_uint<16>, ap_uint<16>, ap_uint<16>, ap_uint<16>, ap_uint<8>, ap_uint<8>, ap_uint<8>, ap_int<8>*, ap_int<8>*, ap_int<8>*, ap_int<8>*, ap_int<8>*, ap_int<8>*, ap_int<8>*)' (../ip/Ip1/initial_conv_bn_relu.cpp:125:84)
INFO: [HLS 214-131] Inlining function 'ap_int_base<64, true>::RType<48, true>::plus operator+<64, true, 48, true>(ap_int_base<64, true> const&, ap_int_base<48, true> const&)' into 'initial_conv_bn_relu(ap_uint<16>, ap_uint<16>, ap_uint<16>, ap_uint<16>, ap_uint<8>, ap_uint<8>, ap_uint<8>, ap_int<8>*, ap_int<8>*, ap_int<8>*, ap_int<8>*, ap_int<8>*, ap_int<8>*, ap_int<8>*)' (../ip/Ip1/initial_conv_bn_relu.cpp:125:70)
INFO: [HLS 214-131] Inlining function 'ap_int_base<16, false>::RType<($_0)32, true>::mult operator*<16, false>(int, ap_int_base<16, false> const&)' into 'initial_conv_bn_relu(ap_uint<16>, ap_uint<16>, ap_uint<16>, ap_uint<16>, ap_uint<8>, ap_uint<8>, ap_uint<8>, ap_int<8>*, ap_int<8>*, ap_int<8>*, ap_int<8>*, ap_int<8>*, ap_int<8>*, ap_int<8>*)' (../ip/Ip1/initial_conv_bn_relu.cpp:125:77)
INFO: [HLS 214-131] Inlining function 'ap_int_base<48, true>::RType<16, false>::mult operator*<48, true, 16, false>(ap_int_base<48, true> const&, ap_int_base<16, false> const&)' into 'initial_conv_bn_relu(ap_uint<16>, ap_uint<16>, ap_uint<16>, ap_uint<16>, ap_uint<8>, ap_uint<8>, ap_uint<8>, ap_int<8>*, ap_int<8>*, ap_int<8>*, ap_int<8>*, ap_int<8>*, ap_int<8>*, ap_int<8>*)' (../ip/Ip1/initial_conv_bn_relu.cpp:125:63)
INFO: [HLS 214-131] Inlining function 'ap_int_base<16, false>::RType<($_0)32, true>::mult operator*<16, false>(int, ap_int_base<16, false> const&)' into 'initial_conv_bn_relu(ap_uint<16>, ap_uint<16>, ap_uint<16>, ap_uint<16>, ap_uint<8>, ap_uint<8>, ap_uint<8>, ap_int<8>*, ap_int<8>*, ap_int<8>*, ap_int<8>*, ap_int<8>*, ap_int<8>*, ap_int<8>*)' (../ip/Ip1/initial_conv_bn_relu.cpp:125:56)
INFO: [HLS 214-131] Inlining function 'bool operator<<16, false>(int, ap_int_base<16, false> const&)' into 'initial_conv_bn_relu(ap_uint<16>, ap_uint<16>, ap_uint<16>, ap_uint<16>, ap_uint<8>, ap_uint<8>, ap_uint<8>, ap_int<8>*, ap_int<8>*, ap_int<8>*, ap_int<8>*, ap_int<8>*, ap_int<8>*, ap_int<8>*)' (../ip/Ip1/initial_conv_bn_relu.cpp:122:71)
INFO: [HLS 214-131] Inlining function 'bool operator<<16, false>(int, ap_int_base<16, false> const&)' into 'initial_conv_bn_relu(ap_uint<16>, ap_uint<16>, ap_uint<16>, ap_uint<16>, ap_uint<8>, ap_uint<8>, ap_uint<8>, ap_int<8>*, ap_int<8>*, ap_int<8>*, ap_int<8>*, ap_int<8>*, ap_int<8>*, ap_int<8>*)' (../ip/Ip1/initial_conv_bn_relu.cpp:121:75)
INFO: [HLS 214-131] Inlining function 'bool operator<<16, false>(int, ap_int_base<16, false> const&)' into 'initial_conv_bn_relu(ap_uint<16>, ap_uint<16>, ap_uint<16>, ap_uint<16>, ap_uint<8>, ap_uint<8>, ap_uint<8>, ap_int<8>*, ap_int<8>*, ap_int<8>*, ap_int<8>*, ap_int<8>*, ap_int<8>*, ap_int<8>*)' (../ip/Ip1/initial_conv_bn_relu.cpp:121:47)
INFO: [HLS 214-131] Inlining function 'ap_int_base<42, true>::operator long long() const' into 'initial_conv_bn_relu(ap_uint<16>, ap_uint<16>, ap_uint<16>, ap_uint<16>, ap_uint<8>, ap_uint<8>, ap_uint<8>, ap_int<8>*, ap_int<8>*, ap_int<8>*, ap_int<8>*, ap_int<8>*, ap_int<8>*, ap_int<8>*)' (../ip/Ip1/initial_conv_bn_relu.cpp:118:36)
INFO: [HLS 214-131] Inlining function 'ap_int_base<41, true>::RType<8, false>::minus operator-<41, true, 8, false>(ap_int_base<41, true> const&, ap_int_base<8, false> const&)' into 'initial_conv_bn_relu(ap_uint<16>, ap_uint<16>, ap_uint<16>, ap_uint<16>, ap_uint<8>, ap_uint<8>, ap_uint<8>, ap_int<8>*, ap_int<8>*, ap_int<8>*, ap_int<8>*, ap_int<8>*, ap_int<8>*, ap_int<8>*)' (../ip/Ip1/initial_conv_bn_relu.cpp:118:52)
INFO: [HLS 214-131] Inlining function 'ap_int_base<40, true>::RType<($_0)32, true>::plus operator+<40, true>(ap_int_base<40, true> const&, int)' into 'initial_conv_bn_relu(ap_uint<16>, ap_uint<16>, ap_uint<16>, ap_uint<16>, ap_uint<8>, ap_uint<8>, ap_uint<8>, ap_int<8>*, ap_int<8>*, ap_int<8>*, ap_int<8>*, ap_int<8>*, ap_int<8>*, ap_int<8>*)' (../ip/Ip1/initial_conv_bn_relu.cpp:118:47)
INFO: [HLS 214-131] Inlining function 'ap_int_base<8, false>::RType<($_0)32, true>::mult operator*<8, false>(int, ap_int_base<8, false> const&)' into 'initial_conv_bn_relu(ap_uint<16>, ap_uint<16>, ap_uint<16>, ap_uint<16>, ap_uint<8>, ap_uint<8>, ap_uint<8>, ap_int<8>*, ap_int<8>*, ap_int<8>*, ap_int<8>*, ap_int<8>*, ap_int<8>*, ap_int<8>*)' (../ip/Ip1/initial_conv_bn_relu.cpp:118:38)
INFO: [HLS 214-131] Inlining function 'ap_int_base<42, true>::operator long long() const' into 'initial_conv_bn_relu(ap_uint<16>, ap_uint<16>, ap_uint<16>, ap_uint<16>, ap_uint<8>, ap_uint<8>, ap_uint<8>, ap_int<8>*, ap_int<8>*, ap_int<8>*, ap_int<8>*, ap_int<8>*, ap_int<8>*, ap_int<8>*)' (../ip/Ip1/initial_conv_bn_relu.cpp:117:36)
INFO: [HLS 214-131] Inlining function 'ap_int_base<41, true>::RType<8, false>::minus operator-<41, true, 8, false>(ap_int_base<41, true> const&, ap_int_base<8, false> const&)' into 'initial_conv_bn_relu(ap_uint<16>, ap_uint<16>, ap_uint<16>, ap_uint<16>, ap_uint<8>, ap_uint<8>, ap_uint<8>, ap_int<8>*, ap_int<8>*, ap_int<8>*, ap_int<8>*, ap_int<8>*, ap_int<8>*, ap_int<8>*)' (../ip/Ip1/initial_conv_bn_relu.cpp:117:52)
INFO: [HLS 214-131] Inlining function 'ap_int_base<40, true>::RType<($_0)32, true>::plus operator+<40, true>(ap_int_base<40, true> const&, int)' into 'initial_conv_bn_relu(ap_uint<16>, ap_uint<16>, ap_uint<16>, ap_uint<16>, ap_uint<8>, ap_uint<8>, ap_uint<8>, ap_int<8>*, ap_int<8>*, ap_int<8>*, ap_int<8>*, ap_int<8>*, ap_int<8>*, ap_int<8>*)' (../ip/Ip1/initial_conv_bn_relu.cpp:117:47)
INFO: [HLS 214-131] Inlining function 'ap_int_base<8, false>::RType<($_0)32, true>::mult operator*<8, false>(int, ap_int_base<8, false> const&)' into 'initial_conv_bn_relu(ap_uint<16>, ap_uint<16>, ap_uint<16>, ap_uint<16>, ap_uint<8>, ap_uint<8>, ap_uint<8>, ap_int<8>*, ap_int<8>*, ap_int<8>*, ap_int<8>*, ap_int<8>*, ap_int<8>*, ap_int<8>*)' (../ip/Ip1/initial_conv_bn_relu.cpp:117:38)
INFO: [HLS 214-131] Inlining function 'bool operator<<8, false>(int, ap_int_base<8, false> const&)' into 'initial_conv_bn_relu(ap_uint<16>, ap_uint<16>, ap_uint<16>, ap_uint<16>, ap_uint<8>, ap_uint<8>, ap_uint<8>, ap_int<8>*, ap_int<8>*, ap_int<8>*, ap_int<8>*, ap_int<8>*, ap_int<8>*, ap_int<8>*)' (../ip/Ip1/initial_conv_bn_relu.cpp:116:59)
INFO: [HLS 214-131] Inlining function 'bool operator<<8, false>(int, ap_int_base<8, false> const&)' into 'initial_conv_bn_relu(ap_uint<16>, ap_uint<16>, ap_uint<16>, ap_uint<16>, ap_uint<8>, ap_uint<8>, ap_uint<8>, ap_int<8>*, ap_int<8>*, ap_int<8>*, ap_int<8>*, ap_int<8>*, ap_int<8>*, ap_int<8>*)' (../ip/Ip1/initial_conv_bn_relu.cpp:115:55)
INFO: [HLS 214-131] Inlining function 'bool operator<<16, false>(int, ap_int_base<16, false> const&)' into 'initial_conv_bn_relu(ap_uint<16>, ap_uint<16>, ap_uint<16>, ap_uint<16>, ap_uint<8>, ap_uint<8>, ap_uint<8>, ap_int<8>*, ap_int<8>*, ap_int<8>*, ap_int<8>*, ap_int<8>*, ap_int<8>*, ap_int<8>*)' (../ip/Ip1/initial_conv_bn_relu.cpp:111:49)
INFO: [HLS 214-131] Inlining function 'bool operator<<16, false>(int, ap_int_base<16, false> const&)' into 'initial_conv_bn_relu(ap_uint<16>, ap_uint<16>, ap_uint<16>, ap_uint<16>, ap_uint<8>, ap_uint<8>, ap_uint<8>, ap_int<8>*, ap_int<8>*, ap_int<8>*, ap_int<8>*, ap_int<8>*, ap_int<8>*, ap_int<8>*)' (../ip/Ip1/initial_conv_bn_relu.cpp:110:45)
INFO: [HLS 214-131] Inlining function 'bool operator<<16, false>(int, ap_int_base<16, false> const&)' into 'initial_conv_bn_relu(ap_uint<16>, ap_uint<16>, ap_uint<16>, ap_uint<16>, ap_uint<8>, ap_uint<8>, ap_uint<8>, ap_int<8>*, ap_int<8>*, ap_int<8>*, ap_int<8>*, ap_int<8>*, ap_int<8>*, ap_int<8>*)' (../ip/Ip1/initial_conv_bn_relu.cpp:109:49)
INFO: [HLS 214-131] Inlining function 'ap_int_base<42, true>::RType<($_0)32, true>::plus operator+<42, true>(ap_int_base<42, true> const&, int)' into 'initial_conv_bn_relu(ap_uint<16>, ap_uint<16>, ap_uint<16>, ap_uint<16>, ap_uint<8>, ap_uint<8>, ap_uint<8>, ap_int<8>*, ap_int<8>*, ap_int<8>*, ap_int<8>*, ap_int<8>*, ap_int<8>*, ap_int<8>*)' (../ip/Ip1/initial_conv_bn_relu.cpp:106:59)
INFO: [HLS 214-131] Inlining function 'ap_int_base<42, true>::RType<8, false>::div operator/<42, true, 8, false>(ap_int_base<42, true> const&, ap_int_base<8, false> const&)' into 'initial_conv_bn_relu(ap_uint<16>, ap_uint<16>, ap_uint<16>, ap_uint<16>, ap_uint<8>, ap_uint<8>, ap_uint<8>, ap_int<8>*, ap_int<8>*, ap_int<8>*, ap_int<8>*, ap_int<8>*, ap_int<8>*, ap_int<8>*)' (../ip/Ip1/initial_conv_bn_relu.cpp:106:50)
INFO: [HLS 214-131] Inlining function 'ap_int_base<41, true>::RType<8, false>::minus operator-<41, true, 8, false>(ap_int_base<41, true> const&, ap_int_base<8, false> const&)' into 'initial_conv_bn_relu(ap_uint<16>, ap_uint<16>, ap_uint<16>, ap_uint<16>, ap_uint<8>, ap_uint<8>, ap_uint<8>, ap_int<8>*, ap_int<8>*, ap_int<8>*, ap_int<8>*, ap_int<8>*, ap_int<8>*, ap_int<8>*)' (../ip/Ip1/initial_conv_bn_relu.cpp:106:45)
INFO: [HLS 214-131] Inlining function 'ap_int_base<16, false>::RType<40, true>::plus operator+<16, false, 40, true>(ap_int_base<16, false> const&, ap_int_base<40, true> const&)' into 'initial_conv_bn_relu(ap_uint<16>, ap_uint<16>, ap_uint<16>, ap_uint<16>, ap_uint<8>, ap_uint<8>, ap_uint<8>, ap_int<8>*, ap_int<8>*, ap_int<8>*, ap_int<8>*, ap_int<8>*, ap_int<8>*, ap_int<8>*)' (../ip/Ip1/initial_conv_bn_relu.cpp:106:31)
INFO: [HLS 214-131] Inlining function 'ap_int_base<8, false>::RType<($_0)32, true>::mult operator*<8, false>(int, ap_int_base<8, false> const&)' into 'initial_conv_bn_relu(ap_uint<16>, ap_uint<16>, ap_uint<16>, ap_uint<16>, ap_uint<8>, ap_uint<8>, ap_uint<8>, ap_int<8>*, ap_int<8>*, ap_int<8>*, ap_int<8>*, ap_int<8>*, ap_int<8>*, ap_int<8>*)' (../ip/Ip1/initial_conv_bn_relu.cpp:106:35)
INFO: [HLS 214-131] Inlining function 'ap_int_base<42, true>::RType<($_0)32, true>::plus operator+<42, true>(ap_int_base<42, true> const&, int)' into 'initial_conv_bn_relu(ap_uint<16>, ap_uint<16>, ap_uint<16>, ap_uint<16>, ap_uint<8>, ap_uint<8>, ap_uint<8>, ap_int<8>*, ap_int<8>*, ap_int<8>*, ap_int<8>*, ap_int<8>*, ap_int<8>*, ap_int<8>*)' (../ip/Ip1/initial_conv_bn_relu.cpp:105:56)
INFO: [HLS 214-131] Inlining function 'ap_int_base<42, true>::RType<8, false>::div operator/<42, true, 8, false>(ap_int_base<42, true> const&, ap_int_base<8, false> const&)' into 'initial_conv_bn_relu(ap_uint<16>, ap_uint<16>, ap_uint<16>, ap_uint<16>, ap_uint<8>, ap_uint<8>, ap_uint<8>, ap_int<8>*, ap_int<8>*, ap_int<8>*, ap_int<8>*, ap_int<8>*, ap_int<8>*, ap_int<8>*)' (../ip/Ip1/initial_conv_bn_relu.cpp:105:47)
INFO: [HLS 214-131] Inlining function 'ap_int_base<41, true>::RType<8, false>::minus operator-<41, true, 8, false>(ap_int_base<41, true> const&, ap_int_base<8, false> const&)' into 'initial_conv_bn_relu(ap_uint<16>, ap_uint<16>, ap_uint<16>, ap_uint<16>, ap_uint<8>, ap_uint<8>, ap_uint<8>, ap_int<8>*, ap_int<8>*, ap_int<8>*, ap_int<8>*, ap_int<8>*, ap_int<8>*, ap_int<8>*)' (../ip/Ip1/initial_conv_bn_relu.cpp:105:42)
INFO: [HLS 214-178] Inlining function 'unified_batch_norm(ap_int<32>, ap_int<32>, ap_int<32>, ap_int<32>, ap_int<32>)' into 'unified_batch_norm_relu(ap_int<32>, ap_int<32>, ap_int<32>, ap_int<32>, ap_int<32>, int)' (../ip/Ip1/initial_conv_bn_relu.cpp:49:0)
INFO: [HLS 214-178] Inlining function 'unified_batch_norm_relu(ap_int<32>, ap_int<32>, ap_int<32>, ap_int<32>, ap_int<32>, int)' into 'initial_conv_bn_relu(ap_uint<16>, ap_uint<16>, ap_uint<16>, ap_uint<16>, ap_uint<8>, ap_uint<8>, ap_uint<8>, ap_int<8>*, ap_int<8>*, ap_int<8>*, ap_int<8>*, ap_int<8>*, ap_int<8>*, ap_int<8>*)' (../ip/Ip1/initial_conv_bn_relu.cpp:84:0)
WARNING: [HLS 214-203] Replacing invalid offset value '20' with '48' for s_axilite port 'H_in'. (../ip/Ip1/initial_conv_bn_relu.cpp:68:17)
WARNING: [HLS 214-203] Replacing invalid offset value '28' with '56' for s_axilite port 'C_out'. (../ip/Ip1/initial_conv_bn_relu.cpp:68:17)
WARNING: [HLS 214-203] Replacing invalid offset value '36' with '64' for s_axilite port 'stride'. (../ip/Ip1/initial_conv_bn_relu.cpp:68:17)
INFO: [HLS 200-111] Finished Compiling Optimization and Transform: CPU user time: 2 seconds. CPU system time: 0 seconds. Elapsed time: 10.447 seconds; current allocated memory: 682.902 MB.
INFO: [HLS 200-111] Finished Checking Pragmas: CPU user time: 0 seconds. CPU system time: 0 seconds. Elapsed time: 0.003 seconds; current allocated memory: 683.309 MB.
INFO: [HLS 200-10] Starting code transformations ...
INFO: [HLS 200-111] Finished Standard Transforms: CPU user time: 0 seconds. CPU system time: 0 seconds. Elapsed time: 0.152 seconds; current allocated memory: 698.434 MB.
INFO: [HLS 200-10] Checking synthesizability ...
INFO: [HLS 200-111] Finished Checking Synthesizability: CPU user time: 0 seconds. CPU system time: 0 seconds. Elapsed time: 0.143 seconds; current allocated memory: 710.875 MB.
INFO: [XFORM 203-510] Pipelining loop 'VITIS_LOOP_122_6' (../ip/Ip1/initial_conv_bn_relu.cpp:112) in function 'initial_conv_bn_relu' automatically.
INFO: [XFORM 203-11] Balancing expressions in function 'initial_conv_bn_relu' (../ip/Ip1/initial_conv_bn_relu.cpp:27:47)...3 expression(s) balanced.
INFO: [HLS 200-111] Finished Loop, function and other optimizations: CPU user time: 0 seconds. CPU system time: 0 seconds. Elapsed time: 0.162 seconds; current allocated memory: 744.855 MB.
WARNING: [HLS 200-960] Cannot flatten loop 'VITIS_LOOP_116_5' (../ip/Ip1/initial_conv_bn_relu.cpp:112:27) in function 'initial_conv_bn_relu' the outer loop is not a perfect loop because there is nontrivial logic before entering the inner loop.
INFO: [XFORM 203-541] Flattening a loop nest 'VITIS_LOOP_115_4' (../ip/Ip1/initial_conv_bn_relu.cpp:112:27) in function 'initial_conv_bn_relu'.
WARNING: [HLS 200-960] Cannot flatten loop 'VITIS_LOOP_111_3' (../ip/Ip1/initial_conv_bn_relu.cpp:111:40) in function 'initial_conv_bn_relu' the outer loop is not a perfect loop because there is nontrivial logic in the loop latch.
INFO: [XFORM 203-541] Flattening a loop nest 'VITIS_LOOP_110_2' (../ip/Ip1/initial_conv_bn_relu.cpp:110:36) in function 'initial_conv_bn_relu'.
INFO: [XFORM 203-541] Flattening a loop nest 'VITIS_LOOP_109_1' (../ip/Ip1/initial_conv_bn_relu.cpp:109:32) in function 'initial_conv_bn_relu'.
INFO: [HLS 200-111] Finished Architecture Synthesis: CPU user time: 0 seconds. CPU system time: 0 seconds. Elapsed time: 0.216 seconds; current allocated memory: 751.938 MB.
INFO: [HLS 200-10] Starting hardware synthesis ...
INFO: [HLS 200-10] Synthesizing 'initial_conv_bn_relu' ...
INFO: [HLS 200-10] ----------------------------------------------------------------
INFO: [HLS 200-42] -- Implementing module 'initial_conv_bn_relu_Pipeline_VITIS_LOOP_122_6' 
INFO: [HLS 200-10] ----------------------------------------------------------------
INFO: [SCHED 204-11] Starting scheduling ...
INFO: [HLS 200-486] Changing DSP latency (root=ret_V) to 3 in order to utilize available DSP registers.
INFO: [SCHED 204-61] Pipelining loop 'VITIS_LOOP_122_6'.
WARNING: [HLS 200-885] The II Violation in module 'initial_conv_bn_relu_Pipeline_VITIS_LOOP_122_6' (loop 'VITIS_LOOP_122_6'): Unable to schedule bus request operation ('rhs_V_req') on port 'gmem0' due to limited memory ports (II = 1). Please consider using a memory core with more ports or partitioning the array.
INFO: [SCHED 204-61] Discarding stage scheduling solution.
INFO: [HLS 200-1470] Pipelining result : Target II = NA, Final II = 2, Depth = 16, loop 'VITIS_LOOP_122_6'
INFO: [SCHED 204-11] Finished scheduling.
INFO: [HLS 200-111] Finished Scheduling: CPU user time: 0 seconds. CPU system time: 0 seconds. Elapsed time: 0.625 seconds; current allocated memory: 757.246 MB.
INFO: [BIND 205-100] Starting micro-architecture generation ...
INFO: [BIND 205-101] Performing variable lifetime analysis.
INFO: [BIND 205-101] Exploring resource sharing.
INFO: [BIND 205-101] Binding ...
INFO: [BIND 205-100] Finished micro-architecture generation.
INFO: [HLS 200-111] Finished Binding: CPU user time: 0 seconds. CPU system time: 0 seconds. Elapsed time: 0.189 seconds; current allocated memory: 758.410 MB.
INFO: [HLS 200-10] ----------------------------------------------------------------
INFO: [HLS 200-42] -- Implementing module 'initial_conv_bn_relu' 
INFO: [HLS 200-10] ----------------------------------------------------------------
INFO: [SCHED 204-11] Starting scheduling ...
INFO: [HLS 200-486] Changing DSP latency (root=mul_ln66_1) to 3 in order to utilize available DSP registers.
INFO: [HLS 200-486] Changing DSP latency (root=mul_ln109) to 3 in order to utilize available DSP registers.
INFO: [HLS 200-486] Changing DSP latency (root=mul_ln541) to 3 in order to utilize available DSP registers.
INFO: [HLS 200-486] Changing DSP latency (root=empty) to 3 in order to utilize available DSP registers.
INFO: [HLS 200-486] Changing DSP latency (root=empty_34) to 3 in order to utilize available DSP registers.
INFO: [HLS 200-486] Changing DSP latency (root=mul_ln541_1) to 3 in order to utilize available DSP registers.
INFO: [HLS 200-486] Changing DSP latency (root=p_mid1) to 3 in order to utilize available DSP registers.
INFO: [HLS 200-486] Changing DSP latency (root=add_ln1027_6) to 3 in order to utilize available DSP registers.
INFO: [HLS 200-486] Changing DSP latency (root=mul_ln541_2) to 3 in order to utilize available DSP registers.
INFO: [SCHED 204-11] Finished scheduling.
INFO: [HLS 200-111] Finished Scheduling: CPU user time: 0 seconds. CPU system time: 0 seconds. Elapsed time: 0.64 seconds; current allocated memory: 761.160 MB.
INFO: [BIND 205-100] Starting micro-architecture generation ...
INFO: [BIND 205-101] Performing variable lifetime analysis.
INFO: [BIND 205-101] Exploring resource sharing.
INFO: [BIND 205-101] Binding ...
INFO: [BIND 205-100] Finished micro-architecture generation.
INFO: [HLS 200-111] Finished Binding: CPU user time: 1 seconds. CPU system time: 0 seconds. Elapsed time: 0.398 seconds; current allocated memory: 761.547 MB.
INFO: [HLS 200-10] ----------------------------------------------------------------
INFO: [HLS 200-10] -- Generating RTL for module 'initial_conv_bn_relu_Pipeline_VITIS_LOOP_122_6' 
INFO: [HLS 200-10] ----------------------------------------------------------------
INFO: [HLS 200-1030] Apply Unified Pipeline Control on module 'initial_conv_bn_relu_Pipeline_VITIS_LOOP_122_6' pipeline 'VITIS_LOOP_122_6' pipeline type 'loop pipeline'
INFO: [RTGEN 206-100] Generating core module 'mac_muladd_8s_8s_32s_32_4_1': 1 instance(s).
INFO: [RTGEN 206-100] Generating core module 'mul_32s_16ns_32_1_1': 1 instance(s).
INFO: [RTGEN 206-100] Finished creating RTL model for 'initial_conv_bn_relu_Pipeline_VITIS_LOOP_122_6'.
INFO: [HLS 200-111] Finished Creating RTL model: CPU user time: 0 seconds. CPU system time: 0 seconds. Elapsed time: 0.411 seconds; current allocated memory: 763.688 MB.
INFO: [HLS 200-10] ----------------------------------------------------------------
INFO: [HLS 200-10] -- Generating RTL for module 'initial_conv_bn_relu' 
INFO: [HLS 200-10] ----------------------------------------------------------------
WARNING: [RTGEN 206-101] Design contains AXI ports. Reset is fixed to synchronous and active low.
INFO: [RTGEN 206-500] Setting interface mode on port 'initial_conv_bn_relu/gmem0' to 'm_axi'.
INFO: [RTGEN 206-500] Setting interface mode on port 'initial_conv_bn_relu/C_in' to 's_axilite & ap_none' (register).
INFO: [RTGEN 206-500] Setting interface mode on port 'initial_conv_bn_relu/H_in' to 's_axilite & ap_none' (register).
INFO: [RTGEN 206-500] Setting interface mode on port 'initial_conv_bn_relu/W_in' to 's_axilite & ap_none' (register).
INFO: [RTGEN 206-500] Setting interface mode on port 'initial_conv_bn_relu/C_out' to 's_axilite & ap_none' (register).
INFO: [RTGEN 206-500] Setting interface mode on port 'initial_conv_bn_relu/K' to 's_axilite & ap_none' (register).
INFO: [RTGEN 206-500] Setting interface mode on port 'initial_conv_bn_relu/stride' to 's_axilite & ap_none' (register).
INFO: [RTGEN 206-500] Setting interface mode on port 'initial_conv_bn_relu/padding' to 's_axilite & ap_none' (register).
INFO: [RTGEN 206-500] Setting interface mode on port 'initial_conv_bn_relu/feature_in' to 's_axilite & ap_none'.
INFO: [RTGEN 206-500] Setting interface mode on port 'initial_conv_bn_relu/conv_kernel' to 's_axilite & ap_none'.
INFO: [RTGEN 206-500] Setting interface mode on port 'initial_conv_bn_relu/bn_mean' to 's_axilite & ap_none'.
INFO: [RTGEN 206-500] Setting interface mode on port 'initial_conv_bn_relu/bn_var' to 's_axilite & ap_none'.
INFO: [RTGEN 206-500] Setting interface mode on port 'initial_conv_bn_relu/bn_gamma' to 's_axilite & ap_none'.
INFO: [RTGEN 206-500] Setting interface mode on port 'initial_conv_bn_relu/bn_beta' to 's_axilite & ap_none'.
INFO: [RTGEN 206-500] Setting interface mode on port 'initial_conv_bn_relu/feature_out' to 's_axilite & ap_none'.
INFO: [RTGEN 206-500] Setting interface mode on function 'initial_conv_bn_relu' to 's_axilite & ap_ctrl_hs'.
INFO: [RTGEN 206-100] Bundling port 'C_in', 'W_in', 'K', 'padding', 'H_in', 'C_out', 'stride', 'feature_in', 'conv_kernel', 'bn_mean', 'bn_var', 'bn_gamma', 'bn_beta', 'feature_out' to AXI-Lite port control.
INFO: [RTGEN 206-100] Generating core module 'ama_addmuladd_8ns_24ns_16ns_8ns_32_4_1': 1 instance(s).
INFO: [RTGEN 206-100] Generating core module 'mul_16ns_32ns_48_1_1': 1 instance(s).
INFO: [RTGEN 206-100] Generating core module 'mul_32s_16ns_32_1_1': 2 instance(s).
INFO: [RTGEN 206-100] Generating core module 'mul_32s_17ns_48_1_1': 1 instance(s).
INFO: [RTGEN 206-100] Generating core module 'mul_32s_8s_32_1_1': 1 instance(s).
INFO: [RTGEN 206-100] Generating core module 'mul_8ns_8ns_16_1_1': 2 instance(s).
INFO: [RTGEN 206-100] Generating core module 'mul_mul_16ns_16ns_32_4_1': 4 instance(s).
INFO: [RTGEN 206-100] Generating core module 'mul_mul_16ns_8ns_24_4_1': 3 instance(s).
INFO: [RTGEN 206-100] Generating core module 'mul_mul_8ns_17s_25_4_1': 1 instance(s).
INFO: [RTGEN 206-100] Generating core module 'sdiv_18ns_9ns_16_22_seq_1': 2 instance(s).
INFO: [RTGEN 206-100] Generating core module 'udiv_17s_8ns_17_21_seq_1': 1 instance(s).
INFO: [RTGEN 206-100] Finished creating RTL model for 'initial_conv_bn_relu'.
INFO: [HLS 200-111] Finished Creating RTL model: CPU user time: 0 seconds. CPU system time: 0 seconds. Elapsed time: 1.45 seconds; current allocated memory: 769.559 MB.
INFO: [HLS 200-111] Finished Generating all RTL models: CPU user time: 1 seconds. CPU system time: 0 seconds. Elapsed time: 2.176 seconds; current allocated memory: 776.359 MB.
INFO: [HLS 200-111] Finished Updating report files: CPU user time: 1 seconds. CPU system time: 1 seconds. Elapsed time: 1.353 seconds; current allocated memory: 782.195 MB.
INFO: [VHDL 208-304] Generating VHDL RTL for initial_conv_bn_relu.
INFO: [VLOG 209-307] Generating Verilog RTL for initial_conv_bn_relu.
INFO: [HLS 200-790] **** Loop Constraint Status: All loop constraints were NOT satisfied.
INFO: [HLS 200-789] **** Estimated Fmax: 136.99 MHz
INFO: [HLS 200-111] Finished Command csynth_design CPU user time: 5 seconds. CPU system time: 1 seconds. Elapsed time: 22.87 seconds; current allocated memory: 106.176 MB.
INFO: [HLS 200-112] Total CPU user time: 7 seconds. Total CPU system time: 2 seconds. Total elapsed time: 35.518 seconds; peak allocated memory: 783.297 MB.
==============================================================
Vitis HLS - High-Level Synthesis from C, C++ and OpenCL v2022.2 (64-bit)
Tool Version Limit: 2019.12
Copyright 1986-2022 Xilinx, Inc. All Rights Reserved.
==============================================================
INFO: [SYN 201-201] Setting up clock 'default' with a period of 10ns.
INFO: [HLS 200-1611] Setting target device to 'xc7z020-clg400-2'
INFO: [HLS 200-1505] Using flow_target 'vivado'
INFO: [HLS 200-1464] Running solution command: config_export -format=ip_catalog
INFO: [HLS 200-1464] Running solution command: config_export -rtl=verilog
INFO: [HLS 200-1510] Running: set_part xc7z020-clg400-2 
INFO: [HLS 200-1510] Running: create_clock -period 10 -name default 
INFO: [HLS 200-1510] Running: config_export -format ip_catalog -rtl verilog 
INFO: [HLS 200-1510] Running: source ./ip1/solution1/directives.tcl
INFO: [HLS 200-1510] Running: set_directive_top -name initial_conv_bn_relu initial_conv_bn_relu 
INFO: [HLS 200-1510] Running: export_design -rtl verilog -format ip_catalog 
INFO: [IMPL 213-8] Exporting RTL as a Vivado IP.
INFO: [HLS 200-802] Generated output file ip1/solution1/impl/export.zip
INFO: [HLS 200-111] Finished Command export_design CPU user time: 0 seconds. CPU system time: 0 seconds. Elapsed time: 21.169 seconds; current allocated memory: 9.523 MB.
INFO: [HLS 200-112] Total CPU user time: 3 seconds. Total CPU system time: 1 seconds. Total elapsed time: 33.821 seconds; peak allocated memory: 686.500 MB.
==============================================================
Vitis HLS - High-Level Synthesis from C, C++ and OpenCL v2022.2 (64-bit)
Tool Version Limit: 2019.12
Copyright 1986-2022 Xilinx, Inc. All Rights Reserved.
==============================================================
INFO: [SYN 201-201] Setting up clock 'default' with a period of 10ns.
INFO: [HLS 200-1611] Setting target device to 'xc7z020-clg400-2'
INFO: [HLS 200-1505] Using flow_target 'vivado'
INFO: [HLS 200-1464] Running solution command: config_export -format=ip_catalog
INFO: [HLS 200-1464] Running solution command: config_export -rtl=verilog
INFO: [HLS 200-1510] Running: set_part xc7z020-clg400-2 
INFO: [HLS 200-1510] Running: create_clock -period 10 -name default 
INFO: [HLS 200-1510] Running: config_export -format ip_catalog -rtl verilog 
INFO: [HLS 200-1510] Running: source ./ip1/solution1/directives.tcl
INFO: [HLS 200-1510] Running: set_directive_top -name initial_conv_bn_relu initial_conv_bn_relu 
INFO: [HLS 200-1510] Running: csynth_design 
INFO: [HLS 200-111] Finished File checks and directory preparation: CPU user time: 1 seconds. CPU system time: 0 seconds. Elapsed time: 10.103 seconds; current allocated memory: 676.453 MB.
INFO: [HLS 200-10] Analyzing design file '../ip/Ip1/initial_conv_bn_relu.cpp' ... 
ERROR: [HLS 207-3776] use of undeclared identifier 'H_out' (../ip/Ip1/initial_conv_bn_relu.cpp:128:29)
ERROR: [HLS 207-3776] use of undeclared identifier 'W_out' (../ip/Ip1/initial_conv_bn_relu.cpp:129:33)
INFO: [HLS 200-111] Finished Command csynth_design CPU user time: 1 seconds. CPU system time: 0 seconds. Elapsed time: 1.142 seconds; current allocated memory: 0.180 MB.
INFO: [HLS 200-112] Total CPU user time: 3 seconds. Total CPU system time: 1 seconds. Total elapsed time: 13.876 seconds; peak allocated memory: 676.629 MB.
==============================================================
Vitis HLS - High-Level Synthesis from C, C++ and OpenCL v2022.2 (64-bit)
Tool Version Limit: 2019.12
Copyright 1986-2022 Xilinx, Inc. All Rights Reserved.
==============================================================
INFO: [SYN 201-201] Setting up clock 'default' with a period of 10ns.
INFO: [HLS 200-1611] Setting target device to 'xc7z020-clg400-2'
INFO: [HLS 200-1505] Using flow_target 'vivado'
INFO: [HLS 200-1464] Running solution command: config_export -format=ip_catalog
INFO: [HLS 200-1464] Running solution command: config_export -rtl=verilog
INFO: [HLS 200-1510] Running: set_part xc7z020-clg400-2 
INFO: [HLS 200-1510] Running: create_clock -period 10 -name default 
INFO: [HLS 200-1510] Running: config_export -format ip_catalog -rtl verilog 
INFO: [HLS 200-1510] Running: source ./ip1/solution1/directives.tcl
INFO: [HLS 200-1510] Running: set_directive_top -name initial_conv_bn_relu initial_conv_bn_relu 
INFO: [HLS 200-1510] Running: csynth_design 
INFO: [HLS 200-111] Finished File checks and directory preparation: CPU user time: 0 seconds. CPU system time: 0 seconds. Elapsed time: 10.08 seconds; current allocated memory: 675.484 MB.
INFO: [HLS 200-10] Analyzing design file '../ip/Ip1/initial_conv_bn_relu.cpp' ... 
INFO: [HLS 200-111] Finished Source Code Analysis and Preprocessing: CPU user time: 0 seconds. CPU system time: 0 seconds. Elapsed time: 4.248 seconds; current allocated memory: 675.484 MB.
INFO: [HLS 200-777] Using interface defaults for 'Vivado' flow target.
INFO: [HLS 214-131] Inlining function 'ssdm_int<32, true>::ssdm_int(int)' into 'ap_int_base<32, true>::ap_int_base(int)' (D:/Xilinx/Vitis_HLS/2022.2/common/technology/autopilot\ap_int_base.h:214:67)
INFO: [HLS 214-131] Inlining function '_ZN8ssdm_intILi40ELb1EEC2EDq40_i' into 'ap_int_base<40, true>::ap_int_base<32, true>(ap_int_base<32, true> const&)' (D:/Xilinx/Vitis_HLS/2022.2/common/technology/autopilot\ap_int_base.h:185:106)
INFO: [HLS 214-131] Inlining function '_ZN8ssdm_intILi40ELb1EEC2EDq40_i' into 'ap_int_base<40, true>::ap_int_base<8, false>(ap_int_base<8, false> const&)' (D:/Xilinx/Vitis_HLS/2022.2/common/technology/autopilot\ap_int_base.h:185:106)
INFO: [HLS 214-131] Inlining function '_ZN8ssdm_intILi40ELb1EEC2EDq40_i' into 'ap_int_base<40, true>::ap_int_base(int)' (D:/Xilinx/Vitis_HLS/2022.2/common/technology/autopilot\ap_int_base.h:214:67)
INFO: [HLS 214-131] Inlining function 'ap_int_base<40, true>::ap_int_base<32, true>(ap_int_base<32, true> const&)' into 'ap_int_base<32, true>::RType<8, false>::mult operator*<32, true, 8, false>(ap_int_base<32, true> const&, ap_int_base<8, false> const&)' (D:/Xilinx/Vitis_HLS/2022.2/common/technology/autopilot\ap_int_base.h:1494:339)
INFO: [HLS 214-131] Inlining function 'ap_int_base<40, true>::ap_int_base(int)' into 'ap_int_base<32, true>::RType<8, false>::mult operator*<32, true, 8, false>(ap_int_base<32, true> const&, ap_int_base<8, false> const&)' (D:/Xilinx/Vitis_HLS/2022.2/common/technology/autopilot\ap_int_base.h:1494:516)
INFO: [HLS 214-131] Inlining function 'ap_int_base<40, true>::ap_int_base<8, false>(ap_int_base<8, false> const&)' into 'ap_int_base<32, true>::RType<8, false>::mult operator*<32, true, 8, false>(ap_int_base<32, true> const&, ap_int_base<8, false> const&)' (D:/Xilinx/Vitis_HLS/2022.2/common/technology/autopilot\ap_int_base.h:1494:427)
INFO: [HLS 214-131] Inlining function 'ap_int_base<32, true>::ap_int_base(int)' into 'ap_int_base<8, false>::RType<($_0)32, true>::mult operator*<8, false>(int, ap_int_base<8, false> const&)' (D:/Xilinx/Vitis_HLS/2022.2/common/technology/autopilot\ap_int_base.h:1633:216)
INFO: [HLS 214-131] Inlining function 'ap_int_base<32, true>::RType<8, false>::mult operator*<32, true, 8, false>(ap_int_base<32, true> const&, ap_int_base<8, false> const&)' into 'ap_int_base<8, false>::RType<($_0)32, true>::mult operator*<8, false>(int, ap_int_base<8, false> const&)' (D:/Xilinx/Vitis_HLS/2022.2/common/technology/autopilot\ap_int_base.h:1633:254)
INFO: [HLS 214-131] Inlining function '_ZN8ssdm_intILi41ELb1EEC2EDq41_i' into 'ap_int_base<41, true>::ap_int_base<16, false>(ap_int_base<16, false> const&)' (D:/Xilinx/Vitis_HLS/2022.2/common/technology/autopilot\ap_int_base.h:185:106)
INFO: [HLS 214-131] Inlining function '_ZN8ssdm_intILi41ELb1EEC2EDq41_i' into 'ap_int_base<41, true>::ap_int_base<40, true>(ap_int_base<40, true> const&)' (D:/Xilinx/Vitis_HLS/2022.2/common/technology/autopilot\ap_int_base.h:185:106)
INFO: [HLS 214-131] Inlining function '_ZN8ssdm_intILi41ELb1EEC2EDq41_i' into 'ap_int_base<41, true>::ap_int_base(int)' (D:/Xilinx/Vitis_HLS/2022.2/common/technology/autopilot\ap_int_base.h:214:67)
INFO: [HLS 214-131] Inlining function 'ap_int_base<41, true>::ap_int_base<16, false>(ap_int_base<16, false> const&)' into 'ap_int_base<16, false>::RType<40, true>::plus operator+<16, false, 40, true>(ap_int_base<16, false> const&, ap_int_base<40, true> const&)' (D:/Xilinx/Vitis_HLS/2022.2/common/technology/autopilot\ap_int_base.h:1495:339)
INFO: [HLS 214-131] Inlining function 'ap_int_base<41, true>::ap_int_base(int)' into 'ap_int_base<16, false>::RType<40, true>::plus operator+<16, false, 40, true>(ap_int_base<16, false> const&, ap_int_base<40, true> const&)' (D:/Xilinx/Vitis_HLS/2022.2/common/technology/autopilot\ap_int_base.h:1495:516)
INFO: [HLS 214-131] Inlining function 'ap_int_base<41, true>::ap_int_base<40, true>(ap_int_base<40, true> const&)' into 'ap_int_base<16, false>::RType<40, true>::plus operator+<16, false, 40, true>(ap_int_base<16, false> const&, ap_int_base<40, true> const&)' (D:/Xilinx/Vitis_HLS/2022.2/common/technology/autopilot\ap_int_base.h:1495:427)
INFO: [HLS 214-131] Inlining function '_ZN8ssdm_intILi42ELb1EEC2EDq42_i' into 'ap_int_base<42, true>::ap_int_base<41, true>(ap_int_base<41, true> const&)' (D:/Xilinx/Vitis_HLS/2022.2/common/technology/autopilot\ap_int_base.h:185:106)
INFO: [HLS 214-131] Inlining function '_ZN8ssdm_intILi42ELb1EEC2EDq42_i' into 'ap_int_base<42, true>::ap_int_base<8, false>(ap_int_base<8, false> const&)' (D:/Xilinx/Vitis_HLS/2022.2/common/technology/autopilot\ap_int_base.h:185:106)
INFO: [HLS 214-131] Inlining function '_ZN8ssdm_intILi42ELb1EEC2EDq42_i' into 'ap_int_base<42, true>::ap_int_base(int)' (D:/Xilinx/Vitis_HLS/2022.2/common/technology/autopilot\ap_int_base.h:214:67)
INFO: [HLS 214-131] Inlining function 'ap_int_base<42, true>::ap_int_base<41, true>(ap_int_base<41, true> const&)' into 'ap_int_base<41, true>::RType<8, false>::minus operator-<41, true, 8, false>(ap_int_base<41, true> const&, ap_int_base<8, false> const&)' (D:/Xilinx/Vitis_HLS/2022.2/common/technology/autopilot\ap_int_base.h:1496:341)
INFO: [HLS 214-131] Inlining function 'ap_int_base<42, true>::ap_int_base(int)' into 'ap_int_base<41, true>::RType<8, false>::minus operator-<41, true, 8, false>(ap_int_base<41, true> const&, ap_int_base<8, false> const&)' (D:/Xilinx/Vitis_HLS/2022.2/common/technology/autopilot\ap_int_base.h:1496:520)
INFO: [HLS 214-131] Inlining function 'ap_int_base<42, true>::ap_int_base<8, false>(ap_int_base<8, false> const&)' into 'ap_int_base<41, true>::RType<8, false>::minus operator-<41, true, 8, false>(ap_int_base<41, true> const&, ap_int_base<8, false> const&)' (D:/Xilinx/Vitis_HLS/2022.2/common/technology/autopilot\ap_int_base.h:1496:430)
INFO: [HLS 214-131] Inlining function 'ap_int_base<42, true>::ap_int_base(int)' into 'ap_int_base<42, true>::RType<8, false>::div operator/<42, true, 8, false>(ap_int_base<42, true> const&, ap_int_base<8, false> const&)' (D:/Xilinx/Vitis_HLS/2022.2/common/technology/autopilot\ap_int_base.h:1513:337)
INFO: [HLS 214-131] Inlining function '_ZN8ssdm_intILi43ELb1EEC2EDq43_i' into 'ap_int_base<43, true>::ap_int_base<42, true>(ap_int_base<42, true> const&)' (D:/Xilinx/Vitis_HLS/2022.2/common/technology/autopilot\ap_int_base.h:185:106)
INFO: [HLS 214-131] Inlining function '_ZN8ssdm_intILi43ELb1EEC2EDq43_i' into 'ap_int_base<43, true>::ap_int_base<32, true>(ap_int_base<32, true> const&)' (D:/Xilinx/Vitis_HLS/2022.2/common/technology/autopilot\ap_int_base.h:185:106)
INFO: [HLS 214-131] Inlining function '_ZN8ssdm_intILi43ELb1EEC2EDq43_i' into 'ap_int_base<43, true>::ap_int_base(int)' (D:/Xilinx/Vitis_HLS/2022.2/common/technology/autopilot\ap_int_base.h:214:67)
INFO: [HLS 214-131] Inlining function 'ap_int_base<43, true>::ap_int_base<42, true>(ap_int_base<42, true> const&)' into 'ap_int_base<42, true>::RType<32, true>::plus operator+<42, true, 32, true>(ap_int_base<42, true> const&, ap_int_base<32, true> const&)' (D:/Xilinx/Vitis_HLS/2022.2/common/technology/autopilot\ap_int_base.h:1495:339)
INFO: [HLS 214-131] Inlining function 'ap_int_base<43, true>::ap_int_base(int)' into 'ap_int_base<42, true>::RType<32, true>::plus operator+<42, true, 32, true>(ap_int_base<42, true> const&, ap_int_base<32, true> const&)' (D:/Xilinx/Vitis_HLS/2022.2/common/technology/autopilot\ap_int_base.h:1495:516)
INFO: [HLS 214-131] Inlining function 'ap_int_base<43, true>::ap_int_base<32, true>(ap_int_base<32, true> const&)' into 'ap_int_base<42, true>::RType<32, true>::plus operator+<42, true, 32, true>(ap_int_base<42, true> const&, ap_int_base<32, true> const&)' (D:/Xilinx/Vitis_HLS/2022.2/common/technology/autopilot\ap_int_base.h:1495:427)
INFO: [HLS 214-131] Inlining function 'ap_int_base<32, true>::ap_int_base(int)' into 'ap_int_base<42, true>::RType<($_0)32, true>::plus operator+<42, true>(ap_int_base<42, true> const&, int)' (D:/Xilinx/Vitis_HLS/2022.2/common/technology/autopilot\ap_int_base.h:1633:1006)
INFO: [HLS 214-131] Inlining function 'ap_int_base<42, true>::RType<32, true>::plus operator+<42, true, 32, true>(ap_int_base<42, true> const&, ap_int_base<32, true> const&)' into 'ap_int_base<42, true>::RType<($_0)32, true>::plus operator+<42, true>(ap_int_base<42, true> const&, int)' (D:/Xilinx/Vitis_HLS/2022.2/common/technology/autopilot\ap_int_base.h:1633:1004)
INFO: [HLS 214-131] Inlining function 'ssdm_int<16, false>::ssdm_int(unsigned short)' into 'ap_int_base<16, false>::ap_int_base<43, true>(ap_int_base<43, true> const&)' (D:/Xilinx/Vitis_HLS/2022.2/common/technology/autopilot\ap_int_base.h:185:106)
INFO: [HLS 214-131] Inlining function 'ap_int_base<16, false>::ap_int_base<43, true>(ap_int_base<43, true> const&)' into 'ap_uint<16>::ap_uint<43>(ap_int<43> const&)'
INFO: [HLS 214-131] Inlining function '_ZN8ssdm_intILi17ELb1EEC2EDq17_i' into 'ap_int_base<17, true>::ap_int_base<16, false>(ap_int_base<16, false> const&)' (D:/Xilinx/Vitis_HLS/2022.2/common/technology/autopilot\ap_int_base.h:185:106)
INFO: [HLS 214-131] Inlining function '_ZN8ssdm_intILi17ELb1EEC2EDq17_i' into 'ap_int_base<17, true>::ap_int_base<8, false>(ap_int_base<8, false> const&)' (D:/Xilinx/Vitis_HLS/2022.2/common/technology/autopilot\ap_int_base.h:185:106)
INFO: [HLS 214-131] Inlining function '_ZN8ssdm_intILi17ELb1EEC2EDq17_i' into 'ap_int_base<17, true>::ap_int_base(int)' (D:/Xilinx/Vitis_HLS/2022.2/common/technology/autopilot\ap_int_base.h:214:67)
INFO: [HLS 214-131] Inlining function 'ap_int_base<17, true>::ap_int_base<16, false>(ap_int_base<16, false> const&)' into 'ap_int_base<16, false>::RType<8, false>::minus operator-<16, false, 8, false>(ap_int_base<16, false> const&, ap_int_base<8, false> const&)' (D:/Xilinx/Vitis_HLS/2022.2/common/technology/autopilot\ap_int_base.h:1496:341)
INFO: [HLS 214-131] Inlining function 'ap_int_base<17, true>::ap_int_base(int)' into 'ap_int_base<16, false>::RType<8, false>::minus operator-<16, false, 8, false>(ap_int_base<16, false> const&, ap_int_base<8, false> const&)' (D:/Xilinx/Vitis_HLS/2022.2/common/technology/autopilot\ap_int_base.h:1496:520)
INFO: [HLS 214-131] Inlining function 'ap_int_base<17, true>::ap_int_base<8, false>(ap_int_base<8, false> const&)' into 'ap_int_base<16, false>::RType<8, false>::minus operator-<16, false, 8, false>(ap_int_base<16, false> const&, ap_int_base<8, false> const&)' (D:/Xilinx/Vitis_HLS/2022.2/common/technology/autopilot\ap_int_base.h:1496:430)
INFO: [HLS 214-131] Inlining function '_ZN8ssdm_intILi41ELb1EEC2EDq41_i' into 'ap_int_base<41, true>::ap_int_base<17, true>(ap_int_base<17, true> const&)' (D:/Xilinx/Vitis_HLS/2022.2/common/technology/autopilot\ap_int_base.h:185:106)
INFO: [HLS 214-131] Inlining function 'ap_int_base<41, true>::ap_int_base<17, true>(ap_int_base<17, true> const&)' into 'ap_int_base<17, true>::RType<40, true>::plus operator+<17, true, 40, true>(ap_int_base<17, true> const&, ap_int_base<40, true> const&)' (D:/Xilinx/Vitis_HLS/2022.2/common/technology/autopilot\ap_int_base.h:1495:339)
INFO: [HLS 214-131] Inlining function 'ap_int_base<41, true>::ap_int_base(int)' into 'ap_int_base<17, true>::RType<40, true>::plus operator+<17, true, 40, true>(ap_int_base<17, true> const&, ap_int_base<40, true> const&)' (D:/Xilinx/Vitis_HLS/2022.2/common/technology/autopilot\ap_int_base.h:1495:516)
INFO: [HLS 214-131] Inlining function 'ap_int_base<41, true>::ap_int_base<40, true>(ap_int_base<40, true> const&)' into 'ap_int_base<17, true>::RType<40, true>::plus operator+<17, true, 40, true>(ap_int_base<17, true> const&, ap_int_base<40, true> const&)' (D:/Xilinx/Vitis_HLS/2022.2/common/technology/autopilot\ap_int_base.h:1495:427)
INFO: [HLS 214-131] Inlining function 'ap_int_base<41, true>::ap_int_base(int)' into 'ap_int_base<41, true>::RType<8, false>::div operator/<41, true, 8, false>(ap_int_base<41, true> const&, ap_int_base<8, false> const&)' (D:/Xilinx/Vitis_HLS/2022.2/common/technology/autopilot\ap_int_base.h:1513:337)
INFO: [HLS 214-131] Inlining function '_ZN8ssdm_intILi42ELb1EEC2EDq42_i' into 'ap_int_base<42, true>::ap_int_base<32, true>(ap_int_base<32, true> const&)' (D:/Xilinx/Vitis_HLS/2022.2/common/technology/autopilot\ap_int_base.h:185:106)
INFO: [HLS 214-131] Inlining function 'ap_int_base<42, true>::ap_int_base<41, true>(ap_int_base<41, true> const&)' into 'ap_int_base<41, true>::RType<32, true>::plus operator+<41, true, 32, true>(ap_int_base<41, true> const&, ap_int_base<32, true> const&)' (D:/Xilinx/Vitis_HLS/2022.2/common/technology/autopilot\ap_int_base.h:1495:339)
INFO: [HLS 214-131] Inlining function 'ap_int_base<42, true>::ap_int_base(int)' into 'ap_int_base<41, true>::RType<32, true>::plus operator+<41, true, 32, true>(ap_int_base<41, true> const&, ap_int_base<32, true> const&)' (D:/Xilinx/Vitis_HLS/2022.2/common/technology/autopilot\ap_int_base.h:1495:516)
INFO: [HLS 214-131] Inlining function 'ap_int_base<42, true>::ap_int_base<32, true>(ap_int_base<32, true> const&)' into 'ap_int_base<41, true>::RType<32, true>::plus operator+<41, true, 32, true>(ap_int_base<41, true> const&, ap_int_base<32, true> const&)' (D:/Xilinx/Vitis_HLS/2022.2/common/technology/autopilot\ap_int_base.h:1495:427)
INFO: [HLS 214-131] Inlining function 'ap_int_base<32, true>::ap_int_base(int)' into 'ap_int_base<41, true>::RType<($_0)32, true>::plus operator+<41, true>(ap_int_base<41, true> const&, int)' (D:/Xilinx/Vitis_HLS/2022.2/common/technology/autopilot\ap_int_base.h:1633:1006)
INFO: [HLS 214-131] Inlining function 'ap_int_base<41, true>::RType<32, true>::plus operator+<41, true, 32, true>(ap_int_base<41, true> const&, ap_int_base<32, true> const&)' into 'ap_int_base<41, true>::RType<($_0)32, true>::plus operator+<41, true>(ap_int_base<41, true> const&, int)' (D:/Xilinx/Vitis_HLS/2022.2/common/technology/autopilot\ap_int_base.h:1633:1004)
INFO: [HLS 214-131] Inlining function 'ap_int_base<32, true>::ap_int_base(int)' into 'bool operator<<16, false>(int, ap_int_base<16, false> const&)' (D:/Xilinx/Vitis_HLS/2022.2/common/technology/autopilot\ap_int_base.h:1788:520)
INFO: [HLS 214-131] Inlining function 'bool ap_int_base<32, true>::operator<<16, false>(ap_int_base<16, false> const&) const' into 'bool operator<<16, false>(int, ap_int_base<16, false> const&)' (D:/Xilinx/Vitis_HLS/2022.2/common/technology/autopilot\ap_int_base.h:1788:558)
INFO: [HLS 214-131] Inlining function 'ap_int_base<32, true>::ap_int_base(int)' into 'ap_int<32>::ap_int(int)'
INFO: [HLS 214-131] Inlining function 'ap_int_base<32, true>::ap_int_base(int)' into 'bool operator<<8, false>(int, ap_int_base<8, false> const&)' (D:/Xilinx/Vitis_HLS/2022.2/common/technology/autopilot\ap_int_base.h:1788:520)
INFO: [HLS 214-131] Inlining function 'bool ap_int_base<32, true>::operator<<8, false>(ap_int_base<8, false> const&) const' into 'bool operator<<8, false>(int, ap_int_base<8, false> const&)' (D:/Xilinx/Vitis_HLS/2022.2/common/technology/autopilot\ap_int_base.h:1788:558)
INFO: [HLS 214-131] Inlining function '_ZN8ssdm_intILi41ELb1EEC2EDq41_i' into 'ap_int_base<41, true>::ap_int_base<32, true>(ap_int_base<32, true> const&)' (D:/Xilinx/Vitis_HLS/2022.2/common/technology/autopilot\ap_int_base.h:185:106)
INFO: [HLS 214-131] Inlining function 'ap_int_base<41, true>::ap_int_base<40, true>(ap_int_base<40, true> const&)' into 'ap_int_base<40, true>::RType<32, true>::plus operator+<40, true, 32, true>(ap_int_base<40, true> const&, ap_int_base<32, true> const&)' (D:/Xilinx/Vitis_HLS/2022.2/common/technology/autopilot\ap_int_base.h:1495:339)
INFO: [HLS 214-131] Inlining function 'ap_int_base<41, true>::ap_int_base(int)' into 'ap_int_base<40, true>::RType<32, true>::plus operator+<40, true, 32, true>(ap_int_base<40, true> const&, ap_int_base<32, true> const&)' (D:/Xilinx/Vitis_HLS/2022.2/common/technology/autopilot\ap_int_base.h:1495:516)
INFO: [HLS 214-131] Inlining function 'ap_int_base<41, true>::ap_int_base<32, true>(ap_int_base<32, true> const&)' into 'ap_int_base<40, true>::RType<32, true>::plus operator+<40, true, 32, true>(ap_int_base<40, true> const&, ap_int_base<32, true> const&)' (D:/Xilinx/Vitis_HLS/2022.2/common/technology/autopilot\ap_int_base.h:1495:427)
INFO: [HLS 214-131] Inlining function 'ap_int_base<32, true>::ap_int_base(int)' into 'ap_int_base<40, true>::RType<($_0)32, true>::plus operator+<40, true>(ap_int_base<40, true> const&, int)' (D:/Xilinx/Vitis_HLS/2022.2/common/technology/autopilot\ap_int_base.h:1633:1006)
INFO: [HLS 214-131] Inlining function 'ap_int_base<40, true>::RType<32, true>::plus operator+<40, true, 32, true>(ap_int_base<40, true> const&, ap_int_base<32, true> const&)' into 'ap_int_base<40, true>::RType<($_0)32, true>::plus operator+<40, true>(ap_int_base<40, true> const&, int)' (D:/Xilinx/Vitis_HLS/2022.2/common/technology/autopilot\ap_int_base.h:1633:1004)
INFO: [HLS 214-131] Inlining function '_ZN8ssdm_intILi48ELb1EEC2EDq48_i' into 'ap_int_base<48, true>::ap_int_base<32, true>(ap_int_base<32, true> const&)' (D:/Xilinx/Vitis_HLS/2022.2/common/technology/autopilot\ap_int_base.h:185:106)
INFO: [HLS 214-131] Inlining function '_ZN8ssdm_intILi48ELb1EEC2EDq48_i' into 'ap_int_base<48, true>::ap_int_base<16, false>(ap_int_base<16, false> const&)' (D:/Xilinx/Vitis_HLS/2022.2/common/technology/autopilot\ap_int_base.h:185:106)
INFO: [HLS 214-131] Inlining function '_ZN8ssdm_intILi48ELb1EEC2EDq48_i' into 'ap_int_base<48, true>::ap_int_base(int)' (D:/Xilinx/Vitis_HLS/2022.2/common/technology/autopilot\ap_int_base.h:214:67)
INFO: [HLS 214-131] Inlining function 'ap_int_base<48, true>::ap_int_base<32, true>(ap_int_base<32, true> const&)' into 'ap_int_base<32, true>::RType<16, false>::mult operator*<32, true, 16, false>(ap_int_base<32, true> const&, ap_int_base<16, false> const&)' (D:/Xilinx/Vitis_HLS/2022.2/common/technology/autopilot\ap_int_base.h:1494:339)
INFO: [HLS 214-131] Inlining function 'ap_int_base<48, true>::ap_int_base(int)' into 'ap_int_base<32, true>::RType<16, false>::mult operator*<32, true, 16, false>(ap_int_base<32, true> const&, ap_int_base<16, false> const&)' (D:/Xilinx/Vitis_HLS/2022.2/common/technology/autopilot\ap_int_base.h:1494:516)
INFO: [HLS 214-131] Inlining function 'ap_int_base<48, true>::ap_int_base<16, false>(ap_int_base<16, false> const&)' into 'ap_int_base<32, true>::RType<16, false>::mult operator*<32, true, 16, false>(ap_int_base<32, true> const&, ap_int_base<16, false> const&)' (D:/Xilinx/Vitis_HLS/2022.2/common/technology/autopilot\ap_int_base.h:1494:427)
INFO: [HLS 214-131] Inlining function 'ap_int_base<32, true>::ap_int_base(int)' into 'ap_int_base<16, false>::RType<($_0)32, true>::mult operator*<16, false>(int, ap_int_base<16, false> const&)' (D:/Xilinx/Vitis_HLS/2022.2/common/technology/autopilot\ap_int_base.h:1633:216)
INFO: [HLS 214-131] Inlining function 'ap_int_base<32, true>::RType<16, false>::mult operator*<32, true, 16, false>(ap_int_base<32, true> const&, ap_int_base<16, false> const&)' into 'ap_int_base<16, false>::RType<($_0)32, true>::mult operator*<16, false>(int, ap_int_base<16, false> const&)' (D:/Xilinx/Vitis_HLS/2022.2/common/technology/autopilot\ap_int_base.h:1633:254)
INFO: [HLS 214-131] Inlining function 'ssdm_int<64, true>::ssdm_int(long)' into 'ap_int_base<64, true>::ap_int_base<48, true>(ap_int_base<48, true> const&)' (D:/Xilinx/Vitis_HLS/2022.2/common/technology/autopilot\ap_int_base.h:185:106)
INFO: [HLS 214-131] Inlining function 'ssdm_int<64, true>::ssdm_int(long)' into 'ap_int_base<64, true>::ap_int_base<16, false>(ap_int_base<16, false> const&)' (D:/Xilinx/Vitis_HLS/2022.2/common/technology/autopilot\ap_int_base.h:185:106)
INFO: [HLS 214-131] Inlining function 'ssdm_int<64, true>::ssdm_int(long)' into 'ap_int_base<64, true>::ap_int_base(int)' (D:/Xilinx/Vitis_HLS/2022.2/common/technology/autopilot\ap_int_base.h:214:67)
INFO: [HLS 214-131] Inlining function 'ap_int_base<64, true>::ap_int_base<48, true>(ap_int_base<48, true> const&)' into 'ap_int_base<48, true>::RType<16, false>::mult operator*<48, true, 16, false>(ap_int_base<48, true> const&, ap_int_base<16, false> const&)' (D:/Xilinx/Vitis_HLS/2022.2/common/technology/autopilot\ap_int_base.h:1494:339)
INFO: [HLS 214-131] Inlining function 'ap_int_base<64, true>::ap_int_base(int)' into 'ap_int_base<48, true>::RType<16, false>::mult operator*<48, true, 16, false>(ap_int_base<48, true> const&, ap_int_base<16, false> const&)' (D:/Xilinx/Vitis_HLS/2022.2/common/technology/autopilot\ap_int_base.h:1494:516)
INFO: [HLS 214-131] Inlining function 'ap_int_base<64, true>::ap_int_base<16, false>(ap_int_base<16, false> const&)' into 'ap_int_base<48, true>::RType<16, false>::mult operator*<48, true, 16, false>(ap_int_base<48, true> const&, ap_int_base<16, false> const&)' (D:/Xilinx/Vitis_HLS/2022.2/common/technology/autopilot\ap_int_base.h:1494:427)
INFO: [HLS 214-131] Inlining function '_ZN8ssdm_intILi65ELb1EEC2EDq65_i' into 'ap_int_base<65, true>::ap_int_base<64, true>(ap_int_base<64, true> const&)' (D:/Xilinx/Vitis_HLS/2022.2/common/technology/autopilot\ap_int_base.h:185:106)
INFO: [HLS 214-131] Inlining function '_ZN8ssdm_intILi65ELb1EEC2EDq65_i' into 'ap_int_base<65, true>::ap_int_base<48, true>(ap_int_base<48, true> const&)' (D:/Xilinx/Vitis_HLS/2022.2/common/technology/autopilot\ap_int_base.h:185:106)
INFO: [HLS 214-131] Inlining function '_ZN8ssdm_intILi65ELb1EEC2EDq65_i' into 'ap_int_base<65, true>::ap_int_base(int)' (D:/Xilinx/Vitis_HLS/2022.2/common/technology/autopilot\ap_int_base.h:214:67)
INFO: [HLS 214-131] Inlining function 'ap_int_base<65, true>::ap_int_base<64, true>(ap_int_base<64, true> const&)' into 'ap_int_base<64, true>::RType<48, true>::plus operator+<64, true, 48, true>(ap_int_base<64, true> const&, ap_int_base<48, true> const&)' (D:/Xilinx/Vitis_HLS/2022.2/common/technology/autopilot\ap_int_base.h:1495:339)
INFO: [HLS 214-131] Inlining function 'ap_int_base<65, true>::ap_int_base(int)' into 'ap_int_base<64, true>::RType<48, true>::plus operator+<64, true, 48, true>(ap_int_base<64, true> const&, ap_int_base<48, true> const&)' (D:/Xilinx/Vitis_HLS/2022.2/common/technology/autopilot\ap_int_base.h:1495:516)
INFO: [HLS 214-131] Inlining function 'ap_int_base<65, true>::ap_int_base<48, true>(ap_int_base<48, true> const&)' into 'ap_int_base<64, true>::RType<48, true>::plus operator+<64, true, 48, true>(ap_int_base<64, true> const&, ap_int_base<48, true> const&)' (D:/Xilinx/Vitis_HLS/2022.2/common/technology/autopilot\ap_int_base.h:1495:427)
INFO: [HLS 214-131] Inlining function '_ZN8ssdm_intILi66ELb1EEC2EDq66_i' into 'ap_int_base<66, true>::ap_int_base<65, true>(ap_int_base<65, true> const&)' (D:/Xilinx/Vitis_HLS/2022.2/common/technology/autopilot\ap_int_base.h:185:106)
INFO: [HLS 214-131] Inlining function '_ZN8ssdm_intILi66ELb1EEC2EDq66_i' into 'ap_int_base<66, true>::ap_int_base<32, true>(ap_int_base<32, true> const&)' (D:/Xilinx/Vitis_HLS/2022.2/common/technology/autopilot\ap_int_base.h:185:106)
INFO: [HLS 214-131] Inlining function '_ZN8ssdm_intILi66ELb1EEC2EDq66_i' into 'ap_int_base<66, true>::ap_int_base(int)' (D:/Xilinx/Vitis_HLS/2022.2/common/technology/autopilot\ap_int_base.h:214:67)
INFO: [HLS 214-131] Inlining function 'ap_int_base<66, true>::ap_int_base<65, true>(ap_int_base<65, true> const&)' into 'ap_int_base<65, true>::RType<32, true>::plus operator+<65, true, 32, true>(ap_int_base<65, true> const&, ap_int_base<32, true> const&)' (D:/Xilinx/Vitis_HLS/2022.2/common/technology/autopilot\ap_int_base.h:1495:339)
INFO: [HLS 214-131] Inlining function 'ap_int_base<66, true>::ap_int_base(int)' into 'ap_int_base<65, true>::RType<32, true>::plus operator+<65, true, 32, true>(ap_int_base<65, true> const&, ap_int_base<32, true> const&)' (D:/Xilinx/Vitis_HLS/2022.2/common/technology/autopilot\ap_int_base.h:1495:516)
INFO: [HLS 214-131] Inlining function 'ap_int_base<66, true>::ap_int_base<32, true>(ap_int_base<32, true> const&)' into 'ap_int_base<65, true>::RType<32, true>::plus operator+<65, true, 32, true>(ap_int_base<65, true> const&, ap_int_base<32, true> const&)' (D:/Xilinx/Vitis_HLS/2022.2/common/technology/autopilot\ap_int_base.h:1495:427)
INFO: [HLS 214-131] Inlining function 'ap_int_base<32, true>::ap_int_base(int)' into 'ap_int_base<65, true>::RType<($_0)32, true>::plus operator+<65, true>(ap_int_base<65, true> const&, int)' (D:/Xilinx/Vitis_HLS/2022.2/common/technology/autopilot\ap_int_base.h:1633:1006)
INFO: [HLS 214-131] Inlining function 'ap_int_base<65, true>::RType<32, true>::plus operator+<65, true, 32, true>(ap_int_base<65, true> const&, ap_int_base<32, true> const&)' into 'ap_int_base<65, true>::RType<($_0)32, true>::plus operator+<65, true>(ap_int_base<65, true> const&, int)' (D:/Xilinx/Vitis_HLS/2022.2/common/technology/autopilot\ap_int_base.h:1633:1004)
INFO: [HLS 214-131] Inlining function '_ZN8ssdm_intILi56ELb1EEC2EDq56_i' into 'ap_int_base<56, true>::ap_int_base<40, true>(ap_int_base<40, true> const&)' (D:/Xilinx/Vitis_HLS/2022.2/common/technology/autopilot\ap_int_base.h:185:106)
INFO: [HLS 214-131] Inlining function '_ZN8ssdm_intILi56ELb1EEC2EDq56_i' into 'ap_int_base<56, true>::ap_int_base<16, false>(ap_int_base<16, false> const&)' (D:/Xilinx/Vitis_HLS/2022.2/common/technology/autopilot\ap_int_base.h:185:106)
INFO: [HLS 214-131] Inlining function '_ZN8ssdm_intILi56ELb1EEC2EDq56_i' into 'ap_int_base<56, true>::ap_int_base(int)' (D:/Xilinx/Vitis_HLS/2022.2/common/technology/autopilot\ap_int_base.h:214:67)
INFO: [HLS 214-131] Inlining function 'ap_int_base<56, true>::ap_int_base<40, true>(ap_int_base<40, true> const&)' into 'ap_int_base<40, true>::RType<16, false>::mult operator*<40, true, 16, false>(ap_int_base<40, true> const&, ap_int_base<16, false> const&)' (D:/Xilinx/Vitis_HLS/2022.2/common/technology/autopilot\ap_int_base.h:1494:339)
INFO: [HLS 214-131] Inlining function 'ap_int_base<56, true>::ap_int_base(int)' into 'ap_int_base<40, true>::RType<16, false>::mult operator*<40, true, 16, false>(ap_int_base<40, true> const&, ap_int_base<16, false> const&)' (D:/Xilinx/Vitis_HLS/2022.2/common/technology/autopilot\ap_int_base.h:1494:516)
INFO: [HLS 214-131] Inlining function 'ap_int_base<56, true>::ap_int_base<16, false>(ap_int_base<16, false> const&)' into 'ap_int_base<40, true>::RType<16, false>::mult operator*<40, true, 16, false>(ap_int_base<40, true> const&, ap_int_base<16, false> const&)' (D:/Xilinx/Vitis_HLS/2022.2/common/technology/autopilot\ap_int_base.h:1494:427)
INFO: [HLS 214-131] Inlining function '_ZN8ssdm_intILi72ELb1EEC2EDq72_i' into 'ap_int_base<72, true>::ap_int_base<56, true>(ap_int_base<56, true> const&)' (D:/Xilinx/Vitis_HLS/2022.2/common/technology/autopilot\ap_int_base.h:185:106)
INFO: [HLS 214-131] Inlining function '_ZN8ssdm_intILi72ELb1EEC2EDq72_i' into 'ap_int_base<72, true>::ap_int_base<16, false>(ap_int_base<16, false> const&)' (D:/Xilinx/Vitis_HLS/2022.2/common/technology/autopilot\ap_int_base.h:185:106)
INFO: [HLS 214-131] Inlining function '_ZN8ssdm_intILi72ELb1EEC2EDq72_i' into 'ap_int_base<72, true>::ap_int_base(int)' (D:/Xilinx/Vitis_HLS/2022.2/common/technology/autopilot\ap_int_base.h:214:67)
INFO: [HLS 214-131] Inlining function 'ap_int_base<72, true>::ap_int_base<56, true>(ap_int_base<56, true> const&)' into 'ap_int_base<56, true>::RType<16, false>::mult operator*<56, true, 16, false>(ap_int_base<56, true> const&, ap_int_base<16, false> const&)' (D:/Xilinx/Vitis_HLS/2022.2/common/technology/autopilot\ap_int_base.h:1494:339)
INFO: [HLS 214-131] Inlining function 'ap_int_base<72, true>::ap_int_base(int)' into 'ap_int_base<56, true>::RType<16, false>::mult operator*<56, true, 16, false>(ap_int_base<56, true> const&, ap_int_base<16, false> const&)' (D:/Xilinx/Vitis_HLS/2022.2/common/technology/autopilot\ap_int_base.h:1494:516)
INFO: [HLS 214-131] Inlining function 'ap_int_base<72, true>::ap_int_base<16, false>(ap_int_base<16, false> const&)' into 'ap_int_base<56, true>::RType<16, false>::mult operator*<56, true, 16, false>(ap_int_base<56, true> const&, ap_int_base<16, false> const&)' (D:/Xilinx/Vitis_HLS/2022.2/common/technology/autopilot\ap_int_base.h:1494:427)
INFO: [HLS 214-131] Inlining function '_ZN8ssdm_intILi73ELb1EEC2EDq73_i' into 'ap_int_base<73, true>::ap_int_base<72, true>(ap_int_base<72, true> const&)' (D:/Xilinx/Vitis_HLS/2022.2/common/technology/autopilot\ap_int_base.h:185:106)
INFO: [HLS 214-131] Inlining function '_ZN8ssdm_intILi73ELb1EEC2EDq73_i' into 'ap_int_base<73, true>::ap_int_base<64, true>(ap_int_base<64, true> const&)' (D:/Xilinx/Vitis_HLS/2022.2/common/technology/autopilot\ap_int_base.h:185:106)
INFO: [HLS 214-131] Inlining function '_ZN8ssdm_intILi73ELb1EEC2EDq73_i' into 'ap_int_base<73, true>::ap_int_base(int)' (D:/Xilinx/Vitis_HLS/2022.2/common/technology/autopilot\ap_int_base.h:214:67)
INFO: [HLS 214-131] Inlining function 'ap_int_base<73, true>::ap_int_base<72, true>(ap_int_base<72, true> const&)' into 'ap_int_base<72, true>::RType<64, true>::plus operator+<72, true, 64, true>(ap_int_base<72, true> const&, ap_int_base<64, true> const&)' (D:/Xilinx/Vitis_HLS/2022.2/common/technology/autopilot\ap_int_base.h:1495:339)
INFO: [HLS 214-131] Inlining function 'ap_int_base<73, true>::ap_int_base(int)' into 'ap_int_base<72, true>::RType<64, true>::plus operator+<72, true, 64, true>(ap_int_base<72, true> const&, ap_int_base<64, true> const&)' (D:/Xilinx/Vitis_HLS/2022.2/common/technology/autopilot\ap_int_base.h:1495:516)
INFO: [HLS 214-131] Inlining function 'ap_int_base<73, true>::ap_int_base<64, true>(ap_int_base<64, true> const&)' into 'ap_int_base<72, true>::RType<64, true>::plus operator+<72, true, 64, true>(ap_int_base<72, true> const&, ap_int_base<64, true> const&)' (D:/Xilinx/Vitis_HLS/2022.2/common/technology/autopilot\ap_int_base.h:1495:427)
INFO: [HLS 214-131] Inlining function '_ZN8ssdm_intILi74ELb1EEC2EDq74_i' into 'ap_int_base<74, true>::ap_int_base<73, true>(ap_int_base<73, true> const&)' (D:/Xilinx/Vitis_HLS/2022.2/common/technology/autopilot\ap_int_base.h:185:106)
INFO: [HLS 214-131] Inlining function '_ZN8ssdm_intILi74ELb1EEC2EDq74_i' into 'ap_int_base<74, true>::ap_int_base<48, true>(ap_int_base<48, true> const&)' (D:/Xilinx/Vitis_HLS/2022.2/common/technology/autopilot\ap_int_base.h:185:106)
INFO: [HLS 214-131] Inlining function '_ZN8ssdm_intILi74ELb1EEC2EDq74_i' into 'ap_int_base<74, true>::ap_int_base(int)' (D:/Xilinx/Vitis_HLS/2022.2/common/technology/autopilot\ap_int_base.h:214:67)
INFO: [HLS 214-131] Inlining function 'ap_int_base<74, true>::ap_int_base<73, true>(ap_int_base<73, true> const&)' into 'ap_int_base<73, true>::RType<48, true>::plus operator+<73, true, 48, true>(ap_int_base<73, true> const&, ap_int_base<48, true> const&)' (D:/Xilinx/Vitis_HLS/2022.2/common/technology/autopilot\ap_int_base.h:1495:339)
INFO: [HLS 214-131] Inlining function 'ap_int_base<74, true>::ap_int_base(int)' into 'ap_int_base<73, true>::RType<48, true>::plus operator+<73, true, 48, true>(ap_int_base<73, true> const&, ap_int_base<48, true> const&)' (D:/Xilinx/Vitis_HLS/2022.2/common/technology/autopilot\ap_int_base.h:1495:516)
INFO: [HLS 214-131] Inlining function 'ap_int_base<74, true>::ap_int_base<48, true>(ap_int_base<48, true> const&)' into 'ap_int_base<73, true>::RType<48, true>::plus operator+<73, true, 48, true>(ap_int_base<73, true> const&, ap_int_base<48, true> const&)' (D:/Xilinx/Vitis_HLS/2022.2/common/technology/autopilot\ap_int_base.h:1495:427)
INFO: [HLS 214-131] Inlining function '_ZN8ssdm_intILi75ELb1EEC2EDq75_i' into 'ap_int_base<75, true>::ap_int_base<74, true>(ap_int_base<74, true> const&)' (D:/Xilinx/Vitis_HLS/2022.2/common/technology/autopilot\ap_int_base.h:185:106)
INFO: [HLS 214-131] Inlining function '_ZN8ssdm_intILi75ELb1EEC2EDq75_i' into 'ap_int_base<75, true>::ap_int_base<32, true>(ap_int_base<32, true> const&)' (D:/Xilinx/Vitis_HLS/2022.2/common/technology/autopilot\ap_int_base.h:185:106)
INFO: [HLS 214-131] Inlining function '_ZN8ssdm_intILi75ELb1EEC2EDq75_i' into 'ap_int_base<75, true>::ap_int_base(int)' (D:/Xilinx/Vitis_HLS/2022.2/common/technology/autopilot\ap_int_base.h:214:67)
INFO: [HLS 214-131] Inlining function 'ap_int_base<75, true>::ap_int_base<74, true>(ap_int_base<74, true> const&)' into 'ap_int_base<74, true>::RType<32, true>::plus operator+<74, true, 32, true>(ap_int_base<74, true> const&, ap_int_base<32, true> const&)' (D:/Xilinx/Vitis_HLS/2022.2/common/technology/autopilot\ap_int_base.h:1495:339)
INFO: [HLS 214-131] Inlining function 'ap_int_base<75, true>::ap_int_base(int)' into 'ap_int_base<74, true>::RType<32, true>::plus operator+<74, true, 32, true>(ap_int_base<74, true> const&, ap_int_base<32, true> const&)' (D:/Xilinx/Vitis_HLS/2022.2/common/technology/autopilot\ap_int_base.h:1495:516)
INFO: [HLS 214-131] Inlining function 'ap_int_base<75, true>::ap_int_base<32, true>(ap_int_base<32, true> const&)' into 'ap_int_base<74, true>::RType<32, true>::plus operator+<74, true, 32, true>(ap_int_base<74, true> const&, ap_int_base<32, true> const&)' (D:/Xilinx/Vitis_HLS/2022.2/common/technology/autopilot\ap_int_base.h:1495:427)
INFO: [HLS 214-131] Inlining function 'ap_int_base<32, true>::ap_int_base(int)' into 'ap_int_base<74, true>::RType<($_0)32, true>::plus operator+<74, true>(ap_int_base<74, true> const&, int)' (D:/Xilinx/Vitis_HLS/2022.2/common/technology/autopilot\ap_int_base.h:1633:1006)
INFO: [HLS 214-131] Inlining function 'ap_int_base<74, true>::RType<32, true>::plus operator+<74, true, 32, true>(ap_int_base<74, true> const&, ap_int_base<32, true> const&)' into 'ap_int_base<74, true>::RType<($_0)32, true>::plus operator+<74, true>(ap_int_base<74, true> const&, int)' (D:/Xilinx/Vitis_HLS/2022.2/common/technology/autopilot\ap_int_base.h:1633:1004)
INFO: [HLS 214-131] Inlining function 'ssdm_int<16, true>::ssdm_int(short)' into 'ap_int_base<16, true>::ap_int_base<8, true>(ap_int_base<8, true> const&)' (D:/Xilinx/Vitis_HLS/2022.2/common/technology/autopilot\ap_int_base.h:185:106)
INFO: [HLS 214-131] Inlining function 'ssdm_int<16, true>::ssdm_int(short)' into 'ap_int_base<16, true>::ap_int_base(int)' (D:/Xilinx/Vitis_HLS/2022.2/common/technology/autopilot\ap_int_base.h:214:67)
INFO: [HLS 214-131] Inlining function 'ap_int_base<16, true>::ap_int_base<8, true>(ap_int_base<8, true> const&)' into 'ap_int_base<8, true>::RType<8, true>::mult operator*<8, true, 8, true>(ap_int_base<8, true> const&, ap_int_base<8, true> const&)' (D:/Xilinx/Vitis_HLS/2022.2/common/technology/autopilot\ap_int_base.h:1494:339)
INFO: [HLS 214-131] Inlining function 'ap_int_base<16, true>::ap_int_base(int)' into 'ap_int_base<8, true>::RType<8, true>::mult operator*<8, true, 8, true>(ap_int_base<8, true> const&, ap_int_base<8, true> const&)' (D:/Xilinx/Vitis_HLS/2022.2/common/technology/autopilot\ap_int_base.h:1494:516)
INFO: [HLS 214-131] Inlining function 'ap_int_base<16, true>::ap_int_base<8, true>(ap_int_base<8, true> const&)' into 'ap_int_base<8, true>::RType<8, true>::mult operator*<8, true, 8, true>(ap_int_base<8, true> const&, ap_int_base<8, true> const&)' (D:/Xilinx/Vitis_HLS/2022.2/common/technology/autopilot\ap_int_base.h:1494:427)
INFO: [HLS 214-131] Inlining function 'ssdm_int<32, true>::ssdm_int(int)' into 'ap_int_base<32, true>::ap_int_base<8, true>(ap_int_base<8, true> const&)' (D:/Xilinx/Vitis_HLS/2022.2/common/technology/autopilot\ap_int_base.h:185:106)
INFO: [HLS 214-131] Inlining function 'ap_int_base<32, true>::ap_int_base<8, true>(ap_int_base<8, true> const&)' into 'ap_int<32>::ap_int<8>(ap_int<8> const&)'
INFO: [HLS 214-131] Inlining function '_ZN8ssdm_intILi33ELb1EEC2EDq33_i' into 'ap_int_base<33, true>::ap_int_base<32, true>(ap_int_base<32, true> const&)' (D:/Xilinx/Vitis_HLS/2022.2/common/technology/autopilot\ap_int_base.h:185:106)
INFO: [HLS 214-131] Inlining function '_ZN8ssdm_intILi33ELb1EEC2EDq33_i' into 'ap_int_base<33, true>::ap_int_base(int)' (D:/Xilinx/Vitis_HLS/2022.2/common/technology/autopilot\ap_int_base.h:214:67)
INFO: [HLS 214-131] Inlining function 'ap_int_base<33, true>::ap_int_base<32, true>(ap_int_base<32, true> const&)' into 'ap_int_base<32, true>::RType<32, true>::plus operator+<32, true, 32, true>(ap_int_base<32, true> const&, ap_int_base<32, true> const&)' (D:/Xilinx/Vitis_HLS/2022.2/common/technology/autopilot\ap_int_base.h:1495:339)
INFO: [HLS 214-131] Inlining function 'ap_int_base<33, true>::ap_int_base(int)' into 'ap_int_base<32, true>::RType<32, true>::plus operator+<32, true, 32, true>(ap_int_base<32, true> const&, ap_int_base<32, true> const&)' (D:/Xilinx/Vitis_HLS/2022.2/common/technology/autopilot\ap_int_base.h:1495:516)
INFO: [HLS 214-131] Inlining function 'ap_int_base<33, true>::ap_int_base<32, true>(ap_int_base<32, true> const&)' into 'ap_int_base<32, true>::RType<32, true>::plus operator+<32, true, 32, true>(ap_int_base<32, true> const&, ap_int_base<32, true> const&)' (D:/Xilinx/Vitis_HLS/2022.2/common/technology/autopilot\ap_int_base.h:1495:427)
INFO: [HLS 214-131] Inlining function 'ap_int_base<32, true>::ap_int_base(int)' into 'ap_int_base<32, true>::RType<($_0)32, true>::plus operator+<32, true>(int, ap_int_base<32, true> const&)' (D:/Xilinx/Vitis_HLS/2022.2/common/technology/autopilot\ap_int_base.h:1633:739)
INFO: [HLS 214-131] Inlining function 'ap_int_base<32, true>::RType<32, true>::plus operator+<32, true, 32, true>(ap_int_base<32, true> const&, ap_int_base<32, true> const&)' into 'ap_int_base<32, true>::RType<($_0)32, true>::plus operator+<32, true>(int, ap_int_base<32, true> const&)' (D:/Xilinx/Vitis_HLS/2022.2/common/technology/autopilot\ap_int_base.h:1633:777)
INFO: [HLS 214-131] Inlining function 'ssdm_int<32, true>::ssdm_int(int)' into 'ap_int_base<32, true>::ap_int_base<33, true>(ap_int_base<33, true> const&)' (D:/Xilinx/Vitis_HLS/2022.2/common/technology/autopilot\ap_int_base.h:185:106)
INFO: [HLS 214-131] Inlining function 'ap_int_base<32, true>::ap_int_base<33, true>(ap_int_base<33, true> const&)' into 'ap_int<32>::ap_int<33>(ap_int<33> const&)'
INFO: [HLS 214-131] Inlining function 'ap_int_base<33, true>::ap_int_base(int)' into 'ap_int_base<32, true>::RType<32, true>::div operator/<32, true, 32, true>(ap_int_base<32, true> const&, ap_int_base<32, true> const&)' (D:/Xilinx/Vitis_HLS/2022.2/common/technology/autopilot\ap_int_base.h:1513:337)
INFO: [HLS 214-131] Inlining function 'ap_int_base<32, true>::ap_int_base(int)' into 'ap_int_base<32, true>::RType<($_0)32, true>::div operator/<32, true>(int, ap_int_base<32, true> const&)' (D:/Xilinx/Vitis_HLS/2022.2/common/technology/autopilot\ap_int_base.h:1633:1786)
INFO: [HLS 214-131] Inlining function 'ap_int_base<32, true>::RType<32, true>::div operator/<32, true, 32, true>(ap_int_base<32, true> const&, ap_int_base<32, true> const&)' into 'ap_int_base<32, true>::RType<($_0)32, true>::div operator/<32, true>(int, ap_int_base<32, true> const&)' (D:/Xilinx/Vitis_HLS/2022.2/common/technology/autopilot\ap_int_base.h:1633:1824)
INFO: [HLS 214-131] Inlining function 'ap_int_base<33, true>::ap_int_base<32, true>(ap_int_base<32, true> const&)' into 'ap_int_base<32, true>::RType<32, true>::minus operator-<32, true, 32, true>(ap_int_base<32, true> const&, ap_int_base<32, true> const&)' (D:/Xilinx/Vitis_HLS/2022.2/common/technology/autopilot\ap_int_base.h:1496:341)
INFO: [HLS 214-131] Inlining function 'ap_int_base<33, true>::ap_int_base(int)' into 'ap_int_base<32, true>::RType<32, true>::minus operator-<32, true, 32, true>(ap_int_base<32, true> const&, ap_int_base<32, true> const&)' (D:/Xilinx/Vitis_HLS/2022.2/common/technology/autopilot\ap_int_base.h:1496:520)
INFO: [HLS 214-131] Inlining function 'ap_int_base<33, true>::ap_int_base<32, true>(ap_int_base<32, true> const&)' into 'ap_int_base<32, true>::RType<32, true>::minus operator-<32, true, 32, true>(ap_int_base<32, true> const&, ap_int_base<32, true> const&)' (D:/Xilinx/Vitis_HLS/2022.2/common/technology/autopilot\ap_int_base.h:1496:430)
INFO: [HLS 214-131] Inlining function '_ZN8ssdm_intILi65ELb1EEC2EDq65_i' into 'ap_int_base<65, true>::ap_int_base<33, true>(ap_int_base<33, true> const&)' (D:/Xilinx/Vitis_HLS/2022.2/common/technology/autopilot\ap_int_base.h:185:106)
INFO: [HLS 214-131] Inlining function '_ZN8ssdm_intILi65ELb1EEC2EDq65_i' into 'ap_int_base<65, true>::ap_int_base<32, true>(ap_int_base<32, true> const&)' (D:/Xilinx/Vitis_HLS/2022.2/common/technology/autopilot\ap_int_base.h:185:106)
INFO: [HLS 214-131] Inlining function 'ap_int_base<65, true>::ap_int_base<33, true>(ap_int_base<33, true> const&)' into 'ap_int_base<33, true>::RType<32, true>::mult operator*<33, true, 32, true>(ap_int_base<33, true> const&, ap_int_base<32, true> const&)' (D:/Xilinx/Vitis_HLS/2022.2/common/technology/autopilot\ap_int_base.h:1494:339)
INFO: [HLS 214-131] Inlining function 'ap_int_base<65, true>::ap_int_base(int)' into 'ap_int_base<33, true>::RType<32, true>::mult operator*<33, true, 32, true>(ap_int_base<33, true> const&, ap_int_base<32, true> const&)' (D:/Xilinx/Vitis_HLS/2022.2/common/technology/autopilot\ap_int_base.h:1494:516)
INFO: [HLS 214-131] Inlining function 'ap_int_base<65, true>::ap_int_base<32, true>(ap_int_base<32, true> const&)' into 'ap_int_base<33, true>::RType<32, true>::mult operator*<33, true, 32, true>(ap_int_base<33, true> const&, ap_int_base<32, true> const&)' (D:/Xilinx/Vitis_HLS/2022.2/common/technology/autopilot\ap_int_base.h:1494:427)
INFO: [HLS 214-131] Inlining function 'ssdm_int<32, true>::ssdm_int(int)' into 'ap_int_base<32, true>::ap_int_base<65, true>(ap_int_base<65, true> const&)' (D:/Xilinx/Vitis_HLS/2022.2/common/technology/autopilot\ap_int_base.h:185:106)
INFO: [HLS 214-131] Inlining function 'ap_int_base<32, true>::ap_int_base<65, true>(ap_int_base<65, true> const&)' into 'ap_int<32>::ap_int<65>(ap_int<65> const&)'
INFO: [HLS 214-131] Inlining function 'ssdm_int<64, true>::ssdm_int(long)' into 'ap_int_base<64, true>::ap_int_base<32, true>(ap_int_base<32, true> const&)' (D:/Xilinx/Vitis_HLS/2022.2/common/technology/autopilot\ap_int_base.h:185:106)
INFO: [HLS 214-131] Inlining function 'ap_int_base<64, true>::ap_int_base<32, true>(ap_int_base<32, true> const&)' into 'ap_int_base<32, true>::RType<32, true>::mult operator*<32, true, 32, true>(ap_int_base<32, true> const&, ap_int_base<32, true> const&)' (D:/Xilinx/Vitis_HLS/2022.2/common/technology/autopilot\ap_int_base.h:1494:339)
INFO: [HLS 214-131] Inlining function 'ap_int_base<64, true>::ap_int_base(int)' into 'ap_int_base<32, true>::RType<32, true>::mult operator*<32, true, 32, true>(ap_int_base<32, true> const&, ap_int_base<32, true> const&)' (D:/Xilinx/Vitis_HLS/2022.2/common/technology/autopilot\ap_int_base.h:1494:516)
INFO: [HLS 214-131] Inlining function 'ap_int_base<64, true>::ap_int_base<32, true>(ap_int_base<32, true> const&)' into 'ap_int_base<32, true>::RType<32, true>::mult operator*<32, true, 32, true>(ap_int_base<32, true> const&, ap_int_base<32, true> const&)' (D:/Xilinx/Vitis_HLS/2022.2/common/technology/autopilot\ap_int_base.h:1494:427)
INFO: [HLS 214-131] Inlining function 'ap_int_base<64, true>::ap_int_base(int)' into 'ap_int_base<64, true>::RType<64, true>::arg1 operator>><64, true>(ap_int_base<64, true> const&, int)' (D:/Xilinx/Vitis_HLS/2022.2/common/technology/autopilot\ap_int_base.h:1669:558)
INFO: [HLS 214-131] Inlining function 'ssdm_int<32, true>::ssdm_int(int)' into 'ap_int_base<32, true>::ap_int_base<64, true>(ap_int_base<64, true> const&)' (D:/Xilinx/Vitis_HLS/2022.2/common/technology/autopilot\ap_int_base.h:185:106)
INFO: [HLS 214-131] Inlining function 'ap_int_base<32, true>::ap_int_base<64, true>(ap_int_base<64, true> const&)' into 'ap_int<32>::ap_int<64>(ap_int<64> const&)'
INFO: [HLS 214-131] Inlining function 'ap_int_base<32, true>::RType<($_0)32, true>::plus operator+<32, true>(int, ap_int_base<32, true> const&)' into 'unified_batch_norm(ap_int<32>, ap_int<32>, ap_int<32>, ap_int<32>, ap_int<32>)' (../ip/Ip1/initial_conv_bn_relu.cpp:19:30)
INFO: [HLS 214-131] Inlining function 'ap_int_base<32, true>& ap_int_base<32, true>::operator+=<32, true>(ap_int_base<32, true> const&)' into 'unified_batch_norm(ap_int<32>, ap_int<32>, ap_int<32>, ap_int<32>, ap_int<32>)' (../ip/Ip1/initial_conv_bn_relu.cpp:31:12)
INFO: [HLS 214-131] Inlining function 'ap_int_base<64, true>::RType<64, true>::arg1 operator>><64, true>(ap_int_base<64, true> const&, int)' into 'unified_batch_norm(ap_int<32>, ap_int<32>, ap_int<32>, ap_int<32>, ap_int<32>)' (../ip/Ip1/initial_conv_bn_relu.cpp:28:33)
INFO: [HLS 214-131] Inlining function 'ap_int_base<32, true>::RType<32, true>::mult operator*<32, true, 32, true>(ap_int_base<32, true> const&, ap_int_base<32, true> const&)' into 'unified_batch_norm(ap_int<32>, ap_int<32>, ap_int<32>, ap_int<32>, ap_int<32>)' (../ip/Ip1/initial_conv_bn_relu.cpp:28:22)
INFO: [HLS 214-131] Inlining function 'ap_int_base<33, true>::RType<32, true>::mult operator*<33, true, 32, true>(ap_int_base<33, true> const&, ap_int_base<32, true> const&)' into 'unified_batch_norm(ap_int<32>, ap_int<32>, ap_int<32>, ap_int<32>, ap_int<32>)' (../ip/Ip1/initial_conv_bn_relu.cpp:27:43)
INFO: [HLS 214-131] Inlining function 'ap_int_base<32, true>::RType<32, true>::minus operator-<32, true, 32, true>(ap_int_base<32, true> const&, ap_int_base<32, true> const&)' into 'unified_batch_norm(ap_int<32>, ap_int<32>, ap_int<32>, ap_int<32>, ap_int<32>)' (../ip/Ip1/initial_conv_bn_relu.cpp:27:35)
INFO: [HLS 214-131] Inlining function 'ap_int_base<32, true>::RType<($_0)32, true>::div operator/<32, true>(int, ap_int_base<32, true> const&)' into 'unified_batch_norm(ap_int<32>, ap_int<32>, ap_int<32>, ap_int<32>, ap_int<32>)' (../ip/Ip1/initial_conv_bn_relu.cpp:23:35)
INFO: [HLS 214-131] Inlining function 'ap_int_base<32, true>::ap_int_base(int)' into 'bool operator><32, true>(ap_int_base<32, true> const&, int)' (D:/Xilinx/Vitis_HLS/2022.2/common/technology/autopilot\ap_int_base.h:1788:337)
INFO: [HLS 214-131] Inlining function 'bool ap_int_base<32, true>::operator><32, true>(ap_int_base<32, true> const&) const' into 'bool operator><32, true>(ap_int_base<32, true> const&, int)' (D:/Xilinx/Vitis_HLS/2022.2/common/technology/autopilot\ap_int_base.h:1788:335)
INFO: [HLS 214-131] Inlining function 'ap_int_base<32, true>::ap_int_base(int)' into 'ap_int_base<32, true>::RType<32, true>::arg1 operator>><32, true>(ap_int_base<32, true> const&, int)' (D:/Xilinx/Vitis_HLS/2022.2/common/technology/autopilot\ap_int_base.h:1669:558)
INFO: [HLS 214-131] Inlining function 'ssdm_int<8, true>::ssdm_int(signed char)' into 'ap_int_base<8, true>::ap_int_base<32, true>(ap_int_base<32, true> const&)' (D:/Xilinx/Vitis_HLS/2022.2/common/technology/autopilot\ap_int_base.h:185:106)
INFO: [HLS 214-131] Inlining function 'ap_int_base<8, true>::ap_int_base<32, true>(ap_int_base<32, true> const&)' into 'ap_int<8>::ap_int<32>(ap_int<32> const&)'
INFO: [HLS 214-131] Inlining function 'ssdm_int<8, true>::ssdm_int(signed char)' into 'ap_int_base<8, true>::ap_int_base(int)' (D:/Xilinx/Vitis_HLS/2022.2/common/technology/autopilot\ap_int_base.h:214:67)
INFO: [HLS 214-131] Inlining function 'ap_int_base<8, true>::ap_int_base(int)' into 'ap_int<8>::ap_int(int)'
INFO: [HLS 214-131] Inlining function 'bool operator><32, true>(ap_int_base<32, true> const&, int)' into 'unified_batch_norm_relu(ap_int<32>, ap_int<32>, ap_int<32>, ap_int<32>, ap_int<32>, int)' (../ip/Ip1/initial_conv_bn_relu.cpp:54:20)
INFO: [HLS 214-131] Inlining function 'ap_int_base<32, true>::RType<32, true>::arg1 operator>><32, true>(ap_int_base<32, true> const&, int)' into 'unified_batch_norm_relu(ap_int<32>, ap_int<32>, ap_int<32>, ap_int<32>, ap_int<32>, int)' (../ip/Ip1/initial_conv_bn_relu.cpp:54:44)
INFO: [HLS 214-131] Inlining function 'ap_int_base<8, false>::RType<($_0)32, true>::mult operator*<8, false>(int, ap_int_base<8, false> const&)' into 'initial_conv_bn_relu(ap_uint<16>, ap_uint<16>, ap_uint<16>, ap_uint<16>, ap_uint<8>, ap_uint<8>, ap_uint<8>, ap_uint<8>, ap_uint<8>, ap_uint<8>, ap_int<8>*, ap_int<8>*, ap_int<8>*, ap_int<8>*, ap_int<8>*, ap_int<8>*, ap_int<8>*)' (../ip/Ip1/initial_conv_bn_relu.cpp:114:37)
INFO: [HLS 214-131] Inlining function 'ap_int_base<66, true>::operator long long() const' into 'initial_conv_bn_relu(ap_uint<16>, ap_uint<16>, ap_uint<16>, ap_uint<16>, ap_uint<8>, ap_uint<8>, ap_uint<8>, ap_uint<8>, ap_uint<8>, ap_uint<8>, ap_int<8>*, ap_int<8>*, ap_int<8>*, ap_int<8>*, ap_int<8>*, ap_int<8>*, ap_int<8>*)' (../ip/Ip1/initial_conv_bn_relu.cpp:206:31)
INFO: [HLS 214-131] Inlining function 'ap_int_base<65, true>::RType<($_0)32, true>::plus operator+<65, true>(ap_int_base<65, true> const&, int)' into 'initial_conv_bn_relu(ap_uint<16>, ap_uint<16>, ap_uint<16>, ap_uint<16>, ap_uint<8>, ap_uint<8>, ap_uint<8>, ap_uint<8>, ap_uint<8>, ap_uint<8>, ap_int<8>*, ap_int<8>*, ap_int<8>*, ap_int<8>*, ap_int<8>*, ap_int<8>*, ap_int<8>*)' (../ip/Ip1/initial_conv_bn_relu.cpp:206:66)
INFO: [HLS 214-131] Inlining function 'ap_int_base<64, true>::RType<48, true>::plus operator+<64, true, 48, true>(ap_int_base<64, true> const&, ap_int_base<48, true> const&)' into 'initial_conv_bn_relu(ap_uint<16>, ap_uint<16>, ap_uint<16>, ap_uint<16>, ap_uint<8>, ap_uint<8>, ap_uint<8>, ap_uint<8>, ap_uint<8>, ap_uint<8>, ap_int<8>*, ap_int<8>*, ap_int<8>*, ap_int<8>*, ap_int<8>*, ap_int<8>*, ap_int<8>*)' (../ip/Ip1/initial_conv_bn_relu.cpp:206:54)
INFO: [HLS 214-131] Inlining function 'ap_int_base<16, false>::RType<($_0)32, true>::mult operator*<16, false>(int, ap_int_base<16, false> const&)' into 'initial_conv_bn_relu(ap_uint<16>, ap_uint<16>, ap_uint<16>, ap_uint<16>, ap_uint<8>, ap_uint<8>, ap_uint<8>, ap_uint<8>, ap_uint<8>, ap_uint<8>, ap_int<8>*, ap_int<8>*, ap_int<8>*, ap_int<8>*, ap_int<8>*, ap_int<8>*, ap_int<8>*)' (../ip/Ip1/initial_conv_bn_relu.cpp:206:58)
INFO: [HLS 214-131] Inlining function 'ap_int_base<48, true>::RType<16, false>::mult operator*<48, true, 16, false>(ap_int_base<48, true> const&, ap_int_base<16, false> const&)' into 'initial_conv_bn_relu(ap_uint<16>, ap_uint<16>, ap_uint<16>, ap_uint<16>, ap_uint<8>, ap_uint<8>, ap_uint<8>, ap_uint<8>, ap_uint<8>, ap_uint<8>, ap_int<8>*, ap_int<8>*, ap_int<8>*, ap_int<8>*, ap_int<8>*, ap_int<8>*, ap_int<8>*)' (../ip/Ip1/initial_conv_bn_relu.cpp:206:46)
INFO: [HLS 214-131] Inlining function 'ap_int_base<16, false>::RType<($_0)32, true>::mult operator*<16, false>(int, ap_int_base<16, false> const&)' into 'initial_conv_bn_relu(ap_uint<16>, ap_uint<16>, ap_uint<16>, ap_uint<16>, ap_uint<8>, ap_uint<8>, ap_uint<8>, ap_uint<8>, ap_uint<8>, ap_uint<8>, ap_int<8>*, ap_int<8>*, ap_int<8>*, ap_int<8>*, ap_int<8>*, ap_int<8>*, ap_int<8>*)' (../ip/Ip1/initial_conv_bn_relu.cpp:206:33)
INFO: [HLS 214-131] Inlining function 'bool ap_int_base<8, true>::operator><8, true>(ap_int_base<8, true> const&) const' into 'initial_conv_bn_relu(ap_uint<16>, ap_uint<16>, ap_uint<16>, ap_uint<16>, ap_uint<8>, ap_uint<8>, ap_uint<8>, ap_uint<8>, ap_uint<8>, ap_uint<8>, ap_int<8>*, ap_int<8>*, ap_int<8>*, ap_int<8>*, ap_int<8>*, ap_int<8>*, ap_int<8>*)' (../ip/Ip1/initial_conv_bn_relu.cpp:198:59)
INFO: [HLS 214-131] Inlining function 'ap_int_base<66, true>::operator long long() const' into 'initial_conv_bn_relu(ap_uint<16>, ap_uint<16>, ap_uint<16>, ap_uint<16>, ap_uint<8>, ap_uint<8>, ap_uint<8>, ap_uint<8>, ap_uint<8>, ap_uint<8>, ap_int<8>*, ap_int<8>*, ap_int<8>*, ap_int<8>*, ap_int<8>*, ap_int<8>*, ap_int<8>*)' (../ip/Ip1/initial_conv_bn_relu.cpp:195:48)
INFO: [HLS 214-131] Inlining function 'ap_int_base<65, true>::RType<($_0)32, true>::plus operator+<65, true>(ap_int_base<65, true> const&, int)' into 'initial_conv_bn_relu(ap_uint<16>, ap_uint<16>, ap_uint<16>, ap_uint<16>, ap_uint<8>, ap_uint<8>, ap_uint<8>, ap_uint<8>, ap_uint<8>, ap_uint<8>, ap_int<8>*, ap_int<8>*, ap_int<8>*, ap_int<8>*, ap_int<8>*, ap_int<8>*, ap_int<8>*)' (../ip/Ip1/initial_conv_bn_relu.cpp:195:89)
INFO: [HLS 214-131] Inlining function 'ap_int_base<64, true>::RType<48, true>::plus operator+<64, true, 48, true>(ap_int_base<64, true> const&, ap_int_base<48, true> const&)' into 'initial_conv_bn_relu(ap_uint<16>, ap_uint<16>, ap_uint<16>, ap_uint<16>, ap_uint<8>, ap_uint<8>, ap_uint<8>, ap_uint<8>, ap_uint<8>, ap_uint<8>, ap_int<8>*, ap_int<8>*, ap_int<8>*, ap_int<8>*, ap_int<8>*, ap_int<8>*, ap_int<8>*)' (../ip/Ip1/initial_conv_bn_relu.cpp:195:74)
INFO: [HLS 214-131] Inlining function 'ap_int_base<16, false>::RType<($_0)32, true>::mult operator*<16, false>(int, ap_int_base<16, false> const&)' into 'initial_conv_bn_relu(ap_uint<16>, ap_uint<16>, ap_uint<16>, ap_uint<16>, ap_uint<8>, ap_uint<8>, ap_uint<8>, ap_uint<8>, ap_uint<8>, ap_uint<8>, ap_int<8>*, ap_int<8>*, ap_int<8>*, ap_int<8>*, ap_int<8>*, ap_int<8>*, ap_int<8>*)' (../ip/Ip1/initial_conv_bn_relu.cpp:195:81)
INFO: [HLS 214-131] Inlining function 'ap_int_base<48, true>::RType<16, false>::mult operator*<48, true, 16, false>(ap_int_base<48, true> const&, ap_int_base<16, false> const&)' into 'initial_conv_bn_relu(ap_uint<16>, ap_uint<16>, ap_uint<16>, ap_uint<16>, ap_uint<8>, ap_uint<8>, ap_uint<8>, ap_uint<8>, ap_uint<8>, ap_uint<8>, ap_int<8>*, ap_int<8>*, ap_int<8>*, ap_int<8>*, ap_int<8>*, ap_int<8>*, ap_int<8>*)' (../ip/Ip1/initial_conv_bn_relu.cpp:195:66)
INFO: [HLS 214-131] Inlining function 'ap_int_base<16, false>::RType<($_0)32, true>::mult operator*<16, false>(int, ap_int_base<16, false> const&)' into 'initial_conv_bn_relu(ap_uint<16>, ap_uint<16>, ap_uint<16>, ap_uint<16>, ap_uint<8>, ap_uint<8>, ap_uint<8>, ap_uint<8>, ap_uint<8>, ap_uint<8>, ap_int<8>*, ap_int<8>*, ap_int<8>*, ap_int<8>*, ap_int<8>*, ap_int<8>*, ap_int<8>*)' (../ip/Ip1/initial_conv_bn_relu.cpp:195:53)
INFO: [HLS 214-131] Inlining function 'bool operator<<16, false>(int, ap_int_base<16, false> const&)' into 'initial_conv_bn_relu(ap_uint<16>, ap_uint<16>, ap_uint<16>, ap_uint<16>, ap_uint<8>, ap_uint<8>, ap_uint<8>, ap_uint<8>, ap_uint<8>, ap_uint<8>, ap_int<8>*, ap_int<8>*, ap_int<8>*, ap_int<8>*, ap_int<8>*, ap_int<8>*, ap_int<8>*)' (../ip/Ip1/initial_conv_bn_relu.cpp:193:81)
INFO: [HLS 214-131] Inlining function 'bool operator<<16, false>(int, ap_int_base<16, false> const&)' into 'initial_conv_bn_relu(ap_uint<16>, ap_uint<16>, ap_uint<16>, ap_uint<16>, ap_uint<8>, ap_uint<8>, ap_uint<8>, ap_uint<8>, ap_uint<8>, ap_uint<8>, ap_int<8>*, ap_int<8>*, ap_int<8>*, ap_int<8>*, ap_int<8>*, ap_int<8>*, ap_int<8>*)' (../ip/Ip1/initial_conv_bn_relu.cpp:193:47)
INFO: [HLS 214-131] Inlining function 'ap_int_base<42, true>::operator long long() const' into 'initial_conv_bn_relu(ap_uint<16>, ap_uint<16>, ap_uint<16>, ap_uint<16>, ap_uint<8>, ap_uint<8>, ap_uint<8>, ap_uint<8>, ap_uint<8>, ap_uint<8>, ap_int<8>*, ap_int<8>*, ap_int<8>*, ap_int<8>*, ap_int<8>*, ap_int<8>*, ap_int<8>*)' (../ip/Ip1/initial_conv_bn_relu.cpp:190:36)
INFO: [HLS 214-131] Inlining function 'ap_int_base<41, true>::RType<8, false>::minus operator-<41, true, 8, false>(ap_int_base<41, true> const&, ap_int_base<8, false> const&)' into 'initial_conv_bn_relu(ap_uint<16>, ap_uint<16>, ap_uint<16>, ap_uint<16>, ap_uint<8>, ap_uint<8>, ap_uint<8>, ap_uint<8>, ap_uint<8>, ap_uint<8>, ap_int<8>*, ap_int<8>*, ap_int<8>*, ap_int<8>*, ap_int<8>*, ap_int<8>*, ap_int<8>*)' (../ip/Ip1/initial_conv_bn_relu.cpp:190:57)
INFO: [HLS 214-131] Inlining function 'ap_int_base<40, true>::RType<($_0)32, true>::plus operator+<40, true>(ap_int_base<40, true> const&, int)' into 'initial_conv_bn_relu(ap_uint<16>, ap_uint<16>, ap_uint<16>, ap_uint<16>, ap_uint<8>, ap_uint<8>, ap_uint<8>, ap_uint<8>, ap_uint<8>, ap_uint<8>, ap_int<8>*, ap_int<8>*, ap_int<8>*, ap_int<8>*, ap_int<8>*, ap_int<8>*, ap_int<8>*)' (../ip/Ip1/initial_conv_bn_relu.cpp:190:52)
INFO: [HLS 214-131] Inlining function 'ap_int_base<8, false>::RType<($_0)32, true>::mult operator*<8, false>(int, ap_int_base<8, false> const&)' into 'initial_conv_bn_relu(ap_uint<16>, ap_uint<16>, ap_uint<16>, ap_uint<16>, ap_uint<8>, ap_uint<8>, ap_uint<8>, ap_uint<8>, ap_uint<8>, ap_uint<8>, ap_int<8>*, ap_int<8>*, ap_int<8>*, ap_int<8>*, ap_int<8>*, ap_int<8>*, ap_int<8>*)' (../ip/Ip1/initial_conv_bn_relu.cpp:190:38)
INFO: [HLS 214-131] Inlining function 'ap_int_base<42, true>::operator long long() const' into 'initial_conv_bn_relu(ap_uint<16>, ap_uint<16>, ap_uint<16>, ap_uint<16>, ap_uint<8>, ap_uint<8>, ap_uint<8>, ap_uint<8>, ap_uint<8>, ap_uint<8>, ap_int<8>*, ap_int<8>*, ap_int<8>*, ap_int<8>*, ap_int<8>*, ap_int<8>*, ap_int<8>*)' (../ip/Ip1/initial_conv_bn_relu.cpp:189:36)
INFO: [HLS 214-131] Inlining function 'ap_int_base<41, true>::RType<8, false>::minus operator-<41, true, 8, false>(ap_int_base<41, true> const&, ap_int_base<8, false> const&)' into 'initial_conv_bn_relu(ap_uint<16>, ap_uint<16>, ap_uint<16>, ap_uint<16>, ap_uint<8>, ap_uint<8>, ap_uint<8>, ap_uint<8>, ap_uint<8>, ap_uint<8>, ap_int<8>*, ap_int<8>*, ap_int<8>*, ap_int<8>*, ap_int<8>*, ap_int<8>*, ap_int<8>*)' (../ip/Ip1/initial_conv_bn_relu.cpp:189:57)
INFO: [HLS 214-131] Inlining function 'ap_int_base<40, true>::RType<($_0)32, true>::plus operator+<40, true>(ap_int_base<40, true> const&, int)' into 'initial_conv_bn_relu(ap_uint<16>, ap_uint<16>, ap_uint<16>, ap_uint<16>, ap_uint<8>, ap_uint<8>, ap_uint<8>, ap_uint<8>, ap_uint<8>, ap_uint<8>, ap_int<8>*, ap_int<8>*, ap_int<8>*, ap_int<8>*, ap_int<8>*, ap_int<8>*, ap_int<8>*)' (../ip/Ip1/initial_conv_bn_relu.cpp:189:52)
INFO: [HLS 214-131] Inlining function 'ap_int_base<8, false>::RType<($_0)32, true>::mult operator*<8, false>(int, ap_int_base<8, false> const&)' into 'initial_conv_bn_relu(ap_uint<16>, ap_uint<16>, ap_uint<16>, ap_uint<16>, ap_uint<8>, ap_uint<8>, ap_uint<8>, ap_uint<8>, ap_uint<8>, ap_uint<8>, ap_int<8>*, ap_int<8>*, ap_int<8>*, ap_int<8>*, ap_int<8>*, ap_int<8>*, ap_int<8>*)' (../ip/Ip1/initial_conv_bn_relu.cpp:189:38)
INFO: [HLS 214-131] Inlining function 'bool operator<<8, false>(int, ap_int_base<8, false> const&)' into 'initial_conv_bn_relu(ap_uint<16>, ap_uint<16>, ap_uint<16>, ap_uint<16>, ap_uint<8>, ap_uint<8>, ap_uint<8>, ap_uint<8>, ap_uint<8>, ap_uint<8>, ap_int<8>*, ap_int<8>*, ap_int<8>*, ap_int<8>*, ap_int<8>*, ap_int<8>*, ap_int<8>*)' (../ip/Ip1/initial_conv_bn_relu.cpp:187:60)
INFO: [HLS 214-131] Inlining function 'bool operator<<8, false>(int, ap_int_base<8, false> const&)' into 'initial_conv_bn_relu(ap_uint<16>, ap_uint<16>, ap_uint<16>, ap_uint<16>, ap_uint<8>, ap_uint<8>, ap_uint<8>, ap_uint<8>, ap_uint<8>, ap_uint<8>, ap_int<8>*, ap_int<8>*, ap_int<8>*, ap_int<8>*, ap_int<8>*, ap_int<8>*, ap_int<8>*)' (../ip/Ip1/initial_conv_bn_relu.cpp:186:56)
INFO: [HLS 214-131] Inlining function 'bool operator<<16, false>(int, ap_int_base<16, false> const&)' into 'initial_conv_bn_relu(ap_uint<16>, ap_uint<16>, ap_uint<16>, ap_uint<16>, ap_uint<8>, ap_uint<8>, ap_uint<8>, ap_uint<8>, ap_uint<8>, ap_uint<8>, ap_int<8>*, ap_int<8>*, ap_int<8>*, ap_int<8>*, ap_int<8>*, ap_int<8>*, ap_int<8>*)' (../ip/Ip1/initial_conv_bn_relu.cpp:178:38)
INFO: [HLS 214-131] Inlining function 'bool operator<<16, false>(int, ap_int_base<16, false> const&)' into 'initial_conv_bn_relu(ap_uint<16>, ap_uint<16>, ap_uint<16>, ap_uint<16>, ap_uint<8>, ap_uint<8>, ap_uint<8>, ap_uint<8>, ap_uint<8>, ap_uint<8>, ap_int<8>*, ap_int<8>*, ap_int<8>*, ap_int<8>*, ap_int<8>*, ap_int<8>*, ap_int<8>*)' (../ip/Ip1/initial_conv_bn_relu.cpp:176:38)
INFO: [HLS 214-131] Inlining function 'bool operator<<16, false>(int, ap_int_base<16, false> const&)' into 'initial_conv_bn_relu(ap_uint<16>, ap_uint<16>, ap_uint<16>, ap_uint<16>, ap_uint<8>, ap_uint<8>, ap_uint<8>, ap_uint<8>, ap_uint<8>, ap_uint<8>, ap_int<8>*, ap_int<8>*, ap_int<8>*, ap_int<8>*, ap_int<8>*, ap_int<8>*, ap_int<8>*)' (../ip/Ip1/initial_conv_bn_relu.cpp:174:41)
INFO: [HLS 214-131] Inlining function 'ap_int_base<16, false>::RType<40, true>::plus operator+<16, false, 40, true>(ap_int_base<16, false> const&, ap_int_base<40, true> const&)' into 'initial_conv_bn_relu(ap_uint<16>, ap_uint<16>, ap_uint<16>, ap_uint<16>, ap_uint<8>, ap_uint<8>, ap_uint<8>, ap_uint<8>, ap_uint<8>, ap_uint<8>, ap_int<8>*, ap_int<8>*, ap_int<8>*, ap_int<8>*, ap_int<8>*, ap_int<8>*, ap_int<8>*)' (../ip/Ip1/initial_conv_bn_relu.cpp:114:33)
INFO: [HLS 214-131] Inlining function 'ap_int_base<66, true>::operator long long() const' into 'initial_conv_bn_relu(ap_uint<16>, ap_uint<16>, ap_uint<16>, ap_uint<16>, ap_uint<8>, ap_uint<8>, ap_uint<8>, ap_uint<8>, ap_uint<8>, ap_uint<8>, ap_int<8>*, ap_int<8>*, ap_int<8>*, ap_int<8>*, ap_int<8>*, ap_int<8>*, ap_int<8>*)' (../ip/Ip1/initial_conv_bn_relu.cpp:158:36)
INFO: [HLS 214-131] Inlining function 'ap_int_base<65, true>::RType<($_0)32, true>::plus operator+<65, true>(ap_int_base<65, true> const&, int)' into 'initial_conv_bn_relu(ap_uint<16>, ap_uint<16>, ap_uint<16>, ap_uint<16>, ap_uint<8>, ap_uint<8>, ap_uint<8>, ap_uint<8>, ap_uint<8>, ap_uint<8>, ap_int<8>*, ap_int<8>*, ap_int<8>*, ap_int<8>*, ap_int<8>*, ap_int<8>*, ap_int<8>*)' (../ip/Ip1/initial_conv_bn_relu.cpp:158:71)
INFO: [HLS 214-131] Inlining function 'ap_int_base<64, true>::RType<48, true>::plus operator+<64, true, 48, true>(ap_int_base<64, true> const&, ap_int_base<48, true> const&)' into 'initial_conv_bn_relu(ap_uint<16>, ap_uint<16>, ap_uint<16>, ap_uint<16>, ap_uint<8>, ap_uint<8>, ap_uint<8>, ap_uint<8>, ap_uint<8>, ap_uint<8>, ap_int<8>*, ap_int<8>*, ap_int<8>*, ap_int<8>*, ap_int<8>*, ap_int<8>*, ap_int<8>*)' (../ip/Ip1/initial_conv_bn_relu.cpp:158:59)
INFO: [HLS 214-131] Inlining function 'ap_int_base<16, false>::RType<($_0)32, true>::mult operator*<16, false>(int, ap_int_base<16, false> const&)' into 'initial_conv_bn_relu(ap_uint<16>, ap_uint<16>, ap_uint<16>, ap_uint<16>, ap_uint<8>, ap_uint<8>, ap_uint<8>, ap_uint<8>, ap_uint<8>, ap_uint<8>, ap_int<8>*, ap_int<8>*, ap_int<8>*, ap_int<8>*, ap_int<8>*, ap_int<8>*, ap_int<8>*)' (../ip/Ip1/initial_conv_bn_relu.cpp:158:63)
INFO: [HLS 214-131] Inlining function 'ap_int_base<48, true>::RType<16, false>::mult operator*<48, true, 16, false>(ap_int_base<48, true> const&, ap_int_base<16, false> const&)' into 'initial_conv_bn_relu(ap_uint<16>, ap_uint<16>, ap_uint<16>, ap_uint<16>, ap_uint<8>, ap_uint<8>, ap_uint<8>, ap_uint<8>, ap_uint<8>, ap_uint<8>, ap_int<8>*, ap_int<8>*, ap_int<8>*, ap_int<8>*, ap_int<8>*, ap_int<8>*, ap_int<8>*)' (../ip/Ip1/initial_conv_bn_relu.cpp:158:51)
INFO: [HLS 214-131] Inlining function 'ap_int_base<16, false>::RType<($_0)32, true>::mult operator*<16, false>(int, ap_int_base<16, false> const&)' into 'initial_conv_bn_relu(ap_uint<16>, ap_uint<16>, ap_uint<16>, ap_uint<16>, ap_uint<8>, ap_uint<8>, ap_uint<8>, ap_uint<8>, ap_uint<8>, ap_uint<8>, ap_int<8>*, ap_int<8>*, ap_int<8>*, ap_int<8>*, ap_int<8>*, ap_int<8>*, ap_int<8>*)' (../ip/Ip1/initial_conv_bn_relu.cpp:158:38)
INFO: [HLS 214-131] Inlining function 'ap_int_base<32, true>& ap_int_base<32, true>::operator+=<16, true>(ap_int_base<16, true> const&)' into 'initial_conv_bn_relu(ap_uint<16>, ap_uint<16>, ap_uint<16>, ap_uint<16>, ap_uint<8>, ap_uint<8>, ap_uint<8>, ap_uint<8>, ap_uint<8>, ap_uint<8>, ap_int<8>*, ap_int<8>*, ap_int<8>*, ap_int<8>*, ap_int<8>*, ap_int<8>*, ap_int<8>*)' (../ip/Ip1/initial_conv_bn_relu.cpp:151:37)
INFO: [HLS 214-131] Inlining function 'ap_int_base<8, true>::RType<8, true>::mult operator*<8, true, 8, true>(ap_int_base<8, true> const&, ap_int_base<8, true> const&)' into 'initial_conv_bn_relu(ap_uint<16>, ap_uint<16>, ap_uint<16>, ap_uint<16>, ap_uint<8>, ap_uint<8>, ap_uint<8>, ap_uint<8>, ap_uint<8>, ap_uint<8>, ap_int<8>*, ap_int<8>*, ap_int<8>*, ap_int<8>*, ap_int<8>*, ap_int<8>*, ap_int<8>*)' (../ip/Ip1/initial_conv_bn_relu.cpp:151:64)
INFO: [HLS 214-131] Inlining function 'ap_int_base<75, true>::operator long long() const' into 'initial_conv_bn_relu(ap_uint<16>, ap_uint<16>, ap_uint<16>, ap_uint<16>, ap_uint<8>, ap_uint<8>, ap_uint<8>, ap_uint<8>, ap_uint<8>, ap_uint<8>, ap_int<8>*, ap_int<8>*, ap_int<8>*, ap_int<8>*, ap_int<8>*, ap_int<8>*, ap_int<8>*)' (../ip/Ip1/initial_conv_bn_relu.cpp:149:50)
INFO: [HLS 214-131] Inlining function 'ap_int_base<74, true>::RType<($_0)32, true>::plus operator+<74, true>(ap_int_base<74, true> const&, int)' into 'initial_conv_bn_relu(ap_uint<16>, ap_uint<16>, ap_uint<16>, ap_uint<16>, ap_uint<8>, ap_uint<8>, ap_uint<8>, ap_uint<8>, ap_uint<8>, ap_uint<8>, ap_int<8>*, ap_int<8>*, ap_int<8>*, ap_int<8>*, ap_int<8>*, ap_int<8>*, ap_int<8>*)' (../ip/Ip1/initial_conv_bn_relu.cpp:149:107)
INFO: [HLS 214-131] Inlining function 'ap_int_base<73, true>::RType<48, true>::plus operator+<73, true, 48, true>(ap_int_base<73, true> const&, ap_int_base<48, true> const&)' into 'initial_conv_bn_relu(ap_uint<16>, ap_uint<16>, ap_uint<16>, ap_uint<16>, ap_uint<8>, ap_uint<8>, ap_uint<8>, ap_uint<8>, ap_uint<8>, ap_uint<8>, ap_int<8>*, ap_int<8>*, ap_int<8>*, ap_int<8>*, ap_int<8>*, ap_int<8>*, ap_int<8>*)' (../ip/Ip1/initial_conv_bn_relu.cpp:149:92)
INFO: [HLS 214-131] Inlining function 'ap_int_base<16, false>::RType<($_0)32, true>::mult operator*<16, false>(int, ap_int_base<16, false> const&)' into 'initial_conv_bn_relu(ap_uint<16>, ap_uint<16>, ap_uint<16>, ap_uint<16>, ap_uint<8>, ap_uint<8>, ap_uint<8>, ap_uint<8>, ap_uint<8>, ap_uint<8>, ap_int<8>*, ap_int<8>*, ap_int<8>*, ap_int<8>*, ap_int<8>*, ap_int<8>*, ap_int<8>*)' (../ip/Ip1/initial_conv_bn_relu.cpp:149:99)
INFO: [HLS 214-131] Inlining function 'ap_int_base<72, true>::RType<64, true>::plus operator+<72, true, 64, true>(ap_int_base<72, true> const&, ap_int_base<64, true> const&)' into 'initial_conv_bn_relu(ap_uint<16>, ap_uint<16>, ap_uint<16>, ap_uint<16>, ap_uint<8>, ap_uint<8>, ap_uint<8>, ap_uint<8>, ap_uint<8>, ap_uint<8>, ap_int<8>*, ap_int<8>*, ap_int<8>*, ap_int<8>*, ap_int<8>*, ap_int<8>*, ap_int<8>*)' (../ip/Ip1/initial_conv_bn_relu.cpp:149:72)
INFO: [HLS 214-131] Inlining function 'ap_int_base<48, true>::RType<16, false>::mult operator*<48, true, 16, false>(ap_int_base<48, true> const&, ap_int_base<16, false> const&)' into 'initial_conv_bn_relu(ap_uint<16>, ap_uint<16>, ap_uint<16>, ap_uint<16>, ap_uint<8>, ap_uint<8>, ap_uint<8>, ap_uint<8>, ap_uint<8>, ap_uint<8>, ap_int<8>*, ap_int<8>*, ap_int<8>*, ap_int<8>*, ap_int<8>*, ap_int<8>*, ap_int<8>*)' (../ip/Ip1/initial_conv_bn_relu.cpp:149:84)
INFO: [HLS 214-131] Inlining function 'ap_int_base<16, false>::RType<($_0)32, true>::mult operator*<16, false>(int, ap_int_base<16, false> const&)' into 'initial_conv_bn_relu(ap_uint<16>, ap_uint<16>, ap_uint<16>, ap_uint<16>, ap_uint<8>, ap_uint<8>, ap_uint<8>, ap_uint<8>, ap_uint<8>, ap_uint<8>, ap_int<8>*, ap_int<8>*, ap_int<8>*, ap_int<8>*, ap_int<8>*, ap_int<8>*, ap_int<8>*)' (../ip/Ip1/initial_conv_bn_relu.cpp:149:77)
INFO: [HLS 214-131] Inlining function 'ap_int_base<56, true>::RType<16, false>::mult operator*<56, true, 16, false>(ap_int_base<56, true> const&, ap_int_base<16, false> const&)' into 'initial_conv_bn_relu(ap_uint<16>, ap_uint<16>, ap_uint<16>, ap_uint<16>, ap_uint<8>, ap_uint<8>, ap_uint<8>, ap_uint<8>, ap_uint<8>, ap_uint<8>, ap_int<8>*, ap_int<8>*, ap_int<8>*, ap_int<8>*, ap_int<8>*, ap_int<8>*, ap_int<8>*)' (../ip/Ip1/initial_conv_bn_relu.cpp:149:64)
INFO: [HLS 214-131] Inlining function 'ap_int_base<40, true>::RType<16, false>::mult operator*<40, true, 16, false>(ap_int_base<40, true> const&, ap_int_base<16, false> const&)' into 'initial_conv_bn_relu(ap_uint<16>, ap_uint<16>, ap_uint<16>, ap_uint<16>, ap_uint<8>, ap_uint<8>, ap_uint<8>, ap_uint<8>, ap_uint<8>, ap_uint<8>, ap_int<8>*, ap_int<8>*, ap_int<8>*, ap_int<8>*, ap_int<8>*, ap_int<8>*, ap_int<8>*)' (../ip/Ip1/initial_conv_bn_relu.cpp:149:57)
INFO: [HLS 214-131] Inlining function 'ap_int_base<8, false>::RType<($_0)32, true>::mult operator*<8, false>(int, ap_int_base<8, false> const&)' into 'initial_conv_bn_relu(ap_uint<16>, ap_uint<16>, ap_uint<16>, ap_uint<16>, ap_uint<8>, ap_uint<8>, ap_uint<8>, ap_uint<8>, ap_uint<8>, ap_uint<8>, ap_int<8>*, ap_int<8>*, ap_int<8>*, ap_int<8>*, ap_int<8>*, ap_int<8>*, ap_int<8>*)' (../ip/Ip1/initial_conv_bn_relu.cpp:149:53)
INFO: [HLS 214-131] Inlining function 'ap_int_base<66, true>::operator long long() const' into 'initial_conv_bn_relu(ap_uint<16>, ap_uint<16>, ap_uint<16>, ap_uint<16>, ap_uint<8>, ap_uint<8>, ap_uint<8>, ap_uint<8>, ap_uint<8>, ap_uint<8>, ap_int<8>*, ap_int<8>*, ap_int<8>*, ap_int<8>*, ap_int<8>*, ap_int<8>*, ap_int<8>*)' (../ip/Ip1/initial_conv_bn_relu.cpp:147:51)
INFO: [HLS 214-131] Inlining function 'ap_int_base<65, true>::RType<($_0)32, true>::plus operator+<65, true>(ap_int_base<65, true> const&, int)' into 'initial_conv_bn_relu(ap_uint<16>, ap_uint<16>, ap_uint<16>, ap_uint<16>, ap_uint<8>, ap_uint<8>, ap_uint<8>, ap_uint<8>, ap_uint<8>, ap_uint<8>, ap_int<8>*, ap_int<8>*, ap_int<8>*, ap_int<8>*, ap_int<8>*, ap_int<8>*, ap_int<8>*)' (../ip/Ip1/initial_conv_bn_relu.cpp:147:84)
INFO: [HLS 214-131] Inlining function 'ap_int_base<64, true>::RType<48, true>::plus operator+<64, true, 48, true>(ap_int_base<64, true> const&, ap_int_base<48, true> const&)' into 'initial_conv_bn_relu(ap_uint<16>, ap_uint<16>, ap_uint<16>, ap_uint<16>, ap_uint<8>, ap_uint<8>, ap_uint<8>, ap_uint<8>, ap_uint<8>, ap_uint<8>, ap_int<8>*, ap_int<8>*, ap_int<8>*, ap_int<8>*, ap_int<8>*, ap_int<8>*, ap_int<8>*)' (../ip/Ip1/initial_conv_bn_relu.cpp:147:70)
INFO: [HLS 214-131] Inlining function 'ap_int_base<16, false>::RType<($_0)32, true>::mult operator*<16, false>(int, ap_int_base<16, false> const&)' into 'initial_conv_bn_relu(ap_uint<16>, ap_uint<16>, ap_uint<16>, ap_uint<16>, ap_uint<8>, ap_uint<8>, ap_uint<8>, ap_uint<8>, ap_uint<8>, ap_uint<8>, ap_int<8>*, ap_int<8>*, ap_int<8>*, ap_int<8>*, ap_int<8>*, ap_int<8>*, ap_int<8>*)' (../ip/Ip1/initial_conv_bn_relu.cpp:147:77)
INFO: [HLS 214-131] Inlining function 'ap_int_base<48, true>::RType<16, false>::mult operator*<48, true, 16, false>(ap_int_base<48, true> const&, ap_int_base<16, false> const&)' into 'initial_conv_bn_relu(ap_uint<16>, ap_uint<16>, ap_uint<16>, ap_uint<16>, ap_uint<8>, ap_uint<8>, ap_uint<8>, ap_uint<8>, ap_uint<8>, ap_uint<8>, ap_int<8>*, ap_int<8>*, ap_int<8>*, ap_int<8>*, ap_int<8>*, ap_int<8>*, ap_int<8>*)' (../ip/Ip1/initial_conv_bn_relu.cpp:147:63)
INFO: [HLS 214-131] Inlining function 'ap_int_base<16, false>::RType<($_0)32, true>::mult operator*<16, false>(int, ap_int_base<16, false> const&)' into 'initial_conv_bn_relu(ap_uint<16>, ap_uint<16>, ap_uint<16>, ap_uint<16>, ap_uint<8>, ap_uint<8>, ap_uint<8>, ap_uint<8>, ap_uint<8>, ap_uint<8>, ap_int<8>*, ap_int<8>*, ap_int<8>*, ap_int<8>*, ap_int<8>*, ap_int<8>*, ap_int<8>*)' (../ip/Ip1/initial_conv_bn_relu.cpp:147:56)
INFO: [HLS 214-131] Inlining function 'bool operator<<16, false>(int, ap_int_base<16, false> const&)' into 'initial_conv_bn_relu(ap_uint<16>, ap_uint<16>, ap_uint<16>, ap_uint<16>, ap_uint<8>, ap_uint<8>, ap_uint<8>, ap_uint<8>, ap_uint<8>, ap_uint<8>, ap_int<8>*, ap_int<8>*, ap_int<8>*, ap_int<8>*, ap_int<8>*, ap_int<8>*, ap_int<8>*)' (../ip/Ip1/initial_conv_bn_relu.cpp:144:71)
INFO: [HLS 214-131] Inlining function 'bool operator<<16, false>(int, ap_int_base<16, false> const&)' into 'initial_conv_bn_relu(ap_uint<16>, ap_uint<16>, ap_uint<16>, ap_uint<16>, ap_uint<8>, ap_uint<8>, ap_uint<8>, ap_uint<8>, ap_uint<8>, ap_uint<8>, ap_int<8>*, ap_int<8>*, ap_int<8>*, ap_int<8>*, ap_int<8>*, ap_int<8>*, ap_int<8>*)' (../ip/Ip1/initial_conv_bn_relu.cpp:143:75)
INFO: [HLS 214-131] Inlining function 'bool operator<<16, false>(int, ap_int_base<16, false> const&)' into 'initial_conv_bn_relu(ap_uint<16>, ap_uint<16>, ap_uint<16>, ap_uint<16>, ap_uint<8>, ap_uint<8>, ap_uint<8>, ap_uint<8>, ap_uint<8>, ap_uint<8>, ap_int<8>*, ap_int<8>*, ap_int<8>*, ap_int<8>*, ap_int<8>*, ap_int<8>*, ap_int<8>*)' (../ip/Ip1/initial_conv_bn_relu.cpp:143:47)
INFO: [HLS 214-131] Inlining function 'ap_int_base<42, true>::operator long long() const' into 'initial_conv_bn_relu(ap_uint<16>, ap_uint<16>, ap_uint<16>, ap_uint<16>, ap_uint<8>, ap_uint<8>, ap_uint<8>, ap_uint<8>, ap_uint<8>, ap_uint<8>, ap_int<8>*, ap_int<8>*, ap_int<8>*, ap_int<8>*, ap_int<8>*, ap_int<8>*, ap_int<8>*)' (../ip/Ip1/initial_conv_bn_relu.cpp:140:36)
INFO: [HLS 214-131] Inlining function 'ap_int_base<41, true>::RType<8, false>::minus operator-<41, true, 8, false>(ap_int_base<41, true> const&, ap_int_base<8, false> const&)' into 'initial_conv_bn_relu(ap_uint<16>, ap_uint<16>, ap_uint<16>, ap_uint<16>, ap_uint<8>, ap_uint<8>, ap_uint<8>, ap_uint<8>, ap_uint<8>, ap_uint<8>, ap_int<8>*, ap_int<8>*, ap_int<8>*, ap_int<8>*, ap_int<8>*, ap_int<8>*, ap_int<8>*)' (../ip/Ip1/initial_conv_bn_relu.cpp:140:52)
INFO: [HLS 214-131] Inlining function 'ap_int_base<40, true>::RType<($_0)32, true>::plus operator+<40, true>(ap_int_base<40, true> const&, int)' into 'initial_conv_bn_relu(ap_uint<16>, ap_uint<16>, ap_uint<16>, ap_uint<16>, ap_uint<8>, ap_uint<8>, ap_uint<8>, ap_uint<8>, ap_uint<8>, ap_uint<8>, ap_int<8>*, ap_int<8>*, ap_int<8>*, ap_int<8>*, ap_int<8>*, ap_int<8>*, ap_int<8>*)' (../ip/Ip1/initial_conv_bn_relu.cpp:140:47)
INFO: [HLS 214-131] Inlining function 'ap_int_base<8, false>::RType<($_0)32, true>::mult operator*<8, false>(int, ap_int_base<8, false> const&)' into 'initial_conv_bn_relu(ap_uint<16>, ap_uint<16>, ap_uint<16>, ap_uint<16>, ap_uint<8>, ap_uint<8>, ap_uint<8>, ap_uint<8>, ap_uint<8>, ap_uint<8>, ap_int<8>*, ap_int<8>*, ap_int<8>*, ap_int<8>*, ap_int<8>*, ap_int<8>*, ap_int<8>*)' (../ip/Ip1/initial_conv_bn_relu.cpp:140:38)
INFO: [HLS 214-131] Inlining function 'ap_int_base<42, true>::operator long long() const' into 'initial_conv_bn_relu(ap_uint<16>, ap_uint<16>, ap_uint<16>, ap_uint<16>, ap_uint<8>, ap_uint<8>, ap_uint<8>, ap_uint<8>, ap_uint<8>, ap_uint<8>, ap_int<8>*, ap_int<8>*, ap_int<8>*, ap_int<8>*, ap_int<8>*, ap_int<8>*, ap_int<8>*)' (../ip/Ip1/initial_conv_bn_relu.cpp:139:36)
INFO: [HLS 214-131] Inlining function 'ap_int_base<41, true>::RType<8, false>::minus operator-<41, true, 8, false>(ap_int_base<41, true> const&, ap_int_base<8, false> const&)' into 'initial_conv_bn_relu(ap_uint<16>, ap_uint<16>, ap_uint<16>, ap_uint<16>, ap_uint<8>, ap_uint<8>, ap_uint<8>, ap_uint<8>, ap_uint<8>, ap_uint<8>, ap_int<8>*, ap_int<8>*, ap_int<8>*, ap_int<8>*, ap_int<8>*, ap_int<8>*, ap_int<8>*)' (../ip/Ip1/initial_conv_bn_relu.cpp:139:52)
INFO: [HLS 214-131] Inlining function 'ap_int_base<40, true>::RType<($_0)32, true>::plus operator+<40, true>(ap_int_base<40, true> const&, int)' into 'initial_conv_bn_relu(ap_uint<16>, ap_uint<16>, ap_uint<16>, ap_uint<16>, ap_uint<8>, ap_uint<8>, ap_uint<8>, ap_uint<8>, ap_uint<8>, ap_uint<8>, ap_int<8>*, ap_int<8>*, ap_int<8>*, ap_int<8>*, ap_int<8>*, ap_int<8>*, ap_int<8>*)' (../ip/Ip1/initial_conv_bn_relu.cpp:139:47)
INFO: [HLS 214-131] Inlining function 'ap_int_base<8, false>::RType<($_0)32, true>::mult operator*<8, false>(int, ap_int_base<8, false> const&)' into 'initial_conv_bn_relu(ap_uint<16>, ap_uint<16>, ap_uint<16>, ap_uint<16>, ap_uint<8>, ap_uint<8>, ap_uint<8>, ap_uint<8>, ap_uint<8>, ap_uint<8>, ap_int<8>*, ap_int<8>*, ap_int<8>*, ap_int<8>*, ap_int<8>*, ap_int<8>*, ap_int<8>*)' (../ip/Ip1/initial_conv_bn_relu.cpp:139:38)
INFO: [HLS 214-131] Inlining function 'bool operator<<8, false>(int, ap_int_base<8, false> const&)' into 'initial_conv_bn_relu(ap_uint<16>, ap_uint<16>, ap_uint<16>, ap_uint<16>, ap_uint<8>, ap_uint<8>, ap_uint<8>, ap_uint<8>, ap_uint<8>, ap_uint<8>, ap_int<8>*, ap_int<8>*, ap_int<8>*, ap_int<8>*, ap_int<8>*, ap_int<8>*, ap_int<8>*)' (../ip/Ip1/initial_conv_bn_relu.cpp:138:59)
INFO: [HLS 214-131] Inlining function 'bool operator<<8, false>(int, ap_int_base<8, false> const&)' into 'initial_conv_bn_relu(ap_uint<16>, ap_uint<16>, ap_uint<16>, ap_uint<16>, ap_uint<8>, ap_uint<8>, ap_uint<8>, ap_uint<8>, ap_uint<8>, ap_uint<8>, ap_int<8>*, ap_int<8>*, ap_int<8>*, ap_int<8>*, ap_int<8>*, ap_int<8>*, ap_int<8>*)' (../ip/Ip1/initial_conv_bn_relu.cpp:137:55)
INFO: [HLS 214-131] Inlining function 'bool operator<<16, false>(int, ap_int_base<16, false> const&)' into 'initial_conv_bn_relu(ap_uint<16>, ap_uint<16>, ap_uint<16>, ap_uint<16>, ap_uint<8>, ap_uint<8>, ap_uint<8>, ap_uint<8>, ap_uint<8>, ap_uint<8>, ap_int<8>*, ap_int<8>*, ap_int<8>*, ap_int<8>*, ap_int<8>*, ap_int<8>*, ap_int<8>*)' (../ip/Ip1/initial_conv_bn_relu.cpp:131:49)
INFO: [HLS 214-131] Inlining function 'ap_int_base<42, true>::operator long long() const' into 'initial_conv_bn_relu(ap_uint<16>, ap_uint<16>, ap_uint<16>, ap_uint<16>, ap_uint<8>, ap_uint<8>, ap_uint<8>, ap_uint<8>, ap_uint<8>, ap_uint<8>, ap_int<8>*, ap_int<8>*, ap_int<8>*, ap_int<8>*, ap_int<8>*, ap_int<8>*, ap_int<8>*)' (../ip/Ip1/initial_conv_bn_relu.cpp:128:17)
INFO: [HLS 214-131] Inlining function 'ap_int_base<41, true>::RType<($_0)32, true>::plus operator+<41, true>(ap_int_base<41, true> const&, int)' into 'initial_conv_bn_relu(ap_uint<16>, ap_uint<16>, ap_uint<16>, ap_uint<16>, ap_uint<8>, ap_uint<8>, ap_uint<8>, ap_uint<8>, ap_uint<8>, ap_uint<8>, ap_int<8>*, ap_int<8>*, ap_int<8>*, ap_int<8>*, ap_int<8>*, ap_int<8>*, ap_int<8>*)' (../ip/Ip1/initial_conv_bn_relu.cpp:128:51)
INFO: [HLS 214-131] Inlining function 'ap_int_base<41, true>::RType<8, false>::div operator/<41, true, 8, false>(ap_int_base<41, true> const&, ap_int_base<8, false> const&)' into 'initial_conv_bn_relu(ap_uint<16>, ap_uint<16>, ap_uint<16>, ap_uint<16>, ap_uint<8>, ap_uint<8>, ap_uint<8>, ap_uint<8>, ap_uint<8>, ap_uint<8>, ap_int<8>*, ap_int<8>*, ap_int<8>*, ap_int<8>*, ap_int<8>*, ap_int<8>*, ap_int<8>*)' (../ip/Ip1/initial_conv_bn_relu.cpp:128:42)
INFO: [HLS 214-131] Inlining function 'ap_int_base<17, true>::RType<40, true>::plus operator+<17, true, 40, true>(ap_int_base<17, true> const&, ap_int_base<40, true> const&)' into 'initial_conv_bn_relu(ap_uint<16>, ap_uint<16>, ap_uint<16>, ap_uint<16>, ap_uint<8>, ap_uint<8>, ap_uint<8>, ap_uint<8>, ap_uint<8>, ap_uint<8>, ap_int<8>*, ap_int<8>*, ap_int<8>*, ap_int<8>*, ap_int<8>*, ap_int<8>*, ap_int<8>*)' (../ip/Ip1/initial_conv_bn_relu.cpp:128:27)
INFO: [HLS 214-131] Inlining function 'ap_int_base<8, false>::RType<($_0)32, true>::mult operator*<8, false>(int, ap_int_base<8, false> const&)' into 'initial_conv_bn_relu(ap_uint<16>, ap_uint<16>, ap_uint<16>, ap_uint<16>, ap_uint<8>, ap_uint<8>, ap_uint<8>, ap_uint<8>, ap_uint<8>, ap_uint<8>, ap_int<8>*, ap_int<8>*, ap_int<8>*, ap_int<8>*, ap_int<8>*, ap_int<8>*, ap_int<8>*)' (../ip/Ip1/initial_conv_bn_relu.cpp:128:31)
INFO: [HLS 214-131] Inlining function 'ap_int_base<16, false>::RType<8, false>::minus operator-<16, false, 8, false>(ap_int_base<16, false> const&, ap_int_base<8, false> const&)' into 'initial_conv_bn_relu(ap_uint<16>, ap_uint<16>, ap_uint<16>, ap_uint<16>, ap_uint<8>, ap_uint<8>, ap_uint<8>, ap_uint<8>, ap_uint<8>, ap_uint<8>, ap_int<8>*, ap_int<8>*, ap_int<8>*, ap_int<8>*, ap_int<8>*, ap_int<8>*, ap_int<8>*)' (../ip/Ip1/initial_conv_bn_relu.cpp:128:23)
INFO: [HLS 214-131] Inlining function 'ap_int_base<42, true>::operator long long() const' into 'initial_conv_bn_relu(ap_uint<16>, ap_uint<16>, ap_uint<16>, ap_uint<16>, ap_uint<8>, ap_uint<8>, ap_uint<8>, ap_uint<8>, ap_uint<8>, ap_uint<8>, ap_int<8>*, ap_int<8>*, ap_int<8>*, ap_int<8>*, ap_int<8>*, ap_int<8>*, ap_int<8>*)' (../ip/Ip1/initial_conv_bn_relu.cpp:127:14)
INFO: [HLS 214-131] Inlining function 'ap_int_base<41, true>::RType<($_0)32, true>::plus operator+<41, true>(ap_int_base<41, true> const&, int)' into 'initial_conv_bn_relu(ap_uint<16>, ap_uint<16>, ap_uint<16>, ap_uint<16>, ap_uint<8>, ap_uint<8>, ap_uint<8>, ap_uint<8>, ap_uint<8>, ap_uint<8>, ap_int<8>*, ap_int<8>*, ap_int<8>*, ap_int<8>*, ap_int<8>*, ap_int<8>*, ap_int<8>*)' (../ip/Ip1/initial_conv_bn_relu.cpp:127:48)
INFO: [HLS 214-131] Inlining function 'ap_int_base<41, true>::RType<8, false>::div operator/<41, true, 8, false>(ap_int_base<41, true> const&, ap_int_base<8, false> const&)' into 'initial_conv_bn_relu(ap_uint<16>, ap_uint<16>, ap_uint<16>, ap_uint<16>, ap_uint<8>, ap_uint<8>, ap_uint<8>, ap_uint<8>, ap_uint<8>, ap_uint<8>, ap_int<8>*, ap_int<8>*, ap_int<8>*, ap_int<8>*, ap_int<8>*, ap_int<8>*, ap_int<8>*)' (../ip/Ip1/initial_conv_bn_relu.cpp:127:39)
INFO: [HLS 214-131] Inlining function 'ap_int_base<17, true>::RType<40, true>::plus operator+<17, true, 40, true>(ap_int_base<17, true> const&, ap_int_base<40, true> const&)' into 'initial_conv_bn_relu(ap_uint<16>, ap_uint<16>, ap_uint<16>, ap_uint<16>, ap_uint<8>, ap_uint<8>, ap_uint<8>, ap_uint<8>, ap_uint<8>, ap_uint<8>, ap_int<8>*, ap_int<8>*, ap_int<8>*, ap_int<8>*, ap_int<8>*, ap_int<8>*, ap_int<8>*)' (../ip/Ip1/initial_conv_bn_relu.cpp:127:24)
INFO: [HLS 214-131] Inlining function 'ap_int_base<8, false>::RType<($_0)32, true>::mult operator*<8, false>(int, ap_int_base<8, false> const&)' into 'initial_conv_bn_relu(ap_uint<16>, ap_uint<16>, ap_uint<16>, ap_uint<16>, ap_uint<8>, ap_uint<8>, ap_uint<8>, ap_uint<8>, ap_uint<8>, ap_uint<8>, ap_int<8>*, ap_int<8>*, ap_int<8>*, ap_int<8>*, ap_int<8>*, ap_int<8>*, ap_int<8>*)' (../ip/Ip1/initial_conv_bn_relu.cpp:127:28)
INFO: [HLS 214-131] Inlining function 'ap_int_base<16, false>::RType<8, false>::minus operator-<16, false, 8, false>(ap_int_base<16, false> const&, ap_int_base<8, false> const&)' into 'initial_conv_bn_relu(ap_uint<16>, ap_uint<16>, ap_uint<16>, ap_uint<16>, ap_uint<8>, ap_uint<8>, ap_uint<8>, ap_uint<8>, ap_uint<8>, ap_uint<8>, ap_int<8>*, ap_int<8>*, ap_int<8>*, ap_int<8>*, ap_int<8>*, ap_int<8>*, ap_int<8>*)' (../ip/Ip1/initial_conv_bn_relu.cpp:127:20)
INFO: [HLS 214-131] Inlining function 'ap_int_base<42, true>::RType<($_0)32, true>::plus operator+<42, true>(ap_int_base<42, true> const&, int)' into 'initial_conv_bn_relu(ap_uint<16>, ap_uint<16>, ap_uint<16>, ap_uint<16>, ap_uint<8>, ap_uint<8>, ap_uint<8>, ap_uint<8>, ap_uint<8>, ap_uint<8>, ap_int<8>*, ap_int<8>*, ap_int<8>*, ap_int<8>*, ap_int<8>*, ap_int<8>*, ap_int<8>*)' (../ip/Ip1/initial_conv_bn_relu.cpp:119:90)
INFO: [HLS 214-131] Inlining function 'ap_int_base<42, true>::RType<8, false>::div operator/<42, true, 8, false>(ap_int_base<42, true> const&, ap_int_base<8, false> const&)' into 'initial_conv_bn_relu(ap_uint<16>, ap_uint<16>, ap_uint<16>, ap_uint<16>, ap_uint<8>, ap_uint<8>, ap_uint<8>, ap_uint<8>, ap_uint<8>, ap_uint<8>, ap_int<8>*, ap_int<8>*, ap_int<8>*, ap_int<8>*, ap_int<8>*, ap_int<8>*, ap_int<8>*)' (../ip/Ip1/initial_conv_bn_relu.cpp:119:76)
INFO: [HLS 214-131] Inlining function 'ap_int_base<41, true>::RType<8, false>::minus operator-<41, true, 8, false>(ap_int_base<41, true> const&, ap_int_base<8, false> const&)' into 'initial_conv_bn_relu(ap_uint<16>, ap_uint<16>, ap_uint<16>, ap_uint<16>, ap_uint<8>, ap_uint<8>, ap_uint<8>, ap_uint<8>, ap_uint<8>, ap_uint<8>, ap_int<8>*, ap_int<8>*, ap_int<8>*, ap_int<8>*, ap_int<8>*, ap_int<8>*, ap_int<8>*)' (../ip/Ip1/initial_conv_bn_relu.cpp:119:61)
INFO: [HLS 214-131] Inlining function 'ap_int_base<16, false>::RType<40, true>::plus operator+<16, false, 40, true>(ap_int_base<16, false> const&, ap_int_base<40, true> const&)' into 'initial_conv_bn_relu(ap_uint<16>, ap_uint<16>, ap_uint<16>, ap_uint<16>, ap_uint<8>, ap_uint<8>, ap_uint<8>, ap_uint<8>, ap_uint<8>, ap_uint<8>, ap_int<8>*, ap_int<8>*, ap_int<8>*, ap_int<8>*, ap_int<8>*, ap_int<8>*, ap_int<8>*)' (../ip/Ip1/initial_conv_bn_relu.cpp:119:42)
INFO: [HLS 214-131] Inlining function 'ap_int_base<8, false>::RType<($_0)32, true>::mult operator*<8, false>(int, ap_int_base<8, false> const&)' into 'initial_conv_bn_relu(ap_uint<16>, ap_uint<16>, ap_uint<16>, ap_uint<16>, ap_uint<8>, ap_uint<8>, ap_uint<8>, ap_uint<8>, ap_uint<8>, ap_uint<8>, ap_int<8>*, ap_int<8>*, ap_int<8>*, ap_int<8>*, ap_int<8>*, ap_int<8>*, ap_int<8>*)' (../ip/Ip1/initial_conv_bn_relu.cpp:119:46)
INFO: [HLS 214-131] Inlining function 'ap_int_base<42, true>::RType<($_0)32, true>::plus operator+<42, true>(ap_int_base<42, true> const&, int)' into 'initial_conv_bn_relu(ap_uint<16>, ap_uint<16>, ap_uint<16>, ap_uint<16>, ap_uint<8>, ap_uint<8>, ap_uint<8>, ap_uint<8>, ap_uint<8>, ap_uint<8>, ap_int<8>*, ap_int<8>*, ap_int<8>*, ap_int<8>*, ap_int<8>*, ap_int<8>*, ap_int<8>*)' (../ip/Ip1/initial_conv_bn_relu.cpp:118:90)
INFO: [HLS 214-131] Inlining function 'ap_int_base<42, true>::RType<8, false>::div operator/<42, true, 8, false>(ap_int_base<42, true> const&, ap_int_base<8, false> const&)' into 'initial_conv_bn_relu(ap_uint<16>, ap_uint<16>, ap_uint<16>, ap_uint<16>, ap_uint<8>, ap_uint<8>, ap_uint<8>, ap_uint<8>, ap_uint<8>, ap_uint<8>, ap_int<8>*, ap_int<8>*, ap_int<8>*, ap_int<8>*, ap_int<8>*, ap_int<8>*, ap_int<8>*)' (../ip/Ip1/initial_conv_bn_relu.cpp:118:76)
INFO: [HLS 214-131] Inlining function 'ap_int_base<41, true>::RType<8, false>::minus operator-<41, true, 8, false>(ap_int_base<41, true> const&, ap_int_base<8, false> const&)' into 'initial_conv_bn_relu(ap_uint<16>, ap_uint<16>, ap_uint<16>, ap_uint<16>, ap_uint<8>, ap_uint<8>, ap_uint<8>, ap_uint<8>, ap_uint<8>, ap_uint<8>, ap_int<8>*, ap_int<8>*, ap_int<8>*, ap_int<8>*, ap_int<8>*, ap_int<8>*, ap_int<8>*)' (../ip/Ip1/initial_conv_bn_relu.cpp:118:61)
INFO: [HLS 214-131] Inlining function 'ap_int_base<16, false>::RType<40, true>::plus operator+<16, false, 40, true>(ap_int_base<16, false> const&, ap_int_base<40, true> const&)' into 'initial_conv_bn_relu(ap_uint<16>, ap_uint<16>, ap_uint<16>, ap_uint<16>, ap_uint<8>, ap_uint<8>, ap_uint<8>, ap_uint<8>, ap_uint<8>, ap_uint<8>, ap_int<8>*, ap_int<8>*, ap_int<8>*, ap_int<8>*, ap_int<8>*, ap_int<8>*, ap_int<8>*)' (../ip/Ip1/initial_conv_bn_relu.cpp:118:42)
INFO: [HLS 214-131] Inlining function 'ap_int_base<8, false>::RType<($_0)32, true>::mult operator*<8, false>(int, ap_int_base<8, false> const&)' into 'initial_conv_bn_relu(ap_uint<16>, ap_uint<16>, ap_uint<16>, ap_uint<16>, ap_uint<8>, ap_uint<8>, ap_uint<8>, ap_uint<8>, ap_uint<8>, ap_uint<8>, ap_int<8>*, ap_int<8>*, ap_int<8>*, ap_int<8>*, ap_int<8>*, ap_int<8>*, ap_int<8>*)' (../ip/Ip1/initial_conv_bn_relu.cpp:118:46)
INFO: [HLS 214-131] Inlining function 'ap_int_base<42, true>::RType<($_0)32, true>::plus operator+<42, true>(ap_int_base<42, true> const&, int)' into 'initial_conv_bn_relu(ap_uint<16>, ap_uint<16>, ap_uint<16>, ap_uint<16>, ap_uint<8>, ap_uint<8>, ap_uint<8>, ap_uint<8>, ap_uint<8>, ap_uint<8>, ap_int<8>*, ap_int<8>*, ap_int<8>*, ap_int<8>*, ap_int<8>*, ap_int<8>*, ap_int<8>*)' (../ip/Ip1/initial_conv_bn_relu.cpp:115:64)
INFO: [HLS 214-131] Inlining function 'ap_int_base<42, true>::RType<8, false>::div operator/<42, true, 8, false>(ap_int_base<42, true> const&, ap_int_base<8, false> const&)' into 'initial_conv_bn_relu(ap_uint<16>, ap_uint<16>, ap_uint<16>, ap_uint<16>, ap_uint<8>, ap_uint<8>, ap_uint<8>, ap_uint<8>, ap_uint<8>, ap_uint<8>, ap_int<8>*, ap_int<8>*, ap_int<8>*, ap_int<8>*, ap_int<8>*, ap_int<8>*, ap_int<8>*)' (../ip/Ip1/initial_conv_bn_relu.cpp:115:55)
INFO: [HLS 214-131] Inlining function 'ap_int_base<41, true>::RType<8, false>::minus operator-<41, true, 8, false>(ap_int_base<41, true> const&, ap_int_base<8, false> const&)' into 'initial_conv_bn_relu(ap_uint<16>, ap_uint<16>, ap_uint<16>, ap_uint<16>, ap_uint<8>, ap_uint<8>, ap_uint<8>, ap_uint<8>, ap_uint<8>, ap_uint<8>, ap_int<8>*, ap_int<8>*, ap_int<8>*, ap_int<8>*, ap_int<8>*, ap_int<8>*, ap_int<8>*)' (../ip/Ip1/initial_conv_bn_relu.cpp:115:50)
INFO: [HLS 214-131] Inlining function 'ap_int_base<16, false>::RType<40, true>::plus operator+<16, false, 40, true>(ap_int_base<16, false> const&, ap_int_base<40, true> const&)' into 'initial_conv_bn_relu(ap_uint<16>, ap_uint<16>, ap_uint<16>, ap_uint<16>, ap_uint<8>, ap_uint<8>, ap_uint<8>, ap_uint<8>, ap_uint<8>, ap_uint<8>, ap_int<8>*, ap_int<8>*, ap_int<8>*, ap_int<8>*, ap_int<8>*, ap_int<8>*, ap_int<8>*)' (../ip/Ip1/initial_conv_bn_relu.cpp:115:36)
INFO: [HLS 214-131] Inlining function 'ap_int_base<8, false>::RType<($_0)32, true>::mult operator*<8, false>(int, ap_int_base<8, false> const&)' into 'initial_conv_bn_relu(ap_uint<16>, ap_uint<16>, ap_uint<16>, ap_uint<16>, ap_uint<8>, ap_uint<8>, ap_uint<8>, ap_uint<8>, ap_uint<8>, ap_uint<8>, ap_int<8>*, ap_int<8>*, ap_int<8>*, ap_int<8>*, ap_int<8>*, ap_int<8>*, ap_int<8>*)' (../ip/Ip1/initial_conv_bn_relu.cpp:115:40)
INFO: [HLS 214-131] Inlining function 'ap_int_base<42, true>::RType<($_0)32, true>::plus operator+<42, true>(ap_int_base<42, true> const&, int)' into 'initial_conv_bn_relu(ap_uint<16>, ap_uint<16>, ap_uint<16>, ap_uint<16>, ap_uint<8>, ap_uint<8>, ap_uint<8>, ap_uint<8>, ap_uint<8>, ap_uint<8>, ap_int<8>*, ap_int<8>*, ap_int<8>*, ap_int<8>*, ap_int<8>*, ap_int<8>*, ap_int<8>*)' (../ip/Ip1/initial_conv_bn_relu.cpp:114:61)
INFO: [HLS 214-131] Inlining function 'ap_int_base<42, true>::RType<8, false>::div operator/<42, true, 8, false>(ap_int_base<42, true> const&, ap_int_base<8, false> const&)' into 'initial_conv_bn_relu(ap_uint<16>, ap_uint<16>, ap_uint<16>, ap_uint<16>, ap_uint<8>, ap_uint<8>, ap_uint<8>, ap_uint<8>, ap_uint<8>, ap_uint<8>, ap_int<8>*, ap_int<8>*, ap_int<8>*, ap_int<8>*, ap_int<8>*, ap_int<8>*, ap_int<8>*)' (../ip/Ip1/initial_conv_bn_relu.cpp:114:52)
INFO: [HLS 214-131] Inlining function 'ap_int_base<41, true>::RType<8, false>::minus operator-<41, true, 8, false>(ap_int_base<41, true> const&, ap_int_base<8, false> const&)' into 'initial_conv_bn_relu(ap_uint<16>, ap_uint<16>, ap_uint<16>, ap_uint<16>, ap_uint<8>, ap_uint<8>, ap_uint<8>, ap_uint<8>, ap_uint<8>, ap_uint<8>, ap_int<8>*, ap_int<8>*, ap_int<8>*, ap_int<8>*, ap_int<8>*, ap_int<8>*, ap_int<8>*)' (../ip/Ip1/initial_conv_bn_relu.cpp:114:47)
INFO: [HLS 214-291] Loop 'VITIS_LOOP_186_10' is marked as complete unroll implied by the pipeline pragma (../ip/Ip1/initial_conv_bn_relu.cpp:186:36)
INFO: [HLS 214-291] Loop 'VITIS_LOOP_187_11' is marked as complete unroll implied by the pipeline pragma (../ip/Ip1/initial_conv_bn_relu.cpp:187:40)
INFO: [HLS 214-178] Inlining function 'unified_batch_norm(ap_int<32>, ap_int<32>, ap_int<32>, ap_int<32>, ap_int<32>)' into 'unified_batch_norm_relu(ap_int<32>, ap_int<32>, ap_int<32>, ap_int<32>, ap_int<32>, int)' (../ip/Ip1/initial_conv_bn_relu.cpp:49:0)
INFO: [HLS 214-178] Inlining function 'unified_batch_norm_relu(ap_int<32>, ap_int<32>, ap_int<32>, ap_int<32>, ap_int<32>, int)' into 'initial_conv_bn_relu(ap_uint<16>, ap_uint<16>, ap_uint<16>, ap_uint<16>, ap_uint<8>, ap_uint<8>, ap_uint<8>, ap_uint<8>, ap_uint<8>, ap_uint<8>, ap_int<8>*, ap_int<8>*, ap_int<8>*, ap_int<8>*, ap_int<8>*, ap_int<8>*, ap_int<8>*)' (../ip/Ip1/initial_conv_bn_relu.cpp:90:0)
INFO: [HLS 214-248] Applying array_partition to '_ZZ20initial_conv_bn_relu7ap_uintILi16EES0_S0_S0_S_ILi8EES1_S1_S1_S1_S1_P6ap_intILi8EES4_S4_S4_S4_S4_S4_E11conv_buffer': Cyclic partitioning with factor 8 on dimension 1. (../ip/Ip1/initial_conv_bn_relu.cpp:123:0)
WARNING: [HLS 214-203] Replacing invalid offset value '20' with '56' for s_axilite port 'H_in'. (../ip/Ip1/initial_conv_bn_relu.cpp:71:17)
WARNING: [HLS 214-203] Replacing invalid offset value '28' with '64' for s_axilite port 'C_out'. (../ip/Ip1/initial_conv_bn_relu.cpp:71:17)
WARNING: [HLS 214-203] Replacing invalid offset value '36' with '72' for s_axilite port 'stride'. (../ip/Ip1/initial_conv_bn_relu.cpp:71:17)
WARNING: [HLS 214-203] Replacing invalid offset value '44' with '80' for s_axilite port 'pool_kernel'. (../ip/Ip1/initial_conv_bn_relu.cpp:71:17)
WARNING: [HLS 214-203] Replacing invalid offset value '52' with '88' for s_axilite port 'pool_padding'. (../ip/Ip1/initial_conv_bn_relu.cpp:71:17)
INFO: [HLS 200-111] Finished Compiling Optimization and Transform: CPU user time: 1 seconds. CPU system time: 0 seconds. Elapsed time: 13.81 seconds; current allocated memory: 675.484 MB.
INFO: [HLS 200-111] Finished Checking Pragmas: CPU user time: 0 seconds. CPU system time: 0 seconds. Elapsed time: 0.002 seconds; current allocated memory: 675.484 MB.
INFO: [HLS 200-10] Starting code transformations ...
INFO: [HLS 200-111] Finished Standard Transforms: CPU user time: 0 seconds. CPU system time: 0 seconds. Elapsed time: 0.202 seconds; current allocated memory: 675.484 MB.
INFO: [HLS 200-10] Checking synthesizability ...
INFO: [HLS 200-111] Finished Checking Synthesizability: CPU user time: 1 seconds. CPU system time: 0 seconds. Elapsed time: 0.145 seconds; current allocated memory: 675.484 MB.
INFO: [XFORM 203-510] Pipelining loop 'VITIS_LOOP_144_6' (../ip/Ip1/initial_conv_bn_relu.cpp:134) in function 'initial_conv_bn_relu' automatically.
INFO: [XFORM 203-502] Unrolling all sub-loops inside loop 'VITIS_LOOP_178_9' (../ip/Ip1/initial_conv_bn_relu.cpp:178) in function 'initial_conv_bn_relu' for pipelining.
WARNING: [HLS 200-936] Cannot unroll loop 'VITIS_LOOP_186_10' (../ip/Ip1/initial_conv_bn_relu.cpp:183) in function 'initial_conv_bn_relu': cannot completely unroll a loop with a variable trip count.
WARNING: [HLS 200-936] Cannot unroll loop 'VITIS_LOOP_187_11' (../ip/Ip1/initial_conv_bn_relu.cpp:183) in function 'initial_conv_bn_relu': cannot completely unroll a loop with a variable trip count.
INFO: [XFORM 203-401] Performing if-conversion on hyperblock from (../ip/Ip1/initial_conv_bn_relu.cpp:183:10) to (../ip/Ip1/initial_conv_bn_relu.cpp:187:40) in function 'initial_conv_bn_relu'... converting 3 basic blocks.
INFO: [XFORM 203-11] Balancing expressions in function 'initial_conv_bn_relu' (../ip/Ip1/initial_conv_bn_relu.cpp:27:47)...3 expression(s) balanced.
INFO: [HLS 200-111] Finished Loop, function and other optimizations: CPU user time: 0 seconds. CPU system time: 0 seconds. Elapsed time: 0.37 seconds; current allocated memory: 675.484 MB.
WARNING: [HLS 200-960] Cannot flatten loop 'VITIS_LOOP_138_5' (../ip/Ip1/initial_conv_bn_relu.cpp:134:27) in function 'initial_conv_bn_relu' the outer loop is not a perfect loop because there is nontrivial logic before entering the inner loop.
INFO: [XFORM 203-541] Flattening a loop nest 'VITIS_LOOP_137_4' (../ip/Ip1/initial_conv_bn_relu.cpp:134:27) in function 'initial_conv_bn_relu'.
WARNING: [HLS 200-960] Cannot flatten loop 'VITIS_LOOP_133_3' (../ip/Ip1/initial_conv_bn_relu.cpp:133:40) in function 'initial_conv_bn_relu' the outer loop is not a perfect loop because there is nontrivial logic before entering the inner loop.
INFO: [XFORM 203-541] Flattening a loop nest 'VITIS_LOOP_132_2' (../ip/Ip1/initial_conv_bn_relu.cpp:132:36) in function 'initial_conv_bn_relu'.
INFO: [XFORM 203-541] Flattening a loop nest 'VITIS_LOOP_131_1' (../ip/Ip1/initial_conv_bn_relu.cpp:131:32) in function 'initial_conv_bn_relu'.
WARNING: [HLS 200-960] Cannot flatten loop 'VITIS_LOOP_178_9' (../ip/Ip1/initial_conv_bn_relu.cpp:178:29) in function 'initial_conv_bn_relu' the outer loop is not a perfect loop because there is nontrivial logic in the loop latch.
INFO: [XFORM 203-541] Flattening a loop nest 'VITIS_LOOP_176_8' (../ip/Ip1/initial_conv_bn_relu.cpp:176:29) in function 'initial_conv_bn_relu'.
INFO: [XFORM 203-541] Flattening a loop nest 'VITIS_LOOP_174_7' (../ip/Ip1/initial_conv_bn_relu.cpp:174:32) in function 'initial_conv_bn_relu'.
INFO: [HLS 200-472] Inferring partial write operation for 'initial_conv_bn_relu(ap_uint,ap_uint,ap_uint,ap_uint,ap_uint,ap_uint,ap_uint,ap_.7' (../ip/Ip1/initial_conv_bn_relu.cpp:161:43)
INFO: [HLS 200-111] Finished Architecture Synthesis: CPU user time: 0 seconds. CPU system time: 0 seconds. Elapsed time: 0.409 seconds; current allocated memory: 675.484 MB.
INFO: [HLS 200-10] Starting hardware synthesis ...
INFO: [HLS 200-10] Synthesizing 'initial_conv_bn_relu' ...
INFO: [HLS 200-10] ----------------------------------------------------------------
INFO: [HLS 200-42] -- Implementing module 'initial_conv_bn_relu_Pipeline_VITIS_LOOP_144_6' 
INFO: [HLS 200-10] ----------------------------------------------------------------
INFO: [SCHED 204-11] Starting scheduling ...
INFO: [HLS 200-486] Changing DSP latency (root=ret_V) to 3 in order to utilize available DSP registers.
INFO: [SCHED 204-61] Pipelining loop 'VITIS_LOOP_144_6'.
WARNING: [HLS 200-885] The II Violation in module 'initial_conv_bn_relu_Pipeline_VITIS_LOOP_144_6' (loop 'VITIS_LOOP_144_6'): Unable to schedule bus request operation ('rhs_V_req') on port 'gmem0' due to limited memory ports (II = 1). Please consider using a memory core with more ports or partitioning the array.
INFO: [SCHED 204-61] Discarding stage scheduling solution.
INFO: [HLS 200-1470] Pipelining result : Target II = NA, Final II = 2, Depth = 16, loop 'VITIS_LOOP_144_6'
INFO: [SCHED 204-11] Finished scheduling.
INFO: [HLS 200-111] Finished Scheduling: CPU user time: 0 seconds. CPU system time: 0 seconds. Elapsed time: 0.581 seconds; current allocated memory: 675.484 MB.
INFO: [BIND 205-100] Starting micro-architecture generation ...
INFO: [BIND 205-101] Performing variable lifetime analysis.
INFO: [BIND 205-101] Exploring resource sharing.
INFO: [BIND 205-101] Binding ...
INFO: [BIND 205-100] Finished micro-architecture generation.
INFO: [HLS 200-111] Finished Binding: CPU user time: 0 seconds. CPU system time: 0 seconds. Elapsed time: 0.376 seconds; current allocated memory: 675.484 MB.
INFO: [HLS 200-10] ----------------------------------------------------------------
INFO: [HLS 200-42] -- Implementing module 'initial_conv_bn_relu' 
INFO: [HLS 200-10] ----------------------------------------------------------------
INFO: [SCHED 204-11] Starting scheduling ...
INFO: [HLS 200-486] Changing DSP latency (root=mul_ln541) to 3 in order to utilize available DSP registers.
INFO: [HLS 200-486] Changing DSP latency (root=mul_ln131) to 3 in order to utilize available DSP registers.
INFO: [HLS 200-486] Changing DSP latency (root=mul_ln133) to 3 in order to utilize available DSP registers.
INFO: [HLS 200-486] Changing DSP latency (root=empty) to 3 in order to utilize available DSP registers.
INFO: [HLS 200-486] Changing DSP latency (root=empty_43) to 3 in order to utilize available DSP registers.
INFO: [HLS 200-486] Changing DSP latency (root=mul_ln133_1) to 3 in order to utilize available DSP registers.
INFO: [HLS 200-486] Changing DSP latency (root=p_mid113) to 3 in order to utilize available DSP registers.
INFO: [HLS 200-486] Changing DSP latency (root=mul_ln1027_1) to 3 in order to utilize available DSP registers.
INFO: [HLS 200-486] Changing DSP latency (root=mul_ln541_1) to 3 in order to utilize available DSP registers.
INFO: [HLS 200-486] Changing DSP latency (root=mul_ln1633) to 3 in order to utilize available DSP registers.
INFO: [HLS 200-486] Changing DSP latency (root=bound67) to 3 in order to utilize available DSP registers.
INFO: [HLS 200-486] Changing DSP latency (root=mul_ln206) to 3 in order to utilize available DSP registers.
INFO: [HLS 200-486] Changing DSP latency (root=conv3_i_i_i3252) to 3 in order to utilize available DSP registers.
INFO: [HLS 200-486] Changing DSP latency (root=mul_ln1496) to 3 in order to utilize available DSP registers.
INFO: [HLS 200-486] Changing DSP latency (root=mul_ln206_1) to 3 in order to utilize available DSP registers.
INFO: [HLS 200-486] Changing DSP latency (root=conv3_i_i_i3252_mid1) to 3 in order to utilize available DSP registers.
INFO: [HLS 200-486] Changing DSP latency (root=add_ln195_1) to 3 in order to utilize available DSP registers.
WARNING: [SCHED 204-65] Unable to satisfy pipeline directive for loop 'VITIS_LOOP_174_7_VITIS_LOOP_176_8_VITIS_LOOP_178_9': contains subloop(s) that are not unrolled or flattened.
INFO: [SCHED 204-11] Finished scheduling.
INFO: [HLS 200-111] Finished Scheduling: CPU user time: 2 seconds. CPU system time: 0 seconds. Elapsed time: 2.058 seconds; current allocated memory: 675.484 MB.
INFO: [BIND 205-100] Starting micro-architecture generation ...
INFO: [BIND 205-101] Performing variable lifetime analysis.
INFO: [BIND 205-101] Exploring resource sharing.
INFO: [BIND 205-101] Binding ...
INFO: [BIND 205-100] Finished micro-architecture generation.
INFO: [HLS 200-111] Finished Binding: CPU user time: 1 seconds. CPU system time: 0 seconds. Elapsed time: 2.026 seconds; current allocated memory: 675.484 MB.
INFO: [HLS 200-10] ----------------------------------------------------------------
INFO: [HLS 200-10] -- Generating RTL for module 'initial_conv_bn_relu_Pipeline_VITIS_LOOP_144_6' 
INFO: [HLS 200-10] ----------------------------------------------------------------
INFO: [HLS 200-1030] Apply Unified Pipeline Control on module 'initial_conv_bn_relu_Pipeline_VITIS_LOOP_144_6' pipeline 'VITIS_LOOP_144_6' pipeline type 'loop pipeline'
INFO: [RTGEN 206-100] Generating core module 'mac_muladd_8s_8s_32s_32_4_1': 1 instance(s).
INFO: [RTGEN 206-100] Generating core module 'mul_32s_16ns_32_1_1': 1 instance(s).
INFO: [RTGEN 206-100] Finished creating RTL model for 'initial_conv_bn_relu_Pipeline_VITIS_LOOP_144_6'.
INFO: [HLS 200-111] Finished Creating RTL model: CPU user time: 2 seconds. CPU system time: 0 seconds. Elapsed time: 1.763 seconds; current allocated memory: 675.484 MB.
INFO: [HLS 200-10] ----------------------------------------------------------------
INFO: [HLS 200-10] -- Generating RTL for module 'initial_conv_bn_relu' 
INFO: [HLS 200-10] ----------------------------------------------------------------
WARNING: [RTGEN 206-101] Design contains AXI ports. Reset is fixed to synchronous and active low.
INFO: [RTGEN 206-500] Setting interface mode on port 'initial_conv_bn_relu/gmem0' to 'm_axi'.
INFO: [RTGEN 206-500] Setting interface mode on port 'initial_conv_bn_relu/C_in' to 's_axilite & ap_none' (register).
INFO: [RTGEN 206-500] Setting interface mode on port 'initial_conv_bn_relu/H_in' to 's_axilite & ap_none' (register).
INFO: [RTGEN 206-500] Setting interface mode on port 'initial_conv_bn_relu/W_in' to 's_axilite & ap_none' (register).
INFO: [RTGEN 206-500] Setting interface mode on port 'initial_conv_bn_relu/C_out' to 's_axilite & ap_none' (register).
INFO: [RTGEN 206-500] Setting interface mode on port 'initial_conv_bn_relu/K' to 's_axilite & ap_none' (register).
INFO: [RTGEN 206-500] Setting interface mode on port 'initial_conv_bn_relu/stride' to 's_axilite & ap_none' (register).
INFO: [RTGEN 206-500] Setting interface mode on port 'initial_conv_bn_relu/padding' to 's_axilite & ap_none' (register).
INFO: [RTGEN 206-500] Setting interface mode on port 'initial_conv_bn_relu/pool_kernel' to 's_axilite & ap_none' (register).
INFO: [RTGEN 206-500] Setting interface mode on port 'initial_conv_bn_relu/pool_stride' to 's_axilite & ap_none' (register).
INFO: [RTGEN 206-500] Setting interface mode on port 'initial_conv_bn_relu/pool_padding' to 's_axilite & ap_none' (register).
INFO: [RTGEN 206-500] Setting interface mode on port 'initial_conv_bn_relu/feature_in' to 's_axilite & ap_none'.
INFO: [RTGEN 206-500] Setting interface mode on port 'initial_conv_bn_relu/conv_kernel' to 's_axilite & ap_none'.
INFO: [RTGEN 206-500] Setting interface mode on port 'initial_conv_bn_relu/bn_mean' to 's_axilite & ap_none'.
INFO: [RTGEN 206-500] Setting interface mode on port 'initial_conv_bn_relu/bn_var' to 's_axilite & ap_none'.
INFO: [RTGEN 206-500] Setting interface mode on port 'initial_conv_bn_relu/bn_gamma' to 's_axilite & ap_none'.
INFO: [RTGEN 206-500] Setting interface mode on port 'initial_conv_bn_relu/bn_beta' to 's_axilite & ap_none'.
INFO: [RTGEN 206-500] Setting interface mode on port 'initial_conv_bn_relu/feature_out' to 's_axilite & ap_none'.
INFO: [RTGEN 206-500] Setting interface mode on function 'initial_conv_bn_relu' to 's_axilite & ap_ctrl_hs'.
INFO: [SYN 201-210] Renamed object name 'initial_conv_bn_relu_ap_uint_ap_uint_ap_uint_ap_uint_ap_uint_ap_uint_ap_uint_ap_7_RAM_AUTO_1R1W' to 'initial_conv_bn_relu_ap_uint_ap_uint_ap_uint_ap_uint_ap_uint_ap_uint_ap_uint_bkb' due to the length limit 80
INFO: [SYN 201-210] Renamed object name 'initial_conv_bn_relu_ap_uint_ap_uint_ap_uint_ap_uint_ap_uint_ap_uint_ap_uint_ap_6_RAM_AUTO_1R1W' to 'initial_conv_bn_relu_ap_uint_ap_uint_ap_uint_ap_uint_ap_uint_ap_uint_ap_uint_cud' due to the length limit 80
INFO: [SYN 201-210] Renamed object name 'initial_conv_bn_relu_ap_uint_ap_uint_ap_uint_ap_uint_ap_uint_ap_uint_ap_uint_ap_5_RAM_AUTO_1R1W' to 'initial_conv_bn_relu_ap_uint_ap_uint_ap_uint_ap_uint_ap_uint_ap_uint_ap_uint_dEe' due to the length limit 80
INFO: [SYN 201-210] Renamed object name 'initial_conv_bn_relu_ap_uint_ap_uint_ap_uint_ap_uint_ap_uint_ap_uint_ap_uint_ap_4_RAM_AUTO_1R1W' to 'initial_conv_bn_relu_ap_uint_ap_uint_ap_uint_ap_uint_ap_uint_ap_uint_ap_uint_eOg' due to the length limit 80
INFO: [SYN 201-210] Renamed object name 'initial_conv_bn_relu_ap_uint_ap_uint_ap_uint_ap_uint_ap_uint_ap_uint_ap_uint_ap_3_RAM_AUTO_1R1W' to 'initial_conv_bn_relu_ap_uint_ap_uint_ap_uint_ap_uint_ap_uint_ap_uint_ap_uint_fYi' due to the length limit 80
INFO: [SYN 201-210] Renamed object name 'initial_conv_bn_relu_ap_uint_ap_uint_ap_uint_ap_uint_ap_uint_ap_uint_ap_uint_ap_2_RAM_AUTO_1R1W' to 'initial_conv_bn_relu_ap_uint_ap_uint_ap_uint_ap_uint_ap_uint_ap_uint_ap_uint_g8j' due to the length limit 80
INFO: [SYN 201-210] Renamed object name 'initial_conv_bn_relu_ap_uint_ap_uint_ap_uint_ap_uint_ap_uint_ap_uint_ap_uint_ap_1_RAM_AUTO_1R1W' to 'initial_conv_bn_relu_ap_uint_ap_uint_ap_uint_ap_uint_ap_uint_ap_uint_ap_uint_hbi' due to the length limit 80
INFO: [SYN 201-210] Renamed object name 'initial_conv_bn_relu_ap_uint_ap_uint_ap_uint_ap_uint_ap_uint_ap_uint_ap_uint_ap_s_RAM_AUTO_1R1W' to 'initial_conv_bn_relu_ap_uint_ap_uint_ap_uint_ap_uint_ap_uint_ap_uint_ap_uint_ibs' due to the length limit 80
INFO: [RTGEN 206-100] Bundling port 'C_in', 'W_in', 'K', 'padding', 'pool_stride', 'H_in', 'C_out', 'stride', 'pool_kernel', 'pool_padding', 'feature_in', 'conv_kernel', 'bn_mean', 'bn_var', 'bn_gamma', 'bn_beta', 'feature_out' to AXI-Lite port control.
INFO: [RTGEN 206-100] Generating core module 'ama_addmuladd_8ns_20ns_16ns_16ns_20_4_1': 1 instance(s).
INFO: [RTGEN 206-100] Generating core module 'mac_mul_sub_16ns_8ns_8ns_25_4_1': 1 instance(s).
INFO: [RTGEN 206-100] Generating core module 'mac_muladd_18ns_16ns_16ns_20_4_1': 1 instance(s).
INFO: [RTGEN 206-100] Generating core module 'mul_16ns_32ns_48_1_1': 1 instance(s).
INFO: [RTGEN 206-100] Generating core module 'mul_16ns_38ns_54_2_1': 1 instance(s).
INFO: [RTGEN 206-100] Generating core module 'mul_19ns_19ns_38_1_1': 1 instance(s).
INFO: [RTGEN 206-100] Generating core module 'mul_20s_20s_20_1_1': 1 instance(s).
INFO: [RTGEN 206-100] Generating core module 'mul_32s_16ns_32_1_1': 2 instance(s).
INFO: [RTGEN 206-100] Generating core module 'mul_32s_17ns_48_1_1': 1 instance(s).
INFO: [RTGEN 206-100] Generating core module 'mul_32s_8s_32_1_1': 1 instance(s).
INFO: [RTGEN 206-100] Generating core module 'mul_8ns_8ns_16_1_1': 2 instance(s).
INFO: [RTGEN 206-100] Generating core module 'mul_mul_16ns_16ns_20_4_1': 1 instance(s).
INFO: [RTGEN 206-100] Generating core module 'mul_mul_16ns_16ns_32_4_1': 4 instance(s).
INFO: [RTGEN 206-100] Generating core module 'mul_mul_16ns_8ns_24_4_1': 2 instance(s).
INFO: [RTGEN 206-100] Generating core module 'mul_mul_18ns_20s_20_4_1': 2 instance(s).
INFO: [RTGEN 206-100] Generating core module 'mul_mul_18ns_8ns_26_4_1': 3 instance(s).
INFO: [RTGEN 206-100] Generating core module 'mul_mul_25ns_16ns_32_4_1': 1 instance(s).
INFO: [RTGEN 206-100] Generating core module 'mul_mul_8ns_17s_25_4_1': 1 instance(s).
INFO: [RTGEN 206-100] Generating core module 'mux_83_8_1_1': 1 instance(s).
INFO: [RTGEN 206-100] Generating core module 'sdiv_18ns_9ns_16_22_seq_1': 4 instance(s).
INFO: [RTGEN 206-100] Generating core module 'sdiv_18ns_9ns_18_22_seq_1': 2 instance(s).
INFO: [RTGEN 206-100] Generating core module 'udiv_17s_8ns_17_21_seq_1': 1 instance(s).
INFO: [RTGEN 206-100] Finished creating RTL model for 'initial_conv_bn_relu'.
INFO: [RTMG 210-278] Implementing memory 'initial_conv_bn_relu_initial_conv_bn_relu_ap_uint_ap_uint_ap_uint_ap_uint_ap_uint_ap_uint_ap_uint_bkb' using auto RAMs.
INFO: [HLS 200-111] Finished Creating RTL model: CPU user time: 1 seconds. CPU system time: 1 seconds. Elapsed time: 3.347 seconds; current allocated memory: 675.484 MB.
INFO: [HLS 200-111] Finished Generating all RTL models: CPU user time: 4 seconds. CPU system time: 1 seconds. Elapsed time: 6.122 seconds; current allocated memory: 675.484 MB.
INFO: [HLS 200-111] Finished Updating report files: CPU user time: 1 seconds. CPU system time: 0 seconds. Elapsed time: 1.59 seconds; current allocated memory: 675.484 MB.
INFO: [VHDL 208-304] Generating VHDL RTL for initial_conv_bn_relu.
INFO: [VLOG 209-307] Generating Verilog RTL for initial_conv_bn_relu.
INFO: [HLS 200-790] **** Loop Constraint Status: All loop constraints were NOT satisfied.
INFO: [HLS 200-789] **** Estimated Fmax: 136.99 MHz
INFO: [HLS 200-111] Finished Command csynth_design CPU user time: 13 seconds. CPU system time: 2 seconds. Elapsed time: 37.478 seconds; current allocated memory: 0.000 MB.
INFO: [HLS 200-112] Total CPU user time: 16 seconds. Total CPU system time: 3 seconds. Total elapsed time: 50.266 seconds; peak allocated memory: 675.484 MB.
==============================================================
Vitis HLS - High-Level Synthesis from C, C++ and OpenCL v2022.2 (64-bit)
Tool Version Limit: 2019.12
Copyright 1986-2022 Xilinx, Inc. All Rights Reserved.
==============================================================
INFO: [SYN 201-201] Setting up clock 'default' with a period of 10ns.
INFO: [HLS 200-1611] Setting target device to 'xc7z020-clg400-2'
INFO: [HLS 200-1505] Using flow_target 'vivado'
INFO: [HLS 200-1464] Running solution command: config_export -format=ip_catalog
INFO: [HLS 200-1464] Running solution command: config_export -rtl=verilog
INFO: [HLS 200-1510] Running: set_part xc7z020-clg400-2 
INFO: [HLS 200-1510] Running: create_clock -period 10 -name default 
INFO: [HLS 200-1510] Running: config_export -format ip_catalog -rtl verilog 
INFO: [HLS 200-1510] Running: source ./ip1/solution1/directives.tcl
INFO: [HLS 200-1510] Running: set_directive_top -name initial_conv_bn_relu initial_conv_bn_relu 
INFO: [HLS 200-1510] Running: export_design -rtl verilog -format ip_catalog 
INFO: [IMPL 213-8] Exporting RTL as a Vivado IP.
INFO: [HLS 200-802] Generated output file ip1/solution1/impl/export.zip
INFO: [HLS 200-111] Finished Command export_design CPU user time: 1 seconds. CPU system time: 0 seconds. Elapsed time: 14.324 seconds; current allocated memory: 9.496 MB.
INFO: [HLS 200-112] Total CPU user time: 4 seconds. Total CPU system time: 1 seconds. Total elapsed time: 27.094 seconds; peak allocated memory: 686.688 MB.
==============================================================
Vitis HLS - High-Level Synthesis from C, C++ and OpenCL v2022.2 (64-bit)
Tool Version Limit: 2019.12
Copyright 1986-2022 Xilinx, Inc. All Rights Reserved.
==============================================================
INFO: [SYN 201-201] Setting up clock 'default' with a period of 10ns.
INFO: [HLS 200-1611] Setting target device to 'xc7z020-clg400-2'
INFO: [HLS 200-1505] Using flow_target 'vivado'
INFO: [HLS 200-1464] Running solution command: config_export -format=ip_catalog
INFO: [HLS 200-1464] Running solution command: config_export -rtl=verilog
INFO: [HLS 200-1510] Running: set_part xc7z020-clg400-2 
INFO: [HLS 200-1510] Running: create_clock -period 10 -name default 
INFO: [HLS 200-1510] Running: config_export -format ip_catalog -rtl verilog 
INFO: [HLS 200-1510] Running: source ./ip1/solution1/directives.tcl
INFO: [HLS 200-1510] Running: set_directive_top -name initial_conv_bn_relu initial_conv_bn_relu 
INFO: [HLS 200-1510] Running: csynth_design 
INFO: [HLS 200-111] Finished File checks and directory preparation: CPU user time: 0 seconds. CPU system time: 0 seconds. Elapsed time: 10.1 seconds; current allocated memory: 689.406 MB.
INFO: [HLS 200-10] Analyzing design file '../ip/Ip1/initial_conv_bn_relu.cpp' ... 
WARNING: [HLS 214-114] Since the only kind of statements allowed in a canonical dataflow region are variable declarations and function calls, the compiler may not be able to correctly handle the region (../ip/Ip1/initial_conv_bn_relu.cpp:125:9)
WARNING: [HLS 200-471] Dataflow form checks found 1 issue(s) in file ../ip/Ip1/initial_conv_bn_relu.cpp
INFO: [HLS 200-111] Finished Source Code Analysis and Preprocessing: CPU user time: 0 seconds. CPU system time: 0 seconds. Elapsed time: 4.614 seconds; current allocated memory: 690.773 MB.
INFO: [HLS 200-777] Using interface defaults for 'Vivado' flow target.
WARNING: [HLS 214-273] In function 'ssdm_int<32, true>::ssdm_int(int)', Pragma conflict happens on 'INLINE' and DATAFLOW pragmas: Inline into dataflow region may break the canonical form (D:/Xilinx/Vitis_HLS/2022.2/common/technology/autopilot\ap_common.h:515:0)
WARNING: [HLS 214-273] In function 'ap_int_base<32, true>::ap_int_base(int)', Pragma conflict happens on 'INLINE' and DATAFLOW pragmas: Inline into dataflow region may break the canonical form (D:/Xilinx/Vitis_HLS/2022.2/common/technology/autopilot\ap_int_base.h:214:0)
WARNING: [HLS 214-273] In function 'ap_int_base<8, false>::RType<($_0)32, true>::mult operator*<8, false>(int, ap_int_base<8, false> const&)', Pragma conflict happens on 'INLINE' and DATAFLOW pragmas: Inline into dataflow region may break the canonical form (D:/Xilinx/Vitis_HLS/2022.2/common/technology/autopilot\ap_int_base.h:1633:0)
WARNING: [HLS 214-273] In function 'ap_int_base<16, false>::RType<40, true>::plus operator+<16, false, 40, true>(ap_int_base<16, false> const&, ap_int_base<40, true> const&)', Pragma conflict happens on 'INLINE' and DATAFLOW pragmas: Inline into dataflow region may break the canonical form (D:/Xilinx/Vitis_HLS/2022.2/common/technology/autopilot\ap_int_base.h:1495:0)
WARNING: [HLS 214-273] In function 'ap_int_base<41, true>::RType<8, false>::minus operator-<41, true, 8, false>(ap_int_base<41, true> const&, ap_int_base<8, false> const&)', Pragma conflict happens on 'INLINE' and DATAFLOW pragmas: Inline into dataflow region may break the canonical form (D:/Xilinx/Vitis_HLS/2022.2/common/technology/autopilot\ap_int_base.h:1496:0)
WARNING: [HLS 214-273] In function 'ap_int_base<42, true>::RType<8, false>::div operator/<42, true, 8, false>(ap_int_base<42, true> const&, ap_int_base<8, false> const&)', Pragma conflict happens on 'INLINE' and DATAFLOW pragmas: Inline into dataflow region may break the canonical form (D:/Xilinx/Vitis_HLS/2022.2/common/technology/autopilot\ap_int_base.h:1513:0)
WARNING: [HLS 214-273] In function 'ap_int_base<42, true>::RType<($_0)32, true>::plus operator+<42, true>(ap_int_base<42, true> const&, int)', Pragma conflict happens on 'INLINE' and DATAFLOW pragmas: Inline into dataflow region may break the canonical form (D:/Xilinx/Vitis_HLS/2022.2/common/technology/autopilot\ap_int_base.h:1633:0)
WARNING: [HLS 214-273] In function 'ap_int_base<41, true>::ap_int_base<40, true>(ap_int_base<40, true> const&)', Pragma conflict happens on 'INLINE' and DATAFLOW pragmas: Inline into dataflow region may break the canonical form (D:/Xilinx/Vitis_HLS/2022.2/common/technology/autopilot\ap_int_base.h:185:0)
WARNING: [HLS 214-273] In function 'ap_int_base<41, true>::ap_int_base(int)', Pragma conflict happens on 'INLINE' and DATAFLOW pragmas: Inline into dataflow region may break the canonical form (D:/Xilinx/Vitis_HLS/2022.2/common/technology/autopilot\ap_int_base.h:214:0)
WARNING: [HLS 214-273] In function '_ZN8ssdm_intILi41ELb1EEC2EDq41_i', Pragma conflict happens on 'INLINE' and DATAFLOW pragmas: Inline into dataflow region may break the canonical form (D:/Xilinx/Vitis_HLS/2022.2/common/technology/autopilot\ap_common.h:515:0)
WARNING: [HLS 214-273] In function 'ap_int_base<16, false>::ap_int_base<43, true>(ap_int_base<43, true> const&)', Pragma conflict happens on 'INLINE' and DATAFLOW pragmas: Inline into dataflow region may break the canonical form (D:/Xilinx/Vitis_HLS/2022.2/common/technology/autopilot\ap_int_base.h:185:0)
WARNING: [HLS 214-273] In function 'ssdm_int<16, false>::ssdm_int(unsigned short)', Pragma conflict happens on 'INLINE' and DATAFLOW pragmas: Inline into dataflow region may break the canonical form (D:/Xilinx/Vitis_HLS/2022.2/common/technology/autopilot\ap_common.h:523:0)
WARNING: [HLS 214-273] In function 'ap_int_base<42, true>::RType<32, true>::plus operator+<42, true, 32, true>(ap_int_base<42, true> const&, ap_int_base<32, true> const&)', Pragma conflict happens on 'INLINE' and DATAFLOW pragmas: Inline into dataflow region may break the canonical form (D:/Xilinx/Vitis_HLS/2022.2/common/technology/autopilot\ap_int_base.h:1495:0)
WARNING: [HLS 214-273] In function 'ap_int_base<43, true>::ap_int_base<42, true>(ap_int_base<42, true> const&)', Pragma conflict happens on 'INLINE' and DATAFLOW pragmas: Inline into dataflow region may break the canonical form (D:/Xilinx/Vitis_HLS/2022.2/common/technology/autopilot\ap_int_base.h:185:0)
WARNING: [HLS 214-273] In function 'ap_int_base<43, true>::ap_int_base<32, true>(ap_int_base<32, true> const&)', Pragma conflict happens on 'INLINE' and DATAFLOW pragmas: Inline into dataflow region may break the canonical form (D:/Xilinx/Vitis_HLS/2022.2/common/technology/autopilot\ap_int_base.h:185:0)
WARNING: [HLS 214-273] In function 'ap_int_base<43, true>::ap_int_base(int)', Pragma conflict happens on 'INLINE' and DATAFLOW pragmas: Inline into dataflow region may break the canonical form (D:/Xilinx/Vitis_HLS/2022.2/common/technology/autopilot\ap_int_base.h:214:0)
WARNING: [HLS 214-273] In function '_ZN8ssdm_intILi43ELb1EEC2EDq43_i', Pragma conflict happens on 'INLINE' and DATAFLOW pragmas: Inline into dataflow region may break the canonical form (D:/Xilinx/Vitis_HLS/2022.2/common/technology/autopilot\ap_common.h:515:0)
WARNING: [HLS 214-273] In function 'ap_int_base<42, true>::ap_int_base(int)', Pragma conflict happens on 'INLINE' and DATAFLOW pragmas: Inline into dataflow region may break the canonical form (D:/Xilinx/Vitis_HLS/2022.2/common/technology/autopilot\ap_int_base.h:214:0)
WARNING: [HLS 214-273] In function '_ZN8ssdm_intILi42ELb1EEC2EDq42_i', Pragma conflict happens on 'INLINE' and DATAFLOW pragmas: Inline into dataflow region may break the canonical form (D:/Xilinx/Vitis_HLS/2022.2/common/technology/autopilot\ap_common.h:515:0)
WARNING: [HLS 214-273] In function 'ap_int_base<42, true>::ap_int_base<41, true>(ap_int_base<41, true> const&)', Pragma conflict happens on 'INLINE' and DATAFLOW pragmas: Inline into dataflow region may break the canonical form (D:/Xilinx/Vitis_HLS/2022.2/common/technology/autopilot\ap_int_base.h:185:0)
WARNING: [HLS 214-273] In function 'ap_int_base<42, true>::ap_int_base<8, false>(ap_int_base<8, false> const&)', Pragma conflict happens on 'INLINE' and DATAFLOW pragmas: Inline into dataflow region may break the canonical form (D:/Xilinx/Vitis_HLS/2022.2/common/technology/autopilot\ap_int_base.h:185:0)
WARNING: [HLS 214-273] In function 'ap_int_base<41, true>::ap_int_base<16, false>(ap_int_base<16, false> const&)', Pragma conflict happens on 'INLINE' and DATAFLOW pragmas: Inline into dataflow region may break the canonical form (D:/Xilinx/Vitis_HLS/2022.2/common/technology/autopilot\ap_int_base.h:185:0)
WARNING: [HLS 214-273] In function 'ap_int_base<32, true>::RType<8, false>::mult operator*<32, true, 8, false>(ap_int_base<32, true> const&, ap_int_base<8, false> const&)', Pragma conflict happens on 'INLINE' and DATAFLOW pragmas: Inline into dataflow region may break the canonical form (D:/Xilinx/Vitis_HLS/2022.2/common/technology/autopilot\ap_int_base.h:1494:0)
WARNING: [HLS 214-273] In function 'ap_int_base<40, true>::ap_int_base<32, true>(ap_int_base<32, true> const&)', Pragma conflict happens on 'INLINE' and DATAFLOW pragmas: Inline into dataflow region may break the canonical form (D:/Xilinx/Vitis_HLS/2022.2/common/technology/autopilot\ap_int_base.h:185:0)
WARNING: [HLS 214-273] In function 'ap_int_base<40, true>::ap_int_base<8, false>(ap_int_base<8, false> const&)', Pragma conflict happens on 'INLINE' and DATAFLOW pragmas: Inline into dataflow region may break the canonical form (D:/Xilinx/Vitis_HLS/2022.2/common/technology/autopilot\ap_int_base.h:185:0)
WARNING: [HLS 214-273] In function 'ap_int_base<40, true>::ap_int_base(int)', Pragma conflict happens on 'INLINE' and DATAFLOW pragmas: Inline into dataflow region may break the canonical form (D:/Xilinx/Vitis_HLS/2022.2/common/technology/autopilot\ap_int_base.h:214:0)
WARNING: [HLS 214-273] In function '_ZN8ssdm_intILi40ELb1EEC2EDq40_i', Pragma conflict happens on 'INLINE' and DATAFLOW pragmas: Inline into dataflow region may break the canonical form (D:/Xilinx/Vitis_HLS/2022.2/common/technology/autopilot\ap_common.h:515:0)
INFO: [HLS 214-131] Inlining function 'ssdm_int<32, true>::ssdm_int(int)' into 'ap_int_base<32, true>::ap_int_base(int)' (D:/Xilinx/Vitis_HLS/2022.2/common/technology/autopilot\ap_int_base.h:214:67)
INFO: [HLS 214-131] Inlining function '_ZN8ssdm_intILi40ELb1EEC2EDq40_i' into 'ap_int_base<40, true>::ap_int_base<32, true>(ap_int_base<32, true> const&)' (D:/Xilinx/Vitis_HLS/2022.2/common/technology/autopilot\ap_int_base.h:185:106)
INFO: [HLS 214-131] Inlining function '_ZN8ssdm_intILi40ELb1EEC2EDq40_i' into 'ap_int_base<40, true>::ap_int_base<8, false>(ap_int_base<8, false> const&)' (D:/Xilinx/Vitis_HLS/2022.2/common/technology/autopilot\ap_int_base.h:185:106)
INFO: [HLS 214-131] Inlining function '_ZN8ssdm_intILi40ELb1EEC2EDq40_i' into 'ap_int_base<40, true>::ap_int_base(int)' (D:/Xilinx/Vitis_HLS/2022.2/common/technology/autopilot\ap_int_base.h:214:67)
INFO: [HLS 214-131] Inlining function 'ap_int_base<40, true>::ap_int_base<32, true>(ap_int_base<32, true> const&)' into 'ap_int_base<32, true>::RType<8, false>::mult operator*<32, true, 8, false>(ap_int_base<32, true> const&, ap_int_base<8, false> const&)' (D:/Xilinx/Vitis_HLS/2022.2/common/technology/autopilot\ap_int_base.h:1494:339)
INFO: [HLS 214-131] Inlining function 'ap_int_base<40, true>::ap_int_base(int)' into 'ap_int_base<32, true>::RType<8, false>::mult operator*<32, true, 8, false>(ap_int_base<32, true> const&, ap_int_base<8, false> const&)' (D:/Xilinx/Vitis_HLS/2022.2/common/technology/autopilot\ap_int_base.h:1494:516)
INFO: [HLS 214-131] Inlining function 'ap_int_base<40, true>::ap_int_base<8, false>(ap_int_base<8, false> const&)' into 'ap_int_base<32, true>::RType<8, false>::mult operator*<32, true, 8, false>(ap_int_base<32, true> const&, ap_int_base<8, false> const&)' (D:/Xilinx/Vitis_HLS/2022.2/common/technology/autopilot\ap_int_base.h:1494:427)
INFO: [HLS 214-131] Inlining function 'ap_int_base<32, true>::ap_int_base(int)' into 'ap_int_base<8, false>::RType<($_0)32, true>::mult operator*<8, false>(int, ap_int_base<8, false> const&)' (D:/Xilinx/Vitis_HLS/2022.2/common/technology/autopilot\ap_int_base.h:1633:216)
INFO: [HLS 214-131] Inlining function 'ap_int_base<32, true>::RType<8, false>::mult operator*<32, true, 8, false>(ap_int_base<32, true> const&, ap_int_base<8, false> const&)' into 'ap_int_base<8, false>::RType<($_0)32, true>::mult operator*<8, false>(int, ap_int_base<8, false> const&)' (D:/Xilinx/Vitis_HLS/2022.2/common/technology/autopilot\ap_int_base.h:1633:254)
INFO: [HLS 214-131] Inlining function '_ZN8ssdm_intILi41ELb1EEC2EDq41_i' into 'ap_int_base<41, true>::ap_int_base<16, false>(ap_int_base<16, false> const&)' (D:/Xilinx/Vitis_HLS/2022.2/common/technology/autopilot\ap_int_base.h:185:106)
INFO: [HLS 214-131] Inlining function '_ZN8ssdm_intILi41ELb1EEC2EDq41_i' into 'ap_int_base<41, true>::ap_int_base<40, true>(ap_int_base<40, true> const&)' (D:/Xilinx/Vitis_HLS/2022.2/common/technology/autopilot\ap_int_base.h:185:106)
INFO: [HLS 214-131] Inlining function '_ZN8ssdm_intILi41ELb1EEC2EDq41_i' into 'ap_int_base<41, true>::ap_int_base(int)' (D:/Xilinx/Vitis_HLS/2022.2/common/technology/autopilot\ap_int_base.h:214:67)
INFO: [HLS 214-131] Inlining function 'ap_int_base<41, true>::ap_int_base<16, false>(ap_int_base<16, false> const&)' into 'ap_int_base<16, false>::RType<40, true>::plus operator+<16, false, 40, true>(ap_int_base<16, false> const&, ap_int_base<40, true> const&)' (D:/Xilinx/Vitis_HLS/2022.2/common/technology/autopilot\ap_int_base.h:1495:339)
INFO: [HLS 214-131] Inlining function 'ap_int_base<41, true>::ap_int_base(int)' into 'ap_int_base<16, false>::RType<40, true>::plus operator+<16, false, 40, true>(ap_int_base<16, false> const&, ap_int_base<40, true> const&)' (D:/Xilinx/Vitis_HLS/2022.2/common/technology/autopilot\ap_int_base.h:1495:516)
INFO: [HLS 214-131] Inlining function 'ap_int_base<41, true>::ap_int_base<40, true>(ap_int_base<40, true> const&)' into 'ap_int_base<16, false>::RType<40, true>::plus operator+<16, false, 40, true>(ap_int_base<16, false> const&, ap_int_base<40, true> const&)' (D:/Xilinx/Vitis_HLS/2022.2/common/technology/autopilot\ap_int_base.h:1495:427)
INFO: [HLS 214-131] Inlining function '_ZN8ssdm_intILi42ELb1EEC2EDq42_i' into 'ap_int_base<42, true>::ap_int_base<41, true>(ap_int_base<41, true> const&)' (D:/Xilinx/Vitis_HLS/2022.2/common/technology/autopilot\ap_int_base.h:185:106)
INFO: [HLS 214-131] Inlining function '_ZN8ssdm_intILi42ELb1EEC2EDq42_i' into 'ap_int_base<42, true>::ap_int_base<8, false>(ap_int_base<8, false> const&)' (D:/Xilinx/Vitis_HLS/2022.2/common/technology/autopilot\ap_int_base.h:185:106)
INFO: [HLS 214-131] Inlining function '_ZN8ssdm_intILi42ELb1EEC2EDq42_i' into 'ap_int_base<42, true>::ap_int_base(int)' (D:/Xilinx/Vitis_HLS/2022.2/common/technology/autopilot\ap_int_base.h:214:67)
INFO: [HLS 214-131] Inlining function 'ap_int_base<42, true>::ap_int_base<41, true>(ap_int_base<41, true> const&)' into 'ap_int_base<41, true>::RType<8, false>::minus operator-<41, true, 8, false>(ap_int_base<41, true> const&, ap_int_base<8, false> const&)' (D:/Xilinx/Vitis_HLS/2022.2/common/technology/autopilot\ap_int_base.h:1496:341)
INFO: [HLS 214-131] Inlining function 'ap_int_base<42, true>::ap_int_base(int)' into 'ap_int_base<41, true>::RType<8, false>::minus operator-<41, true, 8, false>(ap_int_base<41, true> const&, ap_int_base<8, false> const&)' (D:/Xilinx/Vitis_HLS/2022.2/common/technology/autopilot\ap_int_base.h:1496:520)
INFO: [HLS 214-131] Inlining function 'ap_int_base<42, true>::ap_int_base<8, false>(ap_int_base<8, false> const&)' into 'ap_int_base<41, true>::RType<8, false>::minus operator-<41, true, 8, false>(ap_int_base<41, true> const&, ap_int_base<8, false> const&)' (D:/Xilinx/Vitis_HLS/2022.2/common/technology/autopilot\ap_int_base.h:1496:430)
INFO: [HLS 214-131] Inlining function 'ap_int_base<42, true>::ap_int_base(int)' into 'ap_int_base<42, true>::RType<8, false>::div operator/<42, true, 8, false>(ap_int_base<42, true> const&, ap_int_base<8, false> const&)' (D:/Xilinx/Vitis_HLS/2022.2/common/technology/autopilot\ap_int_base.h:1513:337)
INFO: [HLS 214-131] Inlining function '_ZN8ssdm_intILi43ELb1EEC2EDq43_i' into 'ap_int_base<43, true>::ap_int_base<42, true>(ap_int_base<42, true> const&)' (D:/Xilinx/Vitis_HLS/2022.2/common/technology/autopilot\ap_int_base.h:185:106)
INFO: [HLS 214-131] Inlining function '_ZN8ssdm_intILi43ELb1EEC2EDq43_i' into 'ap_int_base<43, true>::ap_int_base<32, true>(ap_int_base<32, true> const&)' (D:/Xilinx/Vitis_HLS/2022.2/common/technology/autopilot\ap_int_base.h:185:106)
INFO: [HLS 214-131] Inlining function '_ZN8ssdm_intILi43ELb1EEC2EDq43_i' into 'ap_int_base<43, true>::ap_int_base(int)' (D:/Xilinx/Vitis_HLS/2022.2/common/technology/autopilot\ap_int_base.h:214:67)
INFO: [HLS 214-131] Inlining function 'ap_int_base<43, true>::ap_int_base<42, true>(ap_int_base<42, true> const&)' into 'ap_int_base<42, true>::RType<32, true>::plus operator+<42, true, 32, true>(ap_int_base<42, true> const&, ap_int_base<32, true> const&)' (D:/Xilinx/Vitis_HLS/2022.2/common/technology/autopilot\ap_int_base.h:1495:339)
INFO: [HLS 214-131] Inlining function 'ap_int_base<43, true>::ap_int_base(int)' into 'ap_int_base<42, true>::RType<32, true>::plus operator+<42, true, 32, true>(ap_int_base<42, true> const&, ap_int_base<32, true> const&)' (D:/Xilinx/Vitis_HLS/2022.2/common/technology/autopilot\ap_int_base.h:1495:516)
INFO: [HLS 214-131] Inlining function 'ap_int_base<43, true>::ap_int_base<32, true>(ap_int_base<32, true> const&)' into 'ap_int_base<42, true>::RType<32, true>::plus operator+<42, true, 32, true>(ap_int_base<42, true> const&, ap_int_base<32, true> const&)' (D:/Xilinx/Vitis_HLS/2022.2/common/technology/autopilot\ap_int_base.h:1495:427)
INFO: [HLS 214-131] Inlining function 'ap_int_base<32, true>::ap_int_base(int)' into 'ap_int_base<42, true>::RType<($_0)32, true>::plus operator+<42, true>(ap_int_base<42, true> const&, int)' (D:/Xilinx/Vitis_HLS/2022.2/common/technology/autopilot\ap_int_base.h:1633:1006)
INFO: [HLS 214-131] Inlining function 'ap_int_base<42, true>::RType<32, true>::plus operator+<42, true, 32, true>(ap_int_base<42, true> const&, ap_int_base<32, true> const&)' into 'ap_int_base<42, true>::RType<($_0)32, true>::plus operator+<42, true>(ap_int_base<42, true> const&, int)' (D:/Xilinx/Vitis_HLS/2022.2/common/technology/autopilot\ap_int_base.h:1633:1004)
INFO: [HLS 214-131] Inlining function 'ssdm_int<16, false>::ssdm_int(unsigned short)' into 'ap_int_base<16, false>::ap_int_base<43, true>(ap_int_base<43, true> const&)' (D:/Xilinx/Vitis_HLS/2022.2/common/technology/autopilot\ap_int_base.h:185:106)
INFO: [HLS 214-131] Inlining function 'ap_int_base<16, false>::ap_int_base<43, true>(ap_int_base<43, true> const&)' into 'ap_uint<16>::ap_uint<43>(ap_int<43> const&)'
INFO: [HLS 214-131] Inlining function 'ap_int_base<32, true>::ap_int_base(int)' into 'bool operator<<16, false>(int, ap_int_base<16, false> const&)' (D:/Xilinx/Vitis_HLS/2022.2/common/technology/autopilot\ap_int_base.h:1788:520)
INFO: [HLS 214-131] Inlining function 'bool ap_int_base<32, true>::operator<<16, false>(ap_int_base<16, false> const&) const' into 'bool operator<<16, false>(int, ap_int_base<16, false> const&)' (D:/Xilinx/Vitis_HLS/2022.2/common/technology/autopilot\ap_int_base.h:1788:558)
INFO: [HLS 214-131] Inlining function 'ap_int_base<32, true>::ap_int_base(int)' into 'ap_int<32>::ap_int(int)'
INFO: [HLS 214-131] Inlining function 'ap_int_base<32, true>::ap_int_base(int)' into 'bool operator<<8, false>(int, ap_int_base<8, false> const&)' (D:/Xilinx/Vitis_HLS/2022.2/common/technology/autopilot\ap_int_base.h:1788:520)
INFO: [HLS 214-131] Inlining function 'bool ap_int_base<32, true>::operator<<8, false>(ap_int_base<8, false> const&) const' into 'bool operator<<8, false>(int, ap_int_base<8, false> const&)' (D:/Xilinx/Vitis_HLS/2022.2/common/technology/autopilot\ap_int_base.h:1788:558)
INFO: [HLS 214-131] Inlining function '_ZN8ssdm_intILi41ELb1EEC2EDq41_i' into 'ap_int_base<41, true>::ap_int_base<32, true>(ap_int_base<32, true> const&)' (D:/Xilinx/Vitis_HLS/2022.2/common/technology/autopilot\ap_int_base.h:185:106)
INFO: [HLS 214-131] Inlining function 'ap_int_base<41, true>::ap_int_base<40, true>(ap_int_base<40, true> const&)' into 'ap_int_base<40, true>::RType<32, true>::plus operator+<40, true, 32, true>(ap_int_base<40, true> const&, ap_int_base<32, true> const&)' (D:/Xilinx/Vitis_HLS/2022.2/common/technology/autopilot\ap_int_base.h:1495:339)
INFO: [HLS 214-131] Inlining function 'ap_int_base<41, true>::ap_int_base(int)' into 'ap_int_base<40, true>::RType<32, true>::plus operator+<40, true, 32, true>(ap_int_base<40, true> const&, ap_int_base<32, true> const&)' (D:/Xilinx/Vitis_HLS/2022.2/common/technology/autopilot\ap_int_base.h:1495:516)
INFO: [HLS 214-131] Inlining function 'ap_int_base<41, true>::ap_int_base<32, true>(ap_int_base<32, true> const&)' into 'ap_int_base<40, true>::RType<32, true>::plus operator+<40, true, 32, true>(ap_int_base<40, true> const&, ap_int_base<32, true> const&)' (D:/Xilinx/Vitis_HLS/2022.2/common/technology/autopilot\ap_int_base.h:1495:427)
INFO: [HLS 214-131] Inlining function 'ap_int_base<32, true>::ap_int_base(int)' into 'ap_int_base<40, true>::RType<($_0)32, true>::plus operator+<40, true>(ap_int_base<40, true> const&, int)' (D:/Xilinx/Vitis_HLS/2022.2/common/technology/autopilot\ap_int_base.h:1633:1006)
INFO: [HLS 214-131] Inlining function 'ap_int_base<40, true>::RType<32, true>::plus operator+<40, true, 32, true>(ap_int_base<40, true> const&, ap_int_base<32, true> const&)' into 'ap_int_base<40, true>::RType<($_0)32, true>::plus operator+<40, true>(ap_int_base<40, true> const&, int)' (D:/Xilinx/Vitis_HLS/2022.2/common/technology/autopilot\ap_int_base.h:1633:1004)
INFO: [HLS 214-131] Inlining function '_ZN8ssdm_intILi48ELb1EEC2EDq48_i' into 'ap_int_base<48, true>::ap_int_base<32, true>(ap_int_base<32, true> const&)' (D:/Xilinx/Vitis_HLS/2022.2/common/technology/autopilot\ap_int_base.h:185:106)
INFO: [HLS 214-131] Inlining function '_ZN8ssdm_intILi48ELb1EEC2EDq48_i' into 'ap_int_base<48, true>::ap_int_base<16, false>(ap_int_base<16, false> const&)' (D:/Xilinx/Vitis_HLS/2022.2/common/technology/autopilot\ap_int_base.h:185:106)
INFO: [HLS 214-131] Inlining function '_ZN8ssdm_intILi48ELb1EEC2EDq48_i' into 'ap_int_base<48, true>::ap_int_base(int)' (D:/Xilinx/Vitis_HLS/2022.2/common/technology/autopilot\ap_int_base.h:214:67)
INFO: [HLS 214-131] Inlining function 'ap_int_base<48, true>::ap_int_base<32, true>(ap_int_base<32, true> const&)' into 'ap_int_base<32, true>::RType<16, false>::mult operator*<32, true, 16, false>(ap_int_base<32, true> const&, ap_int_base<16, false> const&)' (D:/Xilinx/Vitis_HLS/2022.2/common/technology/autopilot\ap_int_base.h:1494:339)
INFO: [HLS 214-131] Inlining function 'ap_int_base<48, true>::ap_int_base(int)' into 'ap_int_base<32, true>::RType<16, false>::mult operator*<32, true, 16, false>(ap_int_base<32, true> const&, ap_int_base<16, false> const&)' (D:/Xilinx/Vitis_HLS/2022.2/common/technology/autopilot\ap_int_base.h:1494:516)
INFO: [HLS 214-131] Inlining function 'ap_int_base<48, true>::ap_int_base<16, false>(ap_int_base<16, false> const&)' into 'ap_int_base<32, true>::RType<16, false>::mult operator*<32, true, 16, false>(ap_int_base<32, true> const&, ap_int_base<16, false> const&)' (D:/Xilinx/Vitis_HLS/2022.2/common/technology/autopilot\ap_int_base.h:1494:427)
INFO: [HLS 214-131] Inlining function 'ap_int_base<32, true>::ap_int_base(int)' into 'ap_int_base<16, false>::RType<($_0)32, true>::mult operator*<16, false>(int, ap_int_base<16, false> const&)' (D:/Xilinx/Vitis_HLS/2022.2/common/technology/autopilot\ap_int_base.h:1633:216)
INFO: [HLS 214-131] Inlining function 'ap_int_base<32, true>::RType<16, false>::mult operator*<32, true, 16, false>(ap_int_base<32, true> const&, ap_int_base<16, false> const&)' into 'ap_int_base<16, false>::RType<($_0)32, true>::mult operator*<16, false>(int, ap_int_base<16, false> const&)' (D:/Xilinx/Vitis_HLS/2022.2/common/technology/autopilot\ap_int_base.h:1633:254)
INFO: [HLS 214-131] Inlining function 'ssdm_int<64, true>::ssdm_int(long)' into 'ap_int_base<64, true>::ap_int_base<48, true>(ap_int_base<48, true> const&)' (D:/Xilinx/Vitis_HLS/2022.2/common/technology/autopilot\ap_int_base.h:185:106)
INFO: [HLS 214-131] Inlining function 'ssdm_int<64, true>::ssdm_int(long)' into 'ap_int_base<64, true>::ap_int_base<16, false>(ap_int_base<16, false> const&)' (D:/Xilinx/Vitis_HLS/2022.2/common/technology/autopilot\ap_int_base.h:185:106)
INFO: [HLS 214-131] Inlining function 'ssdm_int<64, true>::ssdm_int(long)' into 'ap_int_base<64, true>::ap_int_base(int)' (D:/Xilinx/Vitis_HLS/2022.2/common/technology/autopilot\ap_int_base.h:214:67)
INFO: [HLS 214-131] Inlining function 'ap_int_base<64, true>::ap_int_base<48, true>(ap_int_base<48, true> const&)' into 'ap_int_base<48, true>::RType<16, false>::mult operator*<48, true, 16, false>(ap_int_base<48, true> const&, ap_int_base<16, false> const&)' (D:/Xilinx/Vitis_HLS/2022.2/common/technology/autopilot\ap_int_base.h:1494:339)
INFO: [HLS 214-131] Inlining function 'ap_int_base<64, true>::ap_int_base(int)' into 'ap_int_base<48, true>::RType<16, false>::mult operator*<48, true, 16, false>(ap_int_base<48, true> const&, ap_int_base<16, false> const&)' (D:/Xilinx/Vitis_HLS/2022.2/common/technology/autopilot\ap_int_base.h:1494:516)
INFO: [HLS 214-131] Inlining function 'ap_int_base<64, true>::ap_int_base<16, false>(ap_int_base<16, false> const&)' into 'ap_int_base<48, true>::RType<16, false>::mult operator*<48, true, 16, false>(ap_int_base<48, true> const&, ap_int_base<16, false> const&)' (D:/Xilinx/Vitis_HLS/2022.2/common/technology/autopilot\ap_int_base.h:1494:427)
INFO: [HLS 214-131] Inlining function '_ZN8ssdm_intILi65ELb1EEC2EDq65_i' into 'ap_int_base<65, true>::ap_int_base<64, true>(ap_int_base<64, true> const&)' (D:/Xilinx/Vitis_HLS/2022.2/common/technology/autopilot\ap_int_base.h:185:106)
INFO: [HLS 214-131] Inlining function '_ZN8ssdm_intILi65ELb1EEC2EDq65_i' into 'ap_int_base<65, true>::ap_int_base<48, true>(ap_int_base<48, true> const&)' (D:/Xilinx/Vitis_HLS/2022.2/common/technology/autopilot\ap_int_base.h:185:106)
INFO: [HLS 214-131] Inlining function '_ZN8ssdm_intILi65ELb1EEC2EDq65_i' into 'ap_int_base<65, true>::ap_int_base(int)' (D:/Xilinx/Vitis_HLS/2022.2/common/technology/autopilot\ap_int_base.h:214:67)
INFO: [HLS 214-131] Inlining function 'ap_int_base<65, true>::ap_int_base<64, true>(ap_int_base<64, true> const&)' into 'ap_int_base<64, true>::RType<48, true>::plus operator+<64, true, 48, true>(ap_int_base<64, true> const&, ap_int_base<48, true> const&)' (D:/Xilinx/Vitis_HLS/2022.2/common/technology/autopilot\ap_int_base.h:1495:339)
INFO: [HLS 214-131] Inlining function 'ap_int_base<65, true>::ap_int_base(int)' into 'ap_int_base<64, true>::RType<48, true>::plus operator+<64, true, 48, true>(ap_int_base<64, true> const&, ap_int_base<48, true> const&)' (D:/Xilinx/Vitis_HLS/2022.2/common/technology/autopilot\ap_int_base.h:1495:516)
INFO: [HLS 214-131] Inlining function 'ap_int_base<65, true>::ap_int_base<48, true>(ap_int_base<48, true> const&)' into 'ap_int_base<64, true>::RType<48, true>::plus operator+<64, true, 48, true>(ap_int_base<64, true> const&, ap_int_base<48, true> const&)' (D:/Xilinx/Vitis_HLS/2022.2/common/technology/autopilot\ap_int_base.h:1495:427)
INFO: [HLS 214-131] Inlining function '_ZN8ssdm_intILi66ELb1EEC2EDq66_i' into 'ap_int_base<66, true>::ap_int_base<65, true>(ap_int_base<65, true> const&)' (D:/Xilinx/Vitis_HLS/2022.2/common/technology/autopilot\ap_int_base.h:185:106)
INFO: [HLS 214-131] Inlining function '_ZN8ssdm_intILi66ELb1EEC2EDq66_i' into 'ap_int_base<66, true>::ap_int_base<32, true>(ap_int_base<32, true> const&)' (D:/Xilinx/Vitis_HLS/2022.2/common/technology/autopilot\ap_int_base.h:185:106)
INFO: [HLS 214-131] Inlining function '_ZN8ssdm_intILi66ELb1EEC2EDq66_i' into 'ap_int_base<66, true>::ap_int_base(int)' (D:/Xilinx/Vitis_HLS/2022.2/common/technology/autopilot\ap_int_base.h:214:67)
INFO: [HLS 214-131] Inlining function 'ap_int_base<66, true>::ap_int_base<65, true>(ap_int_base<65, true> const&)' into 'ap_int_base<65, true>::RType<32, true>::plus operator+<65, true, 32, true>(ap_int_base<65, true> const&, ap_int_base<32, true> const&)' (D:/Xilinx/Vitis_HLS/2022.2/common/technology/autopilot\ap_int_base.h:1495:339)
INFO: [HLS 214-131] Inlining function 'ap_int_base<66, true>::ap_int_base(int)' into 'ap_int_base<65, true>::RType<32, true>::plus operator+<65, true, 32, true>(ap_int_base<65, true> const&, ap_int_base<32, true> const&)' (D:/Xilinx/Vitis_HLS/2022.2/common/technology/autopilot\ap_int_base.h:1495:516)
INFO: [HLS 214-131] Inlining function 'ap_int_base<66, true>::ap_int_base<32, true>(ap_int_base<32, true> const&)' into 'ap_int_base<65, true>::RType<32, true>::plus operator+<65, true, 32, true>(ap_int_base<65, true> const&, ap_int_base<32, true> const&)' (D:/Xilinx/Vitis_HLS/2022.2/common/technology/autopilot\ap_int_base.h:1495:427)
INFO: [HLS 214-131] Inlining function 'ap_int_base<32, true>::ap_int_base(int)' into 'ap_int_base<65, true>::RType<($_0)32, true>::plus operator+<65, true>(ap_int_base<65, true> const&, int)' (D:/Xilinx/Vitis_HLS/2022.2/common/technology/autopilot\ap_int_base.h:1633:1006)
INFO: [HLS 214-131] Inlining function 'ap_int_base<65, true>::RType<32, true>::plus operator+<65, true, 32, true>(ap_int_base<65, true> const&, ap_int_base<32, true> const&)' into 'ap_int_base<65, true>::RType<($_0)32, true>::plus operator+<65, true>(ap_int_base<65, true> const&, int)' (D:/Xilinx/Vitis_HLS/2022.2/common/technology/autopilot\ap_int_base.h:1633:1004)
INFO: [HLS 214-131] Inlining function '_ZN8ssdm_intILi56ELb1EEC2EDq56_i' into 'ap_int_base<56, true>::ap_int_base<40, true>(ap_int_base<40, true> const&)' (D:/Xilinx/Vitis_HLS/2022.2/common/technology/autopilot\ap_int_base.h:185:106)
INFO: [HLS 214-131] Inlining function '_ZN8ssdm_intILi56ELb1EEC2EDq56_i' into 'ap_int_base<56, true>::ap_int_base<16, false>(ap_int_base<16, false> const&)' (D:/Xilinx/Vitis_HLS/2022.2/common/technology/autopilot\ap_int_base.h:185:106)
INFO: [HLS 214-131] Inlining function '_ZN8ssdm_intILi56ELb1EEC2EDq56_i' into 'ap_int_base<56, true>::ap_int_base(int)' (D:/Xilinx/Vitis_HLS/2022.2/common/technology/autopilot\ap_int_base.h:214:67)
INFO: [HLS 214-131] Inlining function 'ap_int_base<56, true>::ap_int_base<40, true>(ap_int_base<40, true> const&)' into 'ap_int_base<40, true>::RType<16, false>::mult operator*<40, true, 16, false>(ap_int_base<40, true> const&, ap_int_base<16, false> const&)' (D:/Xilinx/Vitis_HLS/2022.2/common/technology/autopilot\ap_int_base.h:1494:339)
INFO: [HLS 214-131] Inlining function 'ap_int_base<56, true>::ap_int_base(int)' into 'ap_int_base<40, true>::RType<16, false>::mult operator*<40, true, 16, false>(ap_int_base<40, true> const&, ap_int_base<16, false> const&)' (D:/Xilinx/Vitis_HLS/2022.2/common/technology/autopilot\ap_int_base.h:1494:516)
INFO: [HLS 214-131] Inlining function 'ap_int_base<56, true>::ap_int_base<16, false>(ap_int_base<16, false> const&)' into 'ap_int_base<40, true>::RType<16, false>::mult operator*<40, true, 16, false>(ap_int_base<40, true> const&, ap_int_base<16, false> const&)' (D:/Xilinx/Vitis_HLS/2022.2/common/technology/autopilot\ap_int_base.h:1494:427)
INFO: [HLS 214-131] Inlining function '_ZN8ssdm_intILi72ELb1EEC2EDq72_i' into 'ap_int_base<72, true>::ap_int_base<56, true>(ap_int_base<56, true> const&)' (D:/Xilinx/Vitis_HLS/2022.2/common/technology/autopilot\ap_int_base.h:185:106)
INFO: [HLS 214-131] Inlining function '_ZN8ssdm_intILi72ELb1EEC2EDq72_i' into 'ap_int_base<72, true>::ap_int_base<16, false>(ap_int_base<16, false> const&)' (D:/Xilinx/Vitis_HLS/2022.2/common/technology/autopilot\ap_int_base.h:185:106)
INFO: [HLS 214-131] Inlining function '_ZN8ssdm_intILi72ELb1EEC2EDq72_i' into 'ap_int_base<72, true>::ap_int_base(int)' (D:/Xilinx/Vitis_HLS/2022.2/common/technology/autopilot\ap_int_base.h:214:67)
INFO: [HLS 214-131] Inlining function 'ap_int_base<72, true>::ap_int_base<56, true>(ap_int_base<56, true> const&)' into 'ap_int_base<56, true>::RType<16, false>::mult operator*<56, true, 16, false>(ap_int_base<56, true> const&, ap_int_base<16, false> const&)' (D:/Xilinx/Vitis_HLS/2022.2/common/technology/autopilot\ap_int_base.h:1494:339)
INFO: [HLS 214-131] Inlining function 'ap_int_base<72, true>::ap_int_base(int)' into 'ap_int_base<56, true>::RType<16, false>::mult operator*<56, true, 16, false>(ap_int_base<56, true> const&, ap_int_base<16, false> const&)' (D:/Xilinx/Vitis_HLS/2022.2/common/technology/autopilot\ap_int_base.h:1494:516)
INFO: [HLS 214-131] Inlining function 'ap_int_base<72, true>::ap_int_base<16, false>(ap_int_base<16, false> const&)' into 'ap_int_base<56, true>::RType<16, false>::mult operator*<56, true, 16, false>(ap_int_base<56, true> const&, ap_int_base<16, false> const&)' (D:/Xilinx/Vitis_HLS/2022.2/common/technology/autopilot\ap_int_base.h:1494:427)
INFO: [HLS 214-131] Inlining function '_ZN8ssdm_intILi73ELb1EEC2EDq73_i' into 'ap_int_base<73, true>::ap_int_base<72, true>(ap_int_base<72, true> const&)' (D:/Xilinx/Vitis_HLS/2022.2/common/technology/autopilot\ap_int_base.h:185:106)
INFO: [HLS 214-131] Inlining function '_ZN8ssdm_intILi73ELb1EEC2EDq73_i' into 'ap_int_base<73, true>::ap_int_base<64, true>(ap_int_base<64, true> const&)' (D:/Xilinx/Vitis_HLS/2022.2/common/technology/autopilot\ap_int_base.h:185:106)
INFO: [HLS 214-131] Inlining function '_ZN8ssdm_intILi73ELb1EEC2EDq73_i' into 'ap_int_base<73, true>::ap_int_base(int)' (D:/Xilinx/Vitis_HLS/2022.2/common/technology/autopilot\ap_int_base.h:214:67)
INFO: [HLS 214-131] Inlining function 'ap_int_base<73, true>::ap_int_base<72, true>(ap_int_base<72, true> const&)' into 'ap_int_base<72, true>::RType<64, true>::plus operator+<72, true, 64, true>(ap_int_base<72, true> const&, ap_int_base<64, true> const&)' (D:/Xilinx/Vitis_HLS/2022.2/common/technology/autopilot\ap_int_base.h:1495:339)
INFO: [HLS 214-131] Inlining function 'ap_int_base<73, true>::ap_int_base(int)' into 'ap_int_base<72, true>::RType<64, true>::plus operator+<72, true, 64, true>(ap_int_base<72, true> const&, ap_int_base<64, true> const&)' (D:/Xilinx/Vitis_HLS/2022.2/common/technology/autopilot\ap_int_base.h:1495:516)
INFO: [HLS 214-131] Inlining function 'ap_int_base<73, true>::ap_int_base<64, true>(ap_int_base<64, true> const&)' into 'ap_int_base<72, true>::RType<64, true>::plus operator+<72, true, 64, true>(ap_int_base<72, true> const&, ap_int_base<64, true> const&)' (D:/Xilinx/Vitis_HLS/2022.2/common/technology/autopilot\ap_int_base.h:1495:427)
INFO: [HLS 214-131] Inlining function '_ZN8ssdm_intILi74ELb1EEC2EDq74_i' into 'ap_int_base<74, true>::ap_int_base<73, true>(ap_int_base<73, true> const&)' (D:/Xilinx/Vitis_HLS/2022.2/common/technology/autopilot\ap_int_base.h:185:106)
INFO: [HLS 214-131] Inlining function '_ZN8ssdm_intILi74ELb1EEC2EDq74_i' into 'ap_int_base<74, true>::ap_int_base<48, true>(ap_int_base<48, true> const&)' (D:/Xilinx/Vitis_HLS/2022.2/common/technology/autopilot\ap_int_base.h:185:106)
INFO: [HLS 214-131] Inlining function '_ZN8ssdm_intILi74ELb1EEC2EDq74_i' into 'ap_int_base<74, true>::ap_int_base(int)' (D:/Xilinx/Vitis_HLS/2022.2/common/technology/autopilot\ap_int_base.h:214:67)
INFO: [HLS 214-131] Inlining function 'ap_int_base<74, true>::ap_int_base<73, true>(ap_int_base<73, true> const&)' into 'ap_int_base<73, true>::RType<48, true>::plus operator+<73, true, 48, true>(ap_int_base<73, true> const&, ap_int_base<48, true> const&)' (D:/Xilinx/Vitis_HLS/2022.2/common/technology/autopilot\ap_int_base.h:1495:339)
INFO: [HLS 214-131] Inlining function 'ap_int_base<74, true>::ap_int_base(int)' into 'ap_int_base<73, true>::RType<48, true>::plus operator+<73, true, 48, true>(ap_int_base<73, true> const&, ap_int_base<48, true> const&)' (D:/Xilinx/Vitis_HLS/2022.2/common/technology/autopilot\ap_int_base.h:1495:516)
INFO: [HLS 214-131] Inlining function 'ap_int_base<74, true>::ap_int_base<48, true>(ap_int_base<48, true> const&)' into 'ap_int_base<73, true>::RType<48, true>::plus operator+<73, true, 48, true>(ap_int_base<73, true> const&, ap_int_base<48, true> const&)' (D:/Xilinx/Vitis_HLS/2022.2/common/technology/autopilot\ap_int_base.h:1495:427)
INFO: [HLS 214-131] Inlining function '_ZN8ssdm_intILi75ELb1EEC2EDq75_i' into 'ap_int_base<75, true>::ap_int_base<74, true>(ap_int_base<74, true> const&)' (D:/Xilinx/Vitis_HLS/2022.2/common/technology/autopilot\ap_int_base.h:185:106)
INFO: [HLS 214-131] Inlining function '_ZN8ssdm_intILi75ELb1EEC2EDq75_i' into 'ap_int_base<75, true>::ap_int_base<32, true>(ap_int_base<32, true> const&)' (D:/Xilinx/Vitis_HLS/2022.2/common/technology/autopilot\ap_int_base.h:185:106)
INFO: [HLS 214-131] Inlining function '_ZN8ssdm_intILi75ELb1EEC2EDq75_i' into 'ap_int_base<75, true>::ap_int_base(int)' (D:/Xilinx/Vitis_HLS/2022.2/common/technology/autopilot\ap_int_base.h:214:67)
INFO: [HLS 214-131] Inlining function 'ap_int_base<75, true>::ap_int_base<74, true>(ap_int_base<74, true> const&)' into 'ap_int_base<74, true>::RType<32, true>::plus operator+<74, true, 32, true>(ap_int_base<74, true> const&, ap_int_base<32, true> const&)' (D:/Xilinx/Vitis_HLS/2022.2/common/technology/autopilot\ap_int_base.h:1495:339)
INFO: [HLS 214-131] Inlining function 'ap_int_base<75, true>::ap_int_base(int)' into 'ap_int_base<74, true>::RType<32, true>::plus operator+<74, true, 32, true>(ap_int_base<74, true> const&, ap_int_base<32, true> const&)' (D:/Xilinx/Vitis_HLS/2022.2/common/technology/autopilot\ap_int_base.h:1495:516)
INFO: [HLS 214-131] Inlining function 'ap_int_base<75, true>::ap_int_base<32, true>(ap_int_base<32, true> const&)' into 'ap_int_base<74, true>::RType<32, true>::plus operator+<74, true, 32, true>(ap_int_base<74, true> const&, ap_int_base<32, true> const&)' (D:/Xilinx/Vitis_HLS/2022.2/common/technology/autopilot\ap_int_base.h:1495:427)
INFO: [HLS 214-131] Inlining function 'ap_int_base<32, true>::ap_int_base(int)' into 'ap_int_base<74, true>::RType<($_0)32, true>::plus operator+<74, true>(ap_int_base<74, true> const&, int)' (D:/Xilinx/Vitis_HLS/2022.2/common/technology/autopilot\ap_int_base.h:1633:1006)
INFO: [HLS 214-131] Inlining function 'ap_int_base<74, true>::RType<32, true>::plus operator+<74, true, 32, true>(ap_int_base<74, true> const&, ap_int_base<32, true> const&)' into 'ap_int_base<74, true>::RType<($_0)32, true>::plus operator+<74, true>(ap_int_base<74, true> const&, int)' (D:/Xilinx/Vitis_HLS/2022.2/common/technology/autopilot\ap_int_base.h:1633:1004)
INFO: [HLS 214-131] Inlining function 'ssdm_int<16, true>::ssdm_int(short)' into 'ap_int_base<16, true>::ap_int_base<8, true>(ap_int_base<8, true> const&)' (D:/Xilinx/Vitis_HLS/2022.2/common/technology/autopilot\ap_int_base.h:185:106)
INFO: [HLS 214-131] Inlining function 'ssdm_int<16, true>::ssdm_int(short)' into 'ap_int_base<16, true>::ap_int_base(int)' (D:/Xilinx/Vitis_HLS/2022.2/common/technology/autopilot\ap_int_base.h:214:67)
INFO: [HLS 214-131] Inlining function 'ap_int_base<16, true>::ap_int_base<8, true>(ap_int_base<8, true> const&)' into 'ap_int_base<8, true>::RType<8, true>::mult operator*<8, true, 8, true>(ap_int_base<8, true> const&, ap_int_base<8, true> const&)' (D:/Xilinx/Vitis_HLS/2022.2/common/technology/autopilot\ap_int_base.h:1494:339)
INFO: [HLS 214-131] Inlining function 'ap_int_base<16, true>::ap_int_base(int)' into 'ap_int_base<8, true>::RType<8, true>::mult operator*<8, true, 8, true>(ap_int_base<8, true> const&, ap_int_base<8, true> const&)' (D:/Xilinx/Vitis_HLS/2022.2/common/technology/autopilot\ap_int_base.h:1494:516)
INFO: [HLS 214-131] Inlining function 'ap_int_base<16, true>::ap_int_base<8, true>(ap_int_base<8, true> const&)' into 'ap_int_base<8, true>::RType<8, true>::mult operator*<8, true, 8, true>(ap_int_base<8, true> const&, ap_int_base<8, true> const&)' (D:/Xilinx/Vitis_HLS/2022.2/common/technology/autopilot\ap_int_base.h:1494:427)
INFO: [HLS 214-131] Inlining function 'ssdm_int<32, true>::ssdm_int(int)' into 'ap_int_base<32, true>::ap_int_base<8, true>(ap_int_base<8, true> const&)' (D:/Xilinx/Vitis_HLS/2022.2/common/technology/autopilot\ap_int_base.h:185:106)
INFO: [HLS 214-131] Inlining function 'ap_int_base<32, true>::ap_int_base<8, true>(ap_int_base<8, true> const&)' into 'ap_int<32>::ap_int<8>(ap_int<8> const&)'
INFO: [HLS 214-131] Inlining function '_ZN8ssdm_intILi33ELb1EEC2EDq33_i' into 'ap_int_base<33, true>::ap_int_base<32, true>(ap_int_base<32, true> const&)' (D:/Xilinx/Vitis_HLS/2022.2/common/technology/autopilot\ap_int_base.h:185:106)
INFO: [HLS 214-131] Inlining function '_ZN8ssdm_intILi33ELb1EEC2EDq33_i' into 'ap_int_base<33, true>::ap_int_base(int)' (D:/Xilinx/Vitis_HLS/2022.2/common/technology/autopilot\ap_int_base.h:214:67)
INFO: [HLS 214-131] Inlining function 'ap_int_base<33, true>::ap_int_base<32, true>(ap_int_base<32, true> const&)' into 'ap_int_base<32, true>::RType<32, true>::plus operator+<32, true, 32, true>(ap_int_base<32, true> const&, ap_int_base<32, true> const&)' (D:/Xilinx/Vitis_HLS/2022.2/common/technology/autopilot\ap_int_base.h:1495:339)
INFO: [HLS 214-131] Inlining function 'ap_int_base<33, true>::ap_int_base(int)' into 'ap_int_base<32, true>::RType<32, true>::plus operator+<32, true, 32, true>(ap_int_base<32, true> const&, ap_int_base<32, true> const&)' (D:/Xilinx/Vitis_HLS/2022.2/common/technology/autopilot\ap_int_base.h:1495:516)
INFO: [HLS 214-131] Inlining function 'ap_int_base<33, true>::ap_int_base<32, true>(ap_int_base<32, true> const&)' into 'ap_int_base<32, true>::RType<32, true>::plus operator+<32, true, 32, true>(ap_int_base<32, true> const&, ap_int_base<32, true> const&)' (D:/Xilinx/Vitis_HLS/2022.2/common/technology/autopilot\ap_int_base.h:1495:427)
INFO: [HLS 214-131] Inlining function 'ap_int_base<32, true>::ap_int_base(int)' into 'ap_int_base<32, true>::RType<($_0)32, true>::plus operator+<32, true>(int, ap_int_base<32, true> const&)' (D:/Xilinx/Vitis_HLS/2022.2/common/technology/autopilot\ap_int_base.h:1633:739)
INFO: [HLS 214-131] Inlining function 'ap_int_base<32, true>::RType<32, true>::plus operator+<32, true, 32, true>(ap_int_base<32, true> const&, ap_int_base<32, true> const&)' into 'ap_int_base<32, true>::RType<($_0)32, true>::plus operator+<32, true>(int, ap_int_base<32, true> const&)' (D:/Xilinx/Vitis_HLS/2022.2/common/technology/autopilot\ap_int_base.h:1633:777)
INFO: [HLS 214-131] Inlining function 'ssdm_int<32, true>::ssdm_int(int)' into 'ap_int_base<32, true>::ap_int_base<33, true>(ap_int_base<33, true> const&)' (D:/Xilinx/Vitis_HLS/2022.2/common/technology/autopilot\ap_int_base.h:185:106)
INFO: [HLS 214-131] Inlining function 'ap_int_base<32, true>::ap_int_base<33, true>(ap_int_base<33, true> const&)' into 'ap_int<32>::ap_int<33>(ap_int<33> const&)'
INFO: [HLS 214-131] Inlining function 'ap_int_base<33, true>::ap_int_base(int)' into 'ap_int_base<32, true>::RType<32, true>::div operator/<32, true, 32, true>(ap_int_base<32, true> const&, ap_int_base<32, true> const&)' (D:/Xilinx/Vitis_HLS/2022.2/common/technology/autopilot\ap_int_base.h:1513:337)
INFO: [HLS 214-131] Inlining function 'ap_int_base<32, true>::ap_int_base(int)' into 'ap_int_base<32, true>::RType<($_0)32, true>::div operator/<32, true>(int, ap_int_base<32, true> const&)' (D:/Xilinx/Vitis_HLS/2022.2/common/technology/autopilot\ap_int_base.h:1633:1786)
INFO: [HLS 214-131] Inlining function 'ap_int_base<32, true>::RType<32, true>::div operator/<32, true, 32, true>(ap_int_base<32, true> const&, ap_int_base<32, true> const&)' into 'ap_int_base<32, true>::RType<($_0)32, true>::div operator/<32, true>(int, ap_int_base<32, true> const&)' (D:/Xilinx/Vitis_HLS/2022.2/common/technology/autopilot\ap_int_base.h:1633:1824)
INFO: [HLS 214-131] Inlining function 'ap_int_base<33, true>::ap_int_base<32, true>(ap_int_base<32, true> const&)' into 'ap_int_base<32, true>::RType<32, true>::minus operator-<32, true, 32, true>(ap_int_base<32, true> const&, ap_int_base<32, true> const&)' (D:/Xilinx/Vitis_HLS/2022.2/common/technology/autopilot\ap_int_base.h:1496:341)
INFO: [HLS 214-131] Inlining function 'ap_int_base<33, true>::ap_int_base(int)' into 'ap_int_base<32, true>::RType<32, true>::minus operator-<32, true, 32, true>(ap_int_base<32, true> const&, ap_int_base<32, true> const&)' (D:/Xilinx/Vitis_HLS/2022.2/common/technology/autopilot\ap_int_base.h:1496:520)
INFO: [HLS 214-131] Inlining function 'ap_int_base<33, true>::ap_int_base<32, true>(ap_int_base<32, true> const&)' into 'ap_int_base<32, true>::RType<32, true>::minus operator-<32, true, 32, true>(ap_int_base<32, true> const&, ap_int_base<32, true> const&)' (D:/Xilinx/Vitis_HLS/2022.2/common/technology/autopilot\ap_int_base.h:1496:430)
INFO: [HLS 214-131] Inlining function '_ZN8ssdm_intILi65ELb1EEC2EDq65_i' into 'ap_int_base<65, true>::ap_int_base<33, true>(ap_int_base<33, true> const&)' (D:/Xilinx/Vitis_HLS/2022.2/common/technology/autopilot\ap_int_base.h:185:106)
INFO: [HLS 214-131] Inlining function '_ZN8ssdm_intILi65ELb1EEC2EDq65_i' into 'ap_int_base<65, true>::ap_int_base<32, true>(ap_int_base<32, true> const&)' (D:/Xilinx/Vitis_HLS/2022.2/common/technology/autopilot\ap_int_base.h:185:106)
INFO: [HLS 214-131] Inlining function 'ap_int_base<65, true>::ap_int_base<33, true>(ap_int_base<33, true> const&)' into 'ap_int_base<33, true>::RType<32, true>::mult operator*<33, true, 32, true>(ap_int_base<33, true> const&, ap_int_base<32, true> const&)' (D:/Xilinx/Vitis_HLS/2022.2/common/technology/autopilot\ap_int_base.h:1494:339)
INFO: [HLS 214-131] Inlining function 'ap_int_base<65, true>::ap_int_base(int)' into 'ap_int_base<33, true>::RType<32, true>::mult operator*<33, true, 32, true>(ap_int_base<33, true> const&, ap_int_base<32, true> const&)' (D:/Xilinx/Vitis_HLS/2022.2/common/technology/autopilot\ap_int_base.h:1494:516)
INFO: [HLS 214-131] Inlining function 'ap_int_base<65, true>::ap_int_base<32, true>(ap_int_base<32, true> const&)' into 'ap_int_base<33, true>::RType<32, true>::mult operator*<33, true, 32, true>(ap_int_base<33, true> const&, ap_int_base<32, true> const&)' (D:/Xilinx/Vitis_HLS/2022.2/common/technology/autopilot\ap_int_base.h:1494:427)
INFO: [HLS 214-131] Inlining function 'ssdm_int<32, true>::ssdm_int(int)' into 'ap_int_base<32, true>::ap_int_base<65, true>(ap_int_base<65, true> const&)' (D:/Xilinx/Vitis_HLS/2022.2/common/technology/autopilot\ap_int_base.h:185:106)
INFO: [HLS 214-131] Inlining function 'ap_int_base<32, true>::ap_int_base<65, true>(ap_int_base<65, true> const&)' into 'ap_int<32>::ap_int<65>(ap_int<65> const&)'
INFO: [HLS 214-131] Inlining function 'ssdm_int<64, true>::ssdm_int(long)' into 'ap_int_base<64, true>::ap_int_base<32, true>(ap_int_base<32, true> const&)' (D:/Xilinx/Vitis_HLS/2022.2/common/technology/autopilot\ap_int_base.h:185:106)
INFO: [HLS 214-131] Inlining function 'ap_int_base<64, true>::ap_int_base<32, true>(ap_int_base<32, true> const&)' into 'ap_int_base<32, true>::RType<32, true>::mult operator*<32, true, 32, true>(ap_int_base<32, true> const&, ap_int_base<32, true> const&)' (D:/Xilinx/Vitis_HLS/2022.2/common/technology/autopilot\ap_int_base.h:1494:339)
INFO: [HLS 214-131] Inlining function 'ap_int_base<64, true>::ap_int_base(int)' into 'ap_int_base<32, true>::RType<32, true>::mult operator*<32, true, 32, true>(ap_int_base<32, true> const&, ap_int_base<32, true> const&)' (D:/Xilinx/Vitis_HLS/2022.2/common/technology/autopilot\ap_int_base.h:1494:516)
INFO: [HLS 214-131] Inlining function 'ap_int_base<64, true>::ap_int_base<32, true>(ap_int_base<32, true> const&)' into 'ap_int_base<32, true>::RType<32, true>::mult operator*<32, true, 32, true>(ap_int_base<32, true> const&, ap_int_base<32, true> const&)' (D:/Xilinx/Vitis_HLS/2022.2/common/technology/autopilot\ap_int_base.h:1494:427)
INFO: [HLS 214-131] Inlining function 'ap_int_base<64, true>::ap_int_base(int)' into 'ap_int_base<64, true>::RType<64, true>::arg1 operator>><64, true>(ap_int_base<64, true> const&, int)' (D:/Xilinx/Vitis_HLS/2022.2/common/technology/autopilot\ap_int_base.h:1669:558)
INFO: [HLS 214-131] Inlining function 'ssdm_int<32, true>::ssdm_int(int)' into 'ap_int_base<32, true>::ap_int_base<64, true>(ap_int_base<64, true> const&)' (D:/Xilinx/Vitis_HLS/2022.2/common/technology/autopilot\ap_int_base.h:185:106)
INFO: [HLS 214-131] Inlining function 'ap_int_base<32, true>::ap_int_base<64, true>(ap_int_base<64, true> const&)' into 'ap_int<32>::ap_int<64>(ap_int<64> const&)'
INFO: [HLS 214-131] Inlining function 'ap_int_base<32, true>::RType<($_0)32, true>::plus operator+<32, true>(int, ap_int_base<32, true> const&)' into 'unified_batch_norm(ap_int<32>, ap_int<32>, ap_int<32>, ap_int<32>, ap_int<32>)' (../ip/Ip1/initial_conv_bn_relu.cpp:19:30)
INFO: [HLS 214-131] Inlining function 'ap_int_base<32, true>& ap_int_base<32, true>::operator+=<32, true>(ap_int_base<32, true> const&)' into 'unified_batch_norm(ap_int<32>, ap_int<32>, ap_int<32>, ap_int<32>, ap_int<32>)' (../ip/Ip1/initial_conv_bn_relu.cpp:31:12)
INFO: [HLS 214-131] Inlining function 'ap_int_base<64, true>::RType<64, true>::arg1 operator>><64, true>(ap_int_base<64, true> const&, int)' into 'unified_batch_norm(ap_int<32>, ap_int<32>, ap_int<32>, ap_int<32>, ap_int<32>)' (../ip/Ip1/initial_conv_bn_relu.cpp:28:33)
INFO: [HLS 214-131] Inlining function 'ap_int_base<32, true>::RType<32, true>::mult operator*<32, true, 32, true>(ap_int_base<32, true> const&, ap_int_base<32, true> const&)' into 'unified_batch_norm(ap_int<32>, ap_int<32>, ap_int<32>, ap_int<32>, ap_int<32>)' (../ip/Ip1/initial_conv_bn_relu.cpp:28:22)
INFO: [HLS 214-131] Inlining function 'ap_int_base<33, true>::RType<32, true>::mult operator*<33, true, 32, true>(ap_int_base<33, true> const&, ap_int_base<32, true> const&)' into 'unified_batch_norm(ap_int<32>, ap_int<32>, ap_int<32>, ap_int<32>, ap_int<32>)' (../ip/Ip1/initial_conv_bn_relu.cpp:27:43)
INFO: [HLS 214-131] Inlining function 'ap_int_base<32, true>::RType<32, true>::minus operator-<32, true, 32, true>(ap_int_base<32, true> const&, ap_int_base<32, true> const&)' into 'unified_batch_norm(ap_int<32>, ap_int<32>, ap_int<32>, ap_int<32>, ap_int<32>)' (../ip/Ip1/initial_conv_bn_relu.cpp:27:35)
INFO: [HLS 214-131] Inlining function 'ap_int_base<32, true>::RType<($_0)32, true>::div operator/<32, true>(int, ap_int_base<32, true> const&)' into 'unified_batch_norm(ap_int<32>, ap_int<32>, ap_int<32>, ap_int<32>, ap_int<32>)' (../ip/Ip1/initial_conv_bn_relu.cpp:23:35)
INFO: [HLS 214-131] Inlining function 'ap_int_base<32, true>::ap_int_base(int)' into 'bool operator><32, true>(ap_int_base<32, true> const&, int)' (D:/Xilinx/Vitis_HLS/2022.2/common/technology/autopilot\ap_int_base.h:1788:337)
INFO: [HLS 214-131] Inlining function 'bool ap_int_base<32, true>::operator><32, true>(ap_int_base<32, true> const&) const' into 'bool operator><32, true>(ap_int_base<32, true> const&, int)' (D:/Xilinx/Vitis_HLS/2022.2/common/technology/autopilot\ap_int_base.h:1788:335)
INFO: [HLS 214-131] Inlining function 'ap_int_base<32, true>::ap_int_base(int)' into 'ap_int_base<32, true>::RType<32, true>::arg1 operator>><32, true>(ap_int_base<32, true> const&, int)' (D:/Xilinx/Vitis_HLS/2022.2/common/technology/autopilot\ap_int_base.h:1669:558)
INFO: [HLS 214-131] Inlining function 'ssdm_int<8, true>::ssdm_int(signed char)' into 'ap_int_base<8, true>::ap_int_base<32, true>(ap_int_base<32, true> const&)' (D:/Xilinx/Vitis_HLS/2022.2/common/technology/autopilot\ap_int_base.h:185:106)
INFO: [HLS 214-131] Inlining function 'ap_int_base<8, true>::ap_int_base<32, true>(ap_int_base<32, true> const&)' into 'ap_int<8>::ap_int<32>(ap_int<32> const&)'
INFO: [HLS 214-131] Inlining function 'ssdm_int<8, true>::ssdm_int(signed char)' into 'ap_int_base<8, true>::ap_int_base(int)' (D:/Xilinx/Vitis_HLS/2022.2/common/technology/autopilot\ap_int_base.h:214:67)
INFO: [HLS 214-131] Inlining function 'ap_int_base<8, true>::ap_int_base(int)' into 'ap_int<8>::ap_int(int)'
INFO: [HLS 214-131] Inlining function 'bool operator><32, true>(ap_int_base<32, true> const&, int)' into 'unified_batch_norm_relu(ap_int<32>, ap_int<32>, ap_int<32>, ap_int<32>, ap_int<32>, int)' (../ip/Ip1/initial_conv_bn_relu.cpp:54:20)
INFO: [HLS 214-131] Inlining function 'ap_int_base<32, true>::RType<32, true>::arg1 operator>><32, true>(ap_int_base<32, true> const&, int)' into 'unified_batch_norm_relu(ap_int<32>, ap_int<32>, ap_int<32>, ap_int<32>, ap_int<32>, int)' (../ip/Ip1/initial_conv_bn_relu.cpp:54:44)
INFO: [HLS 214-131] Inlining function '_ZN8ssdm_intILi33ELb1EEC2EDq33_i' into 'ap_int_base<33, true>::ap_int_base<8, false>(ap_int_base<8, false> const&)' (D:/Xilinx/Vitis_HLS/2022.2/common/technology/autopilot\ap_int_base.h:185:106)
INFO: [HLS 214-131] Inlining function 'ap_int_base<33, true>::ap_int_base<32, true>(ap_int_base<32, true> const&)' into 'ap_int_base<32, true>::RType<8, false>::plus operator+<32, true, 8, false>(ap_int_base<32, true> const&, ap_int_base<8, false> const&)' (D:/Xilinx/Vitis_HLS/2022.2/common/technology/autopilot\ap_int_base.h:1495:339)
INFO: [HLS 214-131] Inlining function 'ap_int_base<33, true>::ap_int_base(int)' into 'ap_int_base<32, true>::RType<8, false>::plus operator+<32, true, 8, false>(ap_int_base<32, true> const&, ap_int_base<8, false> const&)' (D:/Xilinx/Vitis_HLS/2022.2/common/technology/autopilot\ap_int_base.h:1495:516)
INFO: [HLS 214-131] Inlining function 'ap_int_base<33, true>::ap_int_base<8, false>(ap_int_base<8, false> const&)' into 'ap_int_base<32, true>::RType<8, false>::plus operator+<32, true, 8, false>(ap_int_base<32, true> const&, ap_int_base<8, false> const&)' (D:/Xilinx/Vitis_HLS/2022.2/common/technology/autopilot\ap_int_base.h:1495:427)
INFO: [HLS 214-131] Inlining function 'ap_int_base<32, true>::ap_int_base(int)' into 'ap_int_base<8, false>::RType<($_0)32, true>::plus operator+<8, false>(int, ap_int_base<8, false> const&)' (D:/Xilinx/Vitis_HLS/2022.2/common/technology/autopilot\ap_int_base.h:1633:739)
INFO: [HLS 214-131] Inlining function 'ap_int_base<32, true>::RType<8, false>::plus operator+<32, true, 8, false>(ap_int_base<32, true> const&, ap_int_base<8, false> const&)' into 'ap_int_base<8, false>::RType<($_0)32, true>::plus operator+<8, false>(int, ap_int_base<8, false> const&)' (D:/Xilinx/Vitis_HLS/2022.2/common/technology/autopilot\ap_int_base.h:1633:777)
INFO: [HLS 214-131] Inlining function '_ZN8ssdm_intILi9ELb1EEC2EDq9_i' into 'ap_int_base<9, true>::ap_int_base(int)' (D:/Xilinx/Vitis_HLS/2022.2/common/technology/autopilot\ap_int_base.h:214:67)
INFO: [HLS 214-131] Inlining function 'ap_int_base<9, true>::ap_int_base(int)' into 'ap_int_base<32, true>::RType<8, false>::mod operator%<32, true, 8, false>(ap_int_base<32, true> const&, ap_int_base<8, false> const&)' (D:/Xilinx/Vitis_HLS/2022.2/common/technology/autopilot\ap_int_base.h:1514:337)
INFO: [HLS 214-131] Inlining function 'ssdm_int<8, false>::ssdm_int(unsigned char)' into 'ap_int_base<8, false>::ap_int_base<9, true>(ap_int_base<9, true> const&)' (D:/Xilinx/Vitis_HLS/2022.2/common/technology/autopilot\ap_int_base.h:185:106)
INFO: [HLS 214-131] Inlining function 'ap_int_base<8, false>::ap_int_base<9, true>(ap_int_base<9, true> const&)' into 'ap_uint<8>::ap_uint<9>(ap_int<9> const&)'
INFO: [HLS 214-131] Inlining function 'ap_int_base<32, true>::ap_int_base(int)' into 'ap_int_base<8, false>::RType<($_0)32, true>::mod operator%<8, false>(int, ap_int_base<8, false> const&)' (D:/Xilinx/Vitis_HLS/2022.2/common/technology/autopilot\ap_int_base.h:1633:2307)
INFO: [HLS 214-131] Inlining function 'ap_int_base<32, true>::RType<8, false>::mod operator%<32, true, 8, false>(ap_int_base<32, true> const&, ap_int_base<8, false> const&)' into 'ap_int_base<8, false>::RType<($_0)32, true>::mod operator%<8, false>(int, ap_int_base<8, false> const&)' (D:/Xilinx/Vitis_HLS/2022.2/common/technology/autopilot\ap_int_base.h:1633:2345)
INFO: [HLS 214-131] Inlining function 'ap_int_base<32, true>::ap_int_base(int)' into 'bool operator==<8, false>(ap_int_base<8, false> const&, int)' (D:/Xilinx/Vitis_HLS/2022.2/common/technology/autopilot\ap_int_base.h:1788:1853)
INFO: [HLS 214-131] Inlining function 'bool ap_int_base<8, false>::operator==<32, true>(ap_int_base<32, true> const&) const' into 'bool operator==<8, false>(ap_int_base<8, false> const&, int)' (D:/Xilinx/Vitis_HLS/2022.2/common/technology/autopilot\ap_int_base.h:1788:1850)
INFO: [HLS 214-131] Inlining function 'ap_int_base<32, true>::ap_int_base(int)' into 'ap_int_base<32, true>::RType<8, false>::div operator/<32, true, 8, false>(ap_int_base<32, true> const&, ap_int_base<8, false> const&)' (D:/Xilinx/Vitis_HLS/2022.2/common/technology/autopilot\ap_int_base.h:1513:337)
INFO: [HLS 214-131] Inlining function '_ZN8ssdm_intILi9ELb1EEC2EDq9_i' into 'ap_int_base<9, true>::ap_int_base<32, true>(ap_int_base<32, true> const&)' (D:/Xilinx/Vitis_HLS/2022.2/common/technology/autopilot\ap_int_base.h:185:106)
INFO: [HLS 214-131] Inlining function 'ap_int_base<9, true>::ap_int_base<32, true>(ap_int_base<32, true> const&)' into 'ap_int<9>::ap_int<32>(ap_int<32> const&)'
INFO: [HLS 214-131] Inlining function 'ap_int_base<32, true>::ap_int_base(int)' into 'ap_int_base<8, false>::RType<($_0)32, true>::div operator/<8, false>(int, ap_int_base<8, false> const&)' (D:/Xilinx/Vitis_HLS/2022.2/common/technology/autopilot\ap_int_base.h:1633:1786)
INFO: [HLS 214-131] Inlining function 'ap_int_base<32, true>::RType<8, false>::div operator/<32, true, 8, false>(ap_int_base<32, true> const&, ap_int_base<8, false> const&)' into 'ap_int_base<8, false>::RType<($_0)32, true>::div operator/<8, false>(int, ap_int_base<8, false> const&)' (D:/Xilinx/Vitis_HLS/2022.2/common/technology/autopilot\ap_int_base.h:1633:1824)
INFO: [HLS 214-131] Inlining function 'ap_int_base<8, false>::RType<($_0)32, true>::mult operator*<8, false>(int, ap_int_base<8, false> const&)' into 'initial_conv_bn_relu(ap_uint<16>, ap_uint<16>, ap_uint<16>, ap_uint<16>, ap_uint<8>, ap_uint<8>, ap_uint<8>, ap_uint<8>, ap_uint<8>, ap_uint<8>, ap_int<8>*, ap_int<8>*, ap_int<8>*, ap_int<8>*, ap_int<8>*, ap_int<8>*, ap_int<8>*)' (../ip/Ip1/initial_conv_bn_relu.cpp:114:37)
INFO: [HLS 214-131] Inlining function 'bool ap_int_base<8, true>::operator><8, true>(ap_int_base<8, true> const&) const' into 'initial_conv_bn_relu(ap_uint<16>, ap_uint<16>, ap_uint<16>, ap_uint<16>, ap_uint<8>, ap_uint<8>, ap_uint<8>, ap_uint<8>, ap_uint<8>, ap_uint<8>, ap_int<8>*, ap_int<8>*, ap_int<8>*, ap_int<8>*, ap_int<8>*, ap_int<8>*, ap_int<8>*)' (../ip/Ip1/initial_conv_bn_relu.cpp:189:53)
INFO: [HLS 214-131] Inlining function 'ap_int_base<66, true>::operator long long() const' into 'initial_conv_bn_relu(ap_uint<16>, ap_uint<16>, ap_uint<16>, ap_uint<16>, ap_uint<8>, ap_uint<8>, ap_uint<8>, ap_uint<8>, ap_uint<8>, ap_uint<8>, ap_int<8>*, ap_int<8>*, ap_int<8>*, ap_int<8>*, ap_int<8>*, ap_int<8>*, ap_int<8>*)' (../ip/Ip1/initial_conv_bn_relu.cpp:183:47)
INFO: [HLS 214-131] Inlining function 'ap_int_base<65, true>::RType<($_0)32, true>::plus operator+<65, true>(ap_int_base<65, true> const&, int)' into 'initial_conv_bn_relu(ap_uint<16>, ap_uint<16>, ap_uint<16>, ap_uint<16>, ap_uint<8>, ap_uint<8>, ap_uint<8>, ap_uint<8>, ap_uint<8>, ap_uint<8>, ap_int<8>*, ap_int<8>*, ap_int<8>*, ap_int<8>*, ap_int<8>*, ap_int<8>*, ap_int<8>*)' (../ip/Ip1/initial_conv_bn_relu.cpp:183:90)
INFO: [HLS 214-131] Inlining function 'ap_int_base<64, true>::RType<48, true>::plus operator+<64, true, 48, true>(ap_int_base<64, true> const&, ap_int_base<48, true> const&)' into 'initial_conv_bn_relu(ap_uint<16>, ap_uint<16>, ap_uint<16>, ap_uint<16>, ap_uint<8>, ap_uint<8>, ap_uint<8>, ap_uint<8>, ap_uint<8>, ap_uint<8>, ap_int<8>*, ap_int<8>*, ap_int<8>*, ap_int<8>*, ap_int<8>*, ap_int<8>*, ap_int<8>*)' (../ip/Ip1/initial_conv_bn_relu.cpp:183:74)
INFO: [HLS 214-131] Inlining function 'ap_int_base<16, false>::RType<($_0)32, true>::mult operator*<16, false>(int, ap_int_base<16, false> const&)' into 'initial_conv_bn_relu(ap_uint<16>, ap_uint<16>, ap_uint<16>, ap_uint<16>, ap_uint<8>, ap_uint<8>, ap_uint<8>, ap_uint<8>, ap_uint<8>, ap_uint<8>, ap_int<8>*, ap_int<8>*, ap_int<8>*, ap_int<8>*, ap_int<8>*, ap_int<8>*, ap_int<8>*)' (../ip/Ip1/initial_conv_bn_relu.cpp:183:82)
INFO: [HLS 214-131] Inlining function 'ap_int_base<48, true>::RType<16, false>::mult operator*<48, true, 16, false>(ap_int_base<48, true> const&, ap_int_base<16, false> const&)' into 'initial_conv_bn_relu(ap_uint<16>, ap_uint<16>, ap_uint<16>, ap_uint<16>, ap_uint<8>, ap_uint<8>, ap_uint<8>, ap_uint<8>, ap_uint<8>, ap_uint<8>, ap_int<8>*, ap_int<8>*, ap_int<8>*, ap_int<8>*, ap_int<8>*, ap_int<8>*, ap_int<8>*)' (../ip/Ip1/initial_conv_bn_relu.cpp:183:66)
INFO: [HLS 214-131] Inlining function 'ap_int_base<16, false>::RType<($_0)32, true>::mult operator*<16, false>(int, ap_int_base<16, false> const&)' into 'initial_conv_bn_relu(ap_uint<16>, ap_uint<16>, ap_uint<16>, ap_uint<16>, ap_uint<8>, ap_uint<8>, ap_uint<8>, ap_uint<8>, ap_uint<8>, ap_uint<8>, ap_int<8>*, ap_int<8>*, ap_int<8>*, ap_int<8>*, ap_int<8>*, ap_int<8>*, ap_int<8>*)' (../ip/Ip1/initial_conv_bn_relu.cpp:183:53)
INFO: [HLS 214-131] Inlining function 'bool operator<<16, false>(int, ap_int_base<16, false> const&)' into 'initial_conv_bn_relu(ap_uint<16>, ap_uint<16>, ap_uint<16>, ap_uint<16>, ap_uint<8>, ap_uint<8>, ap_uint<8>, ap_uint<8>, ap_uint<8>, ap_uint<8>, ap_int<8>*, ap_int<8>*, ap_int<8>*, ap_int<8>*, ap_int<8>*, ap_int<8>*, ap_int<8>*)' (../ip/Ip1/initial_conv_bn_relu.cpp:181:61)
INFO: [HLS 214-131] Inlining function 'bool operator<<16, false>(int, ap_int_base<16, false> const&)' into 'initial_conv_bn_relu(ap_uint<16>, ap_uint<16>, ap_uint<16>, ap_uint<16>, ap_uint<8>, ap_uint<8>, ap_uint<8>, ap_uint<8>, ap_uint<8>, ap_uint<8>, ap_int<8>*, ap_int<8>*, ap_int<8>*, ap_int<8>*, ap_int<8>*, ap_int<8>*, ap_int<8>*)' (../ip/Ip1/initial_conv_bn_relu.cpp:181:39)
INFO: [HLS 214-131] Inlining function 'ap_int_base<9, true>::operator long long() const' into 'initial_conv_bn_relu(ap_uint<16>, ap_uint<16>, ap_uint<16>, ap_uint<16>, ap_uint<8>, ap_uint<8>, ap_uint<8>, ap_uint<8>, ap_uint<8>, ap_uint<8>, ap_int<8>*, ap_int<8>*, ap_int<8>*, ap_int<8>*, ap_int<8>*, ap_int<8>*, ap_int<8>*)' (../ip/Ip1/initial_conv_bn_relu.cpp:178:41)
INFO: [HLS 214-131] Inlining function 'ap_int_base<8, false>::RType<($_0)32, true>::div operator/<8, false>(int, ap_int_base<8, false> const&)' into 'initial_conv_bn_relu(ap_uint<16>, ap_uint<16>, ap_uint<16>, ap_uint<16>, ap_uint<8>, ap_uint<8>, ap_uint<8>, ap_uint<8>, ap_uint<8>, ap_uint<8>, ap_int<8>*, ap_int<8>*, ap_int<8>*, ap_int<8>*, ap_int<8>*, ap_int<8>*, ap_int<8>*)' (../ip/Ip1/initial_conv_bn_relu.cpp:178:48)
INFO: [HLS 214-131] Inlining function 'ap_int_base<9, true>::operator long long() const' into 'initial_conv_bn_relu(ap_uint<16>, ap_uint<16>, ap_uint<16>, ap_uint<16>, ap_uint<8>, ap_uint<8>, ap_uint<8>, ap_uint<8>, ap_uint<8>, ap_uint<8>, ap_int<8>*, ap_int<8>*, ap_int<8>*, ap_int<8>*, ap_int<8>*, ap_int<8>*, ap_int<8>*)' (../ip/Ip1/initial_conv_bn_relu.cpp:177:41)
INFO: [HLS 214-131] Inlining function 'ap_int_base<8, false>::RType<($_0)32, true>::div operator/<8, false>(int, ap_int_base<8, false> const&)' into 'initial_conv_bn_relu(ap_uint<16>, ap_uint<16>, ap_uint<16>, ap_uint<16>, ap_uint<8>, ap_uint<8>, ap_uint<8>, ap_uint<8>, ap_uint<8>, ap_uint<8>, ap_int<8>*, ap_int<8>*, ap_int<8>*, ap_int<8>*, ap_int<8>*, ap_int<8>*, ap_int<8>*)' (../ip/Ip1/initial_conv_bn_relu.cpp:177:48)
INFO: [HLS 214-131] Inlining function 'bool operator==<8, false>(ap_int_base<8, false> const&, int)' into 'initial_conv_bn_relu(ap_uint<16>, ap_uint<16>, ap_uint<16>, ap_uint<16>, ap_uint<8>, ap_uint<8>, ap_uint<8>, ap_uint<8>, ap_uint<8>, ap_uint<8>, ap_int<8>*, ap_int<8>*, ap_int<8>*, ap_int<8>*, ap_int<8>*, ap_int<8>*, ap_int<8>*)' (../ip/Ip1/initial_conv_bn_relu.cpp:175:65)
INFO: [HLS 214-131] Inlining function 'ap_int_base<8, false>::RType<($_0)32, true>::mod operator%<8, false>(int, ap_int_base<8, false> const&)' into 'initial_conv_bn_relu(ap_uint<16>, ap_uint<16>, ap_uint<16>, ap_uint<16>, ap_uint<8>, ap_uint<8>, ap_uint<8>, ap_uint<8>, ap_uint<8>, ap_uint<8>, ap_int<8>*, ap_int<8>*, ap_int<8>*, ap_int<8>*, ap_int<8>*, ap_int<8>*, ap_int<8>*)' (../ip/Ip1/initial_conv_bn_relu.cpp:175:51)
INFO: [HLS 214-131] Inlining function 'bool operator==<8, false>(ap_int_base<8, false> const&, int)' into 'initial_conv_bn_relu(ap_uint<16>, ap_uint<16>, ap_uint<16>, ap_uint<16>, ap_uint<8>, ap_uint<8>, ap_uint<8>, ap_uint<8>, ap_uint<8>, ap_uint<8>, ap_int<8>*, ap_int<8>*, ap_int<8>*, ap_int<8>*, ap_int<8>*, ap_int<8>*, ap_int<8>*)' (../ip/Ip1/initial_conv_bn_relu.cpp:174:65)
INFO: [HLS 214-131] Inlining function 'ap_int_base<8, false>::RType<($_0)32, true>::mod operator%<8, false>(int, ap_int_base<8, false> const&)' into 'initial_conv_bn_relu(ap_uint<16>, ap_uint<16>, ap_uint<16>, ap_uint<16>, ap_uint<8>, ap_uint<8>, ap_uint<8>, ap_uint<8>, ap_uint<8>, ap_uint<8>, ap_int<8>*, ap_int<8>*, ap_int<8>*, ap_int<8>*, ap_int<8>*, ap_int<8>*, ap_int<8>*)' (../ip/Ip1/initial_conv_bn_relu.cpp:174:51)
INFO: [HLS 214-131] Inlining function 'ap_int_base<33, true>::operator long long() const' into 'initial_conv_bn_relu(ap_uint<16>, ap_uint<16>, ap_uint<16>, ap_uint<16>, ap_uint<8>, ap_uint<8>, ap_uint<8>, ap_uint<8>, ap_uint<8>, ap_uint<8>, ap_int<8>*, ap_int<8>*, ap_int<8>*, ap_int<8>*, ap_int<8>*, ap_int<8>*, ap_int<8>*)' (../ip/Ip1/initial_conv_bn_relu.cpp:171:38)
INFO: [HLS 214-131] Inlining function 'ap_int_base<8, false>::RType<($_0)32, true>::plus operator+<8, false>(int, ap_int_base<8, false> const&)' into 'initial_conv_bn_relu(ap_uint<16>, ap_uint<16>, ap_uint<16>, ap_uint<16>, ap_uint<8>, ap_uint<8>, ap_uint<8>, ap_uint<8>, ap_uint<8>, ap_uint<8>, ap_int<8>*, ap_int<8>*, ap_int<8>*, ap_int<8>*, ap_int<8>*, ap_int<8>*, ap_int<8>*)' (../ip/Ip1/initial_conv_bn_relu.cpp:171:45)
INFO: [HLS 214-131] Inlining function 'ap_int_base<33, true>::operator long long() const' into 'initial_conv_bn_relu(ap_uint<16>, ap_uint<16>, ap_uint<16>, ap_uint<16>, ap_uint<8>, ap_uint<8>, ap_uint<8>, ap_uint<8>, ap_uint<8>, ap_uint<8>, ap_int<8>*, ap_int<8>*, ap_int<8>*, ap_int<8>*, ap_int<8>*, ap_int<8>*, ap_int<8>*)' (../ip/Ip1/initial_conv_bn_relu.cpp:170:38)
INFO: [HLS 214-131] Inlining function 'ap_int_base<8, false>::RType<($_0)32, true>::plus operator+<8, false>(int, ap_int_base<8, false> const&)' into 'initial_conv_bn_relu(ap_uint<16>, ap_uint<16>, ap_uint<16>, ap_uint<16>, ap_uint<8>, ap_uint<8>, ap_uint<8>, ap_uint<8>, ap_uint<8>, ap_uint<8>, ap_int<8>*, ap_int<8>*, ap_int<8>*, ap_int<8>*, ap_int<8>*, ap_int<8>*, ap_int<8>*)' (../ip/Ip1/initial_conv_bn_relu.cpp:170:45)
INFO: [HLS 214-131] Inlining function 'bool operator<<8, false>(int, ap_int_base<8, false> const&)' into 'initial_conv_bn_relu(ap_uint<16>, ap_uint<16>, ap_uint<16>, ap_uint<16>, ap_uint<8>, ap_uint<8>, ap_uint<8>, ap_uint<8>, ap_uint<8>, ap_uint<8>, ap_int<8>*, ap_int<8>*, ap_int<8>*, ap_int<8>*, ap_int<8>*, ap_int<8>*, ap_int<8>*)' (../ip/Ip1/initial_conv_bn_relu.cpp:168:59)
INFO: [HLS 214-131] Inlining function 'bool operator<<8, false>(int, ap_int_base<8, false> const&)' into 'initial_conv_bn_relu(ap_uint<16>, ap_uint<16>, ap_uint<16>, ap_uint<16>, ap_uint<8>, ap_uint<8>, ap_uint<8>, ap_uint<8>, ap_uint<8>, ap_uint<8>, ap_int<8>*, ap_int<8>*, ap_int<8>*, ap_int<8>*, ap_int<8>*, ap_int<8>*, ap_int<8>*)' (../ip/Ip1/initial_conv_bn_relu.cpp:167:55)
INFO: [HLS 214-131] Inlining function 'ap_int_base<16, false>::RType<40, true>::plus operator+<16, false, 40, true>(ap_int_base<16, false> const&, ap_int_base<40, true> const&)' into 'initial_conv_bn_relu(ap_uint<16>, ap_uint<16>, ap_uint<16>, ap_uint<16>, ap_uint<8>, ap_uint<8>, ap_uint<8>, ap_uint<8>, ap_uint<8>, ap_uint<8>, ap_int<8>*, ap_int<8>*, ap_int<8>*, ap_int<8>*, ap_int<8>*, ap_int<8>*, ap_int<8>*)' (../ip/Ip1/initial_conv_bn_relu.cpp:114:33)
INFO: [HLS 214-131] Inlining function 'ap_int_base<32, true>& ap_int_base<32, true>::operator+=<16, true>(ap_int_base<16, true> const&)' into 'initial_conv_bn_relu(ap_uint<16>, ap_uint<16>, ap_uint<16>, ap_uint<16>, ap_uint<8>, ap_uint<8>, ap_uint<8>, ap_uint<8>, ap_uint<8>, ap_uint<8>, ap_int<8>*, ap_int<8>*, ap_int<8>*, ap_int<8>*, ap_int<8>*, ap_int<8>*, ap_int<8>*)' (../ip/Ip1/initial_conv_bn_relu.cpp:149:37)
INFO: [HLS 214-131] Inlining function 'ap_int_base<8, true>::RType<8, true>::mult operator*<8, true, 8, true>(ap_int_base<8, true> const&, ap_int_base<8, true> const&)' into 'initial_conv_bn_relu(ap_uint<16>, ap_uint<16>, ap_uint<16>, ap_uint<16>, ap_uint<8>, ap_uint<8>, ap_uint<8>, ap_uint<8>, ap_uint<8>, ap_uint<8>, ap_int<8>*, ap_int<8>*, ap_int<8>*, ap_int<8>*, ap_int<8>*, ap_int<8>*, ap_int<8>*)' (../ip/Ip1/initial_conv_bn_relu.cpp:149:64)
INFO: [HLS 214-131] Inlining function 'ap_int_base<75, true>::operator long long() const' into 'initial_conv_bn_relu(ap_uint<16>, ap_uint<16>, ap_uint<16>, ap_uint<16>, ap_uint<8>, ap_uint<8>, ap_uint<8>, ap_uint<8>, ap_uint<8>, ap_uint<8>, ap_int<8>*, ap_int<8>*, ap_int<8>*, ap_int<8>*, ap_int<8>*, ap_int<8>*, ap_int<8>*)' (../ip/Ip1/initial_conv_bn_relu.cpp:147:50)
INFO: [HLS 214-131] Inlining function 'ap_int_base<74, true>::RType<($_0)32, true>::plus operator+<74, true>(ap_int_base<74, true> const&, int)' into 'initial_conv_bn_relu(ap_uint<16>, ap_uint<16>, ap_uint<16>, ap_uint<16>, ap_uint<8>, ap_uint<8>, ap_uint<8>, ap_uint<8>, ap_uint<8>, ap_uint<8>, ap_int<8>*, ap_int<8>*, ap_int<8>*, ap_int<8>*, ap_int<8>*, ap_int<8>*, ap_int<8>*)' (../ip/Ip1/initial_conv_bn_relu.cpp:147:107)
INFO: [HLS 214-131] Inlining function 'ap_int_base<73, true>::RType<48, true>::plus operator+<73, true, 48, true>(ap_int_base<73, true> const&, ap_int_base<48, true> const&)' into 'initial_conv_bn_relu(ap_uint<16>, ap_uint<16>, ap_uint<16>, ap_uint<16>, ap_uint<8>, ap_uint<8>, ap_uint<8>, ap_uint<8>, ap_uint<8>, ap_uint<8>, ap_int<8>*, ap_int<8>*, ap_int<8>*, ap_int<8>*, ap_int<8>*, ap_int<8>*, ap_int<8>*)' (../ip/Ip1/initial_conv_bn_relu.cpp:147:92)
INFO: [HLS 214-131] Inlining function 'ap_int_base<16, false>::RType<($_0)32, true>::mult operator*<16, false>(int, ap_int_base<16, false> const&)' into 'initial_conv_bn_relu(ap_uint<16>, ap_uint<16>, ap_uint<16>, ap_uint<16>, ap_uint<8>, ap_uint<8>, ap_uint<8>, ap_uint<8>, ap_uint<8>, ap_uint<8>, ap_int<8>*, ap_int<8>*, ap_int<8>*, ap_int<8>*, ap_int<8>*, ap_int<8>*, ap_int<8>*)' (../ip/Ip1/initial_conv_bn_relu.cpp:147:99)
INFO: [HLS 214-131] Inlining function 'ap_int_base<72, true>::RType<64, true>::plus operator+<72, true, 64, true>(ap_int_base<72, true> const&, ap_int_base<64, true> const&)' into 'initial_conv_bn_relu(ap_uint<16>, ap_uint<16>, ap_uint<16>, ap_uint<16>, ap_uint<8>, ap_uint<8>, ap_uint<8>, ap_uint<8>, ap_uint<8>, ap_uint<8>, ap_int<8>*, ap_int<8>*, ap_int<8>*, ap_int<8>*, ap_int<8>*, ap_int<8>*, ap_int<8>*)' (../ip/Ip1/initial_conv_bn_relu.cpp:147:72)
INFO: [HLS 214-131] Inlining function 'ap_int_base<48, true>::RType<16, false>::mult operator*<48, true, 16, false>(ap_int_base<48, true> const&, ap_int_base<16, false> const&)' into 'initial_conv_bn_relu(ap_uint<16>, ap_uint<16>, ap_uint<16>, ap_uint<16>, ap_uint<8>, ap_uint<8>, ap_uint<8>, ap_uint<8>, ap_uint<8>, ap_uint<8>, ap_int<8>*, ap_int<8>*, ap_int<8>*, ap_int<8>*, ap_int<8>*, ap_int<8>*, ap_int<8>*)' (../ip/Ip1/initial_conv_bn_relu.cpp:147:84)
INFO: [HLS 214-131] Inlining function 'ap_int_base<16, false>::RType<($_0)32, true>::mult operator*<16, false>(int, ap_int_base<16, false> const&)' into 'initial_conv_bn_relu(ap_uint<16>, ap_uint<16>, ap_uint<16>, ap_uint<16>, ap_uint<8>, ap_uint<8>, ap_uint<8>, ap_uint<8>, ap_uint<8>, ap_uint<8>, ap_int<8>*, ap_int<8>*, ap_int<8>*, ap_int<8>*, ap_int<8>*, ap_int<8>*, ap_int<8>*)' (../ip/Ip1/initial_conv_bn_relu.cpp:147:77)
INFO: [HLS 214-131] Inlining function 'ap_int_base<56, true>::RType<16, false>::mult operator*<56, true, 16, false>(ap_int_base<56, true> const&, ap_int_base<16, false> const&)' into 'initial_conv_bn_relu(ap_uint<16>, ap_uint<16>, ap_uint<16>, ap_uint<16>, ap_uint<8>, ap_uint<8>, ap_uint<8>, ap_uint<8>, ap_uint<8>, ap_uint<8>, ap_int<8>*, ap_int<8>*, ap_int<8>*, ap_int<8>*, ap_int<8>*, ap_int<8>*, ap_int<8>*)' (../ip/Ip1/initial_conv_bn_relu.cpp:147:64)
INFO: [HLS 214-131] Inlining function 'ap_int_base<40, true>::RType<16, false>::mult operator*<40, true, 16, false>(ap_int_base<40, true> const&, ap_int_base<16, false> const&)' into 'initial_conv_bn_relu(ap_uint<16>, ap_uint<16>, ap_uint<16>, ap_uint<16>, ap_uint<8>, ap_uint<8>, ap_uint<8>, ap_uint<8>, ap_uint<8>, ap_uint<8>, ap_int<8>*, ap_int<8>*, ap_int<8>*, ap_int<8>*, ap_int<8>*, ap_int<8>*, ap_int<8>*)' (../ip/Ip1/initial_conv_bn_relu.cpp:147:57)
INFO: [HLS 214-131] Inlining function 'ap_int_base<8, false>::RType<($_0)32, true>::mult operator*<8, false>(int, ap_int_base<8, false> const&)' into 'initial_conv_bn_relu(ap_uint<16>, ap_uint<16>, ap_uint<16>, ap_uint<16>, ap_uint<8>, ap_uint<8>, ap_uint<8>, ap_uint<8>, ap_uint<8>, ap_uint<8>, ap_int<8>*, ap_int<8>*, ap_int<8>*, ap_int<8>*, ap_int<8>*, ap_int<8>*, ap_int<8>*)' (../ip/Ip1/initial_conv_bn_relu.cpp:147:53)
INFO: [HLS 214-131] Inlining function 'ap_int_base<66, true>::operator long long() const' into 'initial_conv_bn_relu(ap_uint<16>, ap_uint<16>, ap_uint<16>, ap_uint<16>, ap_uint<8>, ap_uint<8>, ap_uint<8>, ap_uint<8>, ap_uint<8>, ap_uint<8>, ap_int<8>*, ap_int<8>*, ap_int<8>*, ap_int<8>*, ap_int<8>*, ap_int<8>*, ap_int<8>*)' (../ip/Ip1/initial_conv_bn_relu.cpp:145:51)
INFO: [HLS 214-131] Inlining function 'ap_int_base<65, true>::RType<($_0)32, true>::plus operator+<65, true>(ap_int_base<65, true> const&, int)' into 'initial_conv_bn_relu(ap_uint<16>, ap_uint<16>, ap_uint<16>, ap_uint<16>, ap_uint<8>, ap_uint<8>, ap_uint<8>, ap_uint<8>, ap_uint<8>, ap_uint<8>, ap_int<8>*, ap_int<8>*, ap_int<8>*, ap_int<8>*, ap_int<8>*, ap_int<8>*, ap_int<8>*)' (../ip/Ip1/initial_conv_bn_relu.cpp:145:84)
INFO: [HLS 214-131] Inlining function 'ap_int_base<64, true>::RType<48, true>::plus operator+<64, true, 48, true>(ap_int_base<64, true> const&, ap_int_base<48, true> const&)' into 'initial_conv_bn_relu(ap_uint<16>, ap_uint<16>, ap_uint<16>, ap_uint<16>, ap_uint<8>, ap_uint<8>, ap_uint<8>, ap_uint<8>, ap_uint<8>, ap_uint<8>, ap_int<8>*, ap_int<8>*, ap_int<8>*, ap_int<8>*, ap_int<8>*, ap_int<8>*, ap_int<8>*)' (../ip/Ip1/initial_conv_bn_relu.cpp:145:70)
INFO: [HLS 214-131] Inlining function 'ap_int_base<16, false>::RType<($_0)32, true>::mult operator*<16, false>(int, ap_int_base<16, false> const&)' into 'initial_conv_bn_relu(ap_uint<16>, ap_uint<16>, ap_uint<16>, ap_uint<16>, ap_uint<8>, ap_uint<8>, ap_uint<8>, ap_uint<8>, ap_uint<8>, ap_uint<8>, ap_int<8>*, ap_int<8>*, ap_int<8>*, ap_int<8>*, ap_int<8>*, ap_int<8>*, ap_int<8>*)' (../ip/Ip1/initial_conv_bn_relu.cpp:145:77)
INFO: [HLS 214-131] Inlining function 'ap_int_base<48, true>::RType<16, false>::mult operator*<48, true, 16, false>(ap_int_base<48, true> const&, ap_int_base<16, false> const&)' into 'initial_conv_bn_relu(ap_uint<16>, ap_uint<16>, ap_uint<16>, ap_uint<16>, ap_uint<8>, ap_uint<8>, ap_uint<8>, ap_uint<8>, ap_uint<8>, ap_uint<8>, ap_int<8>*, ap_int<8>*, ap_int<8>*, ap_int<8>*, ap_int<8>*, ap_int<8>*, ap_int<8>*)' (../ip/Ip1/initial_conv_bn_relu.cpp:145:63)
INFO: [HLS 214-131] Inlining function 'ap_int_base<16, false>::RType<($_0)32, true>::mult operator*<16, false>(int, ap_int_base<16, false> const&)' into 'initial_conv_bn_relu(ap_uint<16>, ap_uint<16>, ap_uint<16>, ap_uint<16>, ap_uint<8>, ap_uint<8>, ap_uint<8>, ap_uint<8>, ap_uint<8>, ap_uint<8>, ap_int<8>*, ap_int<8>*, ap_int<8>*, ap_int<8>*, ap_int<8>*, ap_int<8>*, ap_int<8>*)' (../ip/Ip1/initial_conv_bn_relu.cpp:145:56)
INFO: [HLS 214-131] Inlining function 'bool operator<<16, false>(int, ap_int_base<16, false> const&)' into 'initial_conv_bn_relu(ap_uint<16>, ap_uint<16>, ap_uint<16>, ap_uint<16>, ap_uint<8>, ap_uint<8>, ap_uint<8>, ap_uint<8>, ap_uint<8>, ap_uint<8>, ap_int<8>*, ap_int<8>*, ap_int<8>*, ap_int<8>*, ap_int<8>*, ap_int<8>*, ap_int<8>*)' (../ip/Ip1/initial_conv_bn_relu.cpp:142:71)
INFO: [HLS 214-131] Inlining function 'bool operator<<16, false>(int, ap_int_base<16, false> const&)' into 'initial_conv_bn_relu(ap_uint<16>, ap_uint<16>, ap_uint<16>, ap_uint<16>, ap_uint<8>, ap_uint<8>, ap_uint<8>, ap_uint<8>, ap_uint<8>, ap_uint<8>, ap_int<8>*, ap_int<8>*, ap_int<8>*, ap_int<8>*, ap_int<8>*, ap_int<8>*, ap_int<8>*)' (../ip/Ip1/initial_conv_bn_relu.cpp:141:75)
INFO: [HLS 214-131] Inlining function 'bool operator<<16, false>(int, ap_int_base<16, false> const&)' into 'initial_conv_bn_relu(ap_uint<16>, ap_uint<16>, ap_uint<16>, ap_uint<16>, ap_uint<8>, ap_uint<8>, ap_uint<8>, ap_uint<8>, ap_uint<8>, ap_uint<8>, ap_int<8>*, ap_int<8>*, ap_int<8>*, ap_int<8>*, ap_int<8>*, ap_int<8>*, ap_int<8>*)' (../ip/Ip1/initial_conv_bn_relu.cpp:141:47)
INFO: [HLS 214-131] Inlining function 'ap_int_base<42, true>::operator long long() const' into 'initial_conv_bn_relu(ap_uint<16>, ap_uint<16>, ap_uint<16>, ap_uint<16>, ap_uint<8>, ap_uint<8>, ap_uint<8>, ap_uint<8>, ap_uint<8>, ap_uint<8>, ap_int<8>*, ap_int<8>*, ap_int<8>*, ap_int<8>*, ap_int<8>*, ap_int<8>*, ap_int<8>*)' (../ip/Ip1/initial_conv_bn_relu.cpp:138:36)
INFO: [HLS 214-131] Inlining function 'ap_int_base<41, true>::RType<8, false>::minus operator-<41, true, 8, false>(ap_int_base<41, true> const&, ap_int_base<8, false> const&)' into 'initial_conv_bn_relu(ap_uint<16>, ap_uint<16>, ap_uint<16>, ap_uint<16>, ap_uint<8>, ap_uint<8>, ap_uint<8>, ap_uint<8>, ap_uint<8>, ap_uint<8>, ap_int<8>*, ap_int<8>*, ap_int<8>*, ap_int<8>*, ap_int<8>*, ap_int<8>*, ap_int<8>*)' (../ip/Ip1/initial_conv_bn_relu.cpp:138:52)
INFO: [HLS 214-131] Inlining function 'ap_int_base<40, true>::RType<($_0)32, true>::plus operator+<40, true>(ap_int_base<40, true> const&, int)' into 'initial_conv_bn_relu(ap_uint<16>, ap_uint<16>, ap_uint<16>, ap_uint<16>, ap_uint<8>, ap_uint<8>, ap_uint<8>, ap_uint<8>, ap_uint<8>, ap_uint<8>, ap_int<8>*, ap_int<8>*, ap_int<8>*, ap_int<8>*, ap_int<8>*, ap_int<8>*, ap_int<8>*)' (../ip/Ip1/initial_conv_bn_relu.cpp:138:47)
INFO: [HLS 214-131] Inlining function 'ap_int_base<8, false>::RType<($_0)32, true>::mult operator*<8, false>(int, ap_int_base<8, false> const&)' into 'initial_conv_bn_relu(ap_uint<16>, ap_uint<16>, ap_uint<16>, ap_uint<16>, ap_uint<8>, ap_uint<8>, ap_uint<8>, ap_uint<8>, ap_uint<8>, ap_uint<8>, ap_int<8>*, ap_int<8>*, ap_int<8>*, ap_int<8>*, ap_int<8>*, ap_int<8>*, ap_int<8>*)' (../ip/Ip1/initial_conv_bn_relu.cpp:138:38)
INFO: [HLS 214-131] Inlining function 'ap_int_base<42, true>::operator long long() const' into 'initial_conv_bn_relu(ap_uint<16>, ap_uint<16>, ap_uint<16>, ap_uint<16>, ap_uint<8>, ap_uint<8>, ap_uint<8>, ap_uint<8>, ap_uint<8>, ap_uint<8>, ap_int<8>*, ap_int<8>*, ap_int<8>*, ap_int<8>*, ap_int<8>*, ap_int<8>*, ap_int<8>*)' (../ip/Ip1/initial_conv_bn_relu.cpp:137:36)
INFO: [HLS 214-131] Inlining function 'ap_int_base<41, true>::RType<8, false>::minus operator-<41, true, 8, false>(ap_int_base<41, true> const&, ap_int_base<8, false> const&)' into 'initial_conv_bn_relu(ap_uint<16>, ap_uint<16>, ap_uint<16>, ap_uint<16>, ap_uint<8>, ap_uint<8>, ap_uint<8>, ap_uint<8>, ap_uint<8>, ap_uint<8>, ap_int<8>*, ap_int<8>*, ap_int<8>*, ap_int<8>*, ap_int<8>*, ap_int<8>*, ap_int<8>*)' (../ip/Ip1/initial_conv_bn_relu.cpp:137:52)
INFO: [HLS 214-131] Inlining function 'ap_int_base<40, true>::RType<($_0)32, true>::plus operator+<40, true>(ap_int_base<40, true> const&, int)' into 'initial_conv_bn_relu(ap_uint<16>, ap_uint<16>, ap_uint<16>, ap_uint<16>, ap_uint<8>, ap_uint<8>, ap_uint<8>, ap_uint<8>, ap_uint<8>, ap_uint<8>, ap_int<8>*, ap_int<8>*, ap_int<8>*, ap_int<8>*, ap_int<8>*, ap_int<8>*, ap_int<8>*)' (../ip/Ip1/initial_conv_bn_relu.cpp:137:47)
INFO: [HLS 214-131] Inlining function 'ap_int_base<8, false>::RType<($_0)32, true>::mult operator*<8, false>(int, ap_int_base<8, false> const&)' into 'initial_conv_bn_relu(ap_uint<16>, ap_uint<16>, ap_uint<16>, ap_uint<16>, ap_uint<8>, ap_uint<8>, ap_uint<8>, ap_uint<8>, ap_uint<8>, ap_uint<8>, ap_int<8>*, ap_int<8>*, ap_int<8>*, ap_int<8>*, ap_int<8>*, ap_int<8>*, ap_int<8>*)' (../ip/Ip1/initial_conv_bn_relu.cpp:137:38)
INFO: [HLS 214-131] Inlining function 'bool operator<<8, false>(int, ap_int_base<8, false> const&)' into 'initial_conv_bn_relu(ap_uint<16>, ap_uint<16>, ap_uint<16>, ap_uint<16>, ap_uint<8>, ap_uint<8>, ap_uint<8>, ap_uint<8>, ap_uint<8>, ap_uint<8>, ap_int<8>*, ap_int<8>*, ap_int<8>*, ap_int<8>*, ap_int<8>*, ap_int<8>*, ap_int<8>*)' (../ip/Ip1/initial_conv_bn_relu.cpp:136:59)
INFO: [HLS 214-131] Inlining function 'bool operator<<8, false>(int, ap_int_base<8, false> const&)' into 'initial_conv_bn_relu(ap_uint<16>, ap_uint<16>, ap_uint<16>, ap_uint<16>, ap_uint<8>, ap_uint<8>, ap_uint<8>, ap_uint<8>, ap_uint<8>, ap_uint<8>, ap_int<8>*, ap_int<8>*, ap_int<8>*, ap_int<8>*, ap_int<8>*, ap_int<8>*, ap_int<8>*)' (../ip/Ip1/initial_conv_bn_relu.cpp:135:55)
INFO: [HLS 214-131] Inlining function 'bool operator<<16, false>(int, ap_int_base<16, false> const&)' into 'initial_conv_bn_relu(ap_uint<16>, ap_uint<16>, ap_uint<16>, ap_uint<16>, ap_uint<8>, ap_uint<8>, ap_uint<8>, ap_uint<8>, ap_uint<8>, ap_uint<8>, ap_int<8>*, ap_int<8>*, ap_int<8>*, ap_int<8>*, ap_int<8>*, ap_int<8>*, ap_int<8>*)' (../ip/Ip1/initial_conv_bn_relu.cpp:131:46)
INFO: [HLS 214-131] Inlining function 'bool operator<<16, false>(int, ap_int_base<16, false> const&)' into 'initial_conv_bn_relu(ap_uint<16>, ap_uint<16>, ap_uint<16>, ap_uint<16>, ap_uint<8>, ap_uint<8>, ap_uint<8>, ap_uint<8>, ap_uint<8>, ap_uint<8>, ap_int<8>*, ap_int<8>*, ap_int<8>*, ap_int<8>*, ap_int<8>*, ap_int<8>*, ap_int<8>*)' (../ip/Ip1/initial_conv_bn_relu.cpp:128:38)
INFO: [HLS 214-131] Inlining function 'bool operator<<16, false>(int, ap_int_base<16, false> const&)' into 'initial_conv_bn_relu(ap_uint<16>, ap_uint<16>, ap_uint<16>, ap_uint<16>, ap_uint<8>, ap_uint<8>, ap_uint<8>, ap_uint<8>, ap_uint<8>, ap_uint<8>, ap_int<8>*, ap_int<8>*, ap_int<8>*, ap_int<8>*, ap_int<8>*, ap_int<8>*, ap_int<8>*)' (../ip/Ip1/initial_conv_bn_relu.cpp:126:38)
INFO: [HLS 214-131] Inlining function 'ap_int_base<42, true>::RType<($_0)32, true>::plus operator+<42, true>(ap_int_base<42, true> const&, int)' into 'initial_conv_bn_relu(ap_uint<16>, ap_uint<16>, ap_uint<16>, ap_uint<16>, ap_uint<8>, ap_uint<8>, ap_uint<8>, ap_uint<8>, ap_uint<8>, ap_uint<8>, ap_int<8>*, ap_int<8>*, ap_int<8>*, ap_int<8>*, ap_int<8>*, ap_int<8>*, ap_int<8>*)' (../ip/Ip1/initial_conv_bn_relu.cpp:119:90)
INFO: [HLS 214-131] Inlining function 'ap_int_base<42, true>::RType<8, false>::div operator/<42, true, 8, false>(ap_int_base<42, true> const&, ap_int_base<8, false> const&)' into 'initial_conv_bn_relu(ap_uint<16>, ap_uint<16>, ap_uint<16>, ap_uint<16>, ap_uint<8>, ap_uint<8>, ap_uint<8>, ap_uint<8>, ap_uint<8>, ap_uint<8>, ap_int<8>*, ap_int<8>*, ap_int<8>*, ap_int<8>*, ap_int<8>*, ap_int<8>*, ap_int<8>*)' (../ip/Ip1/initial_conv_bn_relu.cpp:119:76)
INFO: [HLS 214-131] Inlining function 'ap_int_base<41, true>::RType<8, false>::minus operator-<41, true, 8, false>(ap_int_base<41, true> const&, ap_int_base<8, false> const&)' into 'initial_conv_bn_relu(ap_uint<16>, ap_uint<16>, ap_uint<16>, ap_uint<16>, ap_uint<8>, ap_uint<8>, ap_uint<8>, ap_uint<8>, ap_uint<8>, ap_uint<8>, ap_int<8>*, ap_int<8>*, ap_int<8>*, ap_int<8>*, ap_int<8>*, ap_int<8>*, ap_int<8>*)' (../ip/Ip1/initial_conv_bn_relu.cpp:119:61)
INFO: [HLS 214-131] Inlining function 'ap_int_base<16, false>::RType<40, true>::plus operator+<16, false, 40, true>(ap_int_base<16, false> const&, ap_int_base<40, true> const&)' into 'initial_conv_bn_relu(ap_uint<16>, ap_uint<16>, ap_uint<16>, ap_uint<16>, ap_uint<8>, ap_uint<8>, ap_uint<8>, ap_uint<8>, ap_uint<8>, ap_uint<8>, ap_int<8>*, ap_int<8>*, ap_int<8>*, ap_int<8>*, ap_int<8>*, ap_int<8>*, ap_int<8>*)' (../ip/Ip1/initial_conv_bn_relu.cpp:119:42)
INFO: [HLS 214-131] Inlining function 'ap_int_base<8, false>::RType<($_0)32, true>::mult operator*<8, false>(int, ap_int_base<8, false> const&)' into 'initial_conv_bn_relu(ap_uint<16>, ap_uint<16>, ap_uint<16>, ap_uint<16>, ap_uint<8>, ap_uint<8>, ap_uint<8>, ap_uint<8>, ap_uint<8>, ap_uint<8>, ap_int<8>*, ap_int<8>*, ap_int<8>*, ap_int<8>*, ap_int<8>*, ap_int<8>*, ap_int<8>*)' (../ip/Ip1/initial_conv_bn_relu.cpp:119:46)
INFO: [HLS 214-131] Inlining function 'ap_int_base<42, true>::RType<($_0)32, true>::plus operator+<42, true>(ap_int_base<42, true> const&, int)' into 'initial_conv_bn_relu(ap_uint<16>, ap_uint<16>, ap_uint<16>, ap_uint<16>, ap_uint<8>, ap_uint<8>, ap_uint<8>, ap_uint<8>, ap_uint<8>, ap_uint<8>, ap_int<8>*, ap_int<8>*, ap_int<8>*, ap_int<8>*, ap_int<8>*, ap_int<8>*, ap_int<8>*)' (../ip/Ip1/initial_conv_bn_relu.cpp:118:90)
INFO: [HLS 214-131] Inlining function 'ap_int_base<42, true>::RType<8, false>::div operator/<42, true, 8, false>(ap_int_base<42, true> const&, ap_int_base<8, false> const&)' into 'initial_conv_bn_relu(ap_uint<16>, ap_uint<16>, ap_uint<16>, ap_uint<16>, ap_uint<8>, ap_uint<8>, ap_uint<8>, ap_uint<8>, ap_uint<8>, ap_uint<8>, ap_int<8>*, ap_int<8>*, ap_int<8>*, ap_int<8>*, ap_int<8>*, ap_int<8>*, ap_int<8>*)' (../ip/Ip1/initial_conv_bn_relu.cpp:118:76)
INFO: [HLS 214-131] Inlining function 'ap_int_base<41, true>::RType<8, false>::minus operator-<41, true, 8, false>(ap_int_base<41, true> const&, ap_int_base<8, false> const&)' into 'initial_conv_bn_relu(ap_uint<16>, ap_uint<16>, ap_uint<16>, ap_uint<16>, ap_uint<8>, ap_uint<8>, ap_uint<8>, ap_uint<8>, ap_uint<8>, ap_uint<8>, ap_int<8>*, ap_int<8>*, ap_int<8>*, ap_int<8>*, ap_int<8>*, ap_int<8>*, ap_int<8>*)' (../ip/Ip1/initial_conv_bn_relu.cpp:118:61)
INFO: [HLS 214-131] Inlining function 'ap_int_base<16, false>::RType<40, true>::plus operator+<16, false, 40, true>(ap_int_base<16, false> const&, ap_int_base<40, true> const&)' into 'initial_conv_bn_relu(ap_uint<16>, ap_uint<16>, ap_uint<16>, ap_uint<16>, ap_uint<8>, ap_uint<8>, ap_uint<8>, ap_uint<8>, ap_uint<8>, ap_uint<8>, ap_int<8>*, ap_int<8>*, ap_int<8>*, ap_int<8>*, ap_int<8>*, ap_int<8>*, ap_int<8>*)' (../ip/Ip1/initial_conv_bn_relu.cpp:118:42)
INFO: [HLS 214-131] Inlining function 'ap_int_base<8, false>::RType<($_0)32, true>::mult operator*<8, false>(int, ap_int_base<8, false> const&)' into 'initial_conv_bn_relu(ap_uint<16>, ap_uint<16>, ap_uint<16>, ap_uint<16>, ap_uint<8>, ap_uint<8>, ap_uint<8>, ap_uint<8>, ap_uint<8>, ap_uint<8>, ap_int<8>*, ap_int<8>*, ap_int<8>*, ap_int<8>*, ap_int<8>*, ap_int<8>*, ap_int<8>*)' (../ip/Ip1/initial_conv_bn_relu.cpp:118:46)
INFO: [HLS 214-131] Inlining function 'ap_int_base<42, true>::RType<($_0)32, true>::plus operator+<42, true>(ap_int_base<42, true> const&, int)' into 'initial_conv_bn_relu(ap_uint<16>, ap_uint<16>, ap_uint<16>, ap_uint<16>, ap_uint<8>, ap_uint<8>, ap_uint<8>, ap_uint<8>, ap_uint<8>, ap_uint<8>, ap_int<8>*, ap_int<8>*, ap_int<8>*, ap_int<8>*, ap_int<8>*, ap_int<8>*, ap_int<8>*)' (../ip/Ip1/initial_conv_bn_relu.cpp:115:64)
INFO: [HLS 214-131] Inlining function 'ap_int_base<42, true>::RType<8, false>::div operator/<42, true, 8, false>(ap_int_base<42, true> const&, ap_int_base<8, false> const&)' into 'initial_conv_bn_relu(ap_uint<16>, ap_uint<16>, ap_uint<16>, ap_uint<16>, ap_uint<8>, ap_uint<8>, ap_uint<8>, ap_uint<8>, ap_uint<8>, ap_uint<8>, ap_int<8>*, ap_int<8>*, ap_int<8>*, ap_int<8>*, ap_int<8>*, ap_int<8>*, ap_int<8>*)' (../ip/Ip1/initial_conv_bn_relu.cpp:115:55)
INFO: [HLS 214-131] Inlining function 'ap_int_base<41, true>::RType<8, false>::minus operator-<41, true, 8, false>(ap_int_base<41, true> const&, ap_int_base<8, false> const&)' into 'initial_conv_bn_relu(ap_uint<16>, ap_uint<16>, ap_uint<16>, ap_uint<16>, ap_uint<8>, ap_uint<8>, ap_uint<8>, ap_uint<8>, ap_uint<8>, ap_uint<8>, ap_int<8>*, ap_int<8>*, ap_int<8>*, ap_int<8>*, ap_int<8>*, ap_int<8>*, ap_int<8>*)' (../ip/Ip1/initial_conv_bn_relu.cpp:115:50)
INFO: [HLS 214-131] Inlining function 'ap_int_base<16, false>::RType<40, true>::plus operator+<16, false, 40, true>(ap_int_base<16, false> const&, ap_int_base<40, true> const&)' into 'initial_conv_bn_relu(ap_uint<16>, ap_uint<16>, ap_uint<16>, ap_uint<16>, ap_uint<8>, ap_uint<8>, ap_uint<8>, ap_uint<8>, ap_uint<8>, ap_uint<8>, ap_int<8>*, ap_int<8>*, ap_int<8>*, ap_int<8>*, ap_int<8>*, ap_int<8>*, ap_int<8>*)' (../ip/Ip1/initial_conv_bn_relu.cpp:115:36)
INFO: [HLS 214-131] Inlining function 'ap_int_base<8, false>::RType<($_0)32, true>::mult operator*<8, false>(int, ap_int_base<8, false> const&)' into 'initial_conv_bn_relu(ap_uint<16>, ap_uint<16>, ap_uint<16>, ap_uint<16>, ap_uint<8>, ap_uint<8>, ap_uint<8>, ap_uint<8>, ap_uint<8>, ap_uint<8>, ap_int<8>*, ap_int<8>*, ap_int<8>*, ap_int<8>*, ap_int<8>*, ap_int<8>*, ap_int<8>*)' (../ip/Ip1/initial_conv_bn_relu.cpp:115:40)
INFO: [HLS 214-131] Inlining function 'ap_int_base<42, true>::RType<($_0)32, true>::plus operator+<42, true>(ap_int_base<42, true> const&, int)' into 'initial_conv_bn_relu(ap_uint<16>, ap_uint<16>, ap_uint<16>, ap_uint<16>, ap_uint<8>, ap_uint<8>, ap_uint<8>, ap_uint<8>, ap_uint<8>, ap_uint<8>, ap_int<8>*, ap_int<8>*, ap_int<8>*, ap_int<8>*, ap_int<8>*, ap_int<8>*, ap_int<8>*)' (../ip/Ip1/initial_conv_bn_relu.cpp:114:61)
INFO: [HLS 214-131] Inlining function 'ap_int_base<42, true>::RType<8, false>::div operator/<42, true, 8, false>(ap_int_base<42, true> const&, ap_int_base<8, false> const&)' into 'initial_conv_bn_relu(ap_uint<16>, ap_uint<16>, ap_uint<16>, ap_uint<16>, ap_uint<8>, ap_uint<8>, ap_uint<8>, ap_uint<8>, ap_uint<8>, ap_uint<8>, ap_int<8>*, ap_int<8>*, ap_int<8>*, ap_int<8>*, ap_int<8>*, ap_int<8>*, ap_int<8>*)' (../ip/Ip1/initial_conv_bn_relu.cpp:114:52)
INFO: [HLS 214-131] Inlining function 'ap_int_base<41, true>::RType<8, false>::minus operator-<41, true, 8, false>(ap_int_base<41, true> const&, ap_int_base<8, false> const&)' into 'initial_conv_bn_relu(ap_uint<16>, ap_uint<16>, ap_uint<16>, ap_uint<16>, ap_uint<8>, ap_uint<8>, ap_uint<8>, ap_uint<8>, ap_uint<8>, ap_uint<8>, ap_int<8>*, ap_int<8>*, ap_int<8>*, ap_int<8>*, ap_int<8>*, ap_int<8>*, ap_int<8>*)' (../ip/Ip1/initial_conv_bn_relu.cpp:114:47)
INFO: [HLS 214-291] Loop 'VITIS_LOOP_131_3' is marked as complete unroll implied by the pipeline pragma (../ip/Ip1/initial_conv_bn_relu.cpp:131:20)
INFO: [HLS 214-291] Loop 'VITIS_LOOP_135_4' is marked as complete unroll implied by the pipeline pragma (../ip/Ip1/initial_conv_bn_relu.cpp:135:35)
INFO: [HLS 214-291] Loop 'VITIS_LOOP_136_5' is marked as complete unroll implied by the pipeline pragma (../ip/Ip1/initial_conv_bn_relu.cpp:136:39)
INFO: [HLS 214-291] Loop 'VITIS_LOOP_142_6' is marked as complete unroll implied by the pipeline pragma (../ip/Ip1/initial_conv_bn_relu.cpp:142:47)
INFO: [HLS 214-291] Loop 'VITIS_LOOP_167_7' is marked as complete unroll implied by the pipeline pragma (../ip/Ip1/initial_conv_bn_relu.cpp:167:35)
INFO: [HLS 214-291] Loop 'VITIS_LOOP_168_8' is marked as complete unroll implied by the pipeline pragma (../ip/Ip1/initial_conv_bn_relu.cpp:168:39)
INFO: [HLS 214-178] Inlining function 'unified_batch_norm(ap_int<32>, ap_int<32>, ap_int<32>, ap_int<32>, ap_int<32>)' into 'unified_batch_norm_relu(ap_int<32>, ap_int<32>, ap_int<32>, ap_int<32>, ap_int<32>, int)' (../ip/Ip1/initial_conv_bn_relu.cpp:49:0)
INFO: [HLS 214-178] Inlining function 'unified_batch_norm_relu(ap_int<32>, ap_int<32>, ap_int<32>, ap_int<32>, ap_int<32>, int)' into 'initial_conv_bn_relu(ap_uint<16>, ap_uint<16>, ap_uint<16>, ap_uint<16>, ap_uint<8>, ap_uint<8>, ap_uint<8>, ap_uint<8>, ap_uint<8>, ap_uint<8>, ap_int<8>*, ap_int<8>*, ap_int<8>*, ap_int<8>*, ap_int<8>*, ap_int<8>*, ap_int<8>*)' (../ip/Ip1/initial_conv_bn_relu.cpp:90:0)
WARNING: [HLS 214-203] Replacing invalid offset value '20' with '56' for s_axilite port 'H_in'. (../ip/Ip1/initial_conv_bn_relu.cpp:71:17)
WARNING: [HLS 214-203] Replacing invalid offset value '28' with '64' for s_axilite port 'C_out'. (../ip/Ip1/initial_conv_bn_relu.cpp:71:17)
WARNING: [HLS 214-203] Replacing invalid offset value '36' with '72' for s_axilite port 'stride'. (../ip/Ip1/initial_conv_bn_relu.cpp:71:17)
WARNING: [HLS 214-203] Replacing invalid offset value '44' with '80' for s_axilite port 'pool_kernel'. (../ip/Ip1/initial_conv_bn_relu.cpp:71:17)
WARNING: [HLS 214-203] Replacing invalid offset value '52' with '88' for s_axilite port 'pool_padding'. (../ip/Ip1/initial_conv_bn_relu.cpp:71:17)
INFO: [HLS 200-111] Finished Compiling Optimization and Transform: CPU user time: 2 seconds. CPU system time: 0 seconds. Elapsed time: 14.205 seconds; current allocated memory: 697.664 MB.
INFO: [HLS 200-111] Finished Checking Pragmas: CPU user time: 0 seconds. CPU system time: 0 seconds. Elapsed time: 0.002 seconds; current allocated memory: 698.066 MB.
INFO: [HLS 200-10] Starting code transformations ...
INFO: [HLS 200-111] Finished Standard Transforms: CPU user time: 0 seconds. CPU system time: 0 seconds. Elapsed time: 0.175 seconds; current allocated memory: 713.738 MB.
INFO: [HLS 200-10] Checking synthesizability ...
INFO: [HLS 200-111] Finished Checking Synthesizability: CPU user time: 0 seconds. CPU system time: 0 seconds. Elapsed time: 0.117 seconds; current allocated memory: 726.000 MB.
INFO: [XFORM 203-502] Unrolling all sub-loops inside loop 'VITIS_LOOP_128_2' (../ip/Ip1/initial_conv_bn_relu.cpp:128) in function 'initial_conv_bn_relu' for pipelining.
WARNING: [HLS 200-936] Cannot unroll loop 'VITIS_LOOP_131_3' (../ip/Ip1/initial_conv_bn_relu.cpp:131) in function 'initial_conv_bn_relu': cannot completely unroll a loop with a variable trip count.
WARNING: [HLS 200-936] Cannot unroll loop 'VITIS_LOOP_135_4' (../ip/Ip1/initial_conv_bn_relu.cpp:132) in function 'initial_conv_bn_relu': cannot completely unroll a loop with a variable trip count.
WARNING: [HLS 200-936] Cannot unroll loop 'VITIS_LOOP_136_5' (../ip/Ip1/initial_conv_bn_relu.cpp:132) in function 'initial_conv_bn_relu': cannot completely unroll a loop with a variable trip count.
WARNING: [HLS 200-936] Cannot unroll loop 'VITIS_LOOP_142_6' (../ip/Ip1/initial_conv_bn_relu.cpp:132) in function 'initial_conv_bn_relu': cannot completely unroll a loop with a variable trip count.
WARNING: [HLS 200-936] Cannot unroll loop 'VITIS_LOOP_167_7' (../ip/Ip1/initial_conv_bn_relu.cpp:167) in function 'initial_conv_bn_relu': cannot completely unroll a loop with a variable trip count.
WARNING: [HLS 200-936] Cannot unroll loop 'VITIS_LOOP_168_8' (../ip/Ip1/initial_conv_bn_relu.cpp:168) in function 'initial_conv_bn_relu': cannot completely unroll a loop with a variable trip count.
INFO: [XFORM 203-721] Changing loop 'Loop_VITIS_LOOP_126_1_proc' (../ip/Ip1/initial_conv_bn_relu.cpp:128) to a process function for dataflow in function 'initial_conv_bn_relu'.
INFO: [XFORM 203-712] Applying dataflow to function 'initial_conv_bn_relu' (../ip/Ip1/initial_conv_bn_relu.cpp:69:1), detected/extracted 3 process function(s): 
	 'entry_proc'
	 'Block_entry97_proc'
	 'Loop_VITIS_LOOP_126_1_proc'.
INFO: [HLS 200-111] Finished Loop, function and other optimizations: CPU user time: 0 seconds. CPU system time: 0 seconds. Elapsed time: 0.494 seconds; current allocated memory: 762.141 MB.
INFO: [XFORM 203-541] Flattening a loop nest 'VITIS_LOOP_128_2' (../ip/Ip1/initial_conv_bn_relu.cpp:128:29) in function 'Loop_VITIS_LOOP_126_1_proc'.
INFO: [XFORM 203-541] Flattening a loop nest 'VITIS_LOOP_126_1' (../ip/Ip1/initial_conv_bn_relu.cpp:128:29) in function 'Loop_VITIS_LOOP_126_1_proc'.
WARNING: [HLS 200-1449] Process Loop_VITIS_LOOP_126_1_proc has both a predecessor and reads an input from its caller (see the GUI dataflow viewer). This may lead to lower throughput. Consider copying this input via a predecessor process.
INFO: [HLS 200-111] Finished Architecture Synthesis: CPU user time: 0 seconds. CPU system time: 0 seconds. Elapsed time: 0.205 seconds; current allocated memory: 787.734 MB.
INFO: [HLS 200-10] Starting hardware synthesis ...
INFO: [HLS 200-10] Synthesizing 'initial_conv_bn_relu' ...
INFO: [HLS 200-10] ----------------------------------------------------------------
INFO: [HLS 200-42] -- Implementing module 'entry_proc' 
INFO: [HLS 200-10] ----------------------------------------------------------------
INFO: [SCHED 204-11] Starting scheduling ...
INFO: [SCHED 204-11] Finished scheduling.
INFO: [HLS 200-111] Finished Scheduling: CPU user time: 0 seconds. CPU system time: 0 seconds. Elapsed time: 0.463 seconds; current allocated memory: 790.730 MB.
INFO: [BIND 205-100] Starting micro-architecture generation ...
INFO: [BIND 205-101] Performing variable lifetime analysis.
INFO: [BIND 205-101] Exploring resource sharing.
INFO: [BIND 205-101] Binding ...
INFO: [BIND 205-100] Finished micro-architecture generation.
INFO: [HLS 200-111] Finished Binding: CPU user time: 0 seconds. CPU system time: 0 seconds. Elapsed time: 0.204 seconds; current allocated memory: 791.902 MB.
INFO: [HLS 200-10] ----------------------------------------------------------------
INFO: [HLS 200-42] -- Implementing module 'Block_entry97_proc' 
INFO: [HLS 200-10] ----------------------------------------------------------------
INFO: [SCHED 204-11] Starting scheduling ...
INFO: [HLS 200-486] Changing DSP latency (root=mul_ln126) to 3 in order to utilize available DSP registers.
INFO: [SCHED 204-11] Finished scheduling.
INFO: [HLS 200-111] Finished Scheduling: CPU user time: 0 seconds. CPU system time: 0 seconds. Elapsed time: 0.326 seconds; current allocated memory: 793.012 MB.
INFO: [BIND 205-100] Starting micro-architecture generation ...
INFO: [BIND 205-101] Performing variable lifetime analysis.
INFO: [BIND 205-101] Exploring resource sharing.
INFO: [BIND 205-101] Binding ...
INFO: [BIND 205-100] Finished micro-architecture generation.
INFO: [HLS 200-111] Finished Binding: CPU user time: 0 seconds. CPU system time: 0 seconds. Elapsed time: 0.26 seconds; current allocated memory: 793.406 MB.
INFO: [HLS 200-10] ----------------------------------------------------------------
INFO: [HLS 200-42] -- Implementing module 'Loop_VITIS_LOOP_126_1_proc' 
INFO: [HLS 200-10] ----------------------------------------------------------------
INFO: [SCHED 204-11] Starting scheduling ...
INFO: [HLS 200-486] Changing DSP latency (root=bound) to 3 in order to utilize available DSP registers.
INFO: [HLS 200-486] Changing DSP latency (root=empty) to 3 in order to utilize available DSP registers.
INFO: [HLS 200-486] Changing DSP latency (root=p_mid1) to 3 in order to utilize available DSP registers.
INFO: [HLS 200-486] Changing DSP latency (root=mul_ln126) to 3 in order to utilize available DSP registers.
INFO: [HLS 200-486] Changing DSP latency (root=ret_V) to 3 in order to utilize available DSP registers.
INFO: [HLS 200-486] Changing DSP latency (root=mul_ln541_1) to 3 in order to utilize available DSP registers.
WARNING: [SCHED 204-65] Unable to satisfy pipeline directive for loop 'VITIS_LOOP_126_1_VITIS_LOOP_128_2_VITIS_LOOP_131_3': contains subloop(s) that are not unrolled or flattened.
INFO: [SCHED 204-11] Finished scheduling.
INFO: [HLS 200-111] Finished Scheduling: CPU user time: 1 seconds. CPU system time: 0 seconds. Elapsed time: 0.838 seconds; current allocated memory: 797.637 MB.
INFO: [BIND 205-100] Starting micro-architecture generation ...
INFO: [BIND 205-101] Performing variable lifetime analysis.
INFO: [BIND 205-101] Exploring resource sharing.
INFO: [BIND 205-101] Binding ...
INFO: [BIND 205-100] Finished micro-architecture generation.
INFO: [HLS 200-111] Finished Binding: CPU user time: 0 seconds. CPU system time: 0 seconds. Elapsed time: 0.723 seconds; current allocated memory: 798.246 MB.
INFO: [HLS 200-10] ----------------------------------------------------------------
INFO: [HLS 200-42] -- Implementing module 'initial_conv_bn_relu' 
INFO: [HLS 200-10] ----------------------------------------------------------------
INFO: [SCHED 204-11] Starting scheduling ...
INFO: [SCHED 204-11] Finished scheduling.
INFO: [HLS 200-111] Finished Scheduling: CPU user time: 1 seconds. CPU system time: 0 seconds. Elapsed time: 0.44 seconds; current allocated memory: 798.617 MB.
INFO: [BIND 205-100] Starting micro-architecture generation ...
INFO: [BIND 205-101] Performing variable lifetime analysis.
INFO: [BIND 205-101] Exploring resource sharing.
INFO: [BIND 205-101] Binding ...
INFO: [BIND 205-100] Finished micro-architecture generation.
INFO: [HLS 200-111] Finished Binding: CPU user time: 0 seconds. CPU system time: 0 seconds. Elapsed time: 0.243 seconds; current allocated memory: 799.051 MB.
INFO: [HLS 200-10] ----------------------------------------------------------------
INFO: [HLS 200-10] -- Generating RTL for module 'entry_proc' 
INFO: [HLS 200-10] ----------------------------------------------------------------
INFO: [RTGEN 206-100] Finished creating RTL model for 'entry_proc'.
INFO: [HLS 200-111] Finished Creating RTL model: CPU user time: 0 seconds. CPU system time: 0 seconds. Elapsed time: 0.34 seconds; current allocated memory: 800.184 MB.
INFO: [HLS 200-10] ----------------------------------------------------------------
INFO: [HLS 200-10] -- Generating RTL for module 'Block_entry97_proc' 
INFO: [HLS 200-10] ----------------------------------------------------------------
INFO: [RTGEN 206-100] Generating core module 'mul_mul_17s_8ns_25_4_1': 1 instance(s).
INFO: [RTGEN 206-100] Generating core module 'sdiv_18ns_9ns_16_22_seq_1': 4 instance(s).
INFO: [RTGEN 206-100] Finished creating RTL model for 'Block_entry97_proc'.
INFO: [HLS 200-111] Finished Creating RTL model: CPU user time: 0 seconds. CPU system time: 0 seconds. Elapsed time: 0.408 seconds; current allocated memory: 804.004 MB.
INFO: [HLS 200-10] ----------------------------------------------------------------
INFO: [HLS 200-10] -- Generating RTL for module 'Loop_VITIS_LOOP_126_1_proc' 
INFO: [HLS 200-10] ----------------------------------------------------------------
INFO: [RTGEN 206-100] Generating core module 'mac_muladd_8s_8s_32s_32_4_1': 1 instance(s).
INFO: [RTGEN 206-100] Generating core module 'mac_muladd_9s_25s_9s_25_4_1': 1 instance(s).
INFO: [RTGEN 206-100] Generating core module 'mul_16ns_32ns_48_1_1': 1 instance(s).
INFO: [RTGEN 206-100] Generating core module 'mul_16ns_32s_32_1_1': 1 instance(s).
INFO: [RTGEN 206-100] Generating core module 'mul_24ns_32s_32_1_1': 1 instance(s).
INFO: [RTGEN 206-100] Generating core module 'mul_25s_32s_32_1_1': 1 instance(s).
INFO: [RTGEN 206-100] Generating core module 'mul_32s_17ns_48_1_1': 1 instance(s).
INFO: [RTGEN 206-100] Generating core module 'mul_32s_32s_32_1_1': 2 instance(s).
INFO: [RTGEN 206-100] Generating core module 'mul_32s_8s_32_1_1': 1 instance(s).
INFO: [RTGEN 206-100] Generating core module 'mul_mul_16ns_16ns_32_4_1': 1 instance(s).
INFO: [RTGEN 206-100] Generating core module 'mul_mul_16ns_24s_24_4_1': 3 instance(s).
INFO: [RTGEN 206-100] Generating core module 'sdiv_18s_18ns_9_22_1': 2 instance(s).
INFO: [RTGEN 206-100] Generating core module 'udiv_17s_8ns_17_21_1': 1 instance(s).
INFO: [RTGEN 206-100] Generating core module 'urem_32s_32ns_8_36_1': 2 instance(s).
INFO: [RTGEN 206-100] Finished creating RTL model for 'Loop_VITIS_LOOP_126_1_proc'.
INFO: [HLS 200-111] Finished Creating RTL model: CPU user time: 1 seconds. CPU system time: 0 seconds. Elapsed time: 1.216 seconds; current allocated memory: 810.523 MB.
INFO: [HLS 200-10] ----------------------------------------------------------------
INFO: [HLS 200-10] -- Generating RTL for module 'initial_conv_bn_relu' 
INFO: [HLS 200-10] ----------------------------------------------------------------
WARNING: [RTGEN 206-101] Design contains AXI ports. Reset is fixed to synchronous and active low.
INFO: [RTGEN 206-500] Setting interface mode on port 'initial_conv_bn_relu/gmem0' to 'm_axi'.
INFO: [RTGEN 206-500] Setting interface mode on port 'initial_conv_bn_relu/C_in' to 's_axilite & ap_none' (register).
INFO: [RTGEN 206-500] Setting interface mode on port 'initial_conv_bn_relu/H_in' to 's_axilite & ap_none' (register).
INFO: [RTGEN 206-500] Setting interface mode on port 'initial_conv_bn_relu/W_in' to 's_axilite & ap_none' (register).
INFO: [RTGEN 206-500] Setting interface mode on port 'initial_conv_bn_relu/C_out' to 's_axilite & ap_none' (register).
INFO: [RTGEN 206-500] Setting interface mode on port 'initial_conv_bn_relu/K' to 's_axilite & ap_none' (register).
INFO: [RTGEN 206-500] Setting interface mode on port 'initial_conv_bn_relu/stride' to 's_axilite & ap_none' (register).
INFO: [RTGEN 206-500] Setting interface mode on port 'initial_conv_bn_relu/padding' to 's_axilite & ap_none' (register).
INFO: [RTGEN 206-500] Setting interface mode on port 'initial_conv_bn_relu/pool_kernel' to 's_axilite & ap_none' (register).
INFO: [RTGEN 206-500] Setting interface mode on port 'initial_conv_bn_relu/pool_stride' to 's_axilite & ap_none' (register).
INFO: [RTGEN 206-500] Setting interface mode on port 'initial_conv_bn_relu/pool_padding' to 's_axilite & ap_none' (register).
INFO: [RTGEN 206-500] Setting interface mode on port 'initial_conv_bn_relu/feature_in' to 's_axilite & ap_none'.
INFO: [RTGEN 206-500] Setting interface mode on port 'initial_conv_bn_relu/conv_kernel' to 's_axilite & ap_none'.
INFO: [RTGEN 206-500] Setting interface mode on port 'initial_conv_bn_relu/bn_mean' to 's_axilite & ap_none'.
INFO: [RTGEN 206-500] Setting interface mode on port 'initial_conv_bn_relu/bn_var' to 's_axilite & ap_none'.
INFO: [RTGEN 206-500] Setting interface mode on port 'initial_conv_bn_relu/bn_gamma' to 's_axilite & ap_none'.
INFO: [RTGEN 206-500] Setting interface mode on port 'initial_conv_bn_relu/bn_beta' to 's_axilite & ap_none'.
INFO: [RTGEN 206-500] Setting interface mode on port 'initial_conv_bn_relu/feature_out' to 's_axilite & ap_none'.
INFO: [RTGEN 206-500] Setting interface mode on function 'initial_conv_bn_relu' to 's_axilite & ap_ctrl_hs'.
INFO: [RTGEN 206-100] Bundling port 'C_in', 'W_in', 'K', 'padding', 'pool_stride', 'H_in', 'C_out', 'stride', 'pool_kernel', 'pool_padding', 'feature_in', 'conv_kernel', 'bn_mean', 'bn_var', 'bn_gamma', 'bn_beta', 'feature_out' to AXI-Lite port control.
INFO: [RTGEN 206-100] Finished creating RTL model for 'initial_conv_bn_relu'.
INFO: [RTMG 210-285] Implementing FIFO 'feature_in_c_U(initial_conv_bn_relu_fifo_w64_d3_S)' using Shift Registers.
INFO: [RTMG 210-285] Implementing FIFO 'conv_kernel_c_U(initial_conv_bn_relu_fifo_w64_d3_S)' using Shift Registers.
INFO: [RTMG 210-285] Implementing FIFO 'bn_mean_c_U(initial_conv_bn_relu_fifo_w64_d3_S)' using Shift Registers.
INFO: [RTMG 210-285] Implementing FIFO 'bn_var_c_U(initial_conv_bn_relu_fifo_w64_d3_S)' using Shift Registers.
INFO: [RTMG 210-285] Implementing FIFO 'bn_gamma_c_U(initial_conv_bn_relu_fifo_w64_d3_S)' using Shift Registers.
INFO: [RTMG 210-285] Implementing FIFO 'bn_beta_c_U(initial_conv_bn_relu_fifo_w64_d3_S)' using Shift Registers.
INFO: [RTMG 210-285] Implementing FIFO 'feature_out_c_U(initial_conv_bn_relu_fifo_w64_d3_S)' using Shift Registers.
INFO: [RTMG 210-285] Implementing FIFO 'C_in_c_U(initial_conv_bn_relu_fifo_w16_d2_S)' using Shift Registers.
INFO: [RTMG 210-285] Implementing FIFO 'C_out_c_U(initial_conv_bn_relu_fifo_w16_d2_S)' using Shift Registers.
INFO: [RTMG 210-285] Implementing FIFO 'K_c_U(initial_conv_bn_relu_fifo_w8_d2_S)' using Shift Registers.
INFO: [RTMG 210-285] Implementing FIFO 'pool_kernel_c_U(initial_conv_bn_relu_fifo_w8_d2_S)' using Shift Registers.
INFO: [RTMG 210-285] Implementing FIFO 'H_conv_out_V_loc_channel_U(initial_conv_bn_relu_fifo_w16_d2_S)' using Shift Registers.
INFO: [RTMG 210-285] Implementing FIFO 'W_conv_out_V_loc_channel_U(initial_conv_bn_relu_fifo_w16_d2_S)' using Shift Registers.
INFO: [RTMG 210-285] Implementing FIFO 'pool_padding_cast19_loc_channel_U(initial_conv_bn_relu_fifo_w18_d2_S)' using Shift Registers.
INFO: [RTMG 210-285] Implementing FIFO 'pool_stride_cast_loc_channel_U(initial_conv_bn_relu_fifo_w18_d2_S)' using Shift Registers.
INFO: [RTMG 210-285] Implementing FIFO 'H_pool_out_V_cast_loc_channel_U(initial_conv_bn_relu_fifo_w17_d2_S)' using Shift Registers.
INFO: [RTMG 210-285] Implementing FIFO 'W_pool_out_V_cast_loc_channel_U(initial_conv_bn_relu_fifo_w17_d2_S)' using Shift Registers.
INFO: [RTMG 210-285] Implementing FIFO 'W_pool_out_V_cast21_loc_channel_U(initial_conv_bn_relu_fifo_w25_d2_S)' using Shift Registers.
INFO: [RTMG 210-285] Implementing FIFO 'K_cast9_loc_channel_U(initial_conv_bn_relu_fifo_w16_d2_S)' using Shift Registers.
INFO: [RTMG 210-285] Implementing FIFO 'H_in_cast10_loc_channel_U(initial_conv_bn_relu_fifo_w25_d2_S)' using Shift Registers.
INFO: [RTMG 210-285] Implementing FIFO 'conv_i_i669_loc_channel_U(initial_conv_bn_relu_fifo_w32_d2_S)' using Shift Registers.
INFO: [RTMG 210-285] Implementing FIFO 'W_in_cast15_loc_channel_U(initial_conv_bn_relu_fifo_w25_d2_S)' using Shift Registers.
INFO: [RTMG 210-285] Implementing FIFO 'conv_i_i662_loc_channel_U(initial_conv_bn_relu_fifo_w32_d2_S)' using Shift Registers.
INFO: [RTMG 210-285] Implementing FIFO 'conv_i_i185_loc_channel_U(initial_conv_bn_relu_fifo_w32_d2_S)' using Shift Registers.
INFO: [RTMG 210-285] Implementing FIFO 'cmp_i_i66310_loc_channel_U(initial_conv_bn_relu_fifo_w1_d2_S)' using Shift Registers.
INFO: [RTMG 210-285] Implementing FIFO 'padding_cast6_loc_channel_U(initial_conv_bn_relu_fifo_w25_d2_S)' using Shift Registers.
INFO: [RTMG 210-285] Implementing FIFO 'mul_ln126_cast_loc_channel_U(initial_conv_bn_relu_fifo_w26_d2_S)' using Shift Registers.
INFO: [RTMG 210-285] Implementing FIFO 'stride_cast7_loc_channel_U(initial_conv_bn_relu_fifo_w24_d2_S)' using Shift Registers.
INFO: [RTMG 210-285] Implementing FIFO 'zext_ln1494_loc_channel_U(initial_conv_bn_relu_fifo_w32_d2_S)' using Shift Registers.
INFO: [HLS 200-111] Finished Creating RTL model: CPU user time: 1 seconds. CPU system time: 1 seconds. Elapsed time: 3.04 seconds; current allocated memory: 817.992 MB.
INFO: [HLS 200-111] Finished Generating all RTL models: CPU user time: 1 seconds. CPU system time: 0 seconds. Elapsed time: 2.604 seconds; current allocated memory: 822.438 MB.
INFO: [HLS 200-111] Finished Updating report files: CPU user time: 1 seconds. CPU system time: 0 seconds. Elapsed time: 1.678 seconds; current allocated memory: 828.352 MB.
INFO: [VHDL 208-304] Generating VHDL RTL for initial_conv_bn_relu.
INFO: [VLOG 209-307] Generating Verilog RTL for initial_conv_bn_relu.
INFO: [HLS 200-790] **** Loop Constraint Status: All loop constraints were satisfied.
INFO: [HLS 200-789] **** Estimated Fmax: 136.99 MHz
INFO: [HLS 200-111] Finished Command csynth_design CPU user time: 8 seconds. CPU system time: 1 seconds. Elapsed time: 33.212 seconds; current allocated memory: 140.336 MB.
INFO: [HLS 200-112] Total CPU user time: 11 seconds. Total CPU system time: 2 seconds. Total elapsed time: 51.5 seconds; peak allocated memory: 829.777 MB.
==============================================================
Vitis HLS - High-Level Synthesis from C, C++ and OpenCL v2022.2 (64-bit)
Tool Version Limit: 2019.12
Copyright 1986-2022 Xilinx, Inc. All Rights Reserved.
==============================================================
INFO: [SYN 201-201] Setting up clock 'default' with a period of 10ns.
INFO: [HLS 200-1611] Setting target device to 'xc7z020-clg400-2'
INFO: [HLS 200-1505] Using flow_target 'vivado'
INFO: [HLS 200-1464] Running solution command: config_export -format=ip_catalog
INFO: [HLS 200-1464] Running solution command: config_export -rtl=verilog
INFO: [HLS 200-1510] Running: set_part xc7z020-clg400-2 
INFO: [HLS 200-1510] Running: create_clock -period 10 -name default 
INFO: [HLS 200-1510] Running: config_export -format ip_catalog -rtl verilog 
INFO: [HLS 200-1510] Running: source ./ip1/solution1/directives.tcl
INFO: [HLS 200-1510] Running: set_directive_top -name initial_conv_bn_relu initial_conv_bn_relu 
INFO: [HLS 200-1510] Running: export_design -rtl verilog -format ip_catalog 
INFO: [IMPL 213-8] Exporting RTL as a Vivado IP.
INFO: [HLS 200-802] Generated output file ip1/solution1/impl/export.zip
INFO: [HLS 200-111] Finished Command export_design CPU user time: 1 seconds. CPU system time: 0 seconds. Elapsed time: 13.546 seconds; current allocated memory: 10.539 MB.
INFO: [HLS 200-112] Total CPU user time: 3 seconds. Total CPU system time: 1 seconds. Total elapsed time: 26.483 seconds; peak allocated memory: 692.125 MB.
==============================================================
Vitis HLS - High-Level Synthesis from C, C++ and OpenCL v2022.2 (64-bit)
Tool Version Limit: 2019.12
Copyright 1986-2022 Xilinx, Inc. All Rights Reserved.
==============================================================
INFO: [SYN 201-201] Setting up clock 'default' with a period of 10ns.
INFO: [HLS 200-1611] Setting target device to 'xc7z020-clg400-2'
INFO: [HLS 200-1505] Using flow_target 'vivado'
INFO: [HLS 200-1464] Running solution command: config_export -format=ip_catalog
INFO: [HLS 200-1464] Running solution command: config_export -rtl=verilog
INFO: [HLS 200-1510] Running: set_part xc7z020-clg400-2 
INFO: [HLS 200-1510] Running: create_clock -period 10 -name default 
INFO: [HLS 200-1510] Running: config_export -format ip_catalog -rtl verilog 
INFO: [HLS 200-1510] Running: source ./ip1/solution1/directives.tcl
INFO: [HLS 200-1510] Running: set_directive_top -name initial_conv_bn_relu initial_conv_bn_relu 
INFO: [HLS 200-1510] Running: csynth_design 
INFO: [HLS 200-111] Finished File checks and directory preparation: CPU user time: 0 seconds. CPU system time: 0 seconds. Elapsed time: 10.086 seconds; current allocated memory: 677.480 MB.
INFO: [HLS 200-10] Analyzing design file '../ip/Ip1/initial_conv_bn_relu.cpp' ... 
ERROR: [HLS 207-3801] unknown type name 'int8_t' (../ip/Ip1/initial_conv_bn_relu.cpp:74:17)
ERROR: [HLS 207-3801] unknown type name 'int32_t' (../ip/Ip1/initial_conv_bn_relu.cpp:87:25)
ERROR: [HLS 207-3776] use of undeclared identifier 'int32_t' (../ip/Ip1/initial_conv_bn_relu.cpp:106:42)
ERROR: [HLS 207-3801] unknown type name 'int32_t' (../ip/Ip1/initial_conv_bn_relu.cpp:111:25)
ERROR: [HLS 207-3776] use of undeclared identifier 'int32_t' (../ip/Ip1/initial_conv_bn_relu.cpp:111:46)
ERROR: [HLS 207-3776] use of undeclared identifier 'int32_t' (../ip/Ip1/initial_conv_bn_relu.cpp:112:38)
ERROR: [HLS 207-3776] use of undeclared identifier 'int32_t' (../ip/Ip1/initial_conv_bn_relu.cpp:113:33)
ERROR: [HLS 207-3801] unknown type name 'int8_t' (../ip/Ip1/initial_conv_bn_relu.cpp:116:25)
ERROR: [HLS 207-3776] use of undeclared identifier 'int8_t' (../ip/Ip1/initial_conv_bn_relu.cpp:116:59)
INFO: [HLS 200-111] Finished Command csynth_design CPU user time: 0 seconds. CPU system time: 0 seconds. Elapsed time: 1.16 seconds; current allocated memory: 0.410 MB.
INFO: [HLS 200-112] Total CPU user time: 3 seconds. Total CPU system time: 1 seconds. Total elapsed time: 13.968 seconds; peak allocated memory: 677.891 MB.
==============================================================
Vitis HLS - High-Level Synthesis from C, C++ and OpenCL v2022.2 (64-bit)
Tool Version Limit: 2019.12
Copyright 1986-2022 Xilinx, Inc. All Rights Reserved.
==============================================================
INFO: [SYN 201-201] Setting up clock 'default' with a period of 10ns.
INFO: [HLS 200-1611] Setting target device to 'xc7z020-clg400-2'
INFO: [HLS 200-1505] Using flow_target 'vivado'
INFO: [HLS 200-1464] Running solution command: config_export -format=ip_catalog
INFO: [HLS 200-1464] Running solution command: config_export -rtl=verilog
INFO: [HLS 200-1510] Running: set_part xc7z020-clg400-2 
INFO: [HLS 200-1510] Running: create_clock -period 10 -name default 
INFO: [HLS 200-1510] Running: config_export -format ip_catalog -rtl verilog 
INFO: [HLS 200-1510] Running: source ./ip1/solution1/directives.tcl
INFO: [HLS 200-1510] Running: set_directive_top -name initial_conv_bn_relu initial_conv_bn_relu 
INFO: [HLS 200-1510] Running: csynth_design 
INFO: [HLS 200-111] Finished File checks and directory preparation: CPU user time: 1 seconds. CPU system time: 0 seconds. Elapsed time: 10.066 seconds; current allocated memory: 677.184 MB.
INFO: [HLS 200-10] Analyzing design file '../ip/Ip1/initial_conv_bn_relu.cpp' ... 
ERROR: [HLS 207-3776] use of undeclared identifier 'int32_t' (../ip/Ip1/initial_conv_bn_relu.cpp:106:42)
INFO: [HLS 200-111] Finished Command csynth_design CPU user time: 0 seconds. CPU system time: 0 seconds. Elapsed time: 0.795 seconds; current allocated memory: 0.570 MB.
INFO: [HLS 200-112] Total CPU user time: 3 seconds. Total CPU system time: 1 seconds. Total elapsed time: 13.42 seconds; peak allocated memory: 677.742 MB.
==============================================================
Vitis HLS - High-Level Synthesis from C, C++ and OpenCL v2022.2 (64-bit)
Tool Version Limit: 2019.12
Copyright 1986-2022 Xilinx, Inc. All Rights Reserved.
==============================================================
INFO: [SYN 201-201] Setting up clock 'default' with a period of 10ns.
INFO: [HLS 200-1611] Setting target device to 'xc7z020-clg400-2'
INFO: [HLS 200-1505] Using flow_target 'vivado'
INFO: [HLS 200-1464] Running solution command: config_export -format=ip_catalog
INFO: [HLS 200-1464] Running solution command: config_export -rtl=verilog
INFO: [HLS 200-1510] Running: set_part xc7z020-clg400-2 
INFO: [HLS 200-1510] Running: create_clock -period 10 -name default 
INFO: [HLS 200-1510] Running: config_export -format ip_catalog -rtl verilog 
INFO: [HLS 200-1510] Running: source ./ip1/solution1/directives.tcl
INFO: [HLS 200-1510] Running: set_directive_top -name initial_conv_bn_relu initial_conv_bn_relu 
INFO: [HLS 200-1510] Running: csynth_design 
INFO: [HLS 200-111] Finished File checks and directory preparation: CPU user time: 0 seconds. CPU system time: 0 seconds. Elapsed time: 10.052 seconds; current allocated memory: 676.840 MB.
INFO: [HLS 200-10] Analyzing design file '../ip/Ip1/initial_conv_bn_relu.cpp' ... 
ERROR: [HLS 207-3776] use of undeclared identifier 'in' (../ip/Ip1/initial_conv_bn_relu.cpp:106:51)
ERROR: [HLS 207-3776] use of undeclared identifier 'weights' (../ip/Ip1/initial_conv_bn_relu.cpp:106:78)
INFO: [HLS 200-111] Finished Command csynth_design CPU user time: 0 seconds. CPU system time: 0 seconds. Elapsed time: 0.912 seconds; current allocated memory: 0.188 MB.
INFO: [HLS 200-112] Total CPU user time: 3 seconds. Total CPU system time: 0 seconds. Total elapsed time: 13.414 seconds; peak allocated memory: 677.027 MB.
==============================================================
Vitis HLS - High-Level Synthesis from C, C++ and OpenCL v2022.2 (64-bit)
Tool Version Limit: 2019.12
Copyright 1986-2022 Xilinx, Inc. All Rights Reserved.
==============================================================
INFO: [SYN 201-201] Setting up clock 'default' with a period of 10ns.
INFO: [HLS 200-1611] Setting target device to 'xc7z020-clg400-2'
INFO: [HLS 200-1505] Using flow_target 'vivado'
INFO: [HLS 200-1464] Running solution command: config_export -format=ip_catalog
INFO: [HLS 200-1464] Running solution command: config_export -rtl=verilog
INFO: [HLS 200-1510] Running: set_part xc7z020-clg400-2 
INFO: [HLS 200-1510] Running: create_clock -period 10 -name default 
INFO: [HLS 200-1510] Running: config_export -format ip_catalog -rtl verilog 
INFO: [HLS 200-1510] Running: source ./ip1/solution1/directives.tcl
INFO: [HLS 200-1510] Running: set_directive_top -name initial_conv_bn_relu initial_conv_bn_relu 
INFO: [HLS 200-1510] Running: csynth_design 
INFO: [HLS 200-111] Finished File checks and directory preparation: CPU user time: 0 seconds. CPU system time: 0 seconds. Elapsed time: 10.071 seconds; current allocated memory: 677.359 MB.
INFO: [HLS 200-10] Analyzing design file '../ip/Ip1/initial_conv_bn_relu.cpp' ... 
INFO: [HLS 200-111] Finished Source Code Analysis and Preprocessing: CPU user time: 1 seconds. CPU system time: 0 seconds. Elapsed time: 3.728 seconds; current allocated memory: 678.438 MB.
INFO: [HLS 200-777] Using interface defaults for 'Vivado' flow target.
INFO: [HLS 214-131] Inlining function 'ssdm_int<32, true>::ssdm_int(int)' into 'ap_int_base<32, true>::ap_int_base(int)' (D:/Xilinx/Vitis_HLS/2022.2/common/technology/autopilot\ap_int_base.h:214:67)
INFO: [HLS 214-131] Inlining function '_ZN8ssdm_intILi40ELb1EEC2EDq40_i' into 'ap_int_base<40, true>::ap_int_base<32, true>(ap_int_base<32, true> const&)' (D:/Xilinx/Vitis_HLS/2022.2/common/technology/autopilot\ap_int_base.h:185:106)
INFO: [HLS 214-131] Inlining function '_ZN8ssdm_intILi40ELb1EEC2EDq40_i' into 'ap_int_base<40, true>::ap_int_base<8, false>(ap_int_base<8, false> const&)' (D:/Xilinx/Vitis_HLS/2022.2/common/technology/autopilot\ap_int_base.h:185:106)
INFO: [HLS 214-131] Inlining function '_ZN8ssdm_intILi40ELb1EEC2EDq40_i' into 'ap_int_base<40, true>::ap_int_base(int)' (D:/Xilinx/Vitis_HLS/2022.2/common/technology/autopilot\ap_int_base.h:214:67)
INFO: [HLS 214-131] Inlining function 'ap_int_base<40, true>::ap_int_base<32, true>(ap_int_base<32, true> const&)' into 'ap_int_base<32, true>::RType<8, false>::mult operator*<32, true, 8, false>(ap_int_base<32, true> const&, ap_int_base<8, false> const&)' (D:/Xilinx/Vitis_HLS/2022.2/common/technology/autopilot\ap_int_base.h:1494:339)
INFO: [HLS 214-131] Inlining function 'ap_int_base<40, true>::ap_int_base(int)' into 'ap_int_base<32, true>::RType<8, false>::mult operator*<32, true, 8, false>(ap_int_base<32, true> const&, ap_int_base<8, false> const&)' (D:/Xilinx/Vitis_HLS/2022.2/common/technology/autopilot\ap_int_base.h:1494:516)
INFO: [HLS 214-131] Inlining function 'ap_int_base<40, true>::ap_int_base<8, false>(ap_int_base<8, false> const&)' into 'ap_int_base<32, true>::RType<8, false>::mult operator*<32, true, 8, false>(ap_int_base<32, true> const&, ap_int_base<8, false> const&)' (D:/Xilinx/Vitis_HLS/2022.2/common/technology/autopilot\ap_int_base.h:1494:427)
INFO: [HLS 214-131] Inlining function 'ap_int_base<32, true>::ap_int_base(int)' into 'ap_int_base<8, false>::RType<($_0)32, true>::mult operator*<8, false>(int, ap_int_base<8, false> const&)' (D:/Xilinx/Vitis_HLS/2022.2/common/technology/autopilot\ap_int_base.h:1633:216)
INFO: [HLS 214-131] Inlining function 'ap_int_base<32, true>::RType<8, false>::mult operator*<32, true, 8, false>(ap_int_base<32, true> const&, ap_int_base<8, false> const&)' into 'ap_int_base<8, false>::RType<($_0)32, true>::mult operator*<8, false>(int, ap_int_base<8, false> const&)' (D:/Xilinx/Vitis_HLS/2022.2/common/technology/autopilot\ap_int_base.h:1633:254)
INFO: [HLS 214-131] Inlining function '_ZN8ssdm_intILi41ELb1EEC2EDq41_i' into 'ap_int_base<41, true>::ap_int_base<16, false>(ap_int_base<16, false> const&)' (D:/Xilinx/Vitis_HLS/2022.2/common/technology/autopilot\ap_int_base.h:185:106)
INFO: [HLS 214-131] Inlining function '_ZN8ssdm_intILi41ELb1EEC2EDq41_i' into 'ap_int_base<41, true>::ap_int_base<40, true>(ap_int_base<40, true> const&)' (D:/Xilinx/Vitis_HLS/2022.2/common/technology/autopilot\ap_int_base.h:185:106)
INFO: [HLS 214-131] Inlining function '_ZN8ssdm_intILi41ELb1EEC2EDq41_i' into 'ap_int_base<41, true>::ap_int_base(int)' (D:/Xilinx/Vitis_HLS/2022.2/common/technology/autopilot\ap_int_base.h:214:67)
INFO: [HLS 214-131] Inlining function 'ap_int_base<41, true>::ap_int_base<16, false>(ap_int_base<16, false> const&)' into 'ap_int_base<16, false>::RType<40, true>::plus operator+<16, false, 40, true>(ap_int_base<16, false> const&, ap_int_base<40, true> const&)' (D:/Xilinx/Vitis_HLS/2022.2/common/technology/autopilot\ap_int_base.h:1495:339)
INFO: [HLS 214-131] Inlining function 'ap_int_base<41, true>::ap_int_base(int)' into 'ap_int_base<16, false>::RType<40, true>::plus operator+<16, false, 40, true>(ap_int_base<16, false> const&, ap_int_base<40, true> const&)' (D:/Xilinx/Vitis_HLS/2022.2/common/technology/autopilot\ap_int_base.h:1495:516)
INFO: [HLS 214-131] Inlining function 'ap_int_base<41, true>::ap_int_base<40, true>(ap_int_base<40, true> const&)' into 'ap_int_base<16, false>::RType<40, true>::plus operator+<16, false, 40, true>(ap_int_base<16, false> const&, ap_int_base<40, true> const&)' (D:/Xilinx/Vitis_HLS/2022.2/common/technology/autopilot\ap_int_base.h:1495:427)
INFO: [HLS 214-131] Inlining function '_ZN8ssdm_intILi42ELb1EEC2EDq42_i' into 'ap_int_base<42, true>::ap_int_base<41, true>(ap_int_base<41, true> const&)' (D:/Xilinx/Vitis_HLS/2022.2/common/technology/autopilot\ap_int_base.h:185:106)
INFO: [HLS 214-131] Inlining function '_ZN8ssdm_intILi42ELb1EEC2EDq42_i' into 'ap_int_base<42, true>::ap_int_base<8, false>(ap_int_base<8, false> const&)' (D:/Xilinx/Vitis_HLS/2022.2/common/technology/autopilot\ap_int_base.h:185:106)
INFO: [HLS 214-131] Inlining function '_ZN8ssdm_intILi42ELb1EEC2EDq42_i' into 'ap_int_base<42, true>::ap_int_base(int)' (D:/Xilinx/Vitis_HLS/2022.2/common/technology/autopilot\ap_int_base.h:214:67)
INFO: [HLS 214-131] Inlining function 'ap_int_base<42, true>::ap_int_base<41, true>(ap_int_base<41, true> const&)' into 'ap_int_base<41, true>::RType<8, false>::minus operator-<41, true, 8, false>(ap_int_base<41, true> const&, ap_int_base<8, false> const&)' (D:/Xilinx/Vitis_HLS/2022.2/common/technology/autopilot\ap_int_base.h:1496:341)
INFO: [HLS 214-131] Inlining function 'ap_int_base<42, true>::ap_int_base(int)' into 'ap_int_base<41, true>::RType<8, false>::minus operator-<41, true, 8, false>(ap_int_base<41, true> const&, ap_int_base<8, false> const&)' (D:/Xilinx/Vitis_HLS/2022.2/common/technology/autopilot\ap_int_base.h:1496:520)
INFO: [HLS 214-131] Inlining function 'ap_int_base<42, true>::ap_int_base<8, false>(ap_int_base<8, false> const&)' into 'ap_int_base<41, true>::RType<8, false>::minus operator-<41, true, 8, false>(ap_int_base<41, true> const&, ap_int_base<8, false> const&)' (D:/Xilinx/Vitis_HLS/2022.2/common/technology/autopilot\ap_int_base.h:1496:430)
INFO: [HLS 214-131] Inlining function 'ap_int_base<42, true>::ap_int_base(int)' into 'ap_int_base<42, true>::RType<8, false>::div operator/<42, true, 8, false>(ap_int_base<42, true> const&, ap_int_base<8, false> const&)' (D:/Xilinx/Vitis_HLS/2022.2/common/technology/autopilot\ap_int_base.h:1513:337)
INFO: [HLS 214-131] Inlining function '_ZN8ssdm_intILi43ELb1EEC2EDq43_i' into 'ap_int_base<43, true>::ap_int_base<42, true>(ap_int_base<42, true> const&)' (D:/Xilinx/Vitis_HLS/2022.2/common/technology/autopilot\ap_int_base.h:185:106)
INFO: [HLS 214-131] Inlining function '_ZN8ssdm_intILi43ELb1EEC2EDq43_i' into 'ap_int_base<43, true>::ap_int_base<32, true>(ap_int_base<32, true> const&)' (D:/Xilinx/Vitis_HLS/2022.2/common/technology/autopilot\ap_int_base.h:185:106)
INFO: [HLS 214-131] Inlining function '_ZN8ssdm_intILi43ELb1EEC2EDq43_i' into 'ap_int_base<43, true>::ap_int_base(int)' (D:/Xilinx/Vitis_HLS/2022.2/common/technology/autopilot\ap_int_base.h:214:67)
INFO: [HLS 214-131] Inlining function 'ap_int_base<43, true>::ap_int_base<42, true>(ap_int_base<42, true> const&)' into 'ap_int_base<42, true>::RType<32, true>::plus operator+<42, true, 32, true>(ap_int_base<42, true> const&, ap_int_base<32, true> const&)' (D:/Xilinx/Vitis_HLS/2022.2/common/technology/autopilot\ap_int_base.h:1495:339)
INFO: [HLS 214-131] Inlining function 'ap_int_base<43, true>::ap_int_base(int)' into 'ap_int_base<42, true>::RType<32, true>::plus operator+<42, true, 32, true>(ap_int_base<42, true> const&, ap_int_base<32, true> const&)' (D:/Xilinx/Vitis_HLS/2022.2/common/technology/autopilot\ap_int_base.h:1495:516)
INFO: [HLS 214-131] Inlining function 'ap_int_base<43, true>::ap_int_base<32, true>(ap_int_base<32, true> const&)' into 'ap_int_base<42, true>::RType<32, true>::plus operator+<42, true, 32, true>(ap_int_base<42, true> const&, ap_int_base<32, true> const&)' (D:/Xilinx/Vitis_HLS/2022.2/common/technology/autopilot\ap_int_base.h:1495:427)
INFO: [HLS 214-131] Inlining function 'ap_int_base<32, true>::ap_int_base(int)' into 'ap_int_base<42, true>::RType<($_0)32, true>::plus operator+<42, true>(ap_int_base<42, true> const&, int)' (D:/Xilinx/Vitis_HLS/2022.2/common/technology/autopilot\ap_int_base.h:1633:1006)
INFO: [HLS 214-131] Inlining function 'ap_int_base<42, true>::RType<32, true>::plus operator+<42, true, 32, true>(ap_int_base<42, true> const&, ap_int_base<32, true> const&)' into 'ap_int_base<42, true>::RType<($_0)32, true>::plus operator+<42, true>(ap_int_base<42, true> const&, int)' (D:/Xilinx/Vitis_HLS/2022.2/common/technology/autopilot\ap_int_base.h:1633:1004)
INFO: [HLS 214-131] Inlining function '_ZN8ssdm_intILi44ELb1EEC2EDq44_i' into 'ap_int_base<44, true>::ap_int_base<43, true>(ap_int_base<43, true> const&)' (D:/Xilinx/Vitis_HLS/2022.2/common/technology/autopilot\ap_int_base.h:185:106)
INFO: [HLS 214-131] Inlining function '_ZN8ssdm_intILi44ELb1EEC2EDq44_i' into 'ap_int_base<44, true>::ap_int_base<40, true>(ap_int_base<40, true> const&)' (D:/Xilinx/Vitis_HLS/2022.2/common/technology/autopilot\ap_int_base.h:185:106)
INFO: [HLS 214-131] Inlining function '_ZN8ssdm_intILi44ELb1EEC2EDq44_i' into 'ap_int_base<44, true>::ap_int_base(int)' (D:/Xilinx/Vitis_HLS/2022.2/common/technology/autopilot\ap_int_base.h:214:67)
INFO: [HLS 214-131] Inlining function 'ap_int_base<44, true>::ap_int_base<43, true>(ap_int_base<43, true> const&)' into 'ap_int_base<43, true>::RType<40, true>::plus operator+<43, true, 40, true>(ap_int_base<43, true> const&, ap_int_base<40, true> const&)' (D:/Xilinx/Vitis_HLS/2022.2/common/technology/autopilot\ap_int_base.h:1495:339)
INFO: [HLS 214-131] Inlining function 'ap_int_base<44, true>::ap_int_base(int)' into 'ap_int_base<43, true>::RType<40, true>::plus operator+<43, true, 40, true>(ap_int_base<43, true> const&, ap_int_base<40, true> const&)' (D:/Xilinx/Vitis_HLS/2022.2/common/technology/autopilot\ap_int_base.h:1495:516)
INFO: [HLS 214-131] Inlining function 'ap_int_base<44, true>::ap_int_base<40, true>(ap_int_base<40, true> const&)' into 'ap_int_base<43, true>::RType<40, true>::plus operator+<43, true, 40, true>(ap_int_base<43, true> const&, ap_int_base<40, true> const&)' (D:/Xilinx/Vitis_HLS/2022.2/common/technology/autopilot\ap_int_base.h:1495:427)
INFO: [HLS 214-131] Inlining function '_ZN8ssdm_intILi45ELb1EEC2EDq45_i' into 'ap_int_base<45, true>::ap_int_base<44, true>(ap_int_base<44, true> const&)' (D:/Xilinx/Vitis_HLS/2022.2/common/technology/autopilot\ap_int_base.h:185:106)
INFO: [HLS 214-131] Inlining function '_ZN8ssdm_intILi45ELb1EEC2EDq45_i' into 'ap_int_base<45, true>::ap_int_base<8, false>(ap_int_base<8, false> const&)' (D:/Xilinx/Vitis_HLS/2022.2/common/technology/autopilot\ap_int_base.h:185:106)
INFO: [HLS 214-131] Inlining function '_ZN8ssdm_intILi45ELb1EEC2EDq45_i' into 'ap_int_base<45, true>::ap_int_base(int)' (D:/Xilinx/Vitis_HLS/2022.2/common/technology/autopilot\ap_int_base.h:214:67)
INFO: [HLS 214-131] Inlining function 'ap_int_base<45, true>::ap_int_base<44, true>(ap_int_base<44, true> const&)' into 'ap_int_base<44, true>::RType<8, false>::minus operator-<44, true, 8, false>(ap_int_base<44, true> const&, ap_int_base<8, false> const&)' (D:/Xilinx/Vitis_HLS/2022.2/common/technology/autopilot\ap_int_base.h:1496:341)
INFO: [HLS 214-131] Inlining function 'ap_int_base<45, true>::ap_int_base(int)' into 'ap_int_base<44, true>::RType<8, false>::minus operator-<44, true, 8, false>(ap_int_base<44, true> const&, ap_int_base<8, false> const&)' (D:/Xilinx/Vitis_HLS/2022.2/common/technology/autopilot\ap_int_base.h:1496:520)
INFO: [HLS 214-131] Inlining function 'ap_int_base<45, true>::ap_int_base<8, false>(ap_int_base<8, false> const&)' into 'ap_int_base<44, true>::RType<8, false>::minus operator-<44, true, 8, false>(ap_int_base<44, true> const&, ap_int_base<8, false> const&)' (D:/Xilinx/Vitis_HLS/2022.2/common/technology/autopilot\ap_int_base.h:1496:430)
INFO: [HLS 214-131] Inlining function 'ap_int_base<45, true>::ap_int_base(int)' into 'ap_int_base<45, true>::RType<8, false>::div operator/<45, true, 8, false>(ap_int_base<45, true> const&, ap_int_base<8, false> const&)' (D:/Xilinx/Vitis_HLS/2022.2/common/technology/autopilot\ap_int_base.h:1513:337)
INFO: [HLS 214-131] Inlining function '_ZN8ssdm_intILi46ELb1EEC2EDq46_i' into 'ap_int_base<46, true>::ap_int_base<45, true>(ap_int_base<45, true> const&)' (D:/Xilinx/Vitis_HLS/2022.2/common/technology/autopilot\ap_int_base.h:185:106)
INFO: [HLS 214-131] Inlining function '_ZN8ssdm_intILi46ELb1EEC2EDq46_i' into 'ap_int_base<46, true>::ap_int_base<32, true>(ap_int_base<32, true> const&)' (D:/Xilinx/Vitis_HLS/2022.2/common/technology/autopilot\ap_int_base.h:185:106)
INFO: [HLS 214-131] Inlining function '_ZN8ssdm_intILi46ELb1EEC2EDq46_i' into 'ap_int_base<46, true>::ap_int_base(int)' (D:/Xilinx/Vitis_HLS/2022.2/common/technology/autopilot\ap_int_base.h:214:67)
INFO: [HLS 214-131] Inlining function 'ap_int_base<46, true>::ap_int_base<45, true>(ap_int_base<45, true> const&)' into 'ap_int_base<45, true>::RType<32, true>::plus operator+<45, true, 32, true>(ap_int_base<45, true> const&, ap_int_base<32, true> const&)' (D:/Xilinx/Vitis_HLS/2022.2/common/technology/autopilot\ap_int_base.h:1495:339)
INFO: [HLS 214-131] Inlining function 'ap_int_base<46, true>::ap_int_base(int)' into 'ap_int_base<45, true>::RType<32, true>::plus operator+<45, true, 32, true>(ap_int_base<45, true> const&, ap_int_base<32, true> const&)' (D:/Xilinx/Vitis_HLS/2022.2/common/technology/autopilot\ap_int_base.h:1495:516)
INFO: [HLS 214-131] Inlining function 'ap_int_base<46, true>::ap_int_base<32, true>(ap_int_base<32, true> const&)' into 'ap_int_base<45, true>::RType<32, true>::plus operator+<45, true, 32, true>(ap_int_base<45, true> const&, ap_int_base<32, true> const&)' (D:/Xilinx/Vitis_HLS/2022.2/common/technology/autopilot\ap_int_base.h:1495:427)
INFO: [HLS 214-131] Inlining function 'ap_int_base<32, true>::ap_int_base(int)' into 'ap_int_base<45, true>::RType<($_0)32, true>::plus operator+<45, true>(ap_int_base<45, true> const&, int)' (D:/Xilinx/Vitis_HLS/2022.2/common/technology/autopilot\ap_int_base.h:1633:1006)
INFO: [HLS 214-131] Inlining function 'ap_int_base<45, true>::RType<32, true>::plus operator+<45, true, 32, true>(ap_int_base<45, true> const&, ap_int_base<32, true> const&)' into 'ap_int_base<45, true>::RType<($_0)32, true>::plus operator+<45, true>(ap_int_base<45, true> const&, int)' (D:/Xilinx/Vitis_HLS/2022.2/common/technology/autopilot\ap_int_base.h:1633:1004)
INFO: [HLS 214-131] Inlining function 'ssdm_int<16, false>::ssdm_int(unsigned short)' into 'ap_int_base<16, false>::ap_int_base<46, true>(ap_int_base<46, true> const&)' (D:/Xilinx/Vitis_HLS/2022.2/common/technology/autopilot\ap_int_base.h:185:106)
INFO: [HLS 214-131] Inlining function 'ap_int_base<16, false>::ap_int_base<46, true>(ap_int_base<46, true> const&)' into 'ap_uint<16>::ap_uint<46>(ap_int<46> const&)'
INFO: [HLS 214-131] Inlining function 'ap_int_base<32, true>::ap_int_base(int)' into 'bool operator<<16, false>(int, ap_int_base<16, false> const&)' (D:/Xilinx/Vitis_HLS/2022.2/common/technology/autopilot\ap_int_base.h:1788:520)
INFO: [HLS 214-131] Inlining function 'bool ap_int_base<32, true>::operator<<16, false>(ap_int_base<16, false> const&) const' into 'bool operator<<16, false>(int, ap_int_base<16, false> const&)' (D:/Xilinx/Vitis_HLS/2022.2/common/technology/autopilot\ap_int_base.h:1788:558)
INFO: [HLS 214-131] Inlining function 'ssdm_int<8, true>::ssdm_int(signed char)' into 'ap_int_base<8, true>::ap_int_base(int)' (D:/Xilinx/Vitis_HLS/2022.2/common/technology/autopilot\ap_int_base.h:214:67)
INFO: [HLS 214-131] Inlining function 'ap_int_base<8, true>::ap_int_base(int)' into 'ap_int<8>::ap_int(int)'
INFO: [HLS 214-131] Inlining function 'ap_int_base<32, true>::ap_int_base(int)' into 'ap_int<32>::ap_int(int)'
INFO: [HLS 214-131] Inlining function '_ZN8ssdm_intILi24ELb0EEC2EDq24_j' into 'ap_int_base<24, false>::ap_int_base<16, false>(ap_int_base<16, false> const&)' (D:/Xilinx/Vitis_HLS/2022.2/common/technology/autopilot\ap_int_base.h:185:106)
INFO: [HLS 214-131] Inlining function '_ZN8ssdm_intILi24ELb0EEC2EDq24_j' into 'ap_int_base<24, false>::ap_int_base<8, false>(ap_int_base<8, false> const&)' (D:/Xilinx/Vitis_HLS/2022.2/common/technology/autopilot\ap_int_base.h:185:106)
INFO: [HLS 214-131] Inlining function '_ZN8ssdm_intILi24ELb0EEC2EDq24_j' into 'ap_int_base<24, false>::ap_int_base(int)' (D:/Xilinx/Vitis_HLS/2022.2/common/technology/autopilot\ap_int_base.h:214:67)
INFO: [HLS 214-131] Inlining function 'ap_int_base<24, false>::ap_int_base<16, false>(ap_int_base<16, false> const&)' into 'ap_int_base<16, false>::RType<8, false>::mult operator*<16, false, 8, false>(ap_int_base<16, false> const&, ap_int_base<8, false> const&)' (D:/Xilinx/Vitis_HLS/2022.2/common/technology/autopilot\ap_int_base.h:1494:339)
INFO: [HLS 214-131] Inlining function 'ap_int_base<24, false>::ap_int_base(int)' into 'ap_int_base<16, false>::RType<8, false>::mult operator*<16, false, 8, false>(ap_int_base<16, false> const&, ap_int_base<8, false> const&)' (D:/Xilinx/Vitis_HLS/2022.2/common/technology/autopilot\ap_int_base.h:1494:516)
INFO: [HLS 214-131] Inlining function 'ap_int_base<24, false>::ap_int_base<8, false>(ap_int_base<8, false> const&)' into 'ap_int_base<16, false>::RType<8, false>::mult operator*<16, false, 8, false>(ap_int_base<16, false> const&, ap_int_base<8, false> const&)' (D:/Xilinx/Vitis_HLS/2022.2/common/technology/autopilot\ap_int_base.h:1494:427)
INFO: [HLS 214-131] Inlining function 'ssdm_int<32, false>::ssdm_int(unsigned int)' into 'ap_int_base<32, false>::ap_int_base<24, false>(ap_int_base<24, false> const&)' (D:/Xilinx/Vitis_HLS/2022.2/common/technology/autopilot\ap_int_base.h:185:106)
INFO: [HLS 214-131] Inlining function 'ssdm_int<32, false>::ssdm_int(unsigned int)' into 'ap_int_base<32, false>::ap_int_base<8, false>(ap_int_base<8, false> const&)' (D:/Xilinx/Vitis_HLS/2022.2/common/technology/autopilot\ap_int_base.h:185:106)
INFO: [HLS 214-131] Inlining function 'ssdm_int<32, false>::ssdm_int(unsigned int)' into 'ap_int_base<32, false>::ap_int_base(int)' (D:/Xilinx/Vitis_HLS/2022.2/common/technology/autopilot\ap_int_base.h:214:67)
INFO: [HLS 214-131] Inlining function 'ap_int_base<32, false>::ap_int_base<24, false>(ap_int_base<24, false> const&)' into 'ap_int_base<24, false>::RType<8, false>::mult operator*<24, false, 8, false>(ap_int_base<24, false> const&, ap_int_base<8, false> const&)' (D:/Xilinx/Vitis_HLS/2022.2/common/technology/autopilot\ap_int_base.h:1494:339)
INFO: [HLS 214-131] Inlining function 'ap_int_base<32, false>::ap_int_base(int)' into 'ap_int_base<24, false>::RType<8, false>::mult operator*<24, false, 8, false>(ap_int_base<24, false> const&, ap_int_base<8, false> const&)' (D:/Xilinx/Vitis_HLS/2022.2/common/technology/autopilot\ap_int_base.h:1494:516)
INFO: [HLS 214-131] Inlining function 'ap_int_base<32, false>::ap_int_base<8, false>(ap_int_base<8, false> const&)' into 'ap_int_base<24, false>::RType<8, false>::mult operator*<24, false, 8, false>(ap_int_base<24, false> const&, ap_int_base<8, false> const&)' (D:/Xilinx/Vitis_HLS/2022.2/common/technology/autopilot\ap_int_base.h:1494:427)
INFO: [HLS 214-131] Inlining function 'ap_int_base<32, true>::ap_int_base(int)' into 'bool operator<<32, false>(int, ap_int_base<32, false> const&)' (D:/Xilinx/Vitis_HLS/2022.2/common/technology/autopilot\ap_int_base.h:1788:520)
INFO: [HLS 214-131] Inlining function 'bool ap_int_base<32, true>::operator<<32, false>(ap_int_base<32, false> const&) const' into 'bool operator<<32, false>(int, ap_int_base<32, false> const&)' (D:/Xilinx/Vitis_HLS/2022.2/common/technology/autopilot\ap_int_base.h:1788:558)
INFO: [HLS 214-131] Inlining function 'ssdm_int<16, false>::ssdm_int(unsigned short)' into 'ap_int_base<16, false>::ap_int_base<8, false>(ap_int_base<8, false> const&)' (D:/Xilinx/Vitis_HLS/2022.2/common/technology/autopilot\ap_int_base.h:185:106)
INFO: [HLS 214-131] Inlining function 'ssdm_int<16, false>::ssdm_int(unsigned short)' into 'ap_int_base<16, false>::ap_int_base(int)' (D:/Xilinx/Vitis_HLS/2022.2/common/technology/autopilot\ap_int_base.h:214:67)
INFO: [HLS 214-131] Inlining function 'ap_int_base<16, false>::ap_int_base<8, false>(ap_int_base<8, false> const&)' into 'ap_int_base<8, false>::RType<8, false>::mult operator*<8, false, 8, false>(ap_int_base<8, false> const&, ap_int_base<8, false> const&)' (D:/Xilinx/Vitis_HLS/2022.2/common/technology/autopilot\ap_int_base.h:1494:339)
INFO: [HLS 214-131] Inlining function 'ap_int_base<16, false>::ap_int_base(int)' into 'ap_int_base<8, false>::RType<8, false>::mult operator*<8, false, 8, false>(ap_int_base<8, false> const&, ap_int_base<8, false> const&)' (D:/Xilinx/Vitis_HLS/2022.2/common/technology/autopilot\ap_int_base.h:1494:516)
INFO: [HLS 214-131] Inlining function 'ap_int_base<16, false>::ap_int_base<8, false>(ap_int_base<8, false> const&)' into 'ap_int_base<8, false>::RType<8, false>::mult operator*<8, false, 8, false>(ap_int_base<8, false> const&, ap_int_base<8, false> const&)' (D:/Xilinx/Vitis_HLS/2022.2/common/technology/autopilot\ap_int_base.h:1494:427)
INFO: [HLS 214-131] Inlining function 'ap_int_base<32, true>::ap_int_base(int)' into 'ap_int_base<32, true>::RType<16, false>::div operator/<32, true, 16, false>(ap_int_base<32, true> const&, ap_int_base<16, false> const&)' (D:/Xilinx/Vitis_HLS/2022.2/common/technology/autopilot\ap_int_base.h:1513:337)
INFO: [HLS 214-131] Inlining function '_ZN8ssdm_intILi17ELb1EEC2EDq17_i' into 'ap_int_base<17, true>::ap_int_base<32, true>(ap_int_base<32, true> const&)' (D:/Xilinx/Vitis_HLS/2022.2/common/technology/autopilot\ap_int_base.h:185:106)
INFO: [HLS 214-131] Inlining function 'ap_int_base<17, true>::ap_int_base<32, true>(ap_int_base<32, true> const&)' into 'ap_int<17>::ap_int<32>(ap_int<32> const&)'
INFO: [HLS 214-131] Inlining function 'ap_int_base<32, true>::ap_int_base(int)' into 'ap_int_base<16, false>::RType<($_0)32, true>::div operator/<16, false>(int, ap_int_base<16, false> const&)' (D:/Xilinx/Vitis_HLS/2022.2/common/technology/autopilot\ap_int_base.h:1633:1786)
INFO: [HLS 214-131] Inlining function 'ap_int_base<32, true>::RType<16, false>::div operator/<32, true, 16, false>(ap_int_base<32, true> const&, ap_int_base<16, false> const&)' into 'ap_int_base<16, false>::RType<($_0)32, true>::div operator/<16, false>(int, ap_int_base<16, false> const&)' (D:/Xilinx/Vitis_HLS/2022.2/common/technology/autopilot\ap_int_base.h:1633:1824)
INFO: [HLS 214-131] Inlining function '_ZN8ssdm_intILi17ELb1EEC2EDq17_i' into 'ap_int_base<17, true>::ap_int_base(int)' (D:/Xilinx/Vitis_HLS/2022.2/common/technology/autopilot\ap_int_base.h:214:67)
INFO: [HLS 214-131] Inlining function 'ap_int_base<17, true>::ap_int_base(int)' into 'ap_int_base<32, true>::RType<16, false>::mod operator%<32, true, 16, false>(ap_int_base<32, true> const&, ap_int_base<16, false> const&)' (D:/Xilinx/Vitis_HLS/2022.2/common/technology/autopilot\ap_int_base.h:1514:337)
INFO: [HLS 214-131] Inlining function 'ssdm_int<16, false>::ssdm_int(unsigned short)' into 'ap_int_base<16, false>::ap_int_base<17, true>(ap_int_base<17, true> const&)' (D:/Xilinx/Vitis_HLS/2022.2/common/technology/autopilot\ap_int_base.h:185:106)
INFO: [HLS 214-131] Inlining function 'ap_int_base<16, false>::ap_int_base<17, true>(ap_int_base<17, true> const&)' into 'ap_uint<16>::ap_uint<17>(ap_int<17> const&)'
INFO: [HLS 214-131] Inlining function 'ap_int_base<32, true>::ap_int_base(int)' into 'ap_int_base<16, false>::RType<($_0)32, true>::mod operator%<16, false>(int, ap_int_base<16, false> const&)' (D:/Xilinx/Vitis_HLS/2022.2/common/technology/autopilot\ap_int_base.h:1633:2307)
INFO: [HLS 214-131] Inlining function 'ap_int_base<32, true>::RType<16, false>::mod operator%<32, true, 16, false>(ap_int_base<32, true> const&, ap_int_base<16, false> const&)' into 'ap_int_base<16, false>::RType<($_0)32, true>::mod operator%<16, false>(int, ap_int_base<16, false> const&)' (D:/Xilinx/Vitis_HLS/2022.2/common/technology/autopilot\ap_int_base.h:1633:2345)
INFO: [HLS 214-131] Inlining function 'ap_int_base<32, true>::ap_int_base(int)' into 'ap_int_base<32, true>::RType<8, false>::div operator/<32, true, 8, false>(ap_int_base<32, true> const&, ap_int_base<8, false> const&)' (D:/Xilinx/Vitis_HLS/2022.2/common/technology/autopilot\ap_int_base.h:1513:337)
INFO: [HLS 214-131] Inlining function '_ZN8ssdm_intILi9ELb1EEC2EDq9_i' into 'ap_int_base<9, true>::ap_int_base<32, true>(ap_int_base<32, true> const&)' (D:/Xilinx/Vitis_HLS/2022.2/common/technology/autopilot\ap_int_base.h:185:106)
INFO: [HLS 214-131] Inlining function 'ap_int_base<9, true>::ap_int_base<32, true>(ap_int_base<32, true> const&)' into 'ap_int<9>::ap_int<32>(ap_int<32> const&)'
INFO: [HLS 214-131] Inlining function 'ap_int_base<32, true>::ap_int_base(int)' into 'ap_int_base<8, false>::RType<($_0)32, true>::div operator/<8, false>(int, ap_int_base<8, false> const&)' (D:/Xilinx/Vitis_HLS/2022.2/common/technology/autopilot\ap_int_base.h:1633:1786)
INFO: [HLS 214-131] Inlining function 'ap_int_base<32, true>::RType<8, false>::div operator/<32, true, 8, false>(ap_int_base<32, true> const&, ap_int_base<8, false> const&)' into 'ap_int_base<8, false>::RType<($_0)32, true>::div operator/<8, false>(int, ap_int_base<8, false> const&)' (D:/Xilinx/Vitis_HLS/2022.2/common/technology/autopilot\ap_int_base.h:1633:1824)
INFO: [HLS 214-131] Inlining function '_ZN8ssdm_intILi9ELb1EEC2EDq9_i' into 'ap_int_base<9, true>::ap_int_base(int)' (D:/Xilinx/Vitis_HLS/2022.2/common/technology/autopilot\ap_int_base.h:214:67)
INFO: [HLS 214-131] Inlining function 'ap_int_base<9, true>::ap_int_base(int)' into 'ap_int_base<32, true>::RType<8, false>::mod operator%<32, true, 8, false>(ap_int_base<32, true> const&, ap_int_base<8, false> const&)' (D:/Xilinx/Vitis_HLS/2022.2/common/technology/autopilot\ap_int_base.h:1514:337)
INFO: [HLS 214-131] Inlining function 'ssdm_int<8, false>::ssdm_int(unsigned char)' into 'ap_int_base<8, false>::ap_int_base<9, true>(ap_int_base<9, true> const&)' (D:/Xilinx/Vitis_HLS/2022.2/common/technology/autopilot\ap_int_base.h:185:106)
INFO: [HLS 214-131] Inlining function 'ap_int_base<8, false>::ap_int_base<9, true>(ap_int_base<9, true> const&)' into 'ap_uint<8>::ap_uint<9>(ap_int<9> const&)'
INFO: [HLS 214-131] Inlining function 'ap_int_base<32, true>::ap_int_base(int)' into 'ap_int_base<8, false>::RType<($_0)32, true>::mod operator%<8, false>(int, ap_int_base<8, false> const&)' (D:/Xilinx/Vitis_HLS/2022.2/common/technology/autopilot\ap_int_base.h:1633:2307)
INFO: [HLS 214-131] Inlining function 'ap_int_base<32, true>::RType<8, false>::mod operator%<32, true, 8, false>(ap_int_base<32, true> const&, ap_int_base<8, false> const&)' into 'ap_int_base<8, false>::RType<($_0)32, true>::mod operator%<8, false>(int, ap_int_base<8, false> const&)' (D:/Xilinx/Vitis_HLS/2022.2/common/technology/autopilot\ap_int_base.h:1633:2345)
INFO: [HLS 214-131] Inlining function '_ZN8ssdm_intILi48ELb1EEC2EDq48_i' into 'ap_int_base<48, true>::ap_int_base<32, true>(ap_int_base<32, true> const&)' (D:/Xilinx/Vitis_HLS/2022.2/common/technology/autopilot\ap_int_base.h:185:106)
INFO: [HLS 214-131] Inlining function '_ZN8ssdm_intILi48ELb1EEC2EDq48_i' into 'ap_int_base<48, true>::ap_int_base<16, false>(ap_int_base<16, false> const&)' (D:/Xilinx/Vitis_HLS/2022.2/common/technology/autopilot\ap_int_base.h:185:106)
INFO: [HLS 214-131] Inlining function '_ZN8ssdm_intILi48ELb1EEC2EDq48_i' into 'ap_int_base<48, true>::ap_int_base(int)' (D:/Xilinx/Vitis_HLS/2022.2/common/technology/autopilot\ap_int_base.h:214:67)
INFO: [HLS 214-131] Inlining function 'ap_int_base<48, true>::ap_int_base<32, true>(ap_int_base<32, true> const&)' into 'ap_int_base<32, true>::RType<16, false>::mult operator*<32, true, 16, false>(ap_int_base<32, true> const&, ap_int_base<16, false> const&)' (D:/Xilinx/Vitis_HLS/2022.2/common/technology/autopilot\ap_int_base.h:1494:339)
INFO: [HLS 214-131] Inlining function 'ap_int_base<48, true>::ap_int_base(int)' into 'ap_int_base<32, true>::RType<16, false>::mult operator*<32, true, 16, false>(ap_int_base<32, true> const&, ap_int_base<16, false> const&)' (D:/Xilinx/Vitis_HLS/2022.2/common/technology/autopilot\ap_int_base.h:1494:516)
INFO: [HLS 214-131] Inlining function 'ap_int_base<48, true>::ap_int_base<16, false>(ap_int_base<16, false> const&)' into 'ap_int_base<32, true>::RType<16, false>::mult operator*<32, true, 16, false>(ap_int_base<32, true> const&, ap_int_base<16, false> const&)' (D:/Xilinx/Vitis_HLS/2022.2/common/technology/autopilot\ap_int_base.h:1494:427)
INFO: [HLS 214-131] Inlining function 'ap_int_base<32, true>::ap_int_base(int)' into 'ap_int_base<16, false>::RType<($_0)32, true>::mult operator*<16, false>(int, ap_int_base<16, false> const&)' (D:/Xilinx/Vitis_HLS/2022.2/common/technology/autopilot\ap_int_base.h:1633:216)
INFO: [HLS 214-131] Inlining function 'ap_int_base<32, true>::RType<16, false>::mult operator*<32, true, 16, false>(ap_int_base<32, true> const&, ap_int_base<16, false> const&)' into 'ap_int_base<16, false>::RType<($_0)32, true>::mult operator*<16, false>(int, ap_int_base<16, false> const&)' (D:/Xilinx/Vitis_HLS/2022.2/common/technology/autopilot\ap_int_base.h:1633:254)
INFO: [HLS 214-131] Inlining function '_ZN8ssdm_intILi49ELb1EEC2EDq49_i' into 'ap_int_base<49, true>::ap_int_base<48, true>(ap_int_base<48, true> const&)' (D:/Xilinx/Vitis_HLS/2022.2/common/technology/autopilot\ap_int_base.h:185:106)
INFO: [HLS 214-131] Inlining function '_ZN8ssdm_intILi49ELb1EEC2EDq49_i' into 'ap_int_base<49, true>::ap_int_base<32, true>(ap_int_base<32, true> const&)' (D:/Xilinx/Vitis_HLS/2022.2/common/technology/autopilot\ap_int_base.h:185:106)
INFO: [HLS 214-131] Inlining function '_ZN8ssdm_intILi49ELb1EEC2EDq49_i' into 'ap_int_base<49, true>::ap_int_base(int)' (D:/Xilinx/Vitis_HLS/2022.2/common/technology/autopilot\ap_int_base.h:214:67)
INFO: [HLS 214-131] Inlining function 'ap_int_base<49, true>::ap_int_base<48, true>(ap_int_base<48, true> const&)' into 'ap_int_base<48, true>::RType<32, true>::plus operator+<48, true, 32, true>(ap_int_base<48, true> const&, ap_int_base<32, true> const&)' (D:/Xilinx/Vitis_HLS/2022.2/common/technology/autopilot\ap_int_base.h:1495:339)
INFO: [HLS 214-131] Inlining function 'ap_int_base<49, true>::ap_int_base(int)' into 'ap_int_base<48, true>::RType<32, true>::plus operator+<48, true, 32, true>(ap_int_base<48, true> const&, ap_int_base<32, true> const&)' (D:/Xilinx/Vitis_HLS/2022.2/common/technology/autopilot\ap_int_base.h:1495:516)
INFO: [HLS 214-131] Inlining function 'ap_int_base<49, true>::ap_int_base<32, true>(ap_int_base<32, true> const&)' into 'ap_int_base<48, true>::RType<32, true>::plus operator+<48, true, 32, true>(ap_int_base<48, true> const&, ap_int_base<32, true> const&)' (D:/Xilinx/Vitis_HLS/2022.2/common/technology/autopilot\ap_int_base.h:1495:427)
INFO: [HLS 214-131] Inlining function 'ap_int_base<32, true>::ap_int_base(int)' into 'ap_int_base<48, true>::RType<($_0)32, true>::plus operator+<48, true>(ap_int_base<48, true> const&, int)' (D:/Xilinx/Vitis_HLS/2022.2/common/technology/autopilot\ap_int_base.h:1633:1006)
INFO: [HLS 214-131] Inlining function 'ap_int_base<48, true>::RType<32, true>::plus operator+<48, true, 32, true>(ap_int_base<48, true> const&, ap_int_base<32, true> const&)' into 'ap_int_base<48, true>::RType<($_0)32, true>::plus operator+<48, true>(ap_int_base<48, true> const&, int)' (D:/Xilinx/Vitis_HLS/2022.2/common/technology/autopilot\ap_int_base.h:1633:1004)
INFO: [HLS 214-131] Inlining function '_ZN8ssdm_intILi65ELb1EEC2EDq65_i' into 'ap_int_base<65, true>::ap_int_base<49, true>(ap_int_base<49, true> const&)' (D:/Xilinx/Vitis_HLS/2022.2/common/technology/autopilot\ap_int_base.h:185:106)
INFO: [HLS 214-131] Inlining function '_ZN8ssdm_intILi65ELb1EEC2EDq65_i' into 'ap_int_base<65, true>::ap_int_base<16, false>(ap_int_base<16, false> const&)' (D:/Xilinx/Vitis_HLS/2022.2/common/technology/autopilot\ap_int_base.h:185:106)
INFO: [HLS 214-131] Inlining function '_ZN8ssdm_intILi65ELb1EEC2EDq65_i' into 'ap_int_base<65, true>::ap_int_base(int)' (D:/Xilinx/Vitis_HLS/2022.2/common/technology/autopilot\ap_int_base.h:214:67)
INFO: [HLS 214-131] Inlining function 'ap_int_base<65, true>::ap_int_base<49, true>(ap_int_base<49, true> const&)' into 'ap_int_base<49, true>::RType<16, false>::mult operator*<49, true, 16, false>(ap_int_base<49, true> const&, ap_int_base<16, false> const&)' (D:/Xilinx/Vitis_HLS/2022.2/common/technology/autopilot\ap_int_base.h:1494:339)
INFO: [HLS 214-131] Inlining function 'ap_int_base<65, true>::ap_int_base(int)' into 'ap_int_base<49, true>::RType<16, false>::mult operator*<49, true, 16, false>(ap_int_base<49, true> const&, ap_int_base<16, false> const&)' (D:/Xilinx/Vitis_HLS/2022.2/common/technology/autopilot\ap_int_base.h:1494:516)
INFO: [HLS 214-131] Inlining function 'ap_int_base<65, true>::ap_int_base<16, false>(ap_int_base<16, false> const&)' into 'ap_int_base<49, true>::RType<16, false>::mult operator*<49, true, 16, false>(ap_int_base<49, true> const&, ap_int_base<16, false> const&)' (D:/Xilinx/Vitis_HLS/2022.2/common/technology/autopilot\ap_int_base.h:1494:427)
INFO: [HLS 214-131] Inlining function '_ZN8ssdm_intILi66ELb1EEC2EDq66_i' into 'ap_int_base<66, true>::ap_int_base<65, true>(ap_int_base<65, true> const&)' (D:/Xilinx/Vitis_HLS/2022.2/common/technology/autopilot\ap_int_base.h:185:106)
INFO: [HLS 214-131] Inlining function '_ZN8ssdm_intILi66ELb1EEC2EDq66_i' into 'ap_int_base<66, true>::ap_int_base<32, true>(ap_int_base<32, true> const&)' (D:/Xilinx/Vitis_HLS/2022.2/common/technology/autopilot\ap_int_base.h:185:106)
INFO: [HLS 214-131] Inlining function '_ZN8ssdm_intILi66ELb1EEC2EDq66_i' into 'ap_int_base<66, true>::ap_int_base(int)' (D:/Xilinx/Vitis_HLS/2022.2/common/technology/autopilot\ap_int_base.h:214:67)
INFO: [HLS 214-131] Inlining function 'ap_int_base<66, true>::ap_int_base<65, true>(ap_int_base<65, true> const&)' into 'ap_int_base<65, true>::RType<32, true>::plus operator+<65, true, 32, true>(ap_int_base<65, true> const&, ap_int_base<32, true> const&)' (D:/Xilinx/Vitis_HLS/2022.2/common/technology/autopilot\ap_int_base.h:1495:339)
INFO: [HLS 214-131] Inlining function 'ap_int_base<66, true>::ap_int_base(int)' into 'ap_int_base<65, true>::RType<32, true>::plus operator+<65, true, 32, true>(ap_int_base<65, true> const&, ap_int_base<32, true> const&)' (D:/Xilinx/Vitis_HLS/2022.2/common/technology/autopilot\ap_int_base.h:1495:516)
INFO: [HLS 214-131] Inlining function 'ap_int_base<66, true>::ap_int_base<32, true>(ap_int_base<32, true> const&)' into 'ap_int_base<65, true>::RType<32, true>::plus operator+<65, true, 32, true>(ap_int_base<65, true> const&, ap_int_base<32, true> const&)' (D:/Xilinx/Vitis_HLS/2022.2/common/technology/autopilot\ap_int_base.h:1495:427)
INFO: [HLS 214-131] Inlining function 'ap_int_base<32, true>::ap_int_base(int)' into 'ap_int_base<65, true>::RType<($_0)32, true>::plus operator+<65, true>(ap_int_base<65, true> const&, int)' (D:/Xilinx/Vitis_HLS/2022.2/common/technology/autopilot\ap_int_base.h:1633:1006)
INFO: [HLS 214-131] Inlining function 'ap_int_base<65, true>::RType<32, true>::plus operator+<65, true, 32, true>(ap_int_base<65, true> const&, ap_int_base<32, true> const&)' into 'ap_int_base<65, true>::RType<($_0)32, true>::plus operator+<65, true>(ap_int_base<65, true> const&, int)' (D:/Xilinx/Vitis_HLS/2022.2/common/technology/autopilot\ap_int_base.h:1633:1004)
INFO: [HLS 214-131] Inlining function '_ZN8ssdm_intILi56ELb1EEC2EDq56_i' into 'ap_int_base<56, true>::ap_int_base<48, true>(ap_int_base<48, true> const&)' (D:/Xilinx/Vitis_HLS/2022.2/common/technology/autopilot\ap_int_base.h:185:106)
INFO: [HLS 214-131] Inlining function '_ZN8ssdm_intILi56ELb1EEC2EDq56_i' into 'ap_int_base<56, true>::ap_int_base<8, false>(ap_int_base<8, false> const&)' (D:/Xilinx/Vitis_HLS/2022.2/common/technology/autopilot\ap_int_base.h:185:106)
INFO: [HLS 214-131] Inlining function '_ZN8ssdm_intILi56ELb1EEC2EDq56_i' into 'ap_int_base<56, true>::ap_int_base(int)' (D:/Xilinx/Vitis_HLS/2022.2/common/technology/autopilot\ap_int_base.h:214:67)
INFO: [HLS 214-131] Inlining function 'ap_int_base<56, true>::ap_int_base<48, true>(ap_int_base<48, true> const&)' into 'ap_int_base<48, true>::RType<8, false>::mult operator*<48, true, 8, false>(ap_int_base<48, true> const&, ap_int_base<8, false> const&)' (D:/Xilinx/Vitis_HLS/2022.2/common/technology/autopilot\ap_int_base.h:1494:339)
INFO: [HLS 214-131] Inlining function 'ap_int_base<56, true>::ap_int_base(int)' into 'ap_int_base<48, true>::RType<8, false>::mult operator*<48, true, 8, false>(ap_int_base<48, true> const&, ap_int_base<8, false> const&)' (D:/Xilinx/Vitis_HLS/2022.2/common/technology/autopilot\ap_int_base.h:1494:516)
INFO: [HLS 214-131] Inlining function 'ap_int_base<56, true>::ap_int_base<8, false>(ap_int_base<8, false> const&)' into 'ap_int_base<48, true>::RType<8, false>::mult operator*<48, true, 8, false>(ap_int_base<48, true> const&, ap_int_base<8, false> const&)' (D:/Xilinx/Vitis_HLS/2022.2/common/technology/autopilot\ap_int_base.h:1494:427)
INFO: [HLS 214-131] Inlining function 'ssdm_int<64, true>::ssdm_int(long)' into 'ap_int_base<64, true>::ap_int_base<56, true>(ap_int_base<56, true> const&)' (D:/Xilinx/Vitis_HLS/2022.2/common/technology/autopilot\ap_int_base.h:185:106)
INFO: [HLS 214-131] Inlining function 'ssdm_int<64, true>::ssdm_int(long)' into 'ap_int_base<64, true>::ap_int_base<8, false>(ap_int_base<8, false> const&)' (D:/Xilinx/Vitis_HLS/2022.2/common/technology/autopilot\ap_int_base.h:185:106)
INFO: [HLS 214-131] Inlining function 'ssdm_int<64, true>::ssdm_int(long)' into 'ap_int_base<64, true>::ap_int_base(int)' (D:/Xilinx/Vitis_HLS/2022.2/common/technology/autopilot\ap_int_base.h:214:67)
INFO: [HLS 214-131] Inlining function 'ap_int_base<64, true>::ap_int_base<56, true>(ap_int_base<56, true> const&)' into 'ap_int_base<56, true>::RType<8, false>::mult operator*<56, true, 8, false>(ap_int_base<56, true> const&, ap_int_base<8, false> const&)' (D:/Xilinx/Vitis_HLS/2022.2/common/technology/autopilot\ap_int_base.h:1494:339)
INFO: [HLS 214-131] Inlining function 'ap_int_base<64, true>::ap_int_base(int)' into 'ap_int_base<56, true>::RType<8, false>::mult operator*<56, true, 8, false>(ap_int_base<56, true> const&, ap_int_base<8, false> const&)' (D:/Xilinx/Vitis_HLS/2022.2/common/technology/autopilot\ap_int_base.h:1494:516)
INFO: [HLS 214-131] Inlining function 'ap_int_base<64, true>::ap_int_base<8, false>(ap_int_base<8, false> const&)' into 'ap_int_base<56, true>::RType<8, false>::mult operator*<56, true, 8, false>(ap_int_base<56, true> const&, ap_int_base<8, false> const&)' (D:/Xilinx/Vitis_HLS/2022.2/common/technology/autopilot\ap_int_base.h:1494:427)
INFO: [HLS 214-131] Inlining function '_ZN8ssdm_intILi48ELb1EEC2EDq48_i' into 'ap_int_base<48, true>::ap_int_base<40, true>(ap_int_base<40, true> const&)' (D:/Xilinx/Vitis_HLS/2022.2/common/technology/autopilot\ap_int_base.h:185:106)
INFO: [HLS 214-131] Inlining function '_ZN8ssdm_intILi48ELb1EEC2EDq48_i' into 'ap_int_base<48, true>::ap_int_base<8, false>(ap_int_base<8, false> const&)' (D:/Xilinx/Vitis_HLS/2022.2/common/technology/autopilot\ap_int_base.h:185:106)
INFO: [HLS 214-131] Inlining function 'ap_int_base<48, true>::ap_int_base<40, true>(ap_int_base<40, true> const&)' into 'ap_int_base<40, true>::RType<8, false>::mult operator*<40, true, 8, false>(ap_int_base<40, true> const&, ap_int_base<8, false> const&)' (D:/Xilinx/Vitis_HLS/2022.2/common/technology/autopilot\ap_int_base.h:1494:339)
INFO: [HLS 214-131] Inlining function 'ap_int_base<48, true>::ap_int_base(int)' into 'ap_int_base<40, true>::RType<8, false>::mult operator*<40, true, 8, false>(ap_int_base<40, true> const&, ap_int_base<8, false> const&)' (D:/Xilinx/Vitis_HLS/2022.2/common/technology/autopilot\ap_int_base.h:1494:516)
INFO: [HLS 214-131] Inlining function 'ap_int_base<48, true>::ap_int_base<8, false>(ap_int_base<8, false> const&)' into 'ap_int_base<40, true>::RType<8, false>::mult operator*<40, true, 8, false>(ap_int_base<40, true> const&, ap_int_base<8, false> const&)' (D:/Xilinx/Vitis_HLS/2022.2/common/technology/autopilot\ap_int_base.h:1494:427)
INFO: [HLS 214-131] Inlining function '_ZN8ssdm_intILi65ELb1EEC2EDq65_i' into 'ap_int_base<65, true>::ap_int_base<64, true>(ap_int_base<64, true> const&)' (D:/Xilinx/Vitis_HLS/2022.2/common/technology/autopilot\ap_int_base.h:185:106)
INFO: [HLS 214-131] Inlining function '_ZN8ssdm_intILi65ELb1EEC2EDq65_i' into 'ap_int_base<65, true>::ap_int_base<48, true>(ap_int_base<48, true> const&)' (D:/Xilinx/Vitis_HLS/2022.2/common/technology/autopilot\ap_int_base.h:185:106)
INFO: [HLS 214-131] Inlining function 'ap_int_base<65, true>::ap_int_base<64, true>(ap_int_base<64, true> const&)' into 'ap_int_base<64, true>::RType<48, true>::plus operator+<64, true, 48, true>(ap_int_base<64, true> const&, ap_int_base<48, true> const&)' (D:/Xilinx/Vitis_HLS/2022.2/common/technology/autopilot\ap_int_base.h:1495:339)
INFO: [HLS 214-131] Inlining function 'ap_int_base<65, true>::ap_int_base(int)' into 'ap_int_base<64, true>::RType<48, true>::plus operator+<64, true, 48, true>(ap_int_base<64, true> const&, ap_int_base<48, true> const&)' (D:/Xilinx/Vitis_HLS/2022.2/common/technology/autopilot\ap_int_base.h:1495:516)
INFO: [HLS 214-131] Inlining function 'ap_int_base<65, true>::ap_int_base<48, true>(ap_int_base<48, true> const&)' into 'ap_int_base<64, true>::RType<48, true>::plus operator+<64, true, 48, true>(ap_int_base<64, true> const&, ap_int_base<48, true> const&)' (D:/Xilinx/Vitis_HLS/2022.2/common/technology/autopilot\ap_int_base.h:1495:427)
INFO: [HLS 214-131] Inlining function 'ssdm_int<32, true>::ssdm_int(int)' into 'ap_int_base<32, true>::ap_int_base<8, true>(ap_int_base<8, true> const&)' (D:/Xilinx/Vitis_HLS/2022.2/common/technology/autopilot\ap_int_base.h:185:106)
INFO: [HLS 214-131] Inlining function 'ap_int_base<32, true>::ap_int_base<8, true>(ap_int_base<8, true> const&)' into 'ap_int<32>::ap_int<8>(ap_int<8> const&)'
INFO: [HLS 214-131] Inlining function 'ssdm_int<64, true>::ssdm_int(long)' into 'ap_int_base<64, true>::ap_int_base<32, true>(ap_int_base<32, true> const&)' (D:/Xilinx/Vitis_HLS/2022.2/common/technology/autopilot\ap_int_base.h:185:106)
INFO: [HLS 214-131] Inlining function 'ap_int_base<64, true>::ap_int_base<32, true>(ap_int_base<32, true> const&)' into 'ap_int_base<32, true>::RType<32, true>::mult operator*<32, true, 32, true>(ap_int_base<32, true> const&, ap_int_base<32, true> const&)' (D:/Xilinx/Vitis_HLS/2022.2/common/technology/autopilot\ap_int_base.h:1494:339)
INFO: [HLS 214-131] Inlining function 'ap_int_base<64, true>::ap_int_base(int)' into 'ap_int_base<32, true>::RType<32, true>::mult operator*<32, true, 32, true>(ap_int_base<32, true> const&, ap_int_base<32, true> const&)' (D:/Xilinx/Vitis_HLS/2022.2/common/technology/autopilot\ap_int_base.h:1494:516)
INFO: [HLS 214-131] Inlining function 'ap_int_base<64, true>::ap_int_base<32, true>(ap_int_base<32, true> const&)' into 'ap_int_base<32, true>::RType<32, true>::mult operator*<32, true, 32, true>(ap_int_base<32, true> const&, ap_int_base<32, true> const&)' (D:/Xilinx/Vitis_HLS/2022.2/common/technology/autopilot\ap_int_base.h:1494:427)
INFO: [HLS 214-131] Inlining function '_ZN8ssdm_intILi33ELb1EEC2EDq33_i' into 'ap_int_base<33, true>::ap_int_base<32, true>(ap_int_base<32, true> const&)' (D:/Xilinx/Vitis_HLS/2022.2/common/technology/autopilot\ap_int_base.h:185:106)
INFO: [HLS 214-131] Inlining function '_ZN8ssdm_intILi33ELb1EEC2EDq33_i' into 'ap_int_base<33, true>::ap_int_base(int)' (D:/Xilinx/Vitis_HLS/2022.2/common/technology/autopilot\ap_int_base.h:214:67)
INFO: [HLS 214-131] Inlining function 'ap_int_base<33, true>::ap_int_base<32, true>(ap_int_base<32, true> const&)' into 'ap_int_base<32, true>::RType<32, true>::minus operator-<32, true, 32, true>(ap_int_base<32, true> const&, ap_int_base<32, true> const&)' (D:/Xilinx/Vitis_HLS/2022.2/common/technology/autopilot\ap_int_base.h:1496:341)
INFO: [HLS 214-131] Inlining function 'ap_int_base<33, true>::ap_int_base(int)' into 'ap_int_base<32, true>::RType<32, true>::minus operator-<32, true, 32, true>(ap_int_base<32, true> const&, ap_int_base<32, true> const&)' (D:/Xilinx/Vitis_HLS/2022.2/common/technology/autopilot\ap_int_base.h:1496:520)
INFO: [HLS 214-131] Inlining function 'ap_int_base<33, true>::ap_int_base<32, true>(ap_int_base<32, true> const&)' into 'ap_int_base<32, true>::RType<32, true>::minus operator-<32, true, 32, true>(ap_int_base<32, true> const&, ap_int_base<32, true> const&)' (D:/Xilinx/Vitis_HLS/2022.2/common/technology/autopilot\ap_int_base.h:1496:430)
INFO: [HLS 214-131] Inlining function 'ssdm_int<32, true>::ssdm_int(int)' into 'ap_int_base<32, true>::ap_int_base<33, true>(ap_int_base<33, true> const&)' (D:/Xilinx/Vitis_HLS/2022.2/common/technology/autopilot\ap_int_base.h:185:106)
INFO: [HLS 214-131] Inlining function 'ap_int_base<32, true>::ap_int_base<33, true>(ap_int_base<33, true> const&)' into 'ap_int<32>::ap_int<33>(ap_int<33> const&)'
INFO: [HLS 214-131] Inlining function 'ap_int_base<65, true>::ap_int_base(int)' into 'ap_int_base<64, true>::RType<32, true>::div operator/<64, true, 32, true>(ap_int_base<64, true> const&, ap_int_base<32, true> const&)' (D:/Xilinx/Vitis_HLS/2022.2/common/technology/autopilot\ap_int_base.h:1513:337)
INFO: [HLS 214-131] Inlining function 'ap_int_base<32, true>::ap_int_base(int)' into 'ap_int_base<64, true>::RType<($_0)32, true>::div operator/<64, true>(ap_int_base<64, true> const&, int)' (D:/Xilinx/Vitis_HLS/2022.2/common/technology/autopilot\ap_int_base.h:1633:2052)
INFO: [HLS 214-131] Inlining function 'ap_int_base<64, true>::RType<32, true>::div operator/<64, true, 32, true>(ap_int_base<64, true> const&, ap_int_base<32, true> const&)' into 'ap_int_base<64, true>::RType<($_0)32, true>::div operator/<64, true>(ap_int_base<64, true> const&, int)' (D:/Xilinx/Vitis_HLS/2022.2/common/technology/autopilot\ap_int_base.h:1633:2050)
INFO: [HLS 214-131] Inlining function 'ssdm_int<32, true>::ssdm_int(int)' into 'ap_int_base<32, true>::ap_int_base<65, true>(ap_int_base<65, true> const&)' (D:/Xilinx/Vitis_HLS/2022.2/common/technology/autopilot\ap_int_base.h:185:106)
INFO: [HLS 214-131] Inlining function 'ap_int_base<32, true>::ap_int_base<65, true>(ap_int_base<65, true> const&)' into 'ap_int<32>::ap_int<65>(ap_int<65> const&)'
INFO: [HLS 214-131] Inlining function 'ap_int_base<32, true>::ap_int_base(int)' into 'bool operator><32, true>(ap_int_base<32, true> const&, int)' (D:/Xilinx/Vitis_HLS/2022.2/common/technology/autopilot\ap_int_base.h:1788:337)
INFO: [HLS 214-131] Inlining function 'bool ap_int_base<32, true>::operator><32, true>(ap_int_base<32, true> const&) const' into 'bool operator><32, true>(ap_int_base<32, true> const&, int)' (D:/Xilinx/Vitis_HLS/2022.2/common/technology/autopilot\ap_int_base.h:1788:335)
INFO: [HLS 214-131] Inlining function 'ap_int_base<33, true>::ap_int_base(int)' into 'ap_int_base<32, true>::RType<32, true>::div operator/<32, true, 32, true>(ap_int_base<32, true> const&, ap_int_base<32, true> const&)' (D:/Xilinx/Vitis_HLS/2022.2/common/technology/autopilot\ap_int_base.h:1513:337)
INFO: [HLS 214-131] Inlining function 'ap_int_base<32, true>::ap_int_base(int)' into 'ap_int_base<32, true>::RType<($_0)32, true>::div operator/<32, true>(ap_int_base<32, true> const&, int)' (D:/Xilinx/Vitis_HLS/2022.2/common/technology/autopilot\ap_int_base.h:1633:2052)
INFO: [HLS 214-131] Inlining function 'ap_int_base<32, true>::RType<32, true>::div operator/<32, true, 32, true>(ap_int_base<32, true> const&, ap_int_base<32, true> const&)' into 'ap_int_base<32, true>::RType<($_0)32, true>::div operator/<32, true>(ap_int_base<32, true> const&, int)' (D:/Xilinx/Vitis_HLS/2022.2/common/technology/autopilot\ap_int_base.h:1633:2050)
INFO: [HLS 214-131] Inlining function 'ssdm_int<8, true>::ssdm_int(signed char)' into 'ap_int_base<8, true>::ap_int_base<33, true>(ap_int_base<33, true> const&)' (D:/Xilinx/Vitis_HLS/2022.2/common/technology/autopilot\ap_int_base.h:185:106)
INFO: [HLS 214-131] Inlining function 'ap_int_base<8, true>::ap_int_base<33, true>(ap_int_base<33, true> const&)' into 'ap_int<8>::ap_int<33>(ap_int<33> const&)'
INFO: [HLS 214-131] Inlining function 'ssdm_int<64, true>::ssdm_int(long)' into 'ap_int_base<64, true>::ap_int_base<48, true>(ap_int_base<48, true> const&)' (D:/Xilinx/Vitis_HLS/2022.2/common/technology/autopilot\ap_int_base.h:185:106)
INFO: [HLS 214-131] Inlining function 'ssdm_int<64, true>::ssdm_int(long)' into 'ap_int_base<64, true>::ap_int_base<16, false>(ap_int_base<16, false> const&)' (D:/Xilinx/Vitis_HLS/2022.2/common/technology/autopilot\ap_int_base.h:185:106)
INFO: [HLS 214-131] Inlining function 'ap_int_base<64, true>::ap_int_base<48, true>(ap_int_base<48, true> const&)' into 'ap_int_base<48, true>::RType<16, false>::mult operator*<48, true, 16, false>(ap_int_base<48, true> const&, ap_int_base<16, false> const&)' (D:/Xilinx/Vitis_HLS/2022.2/common/technology/autopilot\ap_int_base.h:1494:339)
INFO: [HLS 214-131] Inlining function 'ap_int_base<64, true>::ap_int_base(int)' into 'ap_int_base<48, true>::RType<16, false>::mult operator*<48, true, 16, false>(ap_int_base<48, true> const&, ap_int_base<16, false> const&)' (D:/Xilinx/Vitis_HLS/2022.2/common/technology/autopilot\ap_int_base.h:1494:516)
INFO: [HLS 214-131] Inlining function 'ap_int_base<64, true>::ap_int_base<16, false>(ap_int_base<16, false> const&)' into 'ap_int_base<48, true>::RType<16, false>::mult operator*<48, true, 16, false>(ap_int_base<48, true> const&, ap_int_base<16, false> const&)' (D:/Xilinx/Vitis_HLS/2022.2/common/technology/autopilot\ap_int_base.h:1494:427)
INFO: [HLS 214-131] Inlining function 'ap_int_base<8, false>::RType<($_0)32, true>::mult operator*<8, false>(int, ap_int_base<8, false> const&)' into 'initial_conv_bn_relu(ap_uint<16>, ap_uint<16>, ap_uint<16>, ap_uint<16>, ap_uint<8>, ap_uint<8>, ap_uint<8>, ap_uint<8>, ap_uint<8>, ap_uint<8>, ap_int<8>*, ap_int<8>*, ap_int<8>*, ap_int<8>*, ap_int<8>*, ap_int<8>*, ap_int<8>*)' (../ip/Ip1/initial_conv_bn_relu.cpp:63:38)
INFO: [HLS 214-131] Inlining function 'ap_int_base<66, true>::operator long long() const' into 'initial_conv_bn_relu(ap_uint<16>, ap_uint<16>, ap_uint<16>, ap_uint<16>, ap_uint<8>, ap_uint<8>, ap_uint<8>, ap_uint<8>, ap_uint<8>, ap_uint<8>, ap_int<8>*, ap_int<8>*, ap_int<8>*, ap_int<8>*, ap_int<8>*, ap_int<8>*, ap_int<8>*)' (../ip/Ip1/initial_conv_bn_relu.cpp:126:29)
INFO: [HLS 214-131] Inlining function 'ap_int_base<65, true>::RType<($_0)32, true>::plus operator+<65, true>(ap_int_base<65, true> const&, int)' into 'initial_conv_bn_relu(ap_uint<16>, ap_uint<16>, ap_uint<16>, ap_uint<16>, ap_uint<8>, ap_uint<8>, ap_uint<8>, ap_uint<8>, ap_uint<8>, ap_uint<8>, ap_int<8>*, ap_int<8>*, ap_int<8>*, ap_int<8>*, ap_int<8>*, ap_int<8>*, ap_int<8>*)' (../ip/Ip1/initial_conv_bn_relu.cpp:126:74)
INFO: [HLS 214-131] Inlining function 'ap_int_base<64, true>::RType<48, true>::plus operator+<64, true, 48, true>(ap_int_base<64, true> const&, ap_int_base<48, true> const&)' into 'initial_conv_bn_relu(ap_uint<16>, ap_uint<16>, ap_uint<16>, ap_uint<16>, ap_uint<8>, ap_uint<8>, ap_uint<8>, ap_uint<8>, ap_uint<8>, ap_uint<8>, ap_int<8>*, ap_int<8>*, ap_int<8>*, ap_int<8>*, ap_int<8>*, ap_int<8>*, ap_int<8>*)' (../ip/Ip1/initial_conv_bn_relu.cpp:126:57)
INFO: [HLS 214-131] Inlining function 'ap_int_base<16, false>::RType<($_0)32, true>::mult operator*<16, false>(int, ap_int_base<16, false> const&)' into 'initial_conv_bn_relu(ap_uint<16>, ap_uint<16>, ap_uint<16>, ap_uint<16>, ap_uint<8>, ap_uint<8>, ap_uint<8>, ap_uint<8>, ap_uint<8>, ap_uint<8>, ap_int<8>*, ap_int<8>*, ap_int<8>*, ap_int<8>*, ap_int<8>*, ap_int<8>*, ap_int<8>*)' (../ip/Ip1/initial_conv_bn_relu.cpp:126:66)
INFO: [HLS 214-131] Inlining function 'ap_int_base<48, true>::RType<16, false>::mult operator*<48, true, 16, false>(ap_int_base<48, true> const&, ap_int_base<16, false> const&)' into 'initial_conv_bn_relu(ap_uint<16>, ap_uint<16>, ap_uint<16>, ap_uint<16>, ap_uint<8>, ap_uint<8>, ap_uint<8>, ap_uint<8>, ap_uint<8>, ap_uint<8>, ap_int<8>*, ap_int<8>*, ap_int<8>*, ap_int<8>*, ap_int<8>*, ap_int<8>*, ap_int<8>*)' (../ip/Ip1/initial_conv_bn_relu.cpp:126:49)
INFO: [HLS 214-131] Inlining function 'ap_int_base<16, false>::RType<($_0)32, true>::mult operator*<16, false>(int, ap_int_base<16, false> const&)' into 'initial_conv_bn_relu(ap_uint<16>, ap_uint<16>, ap_uint<16>, ap_uint<16>, ap_uint<8>, ap_uint<8>, ap_uint<8>, ap_uint<8>, ap_uint<8>, ap_uint<8>, ap_int<8>*, ap_int<8>*, ap_int<8>*, ap_int<8>*, ap_int<8>*, ap_int<8>*, ap_int<8>*)' (../ip/Ip1/initial_conv_bn_relu.cpp:126:36)
INFO: [HLS 214-131] Inlining function 'bool ap_int_base<8, true>::operator><8, true>(ap_int_base<8, true> const&) const' into 'initial_conv_bn_relu(ap_uint<16>, ap_uint<16>, ap_uint<16>, ap_uint<16>, ap_uint<8>, ap_uint<8>, ap_uint<8>, ap_uint<8>, ap_uint<8>, ap_uint<8>, ap_int<8>*, ap_int<8>*, ap_int<8>*, ap_int<8>*, ap_int<8>*, ap_int<8>*, ap_int<8>*)' (../ip/Ip1/initial_conv_bn_relu.cpp:119:41)
INFO: [HLS 214-131] Inlining function 'ap_int_base<32, true>::RType<($_0)32, true>::div operator/<32, true>(ap_int_base<32, true> const&, int)' into 'initial_conv_bn_relu(ap_uint<16>, ap_uint<16>, ap_uint<16>, ap_uint<16>, ap_uint<8>, ap_uint<8>, ap_uint<8>, ap_uint<8>, ap_uint<8>, ap_uint<8>, ap_int<8>*, ap_int<8>*, ap_int<8>*, ap_int<8>*, ap_int<8>*, ap_int<8>*, ap_int<8>*)' (../ip/Ip1/initial_conv_bn_relu.cpp:116:73)
INFO: [HLS 214-131] Inlining function 'bool operator><32, true>(ap_int_base<32, true> const&, int)' into 'initial_conv_bn_relu(ap_uint<16>, ap_uint<16>, ap_uint<16>, ap_uint<16>, ap_uint<8>, ap_uint<8>, ap_uint<8>, ap_uint<8>, ap_uint<8>, ap_uint<8>, ap_int<8>*, ap_int<8>*, ap_int<8>*, ap_int<8>*, ap_int<8>*, ap_int<8>*, ap_int<8>*)' (../ip/Ip1/initial_conv_bn_relu.cpp:116:52)
INFO: [HLS 214-131] Inlining function 'ap_int_base<32, true>& ap_int_base<32, true>::operator+=<32, true>(ap_int_base<32, true> const&)' into 'initial_conv_bn_relu(ap_uint<16>, ap_uint<16>, ap_uint<16>, ap_uint<16>, ap_uint<8>, ap_uint<8>, ap_uint<8>, ap_uint<8>, ap_uint<8>, ap_uint<8>, ap_int<8>*, ap_int<8>*, ap_int<8>*, ap_int<8>*, ap_int<8>*, ap_int<8>*, ap_int<8>*)' (../ip/Ip1/initial_conv_bn_relu.cpp:113:29)
INFO: [HLS 214-131] Inlining function 'ap_int_base<64, true>::RType<($_0)32, true>::div operator/<64, true>(ap_int_base<64, true> const&, int)' into 'initial_conv_bn_relu(ap_uint<16>, ap_uint<16>, ap_uint<16>, ap_uint<16>, ap_uint<8>, ap_uint<8>, ap_uint<8>, ap_uint<8>, ap_uint<8>, ap_uint<8>, ap_int<8>*, ap_int<8>*, ap_int<8>*, ap_int<8>*, ap_int<8>*, ap_int<8>*, ap_int<8>*)' (../ip/Ip1/initial_conv_bn_relu.cpp:112:64)
INFO: [HLS 214-131] Inlining function 'ap_int_base<32, true>::RType<32, true>::mult operator*<32, true, 32, true>(ap_int_base<32, true> const&, ap_int_base<32, true> const&)' into 'initial_conv_bn_relu(ap_uint<16>, ap_uint<16>, ap_uint<16>, ap_uint<16>, ap_uint<8>, ap_uint<8>, ap_uint<8>, ap_uint<8>, ap_uint<8>, ap_uint<8>, ap_int<8>*, ap_int<8>*, ap_int<8>*, ap_int<8>*, ap_int<8>*, ap_int<8>*, ap_int<8>*)' (../ip/Ip1/initial_conv_bn_relu.cpp:112:35)
INFO: [HLS 214-131] Inlining function 'ap_int_base<32, true>::RType<32, true>::minus operator-<32, true, 32, true>(ap_int_base<32, true> const&, ap_int_base<32, true> const&)' into 'initial_conv_bn_relu(ap_uint<16>, ap_uint<16>, ap_uint<16>, ap_uint<16>, ap_uint<8>, ap_uint<8>, ap_uint<8>, ap_uint<8>, ap_uint<8>, ap_uint<8>, ap_int<8>*, ap_int<8>*, ap_int<8>*, ap_int<8>*, ap_int<8>*, ap_int<8>*, ap_int<8>*)' (../ip/Ip1/initial_conv_bn_relu.cpp:111:45)
INFO: [HLS 214-131] Inlining function 'ap_int_base<32, true>& ap_int_base<32, true>::operator+=<64, true>(ap_int_base<64, true> const&)' into 'initial_conv_bn_relu(ap_uint<16>, ap_uint<16>, ap_uint<16>, ap_uint<16>, ap_uint<8>, ap_uint<8>, ap_uint<8>, ap_uint<8>, ap_uint<8>, ap_uint<8>, ap_int<8>*, ap_int<8>*, ap_int<8>*, ap_int<8>*, ap_int<8>*, ap_int<8>*, ap_int<8>*)' (../ip/Ip1/initial_conv_bn_relu.cpp:106:37)
INFO: [HLS 214-131] Inlining function 'ap_int_base<32, true>::RType<32, true>::mult operator*<32, true, 32, true>(ap_int_base<32, true> const&, ap_int_base<32, true> const&)' into 'initial_conv_bn_relu(ap_uint<16>, ap_uint<16>, ap_uint<16>, ap_uint<16>, ap_uint<8>, ap_uint<8>, ap_uint<8>, ap_uint<8>, ap_uint<8>, ap_uint<8>, ap_int<8>*, ap_int<8>*, ap_int<8>*, ap_int<8>*, ap_int<8>*, ap_int<8>*, ap_int<8>*)' (../ip/Ip1/initial_conv_bn_relu.cpp:106:73)
INFO: [HLS 214-131] Inlining function 'ap_int_base<66, true>::operator long long() const' into 'initial_conv_bn_relu(ap_uint<16>, ap_uint<16>, ap_uint<16>, ap_uint<16>, ap_uint<8>, ap_uint<8>, ap_uint<8>, ap_uint<8>, ap_uint<8>, ap_uint<8>, ap_int<8>*, ap_int<8>*, ap_int<8>*, ap_int<8>*, ap_int<8>*, ap_int<8>*, ap_int<8>*)' (../ip/Ip1/initial_conv_bn_relu.cpp:103:48)
INFO: [HLS 214-131] Inlining function 'ap_int_base<65, true>::RType<($_0)32, true>::plus operator+<65, true>(ap_int_base<65, true> const&, int)' into 'initial_conv_bn_relu(ap_uint<16>, ap_uint<16>, ap_uint<16>, ap_uint<16>, ap_uint<8>, ap_uint<8>, ap_uint<8>, ap_uint<8>, ap_uint<8>, ap_uint<8>, ap_int<8>*, ap_int<8>*, ap_int<8>*, ap_int<8>*, ap_int<8>*, ap_int<8>*, ap_int<8>*)' (../ip/Ip1/initial_conv_bn_relu.cpp:103:76)
INFO: [HLS 214-131] Inlining function 'ap_int_base<64, true>::RType<48, true>::plus operator+<64, true, 48, true>(ap_int_base<64, true> const&, ap_int_base<48, true> const&)' into 'initial_conv_bn_relu(ap_uint<16>, ap_uint<16>, ap_uint<16>, ap_uint<16>, ap_uint<8>, ap_uint<8>, ap_uint<8>, ap_uint<8>, ap_uint<8>, ap_uint<8>, ap_int<8>*, ap_int<8>*, ap_int<8>*, ap_int<8>*, ap_int<8>*, ap_int<8>*, ap_int<8>*)' (../ip/Ip1/initial_conv_bn_relu.cpp:103:65)
INFO: [HLS 214-131] Inlining function 'ap_int_base<40, true>::RType<8, false>::mult operator*<40, true, 8, false>(ap_int_base<40, true> const&, ap_int_base<8, false> const&)' into 'initial_conv_bn_relu(ap_uint<16>, ap_uint<16>, ap_uint<16>, ap_uint<16>, ap_uint<8>, ap_uint<8>, ap_uint<8>, ap_uint<8>, ap_uint<8>, ap_uint<8>, ap_int<8>*, ap_int<8>*, ap_int<8>*, ap_int<8>*, ap_int<8>*, ap_int<8>*, ap_int<8>*)' (../ip/Ip1/initial_conv_bn_relu.cpp:103:73)
INFO: [HLS 214-131] Inlining function 'ap_int_base<8, false>::RType<($_0)32, true>::mult operator*<8, false>(int, ap_int_base<8, false> const&)' into 'initial_conv_bn_relu(ap_uint<16>, ap_uint<16>, ap_uint<16>, ap_uint<16>, ap_uint<8>, ap_uint<8>, ap_uint<8>, ap_uint<8>, ap_uint<8>, ap_uint<8>, ap_int<8>*, ap_int<8>*, ap_int<8>*, ap_int<8>*, ap_int<8>*, ap_int<8>*, ap_int<8>*)' (../ip/Ip1/initial_conv_bn_relu.cpp:103:71)
INFO: [HLS 214-131] Inlining function 'ap_int_base<56, true>::RType<8, false>::mult operator*<56, true, 8, false>(ap_int_base<56, true> const&, ap_int_base<8, false> const&)' into 'initial_conv_bn_relu(ap_uint<16>, ap_uint<16>, ap_uint<16>, ap_uint<16>, ap_uint<8>, ap_uint<8>, ap_uint<8>, ap_uint<8>, ap_uint<8>, ap_uint<8>, ap_int<8>*, ap_int<8>*, ap_int<8>*, ap_int<8>*, ap_int<8>*, ap_int<8>*, ap_int<8>*)' (../ip/Ip1/initial_conv_bn_relu.cpp:103:62)
INFO: [HLS 214-131] Inlining function 'ap_int_base<48, true>::RType<8, false>::mult operator*<48, true, 8, false>(ap_int_base<48, true> const&, ap_int_base<8, false> const&)' into 'initial_conv_bn_relu(ap_uint<16>, ap_uint<16>, ap_uint<16>, ap_uint<16>, ap_uint<8>, ap_uint<8>, ap_uint<8>, ap_uint<8>, ap_uint<8>, ap_uint<8>, ap_int<8>*, ap_int<8>*, ap_int<8>*, ap_int<8>*, ap_int<8>*, ap_int<8>*, ap_int<8>*)' (../ip/Ip1/initial_conv_bn_relu.cpp:103:60)
INFO: [HLS 214-131] Inlining function 'ap_int_base<16, false>::RType<($_0)32, true>::mult operator*<16, false>(int, ap_int_base<16, false> const&)' into 'initial_conv_bn_relu(ap_uint<16>, ap_uint<16>, ap_uint<16>, ap_uint<16>, ap_uint<8>, ap_uint<8>, ap_uint<8>, ap_uint<8>, ap_uint<8>, ap_uint<8>, ap_int<8>*, ap_int<8>*, ap_int<8>*, ap_int<8>*, ap_int<8>*, ap_int<8>*, ap_int<8>*)' (../ip/Ip1/initial_conv_bn_relu.cpp:103:54)
INFO: [HLS 214-131] Inlining function 'ap_int_base<66, true>::operator long long() const' into 'initial_conv_bn_relu(ap_uint<16>, ap_uint<16>, ap_uint<16>, ap_uint<16>, ap_uint<8>, ap_uint<8>, ap_uint<8>, ap_uint<8>, ap_uint<8>, ap_uint<8>, ap_int<8>*, ap_int<8>*, ap_int<8>*, ap_int<8>*, ap_int<8>*, ap_int<8>*, ap_int<8>*)' (../ip/Ip1/initial_conv_bn_relu.cpp:102:49)
INFO: [HLS 214-131] Inlining function 'ap_int_base<65, true>::RType<($_0)32, true>::plus operator+<65, true>(ap_int_base<65, true> const&, int)' into 'initial_conv_bn_relu(ap_uint<16>, ap_uint<16>, ap_uint<16>, ap_uint<16>, ap_uint<8>, ap_uint<8>, ap_uint<8>, ap_uint<8>, ap_uint<8>, ap_uint<8>, ap_int<8>*, ap_int<8>*, ap_int<8>*, ap_int<8>*, ap_int<8>*, ap_int<8>*, ap_int<8>*)' (../ip/Ip1/initial_conv_bn_relu.cpp:102:77)
INFO: [HLS 214-131] Inlining function 'ap_int_base<49, true>::RType<16, false>::mult operator*<49, true, 16, false>(ap_int_base<49, true> const&, ap_int_base<16, false> const&)' into 'initial_conv_bn_relu(ap_uint<16>, ap_uint<16>, ap_uint<16>, ap_uint<16>, ap_uint<8>, ap_uint<8>, ap_uint<8>, ap_uint<8>, ap_uint<8>, ap_uint<8>, ap_int<8>*, ap_int<8>*, ap_int<8>*, ap_int<8>*, ap_int<8>*, ap_int<8>*, ap_int<8>*)' (../ip/Ip1/initial_conv_bn_relu.cpp:102:70)
INFO: [HLS 214-131] Inlining function 'ap_int_base<48, true>::RType<($_0)32, true>::plus operator+<48, true>(ap_int_base<48, true> const&, int)' into 'initial_conv_bn_relu(ap_uint<16>, ap_uint<16>, ap_uint<16>, ap_uint<16>, ap_uint<8>, ap_uint<8>, ap_uint<8>, ap_uint<8>, ap_uint<8>, ap_uint<8>, ap_int<8>*, ap_int<8>*, ap_int<8>*, ap_int<8>*, ap_int<8>*, ap_int<8>*, ap_int<8>*)' (../ip/Ip1/initial_conv_bn_relu.cpp:102:62)
INFO: [HLS 214-131] Inlining function 'ap_int_base<16, false>::RType<($_0)32, true>::mult operator*<16, false>(int, ap_int_base<16, false> const&)' into 'initial_conv_bn_relu(ap_uint<16>, ap_uint<16>, ap_uint<16>, ap_uint<16>, ap_uint<8>, ap_uint<8>, ap_uint<8>, ap_uint<8>, ap_uint<8>, ap_uint<8>, ap_int<8>*, ap_int<8>*, ap_int<8>*, ap_int<8>*, ap_int<8>*, ap_int<8>*, ap_int<8>*)' (../ip/Ip1/initial_conv_bn_relu.cpp:102:55)
INFO: [HLS 214-131] Inlining function 'bool operator<<16, false>(int, ap_int_base<16, false> const&)' into 'initial_conv_bn_relu(ap_uint<16>, ap_uint<16>, ap_uint<16>, ap_uint<16>, ap_uint<8>, ap_uint<8>, ap_uint<8>, ap_uint<8>, ap_uint<8>, ap_uint<8>, ap_int<8>*, ap_int<8>*, ap_int<8>*, ap_int<8>*, ap_int<8>*, ap_int<8>*, ap_int<8>*)' (../ip/Ip1/initial_conv_bn_relu.cpp:100:79)
INFO: [HLS 214-131] Inlining function 'bool operator<<16, false>(int, ap_int_base<16, false> const&)' into 'initial_conv_bn_relu(ap_uint<16>, ap_uint<16>, ap_uint<16>, ap_uint<16>, ap_uint<8>, ap_uint<8>, ap_uint<8>, ap_uint<8>, ap_uint<8>, ap_uint<8>, ap_int<8>*, ap_int<8>*, ap_int<8>*, ap_int<8>*, ap_int<8>*, ap_int<8>*, ap_int<8>*)' (../ip/Ip1/initial_conv_bn_relu.cpp:100:51)
INFO: [HLS 214-131] Inlining function 'ap_int_base<8, false>::operator unsigned long long() const' into 'initial_conv_bn_relu(ap_uint<16>, ap_uint<16>, ap_uint<16>, ap_uint<16>, ap_uint<8>, ap_uint<8>, ap_uint<8>, ap_uint<8>, ap_uint<8>, ap_uint<8>, ap_int<8>*, ap_int<8>*, ap_int<8>*, ap_int<8>*, ap_int<8>*, ap_int<8>*, ap_int<8>*)' (../ip/Ip1/initial_conv_bn_relu.cpp:94:38)
INFO: [HLS 214-131] Inlining function 'ap_int_base<8, false>::RType<($_0)32, true>::mod operator%<8, false>(int, ap_int_base<8, false> const&)' into 'initial_conv_bn_relu(ap_uint<16>, ap_uint<16>, ap_uint<16>, ap_uint<16>, ap_uint<8>, ap_uint<8>, ap_uint<8>, ap_uint<8>, ap_uint<8>, ap_uint<8>, ap_int<8>*, ap_int<8>*, ap_int<8>*, ap_int<8>*, ap_int<8>*, ap_int<8>*, ap_int<8>*)' (../ip/Ip1/initial_conv_bn_relu.cpp:94:40)
INFO: [HLS 214-131] Inlining function 'ap_int_base<9, true>::operator long long() const' into 'initial_conv_bn_relu(ap_uint<16>, ap_uint<16>, ap_uint<16>, ap_uint<16>, ap_uint<8>, ap_uint<8>, ap_uint<8>, ap_uint<8>, ap_uint<8>, ap_uint<8>, ap_int<8>*, ap_int<8>*, ap_int<8>*, ap_int<8>*, ap_int<8>*, ap_int<8>*, ap_int<8>*)' (../ip/Ip1/initial_conv_bn_relu.cpp:93:38)
INFO: [HLS 214-131] Inlining function 'ap_int_base<8, false>::RType<($_0)32, true>::div operator/<8, false>(int, ap_int_base<8, false> const&)' into 'initial_conv_bn_relu(ap_uint<16>, ap_uint<16>, ap_uint<16>, ap_uint<16>, ap_uint<8>, ap_uint<8>, ap_uint<8>, ap_uint<8>, ap_uint<8>, ap_uint<8>, ap_int<8>*, ap_int<8>*, ap_int<8>*, ap_int<8>*, ap_int<8>*, ap_int<8>*, ap_int<8>*)' (../ip/Ip1/initial_conv_bn_relu.cpp:93:40)
INFO: [HLS 214-131] Inlining function 'ap_int_base<16, false>::operator unsigned long long() const' into 'initial_conv_bn_relu(ap_uint<16>, ap_uint<16>, ap_uint<16>, ap_uint<16>, ap_uint<8>, ap_uint<8>, ap_uint<8>, ap_uint<8>, ap_uint<8>, ap_uint<8>, ap_int<8>*, ap_int<8>*, ap_int<8>*, ap_int<8>*, ap_int<8>*, ap_int<8>*, ap_int<8>*)' (../ip/Ip1/initial_conv_bn_relu.cpp:92:37)
INFO: [HLS 214-131] Inlining function 'ap_int_base<16, false>::RType<($_0)32, true>::mod operator%<16, false>(int, ap_int_base<16, false> const&)' into 'initial_conv_bn_relu(ap_uint<16>, ap_uint<16>, ap_uint<16>, ap_uint<16>, ap_uint<8>, ap_uint<8>, ap_uint<8>, ap_uint<8>, ap_uint<8>, ap_uint<8>, ap_int<8>*, ap_int<8>*, ap_int<8>*, ap_int<8>*, ap_int<8>*, ap_int<8>*, ap_int<8>*)' (../ip/Ip1/initial_conv_bn_relu.cpp:92:40)
INFO: [HLS 214-131] Inlining function 'ap_int_base<8, false>::RType<8, false>::mult operator*<8, false, 8, false>(ap_int_base<8, false> const&, ap_int_base<8, false> const&)' into 'initial_conv_bn_relu(ap_uint<16>, ap_uint<16>, ap_uint<16>, ap_uint<16>, ap_uint<8>, ap_uint<8>, ap_uint<8>, ap_uint<8>, ap_uint<8>, ap_uint<8>, ap_int<8>*, ap_int<8>*, ap_int<8>*, ap_int<8>*, ap_int<8>*, ap_int<8>*, ap_int<8>*)' (../ip/Ip1/initial_conv_bn_relu.cpp:92:44)
INFO: [HLS 214-131] Inlining function 'ap_int_base<17, true>::operator long long() const' into 'initial_conv_bn_relu(ap_uint<16>, ap_uint<16>, ap_uint<16>, ap_uint<16>, ap_uint<8>, ap_uint<8>, ap_uint<8>, ap_uint<8>, ap_uint<8>, ap_uint<8>, ap_int<8>*, ap_int<8>*, ap_int<8>*, ap_int<8>*, ap_int<8>*, ap_int<8>*, ap_int<8>*)' (../ip/Ip1/initial_conv_bn_relu.cpp:91:40)
INFO: [HLS 214-131] Inlining function 'ap_int_base<16, false>::RType<($_0)32, true>::div operator/<16, false>(int, ap_int_base<16, false> const&)' into 'initial_conv_bn_relu(ap_uint<16>, ap_uint<16>, ap_uint<16>, ap_uint<16>, ap_uint<8>, ap_uint<8>, ap_uint<8>, ap_uint<8>, ap_uint<8>, ap_uint<8>, ap_int<8>*, ap_int<8>*, ap_int<8>*, ap_int<8>*, ap_int<8>*, ap_int<8>*, ap_int<8>*)' (../ip/Ip1/initial_conv_bn_relu.cpp:91:43)
INFO: [HLS 214-131] Inlining function 'ap_int_base<8, false>::RType<8, false>::mult operator*<8, false, 8, false>(ap_int_base<8, false> const&, ap_int_base<8, false> const&)' into 'initial_conv_bn_relu(ap_uint<16>, ap_uint<16>, ap_uint<16>, ap_uint<16>, ap_uint<8>, ap_uint<8>, ap_uint<8>, ap_uint<8>, ap_uint<8>, ap_uint<8>, ap_int<8>*, ap_int<8>*, ap_int<8>*, ap_int<8>*, ap_int<8>*, ap_int<8>*, ap_int<8>*)' (../ip/Ip1/initial_conv_bn_relu.cpp:91:47)
INFO: [HLS 214-131] Inlining function 'bool operator<<32, false>(int, ap_int_base<32, false> const&)' into 'initial_conv_bn_relu(ap_uint<16>, ap_uint<16>, ap_uint<16>, ap_uint<16>, ap_uint<8>, ap_uint<8>, ap_uint<8>, ap_uint<8>, ap_uint<8>, ap_uint<8>, ap_int<8>*, ap_int<8>*, ap_int<8>*, ap_int<8>*, ap_int<8>*, ap_int<8>*, ap_int<8>*)' (../ip/Ip1/initial_conv_bn_relu.cpp:90:62)
INFO: [HLS 214-131] Inlining function 'ap_int_base<24, false>::RType<8, false>::mult operator*<24, false, 8, false>(ap_int_base<24, false> const&, ap_int_base<8, false> const&)' into 'initial_conv_bn_relu(ap_uint<16>, ap_uint<16>, ap_uint<16>, ap_uint<16>, ap_uint<8>, ap_uint<8>, ap_uint<8>, ap_uint<8>, ap_uint<8>, ap_uint<8>, ap_int<8>*, ap_int<8>*, ap_int<8>*, ap_int<8>*, ap_int<8>*, ap_int<8>*, ap_int<8>*)' (../ip/Ip1/initial_conv_bn_relu.cpp:90:70)
INFO: [HLS 214-131] Inlining function 'ap_int_base<16, false>::RType<8, false>::mult operator*<16, false, 8, false>(ap_int_base<16, false> const&, ap_int_base<8, false> const&)' into 'initial_conv_bn_relu(ap_uint<16>, ap_uint<16>, ap_uint<16>, ap_uint<16>, ap_uint<8>, ap_uint<8>, ap_uint<8>, ap_uint<8>, ap_uint<8>, ap_uint<8>, ap_int<8>*, ap_int<8>*, ap_int<8>*, ap_int<8>*, ap_int<8>*, ap_int<8>*, ap_int<8>*)' (../ip/Ip1/initial_conv_bn_relu.cpp:90:68)
INFO: [HLS 214-131] Inlining function 'bool operator<<16, false>(int, ap_int_base<16, false> const&)' into 'initial_conv_bn_relu(ap_uint<16>, ap_uint<16>, ap_uint<16>, ap_uint<16>, ap_uint<8>, ap_uint<8>, ap_uint<8>, ap_uint<8>, ap_uint<8>, ap_uint<8>, ap_int<8>*, ap_int<8>*, ap_int<8>*, ap_int<8>*, ap_int<8>*, ap_int<8>*, ap_int<8>*)' (../ip/Ip1/initial_conv_bn_relu.cpp:85:79)
INFO: [HLS 214-131] Inlining function 'bool operator<<16, false>(int, ap_int_base<16, false> const&)' into 'initial_conv_bn_relu(ap_uint<16>, ap_uint<16>, ap_uint<16>, ap_uint<16>, ap_uint<8>, ap_uint<8>, ap_uint<8>, ap_uint<8>, ap_uint<8>, ap_uint<8>, ap_int<8>*, ap_int<8>*, ap_int<8>*, ap_int<8>*, ap_int<8>*, ap_int<8>*, ap_int<8>*)' (../ip/Ip1/initial_conv_bn_relu.cpp:85:62)
INFO: [HLS 214-131] Inlining function 'bool operator<<16, false>(int, ap_int_base<16, false> const&)' into 'initial_conv_bn_relu(ap_uint<16>, ap_uint<16>, ap_uint<16>, ap_uint<16>, ap_uint<8>, ap_uint<8>, ap_uint<8>, ap_uint<8>, ap_uint<8>, ap_uint<8>, ap_int<8>*, ap_int<8>*, ap_int<8>*, ap_int<8>*, ap_int<8>*, ap_int<8>*, ap_int<8>*)' (../ip/Ip1/initial_conv_bn_relu.cpp:72:56)
INFO: [HLS 214-131] Inlining function 'bool operator<<16, false>(int, ap_int_base<16, false> const&)' into 'initial_conv_bn_relu(ap_uint<16>, ap_uint<16>, ap_uint<16>, ap_uint<16>, ap_uint<8>, ap_uint<8>, ap_uint<8>, ap_uint<8>, ap_uint<8>, ap_uint<8>, ap_int<8>*, ap_int<8>*, ap_int<8>*, ap_int<8>*, ap_int<8>*, ap_int<8>*, ap_int<8>*)' (../ip/Ip1/initial_conv_bn_relu.cpp:71:54)
INFO: [HLS 214-131] Inlining function 'bool operator<<16, false>(int, ap_int_base<16, false> const&)' into 'initial_conv_bn_relu(ap_uint<16>, ap_uint<16>, ap_uint<16>, ap_uint<16>, ap_uint<8>, ap_uint<8>, ap_uint<8>, ap_uint<8>, ap_uint<8>, ap_uint<8>, ap_int<8>*, ap_int<8>*, ap_int<8>*, ap_int<8>*, ap_int<8>*, ap_int<8>*, ap_int<8>*)' (../ip/Ip1/initial_conv_bn_relu.cpp:70:50)
INFO: [HLS 214-131] Inlining function 'ap_int_base<45, true>::RType<($_0)32, true>::plus operator+<45, true>(ap_int_base<45, true> const&, int)' into 'initial_conv_bn_relu(ap_uint<16>, ap_uint<16>, ap_uint<16>, ap_uint<16>, ap_uint<8>, ap_uint<8>, ap_uint<8>, ap_uint<8>, ap_uint<8>, ap_uint<8>, ap_int<8>*, ap_int<8>*, ap_int<8>*, ap_int<8>*, ap_int<8>*, ap_int<8>*, ap_int<8>*)' (../ip/Ip1/initial_conv_bn_relu.cpp:64:117)
INFO: [HLS 214-131] Inlining function 'ap_int_base<45, true>::RType<8, false>::div operator/<45, true, 8, false>(ap_int_base<45, true> const&, ap_int_base<8, false> const&)' into 'initial_conv_bn_relu(ap_uint<16>, ap_uint<16>, ap_uint<16>, ap_uint<16>, ap_uint<8>, ap_uint<8>, ap_uint<8>, ap_uint<8>, ap_uint<8>, ap_uint<8>, ap_int<8>*, ap_int<8>*, ap_int<8>*, ap_int<8>*, ap_int<8>*, ap_int<8>*, ap_int<8>*)' (../ip/Ip1/initial_conv_bn_relu.cpp:64:103)
INFO: [HLS 214-131] Inlining function 'ap_int_base<44, true>::RType<8, false>::minus operator-<44, true, 8, false>(ap_int_base<44, true> const&, ap_int_base<8, false> const&)' into 'initial_conv_bn_relu(ap_uint<16>, ap_uint<16>, ap_uint<16>, ap_uint<16>, ap_uint<8>, ap_uint<8>, ap_uint<8>, ap_uint<8>, ap_uint<8>, ap_uint<8>, ap_int<8>*, ap_int<8>*, ap_int<8>*, ap_int<8>*, ap_int<8>*, ap_int<8>*, ap_int<8>*)' (../ip/Ip1/initial_conv_bn_relu.cpp:64:88)
INFO: [HLS 214-131] Inlining function 'ap_int_base<43, true>::RType<40, true>::plus operator+<43, true, 40, true>(ap_int_base<43, true> const&, ap_int_base<40, true> const&)' into 'initial_conv_bn_relu(ap_uint<16>, ap_uint<16>, ap_uint<16>, ap_uint<16>, ap_uint<8>, ap_uint<8>, ap_uint<8>, ap_uint<8>, ap_uint<8>, ap_uint<8>, ap_int<8>*, ap_int<8>*, ap_int<8>*, ap_int<8>*, ap_int<8>*, ap_int<8>*, ap_int<8>*)' (../ip/Ip1/initial_conv_bn_relu.cpp:64:69)
INFO: [HLS 214-131] Inlining function 'ap_int_base<8, false>::RType<($_0)32, true>::mult operator*<8, false>(int, ap_int_base<8, false> const&)' into 'initial_conv_bn_relu(ap_uint<16>, ap_uint<16>, ap_uint<16>, ap_uint<16>, ap_uint<8>, ap_uint<8>, ap_uint<8>, ap_uint<8>, ap_uint<8>, ap_uint<8>, ap_int<8>*, ap_int<8>*, ap_int<8>*, ap_int<8>*, ap_int<8>*, ap_int<8>*, ap_int<8>*)' (../ip/Ip1/initial_conv_bn_relu.cpp:64:73)
INFO: [HLS 214-131] Inlining function 'ap_int_base<42, true>::RType<($_0)32, true>::plus operator+<42, true>(ap_int_base<42, true> const&, int)' into 'initial_conv_bn_relu(ap_uint<16>, ap_uint<16>, ap_uint<16>, ap_uint<16>, ap_uint<8>, ap_uint<8>, ap_uint<8>, ap_uint<8>, ap_uint<8>, ap_uint<8>, ap_int<8>*, ap_int<8>*, ap_int<8>*, ap_int<8>*, ap_int<8>*, ap_int<8>*, ap_int<8>*)' (../ip/Ip1/initial_conv_bn_relu.cpp:64:65)
INFO: [HLS 214-131] Inlining function 'ap_int_base<42, true>::RType<8, false>::div operator/<42, true, 8, false>(ap_int_base<42, true> const&, ap_int_base<8, false> const&)' into 'initial_conv_bn_relu(ap_uint<16>, ap_uint<16>, ap_uint<16>, ap_uint<16>, ap_uint<8>, ap_uint<8>, ap_uint<8>, ap_uint<8>, ap_uint<8>, ap_uint<8>, ap_int<8>*, ap_int<8>*, ap_int<8>*, ap_int<8>*, ap_int<8>*, ap_int<8>*, ap_int<8>*)' (../ip/Ip1/initial_conv_bn_relu.cpp:64:56)
INFO: [HLS 214-131] Inlining function 'ap_int_base<41, true>::RType<8, false>::minus operator-<41, true, 8, false>(ap_int_base<41, true> const&, ap_int_base<8, false> const&)' into 'initial_conv_bn_relu(ap_uint<16>, ap_uint<16>, ap_uint<16>, ap_uint<16>, ap_uint<8>, ap_uint<8>, ap_uint<8>, ap_uint<8>, ap_uint<8>, ap_uint<8>, ap_int<8>*, ap_int<8>*, ap_int<8>*, ap_int<8>*, ap_int<8>*, ap_int<8>*, ap_int<8>*)' (../ip/Ip1/initial_conv_bn_relu.cpp:64:51)
INFO: [HLS 214-131] Inlining function 'ap_int_base<16, false>::RType<40, true>::plus operator+<16, false, 40, true>(ap_int_base<16, false> const&, ap_int_base<40, true> const&)' into 'initial_conv_bn_relu(ap_uint<16>, ap_uint<16>, ap_uint<16>, ap_uint<16>, ap_uint<8>, ap_uint<8>, ap_uint<8>, ap_uint<8>, ap_uint<8>, ap_uint<8>, ap_int<8>*, ap_int<8>*, ap_int<8>*, ap_int<8>*, ap_int<8>*, ap_int<8>*, ap_int<8>*)' (../ip/Ip1/initial_conv_bn_relu.cpp:64:37)
INFO: [HLS 214-131] Inlining function 'ap_int_base<8, false>::RType<($_0)32, true>::mult operator*<8, false>(int, ap_int_base<8, false> const&)' into 'initial_conv_bn_relu(ap_uint<16>, ap_uint<16>, ap_uint<16>, ap_uint<16>, ap_uint<8>, ap_uint<8>, ap_uint<8>, ap_uint<8>, ap_uint<8>, ap_uint<8>, ap_int<8>*, ap_int<8>*, ap_int<8>*, ap_int<8>*, ap_int<8>*, ap_int<8>*, ap_int<8>*)' (../ip/Ip1/initial_conv_bn_relu.cpp:64:41)
INFO: [HLS 214-131] Inlining function 'ap_int_base<45, true>::RType<($_0)32, true>::plus operator+<45, true>(ap_int_base<45, true> const&, int)' into 'initial_conv_bn_relu(ap_uint<16>, ap_uint<16>, ap_uint<16>, ap_uint<16>, ap_uint<8>, ap_uint<8>, ap_uint<8>, ap_uint<8>, ap_uint<8>, ap_uint<8>, ap_int<8>*, ap_int<8>*, ap_int<8>*, ap_int<8>*, ap_int<8>*, ap_int<8>*, ap_int<8>*)' (../ip/Ip1/initial_conv_bn_relu.cpp:63:114)
INFO: [HLS 214-131] Inlining function 'ap_int_base<45, true>::RType<8, false>::div operator/<45, true, 8, false>(ap_int_base<45, true> const&, ap_int_base<8, false> const&)' into 'initial_conv_bn_relu(ap_uint<16>, ap_uint<16>, ap_uint<16>, ap_uint<16>, ap_uint<8>, ap_uint<8>, ap_uint<8>, ap_uint<8>, ap_uint<8>, ap_uint<8>, ap_int<8>*, ap_int<8>*, ap_int<8>*, ap_int<8>*, ap_int<8>*, ap_int<8>*, ap_int<8>*)' (../ip/Ip1/initial_conv_bn_relu.cpp:63:100)
INFO: [HLS 214-131] Inlining function 'ap_int_base<44, true>::RType<8, false>::minus operator-<44, true, 8, false>(ap_int_base<44, true> const&, ap_int_base<8, false> const&)' into 'initial_conv_bn_relu(ap_uint<16>, ap_uint<16>, ap_uint<16>, ap_uint<16>, ap_uint<8>, ap_uint<8>, ap_uint<8>, ap_uint<8>, ap_uint<8>, ap_uint<8>, ap_int<8>*, ap_int<8>*, ap_int<8>*, ap_int<8>*, ap_int<8>*, ap_int<8>*, ap_int<8>*)' (../ip/Ip1/initial_conv_bn_relu.cpp:63:85)
INFO: [HLS 214-131] Inlining function 'ap_int_base<43, true>::RType<40, true>::plus operator+<43, true, 40, true>(ap_int_base<43, true> const&, ap_int_base<40, true> const&)' into 'initial_conv_bn_relu(ap_uint<16>, ap_uint<16>, ap_uint<16>, ap_uint<16>, ap_uint<8>, ap_uint<8>, ap_uint<8>, ap_uint<8>, ap_uint<8>, ap_uint<8>, ap_int<8>*, ap_int<8>*, ap_int<8>*, ap_int<8>*, ap_int<8>*, ap_int<8>*, ap_int<8>*)' (../ip/Ip1/initial_conv_bn_relu.cpp:63:66)
INFO: [HLS 214-131] Inlining function 'ap_int_base<8, false>::RType<($_0)32, true>::mult operator*<8, false>(int, ap_int_base<8, false> const&)' into 'initial_conv_bn_relu(ap_uint<16>, ap_uint<16>, ap_uint<16>, ap_uint<16>, ap_uint<8>, ap_uint<8>, ap_uint<8>, ap_uint<8>, ap_uint<8>, ap_uint<8>, ap_int<8>*, ap_int<8>*, ap_int<8>*, ap_int<8>*, ap_int<8>*, ap_int<8>*, ap_int<8>*)' (../ip/Ip1/initial_conv_bn_relu.cpp:63:70)
INFO: [HLS 214-131] Inlining function 'ap_int_base<42, true>::RType<($_0)32, true>::plus operator+<42, true>(ap_int_base<42, true> const&, int)' into 'initial_conv_bn_relu(ap_uint<16>, ap_uint<16>, ap_uint<16>, ap_uint<16>, ap_uint<8>, ap_uint<8>, ap_uint<8>, ap_uint<8>, ap_uint<8>, ap_uint<8>, ap_int<8>*, ap_int<8>*, ap_int<8>*, ap_int<8>*, ap_int<8>*, ap_int<8>*, ap_int<8>*)' (../ip/Ip1/initial_conv_bn_relu.cpp:63:62)
INFO: [HLS 214-131] Inlining function 'ap_int_base<42, true>::RType<8, false>::div operator/<42, true, 8, false>(ap_int_base<42, true> const&, ap_int_base<8, false> const&)' into 'initial_conv_bn_relu(ap_uint<16>, ap_uint<16>, ap_uint<16>, ap_uint<16>, ap_uint<8>, ap_uint<8>, ap_uint<8>, ap_uint<8>, ap_uint<8>, ap_uint<8>, ap_int<8>*, ap_int<8>*, ap_int<8>*, ap_int<8>*, ap_int<8>*, ap_int<8>*, ap_int<8>*)' (../ip/Ip1/initial_conv_bn_relu.cpp:63:53)
INFO: [HLS 214-131] Inlining function 'ap_int_base<41, true>::RType<8, false>::minus operator-<41, true, 8, false>(ap_int_base<41, true> const&, ap_int_base<8, false> const&)' into 'initial_conv_bn_relu(ap_uint<16>, ap_uint<16>, ap_uint<16>, ap_uint<16>, ap_uint<8>, ap_uint<8>, ap_uint<8>, ap_uint<8>, ap_uint<8>, ap_uint<8>, ap_int<8>*, ap_int<8>*, ap_int<8>*, ap_int<8>*, ap_int<8>*, ap_int<8>*, ap_int<8>*)' (../ip/Ip1/initial_conv_bn_relu.cpp:63:48)
INFO: [HLS 214-131] Inlining function 'ap_int_base<16, false>::RType<40, true>::plus operator+<16, false, 40, true>(ap_int_base<16, false> const&, ap_int_base<40, true> const&)' into 'initial_conv_bn_relu(ap_uint<16>, ap_uint<16>, ap_uint<16>, ap_uint<16>, ap_uint<8>, ap_uint<8>, ap_uint<8>, ap_uint<8>, ap_uint<8>, ap_uint<8>, ap_int<8>*, ap_int<8>*, ap_int<8>*, ap_int<8>*, ap_int<8>*, ap_int<8>*, ap_int<8>*)' (../ip/Ip1/initial_conv_bn_relu.cpp:63:34)
WARNING: [HLS 214-203] Replacing invalid offset value '20' with '56' for s_axilite port 'H_in'. (../ip/Ip1/initial_conv_bn_relu.cpp:20:17)
WARNING: [HLS 214-203] Replacing invalid offset value '28' with '64' for s_axilite port 'C_out'. (../ip/Ip1/initial_conv_bn_relu.cpp:20:17)
WARNING: [HLS 214-203] Replacing invalid offset value '36' with '72' for s_axilite port 'stride'. (../ip/Ip1/initial_conv_bn_relu.cpp:20:17)
WARNING: [HLS 214-203] Replacing invalid offset value '44' with '80' for s_axilite port 'pool_kernel'. (../ip/Ip1/initial_conv_bn_relu.cpp:20:17)
WARNING: [HLS 214-203] Replacing invalid offset value '52' with '88' for s_axilite port 'pool_padding'. (../ip/Ip1/initial_conv_bn_relu.cpp:20:17)
INFO: [HLS 214-115] Multiple burst writes of variable length and bit width 8 in loop 'VITIS_LOOP_70_1'(../ip/Ip1/initial_conv_bn_relu.cpp:70:22) has been inferred on bundle 'gmem0'. These burst requests might be further partitioned into multiple requests during RTL generation, based on max_read_burst_length or max_write_burst_length settings. (../ip/Ip1/initial_conv_bn_relu.cpp:70:22)
INFO: [HLS 200-111] Finished Compiling Optimization and Transform: CPU user time: 1 seconds. CPU system time: 0 seconds. Elapsed time: 12.6 seconds; current allocated memory: 683.965 MB.
INFO: [HLS 200-111] Finished Checking Pragmas: CPU user time: 0 seconds. CPU system time: 0 seconds. Elapsed time: 0.003 seconds; current allocated memory: 684.238 MB.
INFO: [HLS 200-10] Starting code transformations ...
INFO: [HLS 200-111] Finished Standard Transforms: CPU user time: 0 seconds. CPU system time: 0 seconds. Elapsed time: 0.137 seconds; current allocated memory: 698.988 MB.
INFO: [HLS 200-10] Checking synthesizability ...
INFO: [HLS 200-111] Finished Checking Synthesizability: CPU user time: 0 seconds. CPU system time: 0 seconds. Elapsed time: 0.143 seconds; current allocated memory: 711.590 MB.
INFO: [XFORM 203-510] Pipelining loop 'VITIS_LOOP_90_5' (../ip/Ip1/initial_conv_bn_relu.cpp:87) in function 'initial_conv_bn_relu' automatically.
INFO: [XFORM 203-401] Performing if-conversion on hyperblock from (../ip/Ip1/initial_conv_bn_relu.cpp:111:41) to (../ip/Ip1/initial_conv_bn_relu.cpp:122:21) in function 'initial_conv_bn_relu'... converting 3 basic blocks.
INFO: [HLS 200-111] Finished Loop, function and other optimizations: CPU user time: 0 seconds. CPU system time: 0 seconds. Elapsed time: 0.186 seconds; current allocated memory: 746.691 MB.
WARNING: [HLS 200-960] Cannot flatten loop 'VITIS_LOOP_77_4' (../ip/Ip1/initial_conv_bn_relu.cpp:74:25) in function 'initial_conv_bn_relu' the outer loop is not a perfect loop because there is nontrivial logic before entering the inner loop.
WARNING: [HLS 200-960] Cannot flatten loop 'VITIS_LOOP_72_3' (../ip/Ip1/initial_conv_bn_relu.cpp:72:39) in function 'initial_conv_bn_relu' the outer loop is not a perfect loop because there is nontrivial logic in the loop latch.
INFO: [XFORM 203-541] Flattening a loop nest 'VITIS_LOOP_71_2' (../ip/Ip1/initial_conv_bn_relu.cpp:71:35) in function 'initial_conv_bn_relu'.
INFO: [XFORM 203-541] Flattening a loop nest 'VITIS_LOOP_70_1' (../ip/Ip1/initial_conv_bn_relu.cpp:70:31) in function 'initial_conv_bn_relu'.
INFO: [HLS 200-111] Finished Architecture Synthesis: CPU user time: 0 seconds. CPU system time: 0 seconds. Elapsed time: 0.193 seconds; current allocated memory: 753.234 MB.
INFO: [HLS 200-10] Starting hardware synthesis ...
INFO: [HLS 200-10] Synthesizing 'initial_conv_bn_relu' ...
INFO: [HLS 200-10] ----------------------------------------------------------------
INFO: [HLS 200-42] -- Implementing module 'initial_conv_bn_relu_Pipeline_VITIS_LOOP_90_5' 
INFO: [HLS 200-10] ----------------------------------------------------------------
INFO: [SCHED 204-11] Starting scheduling ...
INFO: [HLS 200-486] Changing DSP latency (root=mul_ln840) to 3 in order to utilize available DSP registers.
INFO: [HLS 200-486] Changing DSP latency (root=mul_ln102) to 3 in order to utilize available DSP registers.
INFO: [SCHED 204-61] Pipelining loop 'VITIS_LOOP_90_5'.
WARNING: [HLS 200-885] The II Violation in module 'initial_conv_bn_relu_Pipeline_VITIS_LOOP_90_5' (loop 'VITIS_LOOP_90_5'): Unable to schedule bus request operation ('gmem0_load_4_req', ../ip/Ip1/initial_conv_bn_relu.cpp:106) on port 'gmem0' (../ip/Ip1/initial_conv_bn_relu.cpp:106) due to limited memory ports (II = 1). Please consider using a memory core with more ports or partitioning the array.
INFO: [HLS 200-1470] Pipelining result : Target II = NA, Final II = 2, Depth = 74, loop 'VITIS_LOOP_90_5'
INFO: [SCHED 204-11] Finished scheduling.
INFO: [HLS 200-111] Finished Scheduling: CPU user time: 1 seconds. CPU system time: 0 seconds. Elapsed time: 0.544 seconds; current allocated memory: 758.914 MB.
INFO: [BIND 205-100] Starting micro-architecture generation ...
INFO: [BIND 205-101] Performing variable lifetime analysis.
INFO: [BIND 205-101] Exploring resource sharing.
INFO: [BIND 205-101] Binding ...
INFO: [BIND 205-100] Finished micro-architecture generation.
INFO: [HLS 200-111] Finished Binding: CPU user time: 0 seconds. CPU system time: 0 seconds. Elapsed time: 0.332 seconds; current allocated memory: 760.348 MB.
INFO: [HLS 200-10] ----------------------------------------------------------------
INFO: [HLS 200-42] -- Implementing module 'initial_conv_bn_relu' 
INFO: [HLS 200-10] ----------------------------------------------------------------
INFO: [SCHED 204-11] Starting scheduling ...
INFO: [HLS 200-486] Changing DSP latency (root=mul_ln70_2) to 3 in order to utilize available DSP registers.
INFO: [HLS 200-486] Changing DSP latency (root=mul_ln70) to 3 in order to utilize available DSP registers.
INFO: [HLS 200-486] Changing DSP latency (root=mul_i703) to 3 in order to utilize available DSP registers.
INFO: [HLS 200-486] Changing DSP latency (root=mul_ln103) to 3 in order to utilize available DSP registers.
INFO: [SCHED 204-11] Finished scheduling.
INFO: [HLS 200-111] Finished Scheduling: CPU user time: 0 seconds. CPU system time: 0 seconds. Elapsed time: 0.477 seconds; current allocated memory: 762.578 MB.
INFO: [BIND 205-100] Starting micro-architecture generation ...
INFO: [BIND 205-101] Performing variable lifetime analysis.
INFO: [BIND 205-101] Exploring resource sharing.
INFO: [BIND 205-101] Binding ...
INFO: [BIND 205-100] Finished micro-architecture generation.
INFO: [HLS 200-111] Finished Binding: CPU user time: 0 seconds. CPU system time: 0 seconds. Elapsed time: 0.447 seconds; current allocated memory: 763.039 MB.
INFO: [HLS 200-10] ----------------------------------------------------------------
INFO: [HLS 200-10] -- Generating RTL for module 'initial_conv_bn_relu_Pipeline_VITIS_LOOP_90_5' 
INFO: [HLS 200-10] ----------------------------------------------------------------
INFO: [HLS 200-1030] Apply Unified Pipeline Control on module 'initial_conv_bn_relu_Pipeline_VITIS_LOOP_90_5' pipeline 'VITIS_LOOP_90_5' pipeline type 'loop pipeline'
INFO: [RTGEN 206-100] Generating core module 'mac_muladd_19s_16ns_18ns_32_4_1': 1 instance(s).
INFO: [RTGEN 206-100] Generating core module 'mac_muladd_8s_8s_32s_32_4_1': 1 instance(s).
INFO: [RTGEN 206-100] Generating core module 'mul_16ns_32s_32_1_1': 1 instance(s).
INFO: [RTGEN 206-100] Generating core module 'mul_32s_16ns_32_1_1': 1 instance(s).
INFO: [RTGEN 206-100] Generating core module 'udiv_16ns_8ns_9_20_1': 1 instance(s).
INFO: [RTGEN 206-100] Generating core module 'udiv_32ns_16ns_17_36_1': 1 instance(s).
INFO: [RTGEN 206-100] Generating core module 'urem_16ns_8ns_16_20_1': 1 instance(s).
INFO: [RTGEN 206-100] Generating core module 'urem_32ns_16ns_32_36_1': 1 instance(s).
INFO: [RTGEN 206-100] Finished creating RTL model for 'initial_conv_bn_relu_Pipeline_VITIS_LOOP_90_5'.
INFO: [HLS 200-111] Finished Creating RTL model: CPU user time: 1 seconds. CPU system time: 0 seconds. Elapsed time: 0.74 seconds; current allocated memory: 767.895 MB.
INFO: [HLS 200-10] ----------------------------------------------------------------
INFO: [HLS 200-10] -- Generating RTL for module 'initial_conv_bn_relu' 
INFO: [HLS 200-10] ----------------------------------------------------------------
WARNING: [RTGEN 206-101] Design contains AXI ports. Reset is fixed to synchronous and active low.
INFO: [RTGEN 206-500] Setting interface mode on port 'initial_conv_bn_relu/gmem0' to 'm_axi'.
INFO: [RTGEN 206-500] Setting interface mode on port 'initial_conv_bn_relu/C_in' to 's_axilite & ap_none' (register).
INFO: [RTGEN 206-500] Setting interface mode on port 'initial_conv_bn_relu/H_in' to 's_axilite & ap_none' (register).
INFO: [RTGEN 206-500] Setting interface mode on port 'initial_conv_bn_relu/W_in' to 's_axilite & ap_none' (register).
INFO: [RTGEN 206-500] Setting interface mode on port 'initial_conv_bn_relu/C_out' to 's_axilite & ap_none' (register).
INFO: [RTGEN 206-500] Setting interface mode on port 'initial_conv_bn_relu/K' to 's_axilite & ap_none' (register).
INFO: [RTGEN 206-500] Setting interface mode on port 'initial_conv_bn_relu/stride' to 's_axilite & ap_none' (register).
INFO: [RTGEN 206-500] Setting interface mode on port 'initial_conv_bn_relu/padding' to 's_axilite & ap_none' (register).
INFO: [RTGEN 206-500] Setting interface mode on port 'initial_conv_bn_relu/pool_kernel' to 's_axilite & ap_none' (register).
INFO: [RTGEN 206-500] Setting interface mode on port 'initial_conv_bn_relu/pool_stride' to 's_axilite & ap_none' (register).
INFO: [RTGEN 206-500] Setting interface mode on port 'initial_conv_bn_relu/pool_padding' to 's_axilite & ap_none' (register).
INFO: [RTGEN 206-500] Setting interface mode on port 'initial_conv_bn_relu/feature_in' to 's_axilite & ap_none'.
INFO: [RTGEN 206-500] Setting interface mode on port 'initial_conv_bn_relu/conv_kernel' to 's_axilite & ap_none'.
INFO: [RTGEN 206-500] Setting interface mode on port 'initial_conv_bn_relu/bn_mean' to 's_axilite & ap_none'.
INFO: [RTGEN 206-500] Setting interface mode on port 'initial_conv_bn_relu/bn_var' to 's_axilite & ap_none'.
INFO: [RTGEN 206-500] Setting interface mode on port 'initial_conv_bn_relu/bn_gamma' to 's_axilite & ap_none'.
INFO: [RTGEN 206-500] Setting interface mode on port 'initial_conv_bn_relu/bn_beta' to 's_axilite & ap_none'.
INFO: [RTGEN 206-500] Setting interface mode on port 'initial_conv_bn_relu/feature_out' to 's_axilite & ap_none'.
INFO: [RTGEN 206-500] Setting interface mode on function 'initial_conv_bn_relu' to 's_axilite & ap_ctrl_hs'.
INFO: [RTGEN 206-100] Bundling port 'C_in', 'W_in', 'K', 'padding', 'pool_stride', 'H_in', 'C_out', 'stride', 'pool_kernel', 'pool_padding', 'feature_in', 'conv_kernel', 'bn_mean', 'bn_var', 'bn_gamma', 'bn_beta', 'feature_out' to AXI-Lite port control.
INFO: [RTGEN 206-100] Generating core module 'mul_16ns_32ns_48_1_1': 1 instance(s).
INFO: [RTGEN 206-100] Generating core module 'mul_32s_16ns_32_1_1': 1 instance(s).
INFO: [RTGEN 206-100] Generating core module 'mul_32s_8s_40_1_1': 1 instance(s).
INFO: [RTGEN 206-100] Generating core module 'mul_8ns_8ns_16_1_1': 1 instance(s).
INFO: [RTGEN 206-100] Generating core module 'mul_mul_16ns_16ns_32_4_1': 2 instance(s).
INFO: [RTGEN 206-100] Generating core module 'mul_mul_16ns_8ns_24_4_1': 1 instance(s).
INFO: [RTGEN 206-100] Generating core module 'mul_mul_24ns_8ns_32_4_1': 1 instance(s).
INFO: [RTGEN 206-100] Generating core module 'sdiv_18ns_9ns_18_22_seq_1': 2 instance(s).
INFO: [RTGEN 206-100] Generating core module 'sdiv_19ns_9ns_16_23_seq_1': 2 instance(s).
INFO: [RTGEN 206-100] Finished creating RTL model for 'initial_conv_bn_relu'.
INFO: [HLS 200-111] Finished Creating RTL model: CPU user time: 0 seconds. CPU system time: 1 seconds. Elapsed time: 1.45 seconds; current allocated memory: 773.930 MB.
INFO: [HLS 200-111] Finished Generating all RTL models: CPU user time: 1 seconds. CPU system time: 0 seconds. Elapsed time: 2 seconds; current allocated memory: 779.828 MB.
INFO: [HLS 200-1603] Design has inferred MAXI bursts and missed bursts, see Vitis HLS GUI synthesis summary report for detailed information.
INFO: [HLS 200-111] Finished Updating report files: CPU user time: 1 seconds. CPU system time: 0 seconds. Elapsed time: 1.566 seconds; current allocated memory: 785.734 MB.
INFO: [VHDL 208-304] Generating VHDL RTL for initial_conv_bn_relu.
INFO: [VLOG 209-307] Generating Verilog RTL for initial_conv_bn_relu.
INFO: [HLS 200-790] **** Loop Constraint Status: All loop constraints were NOT satisfied.
INFO: [HLS 200-789] **** Estimated Fmax: 136.99 MHz
INFO: [HLS 200-111] Finished Command csynth_design CPU user time: 6 seconds. CPU system time: 1 seconds. Elapsed time: 24.834 seconds; current allocated memory: 108.520 MB.
INFO: [HLS 200-112] Total CPU user time: 8 seconds. Total CPU system time: 2 seconds. Total elapsed time: 37.375 seconds; peak allocated memory: 785.922 MB.
==============================================================
Vitis HLS - High-Level Synthesis from C, C++ and OpenCL v2022.2 (64-bit)
Tool Version Limit: 2019.12
Copyright 1986-2022 Xilinx, Inc. All Rights Reserved.
==============================================================
INFO: [SYN 201-201] Setting up clock 'default' with a period of 10ns.
INFO: [HLS 200-1611] Setting target device to 'xc7z020-clg400-2'
INFO: [HLS 200-1505] Using flow_target 'vivado'
INFO: [HLS 200-1464] Running solution command: config_export -format=ip_catalog
INFO: [HLS 200-1464] Running solution command: config_export -rtl=verilog
INFO: [HLS 200-1510] Running: set_part xc7z020-clg400-2 
INFO: [HLS 200-1510] Running: create_clock -period 10 -name default 
INFO: [HLS 200-1510] Running: config_export -format ip_catalog -rtl verilog 
INFO: [HLS 200-1510] Running: source ./ip1/solution1/directives.tcl
INFO: [HLS 200-1510] Running: set_directive_top -name initial_conv_bn_relu initial_conv_bn_relu 
INFO: [HLS 200-1510] Running: export_design -rtl verilog -format ip_catalog 
INFO: [IMPL 213-8] Exporting RTL as a Vivado IP.
INFO: [HLS 200-802] Generated output file ip1/solution1/impl/export.zip
INFO: [HLS 200-111] Finished Command export_design CPU user time: 1 seconds. CPU system time: 0 seconds. Elapsed time: 11.551 seconds; current allocated memory: 9.074 MB.
INFO: [HLS 200-112] Total CPU user time: 4 seconds. Total CPU system time: 1 seconds. Total elapsed time: 24.195 seconds; peak allocated memory: 686.570 MB.
==============================================================
Vitis HLS - High-Level Synthesis from C, C++ and OpenCL v2022.2 (64-bit)
Tool Version Limit: 2019.12
Copyright 1986-2022 Xilinx, Inc. All Rights Reserved.
==============================================================
INFO: [SYN 201-201] Setting up clock 'default' with a period of 10ns.
INFO: [HLS 200-1611] Setting target device to 'xc7z020-clg400-2'
INFO: [HLS 200-1505] Using flow_target 'vivado'
INFO: [HLS 200-1464] Running solution command: config_export -format=ip_catalog
INFO: [HLS 200-1464] Running solution command: config_export -rtl=verilog
INFO: [HLS 200-1510] Running: set_part xc7z020-clg400-2 
INFO: [HLS 200-1510] Running: create_clock -period 10 -name default 
INFO: [HLS 200-1510] Running: config_export -format ip_catalog -rtl verilog 
INFO: [HLS 200-1510] Running: source ./ip1/solution1/directives.tcl
INFO: [HLS 200-1510] Running: set_directive_top -name initial_conv_bn_relu initial_conv_bn_relu 
INFO: [HLS 200-1510] Running: csim_design -setup -quiet 
INFO: [SIM 211-2] *************** CSIM start ***************
INFO: [SIM 211-4] CSIM will launch GCC as the compiler.
ERROR: [SIM 211-100] CSim file generation failed: compilation error(s).
INFO: [SIM 211-3] *************** CSIM finish ***************
INFO: [HLS 200-111] Finished Command csim_design CPU user time: 0 seconds. CPU system time: 0 seconds. Elapsed time: 5.601 seconds; current allocated memory: 0.000 MB.
INFO: [HLS 200-112] Total CPU user time: 2 seconds. Total CPU system time: 1 seconds. Total elapsed time: 18.935 seconds; peak allocated memory: 676.141 MB.
==============================================================
Vitis HLS - High-Level Synthesis from C, C++ and OpenCL v2022.2 (64-bit)
Tool Version Limit: 2019.12
Copyright 1986-2022 Xilinx, Inc. All Rights Reserved.
==============================================================
INFO: [SYN 201-201] Setting up clock 'default' with a period of 10ns.
INFO: [HLS 200-1611] Setting target device to 'xc7z020-clg400-2'
INFO: [HLS 200-1505] Using flow_target 'vivado'
INFO: [HLS 200-1464] Running solution command: config_export -format=ip_catalog
INFO: [HLS 200-1464] Running solution command: config_export -rtl=verilog
INFO: [HLS 200-1510] Running: set_part xc7z020-clg400-2 
INFO: [HLS 200-1510] Running: create_clock -period 10 -name default 
INFO: [HLS 200-1510] Running: config_export -format ip_catalog -rtl verilog 
INFO: [HLS 200-1510] Running: source ./ip1/solution1/directives.tcl
INFO: [HLS 200-1510] Running: set_directive_top -name initial_conv_bn_relu initial_conv_bn_relu 
INFO: [HLS 200-1510] Running: csynth_design 
INFO: [HLS 200-111] Finished File checks and directory preparation: CPU user time: 0 seconds. CPU system time: 0 seconds. Elapsed time: 10.168 seconds; current allocated memory: 341.871 MB.
INFO: [HLS 200-10] Analyzing design file '../ip/Ip1/initial_conv_bn_relu.cpp' ... 
INFO: [HLS 200-111] Finished Source Code Analysis and Preprocessing: CPU user time: 0 seconds. CPU system time: 0 seconds. Elapsed time: 4.458 seconds; current allocated memory: 345.332 MB.
INFO: [HLS 200-777] Using interface defaults for 'Vivado' flow target.
INFO: [HLS 214-131] Inlining function 'ssdm_int<32, true>::ssdm_int(int)' into 'ap_int_base<32, true>::ap_int_base(int)' (D:/Xilinx/Vitis_HLS/2022.2/common/technology/autopilot\ap_int_base.h:214:67)
INFO: [HLS 214-131] Inlining function '_ZN8ssdm_intILi40ELb1EEC2EDq40_i' into 'ap_int_base<40, true>::ap_int_base<32, true>(ap_int_base<32, true> const&)' (D:/Xilinx/Vitis_HLS/2022.2/common/technology/autopilot\ap_int_base.h:185:106)
INFO: [HLS 214-131] Inlining function '_ZN8ssdm_intILi40ELb1EEC2EDq40_i' into 'ap_int_base<40, true>::ap_int_base<8, false>(ap_int_base<8, false> const&)' (D:/Xilinx/Vitis_HLS/2022.2/common/technology/autopilot\ap_int_base.h:185:106)
INFO: [HLS 214-131] Inlining function '_ZN8ssdm_intILi40ELb1EEC2EDq40_i' into 'ap_int_base<40, true>::ap_int_base(int)' (D:/Xilinx/Vitis_HLS/2022.2/common/technology/autopilot\ap_int_base.h:214:67)
INFO: [HLS 214-131] Inlining function 'ap_int_base<40, true>::ap_int_base<32, true>(ap_int_base<32, true> const&)' into 'ap_int_base<32, true>::RType<8, false>::mult operator*<32, true, 8, false>(ap_int_base<32, true> const&, ap_int_base<8, false> const&)' (D:/Xilinx/Vitis_HLS/2022.2/common/technology/autopilot\ap_int_base.h:1494:339)
INFO: [HLS 214-131] Inlining function 'ap_int_base<40, true>::ap_int_base(int)' into 'ap_int_base<32, true>::RType<8, false>::mult operator*<32, true, 8, false>(ap_int_base<32, true> const&, ap_int_base<8, false> const&)' (D:/Xilinx/Vitis_HLS/2022.2/common/technology/autopilot\ap_int_base.h:1494:516)
INFO: [HLS 214-131] Inlining function 'ap_int_base<40, true>::ap_int_base<8, false>(ap_int_base<8, false> const&)' into 'ap_int_base<32, true>::RType<8, false>::mult operator*<32, true, 8, false>(ap_int_base<32, true> const&, ap_int_base<8, false> const&)' (D:/Xilinx/Vitis_HLS/2022.2/common/technology/autopilot\ap_int_base.h:1494:427)
INFO: [HLS 214-131] Inlining function 'ap_int_base<32, true>::ap_int_base(int)' into 'ap_int_base<8, false>::RType<($_0)32, true>::mult operator*<8, false>(int, ap_int_base<8, false> const&)' (D:/Xilinx/Vitis_HLS/2022.2/common/technology/autopilot\ap_int_base.h:1633:216)
INFO: [HLS 214-131] Inlining function 'ap_int_base<32, true>::RType<8, false>::mult operator*<32, true, 8, false>(ap_int_base<32, true> const&, ap_int_base<8, false> const&)' into 'ap_int_base<8, false>::RType<($_0)32, true>::mult operator*<8, false>(int, ap_int_base<8, false> const&)' (D:/Xilinx/Vitis_HLS/2022.2/common/technology/autopilot\ap_int_base.h:1633:254)
INFO: [HLS 214-131] Inlining function '_ZN8ssdm_intILi41ELb1EEC2EDq41_i' into 'ap_int_base<41, true>::ap_int_base<16, false>(ap_int_base<16, false> const&)' (D:/Xilinx/Vitis_HLS/2022.2/common/technology/autopilot\ap_int_base.h:185:106)
INFO: [HLS 214-131] Inlining function '_ZN8ssdm_intILi41ELb1EEC2EDq41_i' into 'ap_int_base<41, true>::ap_int_base<40, true>(ap_int_base<40, true> const&)' (D:/Xilinx/Vitis_HLS/2022.2/common/technology/autopilot\ap_int_base.h:185:106)
INFO: [HLS 214-131] Inlining function '_ZN8ssdm_intILi41ELb1EEC2EDq41_i' into 'ap_int_base<41, true>::ap_int_base(int)' (D:/Xilinx/Vitis_HLS/2022.2/common/technology/autopilot\ap_int_base.h:214:67)
INFO: [HLS 214-131] Inlining function 'ap_int_base<41, true>::ap_int_base<16, false>(ap_int_base<16, false> const&)' into 'ap_int_base<16, false>::RType<40, true>::plus operator+<16, false, 40, true>(ap_int_base<16, false> const&, ap_int_base<40, true> const&)' (D:/Xilinx/Vitis_HLS/2022.2/common/technology/autopilot\ap_int_base.h:1495:339)
INFO: [HLS 214-131] Inlining function 'ap_int_base<41, true>::ap_int_base(int)' into 'ap_int_base<16, false>::RType<40, true>::plus operator+<16, false, 40, true>(ap_int_base<16, false> const&, ap_int_base<40, true> const&)' (D:/Xilinx/Vitis_HLS/2022.2/common/technology/autopilot\ap_int_base.h:1495:516)
INFO: [HLS 214-131] Inlining function 'ap_int_base<41, true>::ap_int_base<40, true>(ap_int_base<40, true> const&)' into 'ap_int_base<16, false>::RType<40, true>::plus operator+<16, false, 40, true>(ap_int_base<16, false> const&, ap_int_base<40, true> const&)' (D:/Xilinx/Vitis_HLS/2022.2/common/technology/autopilot\ap_int_base.h:1495:427)
INFO: [HLS 214-131] Inlining function '_ZN8ssdm_intILi42ELb1EEC2EDq42_i' into 'ap_int_base<42, true>::ap_int_base<41, true>(ap_int_base<41, true> const&)' (D:/Xilinx/Vitis_HLS/2022.2/common/technology/autopilot\ap_int_base.h:185:106)
INFO: [HLS 214-131] Inlining function '_ZN8ssdm_intILi42ELb1EEC2EDq42_i' into 'ap_int_base<42, true>::ap_int_base<8, false>(ap_int_base<8, false> const&)' (D:/Xilinx/Vitis_HLS/2022.2/common/technology/autopilot\ap_int_base.h:185:106)
INFO: [HLS 214-131] Inlining function '_ZN8ssdm_intILi42ELb1EEC2EDq42_i' into 'ap_int_base<42, true>::ap_int_base(int)' (D:/Xilinx/Vitis_HLS/2022.2/common/technology/autopilot\ap_int_base.h:214:67)
INFO: [HLS 214-131] Inlining function 'ap_int_base<42, true>::ap_int_base<41, true>(ap_int_base<41, true> const&)' into 'ap_int_base<41, true>::RType<8, false>::minus operator-<41, true, 8, false>(ap_int_base<41, true> const&, ap_int_base<8, false> const&)' (D:/Xilinx/Vitis_HLS/2022.2/common/technology/autopilot\ap_int_base.h:1496:341)
INFO: [HLS 214-131] Inlining function 'ap_int_base<42, true>::ap_int_base(int)' into 'ap_int_base<41, true>::RType<8, false>::minus operator-<41, true, 8, false>(ap_int_base<41, true> const&, ap_int_base<8, false> const&)' (D:/Xilinx/Vitis_HLS/2022.2/common/technology/autopilot\ap_int_base.h:1496:520)
INFO: [HLS 214-131] Inlining function 'ap_int_base<42, true>::ap_int_base<8, false>(ap_int_base<8, false> const&)' into 'ap_int_base<41, true>::RType<8, false>::minus operator-<41, true, 8, false>(ap_int_base<41, true> const&, ap_int_base<8, false> const&)' (D:/Xilinx/Vitis_HLS/2022.2/common/technology/autopilot\ap_int_base.h:1496:430)
INFO: [HLS 214-131] Inlining function 'ap_int_base<42, true>::ap_int_base(int)' into 'ap_int_base<42, true>::RType<8, false>::div operator/<42, true, 8, false>(ap_int_base<42, true> const&, ap_int_base<8, false> const&)' (D:/Xilinx/Vitis_HLS/2022.2/common/technology/autopilot\ap_int_base.h:1513:337)
INFO: [HLS 214-131] Inlining function '_ZN8ssdm_intILi43ELb1EEC2EDq43_i' into 'ap_int_base<43, true>::ap_int_base<42, true>(ap_int_base<42, true> const&)' (D:/Xilinx/Vitis_HLS/2022.2/common/technology/autopilot\ap_int_base.h:185:106)
INFO: [HLS 214-131] Inlining function '_ZN8ssdm_intILi43ELb1EEC2EDq43_i' into 'ap_int_base<43, true>::ap_int_base<32, true>(ap_int_base<32, true> const&)' (D:/Xilinx/Vitis_HLS/2022.2/common/technology/autopilot\ap_int_base.h:185:106)
INFO: [HLS 214-131] Inlining function '_ZN8ssdm_intILi43ELb1EEC2EDq43_i' into 'ap_int_base<43, true>::ap_int_base(int)' (D:/Xilinx/Vitis_HLS/2022.2/common/technology/autopilot\ap_int_base.h:214:67)
INFO: [HLS 214-131] Inlining function 'ap_int_base<43, true>::ap_int_base<42, true>(ap_int_base<42, true> const&)' into 'ap_int_base<42, true>::RType<32, true>::plus operator+<42, true, 32, true>(ap_int_base<42, true> const&, ap_int_base<32, true> const&)' (D:/Xilinx/Vitis_HLS/2022.2/common/technology/autopilot\ap_int_base.h:1495:339)
INFO: [HLS 214-131] Inlining function 'ap_int_base<43, true>::ap_int_base(int)' into 'ap_int_base<42, true>::RType<32, true>::plus operator+<42, true, 32, true>(ap_int_base<42, true> const&, ap_int_base<32, true> const&)' (D:/Xilinx/Vitis_HLS/2022.2/common/technology/autopilot\ap_int_base.h:1495:516)
INFO: [HLS 214-131] Inlining function 'ap_int_base<43, true>::ap_int_base<32, true>(ap_int_base<32, true> const&)' into 'ap_int_base<42, true>::RType<32, true>::plus operator+<42, true, 32, true>(ap_int_base<42, true> const&, ap_int_base<32, true> const&)' (D:/Xilinx/Vitis_HLS/2022.2/common/technology/autopilot\ap_int_base.h:1495:427)
INFO: [HLS 214-131] Inlining function 'ap_int_base<32, true>::ap_int_base(int)' into 'ap_int_base<42, true>::RType<($_0)32, true>::plus operator+<42, true>(ap_int_base<42, true> const&, int)' (D:/Xilinx/Vitis_HLS/2022.2/common/technology/autopilot\ap_int_base.h:1633:1006)
INFO: [HLS 214-131] Inlining function 'ap_int_base<42, true>::RType<32, true>::plus operator+<42, true, 32, true>(ap_int_base<42, true> const&, ap_int_base<32, true> const&)' into 'ap_int_base<42, true>::RType<($_0)32, true>::plus operator+<42, true>(ap_int_base<42, true> const&, int)' (D:/Xilinx/Vitis_HLS/2022.2/common/technology/autopilot\ap_int_base.h:1633:1004)
INFO: [HLS 214-131] Inlining function '_ZN8ssdm_intILi44ELb1EEC2EDq44_i' into 'ap_int_base<44, true>::ap_int_base<43, true>(ap_int_base<43, true> const&)' (D:/Xilinx/Vitis_HLS/2022.2/common/technology/autopilot\ap_int_base.h:185:106)
INFO: [HLS 214-131] Inlining function '_ZN8ssdm_intILi44ELb1EEC2EDq44_i' into 'ap_int_base<44, true>::ap_int_base<40, true>(ap_int_base<40, true> const&)' (D:/Xilinx/Vitis_HLS/2022.2/common/technology/autopilot\ap_int_base.h:185:106)
INFO: [HLS 214-131] Inlining function '_ZN8ssdm_intILi44ELb1EEC2EDq44_i' into 'ap_int_base<44, true>::ap_int_base(int)' (D:/Xilinx/Vitis_HLS/2022.2/common/technology/autopilot\ap_int_base.h:214:67)
INFO: [HLS 214-131] Inlining function 'ap_int_base<44, true>::ap_int_base<43, true>(ap_int_base<43, true> const&)' into 'ap_int_base<43, true>::RType<40, true>::plus operator+<43, true, 40, true>(ap_int_base<43, true> const&, ap_int_base<40, true> const&)' (D:/Xilinx/Vitis_HLS/2022.2/common/technology/autopilot\ap_int_base.h:1495:339)
INFO: [HLS 214-131] Inlining function 'ap_int_base<44, true>::ap_int_base(int)' into 'ap_int_base<43, true>::RType<40, true>::plus operator+<43, true, 40, true>(ap_int_base<43, true> const&, ap_int_base<40, true> const&)' (D:/Xilinx/Vitis_HLS/2022.2/common/technology/autopilot\ap_int_base.h:1495:516)
INFO: [HLS 214-131] Inlining function 'ap_int_base<44, true>::ap_int_base<40, true>(ap_int_base<40, true> const&)' into 'ap_int_base<43, true>::RType<40, true>::plus operator+<43, true, 40, true>(ap_int_base<43, true> const&, ap_int_base<40, true> const&)' (D:/Xilinx/Vitis_HLS/2022.2/common/technology/autopilot\ap_int_base.h:1495:427)
INFO: [HLS 214-131] Inlining function '_ZN8ssdm_intILi45ELb1EEC2EDq45_i' into 'ap_int_base<45, true>::ap_int_base<44, true>(ap_int_base<44, true> const&)' (D:/Xilinx/Vitis_HLS/2022.2/common/technology/autopilot\ap_int_base.h:185:106)
INFO: [HLS 214-131] Inlining function '_ZN8ssdm_intILi45ELb1EEC2EDq45_i' into 'ap_int_base<45, true>::ap_int_base<8, false>(ap_int_base<8, false> const&)' (D:/Xilinx/Vitis_HLS/2022.2/common/technology/autopilot\ap_int_base.h:185:106)
INFO: [HLS 214-131] Inlining function '_ZN8ssdm_intILi45ELb1EEC2EDq45_i' into 'ap_int_base<45, true>::ap_int_base(int)' (D:/Xilinx/Vitis_HLS/2022.2/common/technology/autopilot\ap_int_base.h:214:67)
INFO: [HLS 214-131] Inlining function 'ap_int_base<45, true>::ap_int_base<44, true>(ap_int_base<44, true> const&)' into 'ap_int_base<44, true>::RType<8, false>::minus operator-<44, true, 8, false>(ap_int_base<44, true> const&, ap_int_base<8, false> const&)' (D:/Xilinx/Vitis_HLS/2022.2/common/technology/autopilot\ap_int_base.h:1496:341)
INFO: [HLS 214-131] Inlining function 'ap_int_base<45, true>::ap_int_base(int)' into 'ap_int_base<44, true>::RType<8, false>::minus operator-<44, true, 8, false>(ap_int_base<44, true> const&, ap_int_base<8, false> const&)' (D:/Xilinx/Vitis_HLS/2022.2/common/technology/autopilot\ap_int_base.h:1496:520)
INFO: [HLS 214-131] Inlining function 'ap_int_base<45, true>::ap_int_base<8, false>(ap_int_base<8, false> const&)' into 'ap_int_base<44, true>::RType<8, false>::minus operator-<44, true, 8, false>(ap_int_base<44, true> const&, ap_int_base<8, false> const&)' (D:/Xilinx/Vitis_HLS/2022.2/common/technology/autopilot\ap_int_base.h:1496:430)
INFO: [HLS 214-131] Inlining function 'ap_int_base<45, true>::ap_int_base(int)' into 'ap_int_base<45, true>::RType<8, false>::div operator/<45, true, 8, false>(ap_int_base<45, true> const&, ap_int_base<8, false> const&)' (D:/Xilinx/Vitis_HLS/2022.2/common/technology/autopilot\ap_int_base.h:1513:337)
INFO: [HLS 214-131] Inlining function '_ZN8ssdm_intILi46ELb1EEC2EDq46_i' into 'ap_int_base<46, true>::ap_int_base<45, true>(ap_int_base<45, true> const&)' (D:/Xilinx/Vitis_HLS/2022.2/common/technology/autopilot\ap_int_base.h:185:106)
INFO: [HLS 214-131] Inlining function '_ZN8ssdm_intILi46ELb1EEC2EDq46_i' into 'ap_int_base<46, true>::ap_int_base<32, true>(ap_int_base<32, true> const&)' (D:/Xilinx/Vitis_HLS/2022.2/common/technology/autopilot\ap_int_base.h:185:106)
INFO: [HLS 214-131] Inlining function '_ZN8ssdm_intILi46ELb1EEC2EDq46_i' into 'ap_int_base<46, true>::ap_int_base(int)' (D:/Xilinx/Vitis_HLS/2022.2/common/technology/autopilot\ap_int_base.h:214:67)
INFO: [HLS 214-131] Inlining function 'ap_int_base<46, true>::ap_int_base<45, true>(ap_int_base<45, true> const&)' into 'ap_int_base<45, true>::RType<32, true>::plus operator+<45, true, 32, true>(ap_int_base<45, true> const&, ap_int_base<32, true> const&)' (D:/Xilinx/Vitis_HLS/2022.2/common/technology/autopilot\ap_int_base.h:1495:339)
INFO: [HLS 214-131] Inlining function 'ap_int_base<46, true>::ap_int_base(int)' into 'ap_int_base<45, true>::RType<32, true>::plus operator+<45, true, 32, true>(ap_int_base<45, true> const&, ap_int_base<32, true> const&)' (D:/Xilinx/Vitis_HLS/2022.2/common/technology/autopilot\ap_int_base.h:1495:516)
INFO: [HLS 214-131] Inlining function 'ap_int_base<46, true>::ap_int_base<32, true>(ap_int_base<32, true> const&)' into 'ap_int_base<45, true>::RType<32, true>::plus operator+<45, true, 32, true>(ap_int_base<45, true> const&, ap_int_base<32, true> const&)' (D:/Xilinx/Vitis_HLS/2022.2/common/technology/autopilot\ap_int_base.h:1495:427)
INFO: [HLS 214-131] Inlining function 'ap_int_base<32, true>::ap_int_base(int)' into 'ap_int_base<45, true>::RType<($_0)32, true>::plus operator+<45, true>(ap_int_base<45, true> const&, int)' (D:/Xilinx/Vitis_HLS/2022.2/common/technology/autopilot\ap_int_base.h:1633:1006)
INFO: [HLS 214-131] Inlining function 'ap_int_base<45, true>::RType<32, true>::plus operator+<45, true, 32, true>(ap_int_base<45, true> const&, ap_int_base<32, true> const&)' into 'ap_int_base<45, true>::RType<($_0)32, true>::plus operator+<45, true>(ap_int_base<45, true> const&, int)' (D:/Xilinx/Vitis_HLS/2022.2/common/technology/autopilot\ap_int_base.h:1633:1004)
INFO: [HLS 214-131] Inlining function 'ssdm_int<16, false>::ssdm_int(unsigned short)' into 'ap_int_base<16, false>::ap_int_base<46, true>(ap_int_base<46, true> const&)' (D:/Xilinx/Vitis_HLS/2022.2/common/technology/autopilot\ap_int_base.h:185:106)
INFO: [HLS 214-131] Inlining function 'ap_int_base<16, false>::ap_int_base<46, true>(ap_int_base<46, true> const&)' into 'ap_uint<16>::ap_uint<46>(ap_int<46> const&)'
INFO: [HLS 214-131] Inlining function 'ap_int_base<32, true>::ap_int_base(int)' into 'bool operator<<16, false>(int, ap_int_base<16, false> const&)' (D:/Xilinx/Vitis_HLS/2022.2/common/technology/autopilot\ap_int_base.h:1788:520)
INFO: [HLS 214-131] Inlining function 'bool ap_int_base<32, true>::operator<<16, false>(ap_int_base<16, false> const&) const' into 'bool operator<<16, false>(int, ap_int_base<16, false> const&)' (D:/Xilinx/Vitis_HLS/2022.2/common/technology/autopilot\ap_int_base.h:1788:558)
INFO: [HLS 214-131] Inlining function 'ssdm_int<8, true>::ssdm_int(signed char)' into 'ap_int_base<8, true>::ap_int_base(int)' (D:/Xilinx/Vitis_HLS/2022.2/common/technology/autopilot\ap_int_base.h:214:67)
INFO: [HLS 214-131] Inlining function 'ap_int_base<8, true>::ap_int_base(int)' into 'ap_int<8>::ap_int(int)'
INFO: [HLS 214-131] Inlining function 'ap_int_base<32, true>::ap_int_base(int)' into 'ap_int<32>::ap_int(int)'
INFO: [HLS 214-131] Inlining function '_ZN8ssdm_intILi24ELb0EEC2EDq24_j' into 'ap_int_base<24, false>::ap_int_base<16, false>(ap_int_base<16, false> const&)' (D:/Xilinx/Vitis_HLS/2022.2/common/technology/autopilot\ap_int_base.h:185:106)
INFO: [HLS 214-131] Inlining function '_ZN8ssdm_intILi24ELb0EEC2EDq24_j' into 'ap_int_base<24, false>::ap_int_base<8, false>(ap_int_base<8, false> const&)' (D:/Xilinx/Vitis_HLS/2022.2/common/technology/autopilot\ap_int_base.h:185:106)
INFO: [HLS 214-131] Inlining function '_ZN8ssdm_intILi24ELb0EEC2EDq24_j' into 'ap_int_base<24, false>::ap_int_base(int)' (D:/Xilinx/Vitis_HLS/2022.2/common/technology/autopilot\ap_int_base.h:214:67)
INFO: [HLS 214-131] Inlining function 'ap_int_base<24, false>::ap_int_base<16, false>(ap_int_base<16, false> const&)' into 'ap_int_base<16, false>::RType<8, false>::mult operator*<16, false, 8, false>(ap_int_base<16, false> const&, ap_int_base<8, false> const&)' (D:/Xilinx/Vitis_HLS/2022.2/common/technology/autopilot\ap_int_base.h:1494:339)
INFO: [HLS 214-131] Inlining function 'ap_int_base<24, false>::ap_int_base(int)' into 'ap_int_base<16, false>::RType<8, false>::mult operator*<16, false, 8, false>(ap_int_base<16, false> const&, ap_int_base<8, false> const&)' (D:/Xilinx/Vitis_HLS/2022.2/common/technology/autopilot\ap_int_base.h:1494:516)
INFO: [HLS 214-131] Inlining function 'ap_int_base<24, false>::ap_int_base<8, false>(ap_int_base<8, false> const&)' into 'ap_int_base<16, false>::RType<8, false>::mult operator*<16, false, 8, false>(ap_int_base<16, false> const&, ap_int_base<8, false> const&)' (D:/Xilinx/Vitis_HLS/2022.2/common/technology/autopilot\ap_int_base.h:1494:427)
INFO: [HLS 214-131] Inlining function 'ssdm_int<32, false>::ssdm_int(unsigned int)' into 'ap_int_base<32, false>::ap_int_base<24, false>(ap_int_base<24, false> const&)' (D:/Xilinx/Vitis_HLS/2022.2/common/technology/autopilot\ap_int_base.h:185:106)
INFO: [HLS 214-131] Inlining function 'ssdm_int<32, false>::ssdm_int(unsigned int)' into 'ap_int_base<32, false>::ap_int_base<8, false>(ap_int_base<8, false> const&)' (D:/Xilinx/Vitis_HLS/2022.2/common/technology/autopilot\ap_int_base.h:185:106)
INFO: [HLS 214-131] Inlining function 'ssdm_int<32, false>::ssdm_int(unsigned int)' into 'ap_int_base<32, false>::ap_int_base(int)' (D:/Xilinx/Vitis_HLS/2022.2/common/technology/autopilot\ap_int_base.h:214:67)
INFO: [HLS 214-131] Inlining function 'ap_int_base<32, false>::ap_int_base<24, false>(ap_int_base<24, false> const&)' into 'ap_int_base<24, false>::RType<8, false>::mult operator*<24, false, 8, false>(ap_int_base<24, false> const&, ap_int_base<8, false> const&)' (D:/Xilinx/Vitis_HLS/2022.2/common/technology/autopilot\ap_int_base.h:1494:339)
INFO: [HLS 214-131] Inlining function 'ap_int_base<32, false>::ap_int_base(int)' into 'ap_int_base<24, false>::RType<8, false>::mult operator*<24, false, 8, false>(ap_int_base<24, false> const&, ap_int_base<8, false> const&)' (D:/Xilinx/Vitis_HLS/2022.2/common/technology/autopilot\ap_int_base.h:1494:516)
INFO: [HLS 214-131] Inlining function 'ap_int_base<32, false>::ap_int_base<8, false>(ap_int_base<8, false> const&)' into 'ap_int_base<24, false>::RType<8, false>::mult operator*<24, false, 8, false>(ap_int_base<24, false> const&, ap_int_base<8, false> const&)' (D:/Xilinx/Vitis_HLS/2022.2/common/technology/autopilot\ap_int_base.h:1494:427)
INFO: [HLS 214-131] Inlining function 'ap_int_base<32, true>::ap_int_base(int)' into 'bool operator<<32, false>(int, ap_int_base<32, false> const&)' (D:/Xilinx/Vitis_HLS/2022.2/common/technology/autopilot\ap_int_base.h:1788:520)
INFO: [HLS 214-131] Inlining function 'bool ap_int_base<32, true>::operator<<32, false>(ap_int_base<32, false> const&) const' into 'bool operator<<32, false>(int, ap_int_base<32, false> const&)' (D:/Xilinx/Vitis_HLS/2022.2/common/technology/autopilot\ap_int_base.h:1788:558)
INFO: [HLS 214-131] Inlining function 'ssdm_int<16, false>::ssdm_int(unsigned short)' into 'ap_int_base<16, false>::ap_int_base<8, false>(ap_int_base<8, false> const&)' (D:/Xilinx/Vitis_HLS/2022.2/common/technology/autopilot\ap_int_base.h:185:106)
INFO: [HLS 214-131] Inlining function 'ssdm_int<16, false>::ssdm_int(unsigned short)' into 'ap_int_base<16, false>::ap_int_base(int)' (D:/Xilinx/Vitis_HLS/2022.2/common/technology/autopilot\ap_int_base.h:214:67)
INFO: [HLS 214-131] Inlining function 'ap_int_base<16, false>::ap_int_base<8, false>(ap_int_base<8, false> const&)' into 'ap_int_base<8, false>::RType<8, false>::mult operator*<8, false, 8, false>(ap_int_base<8, false> const&, ap_int_base<8, false> const&)' (D:/Xilinx/Vitis_HLS/2022.2/common/technology/autopilot\ap_int_base.h:1494:339)
INFO: [HLS 214-131] Inlining function 'ap_int_base<16, false>::ap_int_base(int)' into 'ap_int_base<8, false>::RType<8, false>::mult operator*<8, false, 8, false>(ap_int_base<8, false> const&, ap_int_base<8, false> const&)' (D:/Xilinx/Vitis_HLS/2022.2/common/technology/autopilot\ap_int_base.h:1494:516)
INFO: [HLS 214-131] Inlining function 'ap_int_base<16, false>::ap_int_base<8, false>(ap_int_base<8, false> const&)' into 'ap_int_base<8, false>::RType<8, false>::mult operator*<8, false, 8, false>(ap_int_base<8, false> const&, ap_int_base<8, false> const&)' (D:/Xilinx/Vitis_HLS/2022.2/common/technology/autopilot\ap_int_base.h:1494:427)
INFO: [HLS 214-131] Inlining function 'ap_int_base<32, true>::ap_int_base(int)' into 'ap_int_base<32, true>::RType<16, false>::div operator/<32, true, 16, false>(ap_int_base<32, true> const&, ap_int_base<16, false> const&)' (D:/Xilinx/Vitis_HLS/2022.2/common/technology/autopilot\ap_int_base.h:1513:337)
INFO: [HLS 214-131] Inlining function '_ZN8ssdm_intILi17ELb1EEC2EDq17_i' into 'ap_int_base<17, true>::ap_int_base<32, true>(ap_int_base<32, true> const&)' (D:/Xilinx/Vitis_HLS/2022.2/common/technology/autopilot\ap_int_base.h:185:106)
INFO: [HLS 214-131] Inlining function 'ap_int_base<17, true>::ap_int_base<32, true>(ap_int_base<32, true> const&)' into 'ap_int<17>::ap_int<32>(ap_int<32> const&)'
INFO: [HLS 214-131] Inlining function 'ap_int_base<32, true>::ap_int_base(int)' into 'ap_int_base<16, false>::RType<($_0)32, true>::div operator/<16, false>(int, ap_int_base<16, false> const&)' (D:/Xilinx/Vitis_HLS/2022.2/common/technology/autopilot\ap_int_base.h:1633:1786)
INFO: [HLS 214-131] Inlining function 'ap_int_base<32, true>::RType<16, false>::div operator/<32, true, 16, false>(ap_int_base<32, true> const&, ap_int_base<16, false> const&)' into 'ap_int_base<16, false>::RType<($_0)32, true>::div operator/<16, false>(int, ap_int_base<16, false> const&)' (D:/Xilinx/Vitis_HLS/2022.2/common/technology/autopilot\ap_int_base.h:1633:1824)
INFO: [HLS 214-131] Inlining function '_ZN8ssdm_intILi17ELb1EEC2EDq17_i' into 'ap_int_base<17, true>::ap_int_base(int)' (D:/Xilinx/Vitis_HLS/2022.2/common/technology/autopilot\ap_int_base.h:214:67)
INFO: [HLS 214-131] Inlining function 'ap_int_base<17, true>::ap_int_base(int)' into 'ap_int_base<32, true>::RType<16, false>::mod operator%<32, true, 16, false>(ap_int_base<32, true> const&, ap_int_base<16, false> const&)' (D:/Xilinx/Vitis_HLS/2022.2/common/technology/autopilot\ap_int_base.h:1514:337)
INFO: [HLS 214-131] Inlining function 'ssdm_int<16, false>::ssdm_int(unsigned short)' into 'ap_int_base<16, false>::ap_int_base<17, true>(ap_int_base<17, true> const&)' (D:/Xilinx/Vitis_HLS/2022.2/common/technology/autopilot\ap_int_base.h:185:106)
INFO: [HLS 214-131] Inlining function 'ap_int_base<16, false>::ap_int_base<17, true>(ap_int_base<17, true> const&)' into 'ap_uint<16>::ap_uint<17>(ap_int<17> const&)'
INFO: [HLS 214-131] Inlining function 'ap_int_base<32, true>::ap_int_base(int)' into 'ap_int_base<16, false>::RType<($_0)32, true>::mod operator%<16, false>(int, ap_int_base<16, false> const&)' (D:/Xilinx/Vitis_HLS/2022.2/common/technology/autopilot\ap_int_base.h:1633:2307)
INFO: [HLS 214-131] Inlining function 'ap_int_base<32, true>::RType<16, false>::mod operator%<32, true, 16, false>(ap_int_base<32, true> const&, ap_int_base<16, false> const&)' into 'ap_int_base<16, false>::RType<($_0)32, true>::mod operator%<16, false>(int, ap_int_base<16, false> const&)' (D:/Xilinx/Vitis_HLS/2022.2/common/technology/autopilot\ap_int_base.h:1633:2345)
INFO: [HLS 214-131] Inlining function 'ap_int_base<32, true>::ap_int_base(int)' into 'ap_int_base<32, true>::RType<8, false>::div operator/<32, true, 8, false>(ap_int_base<32, true> const&, ap_int_base<8, false> const&)' (D:/Xilinx/Vitis_HLS/2022.2/common/technology/autopilot\ap_int_base.h:1513:337)
INFO: [HLS 214-131] Inlining function '_ZN8ssdm_intILi9ELb1EEC2EDq9_i' into 'ap_int_base<9, true>::ap_int_base<32, true>(ap_int_base<32, true> const&)' (D:/Xilinx/Vitis_HLS/2022.2/common/technology/autopilot\ap_int_base.h:185:106)
INFO: [HLS 214-131] Inlining function 'ap_int_base<9, true>::ap_int_base<32, true>(ap_int_base<32, true> const&)' into 'ap_int<9>::ap_int<32>(ap_int<32> const&)'
INFO: [HLS 214-131] Inlining function 'ap_int_base<32, true>::ap_int_base(int)' into 'ap_int_base<8, false>::RType<($_0)32, true>::div operator/<8, false>(int, ap_int_base<8, false> const&)' (D:/Xilinx/Vitis_HLS/2022.2/common/technology/autopilot\ap_int_base.h:1633:1786)
INFO: [HLS 214-131] Inlining function 'ap_int_base<32, true>::RType<8, false>::div operator/<32, true, 8, false>(ap_int_base<32, true> const&, ap_int_base<8, false> const&)' into 'ap_int_base<8, false>::RType<($_0)32, true>::div operator/<8, false>(int, ap_int_base<8, false> const&)' (D:/Xilinx/Vitis_HLS/2022.2/common/technology/autopilot\ap_int_base.h:1633:1824)
INFO: [HLS 214-131] Inlining function '_ZN8ssdm_intILi9ELb1EEC2EDq9_i' into 'ap_int_base<9, true>::ap_int_base(int)' (D:/Xilinx/Vitis_HLS/2022.2/common/technology/autopilot\ap_int_base.h:214:67)
INFO: [HLS 214-131] Inlining function 'ap_int_base<9, true>::ap_int_base(int)' into 'ap_int_base<32, true>::RType<8, false>::mod operator%<32, true, 8, false>(ap_int_base<32, true> const&, ap_int_base<8, false> const&)' (D:/Xilinx/Vitis_HLS/2022.2/common/technology/autopilot\ap_int_base.h:1514:337)
INFO: [HLS 214-131] Inlining function 'ssdm_int<8, false>::ssdm_int(unsigned char)' into 'ap_int_base<8, false>::ap_int_base<9, true>(ap_int_base<9, true> const&)' (D:/Xilinx/Vitis_HLS/2022.2/common/technology/autopilot\ap_int_base.h:185:106)
INFO: [HLS 214-131] Inlining function 'ap_int_base<8, false>::ap_int_base<9, true>(ap_int_base<9, true> const&)' into 'ap_uint<8>::ap_uint<9>(ap_int<9> const&)'
INFO: [HLS 214-131] Inlining function 'ap_int_base<32, true>::ap_int_base(int)' into 'ap_int_base<8, false>::RType<($_0)32, true>::mod operator%<8, false>(int, ap_int_base<8, false> const&)' (D:/Xilinx/Vitis_HLS/2022.2/common/technology/autopilot\ap_int_base.h:1633:2307)
INFO: [HLS 214-131] Inlining function 'ap_int_base<32, true>::RType<8, false>::mod operator%<32, true, 8, false>(ap_int_base<32, true> const&, ap_int_base<8, false> const&)' into 'ap_int_base<8, false>::RType<($_0)32, true>::mod operator%<8, false>(int, ap_int_base<8, false> const&)' (D:/Xilinx/Vitis_HLS/2022.2/common/technology/autopilot\ap_int_base.h:1633:2345)
INFO: [HLS 214-131] Inlining function '_ZN8ssdm_intILi48ELb1EEC2EDq48_i' into 'ap_int_base<48, true>::ap_int_base<32, true>(ap_int_base<32, true> const&)' (D:/Xilinx/Vitis_HLS/2022.2/common/technology/autopilot\ap_int_base.h:185:106)
INFO: [HLS 214-131] Inlining function '_ZN8ssdm_intILi48ELb1EEC2EDq48_i' into 'ap_int_base<48, true>::ap_int_base<16, false>(ap_int_base<16, false> const&)' (D:/Xilinx/Vitis_HLS/2022.2/common/technology/autopilot\ap_int_base.h:185:106)
INFO: [HLS 214-131] Inlining function '_ZN8ssdm_intILi48ELb1EEC2EDq48_i' into 'ap_int_base<48, true>::ap_int_base(int)' (D:/Xilinx/Vitis_HLS/2022.2/common/technology/autopilot\ap_int_base.h:214:67)
INFO: [HLS 214-131] Inlining function 'ap_int_base<48, true>::ap_int_base<32, true>(ap_int_base<32, true> const&)' into 'ap_int_base<32, true>::RType<16, false>::mult operator*<32, true, 16, false>(ap_int_base<32, true> const&, ap_int_base<16, false> const&)' (D:/Xilinx/Vitis_HLS/2022.2/common/technology/autopilot\ap_int_base.h:1494:339)
INFO: [HLS 214-131] Inlining function 'ap_int_base<48, true>::ap_int_base(int)' into 'ap_int_base<32, true>::RType<16, false>::mult operator*<32, true, 16, false>(ap_int_base<32, true> const&, ap_int_base<16, false> const&)' (D:/Xilinx/Vitis_HLS/2022.2/common/technology/autopilot\ap_int_base.h:1494:516)
INFO: [HLS 214-131] Inlining function 'ap_int_base<48, true>::ap_int_base<16, false>(ap_int_base<16, false> const&)' into 'ap_int_base<32, true>::RType<16, false>::mult operator*<32, true, 16, false>(ap_int_base<32, true> const&, ap_int_base<16, false> const&)' (D:/Xilinx/Vitis_HLS/2022.2/common/technology/autopilot\ap_int_base.h:1494:427)
INFO: [HLS 214-131] Inlining function 'ap_int_base<32, true>::ap_int_base(int)' into 'ap_int_base<16, false>::RType<($_0)32, true>::mult operator*<16, false>(int, ap_int_base<16, false> const&)' (D:/Xilinx/Vitis_HLS/2022.2/common/technology/autopilot\ap_int_base.h:1633:216)
INFO: [HLS 214-131] Inlining function 'ap_int_base<32, true>::RType<16, false>::mult operator*<32, true, 16, false>(ap_int_base<32, true> const&, ap_int_base<16, false> const&)' into 'ap_int_base<16, false>::RType<($_0)32, true>::mult operator*<16, false>(int, ap_int_base<16, false> const&)' (D:/Xilinx/Vitis_HLS/2022.2/common/technology/autopilot\ap_int_base.h:1633:254)
INFO: [HLS 214-131] Inlining function '_ZN8ssdm_intILi49ELb1EEC2EDq49_i' into 'ap_int_base<49, true>::ap_int_base<48, true>(ap_int_base<48, true> const&)' (D:/Xilinx/Vitis_HLS/2022.2/common/technology/autopilot\ap_int_base.h:185:106)
INFO: [HLS 214-131] Inlining function '_ZN8ssdm_intILi49ELb1EEC2EDq49_i' into 'ap_int_base<49, true>::ap_int_base<32, true>(ap_int_base<32, true> const&)' (D:/Xilinx/Vitis_HLS/2022.2/common/technology/autopilot\ap_int_base.h:185:106)
INFO: [HLS 214-131] Inlining function '_ZN8ssdm_intILi49ELb1EEC2EDq49_i' into 'ap_int_base<49, true>::ap_int_base(int)' (D:/Xilinx/Vitis_HLS/2022.2/common/technology/autopilot\ap_int_base.h:214:67)
INFO: [HLS 214-131] Inlining function 'ap_int_base<49, true>::ap_int_base<48, true>(ap_int_base<48, true> const&)' into 'ap_int_base<48, true>::RType<32, true>::plus operator+<48, true, 32, true>(ap_int_base<48, true> const&, ap_int_base<32, true> const&)' (D:/Xilinx/Vitis_HLS/2022.2/common/technology/autopilot\ap_int_base.h:1495:339)
INFO: [HLS 214-131] Inlining function 'ap_int_base<49, true>::ap_int_base(int)' into 'ap_int_base<48, true>::RType<32, true>::plus operator+<48, true, 32, true>(ap_int_base<48, true> const&, ap_int_base<32, true> const&)' (D:/Xilinx/Vitis_HLS/2022.2/common/technology/autopilot\ap_int_base.h:1495:516)
INFO: [HLS 214-131] Inlining function 'ap_int_base<49, true>::ap_int_base<32, true>(ap_int_base<32, true> const&)' into 'ap_int_base<48, true>::RType<32, true>::plus operator+<48, true, 32, true>(ap_int_base<48, true> const&, ap_int_base<32, true> const&)' (D:/Xilinx/Vitis_HLS/2022.2/common/technology/autopilot\ap_int_base.h:1495:427)
INFO: [HLS 214-131] Inlining function 'ap_int_base<32, true>::ap_int_base(int)' into 'ap_int_base<48, true>::RType<($_0)32, true>::plus operator+<48, true>(ap_int_base<48, true> const&, int)' (D:/Xilinx/Vitis_HLS/2022.2/common/technology/autopilot\ap_int_base.h:1633:1006)
INFO: [HLS 214-131] Inlining function 'ap_int_base<48, true>::RType<32, true>::plus operator+<48, true, 32, true>(ap_int_base<48, true> const&, ap_int_base<32, true> const&)' into 'ap_int_base<48, true>::RType<($_0)32, true>::plus operator+<48, true>(ap_int_base<48, true> const&, int)' (D:/Xilinx/Vitis_HLS/2022.2/common/technology/autopilot\ap_int_base.h:1633:1004)
INFO: [HLS 214-131] Inlining function '_ZN8ssdm_intILi65ELb1EEC2EDq65_i' into 'ap_int_base<65, true>::ap_int_base<49, true>(ap_int_base<49, true> const&)' (D:/Xilinx/Vitis_HLS/2022.2/common/technology/autopilot\ap_int_base.h:185:106)
INFO: [HLS 214-131] Inlining function '_ZN8ssdm_intILi65ELb1EEC2EDq65_i' into 'ap_int_base<65, true>::ap_int_base<16, false>(ap_int_base<16, false> const&)' (D:/Xilinx/Vitis_HLS/2022.2/common/technology/autopilot\ap_int_base.h:185:106)
INFO: [HLS 214-131] Inlining function '_ZN8ssdm_intILi65ELb1EEC2EDq65_i' into 'ap_int_base<65, true>::ap_int_base(int)' (D:/Xilinx/Vitis_HLS/2022.2/common/technology/autopilot\ap_int_base.h:214:67)
INFO: [HLS 214-131] Inlining function 'ap_int_base<65, true>::ap_int_base<49, true>(ap_int_base<49, true> const&)' into 'ap_int_base<49, true>::RType<16, false>::mult operator*<49, true, 16, false>(ap_int_base<49, true> const&, ap_int_base<16, false> const&)' (D:/Xilinx/Vitis_HLS/2022.2/common/technology/autopilot\ap_int_base.h:1494:339)
INFO: [HLS 214-131] Inlining function 'ap_int_base<65, true>::ap_int_base(int)' into 'ap_int_base<49, true>::RType<16, false>::mult operator*<49, true, 16, false>(ap_int_base<49, true> const&, ap_int_base<16, false> const&)' (D:/Xilinx/Vitis_HLS/2022.2/common/technology/autopilot\ap_int_base.h:1494:516)
INFO: [HLS 214-131] Inlining function 'ap_int_base<65, true>::ap_int_base<16, false>(ap_int_base<16, false> const&)' into 'ap_int_base<49, true>::RType<16, false>::mult operator*<49, true, 16, false>(ap_int_base<49, true> const&, ap_int_base<16, false> const&)' (D:/Xilinx/Vitis_HLS/2022.2/common/technology/autopilot\ap_int_base.h:1494:427)
INFO: [HLS 214-131] Inlining function '_ZN8ssdm_intILi66ELb1EEC2EDq66_i' into 'ap_int_base<66, true>::ap_int_base<65, true>(ap_int_base<65, true> const&)' (D:/Xilinx/Vitis_HLS/2022.2/common/technology/autopilot\ap_int_base.h:185:106)
INFO: [HLS 214-131] Inlining function '_ZN8ssdm_intILi66ELb1EEC2EDq66_i' into 'ap_int_base<66, true>::ap_int_base<32, true>(ap_int_base<32, true> const&)' (D:/Xilinx/Vitis_HLS/2022.2/common/technology/autopilot\ap_int_base.h:185:106)
INFO: [HLS 214-131] Inlining function '_ZN8ssdm_intILi66ELb1EEC2EDq66_i' into 'ap_int_base<66, true>::ap_int_base(int)' (D:/Xilinx/Vitis_HLS/2022.2/common/technology/autopilot\ap_int_base.h:214:67)
INFO: [HLS 214-131] Inlining function 'ap_int_base<66, true>::ap_int_base<65, true>(ap_int_base<65, true> const&)' into 'ap_int_base<65, true>::RType<32, true>::plus operator+<65, true, 32, true>(ap_int_base<65, true> const&, ap_int_base<32, true> const&)' (D:/Xilinx/Vitis_HLS/2022.2/common/technology/autopilot\ap_int_base.h:1495:339)
INFO: [HLS 214-131] Inlining function 'ap_int_base<66, true>::ap_int_base(int)' into 'ap_int_base<65, true>::RType<32, true>::plus operator+<65, true, 32, true>(ap_int_base<65, true> const&, ap_int_base<32, true> const&)' (D:/Xilinx/Vitis_HLS/2022.2/common/technology/autopilot\ap_int_base.h:1495:516)
INFO: [HLS 214-131] Inlining function 'ap_int_base<66, true>::ap_int_base<32, true>(ap_int_base<32, true> const&)' into 'ap_int_base<65, true>::RType<32, true>::plus operator+<65, true, 32, true>(ap_int_base<65, true> const&, ap_int_base<32, true> const&)' (D:/Xilinx/Vitis_HLS/2022.2/common/technology/autopilot\ap_int_base.h:1495:427)
INFO: [HLS 214-131] Inlining function 'ap_int_base<32, true>::ap_int_base(int)' into 'ap_int_base<65, true>::RType<($_0)32, true>::plus operator+<65, true>(ap_int_base<65, true> const&, int)' (D:/Xilinx/Vitis_HLS/2022.2/common/technology/autopilot\ap_int_base.h:1633:1006)
INFO: [HLS 214-131] Inlining function 'ap_int_base<65, true>::RType<32, true>::plus operator+<65, true, 32, true>(ap_int_base<65, true> const&, ap_int_base<32, true> const&)' into 'ap_int_base<65, true>::RType<($_0)32, true>::plus operator+<65, true>(ap_int_base<65, true> const&, int)' (D:/Xilinx/Vitis_HLS/2022.2/common/technology/autopilot\ap_int_base.h:1633:1004)
INFO: [HLS 214-131] Inlining function '_ZN8ssdm_intILi56ELb1EEC2EDq56_i' into 'ap_int_base<56, true>::ap_int_base<48, true>(ap_int_base<48, true> const&)' (D:/Xilinx/Vitis_HLS/2022.2/common/technology/autopilot\ap_int_base.h:185:106)
INFO: [HLS 214-131] Inlining function '_ZN8ssdm_intILi56ELb1EEC2EDq56_i' into 'ap_int_base<56, true>::ap_int_base<8, false>(ap_int_base<8, false> const&)' (D:/Xilinx/Vitis_HLS/2022.2/common/technology/autopilot\ap_int_base.h:185:106)
INFO: [HLS 214-131] Inlining function '_ZN8ssdm_intILi56ELb1EEC2EDq56_i' into 'ap_int_base<56, true>::ap_int_base(int)' (D:/Xilinx/Vitis_HLS/2022.2/common/technology/autopilot\ap_int_base.h:214:67)
INFO: [HLS 214-131] Inlining function 'ap_int_base<56, true>::ap_int_base<48, true>(ap_int_base<48, true> const&)' into 'ap_int_base<48, true>::RType<8, false>::mult operator*<48, true, 8, false>(ap_int_base<48, true> const&, ap_int_base<8, false> const&)' (D:/Xilinx/Vitis_HLS/2022.2/common/technology/autopilot\ap_int_base.h:1494:339)
INFO: [HLS 214-131] Inlining function 'ap_int_base<56, true>::ap_int_base(int)' into 'ap_int_base<48, true>::RType<8, false>::mult operator*<48, true, 8, false>(ap_int_base<48, true> const&, ap_int_base<8, false> const&)' (D:/Xilinx/Vitis_HLS/2022.2/common/technology/autopilot\ap_int_base.h:1494:516)
INFO: [HLS 214-131] Inlining function 'ap_int_base<56, true>::ap_int_base<8, false>(ap_int_base<8, false> const&)' into 'ap_int_base<48, true>::RType<8, false>::mult operator*<48, true, 8, false>(ap_int_base<48, true> const&, ap_int_base<8, false> const&)' (D:/Xilinx/Vitis_HLS/2022.2/common/technology/autopilot\ap_int_base.h:1494:427)
INFO: [HLS 214-131] Inlining function 'ssdm_int<64, true>::ssdm_int(long)' into 'ap_int_base<64, true>::ap_int_base<56, true>(ap_int_base<56, true> const&)' (D:/Xilinx/Vitis_HLS/2022.2/common/technology/autopilot\ap_int_base.h:185:106)
INFO: [HLS 214-131] Inlining function 'ssdm_int<64, true>::ssdm_int(long)' into 'ap_int_base<64, true>::ap_int_base<8, false>(ap_int_base<8, false> const&)' (D:/Xilinx/Vitis_HLS/2022.2/common/technology/autopilot\ap_int_base.h:185:106)
INFO: [HLS 214-131] Inlining function 'ssdm_int<64, true>::ssdm_int(long)' into 'ap_int_base<64, true>::ap_int_base(int)' (D:/Xilinx/Vitis_HLS/2022.2/common/technology/autopilot\ap_int_base.h:214:67)
INFO: [HLS 214-131] Inlining function 'ap_int_base<64, true>::ap_int_base<56, true>(ap_int_base<56, true> const&)' into 'ap_int_base<56, true>::RType<8, false>::mult operator*<56, true, 8, false>(ap_int_base<56, true> const&, ap_int_base<8, false> const&)' (D:/Xilinx/Vitis_HLS/2022.2/common/technology/autopilot\ap_int_base.h:1494:339)
INFO: [HLS 214-131] Inlining function 'ap_int_base<64, true>::ap_int_base(int)' into 'ap_int_base<56, true>::RType<8, false>::mult operator*<56, true, 8, false>(ap_int_base<56, true> const&, ap_int_base<8, false> const&)' (D:/Xilinx/Vitis_HLS/2022.2/common/technology/autopilot\ap_int_base.h:1494:516)
INFO: [HLS 214-131] Inlining function 'ap_int_base<64, true>::ap_int_base<8, false>(ap_int_base<8, false> const&)' into 'ap_int_base<56, true>::RType<8, false>::mult operator*<56, true, 8, false>(ap_int_base<56, true> const&, ap_int_base<8, false> const&)' (D:/Xilinx/Vitis_HLS/2022.2/common/technology/autopilot\ap_int_base.h:1494:427)
INFO: [HLS 214-131] Inlining function '_ZN8ssdm_intILi48ELb1EEC2EDq48_i' into 'ap_int_base<48, true>::ap_int_base<40, true>(ap_int_base<40, true> const&)' (D:/Xilinx/Vitis_HLS/2022.2/common/technology/autopilot\ap_int_base.h:185:106)
INFO: [HLS 214-131] Inlining function '_ZN8ssdm_intILi48ELb1EEC2EDq48_i' into 'ap_int_base<48, true>::ap_int_base<8, false>(ap_int_base<8, false> const&)' (D:/Xilinx/Vitis_HLS/2022.2/common/technology/autopilot\ap_int_base.h:185:106)
INFO: [HLS 214-131] Inlining function 'ap_int_base<48, true>::ap_int_base<40, true>(ap_int_base<40, true> const&)' into 'ap_int_base<40, true>::RType<8, false>::mult operator*<40, true, 8, false>(ap_int_base<40, true> const&, ap_int_base<8, false> const&)' (D:/Xilinx/Vitis_HLS/2022.2/common/technology/autopilot\ap_int_base.h:1494:339)
INFO: [HLS 214-131] Inlining function 'ap_int_base<48, true>::ap_int_base(int)' into 'ap_int_base<40, true>::RType<8, false>::mult operator*<40, true, 8, false>(ap_int_base<40, true> const&, ap_int_base<8, false> const&)' (D:/Xilinx/Vitis_HLS/2022.2/common/technology/autopilot\ap_int_base.h:1494:516)
INFO: [HLS 214-131] Inlining function 'ap_int_base<48, true>::ap_int_base<8, false>(ap_int_base<8, false> const&)' into 'ap_int_base<40, true>::RType<8, false>::mult operator*<40, true, 8, false>(ap_int_base<40, true> const&, ap_int_base<8, false> const&)' (D:/Xilinx/Vitis_HLS/2022.2/common/technology/autopilot\ap_int_base.h:1494:427)
INFO: [HLS 214-131] Inlining function '_ZN8ssdm_intILi65ELb1EEC2EDq65_i' into 'ap_int_base<65, true>::ap_int_base<64, true>(ap_int_base<64, true> const&)' (D:/Xilinx/Vitis_HLS/2022.2/common/technology/autopilot\ap_int_base.h:185:106)
INFO: [HLS 214-131] Inlining function '_ZN8ssdm_intILi65ELb1EEC2EDq65_i' into 'ap_int_base<65, true>::ap_int_base<48, true>(ap_int_base<48, true> const&)' (D:/Xilinx/Vitis_HLS/2022.2/common/technology/autopilot\ap_int_base.h:185:106)
INFO: [HLS 214-131] Inlining function 'ap_int_base<65, true>::ap_int_base<64, true>(ap_int_base<64, true> const&)' into 'ap_int_base<64, true>::RType<48, true>::plus operator+<64, true, 48, true>(ap_int_base<64, true> const&, ap_int_base<48, true> const&)' (D:/Xilinx/Vitis_HLS/2022.2/common/technology/autopilot\ap_int_base.h:1495:339)
INFO: [HLS 214-131] Inlining function 'ap_int_base<65, true>::ap_int_base(int)' into 'ap_int_base<64, true>::RType<48, true>::plus operator+<64, true, 48, true>(ap_int_base<64, true> const&, ap_int_base<48, true> const&)' (D:/Xilinx/Vitis_HLS/2022.2/common/technology/autopilot\ap_int_base.h:1495:516)
INFO: [HLS 214-131] Inlining function 'ap_int_base<65, true>::ap_int_base<48, true>(ap_int_base<48, true> const&)' into 'ap_int_base<64, true>::RType<48, true>::plus operator+<64, true, 48, true>(ap_int_base<64, true> const&, ap_int_base<48, true> const&)' (D:/Xilinx/Vitis_HLS/2022.2/common/technology/autopilot\ap_int_base.h:1495:427)
INFO: [HLS 214-131] Inlining function 'ssdm_int<32, true>::ssdm_int(int)' into 'ap_int_base<32, true>::ap_int_base<8, true>(ap_int_base<8, true> const&)' (D:/Xilinx/Vitis_HLS/2022.2/common/technology/autopilot\ap_int_base.h:185:106)
INFO: [HLS 214-131] Inlining function 'ap_int_base<32, true>::ap_int_base<8, true>(ap_int_base<8, true> const&)' into 'ap_int<32>::ap_int<8>(ap_int<8> const&)'
INFO: [HLS 214-131] Inlining function 'ssdm_int<64, true>::ssdm_int(long)' into 'ap_int_base<64, true>::ap_int_base<32, true>(ap_int_base<32, true> const&)' (D:/Xilinx/Vitis_HLS/2022.2/common/technology/autopilot\ap_int_base.h:185:106)
INFO: [HLS 214-131] Inlining function 'ap_int_base<64, true>::ap_int_base<32, true>(ap_int_base<32, true> const&)' into 'ap_int_base<32, true>::RType<32, true>::mult operator*<32, true, 32, true>(ap_int_base<32, true> const&, ap_int_base<32, true> const&)' (D:/Xilinx/Vitis_HLS/2022.2/common/technology/autopilot\ap_int_base.h:1494:339)
INFO: [HLS 214-131] Inlining function 'ap_int_base<64, true>::ap_int_base(int)' into 'ap_int_base<32, true>::RType<32, true>::mult operator*<32, true, 32, true>(ap_int_base<32, true> const&, ap_int_base<32, true> const&)' (D:/Xilinx/Vitis_HLS/2022.2/common/technology/autopilot\ap_int_base.h:1494:516)
INFO: [HLS 214-131] Inlining function 'ap_int_base<64, true>::ap_int_base<32, true>(ap_int_base<32, true> const&)' into 'ap_int_base<32, true>::RType<32, true>::mult operator*<32, true, 32, true>(ap_int_base<32, true> const&, ap_int_base<32, true> const&)' (D:/Xilinx/Vitis_HLS/2022.2/common/technology/autopilot\ap_int_base.h:1494:427)
INFO: [HLS 214-131] Inlining function '_ZN8ssdm_intILi33ELb1EEC2EDq33_i' into 'ap_int_base<33, true>::ap_int_base<32, true>(ap_int_base<32, true> const&)' (D:/Xilinx/Vitis_HLS/2022.2/common/technology/autopilot\ap_int_base.h:185:106)
INFO: [HLS 214-131] Inlining function '_ZN8ssdm_intILi33ELb1EEC2EDq33_i' into 'ap_int_base<33, true>::ap_int_base(int)' (D:/Xilinx/Vitis_HLS/2022.2/common/technology/autopilot\ap_int_base.h:214:67)
INFO: [HLS 214-131] Inlining function 'ap_int_base<33, true>::ap_int_base<32, true>(ap_int_base<32, true> const&)' into 'ap_int_base<32, true>::RType<32, true>::minus operator-<32, true, 32, true>(ap_int_base<32, true> const&, ap_int_base<32, true> const&)' (D:/Xilinx/Vitis_HLS/2022.2/common/technology/autopilot\ap_int_base.h:1496:341)
INFO: [HLS 214-131] Inlining function 'ap_int_base<33, true>::ap_int_base(int)' into 'ap_int_base<32, true>::RType<32, true>::minus operator-<32, true, 32, true>(ap_int_base<32, true> const&, ap_int_base<32, true> const&)' (D:/Xilinx/Vitis_HLS/2022.2/common/technology/autopilot\ap_int_base.h:1496:520)
INFO: [HLS 214-131] Inlining function 'ap_int_base<33, true>::ap_int_base<32, true>(ap_int_base<32, true> const&)' into 'ap_int_base<32, true>::RType<32, true>::minus operator-<32, true, 32, true>(ap_int_base<32, true> const&, ap_int_base<32, true> const&)' (D:/Xilinx/Vitis_HLS/2022.2/common/technology/autopilot\ap_int_base.h:1496:430)
INFO: [HLS 214-131] Inlining function 'ssdm_int<32, true>::ssdm_int(int)' into 'ap_int_base<32, true>::ap_int_base<33, true>(ap_int_base<33, true> const&)' (D:/Xilinx/Vitis_HLS/2022.2/common/technology/autopilot\ap_int_base.h:185:106)
INFO: [HLS 214-131] Inlining function 'ap_int_base<32, true>::ap_int_base<33, true>(ap_int_base<33, true> const&)' into 'ap_int<32>::ap_int<33>(ap_int<33> const&)'
INFO: [HLS 214-131] Inlining function 'ap_int_base<65, true>::ap_int_base(int)' into 'ap_int_base<64, true>::RType<32, true>::div operator/<64, true, 32, true>(ap_int_base<64, true> const&, ap_int_base<32, true> const&)' (D:/Xilinx/Vitis_HLS/2022.2/common/technology/autopilot\ap_int_base.h:1513:337)
INFO: [HLS 214-131] Inlining function 'ssdm_int<32, true>::ssdm_int(int)' into 'ap_int_base<32, true>::ap_int_base<65, true>(ap_int_base<65, true> const&)' (D:/Xilinx/Vitis_HLS/2022.2/common/technology/autopilot\ap_int_base.h:185:106)
INFO: [HLS 214-131] Inlining function 'ap_int_base<32, true>::ap_int_base<65, true>(ap_int_base<65, true> const&)' into 'ap_int<32>::ap_int<65>(ap_int<65> const&)'
INFO: [HLS 214-131] Inlining function 'ap_int_base<32, true>::ap_int_base(int)' into 'bool operator><32, true>(ap_int_base<32, true> const&, int)' (D:/Xilinx/Vitis_HLS/2022.2/common/technology/autopilot\ap_int_base.h:1788:337)
INFO: [HLS 214-131] Inlining function 'bool ap_int_base<32, true>::operator><32, true>(ap_int_base<32, true> const&) const' into 'bool operator><32, true>(ap_int_base<32, true> const&, int)' (D:/Xilinx/Vitis_HLS/2022.2/common/technology/autopilot\ap_int_base.h:1788:335)
INFO: [HLS 214-131] Inlining function 'ap_int_base<33, true>::ap_int_base(int)' into 'ap_int_base<32, true>::RType<32, true>::div operator/<32, true, 32, true>(ap_int_base<32, true> const&, ap_int_base<32, true> const&)' (D:/Xilinx/Vitis_HLS/2022.2/common/technology/autopilot\ap_int_base.h:1513:337)
INFO: [HLS 214-131] Inlining function 'ap_int_base<32, true>::ap_int_base(int)' into 'ap_int_base<32, true>::RType<($_0)32, true>::div operator/<32, true>(ap_int_base<32, true> const&, int)' (D:/Xilinx/Vitis_HLS/2022.2/common/technology/autopilot\ap_int_base.h:1633:2052)
INFO: [HLS 214-131] Inlining function 'ap_int_base<32, true>::RType<32, true>::div operator/<32, true, 32, true>(ap_int_base<32, true> const&, ap_int_base<32, true> const&)' into 'ap_int_base<32, true>::RType<($_0)32, true>::div operator/<32, true>(ap_int_base<32, true> const&, int)' (D:/Xilinx/Vitis_HLS/2022.2/common/technology/autopilot\ap_int_base.h:1633:2050)
INFO: [HLS 214-131] Inlining function 'ssdm_int<8, true>::ssdm_int(signed char)' into 'ap_int_base<8, true>::ap_int_base<33, true>(ap_int_base<33, true> const&)' (D:/Xilinx/Vitis_HLS/2022.2/common/technology/autopilot\ap_int_base.h:185:106)
INFO: [HLS 214-131] Inlining function 'ap_int_base<8, true>::ap_int_base<33, true>(ap_int_base<33, true> const&)' into 'ap_int<8>::ap_int<33>(ap_int<33> const&)'
INFO: [HLS 214-131] Inlining function 'ssdm_int<64, true>::ssdm_int(long)' into 'ap_int_base<64, true>::ap_int_base<48, true>(ap_int_base<48, true> const&)' (D:/Xilinx/Vitis_HLS/2022.2/common/technology/autopilot\ap_int_base.h:185:106)
INFO: [HLS 214-131] Inlining function 'ssdm_int<64, true>::ssdm_int(long)' into 'ap_int_base<64, true>::ap_int_base<16, false>(ap_int_base<16, false> const&)' (D:/Xilinx/Vitis_HLS/2022.2/common/technology/autopilot\ap_int_base.h:185:106)
INFO: [HLS 214-131] Inlining function 'ap_int_base<64, true>::ap_int_base<48, true>(ap_int_base<48, true> const&)' into 'ap_int_base<48, true>::RType<16, false>::mult operator*<48, true, 16, false>(ap_int_base<48, true> const&, ap_int_base<16, false> const&)' (D:/Xilinx/Vitis_HLS/2022.2/common/technology/autopilot\ap_int_base.h:1494:339)
INFO: [HLS 214-131] Inlining function 'ap_int_base<64, true>::ap_int_base(int)' into 'ap_int_base<48, true>::RType<16, false>::mult operator*<48, true, 16, false>(ap_int_base<48, true> const&, ap_int_base<16, false> const&)' (D:/Xilinx/Vitis_HLS/2022.2/common/technology/autopilot\ap_int_base.h:1494:516)
INFO: [HLS 214-131] Inlining function 'ap_int_base<64, true>::ap_int_base<16, false>(ap_int_base<16, false> const&)' into 'ap_int_base<48, true>::RType<16, false>::mult operator*<48, true, 16, false>(ap_int_base<48, true> const&, ap_int_base<16, false> const&)' (D:/Xilinx/Vitis_HLS/2022.2/common/technology/autopilot\ap_int_base.h:1494:427)
INFO: [HLS 214-131] Inlining function 'ap_int_base<8, false>::RType<($_0)32, true>::mult operator*<8, false>(int, ap_int_base<8, false> const&)' into 'initial_conv_bn_relu(ap_uint<16>, ap_uint<16>, ap_uint<16>, ap_uint<16>, ap_uint<8>, ap_uint<8>, ap_uint<8>, ap_uint<8>, ap_uint<8>, ap_uint<8>, ap_int<8>*, ap_int<8>*, ap_int<8>*, ap_int<8>*, ap_int<8>*, ap_int<8>*, ap_int<8>*)' (../ip/Ip1/initial_conv_bn_relu.cpp:63:38)
INFO: [HLS 214-131] Inlining function 'ap_int_base<66, true>::operator long long() const' into 'initial_conv_bn_relu(ap_uint<16>, ap_uint<16>, ap_uint<16>, ap_uint<16>, ap_uint<8>, ap_uint<8>, ap_uint<8>, ap_uint<8>, ap_uint<8>, ap_uint<8>, ap_int<8>*, ap_int<8>*, ap_int<8>*, ap_int<8>*, ap_int<8>*, ap_int<8>*, ap_int<8>*)' (../ip/Ip1/initial_conv_bn_relu.cpp:128:29)
INFO: [HLS 214-131] Inlining function 'ap_int_base<65, true>::RType<($_0)32, true>::plus operator+<65, true>(ap_int_base<65, true> const&, int)' into 'initial_conv_bn_relu(ap_uint<16>, ap_uint<16>, ap_uint<16>, ap_uint<16>, ap_uint<8>, ap_uint<8>, ap_uint<8>, ap_uint<8>, ap_uint<8>, ap_uint<8>, ap_int<8>*, ap_int<8>*, ap_int<8>*, ap_int<8>*, ap_int<8>*, ap_int<8>*, ap_int<8>*)' (../ip/Ip1/initial_conv_bn_relu.cpp:128:74)
INFO: [HLS 214-131] Inlining function 'ap_int_base<64, true>::RType<48, true>::plus operator+<64, true, 48, true>(ap_int_base<64, true> const&, ap_int_base<48, true> const&)' into 'initial_conv_bn_relu(ap_uint<16>, ap_uint<16>, ap_uint<16>, ap_uint<16>, ap_uint<8>, ap_uint<8>, ap_uint<8>, ap_uint<8>, ap_uint<8>, ap_uint<8>, ap_int<8>*, ap_int<8>*, ap_int<8>*, ap_int<8>*, ap_int<8>*, ap_int<8>*, ap_int<8>*)' (../ip/Ip1/initial_conv_bn_relu.cpp:128:57)
INFO: [HLS 214-131] Inlining function 'ap_int_base<16, false>::RType<($_0)32, true>::mult operator*<16, false>(int, ap_int_base<16, false> const&)' into 'initial_conv_bn_relu(ap_uint<16>, ap_uint<16>, ap_uint<16>, ap_uint<16>, ap_uint<8>, ap_uint<8>, ap_uint<8>, ap_uint<8>, ap_uint<8>, ap_uint<8>, ap_int<8>*, ap_int<8>*, ap_int<8>*, ap_int<8>*, ap_int<8>*, ap_int<8>*, ap_int<8>*)' (../ip/Ip1/initial_conv_bn_relu.cpp:128:66)
INFO: [HLS 214-131] Inlining function 'ap_int_base<48, true>::RType<16, false>::mult operator*<48, true, 16, false>(ap_int_base<48, true> const&, ap_int_base<16, false> const&)' into 'initial_conv_bn_relu(ap_uint<16>, ap_uint<16>, ap_uint<16>, ap_uint<16>, ap_uint<8>, ap_uint<8>, ap_uint<8>, ap_uint<8>, ap_uint<8>, ap_uint<8>, ap_int<8>*, ap_int<8>*, ap_int<8>*, ap_int<8>*, ap_int<8>*, ap_int<8>*, ap_int<8>*)' (../ip/Ip1/initial_conv_bn_relu.cpp:128:49)
INFO: [HLS 214-131] Inlining function 'ap_int_base<16, false>::RType<($_0)32, true>::mult operator*<16, false>(int, ap_int_base<16, false> const&)' into 'initial_conv_bn_relu(ap_uint<16>, ap_uint<16>, ap_uint<16>, ap_uint<16>, ap_uint<8>, ap_uint<8>, ap_uint<8>, ap_uint<8>, ap_uint<8>, ap_uint<8>, ap_int<8>*, ap_int<8>*, ap_int<8>*, ap_int<8>*, ap_int<8>*, ap_int<8>*, ap_int<8>*)' (../ip/Ip1/initial_conv_bn_relu.cpp:128:36)
INFO: [HLS 214-131] Inlining function 'bool ap_int_base<8, true>::operator><8, true>(ap_int_base<8, true> const&) const' into 'initial_conv_bn_relu(ap_uint<16>, ap_uint<16>, ap_uint<16>, ap_uint<16>, ap_uint<8>, ap_uint<8>, ap_uint<8>, ap_uint<8>, ap_uint<8>, ap_uint<8>, ap_int<8>*, ap_int<8>*, ap_int<8>*, ap_int<8>*, ap_int<8>*, ap_int<8>*, ap_int<8>*)' (../ip/Ip1/initial_conv_bn_relu.cpp:121:41)
INFO: [HLS 214-131] Inlining function 'ap_int_base<32, true>::RType<($_0)32, true>::div operator/<32, true>(ap_int_base<32, true> const&, int)' into 'initial_conv_bn_relu(ap_uint<16>, ap_uint<16>, ap_uint<16>, ap_uint<16>, ap_uint<8>, ap_uint<8>, ap_uint<8>, ap_uint<8>, ap_uint<8>, ap_uint<8>, ap_int<8>*, ap_int<8>*, ap_int<8>*, ap_int<8>*, ap_int<8>*, ap_int<8>*, ap_int<8>*)' (../ip/Ip1/initial_conv_bn_relu.cpp:118:73)
INFO: [HLS 214-131] Inlining function 'bool operator><32, true>(ap_int_base<32, true> const&, int)' into 'initial_conv_bn_relu(ap_uint<16>, ap_uint<16>, ap_uint<16>, ap_uint<16>, ap_uint<8>, ap_uint<8>, ap_uint<8>, ap_uint<8>, ap_uint<8>, ap_uint<8>, ap_int<8>*, ap_int<8>*, ap_int<8>*, ap_int<8>*, ap_int<8>*, ap_int<8>*, ap_int<8>*)' (../ip/Ip1/initial_conv_bn_relu.cpp:118:52)
INFO: [HLS 214-131] Inlining function 'ap_int_base<32, true>& ap_int_base<32, true>::operator+=<32, true>(ap_int_base<32, true> const&)' into 'initial_conv_bn_relu(ap_uint<16>, ap_uint<16>, ap_uint<16>, ap_uint<16>, ap_uint<8>, ap_uint<8>, ap_uint<8>, ap_uint<8>, ap_uint<8>, ap_uint<8>, ap_int<8>*, ap_int<8>*, ap_int<8>*, ap_int<8>*, ap_int<8>*, ap_int<8>*, ap_int<8>*)' (../ip/Ip1/initial_conv_bn_relu.cpp:115:29)
INFO: [HLS 214-131] Inlining function 'ap_int_base<64, true>::RType<32, true>::div operator/<64, true, 32, true>(ap_int_base<64, true> const&, ap_int_base<32, true> const&)' into 'initial_conv_bn_relu(ap_uint<16>, ap_uint<16>, ap_uint<16>, ap_uint<16>, ap_uint<8>, ap_uint<8>, ap_uint<8>, ap_uint<8>, ap_uint<8>, ap_uint<8>, ap_int<8>*, ap_int<8>*, ap_int<8>*, ap_int<8>*, ap_int<8>*, ap_int<8>*, ap_int<8>*)' (../ip/Ip1/initial_conv_bn_relu.cpp:114:64)
INFO: [HLS 214-131] Inlining function 'ap_int_base<32, true>::RType<32, true>::mult operator*<32, true, 32, true>(ap_int_base<32, true> const&, ap_int_base<32, true> const&)' into 'initial_conv_bn_relu(ap_uint<16>, ap_uint<16>, ap_uint<16>, ap_uint<16>, ap_uint<8>, ap_uint<8>, ap_uint<8>, ap_uint<8>, ap_uint<8>, ap_uint<8>, ap_int<8>*, ap_int<8>*, ap_int<8>*, ap_int<8>*, ap_int<8>*, ap_int<8>*, ap_int<8>*)' (../ip/Ip1/initial_conv_bn_relu.cpp:114:35)
INFO: [HLS 214-131] Inlining function 'ap_int_base<32, true>::RType<32, true>::minus operator-<32, true, 32, true>(ap_int_base<32, true> const&, ap_int_base<32, true> const&)' into 'initial_conv_bn_relu(ap_uint<16>, ap_uint<16>, ap_uint<16>, ap_uint<16>, ap_uint<8>, ap_uint<8>, ap_uint<8>, ap_uint<8>, ap_uint<8>, ap_uint<8>, ap_int<8>*, ap_int<8>*, ap_int<8>*, ap_int<8>*, ap_int<8>*, ap_int<8>*, ap_int<8>*)' (../ip/Ip1/initial_conv_bn_relu.cpp:112:45)
INFO: [HLS 214-131] Inlining function 'ap_int_base<32, true>& ap_int_base<32, true>::operator+=<64, true>(ap_int_base<64, true> const&)' into 'initial_conv_bn_relu(ap_uint<16>, ap_uint<16>, ap_uint<16>, ap_uint<16>, ap_uint<8>, ap_uint<8>, ap_uint<8>, ap_uint<8>, ap_uint<8>, ap_uint<8>, ap_int<8>*, ap_int<8>*, ap_int<8>*, ap_int<8>*, ap_int<8>*, ap_int<8>*, ap_int<8>*)' (../ip/Ip1/initial_conv_bn_relu.cpp:106:37)
INFO: [HLS 214-131] Inlining function 'ap_int_base<32, true>::RType<32, true>::mult operator*<32, true, 32, true>(ap_int_base<32, true> const&, ap_int_base<32, true> const&)' into 'initial_conv_bn_relu(ap_uint<16>, ap_uint<16>, ap_uint<16>, ap_uint<16>, ap_uint<8>, ap_uint<8>, ap_uint<8>, ap_uint<8>, ap_uint<8>, ap_uint<8>, ap_int<8>*, ap_int<8>*, ap_int<8>*, ap_int<8>*, ap_int<8>*, ap_int<8>*, ap_int<8>*)' (../ip/Ip1/initial_conv_bn_relu.cpp:106:73)
INFO: [HLS 214-131] Inlining function 'ap_int_base<66, true>::operator long long() const' into 'initial_conv_bn_relu(ap_uint<16>, ap_uint<16>, ap_uint<16>, ap_uint<16>, ap_uint<8>, ap_uint<8>, ap_uint<8>, ap_uint<8>, ap_uint<8>, ap_uint<8>, ap_int<8>*, ap_int<8>*, ap_int<8>*, ap_int<8>*, ap_int<8>*, ap_int<8>*, ap_int<8>*)' (../ip/Ip1/initial_conv_bn_relu.cpp:103:48)
INFO: [HLS 214-131] Inlining function 'ap_int_base<65, true>::RType<($_0)32, true>::plus operator+<65, true>(ap_int_base<65, true> const&, int)' into 'initial_conv_bn_relu(ap_uint<16>, ap_uint<16>, ap_uint<16>, ap_uint<16>, ap_uint<8>, ap_uint<8>, ap_uint<8>, ap_uint<8>, ap_uint<8>, ap_uint<8>, ap_int<8>*, ap_int<8>*, ap_int<8>*, ap_int<8>*, ap_int<8>*, ap_int<8>*, ap_int<8>*)' (../ip/Ip1/initial_conv_bn_relu.cpp:103:76)
INFO: [HLS 214-131] Inlining function 'ap_int_base<64, true>::RType<48, true>::plus operator+<64, true, 48, true>(ap_int_base<64, true> const&, ap_int_base<48, true> const&)' into 'initial_conv_bn_relu(ap_uint<16>, ap_uint<16>, ap_uint<16>, ap_uint<16>, ap_uint<8>, ap_uint<8>, ap_uint<8>, ap_uint<8>, ap_uint<8>, ap_uint<8>, ap_int<8>*, ap_int<8>*, ap_int<8>*, ap_int<8>*, ap_int<8>*, ap_int<8>*, ap_int<8>*)' (../ip/Ip1/initial_conv_bn_relu.cpp:103:65)
INFO: [HLS 214-131] Inlining function 'ap_int_base<40, true>::RType<8, false>::mult operator*<40, true, 8, false>(ap_int_base<40, true> const&, ap_int_base<8, false> const&)' into 'initial_conv_bn_relu(ap_uint<16>, ap_uint<16>, ap_uint<16>, ap_uint<16>, ap_uint<8>, ap_uint<8>, ap_uint<8>, ap_uint<8>, ap_uint<8>, ap_uint<8>, ap_int<8>*, ap_int<8>*, ap_int<8>*, ap_int<8>*, ap_int<8>*, ap_int<8>*, ap_int<8>*)' (../ip/Ip1/initial_conv_bn_relu.cpp:103:73)
INFO: [HLS 214-131] Inlining function 'ap_int_base<8, false>::RType<($_0)32, true>::mult operator*<8, false>(int, ap_int_base<8, false> const&)' into 'initial_conv_bn_relu(ap_uint<16>, ap_uint<16>, ap_uint<16>, ap_uint<16>, ap_uint<8>, ap_uint<8>, ap_uint<8>, ap_uint<8>, ap_uint<8>, ap_uint<8>, ap_int<8>*, ap_int<8>*, ap_int<8>*, ap_int<8>*, ap_int<8>*, ap_int<8>*, ap_int<8>*)' (../ip/Ip1/initial_conv_bn_relu.cpp:103:71)
INFO: [HLS 214-131] Inlining function 'ap_int_base<56, true>::RType<8, false>::mult operator*<56, true, 8, false>(ap_int_base<56, true> const&, ap_int_base<8, false> const&)' into 'initial_conv_bn_relu(ap_uint<16>, ap_uint<16>, ap_uint<16>, ap_uint<16>, ap_uint<8>, ap_uint<8>, ap_uint<8>, ap_uint<8>, ap_uint<8>, ap_uint<8>, ap_int<8>*, ap_int<8>*, ap_int<8>*, ap_int<8>*, ap_int<8>*, ap_int<8>*, ap_int<8>*)' (../ip/Ip1/initial_conv_bn_relu.cpp:103:62)
INFO: [HLS 214-131] Inlining function 'ap_int_base<48, true>::RType<8, false>::mult operator*<48, true, 8, false>(ap_int_base<48, true> const&, ap_int_base<8, false> const&)' into 'initial_conv_bn_relu(ap_uint<16>, ap_uint<16>, ap_uint<16>, ap_uint<16>, ap_uint<8>, ap_uint<8>, ap_uint<8>, ap_uint<8>, ap_uint<8>, ap_uint<8>, ap_int<8>*, ap_int<8>*, ap_int<8>*, ap_int<8>*, ap_int<8>*, ap_int<8>*, ap_int<8>*)' (../ip/Ip1/initial_conv_bn_relu.cpp:103:60)
INFO: [HLS 214-131] Inlining function 'ap_int_base<16, false>::RType<($_0)32, true>::mult operator*<16, false>(int, ap_int_base<16, false> const&)' into 'initial_conv_bn_relu(ap_uint<16>, ap_uint<16>, ap_uint<16>, ap_uint<16>, ap_uint<8>, ap_uint<8>, ap_uint<8>, ap_uint<8>, ap_uint<8>, ap_uint<8>, ap_int<8>*, ap_int<8>*, ap_int<8>*, ap_int<8>*, ap_int<8>*, ap_int<8>*, ap_int<8>*)' (../ip/Ip1/initial_conv_bn_relu.cpp:103:54)
INFO: [HLS 214-131] Inlining function 'ap_int_base<66, true>::operator long long() const' into 'initial_conv_bn_relu(ap_uint<16>, ap_uint<16>, ap_uint<16>, ap_uint<16>, ap_uint<8>, ap_uint<8>, ap_uint<8>, ap_uint<8>, ap_uint<8>, ap_uint<8>, ap_int<8>*, ap_int<8>*, ap_int<8>*, ap_int<8>*, ap_int<8>*, ap_int<8>*, ap_int<8>*)' (../ip/Ip1/initial_conv_bn_relu.cpp:102:49)
INFO: [HLS 214-131] Inlining function 'ap_int_base<65, true>::RType<($_0)32, true>::plus operator+<65, true>(ap_int_base<65, true> const&, int)' into 'initial_conv_bn_relu(ap_uint<16>, ap_uint<16>, ap_uint<16>, ap_uint<16>, ap_uint<8>, ap_uint<8>, ap_uint<8>, ap_uint<8>, ap_uint<8>, ap_uint<8>, ap_int<8>*, ap_int<8>*, ap_int<8>*, ap_int<8>*, ap_int<8>*, ap_int<8>*, ap_int<8>*)' (../ip/Ip1/initial_conv_bn_relu.cpp:102:77)
INFO: [HLS 214-131] Inlining function 'ap_int_base<49, true>::RType<16, false>::mult operator*<49, true, 16, false>(ap_int_base<49, true> const&, ap_int_base<16, false> const&)' into 'initial_conv_bn_relu(ap_uint<16>, ap_uint<16>, ap_uint<16>, ap_uint<16>, ap_uint<8>, ap_uint<8>, ap_uint<8>, ap_uint<8>, ap_uint<8>, ap_uint<8>, ap_int<8>*, ap_int<8>*, ap_int<8>*, ap_int<8>*, ap_int<8>*, ap_int<8>*, ap_int<8>*)' (../ip/Ip1/initial_conv_bn_relu.cpp:102:70)
INFO: [HLS 214-131] Inlining function 'ap_int_base<48, true>::RType<($_0)32, true>::plus operator+<48, true>(ap_int_base<48, true> const&, int)' into 'initial_conv_bn_relu(ap_uint<16>, ap_uint<16>, ap_uint<16>, ap_uint<16>, ap_uint<8>, ap_uint<8>, ap_uint<8>, ap_uint<8>, ap_uint<8>, ap_uint<8>, ap_int<8>*, ap_int<8>*, ap_int<8>*, ap_int<8>*, ap_int<8>*, ap_int<8>*, ap_int<8>*)' (../ip/Ip1/initial_conv_bn_relu.cpp:102:62)
INFO: [HLS 214-131] Inlining function 'ap_int_base<16, false>::RType<($_0)32, true>::mult operator*<16, false>(int, ap_int_base<16, false> const&)' into 'initial_conv_bn_relu(ap_uint<16>, ap_uint<16>, ap_uint<16>, ap_uint<16>, ap_uint<8>, ap_uint<8>, ap_uint<8>, ap_uint<8>, ap_uint<8>, ap_uint<8>, ap_int<8>*, ap_int<8>*, ap_int<8>*, ap_int<8>*, ap_int<8>*, ap_int<8>*, ap_int<8>*)' (../ip/Ip1/initial_conv_bn_relu.cpp:102:55)
INFO: [HLS 214-131] Inlining function 'bool operator<<16, false>(int, ap_int_base<16, false> const&)' into 'initial_conv_bn_relu(ap_uint<16>, ap_uint<16>, ap_uint<16>, ap_uint<16>, ap_uint<8>, ap_uint<8>, ap_uint<8>, ap_uint<8>, ap_uint<8>, ap_uint<8>, ap_int<8>*, ap_int<8>*, ap_int<8>*, ap_int<8>*, ap_int<8>*, ap_int<8>*, ap_int<8>*)' (../ip/Ip1/initial_conv_bn_relu.cpp:100:79)
INFO: [HLS 214-131] Inlining function 'bool operator<<16, false>(int, ap_int_base<16, false> const&)' into 'initial_conv_bn_relu(ap_uint<16>, ap_uint<16>, ap_uint<16>, ap_uint<16>, ap_uint<8>, ap_uint<8>, ap_uint<8>, ap_uint<8>, ap_uint<8>, ap_uint<8>, ap_int<8>*, ap_int<8>*, ap_int<8>*, ap_int<8>*, ap_int<8>*, ap_int<8>*, ap_int<8>*)' (../ip/Ip1/initial_conv_bn_relu.cpp:100:51)
INFO: [HLS 214-131] Inlining function 'ap_int_base<8, false>::operator unsigned long long() const' into 'initial_conv_bn_relu(ap_uint<16>, ap_uint<16>, ap_uint<16>, ap_uint<16>, ap_uint<8>, ap_uint<8>, ap_uint<8>, ap_uint<8>, ap_uint<8>, ap_uint<8>, ap_int<8>*, ap_int<8>*, ap_int<8>*, ap_int<8>*, ap_int<8>*, ap_int<8>*, ap_int<8>*)' (../ip/Ip1/initial_conv_bn_relu.cpp:94:38)
INFO: [HLS 214-131] Inlining function 'ap_int_base<8, false>::RType<($_0)32, true>::mod operator%<8, false>(int, ap_int_base<8, false> const&)' into 'initial_conv_bn_relu(ap_uint<16>, ap_uint<16>, ap_uint<16>, ap_uint<16>, ap_uint<8>, ap_uint<8>, ap_uint<8>, ap_uint<8>, ap_uint<8>, ap_uint<8>, ap_int<8>*, ap_int<8>*, ap_int<8>*, ap_int<8>*, ap_int<8>*, ap_int<8>*, ap_int<8>*)' (../ip/Ip1/initial_conv_bn_relu.cpp:94:40)
INFO: [HLS 214-131] Inlining function 'ap_int_base<9, true>::operator long long() const' into 'initial_conv_bn_relu(ap_uint<16>, ap_uint<16>, ap_uint<16>, ap_uint<16>, ap_uint<8>, ap_uint<8>, ap_uint<8>, ap_uint<8>, ap_uint<8>, ap_uint<8>, ap_int<8>*, ap_int<8>*, ap_int<8>*, ap_int<8>*, ap_int<8>*, ap_int<8>*, ap_int<8>*)' (../ip/Ip1/initial_conv_bn_relu.cpp:93:38)
INFO: [HLS 214-131] Inlining function 'ap_int_base<8, false>::RType<($_0)32, true>::div operator/<8, false>(int, ap_int_base<8, false> const&)' into 'initial_conv_bn_relu(ap_uint<16>, ap_uint<16>, ap_uint<16>, ap_uint<16>, ap_uint<8>, ap_uint<8>, ap_uint<8>, ap_uint<8>, ap_uint<8>, ap_uint<8>, ap_int<8>*, ap_int<8>*, ap_int<8>*, ap_int<8>*, ap_int<8>*, ap_int<8>*, ap_int<8>*)' (../ip/Ip1/initial_conv_bn_relu.cpp:93:40)
INFO: [HLS 214-131] Inlining function 'ap_int_base<16, false>::operator unsigned long long() const' into 'initial_conv_bn_relu(ap_uint<16>, ap_uint<16>, ap_uint<16>, ap_uint<16>, ap_uint<8>, ap_uint<8>, ap_uint<8>, ap_uint<8>, ap_uint<8>, ap_uint<8>, ap_int<8>*, ap_int<8>*, ap_int<8>*, ap_int<8>*, ap_int<8>*, ap_int<8>*, ap_int<8>*)' (../ip/Ip1/initial_conv_bn_relu.cpp:92:37)
INFO: [HLS 214-131] Inlining function 'ap_int_base<16, false>::RType<($_0)32, true>::mod operator%<16, false>(int, ap_int_base<16, false> const&)' into 'initial_conv_bn_relu(ap_uint<16>, ap_uint<16>, ap_uint<16>, ap_uint<16>, ap_uint<8>, ap_uint<8>, ap_uint<8>, ap_uint<8>, ap_uint<8>, ap_uint<8>, ap_int<8>*, ap_int<8>*, ap_int<8>*, ap_int<8>*, ap_int<8>*, ap_int<8>*, ap_int<8>*)' (../ip/Ip1/initial_conv_bn_relu.cpp:92:40)
INFO: [HLS 214-131] Inlining function 'ap_int_base<8, false>::RType<8, false>::mult operator*<8, false, 8, false>(ap_int_base<8, false> const&, ap_int_base<8, false> const&)' into 'initial_conv_bn_relu(ap_uint<16>, ap_uint<16>, ap_uint<16>, ap_uint<16>, ap_uint<8>, ap_uint<8>, ap_uint<8>, ap_uint<8>, ap_uint<8>, ap_uint<8>, ap_int<8>*, ap_int<8>*, ap_int<8>*, ap_int<8>*, ap_int<8>*, ap_int<8>*, ap_int<8>*)' (../ip/Ip1/initial_conv_bn_relu.cpp:92:44)
INFO: [HLS 214-131] Inlining function 'ap_int_base<17, true>::operator long long() const' into 'initial_conv_bn_relu(ap_uint<16>, ap_uint<16>, ap_uint<16>, ap_uint<16>, ap_uint<8>, ap_uint<8>, ap_uint<8>, ap_uint<8>, ap_uint<8>, ap_uint<8>, ap_int<8>*, ap_int<8>*, ap_int<8>*, ap_int<8>*, ap_int<8>*, ap_int<8>*, ap_int<8>*)' (../ip/Ip1/initial_conv_bn_relu.cpp:91:40)
INFO: [HLS 214-131] Inlining function 'ap_int_base<16, false>::RType<($_0)32, true>::div operator/<16, false>(int, ap_int_base<16, false> const&)' into 'initial_conv_bn_relu(ap_uint<16>, ap_uint<16>, ap_uint<16>, ap_uint<16>, ap_uint<8>, ap_uint<8>, ap_uint<8>, ap_uint<8>, ap_uint<8>, ap_uint<8>, ap_int<8>*, ap_int<8>*, ap_int<8>*, ap_int<8>*, ap_int<8>*, ap_int<8>*, ap_int<8>*)' (../ip/Ip1/initial_conv_bn_relu.cpp:91:43)
INFO: [HLS 214-131] Inlining function 'ap_int_base<8, false>::RType<8, false>::mult operator*<8, false, 8, false>(ap_int_base<8, false> const&, ap_int_base<8, false> const&)' into 'initial_conv_bn_relu(ap_uint<16>, ap_uint<16>, ap_uint<16>, ap_uint<16>, ap_uint<8>, ap_uint<8>, ap_uint<8>, ap_uint<8>, ap_uint<8>, ap_uint<8>, ap_int<8>*, ap_int<8>*, ap_int<8>*, ap_int<8>*, ap_int<8>*, ap_int<8>*, ap_int<8>*)' (../ip/Ip1/initial_conv_bn_relu.cpp:91:47)
INFO: [HLS 214-131] Inlining function 'bool operator<<32, false>(int, ap_int_base<32, false> const&)' into 'initial_conv_bn_relu(ap_uint<16>, ap_uint<16>, ap_uint<16>, ap_uint<16>, ap_uint<8>, ap_uint<8>, ap_uint<8>, ap_uint<8>, ap_uint<8>, ap_uint<8>, ap_int<8>*, ap_int<8>*, ap_int<8>*, ap_int<8>*, ap_int<8>*, ap_int<8>*, ap_int<8>*)' (../ip/Ip1/initial_conv_bn_relu.cpp:90:62)
INFO: [HLS 214-131] Inlining function 'ap_int_base<24, false>::RType<8, false>::mult operator*<24, false, 8, false>(ap_int_base<24, false> const&, ap_int_base<8, false> const&)' into 'initial_conv_bn_relu(ap_uint<16>, ap_uint<16>, ap_uint<16>, ap_uint<16>, ap_uint<8>, ap_uint<8>, ap_uint<8>, ap_uint<8>, ap_uint<8>, ap_uint<8>, ap_int<8>*, ap_int<8>*, ap_int<8>*, ap_int<8>*, ap_int<8>*, ap_int<8>*, ap_int<8>*)' (../ip/Ip1/initial_conv_bn_relu.cpp:90:70)
INFO: [HLS 214-131] Inlining function 'ap_int_base<16, false>::RType<8, false>::mult operator*<16, false, 8, false>(ap_int_base<16, false> const&, ap_int_base<8, false> const&)' into 'initial_conv_bn_relu(ap_uint<16>, ap_uint<16>, ap_uint<16>, ap_uint<16>, ap_uint<8>, ap_uint<8>, ap_uint<8>, ap_uint<8>, ap_uint<8>, ap_uint<8>, ap_int<8>*, ap_int<8>*, ap_int<8>*, ap_int<8>*, ap_int<8>*, ap_int<8>*, ap_int<8>*)' (../ip/Ip1/initial_conv_bn_relu.cpp:90:68)
INFO: [HLS 214-131] Inlining function 'bool operator<<16, false>(int, ap_int_base<16, false> const&)' into 'initial_conv_bn_relu(ap_uint<16>, ap_uint<16>, ap_uint<16>, ap_uint<16>, ap_uint<8>, ap_uint<8>, ap_uint<8>, ap_uint<8>, ap_uint<8>, ap_uint<8>, ap_int<8>*, ap_int<8>*, ap_int<8>*, ap_int<8>*, ap_int<8>*, ap_int<8>*, ap_int<8>*)' (../ip/Ip1/initial_conv_bn_relu.cpp:85:79)
INFO: [HLS 214-131] Inlining function 'bool operator<<16, false>(int, ap_int_base<16, false> const&)' into 'initial_conv_bn_relu(ap_uint<16>, ap_uint<16>, ap_uint<16>, ap_uint<16>, ap_uint<8>, ap_uint<8>, ap_uint<8>, ap_uint<8>, ap_uint<8>, ap_uint<8>, ap_int<8>*, ap_int<8>*, ap_int<8>*, ap_int<8>*, ap_int<8>*, ap_int<8>*, ap_int<8>*)' (../ip/Ip1/initial_conv_bn_relu.cpp:85:62)
INFO: [HLS 214-131] Inlining function 'bool operator<<16, false>(int, ap_int_base<16, false> const&)' into 'initial_conv_bn_relu(ap_uint<16>, ap_uint<16>, ap_uint<16>, ap_uint<16>, ap_uint<8>, ap_uint<8>, ap_uint<8>, ap_uint<8>, ap_uint<8>, ap_uint<8>, ap_int<8>*, ap_int<8>*, ap_int<8>*, ap_int<8>*, ap_int<8>*, ap_int<8>*, ap_int<8>*)' (../ip/Ip1/initial_conv_bn_relu.cpp:72:56)
INFO: [HLS 214-131] Inlining function 'bool operator<<16, false>(int, ap_int_base<16, false> const&)' into 'initial_conv_bn_relu(ap_uint<16>, ap_uint<16>, ap_uint<16>, ap_uint<16>, ap_uint<8>, ap_uint<8>, ap_uint<8>, ap_uint<8>, ap_uint<8>, ap_uint<8>, ap_int<8>*, ap_int<8>*, ap_int<8>*, ap_int<8>*, ap_int<8>*, ap_int<8>*, ap_int<8>*)' (../ip/Ip1/initial_conv_bn_relu.cpp:71:54)
INFO: [HLS 214-131] Inlining function 'bool operator<<16, false>(int, ap_int_base<16, false> const&)' into 'initial_conv_bn_relu(ap_uint<16>, ap_uint<16>, ap_uint<16>, ap_uint<16>, ap_uint<8>, ap_uint<8>, ap_uint<8>, ap_uint<8>, ap_uint<8>, ap_uint<8>, ap_int<8>*, ap_int<8>*, ap_int<8>*, ap_int<8>*, ap_int<8>*, ap_int<8>*, ap_int<8>*)' (../ip/Ip1/initial_conv_bn_relu.cpp:70:50)
INFO: [HLS 214-131] Inlining function 'ap_int_base<45, true>::RType<($_0)32, true>::plus operator+<45, true>(ap_int_base<45, true> const&, int)' into 'initial_conv_bn_relu(ap_uint<16>, ap_uint<16>, ap_uint<16>, ap_uint<16>, ap_uint<8>, ap_uint<8>, ap_uint<8>, ap_uint<8>, ap_uint<8>, ap_uint<8>, ap_int<8>*, ap_int<8>*, ap_int<8>*, ap_int<8>*, ap_int<8>*, ap_int<8>*, ap_int<8>*)' (../ip/Ip1/initial_conv_bn_relu.cpp:64:117)
INFO: [HLS 214-131] Inlining function 'ap_int_base<45, true>::RType<8, false>::div operator/<45, true, 8, false>(ap_int_base<45, true> const&, ap_int_base<8, false> const&)' into 'initial_conv_bn_relu(ap_uint<16>, ap_uint<16>, ap_uint<16>, ap_uint<16>, ap_uint<8>, ap_uint<8>, ap_uint<8>, ap_uint<8>, ap_uint<8>, ap_uint<8>, ap_int<8>*, ap_int<8>*, ap_int<8>*, ap_int<8>*, ap_int<8>*, ap_int<8>*, ap_int<8>*)' (../ip/Ip1/initial_conv_bn_relu.cpp:64:103)
INFO: [HLS 214-131] Inlining function 'ap_int_base<44, true>::RType<8, false>::minus operator-<44, true, 8, false>(ap_int_base<44, true> const&, ap_int_base<8, false> const&)' into 'initial_conv_bn_relu(ap_uint<16>, ap_uint<16>, ap_uint<16>, ap_uint<16>, ap_uint<8>, ap_uint<8>, ap_uint<8>, ap_uint<8>, ap_uint<8>, ap_uint<8>, ap_int<8>*, ap_int<8>*, ap_int<8>*, ap_int<8>*, ap_int<8>*, ap_int<8>*, ap_int<8>*)' (../ip/Ip1/initial_conv_bn_relu.cpp:64:88)
INFO: [HLS 214-131] Inlining function 'ap_int_base<43, true>::RType<40, true>::plus operator+<43, true, 40, true>(ap_int_base<43, true> const&, ap_int_base<40, true> const&)' into 'initial_conv_bn_relu(ap_uint<16>, ap_uint<16>, ap_uint<16>, ap_uint<16>, ap_uint<8>, ap_uint<8>, ap_uint<8>, ap_uint<8>, ap_uint<8>, ap_uint<8>, ap_int<8>*, ap_int<8>*, ap_int<8>*, ap_int<8>*, ap_int<8>*, ap_int<8>*, ap_int<8>*)' (../ip/Ip1/initial_conv_bn_relu.cpp:64:69)
INFO: [HLS 214-131] Inlining function 'ap_int_base<8, false>::RType<($_0)32, true>::mult operator*<8, false>(int, ap_int_base<8, false> const&)' into 'initial_conv_bn_relu(ap_uint<16>, ap_uint<16>, ap_uint<16>, ap_uint<16>, ap_uint<8>, ap_uint<8>, ap_uint<8>, ap_uint<8>, ap_uint<8>, ap_uint<8>, ap_int<8>*, ap_int<8>*, ap_int<8>*, ap_int<8>*, ap_int<8>*, ap_int<8>*, ap_int<8>*)' (../ip/Ip1/initial_conv_bn_relu.cpp:64:73)
INFO: [HLS 214-131] Inlining function 'ap_int_base<42, true>::RType<($_0)32, true>::plus operator+<42, true>(ap_int_base<42, true> const&, int)' into 'initial_conv_bn_relu(ap_uint<16>, ap_uint<16>, ap_uint<16>, ap_uint<16>, ap_uint<8>, ap_uint<8>, ap_uint<8>, ap_uint<8>, ap_uint<8>, ap_uint<8>, ap_int<8>*, ap_int<8>*, ap_int<8>*, ap_int<8>*, ap_int<8>*, ap_int<8>*, ap_int<8>*)' (../ip/Ip1/initial_conv_bn_relu.cpp:64:65)
INFO: [HLS 214-131] Inlining function 'ap_int_base<42, true>::RType<8, false>::div operator/<42, true, 8, false>(ap_int_base<42, true> const&, ap_int_base<8, false> const&)' into 'initial_conv_bn_relu(ap_uint<16>, ap_uint<16>, ap_uint<16>, ap_uint<16>, ap_uint<8>, ap_uint<8>, ap_uint<8>, ap_uint<8>, ap_uint<8>, ap_uint<8>, ap_int<8>*, ap_int<8>*, ap_int<8>*, ap_int<8>*, ap_int<8>*, ap_int<8>*, ap_int<8>*)' (../ip/Ip1/initial_conv_bn_relu.cpp:64:56)
INFO: [HLS 214-131] Inlining function 'ap_int_base<41, true>::RType<8, false>::minus operator-<41, true, 8, false>(ap_int_base<41, true> const&, ap_int_base<8, false> const&)' into 'initial_conv_bn_relu(ap_uint<16>, ap_uint<16>, ap_uint<16>, ap_uint<16>, ap_uint<8>, ap_uint<8>, ap_uint<8>, ap_uint<8>, ap_uint<8>, ap_uint<8>, ap_int<8>*, ap_int<8>*, ap_int<8>*, ap_int<8>*, ap_int<8>*, ap_int<8>*, ap_int<8>*)' (../ip/Ip1/initial_conv_bn_relu.cpp:64:51)
INFO: [HLS 214-131] Inlining function 'ap_int_base<16, false>::RType<40, true>::plus operator+<16, false, 40, true>(ap_int_base<16, false> const&, ap_int_base<40, true> const&)' into 'initial_conv_bn_relu(ap_uint<16>, ap_uint<16>, ap_uint<16>, ap_uint<16>, ap_uint<8>, ap_uint<8>, ap_uint<8>, ap_uint<8>, ap_uint<8>, ap_uint<8>, ap_int<8>*, ap_int<8>*, ap_int<8>*, ap_int<8>*, ap_int<8>*, ap_int<8>*, ap_int<8>*)' (../ip/Ip1/initial_conv_bn_relu.cpp:64:37)
INFO: [HLS 214-131] Inlining function 'ap_int_base<8, false>::RType<($_0)32, true>::mult operator*<8, false>(int, ap_int_base<8, false> const&)' into 'initial_conv_bn_relu(ap_uint<16>, ap_uint<16>, ap_uint<16>, ap_uint<16>, ap_uint<8>, ap_uint<8>, ap_uint<8>, ap_uint<8>, ap_uint<8>, ap_uint<8>, ap_int<8>*, ap_int<8>*, ap_int<8>*, ap_int<8>*, ap_int<8>*, ap_int<8>*, ap_int<8>*)' (../ip/Ip1/initial_conv_bn_relu.cpp:64:41)
INFO: [HLS 214-131] Inlining function 'ap_int_base<45, true>::RType<($_0)32, true>::plus operator+<45, true>(ap_int_base<45, true> const&, int)' into 'initial_conv_bn_relu(ap_uint<16>, ap_uint<16>, ap_uint<16>, ap_uint<16>, ap_uint<8>, ap_uint<8>, ap_uint<8>, ap_uint<8>, ap_uint<8>, ap_uint<8>, ap_int<8>*, ap_int<8>*, ap_int<8>*, ap_int<8>*, ap_int<8>*, ap_int<8>*, ap_int<8>*)' (../ip/Ip1/initial_conv_bn_relu.cpp:63:114)
INFO: [HLS 214-131] Inlining function 'ap_int_base<45, true>::RType<8, false>::div operator/<45, true, 8, false>(ap_int_base<45, true> const&, ap_int_base<8, false> const&)' into 'initial_conv_bn_relu(ap_uint<16>, ap_uint<16>, ap_uint<16>, ap_uint<16>, ap_uint<8>, ap_uint<8>, ap_uint<8>, ap_uint<8>, ap_uint<8>, ap_uint<8>, ap_int<8>*, ap_int<8>*, ap_int<8>*, ap_int<8>*, ap_int<8>*, ap_int<8>*, ap_int<8>*)' (../ip/Ip1/initial_conv_bn_relu.cpp:63:100)
INFO: [HLS 214-131] Inlining function 'ap_int_base<44, true>::RType<8, false>::minus operator-<44, true, 8, false>(ap_int_base<44, true> const&, ap_int_base<8, false> const&)' into 'initial_conv_bn_relu(ap_uint<16>, ap_uint<16>, ap_uint<16>, ap_uint<16>, ap_uint<8>, ap_uint<8>, ap_uint<8>, ap_uint<8>, ap_uint<8>, ap_uint<8>, ap_int<8>*, ap_int<8>*, ap_int<8>*, ap_int<8>*, ap_int<8>*, ap_int<8>*, ap_int<8>*)' (../ip/Ip1/initial_conv_bn_relu.cpp:63:85)
INFO: [HLS 214-131] Inlining function 'ap_int_base<43, true>::RType<40, true>::plus operator+<43, true, 40, true>(ap_int_base<43, true> const&, ap_int_base<40, true> const&)' into 'initial_conv_bn_relu(ap_uint<16>, ap_uint<16>, ap_uint<16>, ap_uint<16>, ap_uint<8>, ap_uint<8>, ap_uint<8>, ap_uint<8>, ap_uint<8>, ap_uint<8>, ap_int<8>*, ap_int<8>*, ap_int<8>*, ap_int<8>*, ap_int<8>*, ap_int<8>*, ap_int<8>*)' (../ip/Ip1/initial_conv_bn_relu.cpp:63:66)
INFO: [HLS 214-131] Inlining function 'ap_int_base<8, false>::RType<($_0)32, true>::mult operator*<8, false>(int, ap_int_base<8, false> const&)' into 'initial_conv_bn_relu(ap_uint<16>, ap_uint<16>, ap_uint<16>, ap_uint<16>, ap_uint<8>, ap_uint<8>, ap_uint<8>, ap_uint<8>, ap_uint<8>, ap_uint<8>, ap_int<8>*, ap_int<8>*, ap_int<8>*, ap_int<8>*, ap_int<8>*, ap_int<8>*, ap_int<8>*)' (../ip/Ip1/initial_conv_bn_relu.cpp:63:70)
INFO: [HLS 214-131] Inlining function 'ap_int_base<42, true>::RType<($_0)32, true>::plus operator+<42, true>(ap_int_base<42, true> const&, int)' into 'initial_conv_bn_relu(ap_uint<16>, ap_uint<16>, ap_uint<16>, ap_uint<16>, ap_uint<8>, ap_uint<8>, ap_uint<8>, ap_uint<8>, ap_uint<8>, ap_uint<8>, ap_int<8>*, ap_int<8>*, ap_int<8>*, ap_int<8>*, ap_int<8>*, ap_int<8>*, ap_int<8>*)' (../ip/Ip1/initial_conv_bn_relu.cpp:63:62)
INFO: [HLS 214-131] Inlining function 'ap_int_base<42, true>::RType<8, false>::div operator/<42, true, 8, false>(ap_int_base<42, true> const&, ap_int_base<8, false> const&)' into 'initial_conv_bn_relu(ap_uint<16>, ap_uint<16>, ap_uint<16>, ap_uint<16>, ap_uint<8>, ap_uint<8>, ap_uint<8>, ap_uint<8>, ap_uint<8>, ap_uint<8>, ap_int<8>*, ap_int<8>*, ap_int<8>*, ap_int<8>*, ap_int<8>*, ap_int<8>*, ap_int<8>*)' (../ip/Ip1/initial_conv_bn_relu.cpp:63:53)
INFO: [HLS 214-131] Inlining function 'ap_int_base<41, true>::RType<8, false>::minus operator-<41, true, 8, false>(ap_int_base<41, true> const&, ap_int_base<8, false> const&)' into 'initial_conv_bn_relu(ap_uint<16>, ap_uint<16>, ap_uint<16>, ap_uint<16>, ap_uint<8>, ap_uint<8>, ap_uint<8>, ap_uint<8>, ap_uint<8>, ap_uint<8>, ap_int<8>*, ap_int<8>*, ap_int<8>*, ap_int<8>*, ap_int<8>*, ap_int<8>*, ap_int<8>*)' (../ip/Ip1/initial_conv_bn_relu.cpp:63:48)
INFO: [HLS 214-131] Inlining function 'ap_int_base<16, false>::RType<40, true>::plus operator+<16, false, 40, true>(ap_int_base<16, false> const&, ap_int_base<40, true> const&)' into 'initial_conv_bn_relu(ap_uint<16>, ap_uint<16>, ap_uint<16>, ap_uint<16>, ap_uint<8>, ap_uint<8>, ap_uint<8>, ap_uint<8>, ap_uint<8>, ap_uint<8>, ap_int<8>*, ap_int<8>*, ap_int<8>*, ap_int<8>*, ap_int<8>*, ap_int<8>*, ap_int<8>*)' (../ip/Ip1/initial_conv_bn_relu.cpp:63:34)
WARNING: [HLS 214-203] Replacing invalid offset value '20' with '56' for s_axilite port 'H_in'. (../ip/Ip1/initial_conv_bn_relu.cpp:20:17)
WARNING: [HLS 214-203] Replacing invalid offset value '28' with '64' for s_axilite port 'C_out'. (../ip/Ip1/initial_conv_bn_relu.cpp:20:17)
WARNING: [HLS 214-203] Replacing invalid offset value '36' with '72' for s_axilite port 'stride'. (../ip/Ip1/initial_conv_bn_relu.cpp:20:17)
WARNING: [HLS 214-203] Replacing invalid offset value '44' with '80' for s_axilite port 'pool_kernel'. (../ip/Ip1/initial_conv_bn_relu.cpp:20:17)
WARNING: [HLS 214-203] Replacing invalid offset value '52' with '88' for s_axilite port 'pool_padding'. (../ip/Ip1/initial_conv_bn_relu.cpp:20:17)
INFO: [HLS 214-115] Multiple burst writes of variable length and bit width 8 in loop 'VITIS_LOOP_70_1'(../ip/Ip1/initial_conv_bn_relu.cpp:70:22) has been inferred on bundle 'gmem0'. These burst requests might be further partitioned into multiple requests during RTL generation, based on max_read_burst_length or max_write_burst_length settings. (../ip/Ip1/initial_conv_bn_relu.cpp:70:22)
INFO: [HLS 200-111] Finished Compiling Optimization and Transform: CPU user time: 2 seconds. CPU system time: 0 seconds. Elapsed time: 12.348 seconds; current allocated memory: 350.613 MB.
INFO: [HLS 200-111] Finished Checking Pragmas: CPU user time: 0 seconds. CPU system time: 0 seconds. Elapsed time: 0.003 seconds; current allocated memory: 351.211 MB.
INFO: [HLS 200-10] Starting code transformations ...
INFO: [HLS 200-111] Finished Standard Transforms: CPU user time: 0 seconds. CPU system time: 0 seconds. Elapsed time: 0.168 seconds; current allocated memory: 366.965 MB.
INFO: [HLS 200-10] Checking synthesizability ...
INFO: [HLS 200-111] Finished Checking Synthesizability: CPU user time: 0 seconds. CPU system time: 0 seconds. Elapsed time: 0.129 seconds; current allocated memory: 379.805 MB.
INFO: [XFORM 203-510] Pipelining loop 'VITIS_LOOP_90_5' (../ip/Ip1/initial_conv_bn_relu.cpp:87) in function 'initial_conv_bn_relu' automatically.
INFO: [XFORM 203-401] Performing if-conversion on hyperblock from (../ip/Ip1/initial_conv_bn_relu.cpp:112:41) to (../ip/Ip1/initial_conv_bn_relu.cpp:124:21) in function 'initial_conv_bn_relu'... converting 3 basic blocks.
INFO: [HLS 200-111] Finished Loop, function and other optimizations: CPU user time: 0 seconds. CPU system time: 0 seconds. Elapsed time: 0.188 seconds; current allocated memory: 415.016 MB.
WARNING: [HLS 200-960] Cannot flatten loop 'VITIS_LOOP_77_4' (../ip/Ip1/initial_conv_bn_relu.cpp:74:25) in function 'initial_conv_bn_relu' the outer loop is not a perfect loop because there is nontrivial logic before entering the inner loop.
WARNING: [HLS 200-960] Cannot flatten loop 'VITIS_LOOP_72_3' (../ip/Ip1/initial_conv_bn_relu.cpp:72:39) in function 'initial_conv_bn_relu' the outer loop is not a perfect loop because there is nontrivial logic in the loop latch.
INFO: [XFORM 203-541] Flattening a loop nest 'VITIS_LOOP_71_2' (../ip/Ip1/initial_conv_bn_relu.cpp:71:35) in function 'initial_conv_bn_relu'.
INFO: [XFORM 203-541] Flattening a loop nest 'VITIS_LOOP_70_1' (../ip/Ip1/initial_conv_bn_relu.cpp:70:31) in function 'initial_conv_bn_relu'.
INFO: [HLS 200-111] Finished Architecture Synthesis: CPU user time: 0 seconds. CPU system time: 0 seconds. Elapsed time: 0.205 seconds; current allocated memory: 421.473 MB.
INFO: [HLS 200-10] Starting hardware synthesis ...
INFO: [HLS 200-10] Synthesizing 'initial_conv_bn_relu' ...
INFO: [HLS 200-10] ----------------------------------------------------------------
INFO: [HLS 200-42] -- Implementing module 'initial_conv_bn_relu_Pipeline_VITIS_LOOP_90_5' 
INFO: [HLS 200-10] ----------------------------------------------------------------
INFO: [SCHED 204-11] Starting scheduling ...
INFO: [HLS 200-486] Changing DSP latency (root=mul_ln840) to 3 in order to utilize available DSP registers.
INFO: [HLS 200-486] Changing DSP latency (root=mul_ln102) to 3 in order to utilize available DSP registers.
INFO: [SCHED 204-61] Pipelining loop 'VITIS_LOOP_90_5'.
WARNING: [HLS 200-885] The II Violation in module 'initial_conv_bn_relu_Pipeline_VITIS_LOOP_90_5' (loop 'VITIS_LOOP_90_5'): Unable to schedule bus request operation ('gmem0_load_5_req', ../ip/Ip1/initial_conv_bn_relu.cpp:106) on port 'gmem0' (../ip/Ip1/initial_conv_bn_relu.cpp:106) due to limited memory ports (II = 1). Please consider using a memory core with more ports or partitioning the array.
INFO: [HLS 200-1470] Pipelining result : Target II = NA, Final II = 2, Depth = 74, loop 'VITIS_LOOP_90_5'
INFO: [SCHED 204-11] Finished scheduling.
INFO: [HLS 200-111] Finished Scheduling: CPU user time: 0 seconds. CPU system time: 0 seconds. Elapsed time: 0.537 seconds; current allocated memory: 427.477 MB.
INFO: [BIND 205-100] Starting micro-architecture generation ...
INFO: [BIND 205-101] Performing variable lifetime analysis.
INFO: [BIND 205-101] Exploring resource sharing.
INFO: [BIND 205-101] Binding ...
INFO: [BIND 205-100] Finished micro-architecture generation.
INFO: [HLS 200-111] Finished Binding: CPU user time: 1 seconds. CPU system time: 0 seconds. Elapsed time: 0.436 seconds; current allocated memory: 429.227 MB.
INFO: [HLS 200-10] ----------------------------------------------------------------
INFO: [HLS 200-42] -- Implementing module 'initial_conv_bn_relu' 
INFO: [HLS 200-10] ----------------------------------------------------------------
INFO: [SCHED 204-11] Starting scheduling ...
INFO: [HLS 200-486] Changing DSP latency (root=mul_ln70_2) to 3 in order to utilize available DSP registers.
INFO: [HLS 200-486] Changing DSP latency (root=mul_ln70) to 3 in order to utilize available DSP registers.
INFO: [HLS 200-486] Changing DSP latency (root=mul_i708) to 3 in order to utilize available DSP registers.
INFO: [HLS 200-486] Changing DSP latency (root=mul_ln103) to 3 in order to utilize available DSP registers.
INFO: [SCHED 204-11] Finished scheduling.
INFO: [HLS 200-111] Finished Scheduling: CPU user time: 0 seconds. CPU system time: 0 seconds. Elapsed time: 0.542 seconds; current allocated memory: 431.402 MB.
INFO: [BIND 205-100] Starting micro-architecture generation ...
INFO: [BIND 205-101] Performing variable lifetime analysis.
INFO: [BIND 205-101] Exploring resource sharing.
INFO: [BIND 205-101] Binding ...
INFO: [BIND 205-100] Finished micro-architecture generation.
INFO: [HLS 200-111] Finished Binding: CPU user time: 0 seconds. CPU system time: 0 seconds. Elapsed time: 0.545 seconds; current allocated memory: 431.961 MB.
INFO: [HLS 200-10] ----------------------------------------------------------------
INFO: [HLS 200-10] -- Generating RTL for module 'initial_conv_bn_relu_Pipeline_VITIS_LOOP_90_5' 
INFO: [HLS 200-10] ----------------------------------------------------------------
INFO: [HLS 200-1030] Apply Unified Pipeline Control on module 'initial_conv_bn_relu_Pipeline_VITIS_LOOP_90_5' pipeline 'VITIS_LOOP_90_5' pipeline type 'loop pipeline'
INFO: [RTGEN 206-100] Generating core module 'mac_muladd_19s_16ns_18ns_32_4_1': 1 instance(s).
INFO: [RTGEN 206-100] Generating core module 'mac_muladd_8s_8s_32s_32_4_1': 1 instance(s).
INFO: [RTGEN 206-100] Generating core module 'mul_16ns_32s_32_1_1': 1 instance(s).
INFO: [RTGEN 206-100] Generating core module 'mul_32s_16ns_32_1_1': 1 instance(s).
INFO: [RTGEN 206-100] Generating core module 'udiv_16ns_8ns_9_20_1': 1 instance(s).
INFO: [RTGEN 206-100] Generating core module 'udiv_32ns_16ns_17_36_1': 1 instance(s).
INFO: [RTGEN 206-100] Generating core module 'urem_16ns_8ns_16_20_1': 1 instance(s).
INFO: [RTGEN 206-100] Generating core module 'urem_32ns_16ns_32_36_1': 1 instance(s).
INFO: [RTGEN 206-100] Finished creating RTL model for 'initial_conv_bn_relu_Pipeline_VITIS_LOOP_90_5'.
INFO: [HLS 200-111] Finished Creating RTL model: CPU user time: 1 seconds. CPU system time: 0 seconds. Elapsed time: 0.742 seconds; current allocated memory: 436.418 MB.
INFO: [HLS 200-10] ----------------------------------------------------------------
INFO: [HLS 200-10] -- Generating RTL for module 'initial_conv_bn_relu' 
INFO: [HLS 200-10] ----------------------------------------------------------------
WARNING: [RTGEN 206-101] Design contains AXI ports. Reset is fixed to synchronous and active low.
INFO: [RTGEN 206-500] Setting interface mode on port 'initial_conv_bn_relu/gmem0' to 'm_axi'.
INFO: [RTGEN 206-500] Setting interface mode on port 'initial_conv_bn_relu/C_in' to 's_axilite & ap_none' (register).
INFO: [RTGEN 206-500] Setting interface mode on port 'initial_conv_bn_relu/H_in' to 's_axilite & ap_none' (register).
INFO: [RTGEN 206-500] Setting interface mode on port 'initial_conv_bn_relu/W_in' to 's_axilite & ap_none' (register).
INFO: [RTGEN 206-500] Setting interface mode on port 'initial_conv_bn_relu/C_out' to 's_axilite & ap_none' (register).
INFO: [RTGEN 206-500] Setting interface mode on port 'initial_conv_bn_relu/K' to 's_axilite & ap_none' (register).
INFO: [RTGEN 206-500] Setting interface mode on port 'initial_conv_bn_relu/stride' to 's_axilite & ap_none' (register).
INFO: [RTGEN 206-500] Setting interface mode on port 'initial_conv_bn_relu/padding' to 's_axilite & ap_none' (register).
INFO: [RTGEN 206-500] Setting interface mode on port 'initial_conv_bn_relu/pool_kernel' to 's_axilite & ap_none' (register).
INFO: [RTGEN 206-500] Setting interface mode on port 'initial_conv_bn_relu/pool_stride' to 's_axilite & ap_none' (register).
INFO: [RTGEN 206-500] Setting interface mode on port 'initial_conv_bn_relu/pool_padding' to 's_axilite & ap_none' (register).
INFO: [RTGEN 206-500] Setting interface mode on port 'initial_conv_bn_relu/feature_in' to 's_axilite & ap_none'.
INFO: [RTGEN 206-500] Setting interface mode on port 'initial_conv_bn_relu/conv_kernel' to 's_axilite & ap_none'.
INFO: [RTGEN 206-500] Setting interface mode on port 'initial_conv_bn_relu/bn_mean' to 's_axilite & ap_none'.
INFO: [RTGEN 206-500] Setting interface mode on port 'initial_conv_bn_relu/bn_var' to 's_axilite & ap_none'.
INFO: [RTGEN 206-500] Setting interface mode on port 'initial_conv_bn_relu/bn_gamma' to 's_axilite & ap_none'.
INFO: [RTGEN 206-500] Setting interface mode on port 'initial_conv_bn_relu/bn_beta' to 's_axilite & ap_none'.
INFO: [RTGEN 206-500] Setting interface mode on port 'initial_conv_bn_relu/feature_out' to 's_axilite & ap_none'.
INFO: [RTGEN 206-500] Setting interface mode on function 'initial_conv_bn_relu' to 's_axilite & ap_ctrl_hs'.
INFO: [RTGEN 206-100] Bundling port 'C_in', 'W_in', 'K', 'padding', 'pool_stride', 'H_in', 'C_out', 'stride', 'pool_kernel', 'pool_padding', 'feature_in', 'conv_kernel', 'bn_mean', 'bn_var', 'bn_gamma', 'bn_beta', 'feature_out' to AXI-Lite port control.
INFO: [RTGEN 206-100] Generating core module 'mul_16ns_32ns_48_1_1': 1 instance(s).
INFO: [RTGEN 206-100] Generating core module 'mul_32s_16ns_32_1_1': 1 instance(s).
INFO: [RTGEN 206-100] Generating core module 'mul_32s_8s_40_1_1': 1 instance(s).
INFO: [RTGEN 206-100] Generating core module 'mul_8ns_8ns_16_1_1': 1 instance(s).
INFO: [RTGEN 206-100] Generating core module 'mul_mul_16ns_16ns_32_4_1': 2 instance(s).
INFO: [RTGEN 206-100] Generating core module 'mul_mul_16ns_8ns_24_4_1': 1 instance(s).
INFO: [RTGEN 206-100] Generating core module 'mul_mul_24ns_8ns_32_4_1': 1 instance(s).
INFO: [RTGEN 206-100] Generating core module 'sdiv_18ns_9ns_18_22_seq_1': 2 instance(s).
INFO: [RTGEN 206-100] Generating core module 'sdiv_19ns_9ns_16_23_seq_1': 2 instance(s).
INFO: [RTGEN 206-100] Generating core module 'sdiv_40ns_8s_32_44_seq_1': 1 instance(s).
INFO: [RTGEN 206-100] Finished creating RTL model for 'initial_conv_bn_relu'.
INFO: [HLS 200-111] Finished Creating RTL model: CPU user time: 0 seconds. CPU system time: 1 seconds. Elapsed time: 1.37 seconds; current allocated memory: 443.434 MB.
INFO: [HLS 200-111] Finished Generating all RTL models: CPU user time: 1 seconds. CPU system time: 0 seconds. Elapsed time: 1.838 seconds; current allocated memory: 450.121 MB.
INFO: [HLS 200-1603] Design has inferred MAXI bursts and missed bursts, see Vitis HLS GUI synthesis summary report for detailed information.
INFO: [HLS 200-111] Finished Updating report files: CPU user time: 1 seconds. CPU system time: 0 seconds. Elapsed time: 1.891 seconds; current allocated memory: 456.730 MB.
INFO: [VHDL 208-304] Generating VHDL RTL for initial_conv_bn_relu.
INFO: [VLOG 209-307] Generating Verilog RTL for initial_conv_bn_relu.
INFO: [HLS 200-790] **** Loop Constraint Status: All loop constraints were NOT satisfied.
INFO: [HLS 200-789] **** Estimated Fmax: 136.99 MHz
INFO: [HLS 200-111] Finished Command csynth_design CPU user time: 6 seconds. CPU system time: 1 seconds. Elapsed time: 25.739 seconds; current allocated memory: 115.605 MB.
INFO: [HLS 200-112] Total CPU user time: 9 seconds. Total CPU system time: 2 seconds. Total elapsed time: 38.792 seconds; peak allocated memory: 457.395 MB.
==============================================================
Vitis HLS - High-Level Synthesis from C, C++ and OpenCL v2022.2 (64-bit)
Tool Version Limit: 2019.12
Copyright 1986-2022 Xilinx, Inc. All Rights Reserved.
==============================================================
INFO: [SYN 201-201] Setting up clock 'default' with a period of 10ns.
INFO: [HLS 200-1611] Setting target device to 'xc7z020-clg400-2'
INFO: [HLS 200-1505] Using flow_target 'vivado'
INFO: [HLS 200-1464] Running solution command: config_export -format=ip_catalog
INFO: [HLS 200-1464] Running solution command: config_export -rtl=verilog
INFO: [HLS 200-1510] Running: set_part xc7z020-clg400-2 
INFO: [HLS 200-1510] Running: create_clock -period 10 -name default 
INFO: [HLS 200-1510] Running: config_export -format ip_catalog -rtl verilog 
INFO: [HLS 200-1510] Running: source ./ip1/solution1/directives.tcl
INFO: [HLS 200-1510] Running: set_directive_top -name initial_conv_bn_relu initial_conv_bn_relu 
INFO: [HLS 200-1510] Running: export_design -rtl verilog -format ip_catalog 
INFO: [IMPL 213-8] Exporting RTL as a Vivado IP.
INFO: [HLS 200-802] Generated output file ip1/solution1/impl/export.zip
INFO: [HLS 200-111] Finished Command export_design CPU user time: 3 seconds. CPU system time: 0 seconds. Elapsed time: 22.625 seconds; current allocated memory: 9.406 MB.
INFO: [HLS 200-112] Total CPU user time: 5 seconds. Total CPU system time: 1 seconds. Total elapsed time: 35.363 seconds; peak allocated memory: 686.859 MB.
