Copyright 1986-2022 Xilinx, Inc. All Rights Reserved.
---------------------------------------------------------------------------------------------------------------------------------------------------------------------------------------------------------------------------------------------
| Tool Version : Vivado v.2022.2 (win64) Build 3671981 Fri Oct 14 05:00:03 MDT 2022
| Date         : Wed Nov  5 11:32:49 2025
| Host         : AKY0310 running 64-bit major release  (build 9200)
| Command      : report_timing_summary -max_paths 10 -report_unconstrained -file design_1_wrapper_timing_summary_routed.rpt -pb design_1_wrapper_timing_summary_routed.pb -rpx design_1_wrapper_timing_summary_routed.rpx -warn_on_violation
| Design       : design_1_wrapper
| Device       : 7z020-clg400
| Speed File   : -2  PRODUCTION 1.12 2019-11-22
---------------------------------------------------------------------------------------------------------------------------------------------------------------------------------------------------------------------------------------------

Timing Summary Report

------------------------------------------------------------------------------------------------
| Timer Settings
| --------------
------------------------------------------------------------------------------------------------

  Enable Multi Corner Analysis               :  Yes
  Enable Pessimism Removal                   :  Yes
  Pessimism Removal Resolution               :  Nearest Common Node
  Enable Input Delay Default Clock           :  No
  Enable Preset / Clear Arcs                 :  No
  Disable Flight Delays                      :  No
  Ignore I/O Paths                           :  No
  Timing Early Launch at Borrowing Latches   :  No
  Borrow Time for Max Delay Exceptions       :  Yes
  Merge Timing Exceptions                    :  Yes

  Corner  Analyze    Analyze    
  Name    Max Paths  Min Paths  
  ------  ---------  ---------  
  Slow    Yes        Yes        
  Fast    Yes        Yes        


------------------------------------------------------------------------------------------------
| Report Methodology
| ------------------
------------------------------------------------------------------------------------------------

No report available as report_methodology has not been run prior. Run report_methodology on the current design for the summary of methodology violations.



check_timing report

Table of Contents
-----------------
1. checking no_clock (0)
2. checking constant_clock (0)
3. checking pulse_width_clock (0)
4. checking unconstrained_internal_endpoints (0)
5. checking no_input_delay (0)
6. checking no_output_delay (0)
7. checking multiple_clock (0)
8. checking generated_clocks (0)
9. checking loops (0)
10. checking partial_input_delay (0)
11. checking partial_output_delay (0)
12. checking latch_loops (0)

1. checking no_clock (0)
------------------------
 There are 0 register/latch pins with no clock.


2. checking constant_clock (0)
------------------------------
 There are 0 register/latch pins with constant_clock.


3. checking pulse_width_clock (0)
---------------------------------
 There are 0 register/latch pins which need pulse_width check


4. checking unconstrained_internal_endpoints (0)
------------------------------------------------
 There are 0 pins that are not constrained for maximum delay.

 There are 0 pins that are not constrained for maximum delay due to constant clock.


5. checking no_input_delay (0)
------------------------------
 There are 0 input ports with no input delay specified.

 There are 0 input ports with no input delay but user has a false path constraint.


6. checking no_output_delay (0)
-------------------------------
 There are 0 ports with no output delay specified.

 There are 0 ports with no output delay but user has a false path constraint

 There are 0 ports with no output delay but with a timing clock defined on it or propagating through it


7. checking multiple_clock (0)
------------------------------
 There are 0 register/latch pins with multiple clocks.


8. checking generated_clocks (0)
--------------------------------
 There are 0 generated clocks that are not connected to a clock source.


9. checking loops (0)
---------------------
 There are 0 combinational loops in the design.


10. checking partial_input_delay (0)
------------------------------------
 There are 0 input ports with partial input delay specified.


11. checking partial_output_delay (0)
-------------------------------------
 There are 0 ports with partial output delay specified.


12. checking latch_loops (0)
----------------------------
 There are 0 combinational latch loops in the design through latch input



------------------------------------------------------------------------------------------------
| Design Timing Summary
| ---------------------
------------------------------------------------------------------------------------------------

    WNS(ns)      TNS(ns)  TNS Failing Endpoints  TNS Total Endpoints      WHS(ns)      THS(ns)  THS Failing Endpoints  THS Total Endpoints     WPWS(ns)     TPWS(ns)  TPWS Failing Endpoints  TPWS Total Endpoints  
    -------      -------  ---------------------  -------------------      -------      -------  ---------------------  -------------------     --------     --------  ----------------------  --------------------  
      5.147        0.000                      0                70196        0.036        0.000                      0                70196        8.870        0.000                       0                 26306  


All user specified timing constraints are met.


------------------------------------------------------------------------------------------------
| Clock Summary
| -------------
------------------------------------------------------------------------------------------------

Clock       Waveform(ns)       Period(ns)      Frequency(MHz)
-----       ------------       ----------      --------------
clk_fpga_0  {0.000 10.000}     20.000          50.000          


------------------------------------------------------------------------------------------------
| Intra Clock Table
| -----------------
------------------------------------------------------------------------------------------------

Clock             WNS(ns)      TNS(ns)  TNS Failing Endpoints  TNS Total Endpoints      WHS(ns)      THS(ns)  THS Failing Endpoints  THS Total Endpoints     WPWS(ns)     TPWS(ns)  TPWS Failing Endpoints  TPWS Total Endpoints  
-----             -------      -------  ---------------------  -------------------      -------      -------  ---------------------  -------------------     --------     --------  ----------------------  --------------------  
clk_fpga_0          5.147        0.000                      0                70196        0.036        0.000                      0                70196        8.870        0.000                       0                 26306  


------------------------------------------------------------------------------------------------
| Inter Clock Table
| -----------------
------------------------------------------------------------------------------------------------

From Clock    To Clock          WNS(ns)      TNS(ns)  TNS Failing Endpoints  TNS Total Endpoints      WHS(ns)      THS(ns)  THS Failing Endpoints  THS Total Endpoints  
----------    --------          -------      -------  ---------------------  -------------------      -------      -------  ---------------------  -------------------  


------------------------------------------------------------------------------------------------
| Other Path Groups Table
| -----------------------
------------------------------------------------------------------------------------------------

Path Group    From Clock    To Clock          WNS(ns)      TNS(ns)  TNS Failing Endpoints  TNS Total Endpoints      WHS(ns)      THS(ns)  THS Failing Endpoints  THS Total Endpoints  
----------    ----------    --------          -------      -------  ---------------------  -------------------      -------      -------  ---------------------  -------------------  


------------------------------------------------------------------------------------------------
| User Ignored Path Table
| -----------------------
------------------------------------------------------------------------------------------------

Path Group    From Clock    To Clock    
----------    ----------    --------    
(none)                      clk_fpga_0    
(none)        clk_fpga_0    clk_fpga_0    


------------------------------------------------------------------------------------------------
| Unconstrained Path Table
| ------------------------
------------------------------------------------------------------------------------------------

Path Group    From Clock    To Clock    
----------    ----------    --------    
(none)                      clk_fpga_0    


------------------------------------------------------------------------------------------------
| Timing Details
| --------------
------------------------------------------------------------------------------------------------


---------------------------------------------------------------------------------------------------
From Clock:  clk_fpga_0
  To Clock:  clk_fpga_0

Setup :            0  Failing Endpoints,  Worst Slack        5.147ns,  Total Violation        0.000ns
Hold  :            0  Failing Endpoints,  Worst Slack        0.036ns,  Total Violation        0.000ns
PW    :            0  Failing Endpoints,  Worst Slack        8.870ns,  Total Violation        0.000ns
---------------------------------------------------------------------------------------------------


Max Delay Paths
--------------------------------------------------------------------------------------
Slack (MET) :             5.147ns  (required time - arrival time)
  Source:                 design_1_i/axi_interconnect_0/xbar/inst/gen_sasd.crossbar_sasd_0/addr_arbiter_inst/gen_arbiter.m_amesg_i_reg[5]/C
                            (rising edge-triggered cell FDRE clocked by clk_fpga_0  {rise@0.000ns fall@10.000ns period=20.000ns})
  Destination:            design_1_i/conv_bn_relu_0/inst/control_s_axi_U/rdata_reg[28]/D
                            (rising edge-triggered cell FDRE clocked by clk_fpga_0  {rise@0.000ns fall@10.000ns period=20.000ns})
  Path Group:             clk_fpga_0
  Path Type:              Setup (Max at Slow Process Corner)
  Requirement:            20.000ns  (clk_fpga_0 rise@20.000ns - clk_fpga_0 rise@0.000ns)
  Data Path Delay:        14.284ns  (logic 0.695ns (4.866%)  route 13.589ns (95.134%))
  Logic Levels:           2  (LUT6=2)
  Clock Path Skew:        -0.298ns (DCD - SCD + CPR)
    Destination Clock Delay (DCD):    2.283ns = ( 22.283 - 20.000 ) 
    Source Clock Delay      (SCD):    2.678ns
    Clock Pessimism Removal (CPR):    0.097ns
  Clock Uncertainty:      0.302ns  ((TSJ^2 + TIJ^2)^1/2 + DJ) / 2 + PE
    Total System Jitter     (TSJ):    0.071ns
    Total Input Jitter      (TIJ):    0.600ns
    Discrete Jitter          (DJ):    0.000ns
    Phase Error              (PE):    0.000ns

    Location             Delay type                Incr(ns)  Path(ns)    Netlist Resource(s)
  -------------------------------------------------------------------    -------------------
                         (clock clk_fpga_0 rise edge)
                                                      0.000     0.000 r  
    PS7_X0Y0             PS7                          0.000     0.000 r  design_1_i/processing_system7_0/inst/PS7_i/FCLKCLK[0]
                         net (fo=1, routed)           0.994     0.994    design_1_i/processing_system7_0/inst/FCLK_CLK_unbuffered[0]
    BUFGCTRL_X0Y16       BUFG (Prop_bufg_I_O)         0.085     1.079 r  design_1_i/processing_system7_0/inst/buffer_fclk_clk_0.FCLK_CLK_0_BUFG/O
                         net (fo=26320, routed)       1.599     2.678    design_1_i/axi_interconnect_0/xbar/inst/gen_sasd.crossbar_sasd_0/addr_arbiter_inst/aclk
    SLICE_X29Y109        FDRE                                         r  design_1_i/axi_interconnect_0/xbar/inst/gen_sasd.crossbar_sasd_0/addr_arbiter_inst/gen_arbiter.m_amesg_i_reg[5]/C
  -------------------------------------------------------------------    -------------------
    SLICE_X29Y109        FDRE (Prop_fdre_C_Q)         0.348     3.026 r  design_1_i/axi_interconnect_0/xbar/inst/gen_sasd.crossbar_sasd_0/addr_arbiter_inst/gen_arbiter.m_amesg_i_reg[5]/Q
                         net (fo=416, routed)        12.992    16.018    design_1_i/conv_bn_relu_0/inst/control_s_axi_U/s_axi_control_ARADDR[4]
    SLICE_X59Y36         LUT6 (Prop_lut6_I3_O)        0.242    16.260 r  design_1_i/conv_bn_relu_0/inst/control_s_axi_U/rdata[28]_i_4/O
                         net (fo=1, routed)           0.597    16.857    design_1_i/conv_bn_relu_0/inst/control_s_axi_U/rdata[28]_i_4_n_0
    SLICE_X59Y37         LUT6 (Prop_lut6_I3_O)        0.105    16.962 r  design_1_i/conv_bn_relu_0/inst/control_s_axi_U/rdata[28]_i_1/O
                         net (fo=1, routed)           0.000    16.962    design_1_i/conv_bn_relu_0/inst/control_s_axi_U/rdata[28]
    SLICE_X59Y37         FDRE                                         r  design_1_i/conv_bn_relu_0/inst/control_s_axi_U/rdata_reg[28]/D
  -------------------------------------------------------------------    -------------------

                         (clock clk_fpga_0 rise edge)
                                                     20.000    20.000 r  
    PS7_X0Y0             PS7                          0.000    20.000 r  design_1_i/processing_system7_0/inst/PS7_i/FCLKCLK[0]
                         net (fo=1, routed)           0.905    20.906    design_1_i/processing_system7_0/inst/FCLK_CLK_unbuffered[0]
    BUFGCTRL_X0Y16       BUFG (Prop_bufg_I_O)         0.077    20.983 r  design_1_i/processing_system7_0/inst/buffer_fclk_clk_0.FCLK_CLK_0_BUFG/O
                         net (fo=26320, routed)       1.301    22.283    design_1_i/conv_bn_relu_0/inst/control_s_axi_U/ap_clk
    SLICE_X59Y37         FDRE                                         r  design_1_i/conv_bn_relu_0/inst/control_s_axi_U/rdata_reg[28]/C
                         clock pessimism              0.097    22.380    
                         clock uncertainty           -0.302    22.078    
    SLICE_X59Y37         FDRE (Setup_fdre_C_D)        0.032    22.110    design_1_i/conv_bn_relu_0/inst/control_s_axi_U/rdata_reg[28]
  -------------------------------------------------------------------
                         required time                         22.110    
                         arrival time                         -16.962    
  -------------------------------------------------------------------
                         slack                                  5.147    

Slack (MET) :             5.218ns  (required time - arrival time)
  Source:                 design_1_i/axi_interconnect_0/xbar/inst/gen_sasd.crossbar_sasd_0/addr_arbiter_inst/gen_arbiter.m_amesg_i_reg[5]/C
                            (rising edge-triggered cell FDRE clocked by clk_fpga_0  {rise@0.000ns fall@10.000ns period=20.000ns})
  Destination:            design_1_i/conv_bn_relu_0/inst/control_s_axi_U/rdata_reg[24]/D
                            (rising edge-triggered cell FDRE clocked by clk_fpga_0  {rise@0.000ns fall@10.000ns period=20.000ns})
  Path Group:             clk_fpga_0
  Path Type:              Setup (Max at Slow Process Corner)
  Requirement:            20.000ns  (clk_fpga_0 rise@20.000ns - clk_fpga_0 rise@0.000ns)
  Data Path Delay:        14.212ns  (logic 0.695ns (4.890%)  route 13.517ns (95.110%))
  Logic Levels:           2  (LUT6=2)
  Clock Path Skew:        -0.298ns (DCD - SCD + CPR)
    Destination Clock Delay (DCD):    2.283ns = ( 22.283 - 20.000 ) 
    Source Clock Delay      (SCD):    2.678ns
    Clock Pessimism Removal (CPR):    0.097ns
  Clock Uncertainty:      0.302ns  ((TSJ^2 + TIJ^2)^1/2 + DJ) / 2 + PE
    Total System Jitter     (TSJ):    0.071ns
    Total Input Jitter      (TIJ):    0.600ns
    Discrete Jitter          (DJ):    0.000ns
    Phase Error              (PE):    0.000ns

    Location             Delay type                Incr(ns)  Path(ns)    Netlist Resource(s)
  -------------------------------------------------------------------    -------------------
                         (clock clk_fpga_0 rise edge)
                                                      0.000     0.000 r  
    PS7_X0Y0             PS7                          0.000     0.000 r  design_1_i/processing_system7_0/inst/PS7_i/FCLKCLK[0]
                         net (fo=1, routed)           0.994     0.994    design_1_i/processing_system7_0/inst/FCLK_CLK_unbuffered[0]
    BUFGCTRL_X0Y16       BUFG (Prop_bufg_I_O)         0.085     1.079 r  design_1_i/processing_system7_0/inst/buffer_fclk_clk_0.FCLK_CLK_0_BUFG/O
                         net (fo=26320, routed)       1.599     2.678    design_1_i/axi_interconnect_0/xbar/inst/gen_sasd.crossbar_sasd_0/addr_arbiter_inst/aclk
    SLICE_X29Y109        FDRE                                         r  design_1_i/axi_interconnect_0/xbar/inst/gen_sasd.crossbar_sasd_0/addr_arbiter_inst/gen_arbiter.m_amesg_i_reg[5]/C
  -------------------------------------------------------------------    -------------------
    SLICE_X29Y109        FDRE (Prop_fdre_C_Q)         0.348     3.026 r  design_1_i/axi_interconnect_0/xbar/inst/gen_sasd.crossbar_sasd_0/addr_arbiter_inst/gen_arbiter.m_amesg_i_reg[5]/Q
                         net (fo=416, routed)        12.867    15.893    design_1_i/conv_bn_relu_0/inst/control_s_axi_U/s_axi_control_ARADDR[4]
    SLICE_X58Y36         LUT6 (Prop_lut6_I2_O)        0.242    16.135 r  design_1_i/conv_bn_relu_0/inst/control_s_axi_U/rdata[24]_i_5/O
                         net (fo=1, routed)           0.650    16.785    design_1_i/conv_bn_relu_0/inst/control_s_axi_U/rdata[24]_i_5_n_0
    SLICE_X59Y37         LUT6 (Prop_lut6_I4_O)        0.105    16.890 r  design_1_i/conv_bn_relu_0/inst/control_s_axi_U/rdata[24]_i_1/O
                         net (fo=1, routed)           0.000    16.890    design_1_i/conv_bn_relu_0/inst/control_s_axi_U/rdata[24]
    SLICE_X59Y37         FDRE                                         r  design_1_i/conv_bn_relu_0/inst/control_s_axi_U/rdata_reg[24]/D
  -------------------------------------------------------------------    -------------------

                         (clock clk_fpga_0 rise edge)
                                                     20.000    20.000 r  
    PS7_X0Y0             PS7                          0.000    20.000 r  design_1_i/processing_system7_0/inst/PS7_i/FCLKCLK[0]
                         net (fo=1, routed)           0.905    20.906    design_1_i/processing_system7_0/inst/FCLK_CLK_unbuffered[0]
    BUFGCTRL_X0Y16       BUFG (Prop_bufg_I_O)         0.077    20.983 r  design_1_i/processing_system7_0/inst/buffer_fclk_clk_0.FCLK_CLK_0_BUFG/O
                         net (fo=26320, routed)       1.301    22.283    design_1_i/conv_bn_relu_0/inst/control_s_axi_U/ap_clk
    SLICE_X59Y37         FDRE                                         r  design_1_i/conv_bn_relu_0/inst/control_s_axi_U/rdata_reg[24]/C
                         clock pessimism              0.097    22.380    
                         clock uncertainty           -0.302    22.078    
    SLICE_X59Y37         FDRE (Setup_fdre_C_D)        0.030    22.108    design_1_i/conv_bn_relu_0/inst/control_s_axi_U/rdata_reg[24]
  -------------------------------------------------------------------
                         required time                         22.108    
                         arrival time                         -16.890    
  -------------------------------------------------------------------
                         slack                                  5.218    

Slack (MET) :             5.577ns  (required time - arrival time)
  Source:                 design_1_i/axi_interconnect_0/xbar/inst/gen_sasd.crossbar_sasd_0/addr_arbiter_inst/gen_arbiter.m_amesg_i_reg[5]/C
                            (rising edge-triggered cell FDRE clocked by clk_fpga_0  {rise@0.000ns fall@10.000ns period=20.000ns})
  Destination:            design_1_i/conv_bn_relu_0/inst/control_s_axi_U/rdata_reg[29]/D
                            (rising edge-triggered cell FDRE clocked by clk_fpga_0  {rise@0.000ns fall@10.000ns period=20.000ns})
  Path Group:             clk_fpga_0
  Path Type:              Setup (Max at Slow Process Corner)
  Requirement:            20.000ns  (clk_fpga_0 rise@20.000ns - clk_fpga_0 rise@0.000ns)
  Data Path Delay:        13.856ns  (logic 0.695ns (5.016%)  route 13.161ns (94.984%))
  Logic Levels:           2  (LUT6=2)
  Clock Path Skew:        -0.297ns (DCD - SCD + CPR)
    Destination Clock Delay (DCD):    2.284ns = ( 22.284 - 20.000 ) 
    Source Clock Delay      (SCD):    2.678ns
    Clock Pessimism Removal (CPR):    0.097ns
  Clock Uncertainty:      0.302ns  ((TSJ^2 + TIJ^2)^1/2 + DJ) / 2 + PE
    Total System Jitter     (TSJ):    0.071ns
    Total Input Jitter      (TIJ):    0.600ns
    Discrete Jitter          (DJ):    0.000ns
    Phase Error              (PE):    0.000ns

    Location             Delay type                Incr(ns)  Path(ns)    Netlist Resource(s)
  -------------------------------------------------------------------    -------------------
                         (clock clk_fpga_0 rise edge)
                                                      0.000     0.000 r  
    PS7_X0Y0             PS7                          0.000     0.000 r  design_1_i/processing_system7_0/inst/PS7_i/FCLKCLK[0]
                         net (fo=1, routed)           0.994     0.994    design_1_i/processing_system7_0/inst/FCLK_CLK_unbuffered[0]
    BUFGCTRL_X0Y16       BUFG (Prop_bufg_I_O)         0.085     1.079 r  design_1_i/processing_system7_0/inst/buffer_fclk_clk_0.FCLK_CLK_0_BUFG/O
                         net (fo=26320, routed)       1.599     2.678    design_1_i/axi_interconnect_0/xbar/inst/gen_sasd.crossbar_sasd_0/addr_arbiter_inst/aclk
    SLICE_X29Y109        FDRE                                         r  design_1_i/axi_interconnect_0/xbar/inst/gen_sasd.crossbar_sasd_0/addr_arbiter_inst/gen_arbiter.m_amesg_i_reg[5]/C
  -------------------------------------------------------------------    -------------------
    SLICE_X29Y109        FDRE (Prop_fdre_C_Q)         0.348     3.026 r  design_1_i/axi_interconnect_0/xbar/inst/gen_sasd.crossbar_sasd_0/addr_arbiter_inst/gen_arbiter.m_amesg_i_reg[5]/Q
                         net (fo=416, routed)        12.791    15.817    design_1_i/conv_bn_relu_0/inst/control_s_axi_U/s_axi_control_ARADDR[4]
    SLICE_X59Y36         LUT6 (Prop_lut6_I2_O)        0.242    16.059 r  design_1_i/conv_bn_relu_0/inst/control_s_axi_U/rdata[29]_i_5/O
                         net (fo=1, routed)           0.370    16.429    design_1_i/conv_bn_relu_0/inst/control_s_axi_U/rdata[29]_i_5_n_0
    SLICE_X60Y38         LUT6 (Prop_lut6_I4_O)        0.105    16.534 r  design_1_i/conv_bn_relu_0/inst/control_s_axi_U/rdata[29]_i_1/O
                         net (fo=1, routed)           0.000    16.534    design_1_i/conv_bn_relu_0/inst/control_s_axi_U/rdata[29]
    SLICE_X60Y38         FDRE                                         r  design_1_i/conv_bn_relu_0/inst/control_s_axi_U/rdata_reg[29]/D
  -------------------------------------------------------------------    -------------------

                         (clock clk_fpga_0 rise edge)
                                                     20.000    20.000 r  
    PS7_X0Y0             PS7                          0.000    20.000 r  design_1_i/processing_system7_0/inst/PS7_i/FCLKCLK[0]
                         net (fo=1, routed)           0.905    20.906    design_1_i/processing_system7_0/inst/FCLK_CLK_unbuffered[0]
    BUFGCTRL_X0Y16       BUFG (Prop_bufg_I_O)         0.077    20.983 r  design_1_i/processing_system7_0/inst/buffer_fclk_clk_0.FCLK_CLK_0_BUFG/O
                         net (fo=26320, routed)       1.302    22.284    design_1_i/conv_bn_relu_0/inst/control_s_axi_U/ap_clk
    SLICE_X60Y38         FDRE                                         r  design_1_i/conv_bn_relu_0/inst/control_s_axi_U/rdata_reg[29]/C
                         clock pessimism              0.097    22.381    
                         clock uncertainty           -0.302    22.079    
    SLICE_X60Y38         FDRE (Setup_fdre_C_D)        0.032    22.111    design_1_i/conv_bn_relu_0/inst/control_s_axi_U/rdata_reg[29]
  -------------------------------------------------------------------
                         required time                         22.111    
                         arrival time                         -16.534    
  -------------------------------------------------------------------
                         slack                                  5.577    

Slack (MET) :             5.621ns  (required time - arrival time)
  Source:                 design_1_i/axi_interconnect_0/xbar/inst/gen_sasd.crossbar_sasd_0/addr_arbiter_inst/gen_arbiter.m_amesg_i_reg[5]/C
                            (rising edge-triggered cell FDRE clocked by clk_fpga_0  {rise@0.000ns fall@10.000ns period=20.000ns})
  Destination:            design_1_i/conv_bn_relu_0/inst/control_s_axi_U/rdata_reg[26]/D
                            (rising edge-triggered cell FDRE clocked by clk_fpga_0  {rise@0.000ns fall@10.000ns period=20.000ns})
  Path Group:             clk_fpga_0
  Path Type:              Setup (Max at Slow Process Corner)
  Requirement:            20.000ns  (clk_fpga_0 rise@20.000ns - clk_fpga_0 rise@0.000ns)
  Data Path Delay:        13.810ns  (logic 0.695ns (5.033%)  route 13.115ns (94.967%))
  Logic Levels:           2  (LUT6=2)
  Clock Path Skew:        -0.297ns (DCD - SCD + CPR)
    Destination Clock Delay (DCD):    2.284ns = ( 22.284 - 20.000 ) 
    Source Clock Delay      (SCD):    2.678ns
    Clock Pessimism Removal (CPR):    0.097ns
  Clock Uncertainty:      0.302ns  ((TSJ^2 + TIJ^2)^1/2 + DJ) / 2 + PE
    Total System Jitter     (TSJ):    0.071ns
    Total Input Jitter      (TIJ):    0.600ns
    Discrete Jitter          (DJ):    0.000ns
    Phase Error              (PE):    0.000ns

    Location             Delay type                Incr(ns)  Path(ns)    Netlist Resource(s)
  -------------------------------------------------------------------    -------------------
                         (clock clk_fpga_0 rise edge)
                                                      0.000     0.000 r  
    PS7_X0Y0             PS7                          0.000     0.000 r  design_1_i/processing_system7_0/inst/PS7_i/FCLKCLK[0]
                         net (fo=1, routed)           0.994     0.994    design_1_i/processing_system7_0/inst/FCLK_CLK_unbuffered[0]
    BUFGCTRL_X0Y16       BUFG (Prop_bufg_I_O)         0.085     1.079 r  design_1_i/processing_system7_0/inst/buffer_fclk_clk_0.FCLK_CLK_0_BUFG/O
                         net (fo=26320, routed)       1.599     2.678    design_1_i/axi_interconnect_0/xbar/inst/gen_sasd.crossbar_sasd_0/addr_arbiter_inst/aclk
    SLICE_X29Y109        FDRE                                         r  design_1_i/axi_interconnect_0/xbar/inst/gen_sasd.crossbar_sasd_0/addr_arbiter_inst/gen_arbiter.m_amesg_i_reg[5]/C
  -------------------------------------------------------------------    -------------------
    SLICE_X29Y109        FDRE (Prop_fdre_C_Q)         0.348     3.026 r  design_1_i/axi_interconnect_0/xbar/inst/gen_sasd.crossbar_sasd_0/addr_arbiter_inst/gen_arbiter.m_amesg_i_reg[5]/Q
                         net (fo=416, routed)        12.391    15.417    design_1_i/conv_bn_relu_0/inst/control_s_axi_U/s_axi_control_ARADDR[4]
    SLICE_X60Y33         LUT6 (Prop_lut6_I2_O)        0.242    15.659 r  design_1_i/conv_bn_relu_0/inst/control_s_axi_U/rdata[26]_i_5/O
                         net (fo=1, routed)           0.724    16.383    design_1_i/conv_bn_relu_0/inst/control_s_axi_U/rdata[26]_i_5_n_0
    SLICE_X60Y38         LUT6 (Prop_lut6_I4_O)        0.105    16.488 r  design_1_i/conv_bn_relu_0/inst/control_s_axi_U/rdata[26]_i_1/O
                         net (fo=1, routed)           0.000    16.488    design_1_i/conv_bn_relu_0/inst/control_s_axi_U/rdata[26]
    SLICE_X60Y38         FDRE                                         r  design_1_i/conv_bn_relu_0/inst/control_s_axi_U/rdata_reg[26]/D
  -------------------------------------------------------------------    -------------------

                         (clock clk_fpga_0 rise edge)
                                                     20.000    20.000 r  
    PS7_X0Y0             PS7                          0.000    20.000 r  design_1_i/processing_system7_0/inst/PS7_i/FCLKCLK[0]
                         net (fo=1, routed)           0.905    20.906    design_1_i/processing_system7_0/inst/FCLK_CLK_unbuffered[0]
    BUFGCTRL_X0Y16       BUFG (Prop_bufg_I_O)         0.077    20.983 r  design_1_i/processing_system7_0/inst/buffer_fclk_clk_0.FCLK_CLK_0_BUFG/O
                         net (fo=26320, routed)       1.302    22.284    design_1_i/conv_bn_relu_0/inst/control_s_axi_U/ap_clk
    SLICE_X60Y38         FDRE                                         r  design_1_i/conv_bn_relu_0/inst/control_s_axi_U/rdata_reg[26]/C
                         clock pessimism              0.097    22.381    
                         clock uncertainty           -0.302    22.079    
    SLICE_X60Y38         FDRE (Setup_fdre_C_D)        0.030    22.109    design_1_i/conv_bn_relu_0/inst/control_s_axi_U/rdata_reg[26]
  -------------------------------------------------------------------
                         required time                         22.109    
                         arrival time                         -16.488    
  -------------------------------------------------------------------
                         slack                                  5.621    

Slack (MET) :             5.667ns  (required time - arrival time)
  Source:                 design_1_i/axi_interconnect_0/xbar/inst/gen_sasd.crossbar_sasd_0/addr_arbiter_inst/gen_arbiter.m_amesg_i_reg[5]/C
                            (rising edge-triggered cell FDRE clocked by clk_fpga_0  {rise@0.000ns fall@10.000ns period=20.000ns})
  Destination:            design_1_i/conv_bn_relu_0/inst/control_s_axi_U/rdata_reg[30]/D
                            (rising edge-triggered cell FDRE clocked by clk_fpga_0  {rise@0.000ns fall@10.000ns period=20.000ns})
  Path Group:             clk_fpga_0
  Path Type:              Setup (Max at Slow Process Corner)
  Requirement:            20.000ns  (clk_fpga_0 rise@20.000ns - clk_fpga_0 rise@0.000ns)
  Data Path Delay:        13.767ns  (logic 0.695ns (5.048%)  route 13.072ns (94.952%))
  Logic Levels:           2  (LUT6=2)
  Clock Path Skew:        -0.297ns (DCD - SCD + CPR)
    Destination Clock Delay (DCD):    2.284ns = ( 22.284 - 20.000 ) 
    Source Clock Delay      (SCD):    2.678ns
    Clock Pessimism Removal (CPR):    0.097ns
  Clock Uncertainty:      0.302ns  ((TSJ^2 + TIJ^2)^1/2 + DJ) / 2 + PE
    Total System Jitter     (TSJ):    0.071ns
    Total Input Jitter      (TIJ):    0.600ns
    Discrete Jitter          (DJ):    0.000ns
    Phase Error              (PE):    0.000ns

    Location             Delay type                Incr(ns)  Path(ns)    Netlist Resource(s)
  -------------------------------------------------------------------    -------------------
                         (clock clk_fpga_0 rise edge)
                                                      0.000     0.000 r  
    PS7_X0Y0             PS7                          0.000     0.000 r  design_1_i/processing_system7_0/inst/PS7_i/FCLKCLK[0]
                         net (fo=1, routed)           0.994     0.994    design_1_i/processing_system7_0/inst/FCLK_CLK_unbuffered[0]
    BUFGCTRL_X0Y16       BUFG (Prop_bufg_I_O)         0.085     1.079 r  design_1_i/processing_system7_0/inst/buffer_fclk_clk_0.FCLK_CLK_0_BUFG/O
                         net (fo=26320, routed)       1.599     2.678    design_1_i/axi_interconnect_0/xbar/inst/gen_sasd.crossbar_sasd_0/addr_arbiter_inst/aclk
    SLICE_X29Y109        FDRE                                         r  design_1_i/axi_interconnect_0/xbar/inst/gen_sasd.crossbar_sasd_0/addr_arbiter_inst/gen_arbiter.m_amesg_i_reg[5]/C
  -------------------------------------------------------------------    -------------------
    SLICE_X29Y109        FDRE (Prop_fdre_C_Q)         0.348     3.026 r  design_1_i/axi_interconnect_0/xbar/inst/gen_sasd.crossbar_sasd_0/addr_arbiter_inst/gen_arbiter.m_amesg_i_reg[5]/Q
                         net (fo=416, routed)        12.292    15.318    design_1_i/conv_bn_relu_0/inst/control_s_axi_U/s_axi_control_ARADDR[4]
    SLICE_X60Y35         LUT6 (Prop_lut6_I3_O)        0.242    15.560 r  design_1_i/conv_bn_relu_0/inst/control_s_axi_U/rdata[30]_i_4/O
                         net (fo=1, routed)           0.780    16.340    design_1_i/conv_bn_relu_0/inst/control_s_axi_U/rdata[30]_i_4_n_0
    SLICE_X60Y38         LUT6 (Prop_lut6_I3_O)        0.105    16.445 r  design_1_i/conv_bn_relu_0/inst/control_s_axi_U/rdata[30]_i_1/O
                         net (fo=1, routed)           0.000    16.445    design_1_i/conv_bn_relu_0/inst/control_s_axi_U/rdata[30]
    SLICE_X60Y38         FDRE                                         r  design_1_i/conv_bn_relu_0/inst/control_s_axi_U/rdata_reg[30]/D
  -------------------------------------------------------------------    -------------------

                         (clock clk_fpga_0 rise edge)
                                                     20.000    20.000 r  
    PS7_X0Y0             PS7                          0.000    20.000 r  design_1_i/processing_system7_0/inst/PS7_i/FCLKCLK[0]
                         net (fo=1, routed)           0.905    20.906    design_1_i/processing_system7_0/inst/FCLK_CLK_unbuffered[0]
    BUFGCTRL_X0Y16       BUFG (Prop_bufg_I_O)         0.077    20.983 r  design_1_i/processing_system7_0/inst/buffer_fclk_clk_0.FCLK_CLK_0_BUFG/O
                         net (fo=26320, routed)       1.302    22.284    design_1_i/conv_bn_relu_0/inst/control_s_axi_U/ap_clk
    SLICE_X60Y38         FDRE                                         r  design_1_i/conv_bn_relu_0/inst/control_s_axi_U/rdata_reg[30]/C
                         clock pessimism              0.097    22.381    
                         clock uncertainty           -0.302    22.079    
    SLICE_X60Y38         FDRE (Setup_fdre_C_D)        0.033    22.112    design_1_i/conv_bn_relu_0/inst/control_s_axi_U/rdata_reg[30]
  -------------------------------------------------------------------
                         required time                         22.112    
                         arrival time                         -16.445    
  -------------------------------------------------------------------
                         slack                                  5.667    

Slack (MET) :             5.754ns  (required time - arrival time)
  Source:                 design_1_i/axi_interconnect_0/xbar/inst/gen_sasd.crossbar_sasd_0/addr_arbiter_inst/gen_arbiter.m_amesg_i_reg[5]/C
                            (rising edge-triggered cell FDRE clocked by clk_fpga_0  {rise@0.000ns fall@10.000ns period=20.000ns})
  Destination:            design_1_i/conv_bn_relu_0/inst/control_s_axi_U/rdata_reg[31]/D
                            (rising edge-triggered cell FDRE clocked by clk_fpga_0  {rise@0.000ns fall@10.000ns period=20.000ns})
  Path Group:             clk_fpga_0
  Path Type:              Setup (Max at Slow Process Corner)
  Requirement:            20.000ns  (clk_fpga_0 rise@20.000ns - clk_fpga_0 rise@0.000ns)
  Data Path Delay:        13.678ns  (logic 0.695ns (5.081%)  route 12.983ns (94.919%))
  Logic Levels:           2  (LUT6=2)
  Clock Path Skew:        -0.296ns (DCD - SCD + CPR)
    Destination Clock Delay (DCD):    2.285ns = ( 22.285 - 20.000 ) 
    Source Clock Delay      (SCD):    2.678ns
    Clock Pessimism Removal (CPR):    0.097ns
  Clock Uncertainty:      0.302ns  ((TSJ^2 + TIJ^2)^1/2 + DJ) / 2 + PE
    Total System Jitter     (TSJ):    0.071ns
    Total Input Jitter      (TIJ):    0.600ns
    Discrete Jitter          (DJ):    0.000ns
    Phase Error              (PE):    0.000ns

    Location             Delay type                Incr(ns)  Path(ns)    Netlist Resource(s)
  -------------------------------------------------------------------    -------------------
                         (clock clk_fpga_0 rise edge)
                                                      0.000     0.000 r  
    PS7_X0Y0             PS7                          0.000     0.000 r  design_1_i/processing_system7_0/inst/PS7_i/FCLKCLK[0]
                         net (fo=1, routed)           0.994     0.994    design_1_i/processing_system7_0/inst/FCLK_CLK_unbuffered[0]
    BUFGCTRL_X0Y16       BUFG (Prop_bufg_I_O)         0.085     1.079 r  design_1_i/processing_system7_0/inst/buffer_fclk_clk_0.FCLK_CLK_0_BUFG/O
                         net (fo=26320, routed)       1.599     2.678    design_1_i/axi_interconnect_0/xbar/inst/gen_sasd.crossbar_sasd_0/addr_arbiter_inst/aclk
    SLICE_X29Y109        FDRE                                         r  design_1_i/axi_interconnect_0/xbar/inst/gen_sasd.crossbar_sasd_0/addr_arbiter_inst/gen_arbiter.m_amesg_i_reg[5]/C
  -------------------------------------------------------------------    -------------------
    SLICE_X29Y109        FDRE (Prop_fdre_C_Q)         0.348     3.026 r  design_1_i/axi_interconnect_0/xbar/inst/gen_sasd.crossbar_sasd_0/addr_arbiter_inst/gen_arbiter.m_amesg_i_reg[5]/Q
                         net (fo=416, routed)        12.636    15.662    design_1_i/conv_bn_relu_0/inst/control_s_axi_U/s_axi_control_ARADDR[4]
    SLICE_X60Y36         LUT6 (Prop_lut6_I2_O)        0.242    15.904 r  design_1_i/conv_bn_relu_0/inst/control_s_axi_U/rdata[31]_i_8/O
                         net (fo=1, routed)           0.346    16.251    design_1_i/conv_bn_relu_0/inst/control_s_axi_U/rdata[31]_i_8_n_0
    SLICE_X61Y39         LUT6 (Prop_lut6_I5_O)        0.105    16.356 r  design_1_i/conv_bn_relu_0/inst/control_s_axi_U/rdata[31]_i_2/O
                         net (fo=1, routed)           0.000    16.356    design_1_i/conv_bn_relu_0/inst/control_s_axi_U/rdata[31]
    SLICE_X61Y39         FDRE                                         r  design_1_i/conv_bn_relu_0/inst/control_s_axi_U/rdata_reg[31]/D
  -------------------------------------------------------------------    -------------------

                         (clock clk_fpga_0 rise edge)
                                                     20.000    20.000 r  
    PS7_X0Y0             PS7                          0.000    20.000 r  design_1_i/processing_system7_0/inst/PS7_i/FCLKCLK[0]
                         net (fo=1, routed)           0.905    20.906    design_1_i/processing_system7_0/inst/FCLK_CLK_unbuffered[0]
    BUFGCTRL_X0Y16       BUFG (Prop_bufg_I_O)         0.077    20.983 r  design_1_i/processing_system7_0/inst/buffer_fclk_clk_0.FCLK_CLK_0_BUFG/O
                         net (fo=26320, routed)       1.303    22.285    design_1_i/conv_bn_relu_0/inst/control_s_axi_U/ap_clk
    SLICE_X61Y39         FDRE                                         r  design_1_i/conv_bn_relu_0/inst/control_s_axi_U/rdata_reg[31]/C
                         clock pessimism              0.097    22.382    
                         clock uncertainty           -0.302    22.080    
    SLICE_X61Y39         FDRE (Setup_fdre_C_D)        0.030    22.110    design_1_i/conv_bn_relu_0/inst/control_s_axi_U/rdata_reg[31]
  -------------------------------------------------------------------
                         required time                         22.110    
                         arrival time                         -16.356    
  -------------------------------------------------------------------
                         slack                                  5.754    

Slack (MET) :             5.844ns  (required time - arrival time)
  Source:                 design_1_i/axi_interconnect_0/xbar/inst/gen_sasd.crossbar_sasd_0/addr_arbiter_inst/gen_arbiter.m_amesg_i_reg[5]/C
                            (rising edge-triggered cell FDRE clocked by clk_fpga_0  {rise@0.000ns fall@10.000ns period=20.000ns})
  Destination:            design_1_i/channel_shuffle_0/inst/control_s_axi_U/rdata_reg[1]/D
                            (rising edge-triggered cell FDRE clocked by clk_fpga_0  {rise@0.000ns fall@10.000ns period=20.000ns})
  Path Group:             clk_fpga_0
  Path Type:              Setup (Max at Slow Process Corner)
  Requirement:            20.000ns  (clk_fpga_0 rise@20.000ns - clk_fpga_0 rise@0.000ns)
  Data Path Delay:        13.594ns  (logic 0.695ns (5.113%)  route 12.899ns (94.887%))
  Logic Levels:           2  (LUT3=1 LUT6=1)
  Clock Path Skew:        -0.293ns (DCD - SCD + CPR)
    Destination Clock Delay (DCD):    2.288ns = ( 22.288 - 20.000 ) 
    Source Clock Delay      (SCD):    2.678ns
    Clock Pessimism Removal (CPR):    0.097ns
  Clock Uncertainty:      0.302ns  ((TSJ^2 + TIJ^2)^1/2 + DJ) / 2 + PE
    Total System Jitter     (TSJ):    0.071ns
    Total Input Jitter      (TIJ):    0.600ns
    Discrete Jitter          (DJ):    0.000ns
    Phase Error              (PE):    0.000ns

    Location             Delay type                Incr(ns)  Path(ns)    Netlist Resource(s)
  -------------------------------------------------------------------    -------------------
                         (clock clk_fpga_0 rise edge)
                                                      0.000     0.000 r  
    PS7_X0Y0             PS7                          0.000     0.000 r  design_1_i/processing_system7_0/inst/PS7_i/FCLKCLK[0]
                         net (fo=1, routed)           0.994     0.994    design_1_i/processing_system7_0/inst/FCLK_CLK_unbuffered[0]
    BUFGCTRL_X0Y16       BUFG (Prop_bufg_I_O)         0.085     1.079 r  design_1_i/processing_system7_0/inst/buffer_fclk_clk_0.FCLK_CLK_0_BUFG/O
                         net (fo=26320, routed)       1.599     2.678    design_1_i/axi_interconnect_0/xbar/inst/gen_sasd.crossbar_sasd_0/addr_arbiter_inst/aclk
    SLICE_X29Y109        FDRE                                         r  design_1_i/axi_interconnect_0/xbar/inst/gen_sasd.crossbar_sasd_0/addr_arbiter_inst/gen_arbiter.m_amesg_i_reg[5]/C
  -------------------------------------------------------------------    -------------------
    SLICE_X29Y109        FDRE (Prop_fdre_C_Q)         0.348     3.026 r  design_1_i/axi_interconnect_0/xbar/inst/gen_sasd.crossbar_sasd_0/addr_arbiter_inst/gen_arbiter.m_amesg_i_reg[5]/Q
                         net (fo=416, routed)        12.564    15.590    design_1_i/channel_shuffle_0/inst/control_s_axi_U/s_axi_control_ARADDR[4]
    SLICE_X29Y26         LUT6 (Prop_lut6_I5_O)        0.242    15.832 r  design_1_i/channel_shuffle_0/inst/control_s_axi_U/rdata[1]_i_2/O
                         net (fo=1, routed)           0.335    16.167    design_1_i/channel_shuffle_0/inst/control_s_axi_U/rdata[1]_i_2_n_0
    SLICE_X29Y28         LUT3 (Prop_lut3_I0_O)        0.105    16.272 r  design_1_i/channel_shuffle_0/inst/control_s_axi_U/rdata[1]_i_1/O
                         net (fo=1, routed)           0.000    16.272    design_1_i/channel_shuffle_0/inst/control_s_axi_U/rdata[1]
    SLICE_X29Y28         FDRE                                         r  design_1_i/channel_shuffle_0/inst/control_s_axi_U/rdata_reg[1]/D
  -------------------------------------------------------------------    -------------------

                         (clock clk_fpga_0 rise edge)
                                                     20.000    20.000 r  
    PS7_X0Y0             PS7                          0.000    20.000 r  design_1_i/processing_system7_0/inst/PS7_i/FCLKCLK[0]
                         net (fo=1, routed)           0.905    20.906    design_1_i/processing_system7_0/inst/FCLK_CLK_unbuffered[0]
    BUFGCTRL_X0Y16       BUFG (Prop_bufg_I_O)         0.077    20.983 r  design_1_i/processing_system7_0/inst/buffer_fclk_clk_0.FCLK_CLK_0_BUFG/O
                         net (fo=26320, routed)       1.306    22.288    design_1_i/channel_shuffle_0/inst/control_s_axi_U/ap_clk
    SLICE_X29Y28         FDRE                                         r  design_1_i/channel_shuffle_0/inst/control_s_axi_U/rdata_reg[1]/C
                         clock pessimism              0.097    22.385    
                         clock uncertainty           -0.302    22.083    
    SLICE_X29Y28         FDRE (Setup_fdre_C_D)        0.033    22.116    design_1_i/channel_shuffle_0/inst/control_s_axi_U/rdata_reg[1]
  -------------------------------------------------------------------
                         required time                         22.116    
                         arrival time                         -16.272    
  -------------------------------------------------------------------
                         slack                                  5.844    

Slack (MET) :             5.881ns  (required time - arrival time)
  Source:                 design_1_i/proc_sys_reset_0/U0/ACTIVE_LOW_PR_OUT_DFF[0].FDRE_PER_N/C
                            (rising edge-triggered cell FDRE clocked by clk_fpga_0  {rise@0.000ns fall@10.000ns period=20.000ns})
  Destination:            design_1_i/pooling_0/inst/gmem0_m_axi_U/load_unit/tmp_addr_reg[27]/R
                            (rising edge-triggered cell FDRE clocked by clk_fpga_0  {rise@0.000ns fall@10.000ns period=20.000ns})
  Path Group:             clk_fpga_0
  Path Type:              Setup (Max at Slow Process Corner)
  Requirement:            20.000ns  (clk_fpga_0 rise@20.000ns - clk_fpga_0 rise@0.000ns)
  Data Path Delay:        13.401ns  (logic 0.538ns (4.015%)  route 12.863ns (95.985%))
  Logic Levels:           1  (LUT1=1)
  Clock Path Skew:        -0.064ns (DCD - SCD + CPR)
    Destination Clock Delay (DCD):    2.389ns = ( 22.389 - 20.000 ) 
    Source Clock Delay      (SCD):    2.549ns
    Clock Pessimism Removal (CPR):    0.097ns
  Clock Uncertainty:      0.302ns  ((TSJ^2 + TIJ^2)^1/2 + DJ) / 2 + PE
    Total System Jitter     (TSJ):    0.071ns
    Total Input Jitter      (TIJ):    0.600ns
    Discrete Jitter          (DJ):    0.000ns
    Phase Error              (PE):    0.000ns

    Location             Delay type                Incr(ns)  Path(ns)    Netlist Resource(s)
  -------------------------------------------------------------------    -------------------
                         (clock clk_fpga_0 rise edge)
                                                      0.000     0.000 r  
    PS7_X0Y0             PS7                          0.000     0.000 r  design_1_i/processing_system7_0/inst/PS7_i/FCLKCLK[0]
                         net (fo=1, routed)           0.994     0.994    design_1_i/processing_system7_0/inst/FCLK_CLK_unbuffered[0]
    BUFGCTRL_X0Y16       BUFG (Prop_bufg_I_O)         0.085     1.079 r  design_1_i/processing_system7_0/inst/buffer_fclk_clk_0.FCLK_CLK_0_BUFG/O
                         net (fo=26320, routed)       1.470     2.549    design_1_i/proc_sys_reset_0/U0/slowest_sync_clk
    SLICE_X12Y21         FDRE                                         r  design_1_i/proc_sys_reset_0/U0/ACTIVE_LOW_PR_OUT_DFF[0].FDRE_PER_N/C
  -------------------------------------------------------------------    -------------------
    SLICE_X12Y21         FDRE (Prop_fdre_C_Q)         0.433     2.982 f  design_1_i/proc_sys_reset_0/U0/ACTIVE_LOW_PR_OUT_DFF[0].FDRE_PER_N/Q
                         net (fo=104, routed)         4.945     7.927    design_1_i/pooling_0/inst/gmem0_m_axi_U/bus_write/wreq_throttle/req_fifo/U_fifo_srl/ap_rst_n
    SLICE_X53Y43         LUT1 (Prop_lut1_I0_O)        0.105     8.032 r  design_1_i/pooling_0/inst/gmem0_m_axi_U/bus_write/wreq_throttle/req_fifo/U_fifo_srl/FSM_onehot_wstate[1]_i_1/O
                         net (fo=1474, routed)        7.918    15.950    design_1_i/pooling_0/inst/gmem0_m_axi_U/load_unit/SR[0]
    SLICE_X106Y67        FDRE                                         r  design_1_i/pooling_0/inst/gmem0_m_axi_U/load_unit/tmp_addr_reg[27]/R
  -------------------------------------------------------------------    -------------------

                         (clock clk_fpga_0 rise edge)
                                                     20.000    20.000 r  
    PS7_X0Y0             PS7                          0.000    20.000 r  design_1_i/processing_system7_0/inst/PS7_i/FCLKCLK[0]
                         net (fo=1, routed)           0.905    20.906    design_1_i/processing_system7_0/inst/FCLK_CLK_unbuffered[0]
    BUFGCTRL_X0Y16       BUFG (Prop_bufg_I_O)         0.077    20.983 r  design_1_i/processing_system7_0/inst/buffer_fclk_clk_0.FCLK_CLK_0_BUFG/O
                         net (fo=26320, routed)       1.406    22.389    design_1_i/pooling_0/inst/gmem0_m_axi_U/load_unit/ap_clk
    SLICE_X106Y67        FDRE                                         r  design_1_i/pooling_0/inst/gmem0_m_axi_U/load_unit/tmp_addr_reg[27]/C
                         clock pessimism              0.097    22.485    
                         clock uncertainty           -0.302    22.183    
    SLICE_X106Y67        FDRE (Setup_fdre_C_R)       -0.352    21.831    design_1_i/pooling_0/inst/gmem0_m_axi_U/load_unit/tmp_addr_reg[27]
  -------------------------------------------------------------------
                         required time                         21.831    
                         arrival time                         -15.950    
  -------------------------------------------------------------------
                         slack                                  5.881    

Slack (MET) :             5.885ns  (required time - arrival time)
  Source:                 design_1_i/proc_sys_reset_0/U0/ACTIVE_LOW_PR_OUT_DFF[0].FDRE_PER_N/C
                            (rising edge-triggered cell FDRE clocked by clk_fpga_0  {rise@0.000ns fall@10.000ns period=20.000ns})
  Destination:            design_1_i/pooling_0/inst/gmem0_m_axi_U/load_unit/tmp_addr_reg[10]/R
                            (rising edge-triggered cell FDRE clocked by clk_fpga_0  {rise@0.000ns fall@10.000ns period=20.000ns})
  Path Group:             clk_fpga_0
  Path Type:              Setup (Max at Slow Process Corner)
  Requirement:            20.000ns  (clk_fpga_0 rise@20.000ns - clk_fpga_0 rise@0.000ns)
  Data Path Delay:        13.397ns  (logic 0.538ns (4.016%)  route 12.859ns (95.984%))
  Logic Levels:           1  (LUT1=1)
  Clock Path Skew:        -0.064ns (DCD - SCD + CPR)
    Destination Clock Delay (DCD):    2.389ns = ( 22.389 - 20.000 ) 
    Source Clock Delay      (SCD):    2.549ns
    Clock Pessimism Removal (CPR):    0.097ns
  Clock Uncertainty:      0.302ns  ((TSJ^2 + TIJ^2)^1/2 + DJ) / 2 + PE
    Total System Jitter     (TSJ):    0.071ns
    Total Input Jitter      (TIJ):    0.600ns
    Discrete Jitter          (DJ):    0.000ns
    Phase Error              (PE):    0.000ns

    Location             Delay type                Incr(ns)  Path(ns)    Netlist Resource(s)
  -------------------------------------------------------------------    -------------------
                         (clock clk_fpga_0 rise edge)
                                                      0.000     0.000 r  
    PS7_X0Y0             PS7                          0.000     0.000 r  design_1_i/processing_system7_0/inst/PS7_i/FCLKCLK[0]
                         net (fo=1, routed)           0.994     0.994    design_1_i/processing_system7_0/inst/FCLK_CLK_unbuffered[0]
    BUFGCTRL_X0Y16       BUFG (Prop_bufg_I_O)         0.085     1.079 r  design_1_i/processing_system7_0/inst/buffer_fclk_clk_0.FCLK_CLK_0_BUFG/O
                         net (fo=26320, routed)       1.470     2.549    design_1_i/proc_sys_reset_0/U0/slowest_sync_clk
    SLICE_X12Y21         FDRE                                         r  design_1_i/proc_sys_reset_0/U0/ACTIVE_LOW_PR_OUT_DFF[0].FDRE_PER_N/C
  -------------------------------------------------------------------    -------------------
    SLICE_X12Y21         FDRE (Prop_fdre_C_Q)         0.433     2.982 f  design_1_i/proc_sys_reset_0/U0/ACTIVE_LOW_PR_OUT_DFF[0].FDRE_PER_N/Q
                         net (fo=104, routed)         4.945     7.927    design_1_i/pooling_0/inst/gmem0_m_axi_U/bus_write/wreq_throttle/req_fifo/U_fifo_srl/ap_rst_n
    SLICE_X53Y43         LUT1 (Prop_lut1_I0_O)        0.105     8.032 r  design_1_i/pooling_0/inst/gmem0_m_axi_U/bus_write/wreq_throttle/req_fifo/U_fifo_srl/FSM_onehot_wstate[1]_i_1/O
                         net (fo=1474, routed)        7.914    15.946    design_1_i/pooling_0/inst/gmem0_m_axi_U/load_unit/SR[0]
    SLICE_X107Y67        FDRE                                         r  design_1_i/pooling_0/inst/gmem0_m_axi_U/load_unit/tmp_addr_reg[10]/R
  -------------------------------------------------------------------    -------------------

                         (clock clk_fpga_0 rise edge)
                                                     20.000    20.000 r  
    PS7_X0Y0             PS7                          0.000    20.000 r  design_1_i/processing_system7_0/inst/PS7_i/FCLKCLK[0]
                         net (fo=1, routed)           0.905    20.906    design_1_i/processing_system7_0/inst/FCLK_CLK_unbuffered[0]
    BUFGCTRL_X0Y16       BUFG (Prop_bufg_I_O)         0.077    20.983 r  design_1_i/processing_system7_0/inst/buffer_fclk_clk_0.FCLK_CLK_0_BUFG/O
                         net (fo=26320, routed)       1.406    22.389    design_1_i/pooling_0/inst/gmem0_m_axi_U/load_unit/ap_clk
    SLICE_X107Y67        FDRE                                         r  design_1_i/pooling_0/inst/gmem0_m_axi_U/load_unit/tmp_addr_reg[10]/C
                         clock pessimism              0.097    22.485    
                         clock uncertainty           -0.302    22.183    
    SLICE_X107Y67        FDRE (Setup_fdre_C_R)       -0.352    21.831    design_1_i/pooling_0/inst/gmem0_m_axi_U/load_unit/tmp_addr_reg[10]
  -------------------------------------------------------------------
                         required time                         21.831    
                         arrival time                         -15.946    
  -------------------------------------------------------------------
                         slack                                  5.885    

Slack (MET) :             5.885ns  (required time - arrival time)
  Source:                 design_1_i/proc_sys_reset_0/U0/ACTIVE_LOW_PR_OUT_DFF[0].FDRE_PER_N/C
                            (rising edge-triggered cell FDRE clocked by clk_fpga_0  {rise@0.000ns fall@10.000ns period=20.000ns})
  Destination:            design_1_i/pooling_0/inst/gmem0_m_axi_U/load_unit/tmp_addr_reg[11]/R
                            (rising edge-triggered cell FDRE clocked by clk_fpga_0  {rise@0.000ns fall@10.000ns period=20.000ns})
  Path Group:             clk_fpga_0
  Path Type:              Setup (Max at Slow Process Corner)
  Requirement:            20.000ns  (clk_fpga_0 rise@20.000ns - clk_fpga_0 rise@0.000ns)
  Data Path Delay:        13.397ns  (logic 0.538ns (4.016%)  route 12.859ns (95.984%))
  Logic Levels:           1  (LUT1=1)
  Clock Path Skew:        -0.064ns (DCD - SCD + CPR)
    Destination Clock Delay (DCD):    2.389ns = ( 22.389 - 20.000 ) 
    Source Clock Delay      (SCD):    2.549ns
    Clock Pessimism Removal (CPR):    0.097ns
  Clock Uncertainty:      0.302ns  ((TSJ^2 + TIJ^2)^1/2 + DJ) / 2 + PE
    Total System Jitter     (TSJ):    0.071ns
    Total Input Jitter      (TIJ):    0.600ns
    Discrete Jitter          (DJ):    0.000ns
    Phase Error              (PE):    0.000ns

    Location             Delay type                Incr(ns)  Path(ns)    Netlist Resource(s)
  -------------------------------------------------------------------    -------------------
                         (clock clk_fpga_0 rise edge)
                                                      0.000     0.000 r  
    PS7_X0Y0             PS7                          0.000     0.000 r  design_1_i/processing_system7_0/inst/PS7_i/FCLKCLK[0]
                         net (fo=1, routed)           0.994     0.994    design_1_i/processing_system7_0/inst/FCLK_CLK_unbuffered[0]
    BUFGCTRL_X0Y16       BUFG (Prop_bufg_I_O)         0.085     1.079 r  design_1_i/processing_system7_0/inst/buffer_fclk_clk_0.FCLK_CLK_0_BUFG/O
                         net (fo=26320, routed)       1.470     2.549    design_1_i/proc_sys_reset_0/U0/slowest_sync_clk
    SLICE_X12Y21         FDRE                                         r  design_1_i/proc_sys_reset_0/U0/ACTIVE_LOW_PR_OUT_DFF[0].FDRE_PER_N/C
  -------------------------------------------------------------------    -------------------
    SLICE_X12Y21         FDRE (Prop_fdre_C_Q)         0.433     2.982 f  design_1_i/proc_sys_reset_0/U0/ACTIVE_LOW_PR_OUT_DFF[0].FDRE_PER_N/Q
                         net (fo=104, routed)         4.945     7.927    design_1_i/pooling_0/inst/gmem0_m_axi_U/bus_write/wreq_throttle/req_fifo/U_fifo_srl/ap_rst_n
    SLICE_X53Y43         LUT1 (Prop_lut1_I0_O)        0.105     8.032 r  design_1_i/pooling_0/inst/gmem0_m_axi_U/bus_write/wreq_throttle/req_fifo/U_fifo_srl/FSM_onehot_wstate[1]_i_1/O
                         net (fo=1474, routed)        7.914    15.946    design_1_i/pooling_0/inst/gmem0_m_axi_U/load_unit/SR[0]
    SLICE_X107Y67        FDRE                                         r  design_1_i/pooling_0/inst/gmem0_m_axi_U/load_unit/tmp_addr_reg[11]/R
  -------------------------------------------------------------------    -------------------

                         (clock clk_fpga_0 rise edge)
                                                     20.000    20.000 r  
    PS7_X0Y0             PS7                          0.000    20.000 r  design_1_i/processing_system7_0/inst/PS7_i/FCLKCLK[0]
                         net (fo=1, routed)           0.905    20.906    design_1_i/processing_system7_0/inst/FCLK_CLK_unbuffered[0]
    BUFGCTRL_X0Y16       BUFG (Prop_bufg_I_O)         0.077    20.983 r  design_1_i/processing_system7_0/inst/buffer_fclk_clk_0.FCLK_CLK_0_BUFG/O
                         net (fo=26320, routed)       1.406    22.389    design_1_i/pooling_0/inst/gmem0_m_axi_U/load_unit/ap_clk
    SLICE_X107Y67        FDRE                                         r  design_1_i/pooling_0/inst/gmem0_m_axi_U/load_unit/tmp_addr_reg[11]/C
                         clock pessimism              0.097    22.485    
                         clock uncertainty           -0.302    22.183    
    SLICE_X107Y67        FDRE (Setup_fdre_C_R)       -0.352    21.831    design_1_i/pooling_0/inst/gmem0_m_axi_U/load_unit/tmp_addr_reg[11]
  -------------------------------------------------------------------
                         required time                         21.831    
                         arrival time                         -15.946    
  -------------------------------------------------------------------
                         slack                                  5.885    





Min Delay Paths
--------------------------------------------------------------------------------------
Slack (MET) :             0.036ns  (arrival time - required time)
  Source:                 design_1_i/smartconnect_2/inst/s00_nodes/s00_w_node/inst/inst_mi_handler/gen_normal_area.gen_upsizer.inst_upsizer/gen_w_ch.accum_reg[bytes][3][userdata][4]/C
                            (rising edge-triggered cell FDRE clocked by clk_fpga_0  {rise@0.000ns fall@10.000ns period=20.000ns})
  Destination:            design_1_i/smartconnect_2/inst/s00_nodes/s00_w_node/inst/inst_mi_handler/gen_normal_area.inst_fifo_node_payld/gen_xpm_memory_fifo.inst_fifo/gen_mem_rep[0].inst_xpm_memory/xpm_memory_base_inst/gen_wr_a.gen_word_narrow.mem_reg_0_31_48_53/RAMA/I
                            (rising edge-triggered cell RAMD32 clocked by clk_fpga_0  {rise@0.000ns fall@10.000ns period=20.000ns})
  Path Group:             clk_fpga_0
  Path Type:              Hold (Min at Fast Process Corner)
  Requirement:            0.000ns  (clk_fpga_0 rise@0.000ns - clk_fpga_0 rise@0.000ns)
  Data Path Delay:        0.196ns  (logic 0.141ns (71.838%)  route 0.055ns (28.162%))
  Logic Levels:           0  
  Clock Path Skew:        0.013ns (DCD - SCD - CPR)
    Destination Clock Delay (DCD):    1.199ns
    Source Clock Delay      (SCD):    0.903ns
    Clock Pessimism Removal (CPR):    0.283ns

    Location             Delay type                Incr(ns)  Path(ns)    Netlist Resource(s)
  -------------------------------------------------------------------    -------------------
                         (clock clk_fpga_0 rise edge)
                                                      0.000     0.000 r  
    PS7_X0Y0             PS7                          0.000     0.000 r  design_1_i/processing_system7_0/inst/PS7_i/FCLKCLK[0]
                         net (fo=1, routed)           0.310     0.310    design_1_i/processing_system7_0/inst/FCLK_CLK_unbuffered[0]
    BUFGCTRL_X0Y16       BUFG (Prop_bufg_I_O)         0.026     0.336 r  design_1_i/processing_system7_0/inst/buffer_fclk_clk_0.FCLK_CLK_0_BUFG/O
                         net (fo=26320, routed)       0.567     0.903    design_1_i/smartconnect_2/inst/s00_nodes/s00_w_node/inst/inst_mi_handler/gen_normal_area.gen_upsizer.inst_upsizer/s_sc_aclk
    SLICE_X31Y70         FDRE                                         r  design_1_i/smartconnect_2/inst/s00_nodes/s00_w_node/inst/inst_mi_handler/gen_normal_area.gen_upsizer.inst_upsizer/gen_w_ch.accum_reg[bytes][3][userdata][4]/C
  -------------------------------------------------------------------    -------------------
    SLICE_X31Y70         FDRE (Prop_fdre_C_Q)         0.141     1.044 r  design_1_i/smartconnect_2/inst/s00_nodes/s00_w_node/inst/inst_mi_handler/gen_normal_area.gen_upsizer.inst_upsizer/gen_w_ch.accum_reg[bytes][3][userdata][4]/Q
                         net (fo=1, routed)           0.055     1.099    design_1_i/smartconnect_2/inst/s00_nodes/s00_w_node/inst/inst_mi_handler/gen_normal_area.inst_fifo_node_payld/gen_xpm_memory_fifo.inst_fifo/gen_mem_rep[0].inst_xpm_memory/xpm_memory_base_inst/gen_wr_a.gen_word_narrow.mem_reg_0_31_48_53/DIA0
    SLICE_X30Y70         RAMD32                                       r  design_1_i/smartconnect_2/inst/s00_nodes/s00_w_node/inst/inst_mi_handler/gen_normal_area.inst_fifo_node_payld/gen_xpm_memory_fifo.inst_fifo/gen_mem_rep[0].inst_xpm_memory/xpm_memory_base_inst/gen_wr_a.gen_word_narrow.mem_reg_0_31_48_53/RAMA/I
  -------------------------------------------------------------------    -------------------

                         (clock clk_fpga_0 rise edge)
                                                      0.000     0.000 r  
    PS7_X0Y0             PS7                          0.000     0.000 r  design_1_i/processing_system7_0/inst/PS7_i/FCLKCLK[0]
                         net (fo=1, routed)           0.337     0.337    design_1_i/processing_system7_0/inst/FCLK_CLK_unbuffered[0]
    BUFGCTRL_X0Y16       BUFG (Prop_bufg_I_O)         0.029     0.366 r  design_1_i/processing_system7_0/inst/buffer_fclk_clk_0.FCLK_CLK_0_BUFG/O
                         net (fo=26320, routed)       0.833     1.199    design_1_i/smartconnect_2/inst/s00_nodes/s00_w_node/inst/inst_mi_handler/gen_normal_area.inst_fifo_node_payld/gen_xpm_memory_fifo.inst_fifo/gen_mem_rep[0].inst_xpm_memory/xpm_memory_base_inst/gen_wr_a.gen_word_narrow.mem_reg_0_31_48_53/WCLK
    SLICE_X30Y70         RAMD32                                       r  design_1_i/smartconnect_2/inst/s00_nodes/s00_w_node/inst/inst_mi_handler/gen_normal_area.inst_fifo_node_payld/gen_xpm_memory_fifo.inst_fifo/gen_mem_rep[0].inst_xpm_memory/xpm_memory_base_inst/gen_wr_a.gen_word_narrow.mem_reg_0_31_48_53/RAMA/CLK
                         clock pessimism             -0.283     0.916    
    SLICE_X30Y70         RAMD32 (Hold_ramd32_CLK_I)
                                                      0.147     1.063    design_1_i/smartconnect_2/inst/s00_nodes/s00_w_node/inst/inst_mi_handler/gen_normal_area.inst_fifo_node_payld/gen_xpm_memory_fifo.inst_fifo/gen_mem_rep[0].inst_xpm_memory/xpm_memory_base_inst/gen_wr_a.gen_word_narrow.mem_reg_0_31_48_53/RAMA
  -------------------------------------------------------------------
                         required time                         -1.063    
                         arrival time                           1.099    
  -------------------------------------------------------------------
                         slack                                  0.036    

Slack (MET) :             0.036ns  (arrival time - required time)
  Source:                 design_1_i/smartconnect_3/inst/s00_nodes/s00_w_node/inst/inst_mi_handler/gen_normal_area.gen_upsizer.inst_upsizer/gen_w_ch.accum_reg[bytes][0][userdata][7]/C
                            (rising edge-triggered cell FDRE clocked by clk_fpga_0  {rise@0.000ns fall@10.000ns period=20.000ns})
  Destination:            design_1_i/smartconnect_3/inst/s00_nodes/s00_w_node/inst/inst_mi_handler/gen_normal_area.inst_fifo_node_payld/gen_xpm_memory_fifo.inst_fifo/gen_mem_rep[0].inst_xpm_memory/xpm_memory_base_inst/gen_wr_a.gen_word_narrow.mem_reg_0_31_24_29/RAMA/I
                            (rising edge-triggered cell RAMD32 clocked by clk_fpga_0  {rise@0.000ns fall@10.000ns period=20.000ns})
  Path Group:             clk_fpga_0
  Path Type:              Hold (Min at Fast Process Corner)
  Requirement:            0.000ns  (clk_fpga_0 rise@0.000ns - clk_fpga_0 rise@0.000ns)
  Data Path Delay:        0.196ns  (logic 0.141ns (71.838%)  route 0.055ns (28.162%))
  Logic Levels:           0  
  Clock Path Skew:        0.013ns (DCD - SCD - CPR)
    Destination Clock Delay (DCD):    1.195ns
    Source Clock Delay      (SCD):    0.900ns
    Clock Pessimism Removal (CPR):    0.282ns

    Location             Delay type                Incr(ns)  Path(ns)    Netlist Resource(s)
  -------------------------------------------------------------------    -------------------
                         (clock clk_fpga_0 rise edge)
                                                      0.000     0.000 r  
    PS7_X0Y0             PS7                          0.000     0.000 r  design_1_i/processing_system7_0/inst/PS7_i/FCLKCLK[0]
                         net (fo=1, routed)           0.310     0.310    design_1_i/processing_system7_0/inst/FCLK_CLK_unbuffered[0]
    BUFGCTRL_X0Y16       BUFG (Prop_bufg_I_O)         0.026     0.336 r  design_1_i/processing_system7_0/inst/buffer_fclk_clk_0.FCLK_CLK_0_BUFG/O
                         net (fo=26320, routed)       0.564     0.900    design_1_i/smartconnect_3/inst/s00_nodes/s00_w_node/inst/inst_mi_handler/gen_normal_area.gen_upsizer.inst_upsizer/s_sc_aclk
    SLICE_X31Y76         FDRE                                         r  design_1_i/smartconnect_3/inst/s00_nodes/s00_w_node/inst/inst_mi_handler/gen_normal_area.gen_upsizer.inst_upsizer/gen_w_ch.accum_reg[bytes][0][userdata][7]/C
  -------------------------------------------------------------------    -------------------
    SLICE_X31Y76         FDRE (Prop_fdre_C_Q)         0.141     1.041 r  design_1_i/smartconnect_3/inst/s00_nodes/s00_w_node/inst/inst_mi_handler/gen_normal_area.gen_upsizer.inst_upsizer/gen_w_ch.accum_reg[bytes][0][userdata][7]/Q
                         net (fo=1, routed)           0.055     1.096    design_1_i/smartconnect_3/inst/s00_nodes/s00_w_node/inst/inst_mi_handler/gen_normal_area.inst_fifo_node_payld/gen_xpm_memory_fifo.inst_fifo/gen_mem_rep[0].inst_xpm_memory/xpm_memory_base_inst/gen_wr_a.gen_word_narrow.mem_reg_0_31_24_29/DIA0
    SLICE_X30Y76         RAMD32                                       r  design_1_i/smartconnect_3/inst/s00_nodes/s00_w_node/inst/inst_mi_handler/gen_normal_area.inst_fifo_node_payld/gen_xpm_memory_fifo.inst_fifo/gen_mem_rep[0].inst_xpm_memory/xpm_memory_base_inst/gen_wr_a.gen_word_narrow.mem_reg_0_31_24_29/RAMA/I
  -------------------------------------------------------------------    -------------------

                         (clock clk_fpga_0 rise edge)
                                                      0.000     0.000 r  
    PS7_X0Y0             PS7                          0.000     0.000 r  design_1_i/processing_system7_0/inst/PS7_i/FCLKCLK[0]
                         net (fo=1, routed)           0.337     0.337    design_1_i/processing_system7_0/inst/FCLK_CLK_unbuffered[0]
    BUFGCTRL_X0Y16       BUFG (Prop_bufg_I_O)         0.029     0.366 r  design_1_i/processing_system7_0/inst/buffer_fclk_clk_0.FCLK_CLK_0_BUFG/O
                         net (fo=26320, routed)       0.829     1.195    design_1_i/smartconnect_3/inst/s00_nodes/s00_w_node/inst/inst_mi_handler/gen_normal_area.inst_fifo_node_payld/gen_xpm_memory_fifo.inst_fifo/gen_mem_rep[0].inst_xpm_memory/xpm_memory_base_inst/gen_wr_a.gen_word_narrow.mem_reg_0_31_24_29/WCLK
    SLICE_X30Y76         RAMD32                                       r  design_1_i/smartconnect_3/inst/s00_nodes/s00_w_node/inst/inst_mi_handler/gen_normal_area.inst_fifo_node_payld/gen_xpm_memory_fifo.inst_fifo/gen_mem_rep[0].inst_xpm_memory/xpm_memory_base_inst/gen_wr_a.gen_word_narrow.mem_reg_0_31_24_29/RAMA/CLK
                         clock pessimism             -0.282     0.913    
    SLICE_X30Y76         RAMD32 (Hold_ramd32_CLK_I)
                                                      0.147     1.060    design_1_i/smartconnect_3/inst/s00_nodes/s00_w_node/inst/inst_mi_handler/gen_normal_area.inst_fifo_node_payld/gen_xpm_memory_fifo.inst_fifo/gen_mem_rep[0].inst_xpm_memory/xpm_memory_base_inst/gen_wr_a.gen_word_narrow.mem_reg_0_31_24_29/RAMA
  -------------------------------------------------------------------
                         required time                         -1.060    
                         arrival time                           1.096    
  -------------------------------------------------------------------
                         slack                                  0.036    

Slack (MET) :             0.036ns  (arrival time - required time)
  Source:                 design_1_i/smartconnect_3/inst/s00_nodes/s00_w_node/inst/inst_mi_handler/gen_normal_area.gen_upsizer.inst_upsizer/gen_w_ch.accum_reg[bytes][2][userdata][7]/C
                            (rising edge-triggered cell FDRE clocked by clk_fpga_0  {rise@0.000ns fall@10.000ns period=20.000ns})
  Destination:            design_1_i/smartconnect_3/inst/s00_nodes/s00_w_node/inst/inst_mi_handler/gen_normal_area.inst_fifo_node_payld/gen_xpm_memory_fifo.inst_fifo/gen_mem_rep[0].inst_xpm_memory/xpm_memory_base_inst/gen_wr_a.gen_word_narrow.mem_reg_0_31_42_47/RAMA/I
                            (rising edge-triggered cell RAMD32 clocked by clk_fpga_0  {rise@0.000ns fall@10.000ns period=20.000ns})
  Path Group:             clk_fpga_0
  Path Type:              Hold (Min at Fast Process Corner)
  Requirement:            0.000ns  (clk_fpga_0 rise@0.000ns - clk_fpga_0 rise@0.000ns)
  Data Path Delay:        0.196ns  (logic 0.141ns (71.838%)  route 0.055ns (28.162%))
  Logic Levels:           0  
  Clock Path Skew:        0.013ns (DCD - SCD - CPR)
    Destination Clock Delay (DCD):    1.205ns
    Source Clock Delay      (SCD):    0.908ns
    Clock Pessimism Removal (CPR):    0.284ns

    Location             Delay type                Incr(ns)  Path(ns)    Netlist Resource(s)
  -------------------------------------------------------------------    -------------------
                         (clock clk_fpga_0 rise edge)
                                                      0.000     0.000 r  
    PS7_X0Y0             PS7                          0.000     0.000 r  design_1_i/processing_system7_0/inst/PS7_i/FCLKCLK[0]
                         net (fo=1, routed)           0.310     0.310    design_1_i/processing_system7_0/inst/FCLK_CLK_unbuffered[0]
    BUFGCTRL_X0Y16       BUFG (Prop_bufg_I_O)         0.026     0.336 r  design_1_i/processing_system7_0/inst/buffer_fclk_clk_0.FCLK_CLK_0_BUFG/O
                         net (fo=26320, routed)       0.572     0.908    design_1_i/smartconnect_3/inst/s00_nodes/s00_w_node/inst/inst_mi_handler/gen_normal_area.gen_upsizer.inst_upsizer/s_sc_aclk
    SLICE_X31Y86         FDRE                                         r  design_1_i/smartconnect_3/inst/s00_nodes/s00_w_node/inst/inst_mi_handler/gen_normal_area.gen_upsizer.inst_upsizer/gen_w_ch.accum_reg[bytes][2][userdata][7]/C
  -------------------------------------------------------------------    -------------------
    SLICE_X31Y86         FDRE (Prop_fdre_C_Q)         0.141     1.049 r  design_1_i/smartconnect_3/inst/s00_nodes/s00_w_node/inst/inst_mi_handler/gen_normal_area.gen_upsizer.inst_upsizer/gen_w_ch.accum_reg[bytes][2][userdata][7]/Q
                         net (fo=1, routed)           0.055     1.104    design_1_i/smartconnect_3/inst/s00_nodes/s00_w_node/inst/inst_mi_handler/gen_normal_area.inst_fifo_node_payld/gen_xpm_memory_fifo.inst_fifo/gen_mem_rep[0].inst_xpm_memory/xpm_memory_base_inst/gen_wr_a.gen_word_narrow.mem_reg_0_31_42_47/DIA0
    SLICE_X30Y86         RAMD32                                       r  design_1_i/smartconnect_3/inst/s00_nodes/s00_w_node/inst/inst_mi_handler/gen_normal_area.inst_fifo_node_payld/gen_xpm_memory_fifo.inst_fifo/gen_mem_rep[0].inst_xpm_memory/xpm_memory_base_inst/gen_wr_a.gen_word_narrow.mem_reg_0_31_42_47/RAMA/I
  -------------------------------------------------------------------    -------------------

                         (clock clk_fpga_0 rise edge)
                                                      0.000     0.000 r  
    PS7_X0Y0             PS7                          0.000     0.000 r  design_1_i/processing_system7_0/inst/PS7_i/FCLKCLK[0]
                         net (fo=1, routed)           0.337     0.337    design_1_i/processing_system7_0/inst/FCLK_CLK_unbuffered[0]
    BUFGCTRL_X0Y16       BUFG (Prop_bufg_I_O)         0.029     0.366 r  design_1_i/processing_system7_0/inst/buffer_fclk_clk_0.FCLK_CLK_0_BUFG/O
                         net (fo=26320, routed)       0.839     1.205    design_1_i/smartconnect_3/inst/s00_nodes/s00_w_node/inst/inst_mi_handler/gen_normal_area.inst_fifo_node_payld/gen_xpm_memory_fifo.inst_fifo/gen_mem_rep[0].inst_xpm_memory/xpm_memory_base_inst/gen_wr_a.gen_word_narrow.mem_reg_0_31_42_47/WCLK
    SLICE_X30Y86         RAMD32                                       r  design_1_i/smartconnect_3/inst/s00_nodes/s00_w_node/inst/inst_mi_handler/gen_normal_area.inst_fifo_node_payld/gen_xpm_memory_fifo.inst_fifo/gen_mem_rep[0].inst_xpm_memory/xpm_memory_base_inst/gen_wr_a.gen_word_narrow.mem_reg_0_31_42_47/RAMA/CLK
                         clock pessimism             -0.284     0.921    
    SLICE_X30Y86         RAMD32 (Hold_ramd32_CLK_I)
                                                      0.147     1.068    design_1_i/smartconnect_3/inst/s00_nodes/s00_w_node/inst/inst_mi_handler/gen_normal_area.inst_fifo_node_payld/gen_xpm_memory_fifo.inst_fifo/gen_mem_rep[0].inst_xpm_memory/xpm_memory_base_inst/gen_wr_a.gen_word_narrow.mem_reg_0_31_42_47/RAMA
  -------------------------------------------------------------------
                         required time                         -1.068    
                         arrival time                           1.104    
  -------------------------------------------------------------------
                         slack                                  0.036    

Slack (MET) :             0.036ns  (arrival time - required time)
  Source:                 design_1_i/smartconnect_3/inst/s00_nodes/s00_w_node/inst/inst_mi_handler/gen_normal_area.gen_upsizer.inst_upsizer/gen_w_ch.accum_reg[bytes][4][userdata][1]/C
                            (rising edge-triggered cell FDRE clocked by clk_fpga_0  {rise@0.000ns fall@10.000ns period=20.000ns})
  Destination:            design_1_i/smartconnect_3/inst/s00_nodes/s00_w_node/inst/inst_mi_handler/gen_normal_area.inst_fifo_node_payld/gen_xpm_memory_fifo.inst_fifo/gen_mem_rep[0].inst_xpm_memory/xpm_memory_base_inst/gen_wr_a.gen_word_narrow.mem_reg_0_31_54_59/RAMA/I
                            (rising edge-triggered cell RAMD32 clocked by clk_fpga_0  {rise@0.000ns fall@10.000ns period=20.000ns})
  Path Group:             clk_fpga_0
  Path Type:              Hold (Min at Fast Process Corner)
  Requirement:            0.000ns  (clk_fpga_0 rise@0.000ns - clk_fpga_0 rise@0.000ns)
  Data Path Delay:        0.196ns  (logic 0.141ns (71.838%)  route 0.055ns (28.162%))
  Logic Levels:           0  
  Clock Path Skew:        0.013ns (DCD - SCD - CPR)
    Destination Clock Delay (DCD):    1.194ns
    Source Clock Delay      (SCD):    0.899ns
    Clock Pessimism Removal (CPR):    0.282ns

    Location             Delay type                Incr(ns)  Path(ns)    Netlist Resource(s)
  -------------------------------------------------------------------    -------------------
                         (clock clk_fpga_0 rise edge)
                                                      0.000     0.000 r  
    PS7_X0Y0             PS7                          0.000     0.000 r  design_1_i/processing_system7_0/inst/PS7_i/FCLKCLK[0]
                         net (fo=1, routed)           0.310     0.310    design_1_i/processing_system7_0/inst/FCLK_CLK_unbuffered[0]
    BUFGCTRL_X0Y16       BUFG (Prop_bufg_I_O)         0.026     0.336 r  design_1_i/processing_system7_0/inst/buffer_fclk_clk_0.FCLK_CLK_0_BUFG/O
                         net (fo=26320, routed)       0.563     0.899    design_1_i/smartconnect_3/inst/s00_nodes/s00_w_node/inst/inst_mi_handler/gen_normal_area.gen_upsizer.inst_upsizer/s_sc_aclk
    SLICE_X31Y75         FDRE                                         r  design_1_i/smartconnect_3/inst/s00_nodes/s00_w_node/inst/inst_mi_handler/gen_normal_area.gen_upsizer.inst_upsizer/gen_w_ch.accum_reg[bytes][4][userdata][1]/C
  -------------------------------------------------------------------    -------------------
    SLICE_X31Y75         FDRE (Prop_fdre_C_Q)         0.141     1.040 r  design_1_i/smartconnect_3/inst/s00_nodes/s00_w_node/inst/inst_mi_handler/gen_normal_area.gen_upsizer.inst_upsizer/gen_w_ch.accum_reg[bytes][4][userdata][1]/Q
                         net (fo=1, routed)           0.055     1.095    design_1_i/smartconnect_3/inst/s00_nodes/s00_w_node/inst/inst_mi_handler/gen_normal_area.inst_fifo_node_payld/gen_xpm_memory_fifo.inst_fifo/gen_mem_rep[0].inst_xpm_memory/xpm_memory_base_inst/gen_wr_a.gen_word_narrow.mem_reg_0_31_54_59/DIA0
    SLICE_X30Y75         RAMD32                                       r  design_1_i/smartconnect_3/inst/s00_nodes/s00_w_node/inst/inst_mi_handler/gen_normal_area.inst_fifo_node_payld/gen_xpm_memory_fifo.inst_fifo/gen_mem_rep[0].inst_xpm_memory/xpm_memory_base_inst/gen_wr_a.gen_word_narrow.mem_reg_0_31_54_59/RAMA/I
  -------------------------------------------------------------------    -------------------

                         (clock clk_fpga_0 rise edge)
                                                      0.000     0.000 r  
    PS7_X0Y0             PS7                          0.000     0.000 r  design_1_i/processing_system7_0/inst/PS7_i/FCLKCLK[0]
                         net (fo=1, routed)           0.337     0.337    design_1_i/processing_system7_0/inst/FCLK_CLK_unbuffered[0]
    BUFGCTRL_X0Y16       BUFG (Prop_bufg_I_O)         0.029     0.366 r  design_1_i/processing_system7_0/inst/buffer_fclk_clk_0.FCLK_CLK_0_BUFG/O
                         net (fo=26320, routed)       0.828     1.194    design_1_i/smartconnect_3/inst/s00_nodes/s00_w_node/inst/inst_mi_handler/gen_normal_area.inst_fifo_node_payld/gen_xpm_memory_fifo.inst_fifo/gen_mem_rep[0].inst_xpm_memory/xpm_memory_base_inst/gen_wr_a.gen_word_narrow.mem_reg_0_31_54_59/WCLK
    SLICE_X30Y75         RAMD32                                       r  design_1_i/smartconnect_3/inst/s00_nodes/s00_w_node/inst/inst_mi_handler/gen_normal_area.inst_fifo_node_payld/gen_xpm_memory_fifo.inst_fifo/gen_mem_rep[0].inst_xpm_memory/xpm_memory_base_inst/gen_wr_a.gen_word_narrow.mem_reg_0_31_54_59/RAMA/CLK
                         clock pessimism             -0.282     0.912    
    SLICE_X30Y75         RAMD32 (Hold_ramd32_CLK_I)
                                                      0.147     1.059    design_1_i/smartconnect_3/inst/s00_nodes/s00_w_node/inst/inst_mi_handler/gen_normal_area.inst_fifo_node_payld/gen_xpm_memory_fifo.inst_fifo/gen_mem_rep[0].inst_xpm_memory/xpm_memory_base_inst/gen_wr_a.gen_word_narrow.mem_reg_0_31_54_59/RAMA
  -------------------------------------------------------------------
                         required time                         -1.059    
                         arrival time                           1.095    
  -------------------------------------------------------------------
                         slack                                  0.036    

Slack (MET) :             0.036ns  (arrival time - required time)
  Source:                 design_1_i/channel_shuffle_0/inst/gmem0_m_axi_U/bus_write/wreq_throttle/rs_req/data_p1_reg[60]/C
                            (rising edge-triggered cell FDRE clocked by clk_fpga_0  {rise@0.000ns fall@10.000ns period=20.000ns})
  Destination:            design_1_i/smartconnect_1/inst/s00_nodes/s00_aw_node/inst/inst_mi_handler/gen_normal_area.inst_fifo_node_payld/gen_xpm_memory_fifo.inst_fifo/gen_mem_rep[0].inst_xpm_memory/xpm_memory_base_inst/gen_wr_a.gen_word_narrow.mem_reg_0_31_162_167/RAMA/I
                            (rising edge-triggered cell RAMD32 clocked by clk_fpga_0  {rise@0.000ns fall@10.000ns period=20.000ns})
  Path Group:             clk_fpga_0
  Path Type:              Hold (Min at Fast Process Corner)
  Requirement:            0.000ns  (clk_fpga_0 rise@0.000ns - clk_fpga_0 rise@0.000ns)
  Data Path Delay:        0.196ns  (logic 0.141ns (71.838%)  route 0.055ns (28.162%))
  Logic Levels:           0  
  Clock Path Skew:        0.013ns (DCD - SCD - CPR)
    Destination Clock Delay (DCD):    1.191ns
    Source Clock Delay      (SCD):    0.893ns
    Clock Pessimism Removal (CPR):    0.285ns

    Location             Delay type                Incr(ns)  Path(ns)    Netlist Resource(s)
  -------------------------------------------------------------------    -------------------
                         (clock clk_fpga_0 rise edge)
                                                      0.000     0.000 r  
    PS7_X0Y0             PS7                          0.000     0.000 r  design_1_i/processing_system7_0/inst/PS7_i/FCLKCLK[0]
                         net (fo=1, routed)           0.310     0.310    design_1_i/processing_system7_0/inst/FCLK_CLK_unbuffered[0]
    BUFGCTRL_X0Y16       BUFG (Prop_bufg_I_O)         0.026     0.336 r  design_1_i/processing_system7_0/inst/buffer_fclk_clk_0.FCLK_CLK_0_BUFG/O
                         net (fo=26320, routed)       0.557     0.893    design_1_i/channel_shuffle_0/inst/gmem0_m_axi_U/bus_write/wreq_throttle/rs_req/ap_clk
    SLICE_X39Y51         FDRE                                         r  design_1_i/channel_shuffle_0/inst/gmem0_m_axi_U/bus_write/wreq_throttle/rs_req/data_p1_reg[60]/C
  -------------------------------------------------------------------    -------------------
    SLICE_X39Y51         FDRE (Prop_fdre_C_Q)         0.141     1.034 r  design_1_i/channel_shuffle_0/inst/gmem0_m_axi_U/bus_write/wreq_throttle/rs_req/data_p1_reg[60]/Q
                         net (fo=1, routed)           0.055     1.089    design_1_i/smartconnect_1/inst/s00_nodes/s00_aw_node/inst/inst_mi_handler/gen_normal_area.inst_fifo_node_payld/gen_xpm_memory_fifo.inst_fifo/gen_mem_rep[0].inst_xpm_memory/xpm_memory_base_inst/gen_wr_a.gen_word_narrow.mem_reg_0_31_162_167/DIA0
    SLICE_X38Y51         RAMD32                                       r  design_1_i/smartconnect_1/inst/s00_nodes/s00_aw_node/inst/inst_mi_handler/gen_normal_area.inst_fifo_node_payld/gen_xpm_memory_fifo.inst_fifo/gen_mem_rep[0].inst_xpm_memory/xpm_memory_base_inst/gen_wr_a.gen_word_narrow.mem_reg_0_31_162_167/RAMA/I
  -------------------------------------------------------------------    -------------------

                         (clock clk_fpga_0 rise edge)
                                                      0.000     0.000 r  
    PS7_X0Y0             PS7                          0.000     0.000 r  design_1_i/processing_system7_0/inst/PS7_i/FCLKCLK[0]
                         net (fo=1, routed)           0.337     0.337    design_1_i/processing_system7_0/inst/FCLK_CLK_unbuffered[0]
    BUFGCTRL_X0Y16       BUFG (Prop_bufg_I_O)         0.029     0.366 r  design_1_i/processing_system7_0/inst/buffer_fclk_clk_0.FCLK_CLK_0_BUFG/O
                         net (fo=26320, routed)       0.825     1.191    design_1_i/smartconnect_1/inst/s00_nodes/s00_aw_node/inst/inst_mi_handler/gen_normal_area.inst_fifo_node_payld/gen_xpm_memory_fifo.inst_fifo/gen_mem_rep[0].inst_xpm_memory/xpm_memory_base_inst/gen_wr_a.gen_word_narrow.mem_reg_0_31_162_167/WCLK
    SLICE_X38Y51         RAMD32                                       r  design_1_i/smartconnect_1/inst/s00_nodes/s00_aw_node/inst/inst_mi_handler/gen_normal_area.inst_fifo_node_payld/gen_xpm_memory_fifo.inst_fifo/gen_mem_rep[0].inst_xpm_memory/xpm_memory_base_inst/gen_wr_a.gen_word_narrow.mem_reg_0_31_162_167/RAMA/CLK
                         clock pessimism             -0.285     0.906    
    SLICE_X38Y51         RAMD32 (Hold_ramd32_CLK_I)
                                                      0.147     1.053    design_1_i/smartconnect_1/inst/s00_nodes/s00_aw_node/inst/inst_mi_handler/gen_normal_area.inst_fifo_node_payld/gen_xpm_memory_fifo.inst_fifo/gen_mem_rep[0].inst_xpm_memory/xpm_memory_base_inst/gen_wr_a.gen_word_narrow.mem_reg_0_31_162_167/RAMA
  -------------------------------------------------------------------
                         required time                         -1.053    
                         arrival time                           1.089    
  -------------------------------------------------------------------
                         slack                                  0.036    

Slack (MET) :             0.036ns  (arrival time - required time)
  Source:                 design_1_i/smartconnect_1/inst/s00_nodes/s00_w_node/inst/inst_mi_handler/gen_normal_area.gen_upsizer.inst_upsizer/gen_w_ch.accum_reg[bytes][0][userdata][1]/C
                            (rising edge-triggered cell FDRE clocked by clk_fpga_0  {rise@0.000ns fall@10.000ns period=20.000ns})
  Destination:            design_1_i/smartconnect_1/inst/s00_nodes/s00_w_node/inst/inst_mi_handler/gen_normal_area.inst_fifo_node_payld/gen_xpm_memory_fifo.inst_fifo/gen_mem_rep[0].inst_xpm_memory/xpm_memory_base_inst/gen_wr_a.gen_word_narrow.mem_reg_0_31_18_23/RAMA/I
                            (rising edge-triggered cell RAMD32 clocked by clk_fpga_0  {rise@0.000ns fall@10.000ns period=20.000ns})
  Path Group:             clk_fpga_0
  Path Type:              Hold (Min at Fast Process Corner)
  Requirement:            0.000ns  (clk_fpga_0 rise@0.000ns - clk_fpga_0 rise@0.000ns)
  Data Path Delay:        0.196ns  (logic 0.141ns (71.838%)  route 0.055ns (28.162%))
  Logic Levels:           0  
  Clock Path Skew:        0.013ns (DCD - SCD - CPR)
    Destination Clock Delay (DCD):    1.209ns
    Source Clock Delay      (SCD):    0.909ns
    Clock Pessimism Removal (CPR):    0.287ns

    Location             Delay type                Incr(ns)  Path(ns)    Netlist Resource(s)
  -------------------------------------------------------------------    -------------------
                         (clock clk_fpga_0 rise edge)
                                                      0.000     0.000 r  
    PS7_X0Y0             PS7                          0.000     0.000 r  design_1_i/processing_system7_0/inst/PS7_i/FCLKCLK[0]
                         net (fo=1, routed)           0.310     0.310    design_1_i/processing_system7_0/inst/FCLK_CLK_unbuffered[0]
    BUFGCTRL_X0Y16       BUFG (Prop_bufg_I_O)         0.026     0.336 r  design_1_i/processing_system7_0/inst/buffer_fclk_clk_0.FCLK_CLK_0_BUFG/O
                         net (fo=26320, routed)       0.573     0.909    design_1_i/smartconnect_1/inst/s00_nodes/s00_w_node/inst/inst_mi_handler/gen_normal_area.gen_upsizer.inst_upsizer/s_sc_aclk
    SLICE_X27Y53         FDRE                                         r  design_1_i/smartconnect_1/inst/s00_nodes/s00_w_node/inst/inst_mi_handler/gen_normal_area.gen_upsizer.inst_upsizer/gen_w_ch.accum_reg[bytes][0][userdata][1]/C
  -------------------------------------------------------------------    -------------------
    SLICE_X27Y53         FDRE (Prop_fdre_C_Q)         0.141     1.050 r  design_1_i/smartconnect_1/inst/s00_nodes/s00_w_node/inst/inst_mi_handler/gen_normal_area.gen_upsizer.inst_upsizer/gen_w_ch.accum_reg[bytes][0][userdata][1]/Q
                         net (fo=1, routed)           0.055     1.105    design_1_i/smartconnect_1/inst/s00_nodes/s00_w_node/inst/inst_mi_handler/gen_normal_area.inst_fifo_node_payld/gen_xpm_memory_fifo.inst_fifo/gen_mem_rep[0].inst_xpm_memory/xpm_memory_base_inst/gen_wr_a.gen_word_narrow.mem_reg_0_31_18_23/DIA0
    SLICE_X26Y53         RAMD32                                       r  design_1_i/smartconnect_1/inst/s00_nodes/s00_w_node/inst/inst_mi_handler/gen_normal_area.inst_fifo_node_payld/gen_xpm_memory_fifo.inst_fifo/gen_mem_rep[0].inst_xpm_memory/xpm_memory_base_inst/gen_wr_a.gen_word_narrow.mem_reg_0_31_18_23/RAMA/I
  -------------------------------------------------------------------    -------------------

                         (clock clk_fpga_0 rise edge)
                                                      0.000     0.000 r  
    PS7_X0Y0             PS7                          0.000     0.000 r  design_1_i/processing_system7_0/inst/PS7_i/FCLKCLK[0]
                         net (fo=1, routed)           0.337     0.337    design_1_i/processing_system7_0/inst/FCLK_CLK_unbuffered[0]
    BUFGCTRL_X0Y16       BUFG (Prop_bufg_I_O)         0.029     0.366 r  design_1_i/processing_system7_0/inst/buffer_fclk_clk_0.FCLK_CLK_0_BUFG/O
                         net (fo=26320, routed)       0.843     1.209    design_1_i/smartconnect_1/inst/s00_nodes/s00_w_node/inst/inst_mi_handler/gen_normal_area.inst_fifo_node_payld/gen_xpm_memory_fifo.inst_fifo/gen_mem_rep[0].inst_xpm_memory/xpm_memory_base_inst/gen_wr_a.gen_word_narrow.mem_reg_0_31_18_23/WCLK
    SLICE_X26Y53         RAMD32                                       r  design_1_i/smartconnect_1/inst/s00_nodes/s00_w_node/inst/inst_mi_handler/gen_normal_area.inst_fifo_node_payld/gen_xpm_memory_fifo.inst_fifo/gen_mem_rep[0].inst_xpm_memory/xpm_memory_base_inst/gen_wr_a.gen_word_narrow.mem_reg_0_31_18_23/RAMA/CLK
                         clock pessimism             -0.287     0.922    
    SLICE_X26Y53         RAMD32 (Hold_ramd32_CLK_I)
                                                      0.147     1.069    design_1_i/smartconnect_1/inst/s00_nodes/s00_w_node/inst/inst_mi_handler/gen_normal_area.inst_fifo_node_payld/gen_xpm_memory_fifo.inst_fifo/gen_mem_rep[0].inst_xpm_memory/xpm_memory_base_inst/gen_wr_a.gen_word_narrow.mem_reg_0_31_18_23/RAMA
  -------------------------------------------------------------------
                         required time                         -1.069    
                         arrival time                           1.105    
  -------------------------------------------------------------------
                         slack                                  0.036    

Slack (MET) :             0.036ns  (arrival time - required time)
  Source:                 design_1_i/smartconnect_1/inst/s00_nodes/s00_w_node/inst/inst_mi_handler/gen_normal_area.gen_upsizer.inst_upsizer/gen_w_ch.accum_reg[bytes][4][userdata][1]/C
                            (rising edge-triggered cell FDRE clocked by clk_fpga_0  {rise@0.000ns fall@10.000ns period=20.000ns})
  Destination:            design_1_i/smartconnect_1/inst/s00_nodes/s00_w_node/inst/inst_mi_handler/gen_normal_area.inst_fifo_node_payld/gen_xpm_memory_fifo.inst_fifo/gen_mem_rep[0].inst_xpm_memory/xpm_memory_base_inst/gen_wr_a.gen_word_narrow.mem_reg_0_31_54_59/RAMA/I
                            (rising edge-triggered cell RAMD32 clocked by clk_fpga_0  {rise@0.000ns fall@10.000ns period=20.000ns})
  Path Group:             clk_fpga_0
  Path Type:              Hold (Min at Fast Process Corner)
  Requirement:            0.000ns  (clk_fpga_0 rise@0.000ns - clk_fpga_0 rise@0.000ns)
  Data Path Delay:        0.196ns  (logic 0.141ns (71.838%)  route 0.055ns (28.162%))
  Logic Levels:           0  
  Clock Path Skew:        0.013ns (DCD - SCD - CPR)
    Destination Clock Delay (DCD):    1.209ns
    Source Clock Delay      (SCD):    0.909ns
    Clock Pessimism Removal (CPR):    0.287ns

    Location             Delay type                Incr(ns)  Path(ns)    Netlist Resource(s)
  -------------------------------------------------------------------    -------------------
                         (clock clk_fpga_0 rise edge)
                                                      0.000     0.000 r  
    PS7_X0Y0             PS7                          0.000     0.000 r  design_1_i/processing_system7_0/inst/PS7_i/FCLKCLK[0]
                         net (fo=1, routed)           0.310     0.310    design_1_i/processing_system7_0/inst/FCLK_CLK_unbuffered[0]
    BUFGCTRL_X0Y16       BUFG (Prop_bufg_I_O)         0.026     0.336 r  design_1_i/processing_system7_0/inst/buffer_fclk_clk_0.FCLK_CLK_0_BUFG/O
                         net (fo=26320, routed)       0.573     0.909    design_1_i/smartconnect_1/inst/s00_nodes/s00_w_node/inst/inst_mi_handler/gen_normal_area.gen_upsizer.inst_upsizer/s_sc_aclk
    SLICE_X27Y54         FDRE                                         r  design_1_i/smartconnect_1/inst/s00_nodes/s00_w_node/inst/inst_mi_handler/gen_normal_area.gen_upsizer.inst_upsizer/gen_w_ch.accum_reg[bytes][4][userdata][1]/C
  -------------------------------------------------------------------    -------------------
    SLICE_X27Y54         FDRE (Prop_fdre_C_Q)         0.141     1.050 r  design_1_i/smartconnect_1/inst/s00_nodes/s00_w_node/inst/inst_mi_handler/gen_normal_area.gen_upsizer.inst_upsizer/gen_w_ch.accum_reg[bytes][4][userdata][1]/Q
                         net (fo=1, routed)           0.055     1.105    design_1_i/smartconnect_1/inst/s00_nodes/s00_w_node/inst/inst_mi_handler/gen_normal_area.inst_fifo_node_payld/gen_xpm_memory_fifo.inst_fifo/gen_mem_rep[0].inst_xpm_memory/xpm_memory_base_inst/gen_wr_a.gen_word_narrow.mem_reg_0_31_54_59/DIA0
    SLICE_X26Y54         RAMD32                                       r  design_1_i/smartconnect_1/inst/s00_nodes/s00_w_node/inst/inst_mi_handler/gen_normal_area.inst_fifo_node_payld/gen_xpm_memory_fifo.inst_fifo/gen_mem_rep[0].inst_xpm_memory/xpm_memory_base_inst/gen_wr_a.gen_word_narrow.mem_reg_0_31_54_59/RAMA/I
  -------------------------------------------------------------------    -------------------

                         (clock clk_fpga_0 rise edge)
                                                      0.000     0.000 r  
    PS7_X0Y0             PS7                          0.000     0.000 r  design_1_i/processing_system7_0/inst/PS7_i/FCLKCLK[0]
                         net (fo=1, routed)           0.337     0.337    design_1_i/processing_system7_0/inst/FCLK_CLK_unbuffered[0]
    BUFGCTRL_X0Y16       BUFG (Prop_bufg_I_O)         0.029     0.366 r  design_1_i/processing_system7_0/inst/buffer_fclk_clk_0.FCLK_CLK_0_BUFG/O
                         net (fo=26320, routed)       0.843     1.209    design_1_i/smartconnect_1/inst/s00_nodes/s00_w_node/inst/inst_mi_handler/gen_normal_area.inst_fifo_node_payld/gen_xpm_memory_fifo.inst_fifo/gen_mem_rep[0].inst_xpm_memory/xpm_memory_base_inst/gen_wr_a.gen_word_narrow.mem_reg_0_31_54_59/WCLK
    SLICE_X26Y54         RAMD32                                       r  design_1_i/smartconnect_1/inst/s00_nodes/s00_w_node/inst/inst_mi_handler/gen_normal_area.inst_fifo_node_payld/gen_xpm_memory_fifo.inst_fifo/gen_mem_rep[0].inst_xpm_memory/xpm_memory_base_inst/gen_wr_a.gen_word_narrow.mem_reg_0_31_54_59/RAMA/CLK
                         clock pessimism             -0.287     0.922    
    SLICE_X26Y54         RAMD32 (Hold_ramd32_CLK_I)
                                                      0.147     1.069    design_1_i/smartconnect_1/inst/s00_nodes/s00_w_node/inst/inst_mi_handler/gen_normal_area.inst_fifo_node_payld/gen_xpm_memory_fifo.inst_fifo/gen_mem_rep[0].inst_xpm_memory/xpm_memory_base_inst/gen_wr_a.gen_word_narrow.mem_reg_0_31_54_59/RAMA
  -------------------------------------------------------------------
                         required time                         -1.069    
                         arrival time                           1.105    
  -------------------------------------------------------------------
                         slack                                  0.036    

Slack (MET) :             0.041ns  (arrival time - required time)
  Source:                 design_1_i/axi_interconnect_0/s00_couplers/auto_pc/inst/gen_axilite.gen_b2s_conv.axilite_b2s/RD.r_channel_0/r_arid_r_reg[5]/C
                            (rising edge-triggered cell FDRE clocked by clk_fpga_0  {rise@0.000ns fall@10.000ns period=20.000ns})
  Destination:            design_1_i/axi_interconnect_0/s00_couplers/auto_pc/inst/gen_axilite.gen_b2s_conv.axilite_b2s/RD.r_channel_0/transaction_fifo_0/memory_reg[31][6]_srl32/D
                            (rising edge-triggered cell SRLC32E clocked by clk_fpga_0  {rise@0.000ns fall@10.000ns period=20.000ns})
  Path Group:             clk_fpga_0
  Path Type:              Hold (Min at Fast Process Corner)
  Requirement:            0.000ns  (clk_fpga_0 rise@0.000ns - clk_fpga_0 rise@0.000ns)
  Data Path Delay:        0.240ns  (logic 0.141ns (58.816%)  route 0.099ns (41.184%))
  Logic Levels:           0  
  Clock Path Skew:        0.016ns (DCD - SCD - CPR)
    Destination Clock Delay (DCD):    1.210ns
    Source Clock Delay      (SCD):    0.912ns
    Clock Pessimism Removal (CPR):    0.282ns

    Location             Delay type                Incr(ns)  Path(ns)    Netlist Resource(s)
  -------------------------------------------------------------------    -------------------
                         (clock clk_fpga_0 rise edge)
                                                      0.000     0.000 r  
    PS7_X0Y0             PS7                          0.000     0.000 r  design_1_i/processing_system7_0/inst/PS7_i/FCLKCLK[0]
                         net (fo=1, routed)           0.310     0.310    design_1_i/processing_system7_0/inst/FCLK_CLK_unbuffered[0]
    BUFGCTRL_X0Y16       BUFG (Prop_bufg_I_O)         0.026     0.336 r  design_1_i/processing_system7_0/inst/buffer_fclk_clk_0.FCLK_CLK_0_BUFG/O
                         net (fo=26320, routed)       0.576     0.912    design_1_i/axi_interconnect_0/s00_couplers/auto_pc/inst/gen_axilite.gen_b2s_conv.axilite_b2s/RD.r_channel_0/aclk
    SLICE_X29Y94         FDRE                                         r  design_1_i/axi_interconnect_0/s00_couplers/auto_pc/inst/gen_axilite.gen_b2s_conv.axilite_b2s/RD.r_channel_0/r_arid_r_reg[5]/C
  -------------------------------------------------------------------    -------------------
    SLICE_X29Y94         FDRE (Prop_fdre_C_Q)         0.141     1.053 r  design_1_i/axi_interconnect_0/s00_couplers/auto_pc/inst/gen_axilite.gen_b2s_conv.axilite_b2s/RD.r_channel_0/r_arid_r_reg[5]/Q
                         net (fo=1, routed)           0.099     1.151    design_1_i/axi_interconnect_0/s00_couplers/auto_pc/inst/gen_axilite.gen_b2s_conv.axilite_b2s/RD.r_channel_0/transaction_fifo_0/in[6]
    SLICE_X30Y95         SRLC32E                                      r  design_1_i/axi_interconnect_0/s00_couplers/auto_pc/inst/gen_axilite.gen_b2s_conv.axilite_b2s/RD.r_channel_0/transaction_fifo_0/memory_reg[31][6]_srl32/D
  -------------------------------------------------------------------    -------------------

                         (clock clk_fpga_0 rise edge)
                                                      0.000     0.000 r  
    PS7_X0Y0             PS7                          0.000     0.000 r  design_1_i/processing_system7_0/inst/PS7_i/FCLKCLK[0]
                         net (fo=1, routed)           0.337     0.337    design_1_i/processing_system7_0/inst/FCLK_CLK_unbuffered[0]
    BUFGCTRL_X0Y16       BUFG (Prop_bufg_I_O)         0.029     0.366 r  design_1_i/processing_system7_0/inst/buffer_fclk_clk_0.FCLK_CLK_0_BUFG/O
                         net (fo=26320, routed)       0.844     1.210    design_1_i/axi_interconnect_0/s00_couplers/auto_pc/inst/gen_axilite.gen_b2s_conv.axilite_b2s/RD.r_channel_0/transaction_fifo_0/aclk
    SLICE_X30Y95         SRLC32E                                      r  design_1_i/axi_interconnect_0/s00_couplers/auto_pc/inst/gen_axilite.gen_b2s_conv.axilite_b2s/RD.r_channel_0/transaction_fifo_0/memory_reg[31][6]_srl32/CLK
                         clock pessimism             -0.282     0.928    
    SLICE_X30Y95         SRLC32E (Hold_srlc32e_CLK_D)
                                                      0.183     1.111    design_1_i/axi_interconnect_0/s00_couplers/auto_pc/inst/gen_axilite.gen_b2s_conv.axilite_b2s/RD.r_channel_0/transaction_fifo_0/memory_reg[31][6]_srl32
  -------------------------------------------------------------------
                         required time                         -1.111    
                         arrival time                           1.151    
  -------------------------------------------------------------------
                         slack                                  0.041    

Slack (MET) :             0.052ns  (arrival time - required time)
  Source:                 design_1_i/conv_bn_relu_0/inst/sext_ln76_2_reg_2155_reg[19]/C
                            (rising edge-triggered cell FDRE clocked by clk_fpga_0  {rise@0.000ns fall@10.000ns period=20.000ns})
  Destination:            design_1_i/conv_bn_relu_0/inst/gmem0_addr_4_reg_2285_reg[19]/D
                            (rising edge-triggered cell FDRE clocked by clk_fpga_0  {rise@0.000ns fall@10.000ns period=20.000ns})
  Path Group:             clk_fpga_0
  Path Type:              Hold (Min at Fast Process Corner)
  Requirement:            0.000ns  (clk_fpga_0 rise@0.000ns - clk_fpga_0 rise@0.000ns)
  Data Path Delay:        0.420ns  (logic 0.272ns (64.749%)  route 0.148ns (35.251%))
  Logic Levels:           1  (CARRY4=1)
  Clock Path Skew:        0.263ns (DCD - SCD - CPR)
    Destination Clock Delay (DCD):    1.183ns
    Source Clock Delay      (SCD):    0.885ns
    Clock Pessimism Removal (CPR):    0.035ns

    Location             Delay type                Incr(ns)  Path(ns)    Netlist Resource(s)
  -------------------------------------------------------------------    -------------------
                         (clock clk_fpga_0 rise edge)
                                                      0.000     0.000 r  
    PS7_X0Y0             PS7                          0.000     0.000 r  design_1_i/processing_system7_0/inst/PS7_i/FCLKCLK[0]
                         net (fo=1, routed)           0.310     0.310    design_1_i/processing_system7_0/inst/FCLK_CLK_unbuffered[0]
    BUFGCTRL_X0Y16       BUFG (Prop_bufg_I_O)         0.026     0.336 r  design_1_i/processing_system7_0/inst/buffer_fclk_clk_0.FCLK_CLK_0_BUFG/O
                         net (fo=26320, routed)       0.549     0.885    design_1_i/conv_bn_relu_0/inst/ap_clk
    SLICE_X50Y29         FDRE                                         r  design_1_i/conv_bn_relu_0/inst/sext_ln76_2_reg_2155_reg[19]/C
  -------------------------------------------------------------------    -------------------
    SLICE_X50Y29         FDRE (Prop_fdre_C_Q)         0.164     1.049 r  design_1_i/conv_bn_relu_0/inst/sext_ln76_2_reg_2155_reg[19]/Q
                         net (fo=1, routed)           0.148     1.197    design_1_i/conv_bn_relu_0/inst/sext_ln76_2_reg_2155[19]
    SLICE_X49Y28         CARRY4 (Prop_carry4_S[3]_O[3])
                                                      0.108     1.305 r  design_1_i/conv_bn_relu_0/inst/gmem0_addr_4_reg_2285_reg[19]_i_1/O[3]
                         net (fo=1, routed)           0.000     1.305    design_1_i/conv_bn_relu_0/inst/sext_ln112_fu_1161_p1[19]
    SLICE_X49Y28         FDRE                                         r  design_1_i/conv_bn_relu_0/inst/gmem0_addr_4_reg_2285_reg[19]/D
  -------------------------------------------------------------------    -------------------

                         (clock clk_fpga_0 rise edge)
                                                      0.000     0.000 r  
    PS7_X0Y0             PS7                          0.000     0.000 r  design_1_i/processing_system7_0/inst/PS7_i/FCLKCLK[0]
                         net (fo=1, routed)           0.337     0.337    design_1_i/processing_system7_0/inst/FCLK_CLK_unbuffered[0]
    BUFGCTRL_X0Y16       BUFG (Prop_bufg_I_O)         0.029     0.366 r  design_1_i/processing_system7_0/inst/buffer_fclk_clk_0.FCLK_CLK_0_BUFG/O
                         net (fo=26320, routed)       0.817     1.183    design_1_i/conv_bn_relu_0/inst/ap_clk
    SLICE_X49Y28         FDRE                                         r  design_1_i/conv_bn_relu_0/inst/gmem0_addr_4_reg_2285_reg[19]/C
                         clock pessimism             -0.035     1.148    
    SLICE_X49Y28         FDRE (Hold_fdre_C_D)         0.105     1.253    design_1_i/conv_bn_relu_0/inst/gmem0_addr_4_reg_2285_reg[19]
  -------------------------------------------------------------------
                         required time                         -1.253    
                         arrival time                           1.305    
  -------------------------------------------------------------------
                         slack                                  0.052    

Slack (MET) :             0.053ns  (arrival time - required time)
  Source:                 design_1_i/fully_connected_0/inst/add_ln47_2_reg_508_reg[8]/C
                            (rising edge-triggered cell FDRE clocked by clk_fpga_0  {rise@0.000ns fall@10.000ns period=20.000ns})
  Destination:            design_1_i/fully_connected_0/inst/gmem0_addr_3_reg_527_reg[16]/D
                            (rising edge-triggered cell FDRE clocked by clk_fpga_0  {rise@0.000ns fall@10.000ns period=20.000ns})
  Path Group:             clk_fpga_0
  Path Type:              Hold (Min at Fast Process Corner)
  Requirement:            0.000ns  (clk_fpga_0 rise@0.000ns - clk_fpga_0 rise@0.000ns)
  Data Path Delay:        0.508ns  (logic 0.395ns (77.724%)  route 0.113ns (22.276%))
  Logic Levels:           3  (CARRY4=3)
  Clock Path Skew:        0.350ns (DCD - SCD - CPR)
    Destination Clock Delay (DCD):    1.301ns
    Source Clock Delay      (SCD):    0.916ns
    Clock Pessimism Removal (CPR):    0.035ns

    Location             Delay type                Incr(ns)  Path(ns)    Netlist Resource(s)
  -------------------------------------------------------------------    -------------------
                         (clock clk_fpga_0 rise edge)
                                                      0.000     0.000 r  
    PS7_X0Y0             PS7                          0.000     0.000 r  design_1_i/processing_system7_0/inst/PS7_i/FCLKCLK[0]
                         net (fo=1, routed)           0.310     0.310    design_1_i/processing_system7_0/inst/FCLK_CLK_unbuffered[0]
    BUFGCTRL_X0Y16       BUFG (Prop_bufg_I_O)         0.026     0.336 r  design_1_i/processing_system7_0/inst/buffer_fclk_clk_0.FCLK_CLK_0_BUFG/O
                         net (fo=26320, routed)       0.580     0.916    design_1_i/fully_connected_0/inst/ap_clk
    SLICE_X63Y98         FDRE                                         r  design_1_i/fully_connected_0/inst/add_ln47_2_reg_508_reg[8]/C
  -------------------------------------------------------------------    -------------------
    SLICE_X63Y98         FDRE (Prop_fdre_C_Q)         0.141     1.057 r  design_1_i/fully_connected_0/inst/add_ln47_2_reg_508_reg[8]/Q
                         net (fo=2, routed)           0.113     1.169    design_1_i/fully_connected_0/inst/add_ln47_2_reg_508[8]
    SLICE_X60Y98         CARRY4 (Prop_carry4_DI[0]_CO[3])
                                                      0.161     1.330 r  design_1_i/fully_connected_0/inst/gmem0_addr_3_reg_527_reg[11]_i_1/CO[3]
                         net (fo=1, routed)           0.000     1.330    design_1_i/fully_connected_0/inst/gmem0_addr_3_reg_527_reg[11]_i_1_n_0
    SLICE_X60Y99         CARRY4 (Prop_carry4_CI_CO[3])
                                                      0.039     1.369 r  design_1_i/fully_connected_0/inst/gmem0_addr_3_reg_527_reg[15]_i_1/CO[3]
                         net (fo=1, routed)           0.001     1.370    design_1_i/fully_connected_0/inst/gmem0_addr_3_reg_527_reg[15]_i_1_n_0
    SLICE_X60Y100        CARRY4 (Prop_carry4_CI_O[0])
                                                      0.054     1.424 r  design_1_i/fully_connected_0/inst/gmem0_addr_3_reg_527_reg[19]_i_1/O[0]
                         net (fo=1, routed)           0.000     1.424    design_1_i/fully_connected_0/inst/sext_ln47_1_fu_375_p1[16]
    SLICE_X60Y100        FDRE                                         r  design_1_i/fully_connected_0/inst/gmem0_addr_3_reg_527_reg[16]/D
  -------------------------------------------------------------------    -------------------

                         (clock clk_fpga_0 rise edge)
                                                      0.000     0.000 r  
    PS7_X0Y0             PS7                          0.000     0.000 r  design_1_i/processing_system7_0/inst/PS7_i/FCLKCLK[0]
                         net (fo=1, routed)           0.337     0.337    design_1_i/processing_system7_0/inst/FCLK_CLK_unbuffered[0]
    BUFGCTRL_X0Y16       BUFG (Prop_bufg_I_O)         0.029     0.366 r  design_1_i/processing_system7_0/inst/buffer_fclk_clk_0.FCLK_CLK_0_BUFG/O
                         net (fo=26320, routed)       0.935     1.301    design_1_i/fully_connected_0/inst/ap_clk
    SLICE_X60Y100        FDRE                                         r  design_1_i/fully_connected_0/inst/gmem0_addr_3_reg_527_reg[16]/C
                         clock pessimism             -0.035     1.266    
    SLICE_X60Y100        FDRE (Hold_fdre_C_D)         0.105     1.371    design_1_i/fully_connected_0/inst/gmem0_addr_3_reg_527_reg[16]
  -------------------------------------------------------------------
                         required time                         -1.371    
                         arrival time                           1.424    
  -------------------------------------------------------------------
                         slack                                  0.053    





Pulse Width Checks
--------------------------------------------------------------------------------------
Clock Name:         clk_fpga_0
Waveform(ns):       { 0.000 10.000 }
Period(ns):         20.000
Sources:            { design_1_i/processing_system7_0/inst/PS7_i/FCLKCLK[0] }

Check Type        Corner  Lib Pin      Reference Pin  Required(ns)  Actual(ns)  Slack(ns)  Location     Pin
Min Period        n/a     DSP48E1/CLK  n/a            3.272         20.000      16.728     DSP48_X1Y7   design_1_i/channel_shuffle_0/inst/mul_ln43_reg_1075_reg/CLK
Min Period        n/a     DSP48E1/CLK  n/a            3.272         20.000      16.728     DSP48_X0Y0   design_1_i/channel_shuffle_0/inst/mul_mul_17ns_25ns_42_4_1_U5/channel_shuffle_mul_mul_17ns_25ns_42_4_1_DSP48_1_U/p_reg_tmp_reg__0/CLK
Min Period        n/a     DSP48E1/CLK  n/a            3.272         20.000      16.728     DSP48_X2Y8   design_1_i/conv_bn_relu_0/inst/empty_41_reg_2179_reg/CLK
Min Period        n/a     DSP48E1/CLK  n/a            3.272         20.000      16.728     DSP48_X2Y10  design_1_i/conv_bn_relu_0/inst/empty_50_reg_2192_reg/CLK
Min Period        n/a     DSP48E1/CLK  n/a            3.272         20.000      16.728     DSP48_X3Y9   design_1_i/conv_bn_relu_0/inst/mul_ln541_1_reg_2679_reg/CLK
Min Period        n/a     DSP48E1/CLK  n/a            3.272         20.000      16.728     DSP48_X4Y7   design_1_i/conv_bn_relu_0/inst/mul_ln95_1_reg_2372_reg/CLK
Min Period        n/a     DSP48E1/CLK  n/a            3.272         20.000      16.728     DSP48_X3Y11  design_1_i/conv_bn_relu_0/inst/tmp34_reg_2302_reg/CLK
Min Period        n/a     DSP48E1/CLK  n/a            3.272         20.000      16.728     DSP48_X4Y9   design_1_i/conv_bn_relu_0/inst/tmp35_reg_2335_reg/CLK
Min Period        n/a     DSP48E1/CLK  n/a            3.272         20.000      16.728     DSP48_X3Y19  design_1_i/pooling_0/inst/mul_ln105_reg_1028_reg/CLK
Min Period        n/a     DSP48E1/CLK  n/a            3.272         20.000      16.728     DSP48_X3Y16  design_1_i/pooling_0/inst/mul_ln15_2_reg_921_reg/CLK
Low Pulse Width   Slow    RAMD32/CLK   n/a            1.130         10.000      8.870      SLICE_X8Y38  design_1_i/smartconnect_0/inst/s00_nodes/s00_ar_node/inst/inst_mi_handler/gen_normal_area.inst_fifo_node_payld/gen_xpm_memory_fifo.inst_fifo/gen_mem_rep[0].inst_xpm_memory/xpm_memory_base_inst/gen_wr_a.gen_word_narrow.mem_reg_0_31_0_5/RAMA/CLK
Low Pulse Width   Fast    RAMD32/CLK   n/a            1.130         10.000      8.870      SLICE_X8Y38  design_1_i/smartconnect_0/inst/s00_nodes/s00_ar_node/inst/inst_mi_handler/gen_normal_area.inst_fifo_node_payld/gen_xpm_memory_fifo.inst_fifo/gen_mem_rep[0].inst_xpm_memory/xpm_memory_base_inst/gen_wr_a.gen_word_narrow.mem_reg_0_31_0_5/RAMA/CLK
Low Pulse Width   Slow    RAMD32/CLK   n/a            1.130         10.000      8.870      SLICE_X8Y38  design_1_i/smartconnect_0/inst/s00_nodes/s00_ar_node/inst/inst_mi_handler/gen_normal_area.inst_fifo_node_payld/gen_xpm_memory_fifo.inst_fifo/gen_mem_rep[0].inst_xpm_memory/xpm_memory_base_inst/gen_wr_a.gen_word_narrow.mem_reg_0_31_0_5/RAMA_D1/CLK
Low Pulse Width   Fast    RAMD32/CLK   n/a            1.130         10.000      8.870      SLICE_X8Y38  design_1_i/smartconnect_0/inst/s00_nodes/s00_ar_node/inst/inst_mi_handler/gen_normal_area.inst_fifo_node_payld/gen_xpm_memory_fifo.inst_fifo/gen_mem_rep[0].inst_xpm_memory/xpm_memory_base_inst/gen_wr_a.gen_word_narrow.mem_reg_0_31_0_5/RAMA_D1/CLK
Low Pulse Width   Slow    RAMD32/CLK   n/a            1.130         10.000      8.870      SLICE_X8Y38  design_1_i/smartconnect_0/inst/s00_nodes/s00_ar_node/inst/inst_mi_handler/gen_normal_area.inst_fifo_node_payld/gen_xpm_memory_fifo.inst_fifo/gen_mem_rep[0].inst_xpm_memory/xpm_memory_base_inst/gen_wr_a.gen_word_narrow.mem_reg_0_31_0_5/RAMB/CLK
Low Pulse Width   Fast    RAMD32/CLK   n/a            1.130         10.000      8.870      SLICE_X8Y38  design_1_i/smartconnect_0/inst/s00_nodes/s00_ar_node/inst/inst_mi_handler/gen_normal_area.inst_fifo_node_payld/gen_xpm_memory_fifo.inst_fifo/gen_mem_rep[0].inst_xpm_memory/xpm_memory_base_inst/gen_wr_a.gen_word_narrow.mem_reg_0_31_0_5/RAMB/CLK
Low Pulse Width   Slow    RAMD32/CLK   n/a            1.130         10.000      8.870      SLICE_X8Y38  design_1_i/smartconnect_0/inst/s00_nodes/s00_ar_node/inst/inst_mi_handler/gen_normal_area.inst_fifo_node_payld/gen_xpm_memory_fifo.inst_fifo/gen_mem_rep[0].inst_xpm_memory/xpm_memory_base_inst/gen_wr_a.gen_word_narrow.mem_reg_0_31_0_5/RAMB_D1/CLK
Low Pulse Width   Fast    RAMD32/CLK   n/a            1.130         10.000      8.870      SLICE_X8Y38  design_1_i/smartconnect_0/inst/s00_nodes/s00_ar_node/inst/inst_mi_handler/gen_normal_area.inst_fifo_node_payld/gen_xpm_memory_fifo.inst_fifo/gen_mem_rep[0].inst_xpm_memory/xpm_memory_base_inst/gen_wr_a.gen_word_narrow.mem_reg_0_31_0_5/RAMB_D1/CLK
Low Pulse Width   Slow    RAMD32/CLK   n/a            1.130         10.000      8.870      SLICE_X8Y38  design_1_i/smartconnect_0/inst/s00_nodes/s00_ar_node/inst/inst_mi_handler/gen_normal_area.inst_fifo_node_payld/gen_xpm_memory_fifo.inst_fifo/gen_mem_rep[0].inst_xpm_memory/xpm_memory_base_inst/gen_wr_a.gen_word_narrow.mem_reg_0_31_0_5/RAMC/CLK
Low Pulse Width   Fast    RAMD32/CLK   n/a            1.130         10.000      8.870      SLICE_X8Y38  design_1_i/smartconnect_0/inst/s00_nodes/s00_ar_node/inst/inst_mi_handler/gen_normal_area.inst_fifo_node_payld/gen_xpm_memory_fifo.inst_fifo/gen_mem_rep[0].inst_xpm_memory/xpm_memory_base_inst/gen_wr_a.gen_word_narrow.mem_reg_0_31_0_5/RAMC/CLK
High Pulse Width  Slow    RAMD32/CLK   n/a            1.130         10.000      8.870      SLICE_X8Y38  design_1_i/smartconnect_0/inst/s00_nodes/s00_ar_node/inst/inst_mi_handler/gen_normal_area.inst_fifo_node_payld/gen_xpm_memory_fifo.inst_fifo/gen_mem_rep[0].inst_xpm_memory/xpm_memory_base_inst/gen_wr_a.gen_word_narrow.mem_reg_0_31_0_5/RAMA/CLK
High Pulse Width  Fast    RAMD32/CLK   n/a            1.130         10.000      8.870      SLICE_X8Y38  design_1_i/smartconnect_0/inst/s00_nodes/s00_ar_node/inst/inst_mi_handler/gen_normal_area.inst_fifo_node_payld/gen_xpm_memory_fifo.inst_fifo/gen_mem_rep[0].inst_xpm_memory/xpm_memory_base_inst/gen_wr_a.gen_word_narrow.mem_reg_0_31_0_5/RAMA/CLK
High Pulse Width  Slow    RAMD32/CLK   n/a            1.130         10.000      8.870      SLICE_X8Y38  design_1_i/smartconnect_0/inst/s00_nodes/s00_ar_node/inst/inst_mi_handler/gen_normal_area.inst_fifo_node_payld/gen_xpm_memory_fifo.inst_fifo/gen_mem_rep[0].inst_xpm_memory/xpm_memory_base_inst/gen_wr_a.gen_word_narrow.mem_reg_0_31_0_5/RAMA_D1/CLK
High Pulse Width  Fast    RAMD32/CLK   n/a            1.130         10.000      8.870      SLICE_X8Y38  design_1_i/smartconnect_0/inst/s00_nodes/s00_ar_node/inst/inst_mi_handler/gen_normal_area.inst_fifo_node_payld/gen_xpm_memory_fifo.inst_fifo/gen_mem_rep[0].inst_xpm_memory/xpm_memory_base_inst/gen_wr_a.gen_word_narrow.mem_reg_0_31_0_5/RAMA_D1/CLK
High Pulse Width  Slow    RAMD32/CLK   n/a            1.130         10.000      8.870      SLICE_X8Y38  design_1_i/smartconnect_0/inst/s00_nodes/s00_ar_node/inst/inst_mi_handler/gen_normal_area.inst_fifo_node_payld/gen_xpm_memory_fifo.inst_fifo/gen_mem_rep[0].inst_xpm_memory/xpm_memory_base_inst/gen_wr_a.gen_word_narrow.mem_reg_0_31_0_5/RAMB/CLK
High Pulse Width  Fast    RAMD32/CLK   n/a            1.130         10.000      8.870      SLICE_X8Y38  design_1_i/smartconnect_0/inst/s00_nodes/s00_ar_node/inst/inst_mi_handler/gen_normal_area.inst_fifo_node_payld/gen_xpm_memory_fifo.inst_fifo/gen_mem_rep[0].inst_xpm_memory/xpm_memory_base_inst/gen_wr_a.gen_word_narrow.mem_reg_0_31_0_5/RAMB/CLK
High Pulse Width  Slow    RAMD32/CLK   n/a            1.130         10.000      8.870      SLICE_X8Y38  design_1_i/smartconnect_0/inst/s00_nodes/s00_ar_node/inst/inst_mi_handler/gen_normal_area.inst_fifo_node_payld/gen_xpm_memory_fifo.inst_fifo/gen_mem_rep[0].inst_xpm_memory/xpm_memory_base_inst/gen_wr_a.gen_word_narrow.mem_reg_0_31_0_5/RAMB_D1/CLK
High Pulse Width  Fast    RAMD32/CLK   n/a            1.130         10.000      8.870      SLICE_X8Y38  design_1_i/smartconnect_0/inst/s00_nodes/s00_ar_node/inst/inst_mi_handler/gen_normal_area.inst_fifo_node_payld/gen_xpm_memory_fifo.inst_fifo/gen_mem_rep[0].inst_xpm_memory/xpm_memory_base_inst/gen_wr_a.gen_word_narrow.mem_reg_0_31_0_5/RAMB_D1/CLK
High Pulse Width  Slow    RAMD32/CLK   n/a            1.130         10.000      8.870      SLICE_X8Y38  design_1_i/smartconnect_0/inst/s00_nodes/s00_ar_node/inst/inst_mi_handler/gen_normal_area.inst_fifo_node_payld/gen_xpm_memory_fifo.inst_fifo/gen_mem_rep[0].inst_xpm_memory/xpm_memory_base_inst/gen_wr_a.gen_word_narrow.mem_reg_0_31_0_5/RAMC/CLK
High Pulse Width  Fast    RAMD32/CLK   n/a            1.130         10.000      8.870      SLICE_X8Y38  design_1_i/smartconnect_0/inst/s00_nodes/s00_ar_node/inst/inst_mi_handler/gen_normal_area.inst_fifo_node_payld/gen_xpm_memory_fifo.inst_fifo/gen_mem_rep[0].inst_xpm_memory/xpm_memory_base_inst/gen_wr_a.gen_word_narrow.mem_reg_0_31_0_5/RAMC/CLK



--------------------------------------------------------------------------------------
Path Group:  (none)
From Clock:  
  To Clock:  clk_fpga_0

Max Delay             1 Endpoint
Min Delay             1 Endpoint
--------------------------------------------------------------------------------------


Max Delay Paths
--------------------------------------------------------------------------------------
Slack:                    inf
  Source:                 design_1_i/processing_system7_0/inst/PS7_i/FCLKRESETN[0]
                            (internal pin)
  Destination:            design_1_i/proc_sys_reset_0/U0/EXT_LPF/ACTIVE_LOW_EXT.ACT_LO_EXT/GENERATE_LEVEL_P_S_CDC.SINGLE_BIT.CROSS_PLEVEL_IN2SCNDRY_IN_cdc_to/D
                            (rising edge-triggered cell FDRE clocked by clk_fpga_0  {rise@0.000ns fall@10.000ns period=20.000ns})
  Path Group:             (none)
  Path Type:              Setup (Max at Slow Process Corner)
  Data Path Delay:        3.663ns  (logic 0.105ns (2.867%)  route 3.558ns (97.133%))
  Logic Levels:           1  (LUT1=1)
  Clock Uncertainty:      0.301ns  ((TSJ^2 + TIJ^2)^1/2 + DJ) / 2 + PE
    Total System Jitter     (TSJ):    0.050ns
    Total Input Jitter      (TIJ):    0.600ns
    Discrete Jitter          (DJ):    0.000ns
    Phase Error              (PE):    0.000ns
  Timing Exception:       False Path

    Location             Delay type                Incr(ns)  Path(ns)    Netlist Resource(s)
  -------------------------------------------------------------------    -------------------
    PS7_X0Y0             PS7                          0.000     0.000 f  design_1_i/processing_system7_0/inst/PS7_i/FCLKRESETN[0]
                         net (fo=1, routed)           2.952     2.952    design_1_i/proc_sys_reset_0/U0/EXT_LPF/ACTIVE_LOW_EXT.ACT_LO_EXT/ext_reset_in
    SLICE_X8Y30          LUT1 (Prop_lut1_I0_O)        0.105     3.057 r  design_1_i/proc_sys_reset_0/U0/EXT_LPF/ACTIVE_LOW_EXT.ACT_LO_EXT/GENERATE_LEVEL_P_S_CDC.SINGLE_BIT.CROSS_PLEVEL_IN2SCNDRY_IN_cdc_to_i_1/O
                         net (fo=1, routed)           0.606     3.663    design_1_i/proc_sys_reset_0/U0/EXT_LPF/ACTIVE_LOW_EXT.ACT_LO_EXT/exr_d1
    SLICE_X0Y29          FDRE                                         r  design_1_i/proc_sys_reset_0/U0/EXT_LPF/ACTIVE_LOW_EXT.ACT_LO_EXT/GENERATE_LEVEL_P_S_CDC.SINGLE_BIT.CROSS_PLEVEL_IN2SCNDRY_IN_cdc_to/D
  -------------------------------------------------------------------    -------------------

                         (clock clk_fpga_0 rise edge)
                                                      0.000     0.000 r  
    PS7_X0Y0             PS7                          0.000     0.000 r  design_1_i/processing_system7_0/inst/PS7_i/FCLKCLK[0]
                         net (fo=1, routed)           0.905     0.905    design_1_i/processing_system7_0/inst/FCLK_CLK_unbuffered[0]
    BUFGCTRL_X0Y16       BUFG (Prop_bufg_I_O)         0.077     0.982 r  design_1_i/processing_system7_0/inst/buffer_fclk_clk_0.FCLK_CLK_0_BUFG/O
                         net (fo=26320, routed)       1.387     2.369    design_1_i/proc_sys_reset_0/U0/EXT_LPF/ACTIVE_LOW_EXT.ACT_LO_EXT/slowest_sync_clk
    SLICE_X0Y29          FDRE                                         r  design_1_i/proc_sys_reset_0/U0/EXT_LPF/ACTIVE_LOW_EXT.ACT_LO_EXT/GENERATE_LEVEL_P_S_CDC.SINGLE_BIT.CROSS_PLEVEL_IN2SCNDRY_IN_cdc_to/C





Min Delay Paths
--------------------------------------------------------------------------------------
Slack:                    inf
  Source:                 design_1_i/processing_system7_0/inst/PS7_i/FCLKRESETN[0]
                            (internal pin)
  Destination:            design_1_i/proc_sys_reset_0/U0/EXT_LPF/ACTIVE_LOW_EXT.ACT_LO_EXT/GENERATE_LEVEL_P_S_CDC.SINGLE_BIT.CROSS_PLEVEL_IN2SCNDRY_IN_cdc_to/D
                            (rising edge-triggered cell FDRE clocked by clk_fpga_0  {rise@0.000ns fall@10.000ns period=20.000ns})
  Path Group:             (none)
  Path Type:              Hold (Min at Fast Process Corner)
  Data Path Delay:        1.797ns  (logic 0.045ns (2.505%)  route 1.752ns (97.495%))
  Logic Levels:           1  (LUT1=1)
  Clock Uncertainty:      0.301ns  ((TSJ^2 + TIJ^2)^1/2 + DJ) / 2 + PE
    Total System Jitter     (TSJ):    0.050ns
    Total Input Jitter      (TIJ):    0.600ns
    Discrete Jitter          (DJ):    0.000ns
    Phase Error              (PE):    0.000ns
  Timing Exception:       False Path

    Location             Delay type                Incr(ns)  Path(ns)    Netlist Resource(s)
  -------------------------------------------------------------------    -------------------
    PS7_X0Y0             PS7                          0.000     0.000 f  design_1_i/processing_system7_0/inst/PS7_i/FCLKRESETN[0]
                         net (fo=1, routed)           1.452     1.452    design_1_i/proc_sys_reset_0/U0/EXT_LPF/ACTIVE_LOW_EXT.ACT_LO_EXT/ext_reset_in
    SLICE_X8Y30          LUT1 (Prop_lut1_I0_O)        0.045     1.497 r  design_1_i/proc_sys_reset_0/U0/EXT_LPF/ACTIVE_LOW_EXT.ACT_LO_EXT/GENERATE_LEVEL_P_S_CDC.SINGLE_BIT.CROSS_PLEVEL_IN2SCNDRY_IN_cdc_to_i_1/O
                         net (fo=1, routed)           0.300     1.797    design_1_i/proc_sys_reset_0/U0/EXT_LPF/ACTIVE_LOW_EXT.ACT_LO_EXT/exr_d1
    SLICE_X0Y29          FDRE                                         r  design_1_i/proc_sys_reset_0/U0/EXT_LPF/ACTIVE_LOW_EXT.ACT_LO_EXT/GENERATE_LEVEL_P_S_CDC.SINGLE_BIT.CROSS_PLEVEL_IN2SCNDRY_IN_cdc_to/D
  -------------------------------------------------------------------    -------------------

                         (clock clk_fpga_0 rise edge)
                                                      0.000     0.000 r  
    PS7_X0Y0             PS7                          0.000     0.000 r  design_1_i/processing_system7_0/inst/PS7_i/FCLKCLK[0]
                         net (fo=1, routed)           0.337     0.337    design_1_i/processing_system7_0/inst/FCLK_CLK_unbuffered[0]
    BUFGCTRL_X0Y16       BUFG (Prop_bufg_I_O)         0.029     0.366 r  design_1_i/processing_system7_0/inst/buffer_fclk_clk_0.FCLK_CLK_0_BUFG/O
                         net (fo=26320, routed)       0.884     1.250    design_1_i/proc_sys_reset_0/U0/EXT_LPF/ACTIVE_LOW_EXT.ACT_LO_EXT/slowest_sync_clk
    SLICE_X0Y29          FDRE                                         r  design_1_i/proc_sys_reset_0/U0/EXT_LPF/ACTIVE_LOW_EXT.ACT_LO_EXT/GENERATE_LEVEL_P_S_CDC.SINGLE_BIT.CROSS_PLEVEL_IN2SCNDRY_IN_cdc_to/C





--------------------------------------------------------------------------------------
Path Group:  (none)
From Clock:  clk_fpga_0
  To Clock:  clk_fpga_0

Max Delay           112 Endpoints
Min Delay           112 Endpoints
--------------------------------------------------------------------------------------


Max Delay Paths
--------------------------------------------------------------------------------------
Slack:                    inf
  Source:                 design_1_i/proc_sys_reset_0/U0/ACTIVE_LOW_BSR_OUT_DFF[0].FDRE_BSR_N/C
                            (rising edge-triggered cell FDRE clocked by clk_fpga_0  {rise@0.000ns fall@10.000ns period=20.000ns})
  Destination:            design_1_i/smartconnect_3/inst/clk_map/psr_aclk/U0/EXT_LPF/ACTIVE_LOW_AUX.ACT_LO_AUX/GENERATE_LEVEL_P_S_CDC.SINGLE_BIT.CROSS_PLEVEL_IN2SCNDRY_IN_cdc_to/D
                            (rising edge-triggered cell FDRE clocked by clk_fpga_0  {rise@0.000ns fall@10.000ns period=20.000ns})
  Path Group:             (none)
  Path Type:              Setup (Max at Slow Process Corner)
  Data Path Delay:        3.827ns  (logic 0.552ns (14.423%)  route 3.275ns (85.577%))
  Logic Levels:           1  (LUT1=1)
  Clock Path Skew:        -0.395ns (DCD - SCD + CPR)
    Destination Clock Delay (DCD):    2.225ns
    Source Clock Delay      (SCD):    2.620ns
    Clock Pessimism Removal (CPR):    0.000ns
  Clock Uncertainty:      0.302ns  ((TSJ^2 + TIJ^2)^1/2 + DJ) / 2 + PE
    Total System Jitter     (TSJ):    0.071ns
    Total Input Jitter      (TIJ):    0.600ns
    Discrete Jitter          (DJ):    0.000ns
    Phase Error              (PE):    0.000ns
  Timing Exception:       False Path

    Location             Delay type                Incr(ns)  Path(ns)    Netlist Resource(s)
  -------------------------------------------------------------------    -------------------
                         (clock clk_fpga_0 rise edge)
                                                      0.000     0.000 r  
    PS7_X0Y0             PS7                          0.000     0.000 r  design_1_i/processing_system7_0/inst/PS7_i/FCLKCLK[0]
                         net (fo=1, routed)           0.994     0.994    design_1_i/processing_system7_0/inst/FCLK_CLK_unbuffered[0]
    BUFGCTRL_X0Y16       BUFG (Prop_bufg_I_O)         0.085     1.079 r  design_1_i/processing_system7_0/inst/buffer_fclk_clk_0.FCLK_CLK_0_BUFG/O
                         net (fo=26320, routed)       1.541     2.620    design_1_i/proc_sys_reset_0/U0/slowest_sync_clk
    SLICE_X0Y28          FDRE                                         r  design_1_i/proc_sys_reset_0/U0/ACTIVE_LOW_BSR_OUT_DFF[0].FDRE_BSR_N/C
  -------------------------------------------------------------------    -------------------
    SLICE_X0Y28          FDRE (Prop_fdre_C_Q)         0.433     3.053 f  design_1_i/proc_sys_reset_0/U0/ACTIVE_LOW_BSR_OUT_DFF[0].FDRE_BSR_N/Q
                         net (fo=4, routed)           2.638     5.691    design_1_i/smartconnect_3/inst/clk_map/psr_aclk/U0/EXT_LPF/ACTIVE_LOW_AUX.ACT_LO_AUX/aresetn
    SLICE_X52Y45         LUT1 (Prop_lut1_I0_O)        0.119     5.810 r  design_1_i/smartconnect_3/inst/clk_map/psr_aclk/U0/EXT_LPF/ACTIVE_LOW_AUX.ACT_LO_AUX/GENERATE_LEVEL_P_S_CDC.SINGLE_BIT.CROSS_PLEVEL_IN2SCNDRY_IN_cdc_to_i_1/O
                         net (fo=1, routed)           0.637     6.447    design_1_i/smartconnect_3/inst/clk_map/psr_aclk/U0/EXT_LPF/ACTIVE_LOW_AUX.ACT_LO_AUX/asr_d1
    SLICE_X53Y45         FDRE                                         r  design_1_i/smartconnect_3/inst/clk_map/psr_aclk/U0/EXT_LPF/ACTIVE_LOW_AUX.ACT_LO_AUX/GENERATE_LEVEL_P_S_CDC.SINGLE_BIT.CROSS_PLEVEL_IN2SCNDRY_IN_cdc_to/D
  -------------------------------------------------------------------    -------------------

                         (clock clk_fpga_0 rise edge)
                                                      0.000     0.000 r  
    PS7_X0Y0             PS7                          0.000     0.000 r  design_1_i/processing_system7_0/inst/PS7_i/FCLKCLK[0]
                         net (fo=1, routed)           0.905     0.905    design_1_i/processing_system7_0/inst/FCLK_CLK_unbuffered[0]
    BUFGCTRL_X0Y16       BUFG (Prop_bufg_I_O)         0.077     0.982 r  design_1_i/processing_system7_0/inst/buffer_fclk_clk_0.FCLK_CLK_0_BUFG/O
                         net (fo=26320, routed)       1.243     2.225    design_1_i/smartconnect_3/inst/clk_map/psr_aclk/U0/EXT_LPF/ACTIVE_LOW_AUX.ACT_LO_AUX/aclk
    SLICE_X53Y45         FDRE                                         r  design_1_i/smartconnect_3/inst/clk_map/psr_aclk/U0/EXT_LPF/ACTIVE_LOW_AUX.ACT_LO_AUX/GENERATE_LEVEL_P_S_CDC.SINGLE_BIT.CROSS_PLEVEL_IN2SCNDRY_IN_cdc_to/C

Slack:                    inf
  Source:                 design_1_i/smartconnect_1/inst/clk_map/psr_aclk/U0/ACTIVE_LOW_BSR_OUT_DFF[0].FDRE_BSR_N/C
                            (rising edge-triggered cell FDRE clocked by clk_fpga_0  {rise@0.000ns fall@10.000ns period=20.000ns})
  Destination:            design_1_i/smartconnect_1/inst/s00_nodes/s00_ar_node/inst/s_sc_xpm_cdc_async_rst_inst/arststages_ff_reg[0]/CLR
                            (recovery check against rising-edge clock clk_fpga_0  {rise@0.000ns fall@10.000ns period=20.000ns})
  Path Group:             (none)
  Path Type:              Recovery (Max at Slow Process Corner)
  Data Path Delay:        3.689ns  (logic 0.484ns (13.121%)  route 3.205ns (86.879%))
  Logic Levels:           1  (LUT1=1)
  Clock Path Skew:        -0.416ns (DCD - SCD + CPR)
    Destination Clock Delay (DCD):    2.217ns
    Source Clock Delay      (SCD):    2.633ns
    Clock Pessimism Removal (CPR):    0.000ns
  Clock Uncertainty:      0.302ns  ((TSJ^2 + TIJ^2)^1/2 + DJ) / 2 + PE
    Total System Jitter     (TSJ):    0.071ns
    Total Input Jitter      (TIJ):    0.600ns
    Discrete Jitter          (DJ):    0.000ns
    Phase Error              (PE):    0.000ns
  Timing Exception:       False Path

    Location             Delay type                Incr(ns)  Path(ns)    Netlist Resource(s)
  -------------------------------------------------------------------    -------------------
                         (clock clk_fpga_0 rise edge)
                                                      0.000     0.000 r  
    PS7_X0Y0             PS7                          0.000     0.000 r  design_1_i/processing_system7_0/inst/PS7_i/FCLKCLK[0]
                         net (fo=1, routed)           0.994     0.994    design_1_i/processing_system7_0/inst/FCLK_CLK_unbuffered[0]
    BUFGCTRL_X0Y16       BUFG (Prop_bufg_I_O)         0.085     1.079 r  design_1_i/processing_system7_0/inst/buffer_fclk_clk_0.FCLK_CLK_0_BUFG/O
                         net (fo=26320, routed)       1.554     2.633    design_1_i/smartconnect_1/inst/clk_map/psr_aclk/U0/aclk
    SLICE_X1Y40          FDRE                                         r  design_1_i/smartconnect_1/inst/clk_map/psr_aclk/U0/ACTIVE_LOW_BSR_OUT_DFF[0].FDRE_BSR_N/C
  -------------------------------------------------------------------    -------------------
    SLICE_X1Y40          FDRE (Prop_fdre_C_Q)         0.379     3.012 r  design_1_i/smartconnect_1/inst/clk_map/psr_aclk/U0/ACTIVE_LOW_BSR_OUT_DFF[0].FDRE_BSR_N/Q
                         net (fo=9, routed)           2.585     5.597    design_1_i/smartconnect_1/inst/s00_nodes/s00_ar_node/inst/s_sc_xpm_cdc_async_rst_inst/src_arst
    SLICE_X48Y55         LUT1 (Prop_lut1_I0_O)        0.105     5.702 f  design_1_i/smartconnect_1/inst/s00_nodes/s00_ar_node/inst/s_sc_xpm_cdc_async_rst_inst/arststages_ff[2]_i_1/O
                         net (fo=3, routed)           0.620     6.322    design_1_i/smartconnect_1/inst/s00_nodes/s00_ar_node/inst/s_sc_xpm_cdc_async_rst_inst/reset_pol
    SLICE_X47Y53         FDCE                                         f  design_1_i/smartconnect_1/inst/s00_nodes/s00_ar_node/inst/s_sc_xpm_cdc_async_rst_inst/arststages_ff_reg[0]/CLR
  -------------------------------------------------------------------    -------------------

                         (clock clk_fpga_0 rise edge)
                                                      0.000     0.000 r  
    PS7_X0Y0             PS7                          0.000     0.000 r  design_1_i/processing_system7_0/inst/PS7_i/FCLKCLK[0]
                         net (fo=1, routed)           0.905     0.905    design_1_i/processing_system7_0/inst/FCLK_CLK_unbuffered[0]
    BUFGCTRL_X0Y16       BUFG (Prop_bufg_I_O)         0.077     0.982 r  design_1_i/processing_system7_0/inst/buffer_fclk_clk_0.FCLK_CLK_0_BUFG/O
                         net (fo=26320, routed)       1.234     2.217    design_1_i/smartconnect_1/inst/s00_nodes/s00_ar_node/inst/s_sc_xpm_cdc_async_rst_inst/dest_clk
    SLICE_X47Y53         FDCE                                         r  design_1_i/smartconnect_1/inst/s00_nodes/s00_ar_node/inst/s_sc_xpm_cdc_async_rst_inst/arststages_ff_reg[0]/C

Slack:                    inf
  Source:                 design_1_i/smartconnect_1/inst/clk_map/psr_aclk/U0/ACTIVE_LOW_BSR_OUT_DFF[0].FDRE_BSR_N/C
                            (rising edge-triggered cell FDRE clocked by clk_fpga_0  {rise@0.000ns fall@10.000ns period=20.000ns})
  Destination:            design_1_i/smartconnect_1/inst/s00_nodes/s00_ar_node/inst/s_sc_xpm_cdc_async_rst_inst/arststages_ff_reg[1]/CLR
                            (recovery check against rising-edge clock clk_fpga_0  {rise@0.000ns fall@10.000ns period=20.000ns})
  Path Group:             (none)
  Path Type:              Recovery (Max at Slow Process Corner)
  Data Path Delay:        3.689ns  (logic 0.484ns (13.121%)  route 3.205ns (86.879%))
  Logic Levels:           1  (LUT1=1)
  Clock Path Skew:        -0.416ns (DCD - SCD + CPR)
    Destination Clock Delay (DCD):    2.217ns
    Source Clock Delay      (SCD):    2.633ns
    Clock Pessimism Removal (CPR):    0.000ns
  Clock Uncertainty:      0.302ns  ((TSJ^2 + TIJ^2)^1/2 + DJ) / 2 + PE
    Total System Jitter     (TSJ):    0.071ns
    Total Input Jitter      (TIJ):    0.600ns
    Discrete Jitter          (DJ):    0.000ns
    Phase Error              (PE):    0.000ns
  Timing Exception:       False Path

    Location             Delay type                Incr(ns)  Path(ns)    Netlist Resource(s)
  -------------------------------------------------------------------    -------------------
                         (clock clk_fpga_0 rise edge)
                                                      0.000     0.000 r  
    PS7_X0Y0             PS7                          0.000     0.000 r  design_1_i/processing_system7_0/inst/PS7_i/FCLKCLK[0]
                         net (fo=1, routed)           0.994     0.994    design_1_i/processing_system7_0/inst/FCLK_CLK_unbuffered[0]
    BUFGCTRL_X0Y16       BUFG (Prop_bufg_I_O)         0.085     1.079 r  design_1_i/processing_system7_0/inst/buffer_fclk_clk_0.FCLK_CLK_0_BUFG/O
                         net (fo=26320, routed)       1.554     2.633    design_1_i/smartconnect_1/inst/clk_map/psr_aclk/U0/aclk
    SLICE_X1Y40          FDRE                                         r  design_1_i/smartconnect_1/inst/clk_map/psr_aclk/U0/ACTIVE_LOW_BSR_OUT_DFF[0].FDRE_BSR_N/C
  -------------------------------------------------------------------    -------------------
    SLICE_X1Y40          FDRE (Prop_fdre_C_Q)         0.379     3.012 r  design_1_i/smartconnect_1/inst/clk_map/psr_aclk/U0/ACTIVE_LOW_BSR_OUT_DFF[0].FDRE_BSR_N/Q
                         net (fo=9, routed)           2.585     5.597    design_1_i/smartconnect_1/inst/s00_nodes/s00_ar_node/inst/s_sc_xpm_cdc_async_rst_inst/src_arst
    SLICE_X48Y55         LUT1 (Prop_lut1_I0_O)        0.105     5.702 f  design_1_i/smartconnect_1/inst/s00_nodes/s00_ar_node/inst/s_sc_xpm_cdc_async_rst_inst/arststages_ff[2]_i_1/O
                         net (fo=3, routed)           0.620     6.322    design_1_i/smartconnect_1/inst/s00_nodes/s00_ar_node/inst/s_sc_xpm_cdc_async_rst_inst/reset_pol
    SLICE_X47Y53         FDCE                                         f  design_1_i/smartconnect_1/inst/s00_nodes/s00_ar_node/inst/s_sc_xpm_cdc_async_rst_inst/arststages_ff_reg[1]/CLR
  -------------------------------------------------------------------    -------------------

                         (clock clk_fpga_0 rise edge)
                                                      0.000     0.000 r  
    PS7_X0Y0             PS7                          0.000     0.000 r  design_1_i/processing_system7_0/inst/PS7_i/FCLKCLK[0]
                         net (fo=1, routed)           0.905     0.905    design_1_i/processing_system7_0/inst/FCLK_CLK_unbuffered[0]
    BUFGCTRL_X0Y16       BUFG (Prop_bufg_I_O)         0.077     0.982 r  design_1_i/processing_system7_0/inst/buffer_fclk_clk_0.FCLK_CLK_0_BUFG/O
                         net (fo=26320, routed)       1.234     2.217    design_1_i/smartconnect_1/inst/s00_nodes/s00_ar_node/inst/s_sc_xpm_cdc_async_rst_inst/dest_clk
    SLICE_X47Y53         FDCE                                         r  design_1_i/smartconnect_1/inst/s00_nodes/s00_ar_node/inst/s_sc_xpm_cdc_async_rst_inst/arststages_ff_reg[1]/C

Slack:                    inf
  Source:                 design_1_i/smartconnect_1/inst/clk_map/psr_aclk/U0/ACTIVE_LOW_BSR_OUT_DFF[0].FDRE_BSR_N/C
                            (rising edge-triggered cell FDRE clocked by clk_fpga_0  {rise@0.000ns fall@10.000ns period=20.000ns})
  Destination:            design_1_i/smartconnect_1/inst/s00_nodes/s00_ar_node/inst/s_sc_xpm_cdc_async_rst_inst/arststages_ff_reg[2]/CLR
                            (recovery check against rising-edge clock clk_fpga_0  {rise@0.000ns fall@10.000ns period=20.000ns})
  Path Group:             (none)
  Path Type:              Recovery (Max at Slow Process Corner)
  Data Path Delay:        3.689ns  (logic 0.484ns (13.121%)  route 3.205ns (86.879%))
  Logic Levels:           1  (LUT1=1)
  Clock Path Skew:        -0.416ns (DCD - SCD + CPR)
    Destination Clock Delay (DCD):    2.217ns
    Source Clock Delay      (SCD):    2.633ns
    Clock Pessimism Removal (CPR):    0.000ns
  Clock Uncertainty:      0.302ns  ((TSJ^2 + TIJ^2)^1/2 + DJ) / 2 + PE
    Total System Jitter     (TSJ):    0.071ns
    Total Input Jitter      (TIJ):    0.600ns
    Discrete Jitter          (DJ):    0.000ns
    Phase Error              (PE):    0.000ns
  Timing Exception:       False Path

    Location             Delay type                Incr(ns)  Path(ns)    Netlist Resource(s)
  -------------------------------------------------------------------    -------------------
                         (clock clk_fpga_0 rise edge)
                                                      0.000     0.000 r  
    PS7_X0Y0             PS7                          0.000     0.000 r  design_1_i/processing_system7_0/inst/PS7_i/FCLKCLK[0]
                         net (fo=1, routed)           0.994     0.994    design_1_i/processing_system7_0/inst/FCLK_CLK_unbuffered[0]
    BUFGCTRL_X0Y16       BUFG (Prop_bufg_I_O)         0.085     1.079 r  design_1_i/processing_system7_0/inst/buffer_fclk_clk_0.FCLK_CLK_0_BUFG/O
                         net (fo=26320, routed)       1.554     2.633    design_1_i/smartconnect_1/inst/clk_map/psr_aclk/U0/aclk
    SLICE_X1Y40          FDRE                                         r  design_1_i/smartconnect_1/inst/clk_map/psr_aclk/U0/ACTIVE_LOW_BSR_OUT_DFF[0].FDRE_BSR_N/C
  -------------------------------------------------------------------    -------------------
    SLICE_X1Y40          FDRE (Prop_fdre_C_Q)         0.379     3.012 r  design_1_i/smartconnect_1/inst/clk_map/psr_aclk/U0/ACTIVE_LOW_BSR_OUT_DFF[0].FDRE_BSR_N/Q
                         net (fo=9, routed)           2.585     5.597    design_1_i/smartconnect_1/inst/s00_nodes/s00_ar_node/inst/s_sc_xpm_cdc_async_rst_inst/src_arst
    SLICE_X48Y55         LUT1 (Prop_lut1_I0_O)        0.105     5.702 f  design_1_i/smartconnect_1/inst/s00_nodes/s00_ar_node/inst/s_sc_xpm_cdc_async_rst_inst/arststages_ff[2]_i_1/O
                         net (fo=3, routed)           0.620     6.322    design_1_i/smartconnect_1/inst/s00_nodes/s00_ar_node/inst/s_sc_xpm_cdc_async_rst_inst/reset_pol
    SLICE_X47Y53         FDCE                                         f  design_1_i/smartconnect_1/inst/s00_nodes/s00_ar_node/inst/s_sc_xpm_cdc_async_rst_inst/arststages_ff_reg[2]/CLR
  -------------------------------------------------------------------    -------------------

                         (clock clk_fpga_0 rise edge)
                                                      0.000     0.000 r  
    PS7_X0Y0             PS7                          0.000     0.000 r  design_1_i/processing_system7_0/inst/PS7_i/FCLKCLK[0]
                         net (fo=1, routed)           0.905     0.905    design_1_i/processing_system7_0/inst/FCLK_CLK_unbuffered[0]
    BUFGCTRL_X0Y16       BUFG (Prop_bufg_I_O)         0.077     0.982 r  design_1_i/processing_system7_0/inst/buffer_fclk_clk_0.FCLK_CLK_0_BUFG/O
                         net (fo=26320, routed)       1.234     2.217    design_1_i/smartconnect_1/inst/s00_nodes/s00_ar_node/inst/s_sc_xpm_cdc_async_rst_inst/dest_clk
    SLICE_X47Y53         FDCE                                         r  design_1_i/smartconnect_1/inst/s00_nodes/s00_ar_node/inst/s_sc_xpm_cdc_async_rst_inst/arststages_ff_reg[2]/C

Slack:                    inf
  Source:                 design_1_i/proc_sys_reset_0/U0/ACTIVE_LOW_BSR_OUT_DFF[0].FDRE_BSR_N/C
                            (rising edge-triggered cell FDRE clocked by clk_fpga_0  {rise@0.000ns fall@10.000ns period=20.000ns})
  Destination:            design_1_i/smartconnect_2/inst/clk_map/psr_aclk/U0/EXT_LPF/ACTIVE_LOW_AUX.ACT_LO_AUX/GENERATE_LEVEL_P_S_CDC.SINGLE_BIT.CROSS_PLEVEL_IN2SCNDRY_IN_cdc_to/D
                            (rising edge-triggered cell FDRE clocked by clk_fpga_0  {rise@0.000ns fall@10.000ns period=20.000ns})
  Path Group:             (none)
  Path Type:              Setup (Max at Slow Process Corner)
  Data Path Delay:        3.583ns  (logic 0.538ns (15.017%)  route 3.045ns (84.983%))
  Logic Levels:           1  (LUT1=1)
  Clock Path Skew:        -0.395ns (DCD - SCD + CPR)
    Destination Clock Delay (DCD):    2.225ns
    Source Clock Delay      (SCD):    2.620ns
    Clock Pessimism Removal (CPR):    0.000ns
  Clock Uncertainty:      0.302ns  ((TSJ^2 + TIJ^2)^1/2 + DJ) / 2 + PE
    Total System Jitter     (TSJ):    0.071ns
    Total Input Jitter      (TIJ):    0.600ns
    Discrete Jitter          (DJ):    0.000ns
    Phase Error              (PE):    0.000ns
  Timing Exception:       False Path

    Location             Delay type                Incr(ns)  Path(ns)    Netlist Resource(s)
  -------------------------------------------------------------------    -------------------
                         (clock clk_fpga_0 rise edge)
                                                      0.000     0.000 r  
    PS7_X0Y0             PS7                          0.000     0.000 r  design_1_i/processing_system7_0/inst/PS7_i/FCLKCLK[0]
                         net (fo=1, routed)           0.994     0.994    design_1_i/processing_system7_0/inst/FCLK_CLK_unbuffered[0]
    BUFGCTRL_X0Y16       BUFG (Prop_bufg_I_O)         0.085     1.079 r  design_1_i/processing_system7_0/inst/buffer_fclk_clk_0.FCLK_CLK_0_BUFG/O
                         net (fo=26320, routed)       1.541     2.620    design_1_i/proc_sys_reset_0/U0/slowest_sync_clk
    SLICE_X0Y28          FDRE                                         r  design_1_i/proc_sys_reset_0/U0/ACTIVE_LOW_BSR_OUT_DFF[0].FDRE_BSR_N/C
  -------------------------------------------------------------------    -------------------
    SLICE_X0Y28          FDRE (Prop_fdre_C_Q)         0.433     3.053 f  design_1_i/proc_sys_reset_0/U0/ACTIVE_LOW_BSR_OUT_DFF[0].FDRE_BSR_N/Q
                         net (fo=4, routed)           2.638     5.691    design_1_i/smartconnect_2/inst/clk_map/psr_aclk/U0/EXT_LPF/ACTIVE_LOW_AUX.ACT_LO_AUX/aresetn
    SLICE_X52Y45         LUT1 (Prop_lut1_I0_O)        0.105     5.796 r  design_1_i/smartconnect_2/inst/clk_map/psr_aclk/U0/EXT_LPF/ACTIVE_LOW_AUX.ACT_LO_AUX/GENERATE_LEVEL_P_S_CDC.SINGLE_BIT.CROSS_PLEVEL_IN2SCNDRY_IN_cdc_to_i_1/O
                         net (fo=1, routed)           0.407     6.203    design_1_i/smartconnect_2/inst/clk_map/psr_aclk/U0/EXT_LPF/ACTIVE_LOW_AUX.ACT_LO_AUX/asr_d1
    SLICE_X52Y45         FDRE                                         r  design_1_i/smartconnect_2/inst/clk_map/psr_aclk/U0/EXT_LPF/ACTIVE_LOW_AUX.ACT_LO_AUX/GENERATE_LEVEL_P_S_CDC.SINGLE_BIT.CROSS_PLEVEL_IN2SCNDRY_IN_cdc_to/D
  -------------------------------------------------------------------    -------------------

                         (clock clk_fpga_0 rise edge)
                                                      0.000     0.000 r  
    PS7_X0Y0             PS7                          0.000     0.000 r  design_1_i/processing_system7_0/inst/PS7_i/FCLKCLK[0]
                         net (fo=1, routed)           0.905     0.905    design_1_i/processing_system7_0/inst/FCLK_CLK_unbuffered[0]
    BUFGCTRL_X0Y16       BUFG (Prop_bufg_I_O)         0.077     0.982 r  design_1_i/processing_system7_0/inst/buffer_fclk_clk_0.FCLK_CLK_0_BUFG/O
                         net (fo=26320, routed)       1.243     2.225    design_1_i/smartconnect_2/inst/clk_map/psr_aclk/U0/EXT_LPF/ACTIVE_LOW_AUX.ACT_LO_AUX/aclk
    SLICE_X52Y45         FDRE                                         r  design_1_i/smartconnect_2/inst/clk_map/psr_aclk/U0/EXT_LPF/ACTIVE_LOW_AUX.ACT_LO_AUX/GENERATE_LEVEL_P_S_CDC.SINGLE_BIT.CROSS_PLEVEL_IN2SCNDRY_IN_cdc_to/C

Slack:                    inf
  Source:                 design_1_i/smartconnect_1/inst/clk_map/psr_aclk/U0/ACTIVE_LOW_BSR_OUT_DFF[0].FDRE_BSR_N/C
                            (rising edge-triggered cell FDRE clocked by clk_fpga_0  {rise@0.000ns fall@10.000ns period=20.000ns})
  Destination:            design_1_i/smartconnect_1/inst/s00_entry_pipeline/s00_si_converter/inst/xpm_cdc_async_rst_inst/arststages_ff_reg[0]/CLR
                            (recovery check against rising-edge clock clk_fpga_0  {rise@0.000ns fall@10.000ns period=20.000ns})
  Path Group:             (none)
  Path Type:              Recovery (Max at Slow Process Corner)
  Data Path Delay:        3.494ns  (logic 0.500ns (14.309%)  route 2.994ns (85.691%))
  Logic Levels:           1  (LUT1=1)
  Clock Path Skew:        -0.416ns (DCD - SCD + CPR)
    Destination Clock Delay (DCD):    2.217ns
    Source Clock Delay      (SCD):    2.633ns
    Clock Pessimism Removal (CPR):    0.000ns
  Clock Uncertainty:      0.302ns  ((TSJ^2 + TIJ^2)^1/2 + DJ) / 2 + PE
    Total System Jitter     (TSJ):    0.071ns
    Total Input Jitter      (TIJ):    0.600ns
    Discrete Jitter          (DJ):    0.000ns
    Phase Error              (PE):    0.000ns
  Timing Exception:       False Path

    Location             Delay type                Incr(ns)  Path(ns)    Netlist Resource(s)
  -------------------------------------------------------------------    -------------------
                         (clock clk_fpga_0 rise edge)
                                                      0.000     0.000 r  
    PS7_X0Y0             PS7                          0.000     0.000 r  design_1_i/processing_system7_0/inst/PS7_i/FCLKCLK[0]
                         net (fo=1, routed)           0.994     0.994    design_1_i/processing_system7_0/inst/FCLK_CLK_unbuffered[0]
    BUFGCTRL_X0Y16       BUFG (Prop_bufg_I_O)         0.085     1.079 r  design_1_i/processing_system7_0/inst/buffer_fclk_clk_0.FCLK_CLK_0_BUFG/O
                         net (fo=26320, routed)       1.554     2.633    design_1_i/smartconnect_1/inst/clk_map/psr_aclk/U0/aclk
    SLICE_X1Y40          FDRE                                         r  design_1_i/smartconnect_1/inst/clk_map/psr_aclk/U0/ACTIVE_LOW_BSR_OUT_DFF[0].FDRE_BSR_N/C
  -------------------------------------------------------------------    -------------------
    SLICE_X1Y40          FDRE (Prop_fdre_C_Q)         0.379     3.012 r  design_1_i/smartconnect_1/inst/clk_map/psr_aclk/U0/ACTIVE_LOW_BSR_OUT_DFF[0].FDRE_BSR_N/Q
                         net (fo=9, routed)           2.586     5.598    design_1_i/smartconnect_1/inst/s00_entry_pipeline/s00_si_converter/inst/xpm_cdc_async_rst_inst/src_arst
    SLICE_X48Y55         LUT1 (Prop_lut1_I0_O)        0.121     5.719 f  design_1_i/smartconnect_1/inst/s00_entry_pipeline/s00_si_converter/inst/xpm_cdc_async_rst_inst/arststages_ff[2]_i_1/O
                         net (fo=3, routed)           0.408     6.127    design_1_i/smartconnect_1/inst/s00_entry_pipeline/s00_si_converter/inst/xpm_cdc_async_rst_inst/reset_pol
    SLICE_X48Y55         FDCE                                         f  design_1_i/smartconnect_1/inst/s00_entry_pipeline/s00_si_converter/inst/xpm_cdc_async_rst_inst/arststages_ff_reg[0]/CLR
  -------------------------------------------------------------------    -------------------

                         (clock clk_fpga_0 rise edge)
                                                      0.000     0.000 r  
    PS7_X0Y0             PS7                          0.000     0.000 r  design_1_i/processing_system7_0/inst/PS7_i/FCLKCLK[0]
                         net (fo=1, routed)           0.905     0.905    design_1_i/processing_system7_0/inst/FCLK_CLK_unbuffered[0]
    BUFGCTRL_X0Y16       BUFG (Prop_bufg_I_O)         0.077     0.982 r  design_1_i/processing_system7_0/inst/buffer_fclk_clk_0.FCLK_CLK_0_BUFG/O
                         net (fo=26320, routed)       1.234     2.217    design_1_i/smartconnect_1/inst/s00_entry_pipeline/s00_si_converter/inst/xpm_cdc_async_rst_inst/dest_clk
    SLICE_X48Y55         FDCE                                         r  design_1_i/smartconnect_1/inst/s00_entry_pipeline/s00_si_converter/inst/xpm_cdc_async_rst_inst/arststages_ff_reg[0]/C

Slack:                    inf
  Source:                 design_1_i/smartconnect_1/inst/clk_map/psr_aclk/U0/ACTIVE_LOW_BSR_OUT_DFF[0].FDRE_BSR_N/C
                            (rising edge-triggered cell FDRE clocked by clk_fpga_0  {rise@0.000ns fall@10.000ns period=20.000ns})
  Destination:            design_1_i/smartconnect_1/inst/s00_entry_pipeline/s00_si_converter/inst/xpm_cdc_async_rst_inst/arststages_ff_reg[1]/CLR
                            (recovery check against rising-edge clock clk_fpga_0  {rise@0.000ns fall@10.000ns period=20.000ns})
  Path Group:             (none)
  Path Type:              Recovery (Max at Slow Process Corner)
  Data Path Delay:        3.494ns  (logic 0.500ns (14.309%)  route 2.994ns (85.691%))
  Logic Levels:           1  (LUT1=1)
  Clock Path Skew:        -0.416ns (DCD - SCD + CPR)
    Destination Clock Delay (DCD):    2.217ns
    Source Clock Delay      (SCD):    2.633ns
    Clock Pessimism Removal (CPR):    0.000ns
  Clock Uncertainty:      0.302ns  ((TSJ^2 + TIJ^2)^1/2 + DJ) / 2 + PE
    Total System Jitter     (TSJ):    0.071ns
    Total Input Jitter      (TIJ):    0.600ns
    Discrete Jitter          (DJ):    0.000ns
    Phase Error              (PE):    0.000ns
  Timing Exception:       False Path

    Location             Delay type                Incr(ns)  Path(ns)    Netlist Resource(s)
  -------------------------------------------------------------------    -------------------
                         (clock clk_fpga_0 rise edge)
                                                      0.000     0.000 r  
    PS7_X0Y0             PS7                          0.000     0.000 r  design_1_i/processing_system7_0/inst/PS7_i/FCLKCLK[0]
                         net (fo=1, routed)           0.994     0.994    design_1_i/processing_system7_0/inst/FCLK_CLK_unbuffered[0]
    BUFGCTRL_X0Y16       BUFG (Prop_bufg_I_O)         0.085     1.079 r  design_1_i/processing_system7_0/inst/buffer_fclk_clk_0.FCLK_CLK_0_BUFG/O
                         net (fo=26320, routed)       1.554     2.633    design_1_i/smartconnect_1/inst/clk_map/psr_aclk/U0/aclk
    SLICE_X1Y40          FDRE                                         r  design_1_i/smartconnect_1/inst/clk_map/psr_aclk/U0/ACTIVE_LOW_BSR_OUT_DFF[0].FDRE_BSR_N/C
  -------------------------------------------------------------------    -------------------
    SLICE_X1Y40          FDRE (Prop_fdre_C_Q)         0.379     3.012 r  design_1_i/smartconnect_1/inst/clk_map/psr_aclk/U0/ACTIVE_LOW_BSR_OUT_DFF[0].FDRE_BSR_N/Q
                         net (fo=9, routed)           2.586     5.598    design_1_i/smartconnect_1/inst/s00_entry_pipeline/s00_si_converter/inst/xpm_cdc_async_rst_inst/src_arst
    SLICE_X48Y55         LUT1 (Prop_lut1_I0_O)        0.121     5.719 f  design_1_i/smartconnect_1/inst/s00_entry_pipeline/s00_si_converter/inst/xpm_cdc_async_rst_inst/arststages_ff[2]_i_1/O
                         net (fo=3, routed)           0.408     6.127    design_1_i/smartconnect_1/inst/s00_entry_pipeline/s00_si_converter/inst/xpm_cdc_async_rst_inst/reset_pol
    SLICE_X48Y55         FDCE                                         f  design_1_i/smartconnect_1/inst/s00_entry_pipeline/s00_si_converter/inst/xpm_cdc_async_rst_inst/arststages_ff_reg[1]/CLR
  -------------------------------------------------------------------    -------------------

                         (clock clk_fpga_0 rise edge)
                                                      0.000     0.000 r  
    PS7_X0Y0             PS7                          0.000     0.000 r  design_1_i/processing_system7_0/inst/PS7_i/FCLKCLK[0]
                         net (fo=1, routed)           0.905     0.905    design_1_i/processing_system7_0/inst/FCLK_CLK_unbuffered[0]
    BUFGCTRL_X0Y16       BUFG (Prop_bufg_I_O)         0.077     0.982 r  design_1_i/processing_system7_0/inst/buffer_fclk_clk_0.FCLK_CLK_0_BUFG/O
                         net (fo=26320, routed)       1.234     2.217    design_1_i/smartconnect_1/inst/s00_entry_pipeline/s00_si_converter/inst/xpm_cdc_async_rst_inst/dest_clk
    SLICE_X48Y55         FDCE                                         r  design_1_i/smartconnect_1/inst/s00_entry_pipeline/s00_si_converter/inst/xpm_cdc_async_rst_inst/arststages_ff_reg[1]/C

Slack:                    inf
  Source:                 design_1_i/smartconnect_1/inst/clk_map/psr_aclk/U0/ACTIVE_LOW_BSR_OUT_DFF[0].FDRE_BSR_N/C
                            (rising edge-triggered cell FDRE clocked by clk_fpga_0  {rise@0.000ns fall@10.000ns period=20.000ns})
  Destination:            design_1_i/smartconnect_1/inst/s00_entry_pipeline/s00_si_converter/inst/xpm_cdc_async_rst_inst/arststages_ff_reg[2]/CLR
                            (recovery check against rising-edge clock clk_fpga_0  {rise@0.000ns fall@10.000ns period=20.000ns})
  Path Group:             (none)
  Path Type:              Recovery (Max at Slow Process Corner)
  Data Path Delay:        3.494ns  (logic 0.500ns (14.309%)  route 2.994ns (85.691%))
  Logic Levels:           1  (LUT1=1)
  Clock Path Skew:        -0.416ns (DCD - SCD + CPR)
    Destination Clock Delay (DCD):    2.217ns
    Source Clock Delay      (SCD):    2.633ns
    Clock Pessimism Removal (CPR):    0.000ns
  Clock Uncertainty:      0.302ns  ((TSJ^2 + TIJ^2)^1/2 + DJ) / 2 + PE
    Total System Jitter     (TSJ):    0.071ns
    Total Input Jitter      (TIJ):    0.600ns
    Discrete Jitter          (DJ):    0.000ns
    Phase Error              (PE):    0.000ns
  Timing Exception:       False Path

    Location             Delay type                Incr(ns)  Path(ns)    Netlist Resource(s)
  -------------------------------------------------------------------    -------------------
                         (clock clk_fpga_0 rise edge)
                                                      0.000     0.000 r  
    PS7_X0Y0             PS7                          0.000     0.000 r  design_1_i/processing_system7_0/inst/PS7_i/FCLKCLK[0]
                         net (fo=1, routed)           0.994     0.994    design_1_i/processing_system7_0/inst/FCLK_CLK_unbuffered[0]
    BUFGCTRL_X0Y16       BUFG (Prop_bufg_I_O)         0.085     1.079 r  design_1_i/processing_system7_0/inst/buffer_fclk_clk_0.FCLK_CLK_0_BUFG/O
                         net (fo=26320, routed)       1.554     2.633    design_1_i/smartconnect_1/inst/clk_map/psr_aclk/U0/aclk
    SLICE_X1Y40          FDRE                                         r  design_1_i/smartconnect_1/inst/clk_map/psr_aclk/U0/ACTIVE_LOW_BSR_OUT_DFF[0].FDRE_BSR_N/C
  -------------------------------------------------------------------    -------------------
    SLICE_X1Y40          FDRE (Prop_fdre_C_Q)         0.379     3.012 r  design_1_i/smartconnect_1/inst/clk_map/psr_aclk/U0/ACTIVE_LOW_BSR_OUT_DFF[0].FDRE_BSR_N/Q
                         net (fo=9, routed)           2.586     5.598    design_1_i/smartconnect_1/inst/s00_entry_pipeline/s00_si_converter/inst/xpm_cdc_async_rst_inst/src_arst
    SLICE_X48Y55         LUT1 (Prop_lut1_I0_O)        0.121     5.719 f  design_1_i/smartconnect_1/inst/s00_entry_pipeline/s00_si_converter/inst/xpm_cdc_async_rst_inst/arststages_ff[2]_i_1/O
                         net (fo=3, routed)           0.408     6.127    design_1_i/smartconnect_1/inst/s00_entry_pipeline/s00_si_converter/inst/xpm_cdc_async_rst_inst/reset_pol
    SLICE_X48Y55         FDCE                                         f  design_1_i/smartconnect_1/inst/s00_entry_pipeline/s00_si_converter/inst/xpm_cdc_async_rst_inst/arststages_ff_reg[2]/CLR
  -------------------------------------------------------------------    -------------------

                         (clock clk_fpga_0 rise edge)
                                                      0.000     0.000 r  
    PS7_X0Y0             PS7                          0.000     0.000 r  design_1_i/processing_system7_0/inst/PS7_i/FCLKCLK[0]
                         net (fo=1, routed)           0.905     0.905    design_1_i/processing_system7_0/inst/FCLK_CLK_unbuffered[0]
    BUFGCTRL_X0Y16       BUFG (Prop_bufg_I_O)         0.077     0.982 r  design_1_i/processing_system7_0/inst/buffer_fclk_clk_0.FCLK_CLK_0_BUFG/O
                         net (fo=26320, routed)       1.234     2.217    design_1_i/smartconnect_1/inst/s00_entry_pipeline/s00_si_converter/inst/xpm_cdc_async_rst_inst/dest_clk
    SLICE_X48Y55         FDCE                                         r  design_1_i/smartconnect_1/inst/s00_entry_pipeline/s00_si_converter/inst/xpm_cdc_async_rst_inst/arststages_ff_reg[2]/C

Slack:                    inf
  Source:                 design_1_i/smartconnect_1/inst/clk_map/psr_aclk/U0/ACTIVE_LOW_BSR_OUT_DFF[0].FDRE_BSR_N/C
                            (rising edge-triggered cell FDRE clocked by clk_fpga_0  {rise@0.000ns fall@10.000ns period=20.000ns})
  Destination:            design_1_i/smartconnect_1/inst/m00_exit_pipeline/m00_exit/inst/xpm_cdc_async_rst_inst/arststages_ff_reg[0]/CLR
                            (recovery check against rising-edge clock clk_fpga_0  {rise@0.000ns fall@10.000ns period=20.000ns})
  Path Group:             (none)
  Path Type:              Recovery (Max at Slow Process Corner)
  Data Path Delay:        3.441ns  (logic 0.484ns (14.064%)  route 2.957ns (85.936%))
  Logic Levels:           1  (LUT1=1)
  Clock Path Skew:        -0.416ns (DCD - SCD + CPR)
    Destination Clock Delay (DCD):    2.217ns
    Source Clock Delay      (SCD):    2.633ns
    Clock Pessimism Removal (CPR):    0.000ns
  Clock Uncertainty:      0.302ns  ((TSJ^2 + TIJ^2)^1/2 + DJ) / 2 + PE
    Total System Jitter     (TSJ):    0.071ns
    Total Input Jitter      (TIJ):    0.600ns
    Discrete Jitter          (DJ):    0.000ns
    Phase Error              (PE):    0.000ns
  Timing Exception:       False Path

    Location             Delay type                Incr(ns)  Path(ns)    Netlist Resource(s)
  -------------------------------------------------------------------    -------------------
                         (clock clk_fpga_0 rise edge)
                                                      0.000     0.000 r  
    PS7_X0Y0             PS7                          0.000     0.000 r  design_1_i/processing_system7_0/inst/PS7_i/FCLKCLK[0]
                         net (fo=1, routed)           0.994     0.994    design_1_i/processing_system7_0/inst/FCLK_CLK_unbuffered[0]
    BUFGCTRL_X0Y16       BUFG (Prop_bufg_I_O)         0.085     1.079 r  design_1_i/processing_system7_0/inst/buffer_fclk_clk_0.FCLK_CLK_0_BUFG/O
                         net (fo=26320, routed)       1.554     2.633    design_1_i/smartconnect_1/inst/clk_map/psr_aclk/U0/aclk
    SLICE_X1Y40          FDRE                                         r  design_1_i/smartconnect_1/inst/clk_map/psr_aclk/U0/ACTIVE_LOW_BSR_OUT_DFF[0].FDRE_BSR_N/C
  -------------------------------------------------------------------    -------------------
    SLICE_X1Y40          FDRE (Prop_fdre_C_Q)         0.379     3.012 r  design_1_i/smartconnect_1/inst/clk_map/psr_aclk/U0/ACTIVE_LOW_BSR_OUT_DFF[0].FDRE_BSR_N/Q
                         net (fo=9, routed)           2.586     5.598    design_1_i/smartconnect_1/inst/m00_exit_pipeline/m00_exit/inst/xpm_cdc_async_rst_inst/src_arst
    SLICE_X48Y55         LUT1 (Prop_lut1_I0_O)        0.105     5.703 f  design_1_i/smartconnect_1/inst/m00_exit_pipeline/m00_exit/inst/xpm_cdc_async_rst_inst/arststages_ff[2]_i_1/O
                         net (fo=3, routed)           0.371     6.074    design_1_i/smartconnect_1/inst/m00_exit_pipeline/m00_exit/inst/xpm_cdc_async_rst_inst/reset_pol
    SLICE_X49Y57         FDCE                                         f  design_1_i/smartconnect_1/inst/m00_exit_pipeline/m00_exit/inst/xpm_cdc_async_rst_inst/arststages_ff_reg[0]/CLR
  -------------------------------------------------------------------    -------------------

                         (clock clk_fpga_0 rise edge)
                                                      0.000     0.000 r  
    PS7_X0Y0             PS7                          0.000     0.000 r  design_1_i/processing_system7_0/inst/PS7_i/FCLKCLK[0]
                         net (fo=1, routed)           0.905     0.905    design_1_i/processing_system7_0/inst/FCLK_CLK_unbuffered[0]
    BUFGCTRL_X0Y16       BUFG (Prop_bufg_I_O)         0.077     0.982 r  design_1_i/processing_system7_0/inst/buffer_fclk_clk_0.FCLK_CLK_0_BUFG/O
                         net (fo=26320, routed)       1.234     2.217    design_1_i/smartconnect_1/inst/m00_exit_pipeline/m00_exit/inst/xpm_cdc_async_rst_inst/dest_clk
    SLICE_X49Y57         FDCE                                         r  design_1_i/smartconnect_1/inst/m00_exit_pipeline/m00_exit/inst/xpm_cdc_async_rst_inst/arststages_ff_reg[0]/C

Slack:                    inf
  Source:                 design_1_i/smartconnect_1/inst/clk_map/psr_aclk/U0/ACTIVE_LOW_BSR_OUT_DFF[0].FDRE_BSR_N/C
                            (rising edge-triggered cell FDRE clocked by clk_fpga_0  {rise@0.000ns fall@10.000ns period=20.000ns})
  Destination:            design_1_i/smartconnect_1/inst/m00_exit_pipeline/m00_exit/inst/xpm_cdc_async_rst_inst/arststages_ff_reg[1]/CLR
                            (recovery check against rising-edge clock clk_fpga_0  {rise@0.000ns fall@10.000ns period=20.000ns})
  Path Group:             (none)
  Path Type:              Recovery (Max at Slow Process Corner)
  Data Path Delay:        3.441ns  (logic 0.484ns (14.064%)  route 2.957ns (85.936%))
  Logic Levels:           1  (LUT1=1)
  Clock Path Skew:        -0.416ns (DCD - SCD + CPR)
    Destination Clock Delay (DCD):    2.217ns
    Source Clock Delay      (SCD):    2.633ns
    Clock Pessimism Removal (CPR):    0.000ns
  Clock Uncertainty:      0.302ns  ((TSJ^2 + TIJ^2)^1/2 + DJ) / 2 + PE
    Total System Jitter     (TSJ):    0.071ns
    Total Input Jitter      (TIJ):    0.600ns
    Discrete Jitter          (DJ):    0.000ns
    Phase Error              (PE):    0.000ns
  Timing Exception:       False Path

    Location             Delay type                Incr(ns)  Path(ns)    Netlist Resource(s)
  -------------------------------------------------------------------    -------------------
                         (clock clk_fpga_0 rise edge)
                                                      0.000     0.000 r  
    PS7_X0Y0             PS7                          0.000     0.000 r  design_1_i/processing_system7_0/inst/PS7_i/FCLKCLK[0]
                         net (fo=1, routed)           0.994     0.994    design_1_i/processing_system7_0/inst/FCLK_CLK_unbuffered[0]
    BUFGCTRL_X0Y16       BUFG (Prop_bufg_I_O)         0.085     1.079 r  design_1_i/processing_system7_0/inst/buffer_fclk_clk_0.FCLK_CLK_0_BUFG/O
                         net (fo=26320, routed)       1.554     2.633    design_1_i/smartconnect_1/inst/clk_map/psr_aclk/U0/aclk
    SLICE_X1Y40          FDRE                                         r  design_1_i/smartconnect_1/inst/clk_map/psr_aclk/U0/ACTIVE_LOW_BSR_OUT_DFF[0].FDRE_BSR_N/C
  -------------------------------------------------------------------    -------------------
    SLICE_X1Y40          FDRE (Prop_fdre_C_Q)         0.379     3.012 r  design_1_i/smartconnect_1/inst/clk_map/psr_aclk/U0/ACTIVE_LOW_BSR_OUT_DFF[0].FDRE_BSR_N/Q
                         net (fo=9, routed)           2.586     5.598    design_1_i/smartconnect_1/inst/m00_exit_pipeline/m00_exit/inst/xpm_cdc_async_rst_inst/src_arst
    SLICE_X48Y55         LUT1 (Prop_lut1_I0_O)        0.105     5.703 f  design_1_i/smartconnect_1/inst/m00_exit_pipeline/m00_exit/inst/xpm_cdc_async_rst_inst/arststages_ff[2]_i_1/O
                         net (fo=3, routed)           0.371     6.074    design_1_i/smartconnect_1/inst/m00_exit_pipeline/m00_exit/inst/xpm_cdc_async_rst_inst/reset_pol
    SLICE_X49Y57         FDCE                                         f  design_1_i/smartconnect_1/inst/m00_exit_pipeline/m00_exit/inst/xpm_cdc_async_rst_inst/arststages_ff_reg[1]/CLR
  -------------------------------------------------------------------    -------------------

                         (clock clk_fpga_0 rise edge)
                                                      0.000     0.000 r  
    PS7_X0Y0             PS7                          0.000     0.000 r  design_1_i/processing_system7_0/inst/PS7_i/FCLKCLK[0]
                         net (fo=1, routed)           0.905     0.905    design_1_i/processing_system7_0/inst/FCLK_CLK_unbuffered[0]
    BUFGCTRL_X0Y16       BUFG (Prop_bufg_I_O)         0.077     0.982 r  design_1_i/processing_system7_0/inst/buffer_fclk_clk_0.FCLK_CLK_0_BUFG/O
                         net (fo=26320, routed)       1.234     2.217    design_1_i/smartconnect_1/inst/m00_exit_pipeline/m00_exit/inst/xpm_cdc_async_rst_inst/dest_clk
    SLICE_X49Y57         FDCE                                         r  design_1_i/smartconnect_1/inst/m00_exit_pipeline/m00_exit/inst/xpm_cdc_async_rst_inst/arststages_ff_reg[1]/C





Min Delay Paths
--------------------------------------------------------------------------------------
Slack:                    inf
  Source:                 design_1_i/smartconnect_2/inst/clk_map/psr_aclk/U0/ACTIVE_LOW_BSR_OUT_DFF[0].FDRE_BSR_N/C
                            (rising edge-triggered cell FDRE clocked by clk_fpga_0  {rise@0.000ns fall@10.000ns period=20.000ns})
  Destination:            design_1_i/smartconnect_2/inst/s00_nodes/s00_b_node/inst/s_sc_xpm_cdc_async_rst_inst/arststages_ff_reg[0]/CLR
                            (removal check against rising-edge clock clk_fpga_0  {rise@0.000ns fall@10.000ns period=20.000ns})
  Path Group:             (none)
  Path Type:              Removal (Min at Fast Process Corner)
  Data Path Delay:        0.669ns  (logic 0.186ns (27.798%)  route 0.483ns (72.202%))
  Logic Levels:           1  (LUT1=1)
  Clock Path Skew:        0.316ns (DCD - SCD - CPR)
    Destination Clock Delay (DCD):    1.210ns
    Source Clock Delay      (SCD):    0.894ns
    Clock Pessimism Removal (CPR):    -0.000ns
  Clock Uncertainty:      0.302ns  ((TSJ^2 + TIJ^2)^1/2 + DJ) / 2 + PE
    Total System Jitter     (TSJ):    0.071ns
    Total Input Jitter      (TIJ):    0.600ns
    Discrete Jitter          (DJ):    0.000ns
    Phase Error              (PE):    0.000ns
  Timing Exception:       False Path

    Location             Delay type                Incr(ns)  Path(ns)    Netlist Resource(s)
  -------------------------------------------------------------------    -------------------
                         (clock clk_fpga_0 rise edge)
                                                      0.000     0.000 r  
    PS7_X0Y0             PS7                          0.000     0.000 r  design_1_i/processing_system7_0/inst/PS7_i/FCLKCLK[0]
                         net (fo=1, routed)           0.310     0.310    design_1_i/processing_system7_0/inst/FCLK_CLK_unbuffered[0]
    BUFGCTRL_X0Y16       BUFG (Prop_bufg_I_O)         0.026     0.336 r  design_1_i/processing_system7_0/inst/buffer_fclk_clk_0.FCLK_CLK_0_BUFG/O
                         net (fo=26320, routed)       0.558     0.894    design_1_i/smartconnect_2/inst/clk_map/psr_aclk/U0/aclk
    SLICE_X53Y45         FDRE                                         r  design_1_i/smartconnect_2/inst/clk_map/psr_aclk/U0/ACTIVE_LOW_BSR_OUT_DFF[0].FDRE_BSR_N/C
  -------------------------------------------------------------------    -------------------
    SLICE_X53Y45         FDRE (Prop_fdre_C_Q)         0.141     1.035 r  design_1_i/smartconnect_2/inst/clk_map/psr_aclk/U0/ACTIVE_LOW_BSR_OUT_DFF[0].FDRE_BSR_N/Q
                         net (fo=9, routed)           0.367     1.401    design_1_i/smartconnect_2/inst/s00_nodes/s00_b_node/inst/s_sc_xpm_cdc_async_rst_inst/src_arst
    SLICE_X55Y57         LUT1 (Prop_lut1_I0_O)        0.045     1.446 f  design_1_i/smartconnect_2/inst/s00_nodes/s00_b_node/inst/s_sc_xpm_cdc_async_rst_inst/arststages_ff[2]_i_1/O
                         net (fo=3, routed)           0.116     1.563    design_1_i/smartconnect_2/inst/s00_nodes/s00_b_node/inst/s_sc_xpm_cdc_async_rst_inst/reset_pol
    SLICE_X55Y57         FDCE                                         f  design_1_i/smartconnect_2/inst/s00_nodes/s00_b_node/inst/s_sc_xpm_cdc_async_rst_inst/arststages_ff_reg[0]/CLR
  -------------------------------------------------------------------    -------------------

                         (clock clk_fpga_0 rise edge)
                                                      0.000     0.000 r  
    PS7_X0Y0             PS7                          0.000     0.000 r  design_1_i/processing_system7_0/inst/PS7_i/FCLKCLK[0]
                         net (fo=1, routed)           0.337     0.337    design_1_i/processing_system7_0/inst/FCLK_CLK_unbuffered[0]
    BUFGCTRL_X0Y16       BUFG (Prop_bufg_I_O)         0.029     0.366 r  design_1_i/processing_system7_0/inst/buffer_fclk_clk_0.FCLK_CLK_0_BUFG/O
                         net (fo=26320, routed)       0.844     1.210    design_1_i/smartconnect_2/inst/s00_nodes/s00_b_node/inst/s_sc_xpm_cdc_async_rst_inst/dest_clk
    SLICE_X55Y57         FDCE                                         r  design_1_i/smartconnect_2/inst/s00_nodes/s00_b_node/inst/s_sc_xpm_cdc_async_rst_inst/arststages_ff_reg[0]/C

Slack:                    inf
  Source:                 design_1_i/smartconnect_2/inst/clk_map/psr_aclk/U0/ACTIVE_LOW_BSR_OUT_DFF[0].FDRE_BSR_N/C
                            (rising edge-triggered cell FDRE clocked by clk_fpga_0  {rise@0.000ns fall@10.000ns period=20.000ns})
  Destination:            design_1_i/smartconnect_2/inst/s00_nodes/s00_b_node/inst/s_sc_xpm_cdc_async_rst_inst/arststages_ff_reg[1]/CLR
                            (removal check against rising-edge clock clk_fpga_0  {rise@0.000ns fall@10.000ns period=20.000ns})
  Path Group:             (none)
  Path Type:              Removal (Min at Fast Process Corner)
  Data Path Delay:        0.669ns  (logic 0.186ns (27.798%)  route 0.483ns (72.202%))
  Logic Levels:           1  (LUT1=1)
  Clock Path Skew:        0.316ns (DCD - SCD - CPR)
    Destination Clock Delay (DCD):    1.210ns
    Source Clock Delay      (SCD):    0.894ns
    Clock Pessimism Removal (CPR):    -0.000ns
  Clock Uncertainty:      0.302ns  ((TSJ^2 + TIJ^2)^1/2 + DJ) / 2 + PE
    Total System Jitter     (TSJ):    0.071ns
    Total Input Jitter      (TIJ):    0.600ns
    Discrete Jitter          (DJ):    0.000ns
    Phase Error              (PE):    0.000ns
  Timing Exception:       False Path

    Location             Delay type                Incr(ns)  Path(ns)    Netlist Resource(s)
  -------------------------------------------------------------------    -------------------
                         (clock clk_fpga_0 rise edge)
                                                      0.000     0.000 r  
    PS7_X0Y0             PS7                          0.000     0.000 r  design_1_i/processing_system7_0/inst/PS7_i/FCLKCLK[0]
                         net (fo=1, routed)           0.310     0.310    design_1_i/processing_system7_0/inst/FCLK_CLK_unbuffered[0]
    BUFGCTRL_X0Y16       BUFG (Prop_bufg_I_O)         0.026     0.336 r  design_1_i/processing_system7_0/inst/buffer_fclk_clk_0.FCLK_CLK_0_BUFG/O
                         net (fo=26320, routed)       0.558     0.894    design_1_i/smartconnect_2/inst/clk_map/psr_aclk/U0/aclk
    SLICE_X53Y45         FDRE                                         r  design_1_i/smartconnect_2/inst/clk_map/psr_aclk/U0/ACTIVE_LOW_BSR_OUT_DFF[0].FDRE_BSR_N/C
  -------------------------------------------------------------------    -------------------
    SLICE_X53Y45         FDRE (Prop_fdre_C_Q)         0.141     1.035 r  design_1_i/smartconnect_2/inst/clk_map/psr_aclk/U0/ACTIVE_LOW_BSR_OUT_DFF[0].FDRE_BSR_N/Q
                         net (fo=9, routed)           0.367     1.401    design_1_i/smartconnect_2/inst/s00_nodes/s00_b_node/inst/s_sc_xpm_cdc_async_rst_inst/src_arst
    SLICE_X55Y57         LUT1 (Prop_lut1_I0_O)        0.045     1.446 f  design_1_i/smartconnect_2/inst/s00_nodes/s00_b_node/inst/s_sc_xpm_cdc_async_rst_inst/arststages_ff[2]_i_1/O
                         net (fo=3, routed)           0.116     1.563    design_1_i/smartconnect_2/inst/s00_nodes/s00_b_node/inst/s_sc_xpm_cdc_async_rst_inst/reset_pol
    SLICE_X55Y57         FDCE                                         f  design_1_i/smartconnect_2/inst/s00_nodes/s00_b_node/inst/s_sc_xpm_cdc_async_rst_inst/arststages_ff_reg[1]/CLR
  -------------------------------------------------------------------    -------------------

                         (clock clk_fpga_0 rise edge)
                                                      0.000     0.000 r  
    PS7_X0Y0             PS7                          0.000     0.000 r  design_1_i/processing_system7_0/inst/PS7_i/FCLKCLK[0]
                         net (fo=1, routed)           0.337     0.337    design_1_i/processing_system7_0/inst/FCLK_CLK_unbuffered[0]
    BUFGCTRL_X0Y16       BUFG (Prop_bufg_I_O)         0.029     0.366 r  design_1_i/processing_system7_0/inst/buffer_fclk_clk_0.FCLK_CLK_0_BUFG/O
                         net (fo=26320, routed)       0.844     1.210    design_1_i/smartconnect_2/inst/s00_nodes/s00_b_node/inst/s_sc_xpm_cdc_async_rst_inst/dest_clk
    SLICE_X55Y57         FDCE                                         r  design_1_i/smartconnect_2/inst/s00_nodes/s00_b_node/inst/s_sc_xpm_cdc_async_rst_inst/arststages_ff_reg[1]/C

Slack:                    inf
  Source:                 design_1_i/smartconnect_2/inst/clk_map/psr_aclk/U0/ACTIVE_LOW_BSR_OUT_DFF[0].FDRE_BSR_N/C
                            (rising edge-triggered cell FDRE clocked by clk_fpga_0  {rise@0.000ns fall@10.000ns period=20.000ns})
  Destination:            design_1_i/smartconnect_2/inst/s00_nodes/s00_b_node/inst/s_sc_xpm_cdc_async_rst_inst/arststages_ff_reg[2]/CLR
                            (removal check against rising-edge clock clk_fpga_0  {rise@0.000ns fall@10.000ns period=20.000ns})
  Path Group:             (none)
  Path Type:              Removal (Min at Fast Process Corner)
  Data Path Delay:        0.669ns  (logic 0.186ns (27.798%)  route 0.483ns (72.202%))
  Logic Levels:           1  (LUT1=1)
  Clock Path Skew:        0.316ns (DCD - SCD - CPR)
    Destination Clock Delay (DCD):    1.210ns
    Source Clock Delay      (SCD):    0.894ns
    Clock Pessimism Removal (CPR):    -0.000ns
  Clock Uncertainty:      0.302ns  ((TSJ^2 + TIJ^2)^1/2 + DJ) / 2 + PE
    Total System Jitter     (TSJ):    0.071ns
    Total Input Jitter      (TIJ):    0.600ns
    Discrete Jitter          (DJ):    0.000ns
    Phase Error              (PE):    0.000ns
  Timing Exception:       False Path

    Location             Delay type                Incr(ns)  Path(ns)    Netlist Resource(s)
  -------------------------------------------------------------------    -------------------
                         (clock clk_fpga_0 rise edge)
                                                      0.000     0.000 r  
    PS7_X0Y0             PS7                          0.000     0.000 r  design_1_i/processing_system7_0/inst/PS7_i/FCLKCLK[0]
                         net (fo=1, routed)           0.310     0.310    design_1_i/processing_system7_0/inst/FCLK_CLK_unbuffered[0]
    BUFGCTRL_X0Y16       BUFG (Prop_bufg_I_O)         0.026     0.336 r  design_1_i/processing_system7_0/inst/buffer_fclk_clk_0.FCLK_CLK_0_BUFG/O
                         net (fo=26320, routed)       0.558     0.894    design_1_i/smartconnect_2/inst/clk_map/psr_aclk/U0/aclk
    SLICE_X53Y45         FDRE                                         r  design_1_i/smartconnect_2/inst/clk_map/psr_aclk/U0/ACTIVE_LOW_BSR_OUT_DFF[0].FDRE_BSR_N/C
  -------------------------------------------------------------------    -------------------
    SLICE_X53Y45         FDRE (Prop_fdre_C_Q)         0.141     1.035 r  design_1_i/smartconnect_2/inst/clk_map/psr_aclk/U0/ACTIVE_LOW_BSR_OUT_DFF[0].FDRE_BSR_N/Q
                         net (fo=9, routed)           0.367     1.401    design_1_i/smartconnect_2/inst/s00_nodes/s00_b_node/inst/s_sc_xpm_cdc_async_rst_inst/src_arst
    SLICE_X55Y57         LUT1 (Prop_lut1_I0_O)        0.045     1.446 f  design_1_i/smartconnect_2/inst/s00_nodes/s00_b_node/inst/s_sc_xpm_cdc_async_rst_inst/arststages_ff[2]_i_1/O
                         net (fo=3, routed)           0.116     1.563    design_1_i/smartconnect_2/inst/s00_nodes/s00_b_node/inst/s_sc_xpm_cdc_async_rst_inst/reset_pol
    SLICE_X55Y57         FDCE                                         f  design_1_i/smartconnect_2/inst/s00_nodes/s00_b_node/inst/s_sc_xpm_cdc_async_rst_inst/arststages_ff_reg[2]/CLR
  -------------------------------------------------------------------    -------------------

                         (clock clk_fpga_0 rise edge)
                                                      0.000     0.000 r  
    PS7_X0Y0             PS7                          0.000     0.000 r  design_1_i/processing_system7_0/inst/PS7_i/FCLKCLK[0]
                         net (fo=1, routed)           0.337     0.337    design_1_i/processing_system7_0/inst/FCLK_CLK_unbuffered[0]
    BUFGCTRL_X0Y16       BUFG (Prop_bufg_I_O)         0.029     0.366 r  design_1_i/processing_system7_0/inst/buffer_fclk_clk_0.FCLK_CLK_0_BUFG/O
                         net (fo=26320, routed)       0.844     1.210    design_1_i/smartconnect_2/inst/s00_nodes/s00_b_node/inst/s_sc_xpm_cdc_async_rst_inst/dest_clk
    SLICE_X55Y57         FDCE                                         r  design_1_i/smartconnect_2/inst/s00_nodes/s00_b_node/inst/s_sc_xpm_cdc_async_rst_inst/arststages_ff_reg[2]/C

Slack:                    inf
  Source:                 design_1_i/proc_sys_reset_0/U0/ACTIVE_LOW_BSR_OUT_DFF[0].FDRE_BSR_N/C
                            (rising edge-triggered cell FDRE clocked by clk_fpga_0  {rise@0.000ns fall@10.000ns period=20.000ns})
  Destination:            design_1_i/smartconnect_1/inst/clk_map/psr_aclk/U0/EXT_LPF/ACTIVE_LOW_AUX.ACT_LO_AUX/GENERATE_LEVEL_P_S_CDC.SINGLE_BIT.CROSS_PLEVEL_IN2SCNDRY_IN_cdc_to/D
                            (rising edge-triggered cell FDRE clocked by clk_fpga_0  {rise@0.000ns fall@10.000ns period=20.000ns})
  Path Group:             (none)
  Path Type:              Hold (Min at Fast Process Corner)
  Data Path Delay:        0.677ns  (logic 0.209ns (30.877%)  route 0.468ns (69.123%))
  Logic Levels:           1  (LUT1=1)
  Clock Path Skew:        0.308ns (DCD - SCD - CPR)
    Destination Clock Delay (DCD):    1.259ns
    Source Clock Delay      (SCD):    0.951ns
    Clock Pessimism Removal (CPR):    -0.000ns
  Clock Uncertainty:      0.302ns  ((TSJ^2 + TIJ^2)^1/2 + DJ) / 2 + PE
    Total System Jitter     (TSJ):    0.071ns
    Total Input Jitter      (TIJ):    0.600ns
    Discrete Jitter          (DJ):    0.000ns
    Phase Error              (PE):    0.000ns
  Timing Exception:       False Path

    Location             Delay type                Incr(ns)  Path(ns)    Netlist Resource(s)
  -------------------------------------------------------------------    -------------------
                         (clock clk_fpga_0 rise edge)
                                                      0.000     0.000 r  
    PS7_X0Y0             PS7                          0.000     0.000 r  design_1_i/processing_system7_0/inst/PS7_i/FCLKCLK[0]
                         net (fo=1, routed)           0.310     0.310    design_1_i/processing_system7_0/inst/FCLK_CLK_unbuffered[0]
    BUFGCTRL_X0Y16       BUFG (Prop_bufg_I_O)         0.026     0.336 r  design_1_i/processing_system7_0/inst/buffer_fclk_clk_0.FCLK_CLK_0_BUFG/O
                         net (fo=26320, routed)       0.615     0.951    design_1_i/proc_sys_reset_0/U0/slowest_sync_clk
    SLICE_X0Y28          FDRE                                         r  design_1_i/proc_sys_reset_0/U0/ACTIVE_LOW_BSR_OUT_DFF[0].FDRE_BSR_N/C
  -------------------------------------------------------------------    -------------------
    SLICE_X0Y28          FDRE (Prop_fdre_C_Q)         0.164     1.115 f  design_1_i/proc_sys_reset_0/U0/ACTIVE_LOW_BSR_OUT_DFF[0].FDRE_BSR_N/Q
                         net (fo=4, routed)           0.296     1.411    design_1_i/smartconnect_1/inst/clk_map/psr_aclk/U0/EXT_LPF/ACTIVE_LOW_AUX.ACT_LO_AUX/aresetn
    SLICE_X2Y39          LUT1 (Prop_lut1_I0_O)        0.045     1.456 r  design_1_i/smartconnect_1/inst/clk_map/psr_aclk/U0/EXT_LPF/ACTIVE_LOW_AUX.ACT_LO_AUX/GENERATE_LEVEL_P_S_CDC.SINGLE_BIT.CROSS_PLEVEL_IN2SCNDRY_IN_cdc_to_i_1/O
                         net (fo=1, routed)           0.172     1.627    design_1_i/smartconnect_1/inst/clk_map/psr_aclk/U0/EXT_LPF/ACTIVE_LOW_AUX.ACT_LO_AUX/asr_d1
    SLICE_X2Y39          FDRE                                         r  design_1_i/smartconnect_1/inst/clk_map/psr_aclk/U0/EXT_LPF/ACTIVE_LOW_AUX.ACT_LO_AUX/GENERATE_LEVEL_P_S_CDC.SINGLE_BIT.CROSS_PLEVEL_IN2SCNDRY_IN_cdc_to/D
  -------------------------------------------------------------------    -------------------

                         (clock clk_fpga_0 rise edge)
                                                      0.000     0.000 r  
    PS7_X0Y0             PS7                          0.000     0.000 r  design_1_i/processing_system7_0/inst/PS7_i/FCLKCLK[0]
                         net (fo=1, routed)           0.337     0.337    design_1_i/processing_system7_0/inst/FCLK_CLK_unbuffered[0]
    BUFGCTRL_X0Y16       BUFG (Prop_bufg_I_O)         0.029     0.366 r  design_1_i/processing_system7_0/inst/buffer_fclk_clk_0.FCLK_CLK_0_BUFG/O
                         net (fo=26320, routed)       0.893     1.259    design_1_i/smartconnect_1/inst/clk_map/psr_aclk/U0/EXT_LPF/ACTIVE_LOW_AUX.ACT_LO_AUX/aclk
    SLICE_X2Y39          FDRE                                         r  design_1_i/smartconnect_1/inst/clk_map/psr_aclk/U0/EXT_LPF/ACTIVE_LOW_AUX.ACT_LO_AUX/GENERATE_LEVEL_P_S_CDC.SINGLE_BIT.CROSS_PLEVEL_IN2SCNDRY_IN_cdc_to/C

Slack:                    inf
  Source:                 design_1_i/smartconnect_0/inst/clk_map/psr_aclk/U0/ACTIVE_LOW_BSR_OUT_DFF[0].FDRE_BSR_N/C
                            (rising edge-triggered cell FDRE clocked by clk_fpga_0  {rise@0.000ns fall@10.000ns period=20.000ns})
  Destination:            design_1_i/smartconnect_0/inst/s00_nodes/s00_ar_node/inst/s_sc_xpm_cdc_async_rst_inst/arststages_ff_reg[0]/CLR
                            (removal check against rising-edge clock clk_fpga_0  {rise@0.000ns fall@10.000ns period=20.000ns})
  Path Group:             (none)
  Path Type:              Removal (Min at Fast Process Corner)
  Data Path Delay:        0.685ns  (logic 0.209ns (30.491%)  route 0.476ns (69.509%))
  Logic Levels:           1  (LUT1=1)
  Clock Path Skew:        0.299ns (DCD - SCD - CPR)
    Destination Clock Delay (DCD):    1.252ns
    Source Clock Delay      (SCD):    0.953ns
    Clock Pessimism Removal (CPR):    -0.000ns
  Clock Uncertainty:      0.302ns  ((TSJ^2 + TIJ^2)^1/2 + DJ) / 2 + PE
    Total System Jitter     (TSJ):    0.071ns
    Total Input Jitter      (TIJ):    0.600ns
    Discrete Jitter          (DJ):    0.000ns
    Phase Error              (PE):    0.000ns
  Timing Exception:       False Path

    Location             Delay type                Incr(ns)  Path(ns)    Netlist Resource(s)
  -------------------------------------------------------------------    -------------------
                         (clock clk_fpga_0 rise edge)
                                                      0.000     0.000 r  
    PS7_X0Y0             PS7                          0.000     0.000 r  design_1_i/processing_system7_0/inst/PS7_i/FCLKCLK[0]
                         net (fo=1, routed)           0.310     0.310    design_1_i/processing_system7_0/inst/FCLK_CLK_unbuffered[0]
    BUFGCTRL_X0Y16       BUFG (Prop_bufg_I_O)         0.026     0.336 r  design_1_i/processing_system7_0/inst/buffer_fclk_clk_0.FCLK_CLK_0_BUFG/O
                         net (fo=26320, routed)       0.617     0.953    design_1_i/smartconnect_0/inst/clk_map/psr_aclk/U0/aclk
    SLICE_X0Y30          FDRE                                         r  design_1_i/smartconnect_0/inst/clk_map/psr_aclk/U0/ACTIVE_LOW_BSR_OUT_DFF[0].FDRE_BSR_N/C
  -------------------------------------------------------------------    -------------------
    SLICE_X0Y30          FDRE (Prop_fdre_C_Q)         0.164     1.117 r  design_1_i/smartconnect_0/inst/clk_map/psr_aclk/U0/ACTIVE_LOW_BSR_OUT_DFF[0].FDRE_BSR_N/Q
                         net (fo=9, routed)           0.304     1.421    design_1_i/smartconnect_0/inst/s00_nodes/s00_ar_node/inst/s_sc_xpm_cdc_async_rst_inst/src_arst
    SLICE_X1Y31          LUT1 (Prop_lut1_I0_O)        0.045     1.466 f  design_1_i/smartconnect_0/inst/s00_nodes/s00_ar_node/inst/s_sc_xpm_cdc_async_rst_inst/arststages_ff[2]_i_1/O
                         net (fo=3, routed)           0.172     1.638    design_1_i/smartconnect_0/inst/s00_nodes/s00_ar_node/inst/s_sc_xpm_cdc_async_rst_inst/reset_pol
    SLICE_X5Y32          FDCE                                         f  design_1_i/smartconnect_0/inst/s00_nodes/s00_ar_node/inst/s_sc_xpm_cdc_async_rst_inst/arststages_ff_reg[0]/CLR
  -------------------------------------------------------------------    -------------------

                         (clock clk_fpga_0 rise edge)
                                                      0.000     0.000 r  
    PS7_X0Y0             PS7                          0.000     0.000 r  design_1_i/processing_system7_0/inst/PS7_i/FCLKCLK[0]
                         net (fo=1, routed)           0.337     0.337    design_1_i/processing_system7_0/inst/FCLK_CLK_unbuffered[0]
    BUFGCTRL_X0Y16       BUFG (Prop_bufg_I_O)         0.029     0.366 r  design_1_i/processing_system7_0/inst/buffer_fclk_clk_0.FCLK_CLK_0_BUFG/O
                         net (fo=26320, routed)       0.886     1.252    design_1_i/smartconnect_0/inst/s00_nodes/s00_ar_node/inst/s_sc_xpm_cdc_async_rst_inst/dest_clk
    SLICE_X5Y32          FDCE                                         r  design_1_i/smartconnect_0/inst/s00_nodes/s00_ar_node/inst/s_sc_xpm_cdc_async_rst_inst/arststages_ff_reg[0]/C

Slack:                    inf
  Source:                 design_1_i/smartconnect_0/inst/clk_map/psr_aclk/U0/ACTIVE_LOW_BSR_OUT_DFF[0].FDRE_BSR_N/C
                            (rising edge-triggered cell FDRE clocked by clk_fpga_0  {rise@0.000ns fall@10.000ns period=20.000ns})
  Destination:            design_1_i/smartconnect_0/inst/s00_nodes/s00_ar_node/inst/s_sc_xpm_cdc_async_rst_inst/arststages_ff_reg[1]/CLR
                            (removal check against rising-edge clock clk_fpga_0  {rise@0.000ns fall@10.000ns period=20.000ns})
  Path Group:             (none)
  Path Type:              Removal (Min at Fast Process Corner)
  Data Path Delay:        0.685ns  (logic 0.209ns (30.491%)  route 0.476ns (69.509%))
  Logic Levels:           1  (LUT1=1)
  Clock Path Skew:        0.299ns (DCD - SCD - CPR)
    Destination Clock Delay (DCD):    1.252ns
    Source Clock Delay      (SCD):    0.953ns
    Clock Pessimism Removal (CPR):    -0.000ns
  Clock Uncertainty:      0.302ns  ((TSJ^2 + TIJ^2)^1/2 + DJ) / 2 + PE
    Total System Jitter     (TSJ):    0.071ns
    Total Input Jitter      (TIJ):    0.600ns
    Discrete Jitter          (DJ):    0.000ns
    Phase Error              (PE):    0.000ns
  Timing Exception:       False Path

    Location             Delay type                Incr(ns)  Path(ns)    Netlist Resource(s)
  -------------------------------------------------------------------    -------------------
                         (clock clk_fpga_0 rise edge)
                                                      0.000     0.000 r  
    PS7_X0Y0             PS7                          0.000     0.000 r  design_1_i/processing_system7_0/inst/PS7_i/FCLKCLK[0]
                         net (fo=1, routed)           0.310     0.310    design_1_i/processing_system7_0/inst/FCLK_CLK_unbuffered[0]
    BUFGCTRL_X0Y16       BUFG (Prop_bufg_I_O)         0.026     0.336 r  design_1_i/processing_system7_0/inst/buffer_fclk_clk_0.FCLK_CLK_0_BUFG/O
                         net (fo=26320, routed)       0.617     0.953    design_1_i/smartconnect_0/inst/clk_map/psr_aclk/U0/aclk
    SLICE_X0Y30          FDRE                                         r  design_1_i/smartconnect_0/inst/clk_map/psr_aclk/U0/ACTIVE_LOW_BSR_OUT_DFF[0].FDRE_BSR_N/C
  -------------------------------------------------------------------    -------------------
    SLICE_X0Y30          FDRE (Prop_fdre_C_Q)         0.164     1.117 r  design_1_i/smartconnect_0/inst/clk_map/psr_aclk/U0/ACTIVE_LOW_BSR_OUT_DFF[0].FDRE_BSR_N/Q
                         net (fo=9, routed)           0.304     1.421    design_1_i/smartconnect_0/inst/s00_nodes/s00_ar_node/inst/s_sc_xpm_cdc_async_rst_inst/src_arst
    SLICE_X1Y31          LUT1 (Prop_lut1_I0_O)        0.045     1.466 f  design_1_i/smartconnect_0/inst/s00_nodes/s00_ar_node/inst/s_sc_xpm_cdc_async_rst_inst/arststages_ff[2]_i_1/O
                         net (fo=3, routed)           0.172     1.638    design_1_i/smartconnect_0/inst/s00_nodes/s00_ar_node/inst/s_sc_xpm_cdc_async_rst_inst/reset_pol
    SLICE_X5Y32          FDCE                                         f  design_1_i/smartconnect_0/inst/s00_nodes/s00_ar_node/inst/s_sc_xpm_cdc_async_rst_inst/arststages_ff_reg[1]/CLR
  -------------------------------------------------------------------    -------------------

                         (clock clk_fpga_0 rise edge)
                                                      0.000     0.000 r  
    PS7_X0Y0             PS7                          0.000     0.000 r  design_1_i/processing_system7_0/inst/PS7_i/FCLKCLK[0]
                         net (fo=1, routed)           0.337     0.337    design_1_i/processing_system7_0/inst/FCLK_CLK_unbuffered[0]
    BUFGCTRL_X0Y16       BUFG (Prop_bufg_I_O)         0.029     0.366 r  design_1_i/processing_system7_0/inst/buffer_fclk_clk_0.FCLK_CLK_0_BUFG/O
                         net (fo=26320, routed)       0.886     1.252    design_1_i/smartconnect_0/inst/s00_nodes/s00_ar_node/inst/s_sc_xpm_cdc_async_rst_inst/dest_clk
    SLICE_X5Y32          FDCE                                         r  design_1_i/smartconnect_0/inst/s00_nodes/s00_ar_node/inst/s_sc_xpm_cdc_async_rst_inst/arststages_ff_reg[1]/C

Slack:                    inf
  Source:                 design_1_i/smartconnect_0/inst/clk_map/psr_aclk/U0/ACTIVE_LOW_BSR_OUT_DFF[0].FDRE_BSR_N/C
                            (rising edge-triggered cell FDRE clocked by clk_fpga_0  {rise@0.000ns fall@10.000ns period=20.000ns})
  Destination:            design_1_i/smartconnect_0/inst/s00_nodes/s00_ar_node/inst/s_sc_xpm_cdc_async_rst_inst/arststages_ff_reg[2]/CLR
                            (removal check against rising-edge clock clk_fpga_0  {rise@0.000ns fall@10.000ns period=20.000ns})
  Path Group:             (none)
  Path Type:              Removal (Min at Fast Process Corner)
  Data Path Delay:        0.685ns  (logic 0.209ns (30.491%)  route 0.476ns (69.509%))
  Logic Levels:           1  (LUT1=1)
  Clock Path Skew:        0.299ns (DCD - SCD - CPR)
    Destination Clock Delay (DCD):    1.252ns
    Source Clock Delay      (SCD):    0.953ns
    Clock Pessimism Removal (CPR):    -0.000ns
  Clock Uncertainty:      0.302ns  ((TSJ^2 + TIJ^2)^1/2 + DJ) / 2 + PE
    Total System Jitter     (TSJ):    0.071ns
    Total Input Jitter      (TIJ):    0.600ns
    Discrete Jitter          (DJ):    0.000ns
    Phase Error              (PE):    0.000ns
  Timing Exception:       False Path

    Location             Delay type                Incr(ns)  Path(ns)    Netlist Resource(s)
  -------------------------------------------------------------------    -------------------
                         (clock clk_fpga_0 rise edge)
                                                      0.000     0.000 r  
    PS7_X0Y0             PS7                          0.000     0.000 r  design_1_i/processing_system7_0/inst/PS7_i/FCLKCLK[0]
                         net (fo=1, routed)           0.310     0.310    design_1_i/processing_system7_0/inst/FCLK_CLK_unbuffered[0]
    BUFGCTRL_X0Y16       BUFG (Prop_bufg_I_O)         0.026     0.336 r  design_1_i/processing_system7_0/inst/buffer_fclk_clk_0.FCLK_CLK_0_BUFG/O
                         net (fo=26320, routed)       0.617     0.953    design_1_i/smartconnect_0/inst/clk_map/psr_aclk/U0/aclk
    SLICE_X0Y30          FDRE                                         r  design_1_i/smartconnect_0/inst/clk_map/psr_aclk/U0/ACTIVE_LOW_BSR_OUT_DFF[0].FDRE_BSR_N/C
  -------------------------------------------------------------------    -------------------
    SLICE_X0Y30          FDRE (Prop_fdre_C_Q)         0.164     1.117 r  design_1_i/smartconnect_0/inst/clk_map/psr_aclk/U0/ACTIVE_LOW_BSR_OUT_DFF[0].FDRE_BSR_N/Q
                         net (fo=9, routed)           0.304     1.421    design_1_i/smartconnect_0/inst/s00_nodes/s00_ar_node/inst/s_sc_xpm_cdc_async_rst_inst/src_arst
    SLICE_X1Y31          LUT1 (Prop_lut1_I0_O)        0.045     1.466 f  design_1_i/smartconnect_0/inst/s00_nodes/s00_ar_node/inst/s_sc_xpm_cdc_async_rst_inst/arststages_ff[2]_i_1/O
                         net (fo=3, routed)           0.172     1.638    design_1_i/smartconnect_0/inst/s00_nodes/s00_ar_node/inst/s_sc_xpm_cdc_async_rst_inst/reset_pol
    SLICE_X5Y32          FDCE                                         f  design_1_i/smartconnect_0/inst/s00_nodes/s00_ar_node/inst/s_sc_xpm_cdc_async_rst_inst/arststages_ff_reg[2]/CLR
  -------------------------------------------------------------------    -------------------

                         (clock clk_fpga_0 rise edge)
                                                      0.000     0.000 r  
    PS7_X0Y0             PS7                          0.000     0.000 r  design_1_i/processing_system7_0/inst/PS7_i/FCLKCLK[0]
                         net (fo=1, routed)           0.337     0.337    design_1_i/processing_system7_0/inst/FCLK_CLK_unbuffered[0]
    BUFGCTRL_X0Y16       BUFG (Prop_bufg_I_O)         0.029     0.366 r  design_1_i/processing_system7_0/inst/buffer_fclk_clk_0.FCLK_CLK_0_BUFG/O
                         net (fo=26320, routed)       0.886     1.252    design_1_i/smartconnect_0/inst/s00_nodes/s00_ar_node/inst/s_sc_xpm_cdc_async_rst_inst/dest_clk
    SLICE_X5Y32          FDCE                                         r  design_1_i/smartconnect_0/inst/s00_nodes/s00_ar_node/inst/s_sc_xpm_cdc_async_rst_inst/arststages_ff_reg[2]/C

Slack:                    inf
  Source:                 design_1_i/smartconnect_0/inst/clk_map/psr_aclk/U0/ACTIVE_LOW_BSR_OUT_DFF[0].FDRE_BSR_N/C
                            (rising edge-triggered cell FDRE clocked by clk_fpga_0  {rise@0.000ns fall@10.000ns period=20.000ns})
  Destination:            design_1_i/smartconnect_0/inst/s00_nodes/s00_aw_node/inst/s_sc_xpm_cdc_async_rst_inst/arststages_ff_reg[0]/CLR
                            (removal check against rising-edge clock clk_fpga_0  {rise@0.000ns fall@10.000ns period=20.000ns})
  Path Group:             (none)
  Path Type:              Removal (Min at Fast Process Corner)
  Data Path Delay:        0.701ns  (logic 0.208ns (29.680%)  route 0.493ns (70.320%))
  Logic Levels:           1  (LUT1=1)
  Clock Path Skew:        0.299ns (DCD - SCD - CPR)
    Destination Clock Delay (DCD):    1.252ns
    Source Clock Delay      (SCD):    0.953ns
    Clock Pessimism Removal (CPR):    -0.000ns
  Clock Uncertainty:      0.302ns  ((TSJ^2 + TIJ^2)^1/2 + DJ) / 2 + PE
    Total System Jitter     (TSJ):    0.071ns
    Total Input Jitter      (TIJ):    0.600ns
    Discrete Jitter          (DJ):    0.000ns
    Phase Error              (PE):    0.000ns
  Timing Exception:       False Path

    Location             Delay type                Incr(ns)  Path(ns)    Netlist Resource(s)
  -------------------------------------------------------------------    -------------------
                         (clock clk_fpga_0 rise edge)
                                                      0.000     0.000 r  
    PS7_X0Y0             PS7                          0.000     0.000 r  design_1_i/processing_system7_0/inst/PS7_i/FCLKCLK[0]
                         net (fo=1, routed)           0.310     0.310    design_1_i/processing_system7_0/inst/FCLK_CLK_unbuffered[0]
    BUFGCTRL_X0Y16       BUFG (Prop_bufg_I_O)         0.026     0.336 r  design_1_i/processing_system7_0/inst/buffer_fclk_clk_0.FCLK_CLK_0_BUFG/O
                         net (fo=26320, routed)       0.617     0.953    design_1_i/smartconnect_0/inst/clk_map/psr_aclk/U0/aclk
    SLICE_X0Y30          FDRE                                         r  design_1_i/smartconnect_0/inst/clk_map/psr_aclk/U0/ACTIVE_LOW_BSR_OUT_DFF[0].FDRE_BSR_N/C
  -------------------------------------------------------------------    -------------------
    SLICE_X0Y30          FDRE (Prop_fdre_C_Q)         0.164     1.117 r  design_1_i/smartconnect_0/inst/clk_map/psr_aclk/U0/ACTIVE_LOW_BSR_OUT_DFF[0].FDRE_BSR_N/Q
                         net (fo=9, routed)           0.304     1.421    design_1_i/smartconnect_0/inst/s00_nodes/s00_aw_node/inst/s_sc_xpm_cdc_async_rst_inst/src_arst
    SLICE_X1Y31          LUT1 (Prop_lut1_I0_O)        0.044     1.465 f  design_1_i/smartconnect_0/inst/s00_nodes/s00_aw_node/inst/s_sc_xpm_cdc_async_rst_inst/arststages_ff[2]_i_1/O
                         net (fo=3, routed)           0.189     1.653    design_1_i/smartconnect_0/inst/s00_nodes/s00_aw_node/inst/s_sc_xpm_cdc_async_rst_inst/reset_pol
    SLICE_X1Y31          FDCE                                         f  design_1_i/smartconnect_0/inst/s00_nodes/s00_aw_node/inst/s_sc_xpm_cdc_async_rst_inst/arststages_ff_reg[0]/CLR
  -------------------------------------------------------------------    -------------------

                         (clock clk_fpga_0 rise edge)
                                                      0.000     0.000 r  
    PS7_X0Y0             PS7                          0.000     0.000 r  design_1_i/processing_system7_0/inst/PS7_i/FCLKCLK[0]
                         net (fo=1, routed)           0.337     0.337    design_1_i/processing_system7_0/inst/FCLK_CLK_unbuffered[0]
    BUFGCTRL_X0Y16       BUFG (Prop_bufg_I_O)         0.029     0.366 r  design_1_i/processing_system7_0/inst/buffer_fclk_clk_0.FCLK_CLK_0_BUFG/O
                         net (fo=26320, routed)       0.886     1.252    design_1_i/smartconnect_0/inst/s00_nodes/s00_aw_node/inst/s_sc_xpm_cdc_async_rst_inst/dest_clk
    SLICE_X1Y31          FDCE                                         r  design_1_i/smartconnect_0/inst/s00_nodes/s00_aw_node/inst/s_sc_xpm_cdc_async_rst_inst/arststages_ff_reg[0]/C

Slack:                    inf
  Source:                 design_1_i/smartconnect_0/inst/clk_map/psr_aclk/U0/ACTIVE_LOW_BSR_OUT_DFF[0].FDRE_BSR_N/C
                            (rising edge-triggered cell FDRE clocked by clk_fpga_0  {rise@0.000ns fall@10.000ns period=20.000ns})
  Destination:            design_1_i/smartconnect_0/inst/s00_nodes/s00_aw_node/inst/s_sc_xpm_cdc_async_rst_inst/arststages_ff_reg[1]/CLR
                            (removal check against rising-edge clock clk_fpga_0  {rise@0.000ns fall@10.000ns period=20.000ns})
  Path Group:             (none)
  Path Type:              Removal (Min at Fast Process Corner)
  Data Path Delay:        0.701ns  (logic 0.208ns (29.680%)  route 0.493ns (70.320%))
  Logic Levels:           1  (LUT1=1)
  Clock Path Skew:        0.299ns (DCD - SCD - CPR)
    Destination Clock Delay (DCD):    1.252ns
    Source Clock Delay      (SCD):    0.953ns
    Clock Pessimism Removal (CPR):    -0.000ns
  Clock Uncertainty:      0.302ns  ((TSJ^2 + TIJ^2)^1/2 + DJ) / 2 + PE
    Total System Jitter     (TSJ):    0.071ns
    Total Input Jitter      (TIJ):    0.600ns
    Discrete Jitter          (DJ):    0.000ns
    Phase Error              (PE):    0.000ns
  Timing Exception:       False Path

    Location             Delay type                Incr(ns)  Path(ns)    Netlist Resource(s)
  -------------------------------------------------------------------    -------------------
                         (clock clk_fpga_0 rise edge)
                                                      0.000     0.000 r  
    PS7_X0Y0             PS7                          0.000     0.000 r  design_1_i/processing_system7_0/inst/PS7_i/FCLKCLK[0]
                         net (fo=1, routed)           0.310     0.310    design_1_i/processing_system7_0/inst/FCLK_CLK_unbuffered[0]
    BUFGCTRL_X0Y16       BUFG (Prop_bufg_I_O)         0.026     0.336 r  design_1_i/processing_system7_0/inst/buffer_fclk_clk_0.FCLK_CLK_0_BUFG/O
                         net (fo=26320, routed)       0.617     0.953    design_1_i/smartconnect_0/inst/clk_map/psr_aclk/U0/aclk
    SLICE_X0Y30          FDRE                                         r  design_1_i/smartconnect_0/inst/clk_map/psr_aclk/U0/ACTIVE_LOW_BSR_OUT_DFF[0].FDRE_BSR_N/C
  -------------------------------------------------------------------    -------------------
    SLICE_X0Y30          FDRE (Prop_fdre_C_Q)         0.164     1.117 r  design_1_i/smartconnect_0/inst/clk_map/psr_aclk/U0/ACTIVE_LOW_BSR_OUT_DFF[0].FDRE_BSR_N/Q
                         net (fo=9, routed)           0.304     1.421    design_1_i/smartconnect_0/inst/s00_nodes/s00_aw_node/inst/s_sc_xpm_cdc_async_rst_inst/src_arst
    SLICE_X1Y31          LUT1 (Prop_lut1_I0_O)        0.044     1.465 f  design_1_i/smartconnect_0/inst/s00_nodes/s00_aw_node/inst/s_sc_xpm_cdc_async_rst_inst/arststages_ff[2]_i_1/O
                         net (fo=3, routed)           0.189     1.653    design_1_i/smartconnect_0/inst/s00_nodes/s00_aw_node/inst/s_sc_xpm_cdc_async_rst_inst/reset_pol
    SLICE_X1Y31          FDCE                                         f  design_1_i/smartconnect_0/inst/s00_nodes/s00_aw_node/inst/s_sc_xpm_cdc_async_rst_inst/arststages_ff_reg[1]/CLR
  -------------------------------------------------------------------    -------------------

                         (clock clk_fpga_0 rise edge)
                                                      0.000     0.000 r  
    PS7_X0Y0             PS7                          0.000     0.000 r  design_1_i/processing_system7_0/inst/PS7_i/FCLKCLK[0]
                         net (fo=1, routed)           0.337     0.337    design_1_i/processing_system7_0/inst/FCLK_CLK_unbuffered[0]
    BUFGCTRL_X0Y16       BUFG (Prop_bufg_I_O)         0.029     0.366 r  design_1_i/processing_system7_0/inst/buffer_fclk_clk_0.FCLK_CLK_0_BUFG/O
                         net (fo=26320, routed)       0.886     1.252    design_1_i/smartconnect_0/inst/s00_nodes/s00_aw_node/inst/s_sc_xpm_cdc_async_rst_inst/dest_clk
    SLICE_X1Y31          FDCE                                         r  design_1_i/smartconnect_0/inst/s00_nodes/s00_aw_node/inst/s_sc_xpm_cdc_async_rst_inst/arststages_ff_reg[1]/C

Slack:                    inf
  Source:                 design_1_i/smartconnect_0/inst/clk_map/psr_aclk/U0/ACTIVE_LOW_BSR_OUT_DFF[0].FDRE_BSR_N/C
                            (rising edge-triggered cell FDRE clocked by clk_fpga_0  {rise@0.000ns fall@10.000ns period=20.000ns})
  Destination:            design_1_i/smartconnect_0/inst/s00_nodes/s00_aw_node/inst/s_sc_xpm_cdc_async_rst_inst/arststages_ff_reg[2]/CLR
                            (removal check against rising-edge clock clk_fpga_0  {rise@0.000ns fall@10.000ns period=20.000ns})
  Path Group:             (none)
  Path Type:              Removal (Min at Fast Process Corner)
  Data Path Delay:        0.701ns  (logic 0.208ns (29.680%)  route 0.493ns (70.320%))
  Logic Levels:           1  (LUT1=1)
  Clock Path Skew:        0.299ns (DCD - SCD - CPR)
    Destination Clock Delay (DCD):    1.252ns
    Source Clock Delay      (SCD):    0.953ns
    Clock Pessimism Removal (CPR):    -0.000ns
  Clock Uncertainty:      0.302ns  ((TSJ^2 + TIJ^2)^1/2 + DJ) / 2 + PE
    Total System Jitter     (TSJ):    0.071ns
    Total Input Jitter      (TIJ):    0.600ns
    Discrete Jitter          (DJ):    0.000ns
    Phase Error              (PE):    0.000ns
  Timing Exception:       False Path

    Location             Delay type                Incr(ns)  Path(ns)    Netlist Resource(s)
  -------------------------------------------------------------------    -------------------
                         (clock clk_fpga_0 rise edge)
                                                      0.000     0.000 r  
    PS7_X0Y0             PS7                          0.000     0.000 r  design_1_i/processing_system7_0/inst/PS7_i/FCLKCLK[0]
                         net (fo=1, routed)           0.310     0.310    design_1_i/processing_system7_0/inst/FCLK_CLK_unbuffered[0]
    BUFGCTRL_X0Y16       BUFG (Prop_bufg_I_O)         0.026     0.336 r  design_1_i/processing_system7_0/inst/buffer_fclk_clk_0.FCLK_CLK_0_BUFG/O
                         net (fo=26320, routed)       0.617     0.953    design_1_i/smartconnect_0/inst/clk_map/psr_aclk/U0/aclk
    SLICE_X0Y30          FDRE                                         r  design_1_i/smartconnect_0/inst/clk_map/psr_aclk/U0/ACTIVE_LOW_BSR_OUT_DFF[0].FDRE_BSR_N/C
  -------------------------------------------------------------------    -------------------
    SLICE_X0Y30          FDRE (Prop_fdre_C_Q)         0.164     1.117 r  design_1_i/smartconnect_0/inst/clk_map/psr_aclk/U0/ACTIVE_LOW_BSR_OUT_DFF[0].FDRE_BSR_N/Q
                         net (fo=9, routed)           0.304     1.421    design_1_i/smartconnect_0/inst/s00_nodes/s00_aw_node/inst/s_sc_xpm_cdc_async_rst_inst/src_arst
    SLICE_X1Y31          LUT1 (Prop_lut1_I0_O)        0.044     1.465 f  design_1_i/smartconnect_0/inst/s00_nodes/s00_aw_node/inst/s_sc_xpm_cdc_async_rst_inst/arststages_ff[2]_i_1/O
                         net (fo=3, routed)           0.189     1.653    design_1_i/smartconnect_0/inst/s00_nodes/s00_aw_node/inst/s_sc_xpm_cdc_async_rst_inst/reset_pol
    SLICE_X1Y31          FDCE                                         f  design_1_i/smartconnect_0/inst/s00_nodes/s00_aw_node/inst/s_sc_xpm_cdc_async_rst_inst/arststages_ff_reg[2]/CLR
  -------------------------------------------------------------------    -------------------

                         (clock clk_fpga_0 rise edge)
                                                      0.000     0.000 r  
    PS7_X0Y0             PS7                          0.000     0.000 r  design_1_i/processing_system7_0/inst/PS7_i/FCLKCLK[0]
                         net (fo=1, routed)           0.337     0.337    design_1_i/processing_system7_0/inst/FCLK_CLK_unbuffered[0]
    BUFGCTRL_X0Y16       BUFG (Prop_bufg_I_O)         0.029     0.366 r  design_1_i/processing_system7_0/inst/buffer_fclk_clk_0.FCLK_CLK_0_BUFG/O
                         net (fo=26320, routed)       0.886     1.252    design_1_i/smartconnect_0/inst/s00_nodes/s00_aw_node/inst/s_sc_xpm_cdc_async_rst_inst/dest_clk
    SLICE_X1Y31          FDCE                                         r  design_1_i/smartconnect_0/inst/s00_nodes/s00_aw_node/inst/s_sc_xpm_cdc_async_rst_inst/arststages_ff_reg[2]/C





--------------------------------------------------------------------------------------
Path Group:  (none)
From Clock:  
  To Clock:  clk_fpga_0

Max Delay            60 Endpoints
Min Delay            60 Endpoints
--------------------------------------------------------------------------------------


Max Delay Paths
--------------------------------------------------------------------------------------
Slack:                    inf
  Source:                 design_1_i/conv_bn_relu_0/inst/fmul_32ns_32ns_32_4_max_dsp_1_U2/conv_bn_relu_fmul_32ns_32ns_32_4_max_dsp_1_ip_u/inst/i_synth/MULT.OP/i_non_prim.MULT/DSP48E1_SPD_SGL_VARIANT.FIX_MULT/DSP1/i_no_versal_es1_workaround.DSP/ACOUT[0]
                            (internal pin)
  Destination:            design_1_i/conv_bn_relu_0/inst/fmul_32ns_32ns_32_4_max_dsp_1_U2/conv_bn_relu_fmul_32ns_32ns_32_4_max_dsp_1_ip_u/inst/i_synth/MULT.OP/i_non_prim.MULT/DSP48E1_SPD_SGL_VARIANT.FIX_MULT/DSP2/i_no_versal_es1_workaround.DSP/ACIN[0]
                            (rising edge-triggered cell DSP48E1 clocked by clk_fpga_0  {rise@0.000ns fall@10.000ns period=20.000ns})
  Path Group:             (none)
  Path Type:              Setup (Max at Slow Process Corner)
  Data Path Delay:        0.002ns  (logic 0.000ns (0.000%)  route 0.002ns (100.000%))
  Logic Levels:           0  
  Clock Uncertainty:      0.301ns  ((TSJ^2 + TIJ^2)^1/2 + DJ) / 2 + PE
    Total System Jitter     (TSJ):    0.050ns
    Total Input Jitter      (TIJ):    0.600ns
    Discrete Jitter          (DJ):    0.000ns
    Phase Error              (PE):    0.000ns

    Location             Delay type                Incr(ns)  Path(ns)    Netlist Resource(s)
  -------------------------------------------------------------------    -------------------
    DSP48_X2Y0           DSP48E1                      0.000     0.000 r  design_1_i/conv_bn_relu_0/inst/fmul_32ns_32ns_32_4_max_dsp_1_U2/conv_bn_relu_fmul_32ns_32ns_32_4_max_dsp_1_ip_u/inst/i_synth/MULT.OP/i_non_prim.MULT/DSP48E1_SPD_SGL_VARIANT.FIX_MULT/DSP1/i_no_versal_es1_workaround.DSP/ACOUT[0]
                         net (fo=1, routed)           0.002     0.002    design_1_i/conv_bn_relu_0/inst/fmul_32ns_32ns_32_4_max_dsp_1_U2/conv_bn_relu_fmul_32ns_32ns_32_4_max_dsp_1_ip_u/inst/i_synth/MULT.OP/i_non_prim.MULT/DSP48E1_SPD_SGL_VARIANT.FIX_MULT/DSP2/ACOUT[0]
    DSP48_X2Y1           DSP48E1                                      r  design_1_i/conv_bn_relu_0/inst/fmul_32ns_32ns_32_4_max_dsp_1_U2/conv_bn_relu_fmul_32ns_32ns_32_4_max_dsp_1_ip_u/inst/i_synth/MULT.OP/i_non_prim.MULT/DSP48E1_SPD_SGL_VARIANT.FIX_MULT/DSP2/i_no_versal_es1_workaround.DSP/ACIN[0]
  -------------------------------------------------------------------    -------------------

                         (clock clk_fpga_0 rise edge)
                                                      0.000     0.000 r  
    PS7_X0Y0             PS7                          0.000     0.000 r  design_1_i/processing_system7_0/inst/PS7_i/FCLKCLK[0]
                         net (fo=1, routed)           0.905     0.905    design_1_i/processing_system7_0/inst/FCLK_CLK_unbuffered[0]
    BUFGCTRL_X0Y16       BUFG (Prop_bufg_I_O)         0.077     0.982 r  design_1_i/processing_system7_0/inst/buffer_fclk_clk_0.FCLK_CLK_0_BUFG/O
                         net (fo=26320, routed)       1.335     2.318    design_1_i/conv_bn_relu_0/inst/fmul_32ns_32ns_32_4_max_dsp_1_U2/conv_bn_relu_fmul_32ns_32ns_32_4_max_dsp_1_ip_u/inst/i_synth/MULT.OP/i_non_prim.MULT/DSP48E1_SPD_SGL_VARIANT.FIX_MULT/DSP2/aclk
    DSP48_X2Y1           DSP48E1                                      r  design_1_i/conv_bn_relu_0/inst/fmul_32ns_32ns_32_4_max_dsp_1_U2/conv_bn_relu_fmul_32ns_32ns_32_4_max_dsp_1_ip_u/inst/i_synth/MULT.OP/i_non_prim.MULT/DSP48E1_SPD_SGL_VARIANT.FIX_MULT/DSP2/i_no_versal_es1_workaround.DSP/CLK

Slack:                    inf
  Source:                 design_1_i/conv_bn_relu_0/inst/fmul_32ns_32ns_32_4_max_dsp_1_U2/conv_bn_relu_fmul_32ns_32ns_32_4_max_dsp_1_ip_u/inst/i_synth/MULT.OP/i_non_prim.MULT/DSP48E1_SPD_SGL_VARIANT.FIX_MULT/DSP1/i_no_versal_es1_workaround.DSP/ACOUT[10]
                            (internal pin)
  Destination:            design_1_i/conv_bn_relu_0/inst/fmul_32ns_32ns_32_4_max_dsp_1_U2/conv_bn_relu_fmul_32ns_32ns_32_4_max_dsp_1_ip_u/inst/i_synth/MULT.OP/i_non_prim.MULT/DSP48E1_SPD_SGL_VARIANT.FIX_MULT/DSP2/i_no_versal_es1_workaround.DSP/ACIN[10]
                            (rising edge-triggered cell DSP48E1 clocked by clk_fpga_0  {rise@0.000ns fall@10.000ns period=20.000ns})
  Path Group:             (none)
  Path Type:              Setup (Max at Slow Process Corner)
  Data Path Delay:        0.002ns  (logic 0.000ns (0.000%)  route 0.002ns (100.000%))
  Logic Levels:           0  
  Clock Uncertainty:      0.301ns  ((TSJ^2 + TIJ^2)^1/2 + DJ) / 2 + PE
    Total System Jitter     (TSJ):    0.050ns
    Total Input Jitter      (TIJ):    0.600ns
    Discrete Jitter          (DJ):    0.000ns
    Phase Error              (PE):    0.000ns

    Location             Delay type                Incr(ns)  Path(ns)    Netlist Resource(s)
  -------------------------------------------------------------------    -------------------
    DSP48_X2Y0           DSP48E1                      0.000     0.000 r  design_1_i/conv_bn_relu_0/inst/fmul_32ns_32ns_32_4_max_dsp_1_U2/conv_bn_relu_fmul_32ns_32ns_32_4_max_dsp_1_ip_u/inst/i_synth/MULT.OP/i_non_prim.MULT/DSP48E1_SPD_SGL_VARIANT.FIX_MULT/DSP1/i_no_versal_es1_workaround.DSP/ACOUT[10]
                         net (fo=1, routed)           0.002     0.002    design_1_i/conv_bn_relu_0/inst/fmul_32ns_32ns_32_4_max_dsp_1_U2/conv_bn_relu_fmul_32ns_32ns_32_4_max_dsp_1_ip_u/inst/i_synth/MULT.OP/i_non_prim.MULT/DSP48E1_SPD_SGL_VARIANT.FIX_MULT/DSP2/ACOUT[10]
    DSP48_X2Y1           DSP48E1                                      r  design_1_i/conv_bn_relu_0/inst/fmul_32ns_32ns_32_4_max_dsp_1_U2/conv_bn_relu_fmul_32ns_32ns_32_4_max_dsp_1_ip_u/inst/i_synth/MULT.OP/i_non_prim.MULT/DSP48E1_SPD_SGL_VARIANT.FIX_MULT/DSP2/i_no_versal_es1_workaround.DSP/ACIN[10]
  -------------------------------------------------------------------    -------------------

                         (clock clk_fpga_0 rise edge)
                                                      0.000     0.000 r  
    PS7_X0Y0             PS7                          0.000     0.000 r  design_1_i/processing_system7_0/inst/PS7_i/FCLKCLK[0]
                         net (fo=1, routed)           0.905     0.905    design_1_i/processing_system7_0/inst/FCLK_CLK_unbuffered[0]
    BUFGCTRL_X0Y16       BUFG (Prop_bufg_I_O)         0.077     0.982 r  design_1_i/processing_system7_0/inst/buffer_fclk_clk_0.FCLK_CLK_0_BUFG/O
                         net (fo=26320, routed)       1.335     2.318    design_1_i/conv_bn_relu_0/inst/fmul_32ns_32ns_32_4_max_dsp_1_U2/conv_bn_relu_fmul_32ns_32ns_32_4_max_dsp_1_ip_u/inst/i_synth/MULT.OP/i_non_prim.MULT/DSP48E1_SPD_SGL_VARIANT.FIX_MULT/DSP2/aclk
    DSP48_X2Y1           DSP48E1                                      r  design_1_i/conv_bn_relu_0/inst/fmul_32ns_32ns_32_4_max_dsp_1_U2/conv_bn_relu_fmul_32ns_32ns_32_4_max_dsp_1_ip_u/inst/i_synth/MULT.OP/i_non_prim.MULT/DSP48E1_SPD_SGL_VARIANT.FIX_MULT/DSP2/i_no_versal_es1_workaround.DSP/CLK

Slack:                    inf
  Source:                 design_1_i/conv_bn_relu_0/inst/fmul_32ns_32ns_32_4_max_dsp_1_U2/conv_bn_relu_fmul_32ns_32ns_32_4_max_dsp_1_ip_u/inst/i_synth/MULT.OP/i_non_prim.MULT/DSP48E1_SPD_SGL_VARIANT.FIX_MULT/DSP1/i_no_versal_es1_workaround.DSP/ACOUT[11]
                            (internal pin)
  Destination:            design_1_i/conv_bn_relu_0/inst/fmul_32ns_32ns_32_4_max_dsp_1_U2/conv_bn_relu_fmul_32ns_32ns_32_4_max_dsp_1_ip_u/inst/i_synth/MULT.OP/i_non_prim.MULT/DSP48E1_SPD_SGL_VARIANT.FIX_MULT/DSP2/i_no_versal_es1_workaround.DSP/ACIN[11]
                            (rising edge-triggered cell DSP48E1 clocked by clk_fpga_0  {rise@0.000ns fall@10.000ns period=20.000ns})
  Path Group:             (none)
  Path Type:              Setup (Max at Slow Process Corner)
  Data Path Delay:        0.002ns  (logic 0.000ns (0.000%)  route 0.002ns (100.000%))
  Logic Levels:           0  
  Clock Uncertainty:      0.301ns  ((TSJ^2 + TIJ^2)^1/2 + DJ) / 2 + PE
    Total System Jitter     (TSJ):    0.050ns
    Total Input Jitter      (TIJ):    0.600ns
    Discrete Jitter          (DJ):    0.000ns
    Phase Error              (PE):    0.000ns

    Location             Delay type                Incr(ns)  Path(ns)    Netlist Resource(s)
  -------------------------------------------------------------------    -------------------
    DSP48_X2Y0           DSP48E1                      0.000     0.000 r  design_1_i/conv_bn_relu_0/inst/fmul_32ns_32ns_32_4_max_dsp_1_U2/conv_bn_relu_fmul_32ns_32ns_32_4_max_dsp_1_ip_u/inst/i_synth/MULT.OP/i_non_prim.MULT/DSP48E1_SPD_SGL_VARIANT.FIX_MULT/DSP1/i_no_versal_es1_workaround.DSP/ACOUT[11]
                         net (fo=1, routed)           0.002     0.002    design_1_i/conv_bn_relu_0/inst/fmul_32ns_32ns_32_4_max_dsp_1_U2/conv_bn_relu_fmul_32ns_32ns_32_4_max_dsp_1_ip_u/inst/i_synth/MULT.OP/i_non_prim.MULT/DSP48E1_SPD_SGL_VARIANT.FIX_MULT/DSP2/ACOUT[11]
    DSP48_X2Y1           DSP48E1                                      r  design_1_i/conv_bn_relu_0/inst/fmul_32ns_32ns_32_4_max_dsp_1_U2/conv_bn_relu_fmul_32ns_32ns_32_4_max_dsp_1_ip_u/inst/i_synth/MULT.OP/i_non_prim.MULT/DSP48E1_SPD_SGL_VARIANT.FIX_MULT/DSP2/i_no_versal_es1_workaround.DSP/ACIN[11]
  -------------------------------------------------------------------    -------------------

                         (clock clk_fpga_0 rise edge)
                                                      0.000     0.000 r  
    PS7_X0Y0             PS7                          0.000     0.000 r  design_1_i/processing_system7_0/inst/PS7_i/FCLKCLK[0]
                         net (fo=1, routed)           0.905     0.905    design_1_i/processing_system7_0/inst/FCLK_CLK_unbuffered[0]
    BUFGCTRL_X0Y16       BUFG (Prop_bufg_I_O)         0.077     0.982 r  design_1_i/processing_system7_0/inst/buffer_fclk_clk_0.FCLK_CLK_0_BUFG/O
                         net (fo=26320, routed)       1.335     2.318    design_1_i/conv_bn_relu_0/inst/fmul_32ns_32ns_32_4_max_dsp_1_U2/conv_bn_relu_fmul_32ns_32ns_32_4_max_dsp_1_ip_u/inst/i_synth/MULT.OP/i_non_prim.MULT/DSP48E1_SPD_SGL_VARIANT.FIX_MULT/DSP2/aclk
    DSP48_X2Y1           DSP48E1                                      r  design_1_i/conv_bn_relu_0/inst/fmul_32ns_32ns_32_4_max_dsp_1_U2/conv_bn_relu_fmul_32ns_32ns_32_4_max_dsp_1_ip_u/inst/i_synth/MULT.OP/i_non_prim.MULT/DSP48E1_SPD_SGL_VARIANT.FIX_MULT/DSP2/i_no_versal_es1_workaround.DSP/CLK

Slack:                    inf
  Source:                 design_1_i/conv_bn_relu_0/inst/fmul_32ns_32ns_32_4_max_dsp_1_U2/conv_bn_relu_fmul_32ns_32ns_32_4_max_dsp_1_ip_u/inst/i_synth/MULT.OP/i_non_prim.MULT/DSP48E1_SPD_SGL_VARIANT.FIX_MULT/DSP1/i_no_versal_es1_workaround.DSP/ACOUT[12]
                            (internal pin)
  Destination:            design_1_i/conv_bn_relu_0/inst/fmul_32ns_32ns_32_4_max_dsp_1_U2/conv_bn_relu_fmul_32ns_32ns_32_4_max_dsp_1_ip_u/inst/i_synth/MULT.OP/i_non_prim.MULT/DSP48E1_SPD_SGL_VARIANT.FIX_MULT/DSP2/i_no_versal_es1_workaround.DSP/ACIN[12]
                            (rising edge-triggered cell DSP48E1 clocked by clk_fpga_0  {rise@0.000ns fall@10.000ns period=20.000ns})
  Path Group:             (none)
  Path Type:              Setup (Max at Slow Process Corner)
  Data Path Delay:        0.002ns  (logic 0.000ns (0.000%)  route 0.002ns (100.000%))
  Logic Levels:           0  
  Clock Uncertainty:      0.301ns  ((TSJ^2 + TIJ^2)^1/2 + DJ) / 2 + PE
    Total System Jitter     (TSJ):    0.050ns
    Total Input Jitter      (TIJ):    0.600ns
    Discrete Jitter          (DJ):    0.000ns
    Phase Error              (PE):    0.000ns

    Location             Delay type                Incr(ns)  Path(ns)    Netlist Resource(s)
  -------------------------------------------------------------------    -------------------
    DSP48_X2Y0           DSP48E1                      0.000     0.000 r  design_1_i/conv_bn_relu_0/inst/fmul_32ns_32ns_32_4_max_dsp_1_U2/conv_bn_relu_fmul_32ns_32ns_32_4_max_dsp_1_ip_u/inst/i_synth/MULT.OP/i_non_prim.MULT/DSP48E1_SPD_SGL_VARIANT.FIX_MULT/DSP1/i_no_versal_es1_workaround.DSP/ACOUT[12]
                         net (fo=1, routed)           0.002     0.002    design_1_i/conv_bn_relu_0/inst/fmul_32ns_32ns_32_4_max_dsp_1_U2/conv_bn_relu_fmul_32ns_32ns_32_4_max_dsp_1_ip_u/inst/i_synth/MULT.OP/i_non_prim.MULT/DSP48E1_SPD_SGL_VARIANT.FIX_MULT/DSP2/ACOUT[12]
    DSP48_X2Y1           DSP48E1                                      r  design_1_i/conv_bn_relu_0/inst/fmul_32ns_32ns_32_4_max_dsp_1_U2/conv_bn_relu_fmul_32ns_32ns_32_4_max_dsp_1_ip_u/inst/i_synth/MULT.OP/i_non_prim.MULT/DSP48E1_SPD_SGL_VARIANT.FIX_MULT/DSP2/i_no_versal_es1_workaround.DSP/ACIN[12]
  -------------------------------------------------------------------    -------------------

                         (clock clk_fpga_0 rise edge)
                                                      0.000     0.000 r  
    PS7_X0Y0             PS7                          0.000     0.000 r  design_1_i/processing_system7_0/inst/PS7_i/FCLKCLK[0]
                         net (fo=1, routed)           0.905     0.905    design_1_i/processing_system7_0/inst/FCLK_CLK_unbuffered[0]
    BUFGCTRL_X0Y16       BUFG (Prop_bufg_I_O)         0.077     0.982 r  design_1_i/processing_system7_0/inst/buffer_fclk_clk_0.FCLK_CLK_0_BUFG/O
                         net (fo=26320, routed)       1.335     2.318    design_1_i/conv_bn_relu_0/inst/fmul_32ns_32ns_32_4_max_dsp_1_U2/conv_bn_relu_fmul_32ns_32ns_32_4_max_dsp_1_ip_u/inst/i_synth/MULT.OP/i_non_prim.MULT/DSP48E1_SPD_SGL_VARIANT.FIX_MULT/DSP2/aclk
    DSP48_X2Y1           DSP48E1                                      r  design_1_i/conv_bn_relu_0/inst/fmul_32ns_32ns_32_4_max_dsp_1_U2/conv_bn_relu_fmul_32ns_32ns_32_4_max_dsp_1_ip_u/inst/i_synth/MULT.OP/i_non_prim.MULT/DSP48E1_SPD_SGL_VARIANT.FIX_MULT/DSP2/i_no_versal_es1_workaround.DSP/CLK

Slack:                    inf
  Source:                 design_1_i/conv_bn_relu_0/inst/fmul_32ns_32ns_32_4_max_dsp_1_U2/conv_bn_relu_fmul_32ns_32ns_32_4_max_dsp_1_ip_u/inst/i_synth/MULT.OP/i_non_prim.MULT/DSP48E1_SPD_SGL_VARIANT.FIX_MULT/DSP1/i_no_versal_es1_workaround.DSP/ACOUT[13]
                            (internal pin)
  Destination:            design_1_i/conv_bn_relu_0/inst/fmul_32ns_32ns_32_4_max_dsp_1_U2/conv_bn_relu_fmul_32ns_32ns_32_4_max_dsp_1_ip_u/inst/i_synth/MULT.OP/i_non_prim.MULT/DSP48E1_SPD_SGL_VARIANT.FIX_MULT/DSP2/i_no_versal_es1_workaround.DSP/ACIN[13]
                            (rising edge-triggered cell DSP48E1 clocked by clk_fpga_0  {rise@0.000ns fall@10.000ns period=20.000ns})
  Path Group:             (none)
  Path Type:              Setup (Max at Slow Process Corner)
  Data Path Delay:        0.002ns  (logic 0.000ns (0.000%)  route 0.002ns (100.000%))
  Logic Levels:           0  
  Clock Uncertainty:      0.301ns  ((TSJ^2 + TIJ^2)^1/2 + DJ) / 2 + PE
    Total System Jitter     (TSJ):    0.050ns
    Total Input Jitter      (TIJ):    0.600ns
    Discrete Jitter          (DJ):    0.000ns
    Phase Error              (PE):    0.000ns

    Location             Delay type                Incr(ns)  Path(ns)    Netlist Resource(s)
  -------------------------------------------------------------------    -------------------
    DSP48_X2Y0           DSP48E1                      0.000     0.000 r  design_1_i/conv_bn_relu_0/inst/fmul_32ns_32ns_32_4_max_dsp_1_U2/conv_bn_relu_fmul_32ns_32ns_32_4_max_dsp_1_ip_u/inst/i_synth/MULT.OP/i_non_prim.MULT/DSP48E1_SPD_SGL_VARIANT.FIX_MULT/DSP1/i_no_versal_es1_workaround.DSP/ACOUT[13]
                         net (fo=1, routed)           0.002     0.002    design_1_i/conv_bn_relu_0/inst/fmul_32ns_32ns_32_4_max_dsp_1_U2/conv_bn_relu_fmul_32ns_32ns_32_4_max_dsp_1_ip_u/inst/i_synth/MULT.OP/i_non_prim.MULT/DSP48E1_SPD_SGL_VARIANT.FIX_MULT/DSP2/ACOUT[13]
    DSP48_X2Y1           DSP48E1                                      r  design_1_i/conv_bn_relu_0/inst/fmul_32ns_32ns_32_4_max_dsp_1_U2/conv_bn_relu_fmul_32ns_32ns_32_4_max_dsp_1_ip_u/inst/i_synth/MULT.OP/i_non_prim.MULT/DSP48E1_SPD_SGL_VARIANT.FIX_MULT/DSP2/i_no_versal_es1_workaround.DSP/ACIN[13]
  -------------------------------------------------------------------    -------------------

                         (clock clk_fpga_0 rise edge)
                                                      0.000     0.000 r  
    PS7_X0Y0             PS7                          0.000     0.000 r  design_1_i/processing_system7_0/inst/PS7_i/FCLKCLK[0]
                         net (fo=1, routed)           0.905     0.905    design_1_i/processing_system7_0/inst/FCLK_CLK_unbuffered[0]
    BUFGCTRL_X0Y16       BUFG (Prop_bufg_I_O)         0.077     0.982 r  design_1_i/processing_system7_0/inst/buffer_fclk_clk_0.FCLK_CLK_0_BUFG/O
                         net (fo=26320, routed)       1.335     2.318    design_1_i/conv_bn_relu_0/inst/fmul_32ns_32ns_32_4_max_dsp_1_U2/conv_bn_relu_fmul_32ns_32ns_32_4_max_dsp_1_ip_u/inst/i_synth/MULT.OP/i_non_prim.MULT/DSP48E1_SPD_SGL_VARIANT.FIX_MULT/DSP2/aclk
    DSP48_X2Y1           DSP48E1                                      r  design_1_i/conv_bn_relu_0/inst/fmul_32ns_32ns_32_4_max_dsp_1_U2/conv_bn_relu_fmul_32ns_32ns_32_4_max_dsp_1_ip_u/inst/i_synth/MULT.OP/i_non_prim.MULT/DSP48E1_SPD_SGL_VARIANT.FIX_MULT/DSP2/i_no_versal_es1_workaround.DSP/CLK

Slack:                    inf
  Source:                 design_1_i/conv_bn_relu_0/inst/fmul_32ns_32ns_32_4_max_dsp_1_U2/conv_bn_relu_fmul_32ns_32ns_32_4_max_dsp_1_ip_u/inst/i_synth/MULT.OP/i_non_prim.MULT/DSP48E1_SPD_SGL_VARIANT.FIX_MULT/DSP1/i_no_versal_es1_workaround.DSP/ACOUT[14]
                            (internal pin)
  Destination:            design_1_i/conv_bn_relu_0/inst/fmul_32ns_32ns_32_4_max_dsp_1_U2/conv_bn_relu_fmul_32ns_32ns_32_4_max_dsp_1_ip_u/inst/i_synth/MULT.OP/i_non_prim.MULT/DSP48E1_SPD_SGL_VARIANT.FIX_MULT/DSP2/i_no_versal_es1_workaround.DSP/ACIN[14]
                            (rising edge-triggered cell DSP48E1 clocked by clk_fpga_0  {rise@0.000ns fall@10.000ns period=20.000ns})
  Path Group:             (none)
  Path Type:              Setup (Max at Slow Process Corner)
  Data Path Delay:        0.002ns  (logic 0.000ns (0.000%)  route 0.002ns (100.000%))
  Logic Levels:           0  
  Clock Uncertainty:      0.301ns  ((TSJ^2 + TIJ^2)^1/2 + DJ) / 2 + PE
    Total System Jitter     (TSJ):    0.050ns
    Total Input Jitter      (TIJ):    0.600ns
    Discrete Jitter          (DJ):    0.000ns
    Phase Error              (PE):    0.000ns

    Location             Delay type                Incr(ns)  Path(ns)    Netlist Resource(s)
  -------------------------------------------------------------------    -------------------
    DSP48_X2Y0           DSP48E1                      0.000     0.000 r  design_1_i/conv_bn_relu_0/inst/fmul_32ns_32ns_32_4_max_dsp_1_U2/conv_bn_relu_fmul_32ns_32ns_32_4_max_dsp_1_ip_u/inst/i_synth/MULT.OP/i_non_prim.MULT/DSP48E1_SPD_SGL_VARIANT.FIX_MULT/DSP1/i_no_versal_es1_workaround.DSP/ACOUT[14]
                         net (fo=1, routed)           0.002     0.002    design_1_i/conv_bn_relu_0/inst/fmul_32ns_32ns_32_4_max_dsp_1_U2/conv_bn_relu_fmul_32ns_32ns_32_4_max_dsp_1_ip_u/inst/i_synth/MULT.OP/i_non_prim.MULT/DSP48E1_SPD_SGL_VARIANT.FIX_MULT/DSP2/ACOUT[14]
    DSP48_X2Y1           DSP48E1                                      r  design_1_i/conv_bn_relu_0/inst/fmul_32ns_32ns_32_4_max_dsp_1_U2/conv_bn_relu_fmul_32ns_32ns_32_4_max_dsp_1_ip_u/inst/i_synth/MULT.OP/i_non_prim.MULT/DSP48E1_SPD_SGL_VARIANT.FIX_MULT/DSP2/i_no_versal_es1_workaround.DSP/ACIN[14]
  -------------------------------------------------------------------    -------------------

                         (clock clk_fpga_0 rise edge)
                                                      0.000     0.000 r  
    PS7_X0Y0             PS7                          0.000     0.000 r  design_1_i/processing_system7_0/inst/PS7_i/FCLKCLK[0]
                         net (fo=1, routed)           0.905     0.905    design_1_i/processing_system7_0/inst/FCLK_CLK_unbuffered[0]
    BUFGCTRL_X0Y16       BUFG (Prop_bufg_I_O)         0.077     0.982 r  design_1_i/processing_system7_0/inst/buffer_fclk_clk_0.FCLK_CLK_0_BUFG/O
                         net (fo=26320, routed)       1.335     2.318    design_1_i/conv_bn_relu_0/inst/fmul_32ns_32ns_32_4_max_dsp_1_U2/conv_bn_relu_fmul_32ns_32ns_32_4_max_dsp_1_ip_u/inst/i_synth/MULT.OP/i_non_prim.MULT/DSP48E1_SPD_SGL_VARIANT.FIX_MULT/DSP2/aclk
    DSP48_X2Y1           DSP48E1                                      r  design_1_i/conv_bn_relu_0/inst/fmul_32ns_32ns_32_4_max_dsp_1_U2/conv_bn_relu_fmul_32ns_32ns_32_4_max_dsp_1_ip_u/inst/i_synth/MULT.OP/i_non_prim.MULT/DSP48E1_SPD_SGL_VARIANT.FIX_MULT/DSP2/i_no_versal_es1_workaround.DSP/CLK

Slack:                    inf
  Source:                 design_1_i/conv_bn_relu_0/inst/fmul_32ns_32ns_32_4_max_dsp_1_U2/conv_bn_relu_fmul_32ns_32ns_32_4_max_dsp_1_ip_u/inst/i_synth/MULT.OP/i_non_prim.MULT/DSP48E1_SPD_SGL_VARIANT.FIX_MULT/DSP1/i_no_versal_es1_workaround.DSP/ACOUT[15]
                            (internal pin)
  Destination:            design_1_i/conv_bn_relu_0/inst/fmul_32ns_32ns_32_4_max_dsp_1_U2/conv_bn_relu_fmul_32ns_32ns_32_4_max_dsp_1_ip_u/inst/i_synth/MULT.OP/i_non_prim.MULT/DSP48E1_SPD_SGL_VARIANT.FIX_MULT/DSP2/i_no_versal_es1_workaround.DSP/ACIN[15]
                            (rising edge-triggered cell DSP48E1 clocked by clk_fpga_0  {rise@0.000ns fall@10.000ns period=20.000ns})
  Path Group:             (none)
  Path Type:              Setup (Max at Slow Process Corner)
  Data Path Delay:        0.002ns  (logic 0.000ns (0.000%)  route 0.002ns (100.000%))
  Logic Levels:           0  
  Clock Uncertainty:      0.301ns  ((TSJ^2 + TIJ^2)^1/2 + DJ) / 2 + PE
    Total System Jitter     (TSJ):    0.050ns
    Total Input Jitter      (TIJ):    0.600ns
    Discrete Jitter          (DJ):    0.000ns
    Phase Error              (PE):    0.000ns

    Location             Delay type                Incr(ns)  Path(ns)    Netlist Resource(s)
  -------------------------------------------------------------------    -------------------
    DSP48_X2Y0           DSP48E1                      0.000     0.000 r  design_1_i/conv_bn_relu_0/inst/fmul_32ns_32ns_32_4_max_dsp_1_U2/conv_bn_relu_fmul_32ns_32ns_32_4_max_dsp_1_ip_u/inst/i_synth/MULT.OP/i_non_prim.MULT/DSP48E1_SPD_SGL_VARIANT.FIX_MULT/DSP1/i_no_versal_es1_workaround.DSP/ACOUT[15]
                         net (fo=1, routed)           0.002     0.002    design_1_i/conv_bn_relu_0/inst/fmul_32ns_32ns_32_4_max_dsp_1_U2/conv_bn_relu_fmul_32ns_32ns_32_4_max_dsp_1_ip_u/inst/i_synth/MULT.OP/i_non_prim.MULT/DSP48E1_SPD_SGL_VARIANT.FIX_MULT/DSP2/ACOUT[15]
    DSP48_X2Y1           DSP48E1                                      r  design_1_i/conv_bn_relu_0/inst/fmul_32ns_32ns_32_4_max_dsp_1_U2/conv_bn_relu_fmul_32ns_32ns_32_4_max_dsp_1_ip_u/inst/i_synth/MULT.OP/i_non_prim.MULT/DSP48E1_SPD_SGL_VARIANT.FIX_MULT/DSP2/i_no_versal_es1_workaround.DSP/ACIN[15]
  -------------------------------------------------------------------    -------------------

                         (clock clk_fpga_0 rise edge)
                                                      0.000     0.000 r  
    PS7_X0Y0             PS7                          0.000     0.000 r  design_1_i/processing_system7_0/inst/PS7_i/FCLKCLK[0]
                         net (fo=1, routed)           0.905     0.905    design_1_i/processing_system7_0/inst/FCLK_CLK_unbuffered[0]
    BUFGCTRL_X0Y16       BUFG (Prop_bufg_I_O)         0.077     0.982 r  design_1_i/processing_system7_0/inst/buffer_fclk_clk_0.FCLK_CLK_0_BUFG/O
                         net (fo=26320, routed)       1.335     2.318    design_1_i/conv_bn_relu_0/inst/fmul_32ns_32ns_32_4_max_dsp_1_U2/conv_bn_relu_fmul_32ns_32ns_32_4_max_dsp_1_ip_u/inst/i_synth/MULT.OP/i_non_prim.MULT/DSP48E1_SPD_SGL_VARIANT.FIX_MULT/DSP2/aclk
    DSP48_X2Y1           DSP48E1                                      r  design_1_i/conv_bn_relu_0/inst/fmul_32ns_32ns_32_4_max_dsp_1_U2/conv_bn_relu_fmul_32ns_32ns_32_4_max_dsp_1_ip_u/inst/i_synth/MULT.OP/i_non_prim.MULT/DSP48E1_SPD_SGL_VARIANT.FIX_MULT/DSP2/i_no_versal_es1_workaround.DSP/CLK

Slack:                    inf
  Source:                 design_1_i/conv_bn_relu_0/inst/fmul_32ns_32ns_32_4_max_dsp_1_U2/conv_bn_relu_fmul_32ns_32ns_32_4_max_dsp_1_ip_u/inst/i_synth/MULT.OP/i_non_prim.MULT/DSP48E1_SPD_SGL_VARIANT.FIX_MULT/DSP1/i_no_versal_es1_workaround.DSP/ACOUT[16]
                            (internal pin)
  Destination:            design_1_i/conv_bn_relu_0/inst/fmul_32ns_32ns_32_4_max_dsp_1_U2/conv_bn_relu_fmul_32ns_32ns_32_4_max_dsp_1_ip_u/inst/i_synth/MULT.OP/i_non_prim.MULT/DSP48E1_SPD_SGL_VARIANT.FIX_MULT/DSP2/i_no_versal_es1_workaround.DSP/ACIN[16]
                            (rising edge-triggered cell DSP48E1 clocked by clk_fpga_0  {rise@0.000ns fall@10.000ns period=20.000ns})
  Path Group:             (none)
  Path Type:              Setup (Max at Slow Process Corner)
  Data Path Delay:        0.002ns  (logic 0.000ns (0.000%)  route 0.002ns (100.000%))
  Logic Levels:           0  
  Clock Uncertainty:      0.301ns  ((TSJ^2 + TIJ^2)^1/2 + DJ) / 2 + PE
    Total System Jitter     (TSJ):    0.050ns
    Total Input Jitter      (TIJ):    0.600ns
    Discrete Jitter          (DJ):    0.000ns
    Phase Error              (PE):    0.000ns

    Location             Delay type                Incr(ns)  Path(ns)    Netlist Resource(s)
  -------------------------------------------------------------------    -------------------
    DSP48_X2Y0           DSP48E1                      0.000     0.000 r  design_1_i/conv_bn_relu_0/inst/fmul_32ns_32ns_32_4_max_dsp_1_U2/conv_bn_relu_fmul_32ns_32ns_32_4_max_dsp_1_ip_u/inst/i_synth/MULT.OP/i_non_prim.MULT/DSP48E1_SPD_SGL_VARIANT.FIX_MULT/DSP1/i_no_versal_es1_workaround.DSP/ACOUT[16]
                         net (fo=1, routed)           0.002     0.002    design_1_i/conv_bn_relu_0/inst/fmul_32ns_32ns_32_4_max_dsp_1_U2/conv_bn_relu_fmul_32ns_32ns_32_4_max_dsp_1_ip_u/inst/i_synth/MULT.OP/i_non_prim.MULT/DSP48E1_SPD_SGL_VARIANT.FIX_MULT/DSP2/ACOUT[16]
    DSP48_X2Y1           DSP48E1                                      r  design_1_i/conv_bn_relu_0/inst/fmul_32ns_32ns_32_4_max_dsp_1_U2/conv_bn_relu_fmul_32ns_32ns_32_4_max_dsp_1_ip_u/inst/i_synth/MULT.OP/i_non_prim.MULT/DSP48E1_SPD_SGL_VARIANT.FIX_MULT/DSP2/i_no_versal_es1_workaround.DSP/ACIN[16]
  -------------------------------------------------------------------    -------------------

                         (clock clk_fpga_0 rise edge)
                                                      0.000     0.000 r  
    PS7_X0Y0             PS7                          0.000     0.000 r  design_1_i/processing_system7_0/inst/PS7_i/FCLKCLK[0]
                         net (fo=1, routed)           0.905     0.905    design_1_i/processing_system7_0/inst/FCLK_CLK_unbuffered[0]
    BUFGCTRL_X0Y16       BUFG (Prop_bufg_I_O)         0.077     0.982 r  design_1_i/processing_system7_0/inst/buffer_fclk_clk_0.FCLK_CLK_0_BUFG/O
                         net (fo=26320, routed)       1.335     2.318    design_1_i/conv_bn_relu_0/inst/fmul_32ns_32ns_32_4_max_dsp_1_U2/conv_bn_relu_fmul_32ns_32ns_32_4_max_dsp_1_ip_u/inst/i_synth/MULT.OP/i_non_prim.MULT/DSP48E1_SPD_SGL_VARIANT.FIX_MULT/DSP2/aclk
    DSP48_X2Y1           DSP48E1                                      r  design_1_i/conv_bn_relu_0/inst/fmul_32ns_32ns_32_4_max_dsp_1_U2/conv_bn_relu_fmul_32ns_32ns_32_4_max_dsp_1_ip_u/inst/i_synth/MULT.OP/i_non_prim.MULT/DSP48E1_SPD_SGL_VARIANT.FIX_MULT/DSP2/i_no_versal_es1_workaround.DSP/CLK

Slack:                    inf
  Source:                 design_1_i/conv_bn_relu_0/inst/fmul_32ns_32ns_32_4_max_dsp_1_U2/conv_bn_relu_fmul_32ns_32ns_32_4_max_dsp_1_ip_u/inst/i_synth/MULT.OP/i_non_prim.MULT/DSP48E1_SPD_SGL_VARIANT.FIX_MULT/DSP1/i_no_versal_es1_workaround.DSP/ACOUT[17]
                            (internal pin)
  Destination:            design_1_i/conv_bn_relu_0/inst/fmul_32ns_32ns_32_4_max_dsp_1_U2/conv_bn_relu_fmul_32ns_32ns_32_4_max_dsp_1_ip_u/inst/i_synth/MULT.OP/i_non_prim.MULT/DSP48E1_SPD_SGL_VARIANT.FIX_MULT/DSP2/i_no_versal_es1_workaround.DSP/ACIN[17]
                            (rising edge-triggered cell DSP48E1 clocked by clk_fpga_0  {rise@0.000ns fall@10.000ns period=20.000ns})
  Path Group:             (none)
  Path Type:              Setup (Max at Slow Process Corner)
  Data Path Delay:        0.002ns  (logic 0.000ns (0.000%)  route 0.002ns (100.000%))
  Logic Levels:           0  
  Clock Uncertainty:      0.301ns  ((TSJ^2 + TIJ^2)^1/2 + DJ) / 2 + PE
    Total System Jitter     (TSJ):    0.050ns
    Total Input Jitter      (TIJ):    0.600ns
    Discrete Jitter          (DJ):    0.000ns
    Phase Error              (PE):    0.000ns

    Location             Delay type                Incr(ns)  Path(ns)    Netlist Resource(s)
  -------------------------------------------------------------------    -------------------
    DSP48_X2Y0           DSP48E1                      0.000     0.000 r  design_1_i/conv_bn_relu_0/inst/fmul_32ns_32ns_32_4_max_dsp_1_U2/conv_bn_relu_fmul_32ns_32ns_32_4_max_dsp_1_ip_u/inst/i_synth/MULT.OP/i_non_prim.MULT/DSP48E1_SPD_SGL_VARIANT.FIX_MULT/DSP1/i_no_versal_es1_workaround.DSP/ACOUT[17]
                         net (fo=1, routed)           0.002     0.002    design_1_i/conv_bn_relu_0/inst/fmul_32ns_32ns_32_4_max_dsp_1_U2/conv_bn_relu_fmul_32ns_32ns_32_4_max_dsp_1_ip_u/inst/i_synth/MULT.OP/i_non_prim.MULT/DSP48E1_SPD_SGL_VARIANT.FIX_MULT/DSP2/ACOUT[17]
    DSP48_X2Y1           DSP48E1                                      r  design_1_i/conv_bn_relu_0/inst/fmul_32ns_32ns_32_4_max_dsp_1_U2/conv_bn_relu_fmul_32ns_32ns_32_4_max_dsp_1_ip_u/inst/i_synth/MULT.OP/i_non_prim.MULT/DSP48E1_SPD_SGL_VARIANT.FIX_MULT/DSP2/i_no_versal_es1_workaround.DSP/ACIN[17]
  -------------------------------------------------------------------    -------------------

                         (clock clk_fpga_0 rise edge)
                                                      0.000     0.000 r  
    PS7_X0Y0             PS7                          0.000     0.000 r  design_1_i/processing_system7_0/inst/PS7_i/FCLKCLK[0]
                         net (fo=1, routed)           0.905     0.905    design_1_i/processing_system7_0/inst/FCLK_CLK_unbuffered[0]
    BUFGCTRL_X0Y16       BUFG (Prop_bufg_I_O)         0.077     0.982 r  design_1_i/processing_system7_0/inst/buffer_fclk_clk_0.FCLK_CLK_0_BUFG/O
                         net (fo=26320, routed)       1.335     2.318    design_1_i/conv_bn_relu_0/inst/fmul_32ns_32ns_32_4_max_dsp_1_U2/conv_bn_relu_fmul_32ns_32ns_32_4_max_dsp_1_ip_u/inst/i_synth/MULT.OP/i_non_prim.MULT/DSP48E1_SPD_SGL_VARIANT.FIX_MULT/DSP2/aclk
    DSP48_X2Y1           DSP48E1                                      r  design_1_i/conv_bn_relu_0/inst/fmul_32ns_32ns_32_4_max_dsp_1_U2/conv_bn_relu_fmul_32ns_32ns_32_4_max_dsp_1_ip_u/inst/i_synth/MULT.OP/i_non_prim.MULT/DSP48E1_SPD_SGL_VARIANT.FIX_MULT/DSP2/i_no_versal_es1_workaround.DSP/CLK

Slack:                    inf
  Source:                 design_1_i/conv_bn_relu_0/inst/fmul_32ns_32ns_32_4_max_dsp_1_U2/conv_bn_relu_fmul_32ns_32ns_32_4_max_dsp_1_ip_u/inst/i_synth/MULT.OP/i_non_prim.MULT/DSP48E1_SPD_SGL_VARIANT.FIX_MULT/DSP1/i_no_versal_es1_workaround.DSP/ACOUT[18]
                            (internal pin)
  Destination:            design_1_i/conv_bn_relu_0/inst/fmul_32ns_32ns_32_4_max_dsp_1_U2/conv_bn_relu_fmul_32ns_32ns_32_4_max_dsp_1_ip_u/inst/i_synth/MULT.OP/i_non_prim.MULT/DSP48E1_SPD_SGL_VARIANT.FIX_MULT/DSP2/i_no_versal_es1_workaround.DSP/ACIN[18]
                            (rising edge-triggered cell DSP48E1 clocked by clk_fpga_0  {rise@0.000ns fall@10.000ns period=20.000ns})
  Path Group:             (none)
  Path Type:              Setup (Max at Slow Process Corner)
  Data Path Delay:        0.002ns  (logic 0.000ns (0.000%)  route 0.002ns (100.000%))
  Logic Levels:           0  
  Clock Uncertainty:      0.301ns  ((TSJ^2 + TIJ^2)^1/2 + DJ) / 2 + PE
    Total System Jitter     (TSJ):    0.050ns
    Total Input Jitter      (TIJ):    0.600ns
    Discrete Jitter          (DJ):    0.000ns
    Phase Error              (PE):    0.000ns

    Location             Delay type                Incr(ns)  Path(ns)    Netlist Resource(s)
  -------------------------------------------------------------------    -------------------
    DSP48_X2Y0           DSP48E1                      0.000     0.000 r  design_1_i/conv_bn_relu_0/inst/fmul_32ns_32ns_32_4_max_dsp_1_U2/conv_bn_relu_fmul_32ns_32ns_32_4_max_dsp_1_ip_u/inst/i_synth/MULT.OP/i_non_prim.MULT/DSP48E1_SPD_SGL_VARIANT.FIX_MULT/DSP1/i_no_versal_es1_workaround.DSP/ACOUT[18]
                         net (fo=1, routed)           0.002     0.002    design_1_i/conv_bn_relu_0/inst/fmul_32ns_32ns_32_4_max_dsp_1_U2/conv_bn_relu_fmul_32ns_32ns_32_4_max_dsp_1_ip_u/inst/i_synth/MULT.OP/i_non_prim.MULT/DSP48E1_SPD_SGL_VARIANT.FIX_MULT/DSP2/ACOUT[18]
    DSP48_X2Y1           DSP48E1                                      r  design_1_i/conv_bn_relu_0/inst/fmul_32ns_32ns_32_4_max_dsp_1_U2/conv_bn_relu_fmul_32ns_32ns_32_4_max_dsp_1_ip_u/inst/i_synth/MULT.OP/i_non_prim.MULT/DSP48E1_SPD_SGL_VARIANT.FIX_MULT/DSP2/i_no_versal_es1_workaround.DSP/ACIN[18]
  -------------------------------------------------------------------    -------------------

                         (clock clk_fpga_0 rise edge)
                                                      0.000     0.000 r  
    PS7_X0Y0             PS7                          0.000     0.000 r  design_1_i/processing_system7_0/inst/PS7_i/FCLKCLK[0]
                         net (fo=1, routed)           0.905     0.905    design_1_i/processing_system7_0/inst/FCLK_CLK_unbuffered[0]
    BUFGCTRL_X0Y16       BUFG (Prop_bufg_I_O)         0.077     0.982 r  design_1_i/processing_system7_0/inst/buffer_fclk_clk_0.FCLK_CLK_0_BUFG/O
                         net (fo=26320, routed)       1.335     2.318    design_1_i/conv_bn_relu_0/inst/fmul_32ns_32ns_32_4_max_dsp_1_U2/conv_bn_relu_fmul_32ns_32ns_32_4_max_dsp_1_ip_u/inst/i_synth/MULT.OP/i_non_prim.MULT/DSP48E1_SPD_SGL_VARIANT.FIX_MULT/DSP2/aclk
    DSP48_X2Y1           DSP48E1                                      r  design_1_i/conv_bn_relu_0/inst/fmul_32ns_32ns_32_4_max_dsp_1_U2/conv_bn_relu_fmul_32ns_32ns_32_4_max_dsp_1_ip_u/inst/i_synth/MULT.OP/i_non_prim.MULT/DSP48E1_SPD_SGL_VARIANT.FIX_MULT/DSP2/i_no_versal_es1_workaround.DSP/CLK





Min Delay Paths
--------------------------------------------------------------------------------------
Slack:                    inf
  Source:                 design_1_i/conv_bn_relu_0/inst/fmul_32ns_32ns_32_4_max_dsp_1_U2/conv_bn_relu_fmul_32ns_32ns_32_4_max_dsp_1_ip_u/inst/i_synth/MULT.OP/i_non_prim.MULT/DSP48E1_SPD_SGL_VARIANT.FIX_MULT/DSP1/i_no_versal_es1_workaround.DSP/ACOUT[0]
                            (internal pin)
  Destination:            design_1_i/conv_bn_relu_0/inst/fmul_32ns_32ns_32_4_max_dsp_1_U2/conv_bn_relu_fmul_32ns_32ns_32_4_max_dsp_1_ip_u/inst/i_synth/MULT.OP/i_non_prim.MULT/DSP48E1_SPD_SGL_VARIANT.FIX_MULT/DSP2/i_no_versal_es1_workaround.DSP/ACIN[0]
                            (rising edge-triggered cell DSP48E1 clocked by clk_fpga_0  {rise@0.000ns fall@10.000ns period=20.000ns})
  Path Group:             (none)
  Path Type:              Hold (Min at Slow Process Corner)
  Data Path Delay:        0.002ns  (logic 0.000ns (0.000%)  route 0.002ns (100.000%))
  Logic Levels:           0  
  Clock Uncertainty:      0.301ns  ((TSJ^2 + TIJ^2)^1/2 + DJ) / 2 + PE
    Total System Jitter     (TSJ):    0.050ns
    Total Input Jitter      (TIJ):    0.600ns
    Discrete Jitter          (DJ):    0.000ns
    Phase Error              (PE):    0.000ns

    Location             Delay type                Incr(ns)  Path(ns)    Netlist Resource(s)
  -------------------------------------------------------------------    -------------------
    DSP48_X2Y0           DSP48E1                      0.000     0.000 r  design_1_i/conv_bn_relu_0/inst/fmul_32ns_32ns_32_4_max_dsp_1_U2/conv_bn_relu_fmul_32ns_32ns_32_4_max_dsp_1_ip_u/inst/i_synth/MULT.OP/i_non_prim.MULT/DSP48E1_SPD_SGL_VARIANT.FIX_MULT/DSP1/i_no_versal_es1_workaround.DSP/ACOUT[0]
                         net (fo=1, routed)           0.002     0.002    design_1_i/conv_bn_relu_0/inst/fmul_32ns_32ns_32_4_max_dsp_1_U2/conv_bn_relu_fmul_32ns_32ns_32_4_max_dsp_1_ip_u/inst/i_synth/MULT.OP/i_non_prim.MULT/DSP48E1_SPD_SGL_VARIANT.FIX_MULT/DSP2/ACOUT[0]
    DSP48_X2Y1           DSP48E1                                      r  design_1_i/conv_bn_relu_0/inst/fmul_32ns_32ns_32_4_max_dsp_1_U2/conv_bn_relu_fmul_32ns_32ns_32_4_max_dsp_1_ip_u/inst/i_synth/MULT.OP/i_non_prim.MULT/DSP48E1_SPD_SGL_VARIANT.FIX_MULT/DSP2/i_no_versal_es1_workaround.DSP/ACIN[0]
  -------------------------------------------------------------------    -------------------

                         (clock clk_fpga_0 rise edge)
                                                      0.000     0.000 r  
    PS7_X0Y0             PS7                          0.000     0.000 r  design_1_i/processing_system7_0/inst/PS7_i/FCLKCLK[0]
                         net (fo=1, routed)           0.994     0.994    design_1_i/processing_system7_0/inst/FCLK_CLK_unbuffered[0]
    BUFGCTRL_X0Y16       BUFG (Prop_bufg_I_O)         0.085     1.079 r  design_1_i/processing_system7_0/inst/buffer_fclk_clk_0.FCLK_CLK_0_BUFG/O
                         net (fo=26320, routed)       1.492     2.571    design_1_i/conv_bn_relu_0/inst/fmul_32ns_32ns_32_4_max_dsp_1_U2/conv_bn_relu_fmul_32ns_32ns_32_4_max_dsp_1_ip_u/inst/i_synth/MULT.OP/i_non_prim.MULT/DSP48E1_SPD_SGL_VARIANT.FIX_MULT/DSP2/aclk
    DSP48_X2Y1           DSP48E1                                      r  design_1_i/conv_bn_relu_0/inst/fmul_32ns_32ns_32_4_max_dsp_1_U2/conv_bn_relu_fmul_32ns_32ns_32_4_max_dsp_1_ip_u/inst/i_synth/MULT.OP/i_non_prim.MULT/DSP48E1_SPD_SGL_VARIANT.FIX_MULT/DSP2/i_no_versal_es1_workaround.DSP/CLK

Slack:                    inf
  Source:                 design_1_i/conv_bn_relu_0/inst/fmul_32ns_32ns_32_4_max_dsp_1_U2/conv_bn_relu_fmul_32ns_32ns_32_4_max_dsp_1_ip_u/inst/i_synth/MULT.OP/i_non_prim.MULT/DSP48E1_SPD_SGL_VARIANT.FIX_MULT/DSP1/i_no_versal_es1_workaround.DSP/ACOUT[10]
                            (internal pin)
  Destination:            design_1_i/conv_bn_relu_0/inst/fmul_32ns_32ns_32_4_max_dsp_1_U2/conv_bn_relu_fmul_32ns_32ns_32_4_max_dsp_1_ip_u/inst/i_synth/MULT.OP/i_non_prim.MULT/DSP48E1_SPD_SGL_VARIANT.FIX_MULT/DSP2/i_no_versal_es1_workaround.DSP/ACIN[10]
                            (rising edge-triggered cell DSP48E1 clocked by clk_fpga_0  {rise@0.000ns fall@10.000ns period=20.000ns})
  Path Group:             (none)
  Path Type:              Hold (Min at Slow Process Corner)
  Data Path Delay:        0.002ns  (logic 0.000ns (0.000%)  route 0.002ns (100.000%))
  Logic Levels:           0  
  Clock Uncertainty:      0.301ns  ((TSJ^2 + TIJ^2)^1/2 + DJ) / 2 + PE
    Total System Jitter     (TSJ):    0.050ns
    Total Input Jitter      (TIJ):    0.600ns
    Discrete Jitter          (DJ):    0.000ns
    Phase Error              (PE):    0.000ns

    Location             Delay type                Incr(ns)  Path(ns)    Netlist Resource(s)
  -------------------------------------------------------------------    -------------------
    DSP48_X2Y0           DSP48E1                      0.000     0.000 r  design_1_i/conv_bn_relu_0/inst/fmul_32ns_32ns_32_4_max_dsp_1_U2/conv_bn_relu_fmul_32ns_32ns_32_4_max_dsp_1_ip_u/inst/i_synth/MULT.OP/i_non_prim.MULT/DSP48E1_SPD_SGL_VARIANT.FIX_MULT/DSP1/i_no_versal_es1_workaround.DSP/ACOUT[10]
                         net (fo=1, routed)           0.002     0.002    design_1_i/conv_bn_relu_0/inst/fmul_32ns_32ns_32_4_max_dsp_1_U2/conv_bn_relu_fmul_32ns_32ns_32_4_max_dsp_1_ip_u/inst/i_synth/MULT.OP/i_non_prim.MULT/DSP48E1_SPD_SGL_VARIANT.FIX_MULT/DSP2/ACOUT[10]
    DSP48_X2Y1           DSP48E1                                      r  design_1_i/conv_bn_relu_0/inst/fmul_32ns_32ns_32_4_max_dsp_1_U2/conv_bn_relu_fmul_32ns_32ns_32_4_max_dsp_1_ip_u/inst/i_synth/MULT.OP/i_non_prim.MULT/DSP48E1_SPD_SGL_VARIANT.FIX_MULT/DSP2/i_no_versal_es1_workaround.DSP/ACIN[10]
  -------------------------------------------------------------------    -------------------

                         (clock clk_fpga_0 rise edge)
                                                      0.000     0.000 r  
    PS7_X0Y0             PS7                          0.000     0.000 r  design_1_i/processing_system7_0/inst/PS7_i/FCLKCLK[0]
                         net (fo=1, routed)           0.994     0.994    design_1_i/processing_system7_0/inst/FCLK_CLK_unbuffered[0]
    BUFGCTRL_X0Y16       BUFG (Prop_bufg_I_O)         0.085     1.079 r  design_1_i/processing_system7_0/inst/buffer_fclk_clk_0.FCLK_CLK_0_BUFG/O
                         net (fo=26320, routed)       1.492     2.571    design_1_i/conv_bn_relu_0/inst/fmul_32ns_32ns_32_4_max_dsp_1_U2/conv_bn_relu_fmul_32ns_32ns_32_4_max_dsp_1_ip_u/inst/i_synth/MULT.OP/i_non_prim.MULT/DSP48E1_SPD_SGL_VARIANT.FIX_MULT/DSP2/aclk
    DSP48_X2Y1           DSP48E1                                      r  design_1_i/conv_bn_relu_0/inst/fmul_32ns_32ns_32_4_max_dsp_1_U2/conv_bn_relu_fmul_32ns_32ns_32_4_max_dsp_1_ip_u/inst/i_synth/MULT.OP/i_non_prim.MULT/DSP48E1_SPD_SGL_VARIANT.FIX_MULT/DSP2/i_no_versal_es1_workaround.DSP/CLK

Slack:                    inf
  Source:                 design_1_i/conv_bn_relu_0/inst/fmul_32ns_32ns_32_4_max_dsp_1_U2/conv_bn_relu_fmul_32ns_32ns_32_4_max_dsp_1_ip_u/inst/i_synth/MULT.OP/i_non_prim.MULT/DSP48E1_SPD_SGL_VARIANT.FIX_MULT/DSP1/i_no_versal_es1_workaround.DSP/ACOUT[11]
                            (internal pin)
  Destination:            design_1_i/conv_bn_relu_0/inst/fmul_32ns_32ns_32_4_max_dsp_1_U2/conv_bn_relu_fmul_32ns_32ns_32_4_max_dsp_1_ip_u/inst/i_synth/MULT.OP/i_non_prim.MULT/DSP48E1_SPD_SGL_VARIANT.FIX_MULT/DSP2/i_no_versal_es1_workaround.DSP/ACIN[11]
                            (rising edge-triggered cell DSP48E1 clocked by clk_fpga_0  {rise@0.000ns fall@10.000ns period=20.000ns})
  Path Group:             (none)
  Path Type:              Hold (Min at Slow Process Corner)
  Data Path Delay:        0.002ns  (logic 0.000ns (0.000%)  route 0.002ns (100.000%))
  Logic Levels:           0  
  Clock Uncertainty:      0.301ns  ((TSJ^2 + TIJ^2)^1/2 + DJ) / 2 + PE
    Total System Jitter     (TSJ):    0.050ns
    Total Input Jitter      (TIJ):    0.600ns
    Discrete Jitter          (DJ):    0.000ns
    Phase Error              (PE):    0.000ns

    Location             Delay type                Incr(ns)  Path(ns)    Netlist Resource(s)
  -------------------------------------------------------------------    -------------------
    DSP48_X2Y0           DSP48E1                      0.000     0.000 r  design_1_i/conv_bn_relu_0/inst/fmul_32ns_32ns_32_4_max_dsp_1_U2/conv_bn_relu_fmul_32ns_32ns_32_4_max_dsp_1_ip_u/inst/i_synth/MULT.OP/i_non_prim.MULT/DSP48E1_SPD_SGL_VARIANT.FIX_MULT/DSP1/i_no_versal_es1_workaround.DSP/ACOUT[11]
                         net (fo=1, routed)           0.002     0.002    design_1_i/conv_bn_relu_0/inst/fmul_32ns_32ns_32_4_max_dsp_1_U2/conv_bn_relu_fmul_32ns_32ns_32_4_max_dsp_1_ip_u/inst/i_synth/MULT.OP/i_non_prim.MULT/DSP48E1_SPD_SGL_VARIANT.FIX_MULT/DSP2/ACOUT[11]
    DSP48_X2Y1           DSP48E1                                      r  design_1_i/conv_bn_relu_0/inst/fmul_32ns_32ns_32_4_max_dsp_1_U2/conv_bn_relu_fmul_32ns_32ns_32_4_max_dsp_1_ip_u/inst/i_synth/MULT.OP/i_non_prim.MULT/DSP48E1_SPD_SGL_VARIANT.FIX_MULT/DSP2/i_no_versal_es1_workaround.DSP/ACIN[11]
  -------------------------------------------------------------------    -------------------

                         (clock clk_fpga_0 rise edge)
                                                      0.000     0.000 r  
    PS7_X0Y0             PS7                          0.000     0.000 r  design_1_i/processing_system7_0/inst/PS7_i/FCLKCLK[0]
                         net (fo=1, routed)           0.994     0.994    design_1_i/processing_system7_0/inst/FCLK_CLK_unbuffered[0]
    BUFGCTRL_X0Y16       BUFG (Prop_bufg_I_O)         0.085     1.079 r  design_1_i/processing_system7_0/inst/buffer_fclk_clk_0.FCLK_CLK_0_BUFG/O
                         net (fo=26320, routed)       1.492     2.571    design_1_i/conv_bn_relu_0/inst/fmul_32ns_32ns_32_4_max_dsp_1_U2/conv_bn_relu_fmul_32ns_32ns_32_4_max_dsp_1_ip_u/inst/i_synth/MULT.OP/i_non_prim.MULT/DSP48E1_SPD_SGL_VARIANT.FIX_MULT/DSP2/aclk
    DSP48_X2Y1           DSP48E1                                      r  design_1_i/conv_bn_relu_0/inst/fmul_32ns_32ns_32_4_max_dsp_1_U2/conv_bn_relu_fmul_32ns_32ns_32_4_max_dsp_1_ip_u/inst/i_synth/MULT.OP/i_non_prim.MULT/DSP48E1_SPD_SGL_VARIANT.FIX_MULT/DSP2/i_no_versal_es1_workaround.DSP/CLK

Slack:                    inf
  Source:                 design_1_i/conv_bn_relu_0/inst/fmul_32ns_32ns_32_4_max_dsp_1_U2/conv_bn_relu_fmul_32ns_32ns_32_4_max_dsp_1_ip_u/inst/i_synth/MULT.OP/i_non_prim.MULT/DSP48E1_SPD_SGL_VARIANT.FIX_MULT/DSP1/i_no_versal_es1_workaround.DSP/ACOUT[12]
                            (internal pin)
  Destination:            design_1_i/conv_bn_relu_0/inst/fmul_32ns_32ns_32_4_max_dsp_1_U2/conv_bn_relu_fmul_32ns_32ns_32_4_max_dsp_1_ip_u/inst/i_synth/MULT.OP/i_non_prim.MULT/DSP48E1_SPD_SGL_VARIANT.FIX_MULT/DSP2/i_no_versal_es1_workaround.DSP/ACIN[12]
                            (rising edge-triggered cell DSP48E1 clocked by clk_fpga_0  {rise@0.000ns fall@10.000ns period=20.000ns})
  Path Group:             (none)
  Path Type:              Hold (Min at Slow Process Corner)
  Data Path Delay:        0.002ns  (logic 0.000ns (0.000%)  route 0.002ns (100.000%))
  Logic Levels:           0  
  Clock Uncertainty:      0.301ns  ((TSJ^2 + TIJ^2)^1/2 + DJ) / 2 + PE
    Total System Jitter     (TSJ):    0.050ns
    Total Input Jitter      (TIJ):    0.600ns
    Discrete Jitter          (DJ):    0.000ns
    Phase Error              (PE):    0.000ns

    Location             Delay type                Incr(ns)  Path(ns)    Netlist Resource(s)
  -------------------------------------------------------------------    -------------------
    DSP48_X2Y0           DSP48E1                      0.000     0.000 r  design_1_i/conv_bn_relu_0/inst/fmul_32ns_32ns_32_4_max_dsp_1_U2/conv_bn_relu_fmul_32ns_32ns_32_4_max_dsp_1_ip_u/inst/i_synth/MULT.OP/i_non_prim.MULT/DSP48E1_SPD_SGL_VARIANT.FIX_MULT/DSP1/i_no_versal_es1_workaround.DSP/ACOUT[12]
                         net (fo=1, routed)           0.002     0.002    design_1_i/conv_bn_relu_0/inst/fmul_32ns_32ns_32_4_max_dsp_1_U2/conv_bn_relu_fmul_32ns_32ns_32_4_max_dsp_1_ip_u/inst/i_synth/MULT.OP/i_non_prim.MULT/DSP48E1_SPD_SGL_VARIANT.FIX_MULT/DSP2/ACOUT[12]
    DSP48_X2Y1           DSP48E1                                      r  design_1_i/conv_bn_relu_0/inst/fmul_32ns_32ns_32_4_max_dsp_1_U2/conv_bn_relu_fmul_32ns_32ns_32_4_max_dsp_1_ip_u/inst/i_synth/MULT.OP/i_non_prim.MULT/DSP48E1_SPD_SGL_VARIANT.FIX_MULT/DSP2/i_no_versal_es1_workaround.DSP/ACIN[12]
  -------------------------------------------------------------------    -------------------

                         (clock clk_fpga_0 rise edge)
                                                      0.000     0.000 r  
    PS7_X0Y0             PS7                          0.000     0.000 r  design_1_i/processing_system7_0/inst/PS7_i/FCLKCLK[0]
                         net (fo=1, routed)           0.994     0.994    design_1_i/processing_system7_0/inst/FCLK_CLK_unbuffered[0]
    BUFGCTRL_X0Y16       BUFG (Prop_bufg_I_O)         0.085     1.079 r  design_1_i/processing_system7_0/inst/buffer_fclk_clk_0.FCLK_CLK_0_BUFG/O
                         net (fo=26320, routed)       1.492     2.571    design_1_i/conv_bn_relu_0/inst/fmul_32ns_32ns_32_4_max_dsp_1_U2/conv_bn_relu_fmul_32ns_32ns_32_4_max_dsp_1_ip_u/inst/i_synth/MULT.OP/i_non_prim.MULT/DSP48E1_SPD_SGL_VARIANT.FIX_MULT/DSP2/aclk
    DSP48_X2Y1           DSP48E1                                      r  design_1_i/conv_bn_relu_0/inst/fmul_32ns_32ns_32_4_max_dsp_1_U2/conv_bn_relu_fmul_32ns_32ns_32_4_max_dsp_1_ip_u/inst/i_synth/MULT.OP/i_non_prim.MULT/DSP48E1_SPD_SGL_VARIANT.FIX_MULT/DSP2/i_no_versal_es1_workaround.DSP/CLK

Slack:                    inf
  Source:                 design_1_i/conv_bn_relu_0/inst/fmul_32ns_32ns_32_4_max_dsp_1_U2/conv_bn_relu_fmul_32ns_32ns_32_4_max_dsp_1_ip_u/inst/i_synth/MULT.OP/i_non_prim.MULT/DSP48E1_SPD_SGL_VARIANT.FIX_MULT/DSP1/i_no_versal_es1_workaround.DSP/ACOUT[13]
                            (internal pin)
  Destination:            design_1_i/conv_bn_relu_0/inst/fmul_32ns_32ns_32_4_max_dsp_1_U2/conv_bn_relu_fmul_32ns_32ns_32_4_max_dsp_1_ip_u/inst/i_synth/MULT.OP/i_non_prim.MULT/DSP48E1_SPD_SGL_VARIANT.FIX_MULT/DSP2/i_no_versal_es1_workaround.DSP/ACIN[13]
                            (rising edge-triggered cell DSP48E1 clocked by clk_fpga_0  {rise@0.000ns fall@10.000ns period=20.000ns})
  Path Group:             (none)
  Path Type:              Hold (Min at Slow Process Corner)
  Data Path Delay:        0.002ns  (logic 0.000ns (0.000%)  route 0.002ns (100.000%))
  Logic Levels:           0  
  Clock Uncertainty:      0.301ns  ((TSJ^2 + TIJ^2)^1/2 + DJ) / 2 + PE
    Total System Jitter     (TSJ):    0.050ns
    Total Input Jitter      (TIJ):    0.600ns
    Discrete Jitter          (DJ):    0.000ns
    Phase Error              (PE):    0.000ns

    Location             Delay type                Incr(ns)  Path(ns)    Netlist Resource(s)
  -------------------------------------------------------------------    -------------------
    DSP48_X2Y0           DSP48E1                      0.000     0.000 r  design_1_i/conv_bn_relu_0/inst/fmul_32ns_32ns_32_4_max_dsp_1_U2/conv_bn_relu_fmul_32ns_32ns_32_4_max_dsp_1_ip_u/inst/i_synth/MULT.OP/i_non_prim.MULT/DSP48E1_SPD_SGL_VARIANT.FIX_MULT/DSP1/i_no_versal_es1_workaround.DSP/ACOUT[13]
                         net (fo=1, routed)           0.002     0.002    design_1_i/conv_bn_relu_0/inst/fmul_32ns_32ns_32_4_max_dsp_1_U2/conv_bn_relu_fmul_32ns_32ns_32_4_max_dsp_1_ip_u/inst/i_synth/MULT.OP/i_non_prim.MULT/DSP48E1_SPD_SGL_VARIANT.FIX_MULT/DSP2/ACOUT[13]
    DSP48_X2Y1           DSP48E1                                      r  design_1_i/conv_bn_relu_0/inst/fmul_32ns_32ns_32_4_max_dsp_1_U2/conv_bn_relu_fmul_32ns_32ns_32_4_max_dsp_1_ip_u/inst/i_synth/MULT.OP/i_non_prim.MULT/DSP48E1_SPD_SGL_VARIANT.FIX_MULT/DSP2/i_no_versal_es1_workaround.DSP/ACIN[13]
  -------------------------------------------------------------------    -------------------

                         (clock clk_fpga_0 rise edge)
                                                      0.000     0.000 r  
    PS7_X0Y0             PS7                          0.000     0.000 r  design_1_i/processing_system7_0/inst/PS7_i/FCLKCLK[0]
                         net (fo=1, routed)           0.994     0.994    design_1_i/processing_system7_0/inst/FCLK_CLK_unbuffered[0]
    BUFGCTRL_X0Y16       BUFG (Prop_bufg_I_O)         0.085     1.079 r  design_1_i/processing_system7_0/inst/buffer_fclk_clk_0.FCLK_CLK_0_BUFG/O
                         net (fo=26320, routed)       1.492     2.571    design_1_i/conv_bn_relu_0/inst/fmul_32ns_32ns_32_4_max_dsp_1_U2/conv_bn_relu_fmul_32ns_32ns_32_4_max_dsp_1_ip_u/inst/i_synth/MULT.OP/i_non_prim.MULT/DSP48E1_SPD_SGL_VARIANT.FIX_MULT/DSP2/aclk
    DSP48_X2Y1           DSP48E1                                      r  design_1_i/conv_bn_relu_0/inst/fmul_32ns_32ns_32_4_max_dsp_1_U2/conv_bn_relu_fmul_32ns_32ns_32_4_max_dsp_1_ip_u/inst/i_synth/MULT.OP/i_non_prim.MULT/DSP48E1_SPD_SGL_VARIANT.FIX_MULT/DSP2/i_no_versal_es1_workaround.DSP/CLK

Slack:                    inf
  Source:                 design_1_i/conv_bn_relu_0/inst/fmul_32ns_32ns_32_4_max_dsp_1_U2/conv_bn_relu_fmul_32ns_32ns_32_4_max_dsp_1_ip_u/inst/i_synth/MULT.OP/i_non_prim.MULT/DSP48E1_SPD_SGL_VARIANT.FIX_MULT/DSP1/i_no_versal_es1_workaround.DSP/ACOUT[14]
                            (internal pin)
  Destination:            design_1_i/conv_bn_relu_0/inst/fmul_32ns_32ns_32_4_max_dsp_1_U2/conv_bn_relu_fmul_32ns_32ns_32_4_max_dsp_1_ip_u/inst/i_synth/MULT.OP/i_non_prim.MULT/DSP48E1_SPD_SGL_VARIANT.FIX_MULT/DSP2/i_no_versal_es1_workaround.DSP/ACIN[14]
                            (rising edge-triggered cell DSP48E1 clocked by clk_fpga_0  {rise@0.000ns fall@10.000ns period=20.000ns})
  Path Group:             (none)
  Path Type:              Hold (Min at Slow Process Corner)
  Data Path Delay:        0.002ns  (logic 0.000ns (0.000%)  route 0.002ns (100.000%))
  Logic Levels:           0  
  Clock Uncertainty:      0.301ns  ((TSJ^2 + TIJ^2)^1/2 + DJ) / 2 + PE
    Total System Jitter     (TSJ):    0.050ns
    Total Input Jitter      (TIJ):    0.600ns
    Discrete Jitter          (DJ):    0.000ns
    Phase Error              (PE):    0.000ns

    Location             Delay type                Incr(ns)  Path(ns)    Netlist Resource(s)
  -------------------------------------------------------------------    -------------------
    DSP48_X2Y0           DSP48E1                      0.000     0.000 r  design_1_i/conv_bn_relu_0/inst/fmul_32ns_32ns_32_4_max_dsp_1_U2/conv_bn_relu_fmul_32ns_32ns_32_4_max_dsp_1_ip_u/inst/i_synth/MULT.OP/i_non_prim.MULT/DSP48E1_SPD_SGL_VARIANT.FIX_MULT/DSP1/i_no_versal_es1_workaround.DSP/ACOUT[14]
                         net (fo=1, routed)           0.002     0.002    design_1_i/conv_bn_relu_0/inst/fmul_32ns_32ns_32_4_max_dsp_1_U2/conv_bn_relu_fmul_32ns_32ns_32_4_max_dsp_1_ip_u/inst/i_synth/MULT.OP/i_non_prim.MULT/DSP48E1_SPD_SGL_VARIANT.FIX_MULT/DSP2/ACOUT[14]
    DSP48_X2Y1           DSP48E1                                      r  design_1_i/conv_bn_relu_0/inst/fmul_32ns_32ns_32_4_max_dsp_1_U2/conv_bn_relu_fmul_32ns_32ns_32_4_max_dsp_1_ip_u/inst/i_synth/MULT.OP/i_non_prim.MULT/DSP48E1_SPD_SGL_VARIANT.FIX_MULT/DSP2/i_no_versal_es1_workaround.DSP/ACIN[14]
  -------------------------------------------------------------------    -------------------

                         (clock clk_fpga_0 rise edge)
                                                      0.000     0.000 r  
    PS7_X0Y0             PS7                          0.000     0.000 r  design_1_i/processing_system7_0/inst/PS7_i/FCLKCLK[0]
                         net (fo=1, routed)           0.994     0.994    design_1_i/processing_system7_0/inst/FCLK_CLK_unbuffered[0]
    BUFGCTRL_X0Y16       BUFG (Prop_bufg_I_O)         0.085     1.079 r  design_1_i/processing_system7_0/inst/buffer_fclk_clk_0.FCLK_CLK_0_BUFG/O
                         net (fo=26320, routed)       1.492     2.571    design_1_i/conv_bn_relu_0/inst/fmul_32ns_32ns_32_4_max_dsp_1_U2/conv_bn_relu_fmul_32ns_32ns_32_4_max_dsp_1_ip_u/inst/i_synth/MULT.OP/i_non_prim.MULT/DSP48E1_SPD_SGL_VARIANT.FIX_MULT/DSP2/aclk
    DSP48_X2Y1           DSP48E1                                      r  design_1_i/conv_bn_relu_0/inst/fmul_32ns_32ns_32_4_max_dsp_1_U2/conv_bn_relu_fmul_32ns_32ns_32_4_max_dsp_1_ip_u/inst/i_synth/MULT.OP/i_non_prim.MULT/DSP48E1_SPD_SGL_VARIANT.FIX_MULT/DSP2/i_no_versal_es1_workaround.DSP/CLK

Slack:                    inf
  Source:                 design_1_i/conv_bn_relu_0/inst/fmul_32ns_32ns_32_4_max_dsp_1_U2/conv_bn_relu_fmul_32ns_32ns_32_4_max_dsp_1_ip_u/inst/i_synth/MULT.OP/i_non_prim.MULT/DSP48E1_SPD_SGL_VARIANT.FIX_MULT/DSP1/i_no_versal_es1_workaround.DSP/ACOUT[15]
                            (internal pin)
  Destination:            design_1_i/conv_bn_relu_0/inst/fmul_32ns_32ns_32_4_max_dsp_1_U2/conv_bn_relu_fmul_32ns_32ns_32_4_max_dsp_1_ip_u/inst/i_synth/MULT.OP/i_non_prim.MULT/DSP48E1_SPD_SGL_VARIANT.FIX_MULT/DSP2/i_no_versal_es1_workaround.DSP/ACIN[15]
                            (rising edge-triggered cell DSP48E1 clocked by clk_fpga_0  {rise@0.000ns fall@10.000ns period=20.000ns})
  Path Group:             (none)
  Path Type:              Hold (Min at Slow Process Corner)
  Data Path Delay:        0.002ns  (logic 0.000ns (0.000%)  route 0.002ns (100.000%))
  Logic Levels:           0  
  Clock Uncertainty:      0.301ns  ((TSJ^2 + TIJ^2)^1/2 + DJ) / 2 + PE
    Total System Jitter     (TSJ):    0.050ns
    Total Input Jitter      (TIJ):    0.600ns
    Discrete Jitter          (DJ):    0.000ns
    Phase Error              (PE):    0.000ns

    Location             Delay type                Incr(ns)  Path(ns)    Netlist Resource(s)
  -------------------------------------------------------------------    -------------------
    DSP48_X2Y0           DSP48E1                      0.000     0.000 r  design_1_i/conv_bn_relu_0/inst/fmul_32ns_32ns_32_4_max_dsp_1_U2/conv_bn_relu_fmul_32ns_32ns_32_4_max_dsp_1_ip_u/inst/i_synth/MULT.OP/i_non_prim.MULT/DSP48E1_SPD_SGL_VARIANT.FIX_MULT/DSP1/i_no_versal_es1_workaround.DSP/ACOUT[15]
                         net (fo=1, routed)           0.002     0.002    design_1_i/conv_bn_relu_0/inst/fmul_32ns_32ns_32_4_max_dsp_1_U2/conv_bn_relu_fmul_32ns_32ns_32_4_max_dsp_1_ip_u/inst/i_synth/MULT.OP/i_non_prim.MULT/DSP48E1_SPD_SGL_VARIANT.FIX_MULT/DSP2/ACOUT[15]
    DSP48_X2Y1           DSP48E1                                      r  design_1_i/conv_bn_relu_0/inst/fmul_32ns_32ns_32_4_max_dsp_1_U2/conv_bn_relu_fmul_32ns_32ns_32_4_max_dsp_1_ip_u/inst/i_synth/MULT.OP/i_non_prim.MULT/DSP48E1_SPD_SGL_VARIANT.FIX_MULT/DSP2/i_no_versal_es1_workaround.DSP/ACIN[15]
  -------------------------------------------------------------------    -------------------

                         (clock clk_fpga_0 rise edge)
                                                      0.000     0.000 r  
    PS7_X0Y0             PS7                          0.000     0.000 r  design_1_i/processing_system7_0/inst/PS7_i/FCLKCLK[0]
                         net (fo=1, routed)           0.994     0.994    design_1_i/processing_system7_0/inst/FCLK_CLK_unbuffered[0]
    BUFGCTRL_X0Y16       BUFG (Prop_bufg_I_O)         0.085     1.079 r  design_1_i/processing_system7_0/inst/buffer_fclk_clk_0.FCLK_CLK_0_BUFG/O
                         net (fo=26320, routed)       1.492     2.571    design_1_i/conv_bn_relu_0/inst/fmul_32ns_32ns_32_4_max_dsp_1_U2/conv_bn_relu_fmul_32ns_32ns_32_4_max_dsp_1_ip_u/inst/i_synth/MULT.OP/i_non_prim.MULT/DSP48E1_SPD_SGL_VARIANT.FIX_MULT/DSP2/aclk
    DSP48_X2Y1           DSP48E1                                      r  design_1_i/conv_bn_relu_0/inst/fmul_32ns_32ns_32_4_max_dsp_1_U2/conv_bn_relu_fmul_32ns_32ns_32_4_max_dsp_1_ip_u/inst/i_synth/MULT.OP/i_non_prim.MULT/DSP48E1_SPD_SGL_VARIANT.FIX_MULT/DSP2/i_no_versal_es1_workaround.DSP/CLK

Slack:                    inf
  Source:                 design_1_i/conv_bn_relu_0/inst/fmul_32ns_32ns_32_4_max_dsp_1_U2/conv_bn_relu_fmul_32ns_32ns_32_4_max_dsp_1_ip_u/inst/i_synth/MULT.OP/i_non_prim.MULT/DSP48E1_SPD_SGL_VARIANT.FIX_MULT/DSP1/i_no_versal_es1_workaround.DSP/ACOUT[16]
                            (internal pin)
  Destination:            design_1_i/conv_bn_relu_0/inst/fmul_32ns_32ns_32_4_max_dsp_1_U2/conv_bn_relu_fmul_32ns_32ns_32_4_max_dsp_1_ip_u/inst/i_synth/MULT.OP/i_non_prim.MULT/DSP48E1_SPD_SGL_VARIANT.FIX_MULT/DSP2/i_no_versal_es1_workaround.DSP/ACIN[16]
                            (rising edge-triggered cell DSP48E1 clocked by clk_fpga_0  {rise@0.000ns fall@10.000ns period=20.000ns})
  Path Group:             (none)
  Path Type:              Hold (Min at Slow Process Corner)
  Data Path Delay:        0.002ns  (logic 0.000ns (0.000%)  route 0.002ns (100.000%))
  Logic Levels:           0  
  Clock Uncertainty:      0.301ns  ((TSJ^2 + TIJ^2)^1/2 + DJ) / 2 + PE
    Total System Jitter     (TSJ):    0.050ns
    Total Input Jitter      (TIJ):    0.600ns
    Discrete Jitter          (DJ):    0.000ns
    Phase Error              (PE):    0.000ns

    Location             Delay type                Incr(ns)  Path(ns)    Netlist Resource(s)
  -------------------------------------------------------------------    -------------------
    DSP48_X2Y0           DSP48E1                      0.000     0.000 r  design_1_i/conv_bn_relu_0/inst/fmul_32ns_32ns_32_4_max_dsp_1_U2/conv_bn_relu_fmul_32ns_32ns_32_4_max_dsp_1_ip_u/inst/i_synth/MULT.OP/i_non_prim.MULT/DSP48E1_SPD_SGL_VARIANT.FIX_MULT/DSP1/i_no_versal_es1_workaround.DSP/ACOUT[16]
                         net (fo=1, routed)           0.002     0.002    design_1_i/conv_bn_relu_0/inst/fmul_32ns_32ns_32_4_max_dsp_1_U2/conv_bn_relu_fmul_32ns_32ns_32_4_max_dsp_1_ip_u/inst/i_synth/MULT.OP/i_non_prim.MULT/DSP48E1_SPD_SGL_VARIANT.FIX_MULT/DSP2/ACOUT[16]
    DSP48_X2Y1           DSP48E1                                      r  design_1_i/conv_bn_relu_0/inst/fmul_32ns_32ns_32_4_max_dsp_1_U2/conv_bn_relu_fmul_32ns_32ns_32_4_max_dsp_1_ip_u/inst/i_synth/MULT.OP/i_non_prim.MULT/DSP48E1_SPD_SGL_VARIANT.FIX_MULT/DSP2/i_no_versal_es1_workaround.DSP/ACIN[16]
  -------------------------------------------------------------------    -------------------

                         (clock clk_fpga_0 rise edge)
                                                      0.000     0.000 r  
    PS7_X0Y0             PS7                          0.000     0.000 r  design_1_i/processing_system7_0/inst/PS7_i/FCLKCLK[0]
                         net (fo=1, routed)           0.994     0.994    design_1_i/processing_system7_0/inst/FCLK_CLK_unbuffered[0]
    BUFGCTRL_X0Y16       BUFG (Prop_bufg_I_O)         0.085     1.079 r  design_1_i/processing_system7_0/inst/buffer_fclk_clk_0.FCLK_CLK_0_BUFG/O
                         net (fo=26320, routed)       1.492     2.571    design_1_i/conv_bn_relu_0/inst/fmul_32ns_32ns_32_4_max_dsp_1_U2/conv_bn_relu_fmul_32ns_32ns_32_4_max_dsp_1_ip_u/inst/i_synth/MULT.OP/i_non_prim.MULT/DSP48E1_SPD_SGL_VARIANT.FIX_MULT/DSP2/aclk
    DSP48_X2Y1           DSP48E1                                      r  design_1_i/conv_bn_relu_0/inst/fmul_32ns_32ns_32_4_max_dsp_1_U2/conv_bn_relu_fmul_32ns_32ns_32_4_max_dsp_1_ip_u/inst/i_synth/MULT.OP/i_non_prim.MULT/DSP48E1_SPD_SGL_VARIANT.FIX_MULT/DSP2/i_no_versal_es1_workaround.DSP/CLK

Slack:                    inf
  Source:                 design_1_i/conv_bn_relu_0/inst/fmul_32ns_32ns_32_4_max_dsp_1_U2/conv_bn_relu_fmul_32ns_32ns_32_4_max_dsp_1_ip_u/inst/i_synth/MULT.OP/i_non_prim.MULT/DSP48E1_SPD_SGL_VARIANT.FIX_MULT/DSP1/i_no_versal_es1_workaround.DSP/ACOUT[17]
                            (internal pin)
  Destination:            design_1_i/conv_bn_relu_0/inst/fmul_32ns_32ns_32_4_max_dsp_1_U2/conv_bn_relu_fmul_32ns_32ns_32_4_max_dsp_1_ip_u/inst/i_synth/MULT.OP/i_non_prim.MULT/DSP48E1_SPD_SGL_VARIANT.FIX_MULT/DSP2/i_no_versal_es1_workaround.DSP/ACIN[17]
                            (rising edge-triggered cell DSP48E1 clocked by clk_fpga_0  {rise@0.000ns fall@10.000ns period=20.000ns})
  Path Group:             (none)
  Path Type:              Hold (Min at Slow Process Corner)
  Data Path Delay:        0.002ns  (logic 0.000ns (0.000%)  route 0.002ns (100.000%))
  Logic Levels:           0  
  Clock Uncertainty:      0.301ns  ((TSJ^2 + TIJ^2)^1/2 + DJ) / 2 + PE
    Total System Jitter     (TSJ):    0.050ns
    Total Input Jitter      (TIJ):    0.600ns
    Discrete Jitter          (DJ):    0.000ns
    Phase Error              (PE):    0.000ns

    Location             Delay type                Incr(ns)  Path(ns)    Netlist Resource(s)
  -------------------------------------------------------------------    -------------------
    DSP48_X2Y0           DSP48E1                      0.000     0.000 r  design_1_i/conv_bn_relu_0/inst/fmul_32ns_32ns_32_4_max_dsp_1_U2/conv_bn_relu_fmul_32ns_32ns_32_4_max_dsp_1_ip_u/inst/i_synth/MULT.OP/i_non_prim.MULT/DSP48E1_SPD_SGL_VARIANT.FIX_MULT/DSP1/i_no_versal_es1_workaround.DSP/ACOUT[17]
                         net (fo=1, routed)           0.002     0.002    design_1_i/conv_bn_relu_0/inst/fmul_32ns_32ns_32_4_max_dsp_1_U2/conv_bn_relu_fmul_32ns_32ns_32_4_max_dsp_1_ip_u/inst/i_synth/MULT.OP/i_non_prim.MULT/DSP48E1_SPD_SGL_VARIANT.FIX_MULT/DSP2/ACOUT[17]
    DSP48_X2Y1           DSP48E1                                      r  design_1_i/conv_bn_relu_0/inst/fmul_32ns_32ns_32_4_max_dsp_1_U2/conv_bn_relu_fmul_32ns_32ns_32_4_max_dsp_1_ip_u/inst/i_synth/MULT.OP/i_non_prim.MULT/DSP48E1_SPD_SGL_VARIANT.FIX_MULT/DSP2/i_no_versal_es1_workaround.DSP/ACIN[17]
  -------------------------------------------------------------------    -------------------

                         (clock clk_fpga_0 rise edge)
                                                      0.000     0.000 r  
    PS7_X0Y0             PS7                          0.000     0.000 r  design_1_i/processing_system7_0/inst/PS7_i/FCLKCLK[0]
                         net (fo=1, routed)           0.994     0.994    design_1_i/processing_system7_0/inst/FCLK_CLK_unbuffered[0]
    BUFGCTRL_X0Y16       BUFG (Prop_bufg_I_O)         0.085     1.079 r  design_1_i/processing_system7_0/inst/buffer_fclk_clk_0.FCLK_CLK_0_BUFG/O
                         net (fo=26320, routed)       1.492     2.571    design_1_i/conv_bn_relu_0/inst/fmul_32ns_32ns_32_4_max_dsp_1_U2/conv_bn_relu_fmul_32ns_32ns_32_4_max_dsp_1_ip_u/inst/i_synth/MULT.OP/i_non_prim.MULT/DSP48E1_SPD_SGL_VARIANT.FIX_MULT/DSP2/aclk
    DSP48_X2Y1           DSP48E1                                      r  design_1_i/conv_bn_relu_0/inst/fmul_32ns_32ns_32_4_max_dsp_1_U2/conv_bn_relu_fmul_32ns_32ns_32_4_max_dsp_1_ip_u/inst/i_synth/MULT.OP/i_non_prim.MULT/DSP48E1_SPD_SGL_VARIANT.FIX_MULT/DSP2/i_no_versal_es1_workaround.DSP/CLK

Slack:                    inf
  Source:                 design_1_i/conv_bn_relu_0/inst/fmul_32ns_32ns_32_4_max_dsp_1_U2/conv_bn_relu_fmul_32ns_32ns_32_4_max_dsp_1_ip_u/inst/i_synth/MULT.OP/i_non_prim.MULT/DSP48E1_SPD_SGL_VARIANT.FIX_MULT/DSP1/i_no_versal_es1_workaround.DSP/ACOUT[18]
                            (internal pin)
  Destination:            design_1_i/conv_bn_relu_0/inst/fmul_32ns_32ns_32_4_max_dsp_1_U2/conv_bn_relu_fmul_32ns_32ns_32_4_max_dsp_1_ip_u/inst/i_synth/MULT.OP/i_non_prim.MULT/DSP48E1_SPD_SGL_VARIANT.FIX_MULT/DSP2/i_no_versal_es1_workaround.DSP/ACIN[18]
                            (rising edge-triggered cell DSP48E1 clocked by clk_fpga_0  {rise@0.000ns fall@10.000ns period=20.000ns})
  Path Group:             (none)
  Path Type:              Hold (Min at Slow Process Corner)
  Data Path Delay:        0.002ns  (logic 0.000ns (0.000%)  route 0.002ns (100.000%))
  Logic Levels:           0  
  Clock Uncertainty:      0.301ns  ((TSJ^2 + TIJ^2)^1/2 + DJ) / 2 + PE
    Total System Jitter     (TSJ):    0.050ns
    Total Input Jitter      (TIJ):    0.600ns
    Discrete Jitter          (DJ):    0.000ns
    Phase Error              (PE):    0.000ns

    Location             Delay type                Incr(ns)  Path(ns)    Netlist Resource(s)
  -------------------------------------------------------------------    -------------------
    DSP48_X2Y0           DSP48E1                      0.000     0.000 r  design_1_i/conv_bn_relu_0/inst/fmul_32ns_32ns_32_4_max_dsp_1_U2/conv_bn_relu_fmul_32ns_32ns_32_4_max_dsp_1_ip_u/inst/i_synth/MULT.OP/i_non_prim.MULT/DSP48E1_SPD_SGL_VARIANT.FIX_MULT/DSP1/i_no_versal_es1_workaround.DSP/ACOUT[18]
                         net (fo=1, routed)           0.002     0.002    design_1_i/conv_bn_relu_0/inst/fmul_32ns_32ns_32_4_max_dsp_1_U2/conv_bn_relu_fmul_32ns_32ns_32_4_max_dsp_1_ip_u/inst/i_synth/MULT.OP/i_non_prim.MULT/DSP48E1_SPD_SGL_VARIANT.FIX_MULT/DSP2/ACOUT[18]
    DSP48_X2Y1           DSP48E1                                      r  design_1_i/conv_bn_relu_0/inst/fmul_32ns_32ns_32_4_max_dsp_1_U2/conv_bn_relu_fmul_32ns_32ns_32_4_max_dsp_1_ip_u/inst/i_synth/MULT.OP/i_non_prim.MULT/DSP48E1_SPD_SGL_VARIANT.FIX_MULT/DSP2/i_no_versal_es1_workaround.DSP/ACIN[18]
  -------------------------------------------------------------------    -------------------

                         (clock clk_fpga_0 rise edge)
                                                      0.000     0.000 r  
    PS7_X0Y0             PS7                          0.000     0.000 r  design_1_i/processing_system7_0/inst/PS7_i/FCLKCLK[0]
                         net (fo=1, routed)           0.994     0.994    design_1_i/processing_system7_0/inst/FCLK_CLK_unbuffered[0]
    BUFGCTRL_X0Y16       BUFG (Prop_bufg_I_O)         0.085     1.079 r  design_1_i/processing_system7_0/inst/buffer_fclk_clk_0.FCLK_CLK_0_BUFG/O
                         net (fo=26320, routed)       1.492     2.571    design_1_i/conv_bn_relu_0/inst/fmul_32ns_32ns_32_4_max_dsp_1_U2/conv_bn_relu_fmul_32ns_32ns_32_4_max_dsp_1_ip_u/inst/i_synth/MULT.OP/i_non_prim.MULT/DSP48E1_SPD_SGL_VARIANT.FIX_MULT/DSP2/aclk
    DSP48_X2Y1           DSP48E1                                      r  design_1_i/conv_bn_relu_0/inst/fmul_32ns_32ns_32_4_max_dsp_1_U2/conv_bn_relu_fmul_32ns_32ns_32_4_max_dsp_1_ip_u/inst/i_synth/MULT.OP/i_non_prim.MULT/DSP48E1_SPD_SGL_VARIANT.FIX_MULT/DSP2/i_no_versal_es1_workaround.DSP/CLK





