INFO-FLOW: Workspace C:/Users/11400/Desktop/shuffletest/HLS/ip9/solution1 opened at Thu Nov 06 11:59:52 +0800 2025
Execute     ap_set_clock -name default -period 10 -default=false 
INFO: [SYN 201-201] Setting up clock 'default' with a period of 10ns.
Execute     set_part xc7z020-clg400-2 
Execute       create_platform xc7z020-clg400-2 -board  
DBG:HLSDevice: Trying to load device library: D:/Xilinx/Vitis_HLS/2022.2\lib\win64.o\xv_hlsvwrap.dll
DBG:HLSDevice: first parts/arch.xml in RDI_DATADIR: D:/Xilinx/Vivado/2022.2/data/parts/arch.xml
DBG:HLSDevice: init success
INFO: [HLS 200-1611] Setting target device to 'xc7z020-clg400-2'
Command       create_platform done; 1.858 sec.
Execute       source D:/Xilinx/Vitis_HLS/2022.2/common/technology/xilinx/common/xilinx.gen 
Execute         source D:/Xilinx/Vitis_HLS/2022.2/common/technology/xilinx/interface/plb46.gen 
Execute         source D:/Xilinx/Vitis_HLS/2022.2/common/technology/xilinx/interface/axi4.gen 
Execute         source D:/Xilinx/Vitis_HLS/2022.2/common/technology/xilinx/interface/nativeAXI4.gen 
Execute           source D:/Xilinx/Vitis_HLS/2022.2/common/technology/xilinx/interface/saxilite.gen 
Execute         source D:/Xilinx/Vitis_HLS/2022.2/common/technology/xilinx/scripts/xilinxcoregen.gen 
Execute         source D:/Xilinx/Vitis_HLS/2022.2/common/technology/xilinx/interface/XilEDKCoreGen.gen 
Execute         source D:/Xilinx/Vitis_HLS/2022.2/common/technology/xilinx/ip/dds_compiler.gen 
Execute         source D:/Xilinx/Vitis_HLS/2022.2/common/technology/xilinx/ip/util.gen 
Execute         source D:/Xilinx/Vitis_HLS/2022.2/common/technology/xilinx/ip/xfft.gen 
Execute         source D:/Xilinx/Vitis_HLS/2022.2/common/technology/xilinx/ip/xfir.gen 
Execute         source D:/Xilinx/Vitis_HLS/2022.2/common/technology/xilinx/DSP48/dsp48.gen 
Execute       ap_part_info -name xc7z020-clg400-2 -data info 
Execute       config_compile -quiet -complex-mul-dsp=0 
Command     set_part done; 1.969 sec.
Execute     send_msg_by_id INFO @200-1505@%s%s  vivado 
INFO: [HLS 200-1505] Using flow_target 'vivado'
Command   open_solution done; 2.049 sec.
Execute   set_part xc7z020clg400-2 
INFO: [HLS 200-1510] Running: set_part xc7z020clg400-2 
Execute     create_platform xc7z020clg400-2 -board  
Execute     source D:/Xilinx/Vitis_HLS/2022.2/common/technology/xilinx/common/xilinx.gen 
Execute       source D:/Xilinx/Vitis_HLS/2022.2/common/technology/xilinx/interface/plb46.gen 
Execute       source D:/Xilinx/Vitis_HLS/2022.2/common/technology/xilinx/interface/axi4.gen 
Execute       source D:/Xilinx/Vitis_HLS/2022.2/common/technology/xilinx/interface/nativeAXI4.gen 
Execute         source D:/Xilinx/Vitis_HLS/2022.2/common/technology/xilinx/interface/saxilite.gen 
Execute       source D:/Xilinx/Vitis_HLS/2022.2/common/technology/xilinx/scripts/xilinxcoregen.gen 
Execute       source D:/Xilinx/Vitis_HLS/2022.2/common/technology/xilinx/interface/XilEDKCoreGen.gen 
Execute       source D:/Xilinx/Vitis_HLS/2022.2/common/technology/xilinx/ip/dds_compiler.gen 
Execute       source D:/Xilinx/Vitis_HLS/2022.2/common/technology/xilinx/ip/util.gen 
Execute       source D:/Xilinx/Vitis_HLS/2022.2/common/technology/xilinx/ip/xfft.gen 
Execute       source D:/Xilinx/Vitis_HLS/2022.2/common/technology/xilinx/ip/xfir.gen 
Execute       source D:/Xilinx/Vitis_HLS/2022.2/common/technology/xilinx/DSP48/dsp48.gen 
Execute     ap_part_info -name xc7z020-clg400-2 -data info 
Execute     config_compile -quiet -complex-mul-dsp=0 
Command   set_part done; 0.128 sec.
Execute   create_clock -period 10 -name default 
INFO: [HLS 200-1510] Running: create_clock -period 10 -name default 
Execute   csynth_design 
INFO: [HLS 200-1510] Running: csynth_design 
Execute     elaborate -effort=medium -skip_syncheck=0 -keep_printf=0 -skip_cdt=0 -skip_transform=0 -ng=0 -g=0 -opt_fp=0 -from_csynth_design=1 
INFO: [HLS 200-111] Finished File checks and directory preparation: CPU user time: 0 seconds. CPU system time: 0 seconds. Elapsed time: 10.138 seconds; current allocated memory: 676.746 MB.
INFO: [HLS 200-10] Analyzing design file '../ip/ip6/conv_bn_relu.cpp' ... 
INFO-FLOW: Compiling one TU...
INFO-FLOW: Handling ../ip/ip6/conv_bn_relu.cpp as C++
Execute       ap_part_info -name xc7z020-clg400-2 -data info 
INFO-FLOW: Running: GCC PP 39
INFO-FLOW: Source preprocessing
Execute       ap_eval exec -ignorestderr D:/Xilinx/Vitis_HLS/2022.2/win64/tools/clang-3.9-csynth/bin/clang ../ip/ip6/conv_bn_relu.cpp -foptimization-record-file=C:/Users/11400/Desktop/shuffletest/HLS/ip9/solution1/.autopilot/db/conv_bn_relu.cpp.clang.diag.yml -mllvm -pass-remarks-missed=reflow|pasta|unroll -mllvm -pass-remarks=reflow|pasta|unroll|inline -fno-limit-debug-info --sysroot D:/Xilinx/Vitis_HLS/2022.2/tps/mingw/8.3.0/win64.o/nt -fhls -fno-exceptions -E -fno-math-errno -c -emit-llvm -mllvm -disable-llvm-optzns -Werror=implicit-function-declaration -Werror=implicit-hls-streams -Werror=return-type -Wpragmas -Wunused-parameter -Wdump-hls-pragmas -Wno-error=dump-hls-pragmas -fno-threadsafe-statics -fno-use-cxa-atexit -std=gnu++14 -target fpga64-xilinx-mingw32 -fno-threadsafe-statics -fno-use-cxa-atexit -D__VITIS_HLS__ -DAESL_SYN -D__SYNTHESIS__ -D__HLS_SYN__ -I D:/Xilinx/Vitis_HLS/2022.2/common/technology/autopilot -I D:/Xilinx/Vitis_HLS/2022.2/common/technology/autopilot/ap_sysc -include etc/autopilot_ssdm_op.h -D__DSP48E1__ -I /usr/include/x86_64-linux-gnu -o C:/Users/11400/Desktop/shuffletest/HLS/ip9/solution1/.autopilot/db/conv_bn_relu.pp.0.cpp {-hls-platform-db-name=D:/Xilinx/Vitis_HLS/2022.2/common/technology\xilinx/common/platform.db} -hls-platform-name=zynq_medium -device-resource-info=BRAM_280.000000_DSP_220.000000_FF_106400.000000_LUT_53200.000000_SLICE_13300.000000_URAM_0.000000 -device-name-info=xc7z020clg400-2 > C:/Users/11400/Desktop/shuffletest/HLS/ip9/solution1/.autopilot/db/conv_bn_relu.cpp.clang.out.log 2> C:/Users/11400/Desktop/shuffletest/HLS/ip9/solution1/.autopilot/db/conv_bn_relu.cpp.clang.err.log 
Command       ap_eval done; 0.415 sec.
INFO-FLOW: Done: GCC PP 39 time: 0.4 seconds per iteration
Execute       set_directive_top conv_bn_relu -name=conv_bn_relu 
Execute       source D:/Xilinx/Vitis_HLS/2022.2/tps/tcl/tcllib1.11.1/yaml/huddle.tcl 
Execute       source D:/Xilinx/Vitis_HLS/2022.2/tps/tcl/tcllib1.11.1/yaml/json2huddle.tcl 
INFO-FLOW: Source syntax check for synthesis
Execute       ap_eval exec -ignorestderr D:/Xilinx/Vitis_HLS/2022.2/win64/tools/clang-3.9-csynth/bin/clang -foptimization-record-file=C:/Users/11400/Desktop/shuffletest/HLS/ip9/solution1/.autopilot/db/clang.diag.yml -mllvm -pass-remarks-missed=reflow|pasta|unroll -mllvm -pass-remarks=reflow|pasta|unroll|inline -fsyntax-only -fhls -target fpga64-xilinx-linux-gnu C:/Users/11400/Desktop/shuffletest/HLS/ip9/solution1/.autopilot/db/conv_bn_relu.pp.0.cpp {-hls-platform-db-name=D:/Xilinx/Vitis_HLS/2022.2/common/technology\xilinx/common/platform.db} -hls-platform-name=zynq_medium -device-resource-info=BRAM_280.000000_DSP_220.000000_FF_106400.000000_LUT_53200.000000_SLICE_13300.000000_URAM_0.000000 -device-name-info=xc7z020clg400-2 > C:/Users/11400/Desktop/shuffletest/HLS/ip9/solution1/.autopilot/db/clang.out.log 2> C:/Users/11400/Desktop/shuffletest/HLS/ip9/solution1/.autopilot/db/clang.err.log 
Command       ap_eval done; 0.512 sec.
Execute       clang_tidy xilinx-systemc-detector -desc systemc-detector C:/Users/11400/Desktop/shuffletest/HLS/ip9/solution1/.autopilot/db/conv_bn_relu.pp.0.cpp std=gnu++14 -target fpga  -directive=C:/Users/11400/Desktop/shuffletest/HLS/ip9/solution1/.autopilot/db/.systemc_flag 
INFO-FLOW: exec D:/Xilinx/Vitis_HLS/2022.2/win64/tools/clang-3.9-csynth/bin/clang-tidy -header-filter=.* --checks=-*,xilinx-systemc-detector -import-directive=C:/Users/11400/Desktop/shuffletest/HLS/ip9/solution1/.autopilot/db/.systemc_flag -fix-errors C:/Users/11400/Desktop/shuffletest/HLS/ip9/solution1/.autopilot/db/conv_bn_relu.pp.0.cpp -- -std=gnu++14 -target fpga -fhls -ferror-limit=0
Command       clang_tidy done; 0.389 sec.
INFO-FLOW: Running: clang-tidy CDT preprocess 39
Execute       clang_tidy xilinx-directive2pragma -desc directive2pragma C:/Users/11400/Desktop/shuffletest/HLS/ip9/solution1/.autopilot/db/conv_bn_relu.pp.0.cpp std=gnu++14 -target fpga  -directive=C:/Users/11400/Desktop/shuffletest/HLS/ip9/solution1/.autopilot/db/all.directive.json 
INFO-FLOW: exec D:/Xilinx/Vitis_HLS/2022.2/win64/tools/clang-3.9-csynth/bin/clang-tidy -header-filter=.* --checks=-*,xilinx-directive2pragma -import-directive=C:/Users/11400/Desktop/shuffletest/HLS/ip9/solution1/.autopilot/db/all.directive.json -fix-errors C:/Users/11400/Desktop/shuffletest/HLS/ip9/solution1/.autopilot/db/conv_bn_relu.pp.0.cpp -- -std=gnu++14 -target fpga -fhls -ferror-limit=0
Command       clang_tidy done; 0.592 sec.
Execute       clang_tidy xilinx-remove-assert -desc remove-assert C:/Users/11400/Desktop/shuffletest/HLS/ip9/solution1/.autopilot/db/conv_bn_relu.pp.0.cpp std=gnu++14 -target fpga  
INFO-FLOW: exec D:/Xilinx/Vitis_HLS/2022.2/win64/tools/clang-3.9-csynth/bin/clang-tidy -header-filter=.* --checks=-*,xilinx-remove-assert -fix-errors C:/Users/11400/Desktop/shuffletest/HLS/ip9/solution1/.autopilot/db/conv_bn_relu.pp.0.cpp -- -std=gnu++14 -target fpga -fhls -ferror-limit=0
Command       clang_tidy done; 0.349 sec.
INFO-FLOW: Done: clang-tidy CDT preprocess 39 time: 0.9 seconds per iteration
INFO-FLOW: Calling xilinx-label-all-loops ... 
INFO-FLOW: Calling xilinx-aggregate-on-hls-vector ... 
Execute       clang_tidy -errorcheck -desc loop-label xilinx-label-all-loops,xilinx-aggregate-on-hls-vector,,xilinx-warn-mayneed-no-ctor-attribute C:/Users/11400/Desktop/shuffletest/HLS/ip9/solution1/.autopilot/db/conv_bn_relu.pp.0.cpp std=gnu++14 -target fpga  
Execute         ap_eval exec -ignorestderr D:/Xilinx/Vitis_HLS/2022.2/win64/tools/clang-3.9-csynth/bin/clang-tidy -export-fixes=C:/Users/11400/Desktop/shuffletest/HLS/ip9/solution1/.autopilot/db/conv_bn_relu.pp.0.cpp.clang-tidy.loop-label.diag.yml -header-filter=.* --checks=-*,xilinx-label-all-loops,xilinx-aggregate-on-hls-vector,,xilinx-warn-mayneed-no-ctor-attribute -fix-errors C:/Users/11400/Desktop/shuffletest/HLS/ip9/solution1/.autopilot/db/conv_bn_relu.pp.0.cpp -- -std=gnu++14 -target fpga -fhls -ferror-limit=0 > C:/Users/11400/Desktop/shuffletest/HLS/ip9/solution1/.autopilot/db/conv_bn_relu.pp.0.cpp.clang-tidy.loop-label.out.log 2> C:/Users/11400/Desktop/shuffletest/HLS/ip9/solution1/.autopilot/db/conv_bn_relu.pp.0.cpp.clang-tidy.loop-label.err.log 
Command         ap_eval done; 0.793 sec.
Execute         source D:/Xilinx/Vitis_HLS/2022.2/tps/tcl/tcllib1.11.1/yaml/yaml.tcl 
Command       clang_tidy done; 0.884 sec.
Execute       ap_eval exec -ignorestderr D:/Xilinx/Vitis_HLS/2022.2/win64/tools/clang-3.9-csynth/bin/xilinx-dataflow-lawyer -export-fixes=C:/Users/11400/Desktop/shuffletest/HLS/ip9/solution1/.autopilot/db/conv_bn_relu.pp.0.cpp.xilinx-dataflow-lawyer.diag.yml C:/Users/11400/Desktop/shuffletest/HLS/ip9/solution1/.autopilot/db/conv_bn_relu.pp.0.cpp -- -std=gnu++14 -target fpga -fhls -ferror-limit=0 -fstrict-dataflow > C:/Users/11400/Desktop/shuffletest/HLS/ip9/solution1/.autopilot/db/conv_bn_relu.pp.0.cpp.xilinx-dataflow-lawyer.out.log 2> C:/Users/11400/Desktop/shuffletest/HLS/ip9/solution1/.autopilot/db/conv_bn_relu.pp.0.cpp.xilinx-dataflow-lawyer.err.log 
Command       ap_eval done; 0.473 sec.
WARNING: [HLS 214-114] Since the only kind of statements allowed in a canonical dataflow region are variable declarations and function calls, the compiler may not be able to correctly handle the region (../ip/ip6/conv_bn_relu.cpp:68:9)
Execute       send_msg_by_id WARNING @200-471@%s%s 1 ../ip/ip6/conv_bn_relu.cpp 
WARNING: [HLS 200-471] Dataflow form checks found 1 issue(s) in file ../ip/ip6/conv_bn_relu.cpp
Execute       ap_part_info -name xc7z020-clg400-2 -data info 
INFO-FLOW: compiling source code to llvm bc
Execute       ap_eval exec -ignorestderr D:/Xilinx/Vitis_HLS/2022.2/win64/tools/clang-3.9-csynth/bin/clang -foptimization-record-file=C:/Users/11400/Desktop/shuffletest/HLS/ip9/solution1/.autopilot/db/conv_bn_relu.pp.0.cpp.clang.diag.yml -mllvm -pass-remarks-missed=reflow|pasta|unroll -mllvm -pass-remarks=reflow|pasta|unroll|inline -fno-limit-debug-info -fhls -flto -fno-exceptions -Wno-error=c++11-narrowing C:/Users/11400/Desktop/shuffletest/HLS/ip9/solution1/.autopilot/db/conv_bn_relu.pp.0.cpp -fno-math-errno -c -emit-llvm -mllvm -disable-llvm-optzns -Werror=implicit-function-declaration -Werror=implicit-hls-streams -Werror=return-type -Wpragmas -Wunused-parameter -Wdump-hls-pragmas -Wno-error=dump-hls-pragmas -fno-threadsafe-statics -fno-use-cxa-atexit -std=gnu++14 -target fpga64-xilinx-linux-gnu -D__VITIS_HLS__ -DAESL_SYN -D__SYNTHESIS__ -D__HLS_SYN__ -I D:/Xilinx/Vitis_HLS/2022.2/common/technology/autopilot -I D:/Xilinx/Vitis_HLS/2022.2/common/technology/autopilot/ap_sysc -include etc/autopilot_ssdm_op.h -D__DSP48E1__ -g -o C:/Users/11400/Desktop/shuffletest/HLS/ip9/solution1/.autopilot/db/conv_bn_relu.bc {-hls-platform-db-name=D:/Xilinx/Vitis_HLS/2022.2/common/technology\xilinx/common/platform.db} -hls-platform-name=zynq_medium -device-resource-info=BRAM_280.000000_DSP_220.000000_FF_106400.000000_LUT_53200.000000_SLICE_13300.000000_URAM_0.000000 -device-name-info=xc7z020clg400-2 > C:/Users/11400/Desktop/shuffletest/HLS/ip9/solution1/.autopilot/db/conv_bn_relu.pp.0.cpp.clang.out.log 2> C:/Users/11400/Desktop/shuffletest/HLS/ip9/solution1/.autopilot/db/conv_bn_relu.pp.0.cpp.clang.err.log 
Command       ap_eval done; 0.645 sec.
INFO: [HLS 200-111] Finished Source Code Analysis and Preprocessing: CPU user time: 0 seconds. CPU system time: 0 seconds. Elapsed time: 4.518 seconds; current allocated memory: 676.746 MB.
INFO-FLOW: Linking Debug ...
INFO-FLOW: Linking dut bc code.
Execute       run_link_or_opt -out C:/Users/11400/Desktop/shuffletest/HLS/ip9/solution1/.autopilot/db/a.g.ld.0.bc -args  "C:/Users/11400/Desktop/shuffletest/HLS/ip9/solution1/.autopilot/db/conv_bn_relu.g.bc"  
Execute         ap_eval exec -ignorestderr D:/Xilinx/Vitis_HLS/2022.2/win64/tools/clang-3.9-csynth/bin/llvm-link C:/Users/11400/Desktop/shuffletest/HLS/ip9/solution1/.autopilot/db/conv_bn_relu.g.bc -o C:/Users/11400/Desktop/shuffletest/HLS/ip9/solution1/.autopilot/db/a.g.ld.0.bc > C:/Users/11400/Desktop/shuffletest/HLS/ip9/solution1/.autopilot/db/a.g.ld.0.bc.llvm-link.out.log 2> C:/Users/11400/Desktop/shuffletest/HLS/ip9/solution1/.autopilot/db/a.g.ld.0.bc.llvm-link.err.log 
INFO-FLOW: 
Execute       run_link_or_opt -opt -out C:/Users/11400/Desktop/shuffletest/HLS/ip9/solution1/.autopilot/db/a.g.ld.1.lower.bc -args C:/Users/11400/Desktop/shuffletest/HLS/ip9/solution1/.autopilot/db/a.g.ld.0.bc -reflow-lower-math-intrinsics 
Execute         ap_eval exec -ignorestderr D:/Xilinx/Vitis_HLS/2022.2/win64/tools/clang-3.9-csynth/bin/opt -pass-remarks-missed=reflow|pasta|unroll -pass-remarks=reflow|pasta|unroll|inline -pass-remarks-output=C:/Users/11400/Desktop/shuffletest/HLS/ip9/solution1/.autopilot/db/a.g.ld.1.lower.bc.opt.diag.yml C:/Users/11400/Desktop/shuffletest/HLS/ip9/solution1/.autopilot/db/a.g.ld.0.bc -reflow-lower-math-intrinsics -o C:/Users/11400/Desktop/shuffletest/HLS/ip9/solution1/.autopilot/db/a.g.ld.1.lower.bc > C:/Users/11400/Desktop/shuffletest/HLS/ip9/solution1/.autopilot/db/a.g.ld.1.lower.bc.opt.out.log 2> C:/Users/11400/Desktop/shuffletest/HLS/ip9/solution1/.autopilot/db/a.g.ld.1.lower.bc.opt.err.log 
Command         ap_eval done; 0.114 sec.
INFO-FLOW: 
Command       run_link_or_opt done; 0.117 sec.
INFO-FLOW: Linking math bc lib
Execute       run_link_or_opt -out C:/Users/11400/Desktop/shuffletest/HLS/ip9/solution1/.autopilot/db/a.g.ld.2.m1.bc -args C:/Users/11400/Desktop/shuffletest/HLS/ip9/solution1/.autopilot/db/a.g.ld.1.lower.bc -only-needed D:/Xilinx/Vitis_HLS/2022.2/win64/lib/libhlsm_39.bc D:/Xilinx/Vitis_HLS/2022.2/win64/lib/libhlsmc++_39.bc 
Execute         ap_eval exec -ignorestderr D:/Xilinx/Vitis_HLS/2022.2/win64/tools/clang-3.9-csynth/bin/llvm-link C:/Users/11400/Desktop/shuffletest/HLS/ip9/solution1/.autopilot/db/a.g.ld.1.lower.bc -only-needed D:/Xilinx/Vitis_HLS/2022.2/win64/lib/libhlsm_39.bc D:/Xilinx/Vitis_HLS/2022.2/win64/lib/libhlsmc++_39.bc -o C:/Users/11400/Desktop/shuffletest/HLS/ip9/solution1/.autopilot/db/a.g.ld.2.m1.bc > C:/Users/11400/Desktop/shuffletest/HLS/ip9/solution1/.autopilot/db/a.g.ld.2.m1.bc.llvm-link.out.log 2> C:/Users/11400/Desktop/shuffletest/HLS/ip9/solution1/.autopilot/db/a.g.ld.2.m1.bc.llvm-link.err.log 
Command         ap_eval done; 2.127 sec.
INFO-FLOW: 
Command       run_link_or_opt done; 2.129 sec.
Execute       run_link_or_opt -opt -out C:/Users/11400/Desktop/shuffletest/HLS/ip9/solution1/.autopilot/db/a.g.ld.3.fpc.bc -args C:/Users/11400/Desktop/shuffletest/HLS/ip9/solution1/.autopilot/db/a.g.ld.2.m1.bc -reflow-globaldce -hls-top-function-name=conv_bn_relu -reflow-float-conversion 
Execute         ap_eval exec -ignorestderr D:/Xilinx/Vitis_HLS/2022.2/win64/tools/clang-3.9-csynth/bin/opt -pass-remarks-missed=reflow|pasta|unroll -pass-remarks=reflow|pasta|unroll|inline -pass-remarks-output=C:/Users/11400/Desktop/shuffletest/HLS/ip9/solution1/.autopilot/db/a.g.ld.3.fpc.bc.opt.diag.yml C:/Users/11400/Desktop/shuffletest/HLS/ip9/solution1/.autopilot/db/a.g.ld.2.m1.bc -reflow-globaldce -hls-top-function-name=conv_bn_relu -reflow-float-conversion -o C:/Users/11400/Desktop/shuffletest/HLS/ip9/solution1/.autopilot/db/a.g.ld.3.fpc.bc > C:/Users/11400/Desktop/shuffletest/HLS/ip9/solution1/.autopilot/db/a.g.ld.3.fpc.bc.opt.out.log 2> C:/Users/11400/Desktop/shuffletest/HLS/ip9/solution1/.autopilot/db/a.g.ld.3.fpc.bc.opt.err.log 
Command         ap_eval done; 0.774 sec.
INFO-FLOW: 
Command       run_link_or_opt done; 0.775 sec.
Execute       run_link_or_opt -out C:/Users/11400/Desktop/shuffletest/HLS/ip9/solution1/.autopilot/db/a.g.ld.4.m2.bc -args C:/Users/11400/Desktop/shuffletest/HLS/ip9/solution1/.autopilot/db/a.g.ld.3.fpc.bc -only-needed D:/Xilinx/Vitis_HLS/2022.2/win64/lib/libfloatconversion_39.bc 
Execute         ap_eval exec -ignorestderr D:/Xilinx/Vitis_HLS/2022.2/win64/tools/clang-3.9-csynth/bin/llvm-link C:/Users/11400/Desktop/shuffletest/HLS/ip9/solution1/.autopilot/db/a.g.ld.3.fpc.bc -only-needed D:/Xilinx/Vitis_HLS/2022.2/win64/lib/libfloatconversion_39.bc -o C:/Users/11400/Desktop/shuffletest/HLS/ip9/solution1/.autopilot/db/a.g.ld.4.m2.bc > C:/Users/11400/Desktop/shuffletest/HLS/ip9/solution1/.autopilot/db/a.g.ld.4.m2.bc.llvm-link.out.log 2> C:/Users/11400/Desktop/shuffletest/HLS/ip9/solution1/.autopilot/db/a.g.ld.4.m2.bc.llvm-link.err.log 
INFO-FLOW: 
Execute       run_link_or_opt -opt -out C:/Users/11400/Desktop/shuffletest/HLS/ip9/solution1/.autopilot/db/a.g.ld.5.gdce.bc -args C:/Users/11400/Desktop/shuffletest/HLS/ip9/solution1/.autopilot/db/a.g.ld.4.m2.bc -reflow-globaldce -hls-top-function-name=conv_bn_relu 
Execute         ap_eval exec -ignorestderr D:/Xilinx/Vitis_HLS/2022.2/win64/tools/clang-3.9-csynth/bin/opt -pass-remarks-missed=reflow|pasta|unroll -pass-remarks=reflow|pasta|unroll|inline -pass-remarks-output=C:/Users/11400/Desktop/shuffletest/HLS/ip9/solution1/.autopilot/db/a.g.ld.5.gdce.bc.opt.diag.yml C:/Users/11400/Desktop/shuffletest/HLS/ip9/solution1/.autopilot/db/a.g.ld.4.m2.bc -reflow-globaldce -hls-top-function-name=conv_bn_relu -o C:/Users/11400/Desktop/shuffletest/HLS/ip9/solution1/.autopilot/db/a.g.ld.5.gdce.bc > C:/Users/11400/Desktop/shuffletest/HLS/ip9/solution1/.autopilot/db/a.g.ld.5.gdce.bc.opt.out.log 2> C:/Users/11400/Desktop/shuffletest/HLS/ip9/solution1/.autopilot/db/a.g.ld.5.gdce.bc.opt.err.log 
Command         ap_eval done; 0.137 sec.
INFO-FLOW: 
Command       run_link_or_opt done; 0.138 sec.
Execute       send_msg_by_id INFO @200-777@%s Vivado 
INFO: [HLS 200-777] Using interface defaults for 'Vivado' flow target.
Execute       is_m_axi_addr64 
INFO-FLOW: Doing LTO.
Execute       ap_eval exec -ignorestderr D:/Xilinx/Vitis_HLS/2022.2/win64/tools/clang-3.9-csynth/bin/clang -foptimization-record-file=C:/Users/11400/Desktop/shuffletest/HLS/ip9/solution1/.autopilot/db/a.g.ld.0.bc.clang.diag.yml -mllvm -pass-remarks-missed=reflow|pasta|unroll -mllvm -pass-remarks=reflow|pasta|unroll|inline -fhls -mllvm -hls-top-function-name=conv_bn_relu -mllvm -hls-db-dir -mllvm C:/Users/11400/Desktop/shuffletest/HLS/ip9/solution1/.autopilot/db -emit-llvm -c -target fpga64-xilinx-none -mllvm -xcl-xmlinfo=C:/Users/11400/Desktop/shuffletest/HLS/ip9/solution1/.autopilot/db/kernel.internal.xml -mllvm -top-io-mapping-info=C:/Users/11400/Desktop/shuffletest/HLS/ip9/solution1/.autopilot/db/top-io-fe.xml -mllvm -hls-bitcode-version=3.1 -mllvm -reflow-enable-slave-interface-default-setting=true -mllvm -gen-kernel-xml=false -mllvm -default-maxi-offset=slave -mllvm -maxi-latency=0 -mllvm -hls-maxi-data-size-in-bits=8 -mllvm -hls-maxi-max-data-size-in-bits=1024 -mllvm -hls-max-widen-size-in-bits=0 -mllvm -xcl-kernel-max-mem-ports=0 -mllvm -maxi-read-trans=16 -mllvm -maxi-write-trans=16 -mllvm -maxi-read-burst-len=16 -mllvm -maxi-write-burst-len=16 -mllvm -reflow-enable-saxi-64bits=0 -mllvm -reflow-basic-block-instr-threshold=200000 -mllvm -reflow-auto-pipeline-threshold=64 -mllvm -reflow-enable-maxi-auto-id-channel=0 -mllvm -assume-maxi-align=1 -mllvm -reflow-pipeline-style-llvm-setting=2 -mllvm -reflow-enable-dataflow-strict-mode-checking=1 -mllvm -reflow-auto-array-partition-mode=default -mllvm -reflow-enable-auto-array-partition=true -mllvm -reflow-enable-auto-parallel-performance-driven=true -mllvm -reflow-enable-partition-for-automation=true -mllvm -reflow-aggregate-bitwidth-threshold=4096 -mllvm -reflow-assume-no-address-wrap=true -mllvm -hls -mllvm -disable-inlined-alloca-merging=true -mllvm -default-clock-period=10 -x ir C:/Users/11400/Desktop/shuffletest/HLS/ip9/solution1/.autopilot/db/a.g.ld.5.gdce.bc -o C:/Users/11400/Desktop/shuffletest/HLS/ip9/solution1/.autopilot/db/a.g.lto.bc {-hls-platform-db-name=D:/Xilinx/Vitis_HLS/2022.2/common/technology\xilinx/common/platform.db} -hls-platform-name=zynq_medium -device-resource-info=BRAM_280.000000_DSP_220.000000_FF_106400.000000_LUT_53200.000000_SLICE_13300.000000_URAM_0.000000 -device-name-info=xc7z020clg400-2 > C:/Users/11400/Desktop/shuffletest/HLS/ip9/solution1/.autopilot/db/a.g.ld.0.bc.clang.out.log 2> C:/Users/11400/Desktop/shuffletest/HLS/ip9/solution1/.autopilot/db/a.g.ld.0.bc.clang.err.log 
Command       ap_eval done; 1.067 sec.
WARNING: [HLS 214-275] In 'VITIS_LOOP_244_25', Pragma conflict happens on 'PIPELINE' and 'FLATTEN' pragmas: Pipeline requires unrolling all sub loops (../ip/ip6/conv_bn_relu.cpp:244:44)
WARNING: [HLS 214-273] In function 'ap_int_base<8, false>::RType<($_0)32, true>::mult operator*<8, false>(int, ap_int_base<8, false> const&)', Pragma conflict happens on 'INLINE' and DATAFLOW pragmas: Inline into dataflow region may break the canonical form (D:/Xilinx/Vitis_HLS/2022.2/common/technology/autopilot\ap_int_base.h:1633:0)
WARNING: [HLS 214-273] In function 'ap_int_base<16, false>::RType<40, true>::plus operator+<16, false, 40, true>(ap_int_base<16, false> const&, ap_int_base<40, true> const&)', Pragma conflict happens on 'INLINE' and DATAFLOW pragmas: Inline into dataflow region may break the canonical form (D:/Xilinx/Vitis_HLS/2022.2/common/technology/autopilot\ap_int_base.h:1495:0)
WARNING: [HLS 214-273] In function 'ap_int_base<41, true>::RType<8, false>::minus operator-<41, true, 8, false>(ap_int_base<41, true> const&, ap_int_base<8, false> const&)', Pragma conflict happens on 'INLINE' and DATAFLOW pragmas: Inline into dataflow region may break the canonical form (D:/Xilinx/Vitis_HLS/2022.2/common/technology/autopilot\ap_int_base.h:1496:0)
WARNING: [HLS 214-273] In function 'ap_int_base<42, true>::RType<8, false>::div operator/<42, true, 8, false>(ap_int_base<42, true> const&, ap_int_base<8, false> const&)', Pragma conflict happens on 'INLINE' and DATAFLOW pragmas: Inline into dataflow region may break the canonical form (D:/Xilinx/Vitis_HLS/2022.2/common/technology/autopilot\ap_int_base.h:1513:0)
WARNING: [HLS 214-273] In function 'ap_int_base<42, true>::RType<($_0)32, true>::plus operator+<42, true>(ap_int_base<42, true> const&, int)', Pragma conflict happens on 'INLINE' and DATAFLOW pragmas: Inline into dataflow region may break the canonical form (D:/Xilinx/Vitis_HLS/2022.2/common/technology/autopilot\ap_int_base.h:1633:0)
WARNING: [HLS 214-273] In function 'bool operator==<2, false>(ap_int_base<2, false> const&, int)', Pragma conflict happens on 'INLINE' and DATAFLOW pragmas: Inline into dataflow region may break the canonical form (D:/Xilinx/Vitis_HLS/2022.2/common/technology/autopilot\ap_int_base.h:1788:0)
WARNING: [HLS 214-273] In function 'ap_int_base<32, true>::ap_int_base(int)', Pragma conflict happens on 'INLINE' and DATAFLOW pragmas: Inline into dataflow region may break the canonical form (D:/Xilinx/Vitis_HLS/2022.2/common/technology/autopilot\ap_int_base.h:214:0)
WARNING: [HLS 214-273] In function 'ssdm_int<32, true>::ssdm_int(int)', Pragma conflict happens on 'INLINE' and DATAFLOW pragmas: Inline into dataflow region may break the canonical form (D:/Xilinx/Vitis_HLS/2022.2/common/technology/autopilot\ap_common.h:515:0)
WARNING: [HLS 214-273] In function 'ap_int_base<41, true>::ap_int_base<40, true>(ap_int_base<40, true> const&)', Pragma conflict happens on 'INLINE' and DATAFLOW pragmas: Inline into dataflow region may break the canonical form (D:/Xilinx/Vitis_HLS/2022.2/common/technology/autopilot\ap_int_base.h:185:0)
WARNING: [HLS 214-273] In function 'ap_int_base<41, true>::ap_int_base(int)', Pragma conflict happens on 'INLINE' and DATAFLOW pragmas: Inline into dataflow region may break the canonical form (D:/Xilinx/Vitis_HLS/2022.2/common/technology/autopilot\ap_int_base.h:214:0)
WARNING: [HLS 214-273] In function '_ZN8ssdm_intILi41ELb1EEC2EDq41_i', Pragma conflict happens on 'INLINE' and DATAFLOW pragmas: Inline into dataflow region may break the canonical form (D:/Xilinx/Vitis_HLS/2022.2/common/technology/autopilot\ap_common.h:515:0)
WARNING: [HLS 214-273] In function 'bool ap_int_base<2, false>::operator==<32, true>(ap_int_base<32, true> const&) const', Pragma conflict happens on 'INLINE' and DATAFLOW pragmas: Inline into dataflow region may break the canonical form (D:/Xilinx/Vitis_HLS/2022.2/common/technology/autopilot\ap_int_base.h:1018:0)
WARNING: [HLS 214-273] In function 'ap_int_base<16, false>::ap_int_base<43, true>(ap_int_base<43, true> const&)', Pragma conflict happens on 'INLINE' and DATAFLOW pragmas: Inline into dataflow region may break the canonical form (D:/Xilinx/Vitis_HLS/2022.2/common/technology/autopilot\ap_int_base.h:185:0)
WARNING: [HLS 214-273] In function 'ssdm_int<16, false>::ssdm_int(unsigned short)', Pragma conflict happens on 'INLINE' and DATAFLOW pragmas: Inline into dataflow region may break the canonical form (D:/Xilinx/Vitis_HLS/2022.2/common/technology/autopilot\ap_common.h:523:0)
WARNING: [HLS 214-273] In function 'ap_int_base<42, true>::RType<32, true>::plus operator+<42, true, 32, true>(ap_int_base<42, true> const&, ap_int_base<32, true> const&)', Pragma conflict happens on 'INLINE' and DATAFLOW pragmas: Inline into dataflow region may break the canonical form (D:/Xilinx/Vitis_HLS/2022.2/common/technology/autopilot\ap_int_base.h:1495:0)
WARNING: [HLS 214-273] In function 'ap_int_base<43, true>::ap_int_base<42, true>(ap_int_base<42, true> const&)', Pragma conflict happens on 'INLINE' and DATAFLOW pragmas: Inline into dataflow region may break the canonical form (D:/Xilinx/Vitis_HLS/2022.2/common/technology/autopilot\ap_int_base.h:185:0)
WARNING: [HLS 214-273] In function 'ap_int_base<43, true>::ap_int_base<32, true>(ap_int_base<32, true> const&)', Pragma conflict happens on 'INLINE' and DATAFLOW pragmas: Inline into dataflow region may break the canonical form (D:/Xilinx/Vitis_HLS/2022.2/common/technology/autopilot\ap_int_base.h:185:0)
WARNING: [HLS 214-273] In function 'ap_int_base<43, true>::ap_int_base(int)', Pragma conflict happens on 'INLINE' and DATAFLOW pragmas: Inline into dataflow region may break the canonical form (D:/Xilinx/Vitis_HLS/2022.2/common/technology/autopilot\ap_int_base.h:214:0)
WARNING: [HLS 214-273] In function '_ZN8ssdm_intILi43ELb1EEC2EDq43_i', Pragma conflict happens on 'INLINE' and DATAFLOW pragmas: Inline into dataflow region may break the canonical form (D:/Xilinx/Vitis_HLS/2022.2/common/technology/autopilot\ap_common.h:515:0)
WARNING: [HLS 214-273] In function 'ap_int_base<42, true>::ap_int_base(int)', Pragma conflict happens on 'INLINE' and DATAFLOW pragmas: Inline into dataflow region may break the canonical form (D:/Xilinx/Vitis_HLS/2022.2/common/technology/autopilot\ap_int_base.h:214:0)
WARNING: [HLS 214-273] In function '_ZN8ssdm_intILi42ELb1EEC2EDq42_i', Pragma conflict happens on 'INLINE' and DATAFLOW pragmas: Inline into dataflow region may break the canonical form (D:/Xilinx/Vitis_HLS/2022.2/common/technology/autopilot\ap_common.h:515:0)
WARNING: [HLS 214-273] In function 'ap_int_base<42, true>::ap_int_base<41, true>(ap_int_base<41, true> const&)', Pragma conflict happens on 'INLINE' and DATAFLOW pragmas: Inline into dataflow region may break the canonical form (D:/Xilinx/Vitis_HLS/2022.2/common/technology/autopilot\ap_int_base.h:185:0)
WARNING: [HLS 214-273] In function 'ap_int_base<42, true>::ap_int_base<8, false>(ap_int_base<8, false> const&)', Pragma conflict happens on 'INLINE' and DATAFLOW pragmas: Inline into dataflow region may break the canonical form (D:/Xilinx/Vitis_HLS/2022.2/common/technology/autopilot\ap_int_base.h:185:0)
WARNING: [HLS 214-273] In function 'ap_int_base<41, true>::ap_int_base<16, false>(ap_int_base<16, false> const&)', Pragma conflict happens on 'INLINE' and DATAFLOW pragmas: Inline into dataflow region may break the canonical form (D:/Xilinx/Vitis_HLS/2022.2/common/technology/autopilot\ap_int_base.h:185:0)
WARNING: [HLS 214-273] In function 'ap_int_base<32, true>::RType<8, false>::mult operator*<32, true, 8, false>(ap_int_base<32, true> const&, ap_int_base<8, false> const&)', Pragma conflict happens on 'INLINE' and DATAFLOW pragmas: Inline into dataflow region may break the canonical form (D:/Xilinx/Vitis_HLS/2022.2/common/technology/autopilot\ap_int_base.h:1494:0)
WARNING: [HLS 214-273] In function 'ap_int_base<40, true>::ap_int_base<32, true>(ap_int_base<32, true> const&)', Pragma conflict happens on 'INLINE' and DATAFLOW pragmas: Inline into dataflow region may break the canonical form (D:/Xilinx/Vitis_HLS/2022.2/common/technology/autopilot\ap_int_base.h:185:0)
WARNING: [HLS 214-273] In function 'ap_int_base<40, true>::ap_int_base<8, false>(ap_int_base<8, false> const&)', Pragma conflict happens on 'INLINE' and DATAFLOW pragmas: Inline into dataflow region may break the canonical form (D:/Xilinx/Vitis_HLS/2022.2/common/technology/autopilot\ap_int_base.h:185:0)
WARNING: [HLS 214-273] In function 'ap_int_base<40, true>::ap_int_base(int)', Pragma conflict happens on 'INLINE' and DATAFLOW pragmas: Inline into dataflow region may break the canonical form (D:/Xilinx/Vitis_HLS/2022.2/common/technology/autopilot\ap_int_base.h:214:0)
WARNING: [HLS 214-273] In function '_ZN8ssdm_intILi40ELb1EEC2EDq40_i', Pragma conflict happens on 'INLINE' and DATAFLOW pragmas: Inline into dataflow region may break the canonical form (D:/Xilinx/Vitis_HLS/2022.2/common/technology/autopilot\ap_common.h:515:0)
INFO: [HLS 214-131] Inlining function 'ssdm_int<32, true>::ssdm_int(int)' into 'ap_int_base<32, true>::ap_int_base(int)' (D:/Xilinx/Vitis_HLS/2022.2/common/technology/autopilot\ap_int_base.h:214:67)
INFO: [HLS 214-131] Inlining function '_ZN8ssdm_intILi40ELb1EEC2EDq40_i' into 'ap_int_base<40, true>::ap_int_base<32, true>(ap_int_base<32, true> const&)' (D:/Xilinx/Vitis_HLS/2022.2/common/technology/autopilot\ap_int_base.h:185:106)
INFO: [HLS 214-131] Inlining function '_ZN8ssdm_intILi40ELb1EEC2EDq40_i' into 'ap_int_base<40, true>::ap_int_base<8, false>(ap_int_base<8, false> const&)' (D:/Xilinx/Vitis_HLS/2022.2/common/technology/autopilot\ap_int_base.h:185:106)
INFO: [HLS 214-131] Inlining function '_ZN8ssdm_intILi40ELb1EEC2EDq40_i' into 'ap_int_base<40, true>::ap_int_base(int)' (D:/Xilinx/Vitis_HLS/2022.2/common/technology/autopilot\ap_int_base.h:214:67)
INFO: [HLS 214-131] Inlining function 'ap_int_base<40, true>::ap_int_base<32, true>(ap_int_base<32, true> const&)' into 'ap_int_base<32, true>::RType<8, false>::mult operator*<32, true, 8, false>(ap_int_base<32, true> const&, ap_int_base<8, false> const&)' (D:/Xilinx/Vitis_HLS/2022.2/common/technology/autopilot\ap_int_base.h:1494:339)
INFO: [HLS 214-131] Inlining function 'ap_int_base<40, true>::ap_int_base(int)' into 'ap_int_base<32, true>::RType<8, false>::mult operator*<32, true, 8, false>(ap_int_base<32, true> const&, ap_int_base<8, false> const&)' (D:/Xilinx/Vitis_HLS/2022.2/common/technology/autopilot\ap_int_base.h:1494:516)
INFO: [HLS 214-131] Inlining function 'ap_int_base<40, true>::ap_int_base<8, false>(ap_int_base<8, false> const&)' into 'ap_int_base<32, true>::RType<8, false>::mult operator*<32, true, 8, false>(ap_int_base<32, true> const&, ap_int_base<8, false> const&)' (D:/Xilinx/Vitis_HLS/2022.2/common/technology/autopilot\ap_int_base.h:1494:427)
INFO: [HLS 214-131] Inlining function 'ap_int_base<32, true>::ap_int_base(int)' into 'ap_int_base<8, false>::RType<($_0)32, true>::mult operator*<8, false>(int, ap_int_base<8, false> const&)' (D:/Xilinx/Vitis_HLS/2022.2/common/technology/autopilot\ap_int_base.h:1633:216)
INFO: [HLS 214-131] Inlining function 'ap_int_base<32, true>::RType<8, false>::mult operator*<32, true, 8, false>(ap_int_base<32, true> const&, ap_int_base<8, false> const&)' into 'ap_int_base<8, false>::RType<($_0)32, true>::mult operator*<8, false>(int, ap_int_base<8, false> const&)' (D:/Xilinx/Vitis_HLS/2022.2/common/technology/autopilot\ap_int_base.h:1633:254)
INFO: [HLS 214-131] Inlining function '_ZN8ssdm_intILi41ELb1EEC2EDq41_i' into 'ap_int_base<41, true>::ap_int_base<16, false>(ap_int_base<16, false> const&)' (D:/Xilinx/Vitis_HLS/2022.2/common/technology/autopilot\ap_int_base.h:185:106)
INFO: [HLS 214-131] Inlining function '_ZN8ssdm_intILi41ELb1EEC2EDq41_i' into 'ap_int_base<41, true>::ap_int_base<40, true>(ap_int_base<40, true> const&)' (D:/Xilinx/Vitis_HLS/2022.2/common/technology/autopilot\ap_int_base.h:185:106)
INFO: [HLS 214-131] Inlining function '_ZN8ssdm_intILi41ELb1EEC2EDq41_i' into 'ap_int_base<41, true>::ap_int_base(int)' (D:/Xilinx/Vitis_HLS/2022.2/common/technology/autopilot\ap_int_base.h:214:67)
INFO: [HLS 214-131] Inlining function 'ap_int_base<41, true>::ap_int_base<16, false>(ap_int_base<16, false> const&)' into 'ap_int_base<16, false>::RType<40, true>::plus operator+<16, false, 40, true>(ap_int_base<16, false> const&, ap_int_base<40, true> const&)' (D:/Xilinx/Vitis_HLS/2022.2/common/technology/autopilot\ap_int_base.h:1495:339)
INFO: [HLS 214-131] Inlining function 'ap_int_base<41, true>::ap_int_base(int)' into 'ap_int_base<16, false>::RType<40, true>::plus operator+<16, false, 40, true>(ap_int_base<16, false> const&, ap_int_base<40, true> const&)' (D:/Xilinx/Vitis_HLS/2022.2/common/technology/autopilot\ap_int_base.h:1495:516)
INFO: [HLS 214-131] Inlining function 'ap_int_base<41, true>::ap_int_base<40, true>(ap_int_base<40, true> const&)' into 'ap_int_base<16, false>::RType<40, true>::plus operator+<16, false, 40, true>(ap_int_base<16, false> const&, ap_int_base<40, true> const&)' (D:/Xilinx/Vitis_HLS/2022.2/common/technology/autopilot\ap_int_base.h:1495:427)
INFO: [HLS 214-131] Inlining function '_ZN8ssdm_intILi42ELb1EEC2EDq42_i' into 'ap_int_base<42, true>::ap_int_base<41, true>(ap_int_base<41, true> const&)' (D:/Xilinx/Vitis_HLS/2022.2/common/technology/autopilot\ap_int_base.h:185:106)
INFO: [HLS 214-131] Inlining function '_ZN8ssdm_intILi42ELb1EEC2EDq42_i' into 'ap_int_base<42, true>::ap_int_base<8, false>(ap_int_base<8, false> const&)' (D:/Xilinx/Vitis_HLS/2022.2/common/technology/autopilot\ap_int_base.h:185:106)
INFO: [HLS 214-131] Inlining function '_ZN8ssdm_intILi42ELb1EEC2EDq42_i' into 'ap_int_base<42, true>::ap_int_base(int)' (D:/Xilinx/Vitis_HLS/2022.2/common/technology/autopilot\ap_int_base.h:214:67)
INFO: [HLS 214-131] Inlining function 'ap_int_base<42, true>::ap_int_base<41, true>(ap_int_base<41, true> const&)' into 'ap_int_base<41, true>::RType<8, false>::minus operator-<41, true, 8, false>(ap_int_base<41, true> const&, ap_int_base<8, false> const&)' (D:/Xilinx/Vitis_HLS/2022.2/common/technology/autopilot\ap_int_base.h:1496:341)
INFO: [HLS 214-131] Inlining function 'ap_int_base<42, true>::ap_int_base(int)' into 'ap_int_base<41, true>::RType<8, false>::minus operator-<41, true, 8, false>(ap_int_base<41, true> const&, ap_int_base<8, false> const&)' (D:/Xilinx/Vitis_HLS/2022.2/common/technology/autopilot\ap_int_base.h:1496:520)
INFO: [HLS 214-131] Inlining function 'ap_int_base<42, true>::ap_int_base<8, false>(ap_int_base<8, false> const&)' into 'ap_int_base<41, true>::RType<8, false>::minus operator-<41, true, 8, false>(ap_int_base<41, true> const&, ap_int_base<8, false> const&)' (D:/Xilinx/Vitis_HLS/2022.2/common/technology/autopilot\ap_int_base.h:1496:430)
INFO: [HLS 214-131] Inlining function 'ap_int_base<42, true>::ap_int_base(int)' into 'ap_int_base<42, true>::RType<8, false>::div operator/<42, true, 8, false>(ap_int_base<42, true> const&, ap_int_base<8, false> const&)' (D:/Xilinx/Vitis_HLS/2022.2/common/technology/autopilot\ap_int_base.h:1513:337)
INFO: [HLS 214-131] Inlining function '_ZN8ssdm_intILi43ELb1EEC2EDq43_i' into 'ap_int_base<43, true>::ap_int_base<42, true>(ap_int_base<42, true> const&)' (D:/Xilinx/Vitis_HLS/2022.2/common/technology/autopilot\ap_int_base.h:185:106)
INFO: [HLS 214-131] Inlining function '_ZN8ssdm_intILi43ELb1EEC2EDq43_i' into 'ap_int_base<43, true>::ap_int_base<32, true>(ap_int_base<32, true> const&)' (D:/Xilinx/Vitis_HLS/2022.2/common/technology/autopilot\ap_int_base.h:185:106)
INFO: [HLS 214-131] Inlining function '_ZN8ssdm_intILi43ELb1EEC2EDq43_i' into 'ap_int_base<43, true>::ap_int_base(int)' (D:/Xilinx/Vitis_HLS/2022.2/common/technology/autopilot\ap_int_base.h:214:67)
INFO: [HLS 214-131] Inlining function 'ap_int_base<43, true>::ap_int_base<42, true>(ap_int_base<42, true> const&)' into 'ap_int_base<42, true>::RType<32, true>::plus operator+<42, true, 32, true>(ap_int_base<42, true> const&, ap_int_base<32, true> const&)' (D:/Xilinx/Vitis_HLS/2022.2/common/technology/autopilot\ap_int_base.h:1495:339)
INFO: [HLS 214-131] Inlining function 'ap_int_base<43, true>::ap_int_base(int)' into 'ap_int_base<42, true>::RType<32, true>::plus operator+<42, true, 32, true>(ap_int_base<42, true> const&, ap_int_base<32, true> const&)' (D:/Xilinx/Vitis_HLS/2022.2/common/technology/autopilot\ap_int_base.h:1495:516)
INFO: [HLS 214-131] Inlining function 'ap_int_base<43, true>::ap_int_base<32, true>(ap_int_base<32, true> const&)' into 'ap_int_base<42, true>::RType<32, true>::plus operator+<42, true, 32, true>(ap_int_base<42, true> const&, ap_int_base<32, true> const&)' (D:/Xilinx/Vitis_HLS/2022.2/common/technology/autopilot\ap_int_base.h:1495:427)
INFO: [HLS 214-131] Inlining function 'ap_int_base<32, true>::ap_int_base(int)' into 'ap_int_base<42, true>::RType<($_0)32, true>::plus operator+<42, true>(ap_int_base<42, true> const&, int)' (D:/Xilinx/Vitis_HLS/2022.2/common/technology/autopilot\ap_int_base.h:1633:1006)
INFO: [HLS 214-131] Inlining function 'ap_int_base<42, true>::RType<32, true>::plus operator+<42, true, 32, true>(ap_int_base<42, true> const&, ap_int_base<32, true> const&)' into 'ap_int_base<42, true>::RType<($_0)32, true>::plus operator+<42, true>(ap_int_base<42, true> const&, int)' (D:/Xilinx/Vitis_HLS/2022.2/common/technology/autopilot\ap_int_base.h:1633:1004)
INFO: [HLS 214-131] Inlining function 'ssdm_int<16, false>::ssdm_int(unsigned short)' into 'ap_int_base<16, false>::ap_int_base<43, true>(ap_int_base<43, true> const&)' (D:/Xilinx/Vitis_HLS/2022.2/common/technology/autopilot\ap_int_base.h:185:106)
INFO: [HLS 214-131] Inlining function 'ap_int_base<16, false>::ap_int_base<43, true>(ap_int_base<43, true> const&)' into 'ap_uint<16>::ap_uint<43>(ap_int<43> const&)'
INFO: [HLS 214-131] Inlining function 'ap_int_base<32, true>::ap_int_base(int)' into 'bool operator==<2, false>(ap_int_base<2, false> const&, int)' (D:/Xilinx/Vitis_HLS/2022.2/common/technology/autopilot\ap_int_base.h:1788:1853)
INFO: [HLS 214-131] Inlining function 'bool ap_int_base<2, false>::operator==<32, true>(ap_int_base<32, true> const&) const' into 'bool operator==<2, false>(ap_int_base<2, false> const&, int)' (D:/Xilinx/Vitis_HLS/2022.2/common/technology/autopilot\ap_int_base.h:1788:1850)
INFO: [HLS 214-131] Inlining function 'ap_int_base<32, true>::ap_int_base(int)' into 'bool operator<<16, false>(int, ap_int_base<16, false> const&)' (D:/Xilinx/Vitis_HLS/2022.2/common/technology/autopilot\ap_int_base.h:1788:520)
INFO: [HLS 214-131] Inlining function 'bool ap_int_base<32, true>::operator<<16, false>(ap_int_base<16, false> const&) const' into 'bool operator<<16, false>(int, ap_int_base<16, false> const&)' (D:/Xilinx/Vitis_HLS/2022.2/common/technology/autopilot\ap_int_base.h:1788:558)
INFO: [HLS 214-131] Inlining function '_ZN8ssdm_intILi33ELb1EEC2EDq33_i' into 'ap_int_base<33, true>::ap_int_base<32, true>(ap_int_base<32, true> const&)' (D:/Xilinx/Vitis_HLS/2022.2/common/technology/autopilot\ap_int_base.h:185:106)
INFO: [HLS 214-131] Inlining function '_ZN8ssdm_intILi33ELb1EEC2EDq33_i' into 'ap_int_base<33, true>::ap_int_base<8, false>(ap_int_base<8, false> const&)' (D:/Xilinx/Vitis_HLS/2022.2/common/technology/autopilot\ap_int_base.h:185:106)
INFO: [HLS 214-131] Inlining function '_ZN8ssdm_intILi33ELb1EEC2EDq33_i' into 'ap_int_base<33, true>::ap_int_base(int)' (D:/Xilinx/Vitis_HLS/2022.2/common/technology/autopilot\ap_int_base.h:214:67)
INFO: [HLS 214-131] Inlining function 'ap_int_base<33, true>::ap_int_base<32, true>(ap_int_base<32, true> const&)' into 'ap_int_base<32, true>::RType<8, false>::plus operator+<32, true, 8, false>(ap_int_base<32, true> const&, ap_int_base<8, false> const&)' (D:/Xilinx/Vitis_HLS/2022.2/common/technology/autopilot\ap_int_base.h:1495:339)
INFO: [HLS 214-131] Inlining function 'ap_int_base<33, true>::ap_int_base(int)' into 'ap_int_base<32, true>::RType<8, false>::plus operator+<32, true, 8, false>(ap_int_base<32, true> const&, ap_int_base<8, false> const&)' (D:/Xilinx/Vitis_HLS/2022.2/common/technology/autopilot\ap_int_base.h:1495:516)
INFO: [HLS 214-131] Inlining function 'ap_int_base<33, true>::ap_int_base<8, false>(ap_int_base<8, false> const&)' into 'ap_int_base<32, true>::RType<8, false>::plus operator+<32, true, 8, false>(ap_int_base<32, true> const&, ap_int_base<8, false> const&)' (D:/Xilinx/Vitis_HLS/2022.2/common/technology/autopilot\ap_int_base.h:1495:427)
INFO: [HLS 214-131] Inlining function 'ap_int_base<32, true>::ap_int_base(int)' into 'ap_int_base<8, false>::RType<($_0)32, true>::plus operator+<8, false>(int, ap_int_base<8, false> const&)' (D:/Xilinx/Vitis_HLS/2022.2/common/technology/autopilot\ap_int_base.h:1633:739)
INFO: [HLS 214-131] Inlining function 'ap_int_base<32, true>::RType<8, false>::plus operator+<32, true, 8, false>(ap_int_base<32, true> const&, ap_int_base<8, false> const&)' into 'ap_int_base<8, false>::RType<($_0)32, true>::plus operator+<8, false>(int, ap_int_base<8, false> const&)' (D:/Xilinx/Vitis_HLS/2022.2/common/technology/autopilot\ap_int_base.h:1633:777)
INFO: [HLS 214-131] Inlining function '_ZN8ssdm_intILi34ELb1EEC2EDq34_i' into 'ap_int_base<34, true>::ap_int_base<33, true>(ap_int_base<33, true> const&)' (D:/Xilinx/Vitis_HLS/2022.2/common/technology/autopilot\ap_int_base.h:185:106)
INFO: [HLS 214-131] Inlining function '_ZN8ssdm_intILi34ELb1EEC2EDq34_i' into 'ap_int_base<34, true>::ap_int_base<32, true>(ap_int_base<32, true> const&)' (D:/Xilinx/Vitis_HLS/2022.2/common/technology/autopilot\ap_int_base.h:185:106)
INFO: [HLS 214-131] Inlining function '_ZN8ssdm_intILi34ELb1EEC2EDq34_i' into 'ap_int_base<34, true>::ap_int_base(int)' (D:/Xilinx/Vitis_HLS/2022.2/common/technology/autopilot\ap_int_base.h:214:67)
INFO: [HLS 214-131] Inlining function 'ap_int_base<34, true>::ap_int_base<33, true>(ap_int_base<33, true> const&)' into 'ap_int_base<33, true>::RType<32, true>::minus operator-<33, true, 32, true>(ap_int_base<33, true> const&, ap_int_base<32, true> const&)' (D:/Xilinx/Vitis_HLS/2022.2/common/technology/autopilot\ap_int_base.h:1496:341)
INFO: [HLS 214-131] Inlining function 'ap_int_base<34, true>::ap_int_base(int)' into 'ap_int_base<33, true>::RType<32, true>::minus operator-<33, true, 32, true>(ap_int_base<33, true> const&, ap_int_base<32, true> const&)' (D:/Xilinx/Vitis_HLS/2022.2/common/technology/autopilot\ap_int_base.h:1496:520)
INFO: [HLS 214-131] Inlining function 'ap_int_base<34, true>::ap_int_base<32, true>(ap_int_base<32, true> const&)' into 'ap_int_base<33, true>::RType<32, true>::minus operator-<33, true, 32, true>(ap_int_base<33, true> const&, ap_int_base<32, true> const&)' (D:/Xilinx/Vitis_HLS/2022.2/common/technology/autopilot\ap_int_base.h:1496:430)
INFO: [HLS 214-131] Inlining function 'ap_int_base<32, true>::ap_int_base(int)' into 'ap_int_base<33, true>::RType<($_0)32, true>::minus operator-<33, true>(ap_int_base<33, true> const&, int)' (D:/Xilinx/Vitis_HLS/2022.2/common/technology/autopilot\ap_int_base.h:1633:1531)
INFO: [HLS 214-131] Inlining function 'ap_int_base<33, true>::RType<32, true>::minus operator-<33, true, 32, true>(ap_int_base<33, true> const&, ap_int_base<32, true> const&)' into 'ap_int_base<33, true>::RType<($_0)32, true>::minus operator-<33, true>(ap_int_base<33, true> const&, int)' (D:/Xilinx/Vitis_HLS/2022.2/common/technology/autopilot\ap_int_base.h:1633:1529)
INFO: [HLS 214-131] Inlining function 'ap_int_base<32, true>::ap_int_base(int)' into 'bool operator<<34, true>(int, ap_int_base<34, true> const&)' (D:/Xilinx/Vitis_HLS/2022.2/common/technology/autopilot\ap_int_base.h:1788:520)
INFO: [HLS 214-131] Inlining function 'bool ap_int_base<32, true>::operator<<34, true>(ap_int_base<34, true> const&) const' into 'bool operator<<34, true>(int, ap_int_base<34, true> const&)' (D:/Xilinx/Vitis_HLS/2022.2/common/technology/autopilot\ap_int_base.h:1788:558)
INFO: [HLS 214-131] Inlining function '_ZN8ssdm_intILi41ELb1EEC2EDq41_i' into 'ap_int_base<41, true>::ap_int_base<32, true>(ap_int_base<32, true> const&)' (D:/Xilinx/Vitis_HLS/2022.2/common/technology/autopilot\ap_int_base.h:185:106)
INFO: [HLS 214-131] Inlining function 'ap_int_base<41, true>::ap_int_base<40, true>(ap_int_base<40, true> const&)' into 'ap_int_base<40, true>::RType<32, true>::plus operator+<40, true, 32, true>(ap_int_base<40, true> const&, ap_int_base<32, true> const&)' (D:/Xilinx/Vitis_HLS/2022.2/common/technology/autopilot\ap_int_base.h:1495:339)
INFO: [HLS 214-131] Inlining function 'ap_int_base<41, true>::ap_int_base(int)' into 'ap_int_base<40, true>::RType<32, true>::plus operator+<40, true, 32, true>(ap_int_base<40, true> const&, ap_int_base<32, true> const&)' (D:/Xilinx/Vitis_HLS/2022.2/common/technology/autopilot\ap_int_base.h:1495:516)
INFO: [HLS 214-131] Inlining function 'ap_int_base<41, true>::ap_int_base<32, true>(ap_int_base<32, true> const&)' into 'ap_int_base<40, true>::RType<32, true>::plus operator+<40, true, 32, true>(ap_int_base<40, true> const&, ap_int_base<32, true> const&)' (D:/Xilinx/Vitis_HLS/2022.2/common/technology/autopilot\ap_int_base.h:1495:427)
INFO: [HLS 214-131] Inlining function 'ap_int_base<32, true>::ap_int_base(int)' into 'ap_int_base<40, true>::RType<($_0)32, true>::plus operator+<40, true>(ap_int_base<40, true> const&, int)' (D:/Xilinx/Vitis_HLS/2022.2/common/technology/autopilot\ap_int_base.h:1633:1006)
INFO: [HLS 214-131] Inlining function 'ap_int_base<40, true>::RType<32, true>::plus operator+<40, true, 32, true>(ap_int_base<40, true> const&, ap_int_base<32, true> const&)' into 'ap_int_base<40, true>::RType<($_0)32, true>::plus operator+<40, true>(ap_int_base<40, true> const&, int)' (D:/Xilinx/Vitis_HLS/2022.2/common/technology/autopilot\ap_int_base.h:1633:1004)
INFO: [HLS 214-131] Inlining function '_ZN8ssdm_intILi48ELb1EEC2EDq48_i' into 'ap_int_base<48, true>::ap_int_base<32, true>(ap_int_base<32, true> const&)' (D:/Xilinx/Vitis_HLS/2022.2/common/technology/autopilot\ap_int_base.h:185:106)
INFO: [HLS 214-131] Inlining function '_ZN8ssdm_intILi48ELb1EEC2EDq48_i' into 'ap_int_base<48, true>::ap_int_base<16, false>(ap_int_base<16, false> const&)' (D:/Xilinx/Vitis_HLS/2022.2/common/technology/autopilot\ap_int_base.h:185:106)
INFO: [HLS 214-131] Inlining function '_ZN8ssdm_intILi48ELb1EEC2EDq48_i' into 'ap_int_base<48, true>::ap_int_base(int)' (D:/Xilinx/Vitis_HLS/2022.2/common/technology/autopilot\ap_int_base.h:214:67)
INFO: [HLS 214-131] Inlining function 'ap_int_base<48, true>::ap_int_base<32, true>(ap_int_base<32, true> const&)' into 'ap_int_base<32, true>::RType<16, false>::mult operator*<32, true, 16, false>(ap_int_base<32, true> const&, ap_int_base<16, false> const&)' (D:/Xilinx/Vitis_HLS/2022.2/common/technology/autopilot\ap_int_base.h:1494:339)
INFO: [HLS 214-131] Inlining function 'ap_int_base<48, true>::ap_int_base(int)' into 'ap_int_base<32, true>::RType<16, false>::mult operator*<32, true, 16, false>(ap_int_base<32, true> const&, ap_int_base<16, false> const&)' (D:/Xilinx/Vitis_HLS/2022.2/common/technology/autopilot\ap_int_base.h:1494:516)
INFO: [HLS 214-131] Inlining function 'ap_int_base<48, true>::ap_int_base<16, false>(ap_int_base<16, false> const&)' into 'ap_int_base<32, true>::RType<16, false>::mult operator*<32, true, 16, false>(ap_int_base<32, true> const&, ap_int_base<16, false> const&)' (D:/Xilinx/Vitis_HLS/2022.2/common/technology/autopilot\ap_int_base.h:1494:427)
INFO: [HLS 214-131] Inlining function 'ap_int_base<32, true>::ap_int_base(int)' into 'ap_int_base<16, false>::RType<($_0)32, true>::mult operator*<16, false>(int, ap_int_base<16, false> const&)' (D:/Xilinx/Vitis_HLS/2022.2/common/technology/autopilot\ap_int_base.h:1633:216)
INFO: [HLS 214-131] Inlining function 'ap_int_base<32, true>::RType<16, false>::mult operator*<32, true, 16, false>(ap_int_base<32, true> const&, ap_int_base<16, false> const&)' into 'ap_int_base<16, false>::RType<($_0)32, true>::mult operator*<16, false>(int, ap_int_base<16, false> const&)' (D:/Xilinx/Vitis_HLS/2022.2/common/technology/autopilot\ap_int_base.h:1633:254)
INFO: [HLS 214-131] Inlining function '_ZN8ssdm_intILi49ELb1EEC2EDq49_i' into 'ap_int_base<49, true>::ap_int_base<48, true>(ap_int_base<48, true> const&)' (D:/Xilinx/Vitis_HLS/2022.2/common/technology/autopilot\ap_int_base.h:185:106)
INFO: [HLS 214-131] Inlining function '_ZN8ssdm_intILi49ELb1EEC2EDq49_i' into 'ap_int_base<49, true>::ap_int_base<32, true>(ap_int_base<32, true> const&)' (D:/Xilinx/Vitis_HLS/2022.2/common/technology/autopilot\ap_int_base.h:185:106)
INFO: [HLS 214-131] Inlining function '_ZN8ssdm_intILi49ELb1EEC2EDq49_i' into 'ap_int_base<49, true>::ap_int_base(int)' (D:/Xilinx/Vitis_HLS/2022.2/common/technology/autopilot\ap_int_base.h:214:67)
INFO: [HLS 214-131] Inlining function 'ap_int_base<49, true>::ap_int_base<48, true>(ap_int_base<48, true> const&)' into 'ap_int_base<48, true>::RType<32, true>::plus operator+<48, true, 32, true>(ap_int_base<48, true> const&, ap_int_base<32, true> const&)' (D:/Xilinx/Vitis_HLS/2022.2/common/technology/autopilot\ap_int_base.h:1495:339)
INFO: [HLS 214-131] Inlining function 'ap_int_base<49, true>::ap_int_base(int)' into 'ap_int_base<48, true>::RType<32, true>::plus operator+<48, true, 32, true>(ap_int_base<48, true> const&, ap_int_base<32, true> const&)' (D:/Xilinx/Vitis_HLS/2022.2/common/technology/autopilot\ap_int_base.h:1495:516)
INFO: [HLS 214-131] Inlining function 'ap_int_base<49, true>::ap_int_base<32, true>(ap_int_base<32, true> const&)' into 'ap_int_base<48, true>::RType<32, true>::plus operator+<48, true, 32, true>(ap_int_base<48, true> const&, ap_int_base<32, true> const&)' (D:/Xilinx/Vitis_HLS/2022.2/common/technology/autopilot\ap_int_base.h:1495:427)
INFO: [HLS 214-131] Inlining function 'ap_int_base<32, true>::ap_int_base(int)' into 'ap_int_base<48, true>::RType<($_0)32, true>::plus operator+<48, true>(ap_int_base<48, true> const&, int)' (D:/Xilinx/Vitis_HLS/2022.2/common/technology/autopilot\ap_int_base.h:1633:1006)
INFO: [HLS 214-131] Inlining function 'ap_int_base<48, true>::RType<32, true>::plus operator+<48, true, 32, true>(ap_int_base<48, true> const&, ap_int_base<32, true> const&)' into 'ap_int_base<48, true>::RType<($_0)32, true>::plus operator+<48, true>(ap_int_base<48, true> const&, int)' (D:/Xilinx/Vitis_HLS/2022.2/common/technology/autopilot\ap_int_base.h:1633:1004)
INFO: [HLS 214-131] Inlining function '_ZN8ssdm_intILi65ELb1EEC2EDq65_i' into 'ap_int_base<65, true>::ap_int_base<49, true>(ap_int_base<49, true> const&)' (D:/Xilinx/Vitis_HLS/2022.2/common/technology/autopilot\ap_int_base.h:185:106)
INFO: [HLS 214-131] Inlining function '_ZN8ssdm_intILi65ELb1EEC2EDq65_i' into 'ap_int_base<65, true>::ap_int_base<16, false>(ap_int_base<16, false> const&)' (D:/Xilinx/Vitis_HLS/2022.2/common/technology/autopilot\ap_int_base.h:185:106)
INFO: [HLS 214-131] Inlining function '_ZN8ssdm_intILi65ELb1EEC2EDq65_i' into 'ap_int_base<65, true>::ap_int_base(int)' (D:/Xilinx/Vitis_HLS/2022.2/common/technology/autopilot\ap_int_base.h:214:67)
INFO: [HLS 214-131] Inlining function 'ap_int_base<65, true>::ap_int_base<49, true>(ap_int_base<49, true> const&)' into 'ap_int_base<49, true>::RType<16, false>::mult operator*<49, true, 16, false>(ap_int_base<49, true> const&, ap_int_base<16, false> const&)' (D:/Xilinx/Vitis_HLS/2022.2/common/technology/autopilot\ap_int_base.h:1494:339)
INFO: [HLS 214-131] Inlining function 'ap_int_base<65, true>::ap_int_base(int)' into 'ap_int_base<49, true>::RType<16, false>::mult operator*<49, true, 16, false>(ap_int_base<49, true> const&, ap_int_base<16, false> const&)' (D:/Xilinx/Vitis_HLS/2022.2/common/technology/autopilot\ap_int_base.h:1494:516)
INFO: [HLS 214-131] Inlining function 'ap_int_base<65, true>::ap_int_base<16, false>(ap_int_base<16, false> const&)' into 'ap_int_base<49, true>::RType<16, false>::mult operator*<49, true, 16, false>(ap_int_base<49, true> const&, ap_int_base<16, false> const&)' (D:/Xilinx/Vitis_HLS/2022.2/common/technology/autopilot\ap_int_base.h:1494:427)
INFO: [HLS 214-131] Inlining function '_ZN8ssdm_intILi66ELb1EEC2EDq66_i' into 'ap_int_base<66, true>::ap_int_base<65, true>(ap_int_base<65, true> const&)' (D:/Xilinx/Vitis_HLS/2022.2/common/technology/autopilot\ap_int_base.h:185:106)
INFO: [HLS 214-131] Inlining function '_ZN8ssdm_intILi66ELb1EEC2EDq66_i' into 'ap_int_base<66, true>::ap_int_base<32, true>(ap_int_base<32, true> const&)' (D:/Xilinx/Vitis_HLS/2022.2/common/technology/autopilot\ap_int_base.h:185:106)
INFO: [HLS 214-131] Inlining function '_ZN8ssdm_intILi66ELb1EEC2EDq66_i' into 'ap_int_base<66, true>::ap_int_base(int)' (D:/Xilinx/Vitis_HLS/2022.2/common/technology/autopilot\ap_int_base.h:214:67)
INFO: [HLS 214-131] Inlining function 'ap_int_base<66, true>::ap_int_base<65, true>(ap_int_base<65, true> const&)' into 'ap_int_base<65, true>::RType<32, true>::plus operator+<65, true, 32, true>(ap_int_base<65, true> const&, ap_int_base<32, true> const&)' (D:/Xilinx/Vitis_HLS/2022.2/common/technology/autopilot\ap_int_base.h:1495:339)
INFO: [HLS 214-131] Inlining function 'ap_int_base<66, true>::ap_int_base(int)' into 'ap_int_base<65, true>::RType<32, true>::plus operator+<65, true, 32, true>(ap_int_base<65, true> const&, ap_int_base<32, true> const&)' (D:/Xilinx/Vitis_HLS/2022.2/common/technology/autopilot\ap_int_base.h:1495:516)
INFO: [HLS 214-131] Inlining function 'ap_int_base<66, true>::ap_int_base<32, true>(ap_int_base<32, true> const&)' into 'ap_int_base<65, true>::RType<32, true>::plus operator+<65, true, 32, true>(ap_int_base<65, true> const&, ap_int_base<32, true> const&)' (D:/Xilinx/Vitis_HLS/2022.2/common/technology/autopilot\ap_int_base.h:1495:427)
INFO: [HLS 214-131] Inlining function 'ap_int_base<32, true>::ap_int_base(int)' into 'ap_int_base<65, true>::RType<($_0)32, true>::plus operator+<65, true>(ap_int_base<65, true> const&, int)' (D:/Xilinx/Vitis_HLS/2022.2/common/technology/autopilot\ap_int_base.h:1633:1006)
INFO: [HLS 214-131] Inlining function 'ap_int_base<65, true>::RType<32, true>::plus operator+<65, true, 32, true>(ap_int_base<65, true> const&, ap_int_base<32, true> const&)' into 'ap_int_base<65, true>::RType<($_0)32, true>::plus operator+<65, true>(ap_int_base<65, true> const&, int)' (D:/Xilinx/Vitis_HLS/2022.2/common/technology/autopilot\ap_int_base.h:1633:1004)
INFO: [HLS 214-131] Inlining function 'ap_int_base<32, true>::ap_int_base(int)' into 'bool operator<<8, false>(int, ap_int_base<8, false> const&)' (D:/Xilinx/Vitis_HLS/2022.2/common/technology/autopilot\ap_int_base.h:1788:520)
INFO: [HLS 214-131] Inlining function 'bool ap_int_base<32, true>::operator<<8, false>(ap_int_base<8, false> const&) const' into 'bool operator<<8, false>(int, ap_int_base<8, false> const&)' (D:/Xilinx/Vitis_HLS/2022.2/common/technology/autopilot\ap_int_base.h:1788:558)
INFO: [HLS 214-131] Inlining function '_ZN8ssdm_intILi56ELb1EEC2EDq56_i' into 'ap_int_base<56, true>::ap_int_base<48, true>(ap_int_base<48, true> const&)' (D:/Xilinx/Vitis_HLS/2022.2/common/technology/autopilot\ap_int_base.h:185:106)
INFO: [HLS 214-131] Inlining function '_ZN8ssdm_intILi56ELb1EEC2EDq56_i' into 'ap_int_base<56, true>::ap_int_base<8, false>(ap_int_base<8, false> const&)' (D:/Xilinx/Vitis_HLS/2022.2/common/technology/autopilot\ap_int_base.h:185:106)
INFO: [HLS 214-131] Inlining function '_ZN8ssdm_intILi56ELb1EEC2EDq56_i' into 'ap_int_base<56, true>::ap_int_base(int)' (D:/Xilinx/Vitis_HLS/2022.2/common/technology/autopilot\ap_int_base.h:214:67)
INFO: [HLS 214-131] Inlining function 'ap_int_base<56, true>::ap_int_base<48, true>(ap_int_base<48, true> const&)' into 'ap_int_base<48, true>::RType<8, false>::mult operator*<48, true, 8, false>(ap_int_base<48, true> const&, ap_int_base<8, false> const&)' (D:/Xilinx/Vitis_HLS/2022.2/common/technology/autopilot\ap_int_base.h:1494:339)
INFO: [HLS 214-131] Inlining function 'ap_int_base<56, true>::ap_int_base(int)' into 'ap_int_base<48, true>::RType<8, false>::mult operator*<48, true, 8, false>(ap_int_base<48, true> const&, ap_int_base<8, false> const&)' (D:/Xilinx/Vitis_HLS/2022.2/common/technology/autopilot\ap_int_base.h:1494:516)
INFO: [HLS 214-131] Inlining function 'ap_int_base<56, true>::ap_int_base<8, false>(ap_int_base<8, false> const&)' into 'ap_int_base<48, true>::RType<8, false>::mult operator*<48, true, 8, false>(ap_int_base<48, true> const&, ap_int_base<8, false> const&)' (D:/Xilinx/Vitis_HLS/2022.2/common/technology/autopilot\ap_int_base.h:1494:427)
INFO: [HLS 214-131] Inlining function 'ssdm_int<64, true>::ssdm_int(long)' into 'ap_int_base<64, true>::ap_int_base<56, true>(ap_int_base<56, true> const&)' (D:/Xilinx/Vitis_HLS/2022.2/common/technology/autopilot\ap_int_base.h:185:106)
INFO: [HLS 214-131] Inlining function 'ssdm_int<64, true>::ssdm_int(long)' into 'ap_int_base<64, true>::ap_int_base<8, false>(ap_int_base<8, false> const&)' (D:/Xilinx/Vitis_HLS/2022.2/common/technology/autopilot\ap_int_base.h:185:106)
INFO: [HLS 214-131] Inlining function 'ssdm_int<64, true>::ssdm_int(long)' into 'ap_int_base<64, true>::ap_int_base(int)' (D:/Xilinx/Vitis_HLS/2022.2/common/technology/autopilot\ap_int_base.h:214:67)
INFO: [HLS 214-131] Inlining function 'ap_int_base<64, true>::ap_int_base<56, true>(ap_int_base<56, true> const&)' into 'ap_int_base<56, true>::RType<8, false>::mult operator*<56, true, 8, false>(ap_int_base<56, true> const&, ap_int_base<8, false> const&)' (D:/Xilinx/Vitis_HLS/2022.2/common/technology/autopilot\ap_int_base.h:1494:339)
INFO: [HLS 214-131] Inlining function 'ap_int_base<64, true>::ap_int_base(int)' into 'ap_int_base<56, true>::RType<8, false>::mult operator*<56, true, 8, false>(ap_int_base<56, true> const&, ap_int_base<8, false> const&)' (D:/Xilinx/Vitis_HLS/2022.2/common/technology/autopilot\ap_int_base.h:1494:516)
INFO: [HLS 214-131] Inlining function 'ap_int_base<64, true>::ap_int_base<8, false>(ap_int_base<8, false> const&)' into 'ap_int_base<56, true>::RType<8, false>::mult operator*<56, true, 8, false>(ap_int_base<56, true> const&, ap_int_base<8, false> const&)' (D:/Xilinx/Vitis_HLS/2022.2/common/technology/autopilot\ap_int_base.h:1494:427)
INFO: [HLS 214-131] Inlining function '_ZN8ssdm_intILi48ELb1EEC2EDq48_i' into 'ap_int_base<48, true>::ap_int_base<40, true>(ap_int_base<40, true> const&)' (D:/Xilinx/Vitis_HLS/2022.2/common/technology/autopilot\ap_int_base.h:185:106)
INFO: [HLS 214-131] Inlining function '_ZN8ssdm_intILi48ELb1EEC2EDq48_i' into 'ap_int_base<48, true>::ap_int_base<8, false>(ap_int_base<8, false> const&)' (D:/Xilinx/Vitis_HLS/2022.2/common/technology/autopilot\ap_int_base.h:185:106)
INFO: [HLS 214-131] Inlining function 'ap_int_base<48, true>::ap_int_base<40, true>(ap_int_base<40, true> const&)' into 'ap_int_base<40, true>::RType<8, false>::mult operator*<40, true, 8, false>(ap_int_base<40, true> const&, ap_int_base<8, false> const&)' (D:/Xilinx/Vitis_HLS/2022.2/common/technology/autopilot\ap_int_base.h:1494:339)
INFO: [HLS 214-131] Inlining function 'ap_int_base<48, true>::ap_int_base(int)' into 'ap_int_base<40, true>::RType<8, false>::mult operator*<40, true, 8, false>(ap_int_base<40, true> const&, ap_int_base<8, false> const&)' (D:/Xilinx/Vitis_HLS/2022.2/common/technology/autopilot\ap_int_base.h:1494:516)
INFO: [HLS 214-131] Inlining function 'ap_int_base<48, true>::ap_int_base<8, false>(ap_int_base<8, false> const&)' into 'ap_int_base<40, true>::RType<8, false>::mult operator*<40, true, 8, false>(ap_int_base<40, true> const&, ap_int_base<8, false> const&)' (D:/Xilinx/Vitis_HLS/2022.2/common/technology/autopilot\ap_int_base.h:1494:427)
INFO: [HLS 214-131] Inlining function '_ZN8ssdm_intILi65ELb1EEC2EDq65_i' into 'ap_int_base<65, true>::ap_int_base<64, true>(ap_int_base<64, true> const&)' (D:/Xilinx/Vitis_HLS/2022.2/common/technology/autopilot\ap_int_base.h:185:106)
INFO: [HLS 214-131] Inlining function '_ZN8ssdm_intILi65ELb1EEC2EDq65_i' into 'ap_int_base<65, true>::ap_int_base<48, true>(ap_int_base<48, true> const&)' (D:/Xilinx/Vitis_HLS/2022.2/common/technology/autopilot\ap_int_base.h:185:106)
INFO: [HLS 214-131] Inlining function 'ap_int_base<65, true>::ap_int_base<64, true>(ap_int_base<64, true> const&)' into 'ap_int_base<64, true>::RType<48, true>::plus operator+<64, true, 48, true>(ap_int_base<64, true> const&, ap_int_base<48, true> const&)' (D:/Xilinx/Vitis_HLS/2022.2/common/technology/autopilot\ap_int_base.h:1495:339)
INFO: [HLS 214-131] Inlining function 'ap_int_base<65, true>::ap_int_base(int)' into 'ap_int_base<64, true>::RType<48, true>::plus operator+<64, true, 48, true>(ap_int_base<64, true> const&, ap_int_base<48, true> const&)' (D:/Xilinx/Vitis_HLS/2022.2/common/technology/autopilot\ap_int_base.h:1495:516)
INFO: [HLS 214-131] Inlining function 'ap_int_base<65, true>::ap_int_base<48, true>(ap_int_base<48, true> const&)' into 'ap_int_base<64, true>::RType<48, true>::plus operator+<64, true, 48, true>(ap_int_base<64, true> const&, ap_int_base<48, true> const&)' (D:/Xilinx/Vitis_HLS/2022.2/common/technology/autopilot\ap_int_base.h:1495:427)
INFO: [HLS 214-131] Inlining function '_ZN8ssdm_intILi66ELb1EEC2EDq66_i' into 'ap_int_base<66, true>::ap_int_base<40, true>(ap_int_base<40, true> const&)' (D:/Xilinx/Vitis_HLS/2022.2/common/technology/autopilot\ap_int_base.h:185:106)
INFO: [HLS 214-131] Inlining function 'ap_int_base<66, true>::ap_int_base<65, true>(ap_int_base<65, true> const&)' into 'ap_int_base<65, true>::RType<40, true>::plus operator+<65, true, 40, true>(ap_int_base<65, true> const&, ap_int_base<40, true> const&)' (D:/Xilinx/Vitis_HLS/2022.2/common/technology/autopilot\ap_int_base.h:1495:339)
INFO: [HLS 214-131] Inlining function 'ap_int_base<66, true>::ap_int_base(int)' into 'ap_int_base<65, true>::RType<40, true>::plus operator+<65, true, 40, true>(ap_int_base<65, true> const&, ap_int_base<40, true> const&)' (D:/Xilinx/Vitis_HLS/2022.2/common/technology/autopilot\ap_int_base.h:1495:516)
INFO: [HLS 214-131] Inlining function 'ap_int_base<66, true>::ap_int_base<40, true>(ap_int_base<40, true> const&)' into 'ap_int_base<65, true>::RType<40, true>::plus operator+<65, true, 40, true>(ap_int_base<65, true> const&, ap_int_base<40, true> const&)' (D:/Xilinx/Vitis_HLS/2022.2/common/technology/autopilot\ap_int_base.h:1495:427)
INFO: [HLS 214-131] Inlining function '_ZN8ssdm_intILi67ELb1EEC2EDq67_i' into 'ap_int_base<67, true>::ap_int_base<66, true>(ap_int_base<66, true> const&)' (D:/Xilinx/Vitis_HLS/2022.2/common/technology/autopilot\ap_int_base.h:185:106)
INFO: [HLS 214-131] Inlining function '_ZN8ssdm_intILi67ELb1EEC2EDq67_i' into 'ap_int_base<67, true>::ap_int_base<32, true>(ap_int_base<32, true> const&)' (D:/Xilinx/Vitis_HLS/2022.2/common/technology/autopilot\ap_int_base.h:185:106)
INFO: [HLS 214-131] Inlining function '_ZN8ssdm_intILi67ELb1EEC2EDq67_i' into 'ap_int_base<67, true>::ap_int_base(int)' (D:/Xilinx/Vitis_HLS/2022.2/common/technology/autopilot\ap_int_base.h:214:67)
INFO: [HLS 214-131] Inlining function 'ap_int_base<67, true>::ap_int_base<66, true>(ap_int_base<66, true> const&)' into 'ap_int_base<66, true>::RType<32, true>::plus operator+<66, true, 32, true>(ap_int_base<66, true> const&, ap_int_base<32, true> const&)' (D:/Xilinx/Vitis_HLS/2022.2/common/technology/autopilot\ap_int_base.h:1495:339)
INFO: [HLS 214-131] Inlining function 'ap_int_base<67, true>::ap_int_base(int)' into 'ap_int_base<66, true>::RType<32, true>::plus operator+<66, true, 32, true>(ap_int_base<66, true> const&, ap_int_base<32, true> const&)' (D:/Xilinx/Vitis_HLS/2022.2/common/technology/autopilot\ap_int_base.h:1495:516)
INFO: [HLS 214-131] Inlining function 'ap_int_base<67, true>::ap_int_base<32, true>(ap_int_base<32, true> const&)' into 'ap_int_base<66, true>::RType<32, true>::plus operator+<66, true, 32, true>(ap_int_base<66, true> const&, ap_int_base<32, true> const&)' (D:/Xilinx/Vitis_HLS/2022.2/common/technology/autopilot\ap_int_base.h:1495:427)
INFO: [HLS 214-131] Inlining function 'ap_int_base<32, true>::ap_int_base(int)' into 'ap_int_base<66, true>::RType<($_0)32, true>::plus operator+<66, true>(ap_int_base<66, true> const&, int)' (D:/Xilinx/Vitis_HLS/2022.2/common/technology/autopilot\ap_int_base.h:1633:1006)
INFO: [HLS 214-131] Inlining function 'ap_int_base<66, true>::RType<32, true>::plus operator+<66, true, 32, true>(ap_int_base<66, true> const&, ap_int_base<32, true> const&)' into 'ap_int_base<66, true>::RType<($_0)32, true>::plus operator+<66, true>(ap_int_base<66, true> const&, int)' (D:/Xilinx/Vitis_HLS/2022.2/common/technology/autopilot\ap_int_base.h:1633:1004)
INFO: [HLS 214-131] Inlining function '_ZN8ssdm_intILi49ELb1EEC2EDq49_i' into 'ap_int_base<49, true>::ap_int_base<40, true>(ap_int_base<40, true> const&)' (D:/Xilinx/Vitis_HLS/2022.2/common/technology/autopilot\ap_int_base.h:185:106)
INFO: [HLS 214-131] Inlining function 'ap_int_base<49, true>::ap_int_base<48, true>(ap_int_base<48, true> const&)' into 'ap_int_base<48, true>::RType<40, true>::plus operator+<48, true, 40, true>(ap_int_base<48, true> const&, ap_int_base<40, true> const&)' (D:/Xilinx/Vitis_HLS/2022.2/common/technology/autopilot\ap_int_base.h:1495:339)
INFO: [HLS 214-131] Inlining function 'ap_int_base<49, true>::ap_int_base(int)' into 'ap_int_base<48, true>::RType<40, true>::plus operator+<48, true, 40, true>(ap_int_base<48, true> const&, ap_int_base<40, true> const&)' (D:/Xilinx/Vitis_HLS/2022.2/common/technology/autopilot\ap_int_base.h:1495:516)
INFO: [HLS 214-131] Inlining function 'ap_int_base<49, true>::ap_int_base<40, true>(ap_int_base<40, true> const&)' into 'ap_int_base<48, true>::RType<40, true>::plus operator+<48, true, 40, true>(ap_int_base<48, true> const&, ap_int_base<40, true> const&)' (D:/Xilinx/Vitis_HLS/2022.2/common/technology/autopilot\ap_int_base.h:1495:427)
INFO: [HLS 214-131] Inlining function '_ZN8ssdm_intILi50ELb1EEC2EDq50_i' into 'ap_int_base<50, true>::ap_int_base<49, true>(ap_int_base<49, true> const&)' (D:/Xilinx/Vitis_HLS/2022.2/common/technology/autopilot\ap_int_base.h:185:106)
INFO: [HLS 214-131] Inlining function '_ZN8ssdm_intILi50ELb1EEC2EDq50_i' into 'ap_int_base<50, true>::ap_int_base<32, true>(ap_int_base<32, true> const&)' (D:/Xilinx/Vitis_HLS/2022.2/common/technology/autopilot\ap_int_base.h:185:106)
INFO: [HLS 214-131] Inlining function '_ZN8ssdm_intILi50ELb1EEC2EDq50_i' into 'ap_int_base<50, true>::ap_int_base(int)' (D:/Xilinx/Vitis_HLS/2022.2/common/technology/autopilot\ap_int_base.h:214:67)
INFO: [HLS 214-131] Inlining function 'ap_int_base<50, true>::ap_int_base<49, true>(ap_int_base<49, true> const&)' into 'ap_int_base<49, true>::RType<32, true>::plus operator+<49, true, 32, true>(ap_int_base<49, true> const&, ap_int_base<32, true> const&)' (D:/Xilinx/Vitis_HLS/2022.2/common/technology/autopilot\ap_int_base.h:1495:339)
INFO: [HLS 214-131] Inlining function 'ap_int_base<50, true>::ap_int_base(int)' into 'ap_int_base<49, true>::RType<32, true>::plus operator+<49, true, 32, true>(ap_int_base<49, true> const&, ap_int_base<32, true> const&)' (D:/Xilinx/Vitis_HLS/2022.2/common/technology/autopilot\ap_int_base.h:1495:516)
INFO: [HLS 214-131] Inlining function 'ap_int_base<50, true>::ap_int_base<32, true>(ap_int_base<32, true> const&)' into 'ap_int_base<49, true>::RType<32, true>::plus operator+<49, true, 32, true>(ap_int_base<49, true> const&, ap_int_base<32, true> const&)' (D:/Xilinx/Vitis_HLS/2022.2/common/technology/autopilot\ap_int_base.h:1495:427)
INFO: [HLS 214-131] Inlining function 'ap_int_base<32, true>::ap_int_base(int)' into 'ap_int_base<49, true>::RType<($_0)32, true>::plus operator+<49, true>(ap_int_base<49, true> const&, int)' (D:/Xilinx/Vitis_HLS/2022.2/common/technology/autopilot\ap_int_base.h:1633:1006)
INFO: [HLS 214-131] Inlining function 'ap_int_base<49, true>::RType<32, true>::plus operator+<49, true, 32, true>(ap_int_base<49, true> const&, ap_int_base<32, true> const&)' into 'ap_int_base<49, true>::RType<($_0)32, true>::plus operator+<49, true>(ap_int_base<49, true> const&, int)' (D:/Xilinx/Vitis_HLS/2022.2/common/technology/autopilot\ap_int_base.h:1633:1004)
INFO: [HLS 214-131] Inlining function 'ap_int_base<8, false>::RType<($_0)32, true>::mult operator*<8, false>(int, ap_int_base<8, false> const&)' into 'conv_bn_relu(ap_uint<2>, ap_uint<16>, ap_uint<16>, ap_uint<16>, ap_uint<16>, ap_uint<8>, ap_uint<8>, ap_uint<8>, float*, float*, float*, float*, float*, float*, float*)' (../ip/ip6/conv_bn_relu.cpp:44:35)
INFO: [HLS 214-131] Inlining function 'ap_int_base<66, true>::operator long long() const' into 'conv_bn_relu(ap_uint<2>, ap_uint<16>, ap_uint<16>, ap_uint<16>, ap_uint<16>, ap_uint<8>, ap_uint<8>, ap_uint<8>, float*, float*, float*, float*, float*, float*, float*)' (../ip/ip6/conv_bn_relu.cpp:275:46)
INFO: [HLS 214-131] Inlining function 'ap_int_base<65, true>::RType<($_0)32, true>::plus operator+<65, true>(ap_int_base<65, true> const&, int)' into 'conv_bn_relu(ap_uint<2>, ap_uint<16>, ap_uint<16>, ap_uint<16>, ap_uint<16>, ap_uint<8>, ap_uint<8>, ap_uint<8>, float*, float*, float*, float*, float*, float*, float*)' (../ip/ip6/conv_bn_relu.cpp:275:78)
INFO: [HLS 214-131] Inlining function 'ap_int_base<49, true>::RType<16, false>::mult operator*<49, true, 16, false>(ap_int_base<49, true> const&, ap_int_base<16, false> const&)' into 'conv_bn_relu(ap_uint<2>, ap_uint<16>, ap_uint<16>, ap_uint<16>, ap_uint<16>, ap_uint<8>, ap_uint<8>, ap_uint<8>, float*, float*, float*, float*, float*, float*, float*)' (../ip/ip6/conv_bn_relu.cpp:275:70)
INFO: [HLS 214-131] Inlining function 'ap_int_base<48, true>::RType<($_0)32, true>::plus operator+<48, true>(ap_int_base<48, true> const&, int)' into 'conv_bn_relu(ap_uint<2>, ap_uint<16>, ap_uint<16>, ap_uint<16>, ap_uint<16>, ap_uint<8>, ap_uint<8>, ap_uint<8>, float*, float*, float*, float*, float*, float*, float*)' (../ip/ip6/conv_bn_relu.cpp:275:61)
INFO: [HLS 214-131] Inlining function 'ap_int_base<16, false>::RType<($_0)32, true>::mult operator*<16, false>(int, ap_int_base<16, false> const&)' into 'conv_bn_relu(ap_uint<2>, ap_uint<16>, ap_uint<16>, ap_uint<16>, ap_uint<16>, ap_uint<8>, ap_uint<8>, ap_uint<8>, float*, float*, float*, float*, float*, float*, float*)' (../ip/ip6/conv_bn_relu.cpp:275:53)
INFO: [HLS 214-131] Inlining function 'ap_int_base<66, true>::operator long long() const' into 'conv_bn_relu(ap_uint<2>, ap_uint<16>, ap_uint<16>, ap_uint<16>, ap_uint<16>, ap_uint<8>, ap_uint<8>, ap_uint<8>, float*, float*, float*, float*, float*, float*, float*)' (../ip/ip6/conv_bn_relu.cpp:260:57)
INFO: [HLS 214-131] Inlining function 'ap_int_base<65, true>::RType<($_0)32, true>::plus operator+<65, true>(ap_int_base<65, true> const&, int)' into 'conv_bn_relu(ap_uint<2>, ap_uint<16>, ap_uint<16>, ap_uint<16>, ap_uint<16>, ap_uint<8>, ap_uint<8>, ap_uint<8>, float*, float*, float*, float*, float*, float*, float*)' (../ip/ip6/conv_bn_relu.cpp:260:85)
INFO: [HLS 214-131] Inlining function 'ap_int_base<49, true>::RType<16, false>::mult operator*<49, true, 16, false>(ap_int_base<49, true> const&, ap_int_base<16, false> const&)' into 'conv_bn_relu(ap_uint<2>, ap_uint<16>, ap_uint<16>, ap_uint<16>, ap_uint<16>, ap_uint<8>, ap_uint<8>, ap_uint<8>, float*, float*, float*, float*, float*, float*, float*)' (../ip/ip6/conv_bn_relu.cpp:260:78)
INFO: [HLS 214-131] Inlining function 'ap_int_base<48, true>::RType<($_0)32, true>::plus operator+<48, true>(ap_int_base<48, true> const&, int)' into 'conv_bn_relu(ap_uint<2>, ap_uint<16>, ap_uint<16>, ap_uint<16>, ap_uint<16>, ap_uint<8>, ap_uint<8>, ap_uint<8>, float*, float*, float*, float*, float*, float*, float*)' (../ip/ip6/conv_bn_relu.cpp:260:70)
INFO: [HLS 214-131] Inlining function 'ap_int_base<16, false>::RType<($_0)32, true>::mult operator*<16, false>(int, ap_int_base<16, false> const&)' into 'conv_bn_relu(ap_uint<2>, ap_uint<16>, ap_uint<16>, ap_uint<16>, ap_uint<16>, ap_uint<8>, ap_uint<8>, ap_uint<8>, float*, float*, float*, float*, float*, float*, float*)' (../ip/ip6/conv_bn_relu.cpp:260:63)
INFO: [HLS 214-131] Inlining function 'bool operator<<16, false>(int, ap_int_base<16, false> const&)' into 'conv_bn_relu(ap_uint<2>, ap_uint<16>, ap_uint<16>, ap_uint<16>, ap_uint<16>, ap_uint<8>, ap_uint<8>, ap_uint<8>, float*, float*, float*, float*, float*, float*, float*)' (../ip/ip6/conv_bn_relu.cpp:258:73)
INFO: [HLS 214-131] Inlining function 'bool operator<<16, false>(int, ap_int_base<16, false> const&)' into 'conv_bn_relu(ap_uint<2>, ap_uint<16>, ap_uint<16>, ap_uint<16>, ap_uint<16>, ap_uint<8>, ap_uint<8>, ap_uint<8>, float*, float*, float*, float*, float*, float*, float*)' (../ip/ip6/conv_bn_relu.cpp:257:73)
INFO: [HLS 214-131] Inlining function 'ap_int_base<42, true>::operator long long() const' into 'conv_bn_relu(ap_uint<2>, ap_uint<16>, ap_uint<16>, ap_uint<16>, ap_uint<16>, ap_uint<8>, ap_uint<8>, ap_uint<8>, float*, float*, float*, float*, float*, float*, float*)' (../ip/ip6/conv_bn_relu.cpp:254:48)
INFO: [HLS 214-131] Inlining function 'ap_int_base<41, true>::RType<8, false>::minus operator-<41, true, 8, false>(ap_int_base<41, true> const&, ap_int_base<8, false> const&)' into 'conv_bn_relu(ap_uint<2>, ap_uint<16>, ap_uint<16>, ap_uint<16>, ap_uint<16>, ap_uint<8>, ap_uint<8>, ap_uint<8>, float*, float*, float*, float*, float*, float*, float*)' (../ip/ip6/conv_bn_relu.cpp:254:68)
INFO: [HLS 214-131] Inlining function 'ap_int_base<40, true>::RType<($_0)32, true>::plus operator+<40, true>(ap_int_base<40, true> const&, int)' into 'conv_bn_relu(ap_uint<2>, ap_uint<16>, ap_uint<16>, ap_uint<16>, ap_uint<16>, ap_uint<8>, ap_uint<8>, ap_uint<8>, float*, float*, float*, float*, float*, float*, float*)' (../ip/ip6/conv_bn_relu.cpp:254:63)
INFO: [HLS 214-131] Inlining function 'ap_int_base<8, false>::RType<($_0)32, true>::mult operator*<8, false>(int, ap_int_base<8, false> const&)' into 'conv_bn_relu(ap_uint<2>, ap_uint<16>, ap_uint<16>, ap_uint<16>, ap_uint<16>, ap_uint<8>, ap_uint<8>, ap_uint<8>, float*, float*, float*, float*, float*, float*, float*)' (../ip/ip6/conv_bn_relu.cpp:254:54)
INFO: [HLS 214-131] Inlining function 'ap_int_base<42, true>::operator long long() const' into 'conv_bn_relu(ap_uint<2>, ap_uint<16>, ap_uint<16>, ap_uint<16>, ap_uint<16>, ap_uint<8>, ap_uint<8>, ap_uint<8>, float*, float*, float*, float*, float*, float*, float*)' (../ip/ip6/conv_bn_relu.cpp:253:48)
INFO: [HLS 214-131] Inlining function 'ap_int_base<41, true>::RType<8, false>::minus operator-<41, true, 8, false>(ap_int_base<41, true> const&, ap_int_base<8, false> const&)' into 'conv_bn_relu(ap_uint<2>, ap_uint<16>, ap_uint<16>, ap_uint<16>, ap_uint<16>, ap_uint<8>, ap_uint<8>, ap_uint<8>, float*, float*, float*, float*, float*, float*, float*)' (../ip/ip6/conv_bn_relu.cpp:253:68)
INFO: [HLS 214-131] Inlining function 'ap_int_base<40, true>::RType<($_0)32, true>::plus operator+<40, true>(ap_int_base<40, true> const&, int)' into 'conv_bn_relu(ap_uint<2>, ap_uint<16>, ap_uint<16>, ap_uint<16>, ap_uint<16>, ap_uint<8>, ap_uint<8>, ap_uint<8>, float*, float*, float*, float*, float*, float*, float*)' (../ip/ip6/conv_bn_relu.cpp:253:63)
INFO: [HLS 214-131] Inlining function 'ap_int_base<8, false>::RType<($_0)32, true>::mult operator*<8, false>(int, ap_int_base<8, false> const&)' into 'conv_bn_relu(ap_uint<2>, ap_uint<16>, ap_uint<16>, ap_uint<16>, ap_uint<16>, ap_uint<8>, ap_uint<8>, ap_uint<8>, float*, float*, float*, float*, float*, float*, float*)' (../ip/ip6/conv_bn_relu.cpp:253:54)
INFO: [HLS 214-131] Inlining function 'bool operator<<8, false>(int, ap_int_base<8, false> const&)' into 'conv_bn_relu(ap_uint<2>, ap_uint<16>, ap_uint<16>, ap_uint<16>, ap_uint<16>, ap_uint<8>, ap_uint<8>, ap_uint<8>, float*, float*, float*, float*, float*, float*, float*)' (../ip/ip6/conv_bn_relu.cpp:251:72)
INFO: [HLS 214-131] Inlining function 'bool operator<<8, false>(int, ap_int_base<8, false> const&)' into 'conv_bn_relu(ap_uint<2>, ap_uint<16>, ap_uint<16>, ap_uint<16>, ap_uint<16>, ap_uint<8>, ap_uint<8>, ap_uint<8>, float*, float*, float*, float*, float*, float*, float*)' (../ip/ip6/conv_bn_relu.cpp:250:41)
INFO: [HLS 214-131] Inlining function 'ap_int_base<50, true>::operator long long() const' into 'conv_bn_relu(ap_uint<2>, ap_uint<16>, ap_uint<16>, ap_uint<16>, ap_uint<16>, ap_uint<8>, ap_uint<8>, ap_uint<8>, float*, float*, float*, float*, float*, float*, float*)' (../ip/ip6/conv_bn_relu.cpp:237:44)
INFO: [HLS 214-131] Inlining function 'ap_int_base<49, true>::RType<($_0)32, true>::plus operator+<49, true>(ap_int_base<49, true> const&, int)' into 'conv_bn_relu(ap_uint<2>, ap_uint<16>, ap_uint<16>, ap_uint<16>, ap_uint<16>, ap_uint<8>, ap_uint<8>, ap_uint<8>, float*, float*, float*, float*, float*, float*, float*)' (../ip/ip6/conv_bn_relu.cpp:237:96)
INFO: [HLS 214-131] Inlining function 'ap_int_base<48, true>::RType<40, true>::plus operator+<48, true, 40, true>(ap_int_base<48, true> const&, ap_int_base<40, true> const&)' into 'conv_bn_relu(ap_uint<2>, ap_uint<16>, ap_uint<16>, ap_uint<16>, ap_uint<16>, ap_uint<8>, ap_uint<8>, ap_uint<8>, float*, float*, float*, float*, float*, float*, float*)' (../ip/ip6/conv_bn_relu.cpp:237:77)
INFO: [HLS 214-131] Inlining function 'ap_int_base<8, false>::RType<($_0)32, true>::mult operator*<8, false>(int, ap_int_base<8, false> const&)' into 'conv_bn_relu(ap_uint<2>, ap_uint<16>, ap_uint<16>, ap_uint<16>, ap_uint<16>, ap_uint<8>, ap_uint<8>, ap_uint<8>, float*, float*, float*, float*, float*, float*, float*)' (../ip/ip6/conv_bn_relu.cpp:237:82)
INFO: [HLS 214-131] Inlining function 'ap_int_base<40, true>::RType<8, false>::mult operator*<40, true, 8, false>(ap_int_base<40, true> const&, ap_int_base<8, false> const&)' into 'conv_bn_relu(ap_uint<2>, ap_uint<16>, ap_uint<16>, ap_uint<16>, ap_uint<16>, ap_uint<8>, ap_uint<8>, ap_uint<8>, float*, float*, float*, float*, float*, float*, float*)' (../ip/ip6/conv_bn_relu.cpp:237:63)
INFO: [HLS 214-131] Inlining function 'ap_int_base<8, false>::RType<($_0)32, true>::mult operator*<8, false>(int, ap_int_base<8, false> const&)' into 'conv_bn_relu(ap_uint<2>, ap_uint<16>, ap_uint<16>, ap_uint<16>, ap_uint<16>, ap_uint<8>, ap_uint<8>, ap_uint<8>, float*, float*, float*, float*, float*, float*, float*)' (../ip/ip6/conv_bn_relu.cpp:237:49)
INFO: [HLS 214-131] Inlining function 'bool operator<<8, false>(int, ap_int_base<8, false> const&)' into 'conv_bn_relu(ap_uint<2>, ap_uint<16>, ap_uint<16>, ap_uint<16>, ap_uint<16>, ap_uint<8>, ap_uint<8>, ap_uint<8>, float*, float*, float*, float*, float*, float*, float*)' (../ip/ip6/conv_bn_relu.cpp:236:64)
INFO: [HLS 214-131] Inlining function 'bool operator<<8, false>(int, ap_int_base<8, false> const&)' into 'conv_bn_relu(ap_uint<2>, ap_uint<16>, ap_uint<16>, ap_uint<16>, ap_uint<16>, ap_uint<8>, ap_uint<8>, ap_uint<8>, float*, float*, float*, float*, float*, float*, float*)' (../ip/ip6/conv_bn_relu.cpp:235:41)
INFO: [HLS 214-131] Inlining function 'bool operator<<16, false>(int, ap_int_base<16, false> const&)' into 'conv_bn_relu(ap_uint<2>, ap_uint<16>, ap_uint<16>, ap_uint<16>, ap_uint<16>, ap_uint<8>, ap_uint<8>, ap_uint<8>, float*, float*, float*, float*, float*, float*, float*)' (../ip/ip6/conv_bn_relu.cpp:225:62)
INFO: [HLS 214-131] Inlining function 'ap_int_base<16, false>::operator unsigned long long() const' into 'conv_bn_relu(ap_uint<2>, ap_uint<16>, ap_uint<16>, ap_uint<16>, ap_uint<16>, ap_uint<8>, ap_uint<8>, ap_uint<8>, float*, float*, float*, float*, float*, float*, float*)' (../ip/ip6/conv_bn_relu.cpp:222:56)
INFO: [HLS 214-131] Inlining function 'ap_int_base<16, false>::operator unsigned long long() const' into 'conv_bn_relu(ap_uint<2>, ap_uint<16>, ap_uint<16>, ap_uint<16>, ap_uint<16>, ap_uint<8>, ap_uint<8>, ap_uint<8>, float*, float*, float*, float*, float*, float*, float*)' (../ip/ip6/conv_bn_relu.cpp:221:55)
INFO: [HLS 214-131] Inlining function 'bool operator<<16, false>(int, ap_int_base<16, false> const&)' into 'conv_bn_relu(ap_uint<2>, ap_uint<16>, ap_uint<16>, ap_uint<16>, ap_uint<16>, ap_uint<8>, ap_uint<8>, ap_uint<8>, float*, float*, float*, float*, float*, float*, float*)' (../ip/ip6/conv_bn_relu.cpp:219:66)
INFO: [HLS 214-131] Inlining function 'ap_int_base<16, false>::operator unsigned long long() const' into 'conv_bn_relu(ap_uint<2>, ap_uint<16>, ap_uint<16>, ap_uint<16>, ap_uint<16>, ap_uint<8>, ap_uint<8>, ap_uint<8>, float*, float*, float*, float*, float*, float*, float*)' (../ip/ip6/conv_bn_relu.cpp:216:52)
INFO: [HLS 214-131] Inlining function 'ap_int_base<16, false>::operator unsigned long long() const' into 'conv_bn_relu(ap_uint<2>, ap_uint<16>, ap_uint<16>, ap_uint<16>, ap_uint<16>, ap_uint<8>, ap_uint<8>, ap_uint<8>, float*, float*, float*, float*, float*, float*, float*)' (../ip/ip6/conv_bn_relu.cpp:215:51)
INFO: [HLS 214-131] Inlining function 'bool operator<<16, false>(int, ap_int_base<16, false> const&)' into 'conv_bn_relu(ap_uint<2>, ap_uint<16>, ap_uint<16>, ap_uint<16>, ap_uint<16>, ap_uint<8>, ap_uint<8>, ap_uint<8>, float*, float*, float*, float*, float*, float*, float*)' (../ip/ip6/conv_bn_relu.cpp:213:62)
INFO: [HLS 214-131] Inlining function 'bool operator<<16, false>(int, ap_int_base<16, false> const&)' into 'conv_bn_relu(ap_uint<2>, ap_uint<16>, ap_uint<16>, ap_uint<16>, ap_uint<16>, ap_uint<8>, ap_uint<8>, ap_uint<8>, float*, float*, float*, float*, float*, float*, float*)' (../ip/ip6/conv_bn_relu.cpp:205:59)
INFO: [HLS 214-131] Inlining function 'bool operator==<2, false>(ap_int_base<2, false> const&, int)' into 'conv_bn_relu(ap_uint<2>, ap_uint<16>, ap_uint<16>, ap_uint<16>, ap_uint<16>, ap_uint<8>, ap_uint<8>, ap_uint<8>, float*, float*, float*, float*, float*, float*, float*)' (../ip/ip6/conv_bn_relu.cpp:196:26)
INFO: [HLS 214-131] Inlining function 'ap_int_base<66, true>::operator long long() const' into 'conv_bn_relu(ap_uint<2>, ap_uint<16>, ap_uint<16>, ap_uint<16>, ap_uint<16>, ap_uint<8>, ap_uint<8>, ap_uint<8>, float*, float*, float*, float*, float*, float*, float*)' (../ip/ip6/conv_bn_relu.cpp:188:50)
INFO: [HLS 214-131] Inlining function 'ap_int_base<65, true>::RType<($_0)32, true>::plus operator+<65, true>(ap_int_base<65, true> const&, int)' into 'conv_bn_relu(ap_uint<2>, ap_uint<16>, ap_uint<16>, ap_uint<16>, ap_uint<16>, ap_uint<8>, ap_uint<8>, ap_uint<8>, float*, float*, float*, float*, float*, float*, float*)' (../ip/ip6/conv_bn_relu.cpp:188:82)
INFO: [HLS 214-131] Inlining function 'ap_int_base<49, true>::RType<16, false>::mult operator*<49, true, 16, false>(ap_int_base<49, true> const&, ap_int_base<16, false> const&)' into 'conv_bn_relu(ap_uint<2>, ap_uint<16>, ap_uint<16>, ap_uint<16>, ap_uint<16>, ap_uint<8>, ap_uint<8>, ap_uint<8>, float*, float*, float*, float*, float*, float*, float*)' (../ip/ip6/conv_bn_relu.cpp:188:74)
INFO: [HLS 214-131] Inlining function 'ap_int_base<48, true>::RType<($_0)32, true>::plus operator+<48, true>(ap_int_base<48, true> const&, int)' into 'conv_bn_relu(ap_uint<2>, ap_uint<16>, ap_uint<16>, ap_uint<16>, ap_uint<16>, ap_uint<8>, ap_uint<8>, ap_uint<8>, float*, float*, float*, float*, float*, float*, float*)' (../ip/ip6/conv_bn_relu.cpp:188:65)
INFO: [HLS 214-131] Inlining function 'ap_int_base<16, false>::RType<($_0)32, true>::mult operator*<16, false>(int, ap_int_base<16, false> const&)' into 'conv_bn_relu(ap_uint<2>, ap_uint<16>, ap_uint<16>, ap_uint<16>, ap_uint<16>, ap_uint<8>, ap_uint<8>, ap_uint<8>, float*, float*, float*, float*, float*, float*, float*)' (../ip/ip6/conv_bn_relu.cpp:188:57)
INFO: [HLS 214-131] Inlining function 'bool operator<<8, false>(int, ap_int_base<8, false> const&)' into 'conv_bn_relu(ap_uint<2>, ap_uint<16>, ap_uint<16>, ap_uint<16>, ap_uint<16>, ap_uint<8>, ap_uint<8>, ap_uint<8>, float*, float*, float*, float*, float*, float*, float*)' (../ip/ip6/conv_bn_relu.cpp:170:80)
INFO: [HLS 214-131] Inlining function 'bool operator<<8, false>(int, ap_int_base<8, false> const&)' into 'conv_bn_relu(ap_uint<2>, ap_uint<16>, ap_uint<16>, ap_uint<16>, ap_uint<16>, ap_uint<8>, ap_uint<8>, ap_uint<8>, float*, float*, float*, float*, float*, float*, float*)' (../ip/ip6/conv_bn_relu.cpp:169:76)
INFO: [HLS 214-131] Inlining function 'bool operator<<16, false>(int, ap_int_base<16, false> const&)' into 'conv_bn_relu(ap_uint<2>, ap_uint<16>, ap_uint<16>, ap_uint<16>, ap_uint<16>, ap_uint<8>, ap_uint<8>, ap_uint<8>, float*, float*, float*, float*, float*, float*, float*)' (../ip/ip6/conv_bn_relu.cpp:168:45)
INFO: [HLS 214-131] Inlining function 'ap_int_base<67, true>::operator long long() const' into 'conv_bn_relu(ap_uint<2>, ap_uint<16>, ap_uint<16>, ap_uint<16>, ap_uint<16>, ap_uint<8>, ap_uint<8>, ap_uint<8>, float*, float*, float*, float*, float*, float*, float*)' (../ip/ip6/conv_bn_relu.cpp:143:17)
INFO: [HLS 214-131] Inlining function 'ap_int_base<66, true>::RType<($_0)32, true>::plus operator+<66, true>(ap_int_base<66, true> const&, int)' into 'conv_bn_relu(ap_uint<2>, ap_uint<16>, ap_uint<16>, ap_uint<16>, ap_uint<16>, ap_uint<8>, ap_uint<8>, ap_uint<8>, float*, float*, float*, float*, float*, float*, float*)' (../ip/ip6/conv_bn_relu.cpp:145:68)
INFO: [HLS 214-131] Inlining function 'ap_int_base<65, true>::RType<40, true>::plus operator+<65, true, 40, true>(ap_int_base<65, true> const&, ap_int_base<40, true> const&)' into 'conv_bn_relu(ap_uint<2>, ap_uint<16>, ap_uint<16>, ap_uint<16>, ap_uint<16>, ap_uint<8>, ap_uint<8>, ap_uint<8>, float*, float*, float*, float*, float*, float*, float*)' (../ip/ip6/conv_bn_relu.cpp:144:84)
INFO: [HLS 214-131] Inlining function 'ap_int_base<8, false>::RType<($_0)32, true>::mult operator*<8, false>(int, ap_int_base<8, false> const&)' into 'conv_bn_relu(ap_uint<2>, ap_uint<16>, ap_uint<16>, ap_uint<16>, ap_uint<16>, ap_uint<8>, ap_uint<8>, ap_uint<8>, float*, float*, float*, float*, float*, float*, float*)' (../ip/ip6/conv_bn_relu.cpp:145:54)
INFO: [HLS 214-131] Inlining function 'ap_int_base<64, true>::RType<48, true>::plus operator+<64, true, 48, true>(ap_int_base<64, true> const&, ap_int_base<48, true> const&)' into 'conv_bn_relu(ap_uint<2>, ap_uint<16>, ap_uint<16>, ap_uint<16>, ap_uint<16>, ap_uint<8>, ap_uint<8>, ap_uint<8>, float*, float*, float*, float*, float*, float*, float*)' (../ip/ip6/conv_bn_relu.cpp:143:58)
INFO: [HLS 214-131] Inlining function 'ap_int_base<40, true>::RType<8, false>::mult operator*<40, true, 8, false>(ap_int_base<40, true> const&, ap_int_base<8, false> const&)' into 'conv_bn_relu(ap_uint<2>, ap_uint<16>, ap_uint<16>, ap_uint<16>, ap_uint<16>, ap_uint<8>, ap_uint<8>, ap_uint<8>, float*, float*, float*, float*, float*, float*, float*)' (../ip/ip6/conv_bn_relu.cpp:144:70)
INFO: [HLS 214-131] Inlining function 'ap_int_base<8, false>::RType<($_0)32, true>::mult operator*<8, false>(int, ap_int_base<8, false> const&)' into 'conv_bn_relu(ap_uint<2>, ap_uint<16>, ap_uint<16>, ap_uint<16>, ap_uint<16>, ap_uint<8>, ap_uint<8>, ap_uint<8>, float*, float*, float*, float*, float*, float*, float*)' (../ip/ip6/conv_bn_relu.cpp:144:56)
INFO: [HLS 214-131] Inlining function 'ap_int_base<56, true>::RType<8, false>::mult operator*<56, true, 8, false>(ap_int_base<56, true> const&, ap_int_base<8, false> const&)' into 'conv_bn_relu(ap_uint<2>, ap_uint<16>, ap_uint<16>, ap_uint<16>, ap_uint<16>, ap_uint<8>, ap_uint<8>, ap_uint<8>, float*, float*, float*, float*, float*, float*, float*)' (../ip/ip6/conv_bn_relu.cpp:143:44)
INFO: [HLS 214-131] Inlining function 'ap_int_base<48, true>::RType<8, false>::mult operator*<48, true, 8, false>(ap_int_base<48, true> const&, ap_int_base<8, false> const&)' into 'conv_bn_relu(ap_uint<2>, ap_uint<16>, ap_uint<16>, ap_uint<16>, ap_uint<16>, ap_uint<8>, ap_uint<8>, ap_uint<8>, float*, float*, float*, float*, float*, float*, float*)' (../ip/ip6/conv_bn_relu.cpp:143:30)
INFO: [HLS 214-131] Inlining function 'ap_int_base<16, false>::RType<($_0)32, true>::mult operator*<16, false>(int, ap_int_base<16, false> const&)' into 'conv_bn_relu(ap_uint<2>, ap_uint<16>, ap_uint<16>, ap_uint<16>, ap_uint<16>, ap_uint<8>, ap_uint<8>, ap_uint<8>, float*, float*, float*, float*, float*, float*, float*)' (../ip/ip6/conv_bn_relu.cpp:143:23)
INFO: [HLS 214-131] Inlining function 'bool operator<<8, false>(int, ap_int_base<8, false> const&)' into 'conv_bn_relu(ap_uint<2>, ap_uint<16>, ap_uint<16>, ap_uint<16>, ap_uint<16>, ap_uint<8>, ap_uint<8>, ap_uint<8>, float*, float*, float*, float*, float*, float*, float*)' (../ip/ip6/conv_bn_relu.cpp:141:72)
INFO: [HLS 214-131] Inlining function 'bool operator<<8, false>(int, ap_int_base<8, false> const&)' into 'conv_bn_relu(ap_uint<2>, ap_uint<16>, ap_uint<16>, ap_uint<16>, ap_uint<16>, ap_uint<8>, ap_uint<8>, ap_uint<8>, float*, float*, float*, float*, float*, float*, float*)' (../ip/ip6/conv_bn_relu.cpp:140:68)
INFO: [HLS 214-131] Inlining function 'bool operator<<16, false>(int, ap_int_base<16, false> const&)' into 'conv_bn_relu(ap_uint<2>, ap_uint<16>, ap_uint<16>, ap_uint<16>, ap_uint<16>, ap_uint<8>, ap_uint<8>, ap_uint<8>, float*, float*, float*, float*, float*, float*, float*)' (../ip/ip6/conv_bn_relu.cpp:139:67)
INFO: [HLS 214-131] Inlining function 'ap_int_base<66, true>::operator long long() const' into 'conv_bn_relu(ap_uint<2>, ap_uint<16>, ap_uint<16>, ap_uint<16>, ap_uint<16>, ap_uint<8>, ap_uint<8>, ap_uint<8>, float*, float*, float*, float*, float*, float*, float*)' (../ip/ip6/conv_bn_relu.cpp:127:53)
INFO: [HLS 214-131] Inlining function 'ap_int_base<65, true>::RType<($_0)32, true>::plus operator+<65, true>(ap_int_base<65, true> const&, int)' into 'conv_bn_relu(ap_uint<2>, ap_uint<16>, ap_uint<16>, ap_uint<16>, ap_uint<16>, ap_uint<8>, ap_uint<8>, ap_uint<8>, float*, float*, float*, float*, float*, float*, float*)' (../ip/ip6/conv_bn_relu.cpp:127:81)
INFO: [HLS 214-131] Inlining function 'ap_int_base<49, true>::RType<16, false>::mult operator*<49, true, 16, false>(ap_int_base<49, true> const&, ap_int_base<16, false> const&)' into 'conv_bn_relu(ap_uint<2>, ap_uint<16>, ap_uint<16>, ap_uint<16>, ap_uint<16>, ap_uint<8>, ap_uint<8>, ap_uint<8>, float*, float*, float*, float*, float*, float*, float*)' (../ip/ip6/conv_bn_relu.cpp:127:74)
INFO: [HLS 214-131] Inlining function 'ap_int_base<48, true>::RType<($_0)32, true>::plus operator+<48, true>(ap_int_base<48, true> const&, int)' into 'conv_bn_relu(ap_uint<2>, ap_uint<16>, ap_uint<16>, ap_uint<16>, ap_uint<16>, ap_uint<8>, ap_uint<8>, ap_uint<8>, float*, float*, float*, float*, float*, float*, float*)' (../ip/ip6/conv_bn_relu.cpp:127:66)
INFO: [HLS 214-131] Inlining function 'ap_int_base<16, false>::RType<($_0)32, true>::mult operator*<16, false>(int, ap_int_base<16, false> const&)' into 'conv_bn_relu(ap_uint<2>, ap_uint<16>, ap_uint<16>, ap_uint<16>, ap_uint<16>, ap_uint<8>, ap_uint<8>, ap_uint<8>, float*, float*, float*, float*, float*, float*, float*)' (../ip/ip6/conv_bn_relu.cpp:127:59)
INFO: [HLS 214-131] Inlining function 'bool operator<<16, false>(int, ap_int_base<16, false> const&)' into 'conv_bn_relu(ap_uint<2>, ap_uint<16>, ap_uint<16>, ap_uint<16>, ap_uint<16>, ap_uint<8>, ap_uint<8>, ap_uint<8>, float*, float*, float*, float*, float*, float*, float*)' (../ip/ip6/conv_bn_relu.cpp:125:69)
INFO: [HLS 214-131] Inlining function 'bool operator<<16, false>(int, ap_int_base<16, false> const&)' into 'conv_bn_relu(ap_uint<2>, ap_uint<16>, ap_uint<16>, ap_uint<16>, ap_uint<16>, ap_uint<8>, ap_uint<8>, ap_uint<8>, float*, float*, float*, float*, float*, float*, float*)' (../ip/ip6/conv_bn_relu.cpp:124:69)
INFO: [HLS 214-131] Inlining function 'ap_int_base<42, true>::operator long long() const' into 'conv_bn_relu(ap_uint<2>, ap_uint<16>, ap_uint<16>, ap_uint<16>, ap_uint<16>, ap_uint<8>, ap_uint<8>, ap_uint<8>, float*, float*, float*, float*, float*, float*, float*)' (../ip/ip6/conv_bn_relu.cpp:121:44)
INFO: [HLS 214-131] Inlining function 'ap_int_base<41, true>::RType<8, false>::minus operator-<41, true, 8, false>(ap_int_base<41, true> const&, ap_int_base<8, false> const&)' into 'conv_bn_relu(ap_uint<2>, ap_uint<16>, ap_uint<16>, ap_uint<16>, ap_uint<16>, ap_uint<8>, ap_uint<8>, ap_uint<8>, float*, float*, float*, float*, float*, float*, float*)' (../ip/ip6/conv_bn_relu.cpp:121:74)
INFO: [HLS 214-131] Inlining function 'ap_int_base<40, true>::RType<($_0)32, true>::plus operator+<40, true>(ap_int_base<40, true> const&, int)' into 'conv_bn_relu(ap_uint<2>, ap_uint<16>, ap_uint<16>, ap_uint<16>, ap_uint<16>, ap_uint<8>, ap_uint<8>, ap_uint<8>, float*, float*, float*, float*, float*, float*, float*)' (../ip/ip6/conv_bn_relu.cpp:121:63)
INFO: [HLS 214-131] Inlining function 'ap_int_base<8, false>::RType<($_0)32, true>::mult operator*<8, false>(int, ap_int_base<8, false> const&)' into 'conv_bn_relu(ap_uint<2>, ap_uint<16>, ap_uint<16>, ap_uint<16>, ap_uint<16>, ap_uint<8>, ap_uint<8>, ap_uint<8>, float*, float*, float*, float*, float*, float*, float*)' (../ip/ip6/conv_bn_relu.cpp:121:54)
INFO: [HLS 214-131] Inlining function 'ap_int_base<42, true>::operator long long() const' into 'conv_bn_relu(ap_uint<2>, ap_uint<16>, ap_uint<16>, ap_uint<16>, ap_uint<16>, ap_uint<8>, ap_uint<8>, ap_uint<8>, float*, float*, float*, float*, float*, float*, float*)' (../ip/ip6/conv_bn_relu.cpp:120:13)
INFO: [HLS 214-131] Inlining function 'ap_int_base<41, true>::RType<8, false>::minus operator-<41, true, 8, false>(ap_int_base<41, true> const&, ap_int_base<8, false> const&)' into 'conv_bn_relu(ap_uint<2>, ap_uint<16>, ap_uint<16>, ap_uint<16>, ap_uint<16>, ap_uint<8>, ap_uint<8>, ap_uint<8>, float*, float*, float*, float*, float*, float*, float*)' (../ip/ip6/conv_bn_relu.cpp:120:43)
INFO: [HLS 214-131] Inlining function 'ap_int_base<40, true>::RType<($_0)32, true>::plus operator+<40, true>(ap_int_base<40, true> const&, int)' into 'conv_bn_relu(ap_uint<2>, ap_uint<16>, ap_uint<16>, ap_uint<16>, ap_uint<16>, ap_uint<8>, ap_uint<8>, ap_uint<8>, float*, float*, float*, float*, float*, float*, float*)' (../ip/ip6/conv_bn_relu.cpp:120:32)
INFO: [HLS 214-131] Inlining function 'ap_int_base<8, false>::RType<($_0)32, true>::mult operator*<8, false>(int, ap_int_base<8, false> const&)' into 'conv_bn_relu(ap_uint<2>, ap_uint<16>, ap_uint<16>, ap_uint<16>, ap_uint<16>, ap_uint<8>, ap_uint<8>, ap_uint<8>, float*, float*, float*, float*, float*, float*, float*)' (../ip/ip6/conv_bn_relu.cpp:120:23)
INFO: [HLS 214-131] Inlining function 'bool operator<<16, false>(int, ap_int_base<16, false> const&)' into 'conv_bn_relu(ap_uint<2>, ap_uint<16>, ap_uint<16>, ap_uint<16>, ap_uint<16>, ap_uint<8>, ap_uint<8>, ap_uint<8>, float*, float*, float*, float*, float*, float*, float*)' (../ip/ip6/conv_bn_relu.cpp:117:71)
INFO: [HLS 214-131] Inlining function 'bool operator<<34, true>(int, ap_int_base<34, true> const&)' into 'conv_bn_relu(ap_uint<2>, ap_uint<16>, ap_uint<16>, ap_uint<16>, ap_uint<16>, ap_uint<8>, ap_uint<8>, ap_uint<8>, float*, float*, float*, float*, float*, float*, float*)' (../ip/ip6/conv_bn_relu.cpp:116:75)
INFO: [HLS 214-131] Inlining function 'ap_int_base<33, true>::RType<($_0)32, true>::minus operator-<33, true>(ap_int_base<33, true> const&, int)' into 'conv_bn_relu(ap_uint<2>, ap_uint<16>, ap_uint<16>, ap_uint<16>, ap_uint<16>, ap_uint<8>, ap_uint<8>, ap_uint<8>, float*, float*, float*, float*, float*, float*, float*)' (../ip/ip6/conv_bn_relu.cpp:116:113)
INFO: [HLS 214-131] Inlining function 'ap_int_base<8, false>::RType<($_0)32, true>::plus operator+<8, false>(int, ap_int_base<8, false> const&)' into 'conv_bn_relu(ap_uint<2>, ap_uint<16>, ap_uint<16>, ap_uint<16>, ap_uint<16>, ap_uint<8>, ap_uint<8>, ap_uint<8>, float*, float*, float*, float*, float*, float*, float*)' (../ip/ip6/conv_bn_relu.cpp:116:99)
INFO: [HLS 214-131] Inlining function 'bool operator<<34, true>(int, ap_int_base<34, true> const&)' into 'conv_bn_relu(ap_uint<2>, ap_uint<16>, ap_uint<16>, ap_uint<16>, ap_uint<16>, ap_uint<8>, ap_uint<8>, ap_uint<8>, float*, float*, float*, float*, float*, float*, float*)' (../ip/ip6/conv_bn_relu.cpp:115:52)
INFO: [HLS 214-131] Inlining function 'ap_int_base<33, true>::RType<($_0)32, true>::minus operator-<33, true>(ap_int_base<33, true> const&, int)' into 'conv_bn_relu(ap_uint<2>, ap_uint<16>, ap_uint<16>, ap_uint<16>, ap_uint<16>, ap_uint<8>, ap_uint<8>, ap_uint<8>, float*, float*, float*, float*, float*, float*, float*)' (../ip/ip6/conv_bn_relu.cpp:115:90)
INFO: [HLS 214-131] Inlining function 'ap_int_base<8, false>::RType<($_0)32, true>::plus operator+<8, false>(int, ap_int_base<8, false> const&)' into 'conv_bn_relu(ap_uint<2>, ap_uint<16>, ap_uint<16>, ap_uint<16>, ap_uint<16>, ap_uint<8>, ap_uint<8>, ap_uint<8>, float*, float*, float*, float*, float*, float*, float*)' (../ip/ip6/conv_bn_relu.cpp:115:76)
INFO: [HLS 214-131] Inlining function 'ap_int_base<16, false>::operator unsigned long long() const' into 'conv_bn_relu(ap_uint<2>, ap_uint<16>, ap_uint<16>, ap_uint<16>, ap_uint<16>, ap_uint<8>, ap_uint<8>, ap_uint<8>, float*, float*, float*, float*, float*, float*, float*)' (../ip/ip6/conv_bn_relu.cpp:102:60)
INFO: [HLS 214-131] Inlining function 'ap_int_base<16, false>::operator unsigned long long() const' into 'conv_bn_relu(ap_uint<2>, ap_uint<16>, ap_uint<16>, ap_uint<16>, ap_uint<16>, ap_uint<8>, ap_uint<8>, ap_uint<8>, float*, float*, float*, float*, float*, float*, float*)' (../ip/ip6/conv_bn_relu.cpp:101:59)
INFO: [HLS 214-131] Inlining function 'bool operator<<16, false>(int, ap_int_base<16, false> const&)' into 'conv_bn_relu(ap_uint<2>, ap_uint<16>, ap_uint<16>, ap_uint<16>, ap_uint<16>, ap_uint<8>, ap_uint<8>, ap_uint<8>, float*, float*, float*, float*, float*, float*, float*)' (../ip/ip6/conv_bn_relu.cpp:99:68)
INFO: [HLS 214-131] Inlining function 'ap_int_base<16, false>::operator unsigned long long() const' into 'conv_bn_relu(ap_uint<2>, ap_uint<16>, ap_uint<16>, ap_uint<16>, ap_uint<16>, ap_uint<8>, ap_uint<8>, ap_uint<8>, float*, float*, float*, float*, float*, float*, float*)' (../ip/ip6/conv_bn_relu.cpp:96:56)
INFO: [HLS 214-131] Inlining function 'ap_int_base<16, false>::operator unsigned long long() const' into 'conv_bn_relu(ap_uint<2>, ap_uint<16>, ap_uint<16>, ap_uint<16>, ap_uint<16>, ap_uint<8>, ap_uint<8>, ap_uint<8>, float*, float*, float*, float*, float*, float*, float*)' (../ip/ip6/conv_bn_relu.cpp:95:55)
INFO: [HLS 214-131] Inlining function 'bool operator<<16, false>(int, ap_int_base<16, false> const&)' into 'conv_bn_relu(ap_uint<2>, ap_uint<16>, ap_uint<16>, ap_uint<16>, ap_uint<16>, ap_uint<8>, ap_uint<8>, ap_uint<8>, float*, float*, float*, float*, float*, float*, float*)' (../ip/ip6/conv_bn_relu.cpp:93:64)
INFO: [HLS 214-131] Inlining function 'ap_int_base<16, false>::operator unsigned long long() const' into 'conv_bn_relu(ap_uint<2>, ap_uint<16>, ap_uint<16>, ap_uint<16>, ap_uint<16>, ap_uint<8>, ap_uint<8>, ap_uint<8>, float*, float*, float*, float*, float*, float*, float*)' (../ip/ip6/conv_bn_relu.cpp:90:52)
INFO: [HLS 214-131] Inlining function 'ap_int_base<16, false>::operator unsigned long long() const' into 'conv_bn_relu(ap_uint<2>, ap_uint<16>, ap_uint<16>, ap_uint<16>, ap_uint<16>, ap_uint<8>, ap_uint<8>, ap_uint<8>, float*, float*, float*, float*, float*, float*, float*)' (../ip/ip6/conv_bn_relu.cpp:89:51)
INFO: [HLS 214-131] Inlining function 'bool operator<<16, false>(int, ap_int_base<16, false> const&)' into 'conv_bn_relu(ap_uint<2>, ap_uint<16>, ap_uint<16>, ap_uint<16>, ap_uint<16>, ap_uint<8>, ap_uint<8>, ap_uint<8>, float*, float*, float*, float*, float*, float*, float*)' (../ip/ip6/conv_bn_relu.cpp:87:60)
INFO: [HLS 214-131] Inlining function 'bool operator<<16, false>(int, ap_int_base<16, false> const&)' into 'conv_bn_relu(ap_uint<2>, ap_uint<16>, ap_uint<16>, ap_uint<16>, ap_uint<16>, ap_uint<8>, ap_uint<8>, ap_uint<8>, float*, float*, float*, float*, float*, float*, float*)' (../ip/ip6/conv_bn_relu.cpp:79:57)
INFO: [HLS 214-131] Inlining function 'bool operator==<2, false>(ap_int_base<2, false> const&, int)' into 'conv_bn_relu(ap_uint<2>, ap_uint<16>, ap_uint<16>, ap_uint<16>, ap_uint<16>, ap_uint<8>, ap_uint<8>, ap_uint<8>, float*, float*, float*, float*, float*, float*, float*)' (../ip/ip6/conv_bn_relu.cpp:70:16)
INFO: [HLS 214-131] Inlining function 'ap_int_base<42, true>::RType<($_0)32, true>::plus operator+<42, true>(ap_int_base<42, true> const&, int)' into 'conv_bn_relu(ap_uint<2>, ap_uint<16>, ap_uint<16>, ap_uint<16>, ap_uint<16>, ap_uint<8>, ap_uint<8>, ap_uint<8>, float*, float*, float*, float*, float*, float*, float*)' (../ip/ip6/conv_bn_relu.cpp:45:69)
INFO: [HLS 214-131] Inlining function 'ap_int_base<42, true>::RType<8, false>::div operator/<42, true, 8, false>(ap_int_base<42, true> const&, ap_int_base<8, false> const&)' into 'conv_bn_relu(ap_uint<2>, ap_uint<16>, ap_uint<16>, ap_uint<16>, ap_uint<16>, ap_uint<8>, ap_uint<8>, ap_uint<8>, float*, float*, float*, float*, float*, float*, float*)' (../ip/ip6/conv_bn_relu.cpp:45:60)
INFO: [HLS 214-131] Inlining function 'ap_int_base<41, true>::RType<8, false>::minus operator-<41, true, 8, false>(ap_int_base<41, true> const&, ap_int_base<8, false> const&)' into 'conv_bn_relu(ap_uint<2>, ap_uint<16>, ap_uint<16>, ap_uint<16>, ap_uint<16>, ap_uint<8>, ap_uint<8>, ap_uint<8>, float*, float*, float*, float*, float*, float*, float*)' (../ip/ip6/conv_bn_relu.cpp:45:45)
INFO: [HLS 214-131] Inlining function 'ap_int_base<16, false>::RType<40, true>::plus operator+<16, false, 40, true>(ap_int_base<16, false> const&, ap_int_base<40, true> const&)' into 'conv_bn_relu(ap_uint<2>, ap_uint<16>, ap_uint<16>, ap_uint<16>, ap_uint<16>, ap_uint<8>, ap_uint<8>, ap_uint<8>, float*, float*, float*, float*, float*, float*, float*)' (../ip/ip6/conv_bn_relu.cpp:45:31)
INFO: [HLS 214-131] Inlining function 'ap_int_base<8, false>::RType<($_0)32, true>::mult operator*<8, false>(int, ap_int_base<8, false> const&)' into 'conv_bn_relu(ap_uint<2>, ap_uint<16>, ap_uint<16>, ap_uint<16>, ap_uint<16>, ap_uint<8>, ap_uint<8>, ap_uint<8>, float*, float*, float*, float*, float*, float*, float*)' (../ip/ip6/conv_bn_relu.cpp:45:35)
INFO: [HLS 214-131] Inlining function 'ap_int_base<42, true>::RType<($_0)32, true>::plus operator+<42, true>(ap_int_base<42, true> const&, int)' into 'conv_bn_relu(ap_uint<2>, ap_uint<16>, ap_uint<16>, ap_uint<16>, ap_uint<16>, ap_uint<8>, ap_uint<8>, ap_uint<8>, float*, float*, float*, float*, float*, float*, float*)' (../ip/ip6/conv_bn_relu.cpp:44:69)
INFO: [HLS 214-131] Inlining function 'ap_int_base<42, true>::RType<8, false>::div operator/<42, true, 8, false>(ap_int_base<42, true> const&, ap_int_base<8, false> const&)' into 'conv_bn_relu(ap_uint<2>, ap_uint<16>, ap_uint<16>, ap_uint<16>, ap_uint<16>, ap_uint<8>, ap_uint<8>, ap_uint<8>, float*, float*, float*, float*, float*, float*, float*)' (../ip/ip6/conv_bn_relu.cpp:44:60)
INFO: [HLS 214-131] Inlining function 'ap_int_base<41, true>::RType<8, false>::minus operator-<41, true, 8, false>(ap_int_base<41, true> const&, ap_int_base<8, false> const&)' into 'conv_bn_relu(ap_uint<2>, ap_uint<16>, ap_uint<16>, ap_uint<16>, ap_uint<16>, ap_uint<8>, ap_uint<8>, ap_uint<8>, float*, float*, float*, float*, float*, float*, float*)' (../ip/ip6/conv_bn_relu.cpp:44:45)
INFO: [HLS 214-131] Inlining function 'ap_int_base<16, false>::RType<40, true>::plus operator+<16, false, 40, true>(ap_int_base<16, false> const&, ap_int_base<40, true> const&)' into 'conv_bn_relu(ap_uint<2>, ap_uint<16>, ap_uint<16>, ap_uint<16>, ap_uint<16>, ap_uint<8>, ap_uint<8>, ap_uint<8>, float*, float*, float*, float*, float*, float*, float*)' (../ip/ip6/conv_bn_relu.cpp:44:31)
INFO: [HLS 214-291] Loop 'VITIS_LOOP_168_15' is marked as complete unroll implied by the pipeline pragma (../ip/ip6/conv_bn_relu.cpp:168:21)
INFO: [HLS 214-291] Loop 'VITIS_LOOP_169_16' is marked as complete unroll implied by the pipeline pragma (../ip/ip6/conv_bn_relu.cpp:169:56)
INFO: [HLS 214-291] Loop 'VITIS_LOOP_170_17' is marked as complete unroll implied by the pipeline pragma (../ip/ip6/conv_bn_relu.cpp:170:60)
INFO: [HLS 214-291] Loop 'VITIS_LOOP_235_22' is marked as complete unroll implied by the pipeline pragma (../ip/ip6/conv_bn_relu.cpp:235:21)
INFO: [HLS 214-291] Loop 'VITIS_LOOP_236_23' is marked as complete unroll implied by the pipeline pragma (../ip/ip6/conv_bn_relu.cpp:236:44)
INFO: [HLS 214-291] Loop 'VITIS_LOOP_243_24' is marked as complete unroll implied by the pipeline pragma (../ip/ip6/conv_bn_relu.cpp:243:40)
INFO: [HLS 214-291] Loop 'VITIS_LOOP_244_25' is marked as complete unroll implied by the pipeline pragma (../ip/ip6/conv_bn_relu.cpp:244:44)
INFO: [HLS 214-291] Loop 'VITIS_LOOP_250_26' is marked as complete unroll implied by the pipeline pragma (../ip/ip6/conv_bn_relu.cpp:250:21)
INFO: [HLS 214-291] Loop 'VITIS_LOOP_251_27' is marked as complete unroll implied by the pipeline pragma (../ip/ip6/conv_bn_relu.cpp:251:52)
INFO: [HLS 214-248] Applying array_partition to 'bn_params': Cyclic partitioning with factor 4 on dimension 1. (../ip/ip6/conv_bn_relu.cpp:75:19)
INFO: [HLS 214-248] Applying array_partition to 'local_feature_in_blk': Cyclic partitioning with factor 2 on dimension 3. (../ip/ip6/conv_bn_relu.cpp:105:29)
INFO: [HLS 214-248] Applying array_partition to 'local_conv_kernel_blk': Cyclic partitioning with factor 2 on dimension 1. Cyclic partitioning with factor 2 on dimension 3. Complete partitioning on dimension 4. (../ip/ip6/conv_bn_relu.cpp:106:29)
INFO: [HLS 214-248] Applying array_partition to 'bn_params285': Cyclic partitioning with factor 4 on dimension 1. (../ip/ip6/conv_bn_relu.cpp:201:19)
INFO: [HLS 214-248] Applying array_partition to 'local_kernel': Cyclic partitioning with factor 2 on dimension 1. Cyclic partitioning with factor 2 on dimension 2. (../ip/ip6/conv_bn_relu.cpp:231:29)
WARNING: [HLS 214-203] Replacing invalid offset value '20' with '48' for s_axilite port 'C_in'. (../ip/ip6/conv_bn_relu.cpp:75:19)
WARNING: [HLS 214-203] Replacing invalid offset value '28' with '56' for s_axilite port 'W_in'. (../ip/ip6/conv_bn_relu.cpp:75:19)
WARNING: [HLS 214-203] Replacing invalid offset value '36' with '64' for s_axilite port 'kernel_size'. (../ip/ip6/conv_bn_relu.cpp:75:19)
WARNING: [HLS 214-203] Replacing invalid offset value '44' with '72' for s_axilite port 'padding'. (../ip/ip6/conv_bn_relu.cpp:75:19)
INFO: [HLS 214-115] Multiple burst reads of length 0 and bit width 32 in loop 'VITIS_LOOP_117_7'(../ip/ip6/conv_bn_relu.cpp:117:47) has been inferred on bundle 'gmem1'. These burst requests might be further partitioned into multiple requests during RTL generation, based on max_read_burst_length or max_write_burst_length settings. (../ip/ip6/conv_bn_relu.cpp:117:47)
INFO: [HLS 214-115] Multiple burst reads of variable length and bit width 32 in loop 'VITIS_LOOP_141_11'(../ip/ip6/conv_bn_relu.cpp:141:52) has been inferred on bundle 'gmem2'. These burst requests might be further partitioned into multiple requests during RTL generation, based on max_read_burst_length or max_write_burst_length settings. (../ip/ip6/conv_bn_relu.cpp:140:48)
INFO: [HLS 214-115] Multiple burst writes of variable length and bit width 32 in loop 'VITIS_LOOP_155_14'(../ip/ip6/conv_bn_relu.cpp:155:48) has been inferred on bundle 'gmem0'. These burst requests might be further partitioned into multiple requests during RTL generation, based on max_read_burst_length or max_write_burst_length settings. (../ip/ip6/conv_bn_relu.cpp:155:48)
INFO: [HLS 214-115] Multiple burst reads of variable length and bit width 32 in loop 'VITIS_LOOP_236_23'(../ip/ip6/conv_bn_relu.cpp:236:44) has been inferred on bundle 'gmem2'. These burst requests might be further partitioned into multiple requests during RTL generation, based on max_read_burst_length or max_write_burst_length settings. (../ip/ip6/conv_bn_relu.cpp:235:21)
INFO-FLOW: DBG:PUTS: copy_raw_kernel_xml ap_link_39: kernel.xml not generated: C:/Users/11400/Desktop/shuffletest/HLS/ip9/solution1/.autopilot/db/kernel.internal.xml
INFO: [HLS 200-111] Finished Compiling Optimization and Transform: CPU user time: 2 seconds. CPU system time: 0 seconds. Elapsed time: 15.392 seconds; current allocated memory: 676.746 MB.
INFO: [HLS 200-111] Finished Checking Pragmas: CPU user time: 0 seconds. CPU system time: 0 seconds. Elapsed time: 0.003 seconds; current allocated memory: 676.746 MB.
Execute       opt_and_import_c a -opt_level=2 -skip_syncheck=0 -ng=0 -keep_printf=0 
Execute         cleanup_all_models 
INFO: [HLS 200-10] Starting code transformations ...
INFO-FLOW: Running Standard Transforms...
Execute         transform -hls -share-std-xform -demangle-name -inline-byval-memcpy -always-inline -promote-dbg-pointer -interface-preproc -mem2reg -scalarrepl -mem2reg -keep-read-access -instcombine -dce -promote-dbg-pointer -bitop-raise -loop-simplify -indvarspre -indvars -loop-simplify -xunroll -constprop -instcombine -simplifycfg -indvars -simplifycfg -dce -globaldce -basicaa -simplifycfg -mem2reg -globalopt -global-constprop -deadargelim -instcombine -simplifycfg -scalarrepl -instcombine -reassociate -licm -simplifycfg -loop-simplify -indvars -instcombine -simplifycfg -mem2reg -loop-simplify -indvars -instcombine -gvn -gvn -instcombine -adce -break-crit-edges -simplifycfg -loop-delete -global-array-opt -dce -dse -adce -find-syn-modules -top conv_bn_relu -deadargelim -mem2reg -instcombine -dce -presyn-prepare -auto-rom-infer -interface-preproc -syn-check -check-rec-only -find-region -simplifycfg -func-extr -function-inline -globaldce -mem2reg -instcombine -dce -gvn -globaldce -adce -adse -constprop -instcombine -bit-constprop -instcombine -dce -simplifycfg -bitop-raise -simplifycfg -dce -loop-delete -reassociate -globalopt -global-privatize -mem2reg -dce -global-constprop -pointer-simplify -constprop -dce -auto-shift-reg-idiom -promote-dbg-pointer -norm-name C:/Users/11400/Desktop/shuffletest/HLS/ip9/solution1/.autopilot/db/a.g.0.bc -o C:/Users/11400/Desktop/shuffletest/HLS/ip9/solution1/.autopilot/db/a.g.1.bc -f -phase std-opt 
Command         transform done; 0.152 sec.
INFO: [HLS 200-111] Finished Standard Transforms: CPU user time: 0 seconds. CPU system time: 0 seconds. Elapsed time: 0.217 seconds; current allocated memory: 676.746 MB.
INFO: [HLS 200-10] Checking synthesizability ...
INFO-FLOW: Checking Synthesizability 1/2..
Execute         transform -hls -syn-check -check-rec-only -scalarrepl -norm-name -dce -mem2reg -instcombine -directive-preproc -mem2reg -dse -dce -auto-rom-infer -dce -pag -array-normalize -instcombine -dce -array-seg-normalize -instcombine -dce -data-pack -instcombine -dce -inst-simplify -array-flatten -instcombine -dce -array-burst -dce -deadargelim -promote-global-argument -simplifycfg -mem2reg -globaldce -dce -deadargelim -dce -instcombine -function-inline -globaldce -dce -doublePtrSimplify -doublePtrElim -dce -doublePtrSimplify -promote-dbg-pointer -dce -scalarrepl -dse -adse -instcombine -ptrLegalization -simplifycfg -dce -instcombine -pointer-simplify -ptrArgReplace -dce -instcombine -resolve-double-ptr -scalarrepl -norm-name -dce -mem2reg -instcombine -ptrLegalization -simplifycfg -deadargelim -instcombine -dce -inst-simplify -directive-preproc -mem2reg -dse -dce -globaldce C:/Users/11400/Desktop/shuffletest/HLS/ip9/solution1/.autopilot/db/a.g.1.bc -o C:/Users/11400/Desktop/shuffletest/HLS/ip9/solution1/.autopilot/db/a.g.2.prechk.bc -f 
INFO-FLOW: Checking Synthesizability 2/2..
Execute         transform -syn-check C:/Users/11400/Desktop/shuffletest/HLS/ip9/solution1/.autopilot/db/a.g.2.prechk.bc -o C:/Users/11400/Desktop/shuffletest/HLS/ip9/solution1/.autopilot/db/a.g.2.bc -f -phase syn-check 
WARNING: [SYNCHK 200-120] ../ip/ip6/conv_bn_relu.cpp:87: multiplication is assumed not to overflow by default, otherwise, please add option '-fwrapv'.
INFO: [SYNCHK 200-10] 0 error(s), 1 warning(s).
Command         transform done; 0.105 sec.
INFO: [HLS 200-111] Finished Checking Synthesizability: CPU user time: 0 seconds. CPU system time: 0 seconds. Elapsed time: 0.213 seconds; current allocated memory: 676.746 MB.
INFO-FLOW: Compiler optimizing ...
INFO-FLOW: Share syncheck's 1.bc for syn flow: copy C:/Users/11400/Desktop/shuffletest/HLS/ip9/solution1/.autopilot/db/a.g.1.bc to C:/Users/11400/Desktop/shuffletest/HLS/ip9/solution1/.autopilot/db/a.o.1.bc
INFO-FLOW: Presyn 1...
Execute         transform -hls -tmp C:/Users/11400/Desktop/shuffletest/HLS/ip9/solution1/.autopilot/db -interface-port-rename -directive-preproc -mem2reg -dse -dce -scalarrepl -norm-name -deadargelim -mem2reg -instcombine -dce -simplifycfg -auto-rom-infer -dce -resource-proc -clib-intrinsic-prepare -dce -func-buffer -dce -pag -array-normalize -func-legal -instcombine -gvn -constprop -dce -simplifycfg -mem2reg -globaldce -resolve-double-ptr -dce -deadargelim -dce -instcombine -ptrArgReplace -mem2reg -dce -array-seg-normalize -deadargelim -instcombine -dce -directive-preproc -mem2reg -dse -dce -pointer-simplify -dce -port-alignment -dce -interface-preproc -data-pack -instcombine -dce -basicaa -aggr-aa -aggrmodref-aa -aggr-aa -gvn -gvn -basicaa -aggr-aa -aggrmodref-aa -aggr-aa -dse -adse -adce -loop-simplify -indvars -instcombine -gvn -loop-simplify -mem2reg -dce -find-region -instcombine -auto-loop-pipeline -inst-simplify -interface-preproc -cfgopt -instcombine -indvars -auto-loop-unroll -loop-simplify -loop-bound -xunroll -constprop -instcombine -simplifycfg -indvars -simplifycfg -dce -globaldce -clean-region -attach-range -gvn -inst-simplify -constprop -simplifycfg -dce -pointer-simplify -dce -globalopt -constprop -dce -array-promote -scalar-auto-dep-elim -constprop -dce -ptrArgReplace -mem2reg -simplifycfg -dce -instcombine -dce -array-transform-check -array-reshape -instcombine -simplifycfg -dce -ptrArgReplace -deadargelim -mem2reg -instcombine -simplifycfg -dce -indvars -loop-simplify -loop-bound -xunroll -constprop -instcombine -simplifycfg -indvars -simplifycfg -dce -globaldce -basicaa -aggr-aa -aggrmodref-aa -aggr-aa -dse -duplicate-dataflow-processes -globaldce -instcombine -array-partition -prepare-dynamic-array-partition -instcombine -simplifycfg -dce -ptrArgReplace -global-constprop -deadargelim -mem2reg -func-legal -dce -global-constprop -deadargelim -mem2reg -simplifycfg -dce -merge-param -deadargelim -globalopt -constprop -dce -array-promote -scalar-auto-dep-elim -constprop -dce -ptrArgReplace -mem2reg -simplifycfg -dce -mem-intrinsic-preproc -dce -global-internalize -global-privatize -mem2reg -globaldce -promote-global-argument -ptrArgReplace -mem2reg -dce -globalopt -mergereturn -simplify-global-access -mem2reg -dce -pointer-simplify -dce -functionattrs -basicaa -aggr-aa -aggrmodref-aa -aggr-aa -gvn -gvn -basicaa -aggr-aa -aggrmodref-aa -aggr-aa -dse -adse -adce -dce -norm-name -basicaa -aggr-aa -aggrmodref-aa -aggr-aa -accesses-merge -function-inline -complex-op-raise -inst-simplify -globaldce -func-legal -dce -loop-bound -arraycheck -bitwidthmin2 -bitwidthmin2 -on-by-dataflow -loop-delete -instcombine -simplifycfg -globaldce -dce -gvn -deadargelim -dce -loop-simplify -clean-region -simplifycfg -propagate-stable-arguments -loop-stream -instcombine -simplifycfg -dce -globaldce -duplicate-dataflow-processes -stream-intrinsic-preproc -dce -check-ap-stream -loop-simplify -eliminate-keepreads -extract-dataflow-in-loop -loop-simplify -dce -gvn -deadargelim -dse -duplicate-dataflow-processes -check-dataflow-syntax -legalize-stream-variable -globaldce -legalize-global -extract-subproc -dce -dead-channel-elimination -canonicalize-gep -globaldce -dce -gvn -hls-dead-arg-elim -deadargelim -directive-preproc -canonicalize-dataflow -dce -globaldce -scalar-preprocessing -scalar-propagation2 -deadargelim -globaldce -mem2reg -check-dataflow-channels -function-stream -dce -globaldce -prop-fifo-spec -internal-stream-gen -canonicalize-gep -globaldce -dce -gvn -deadargelim -mergereturn -indvars -loop-simplify -instcombine -array-stream -array-seg-normalize -array-partition -func-legal -instcombine -simplifycfg -dce -bundle-memfifo-ops -deadargelim -directive-preproc -mem2reg -dse -dce -group-axi-access -licm -simplifycfg -dce -loop-delete -hls-display -norm-name C:/Users/11400/Desktop/shuffletest/HLS/ip9/solution1/.autopilot/db/a.o.1.bc -o C:/Users/11400/Desktop/shuffletest/HLS/ip9/solution1/.autopilot/db/a.o.1.tmp.bc -f 
INFO: [XFORM 203-510] Pipelining loop 'Loop-3.1.1.1' in function 'conv_bn_relu' automatically.
INFO: [XFORM 203-510] Pipelining loop 'Loop-3.1.1.2' in function 'conv_bn_relu' automatically.
INFO: [XFORM 203-502] Unrolling all sub-loops inside loop 'VITIS_LOOP_155_14' (../ip/ip6/conv_bn_relu.cpp:155) in function 'conv_bn_relu' for pipelining.
INFO: [XFORM 203-502] Unrolling all sub-loops inside loop 'VITIS_LOOP_225_21' (../ip/ip6/conv_bn_relu.cpp:225) in function 'conv_bn_relu' for pipelining.
WARNING: [HLS 200-936] Cannot unroll loop 'VITIS_LOOP_168_15' (../ip/ip6/conv_bn_relu.cpp:158) in function 'conv_bn_relu': cannot completely unroll a loop with a variable trip count.
WARNING: [HLS 200-936] Cannot unroll loop 'VITIS_LOOP_169_16' (../ip/ip6/conv_bn_relu.cpp:158) in function 'conv_bn_relu': cannot completely unroll a loop with a variable trip count.
WARNING: [HLS 200-936] Cannot unroll loop 'VITIS_LOOP_170_17' (../ip/ip6/conv_bn_relu.cpp:158) in function 'conv_bn_relu': cannot completely unroll a loop with a variable trip count.
WARNING: [HLS 200-936] Cannot unroll loop 'VITIS_LOOP_235_22' (../ip/ip6/conv_bn_relu.cpp:235) in function 'conv_bn_relu': cannot completely unroll a loop with a variable trip count.
WARNING: [HLS 200-936] Cannot unroll loop 'VITIS_LOOP_236_23' (../ip/ip6/conv_bn_relu.cpp:236) in function 'conv_bn_relu': cannot completely unroll a loop with a variable trip count.
WARNING: [HLS 200-932] Cannot unroll loop 'VITIS_LOOP_243_24' (../ip/ip6/conv_bn_relu.cpp:243) in function 'conv_bn_relu' completely: variable loop bound.
WARNING: [HLS 200-932] Cannot unroll loop 'VITIS_LOOP_244_25' (../ip/ip6/conv_bn_relu.cpp:244) in function 'conv_bn_relu' completely: variable loop bound.
WARNING: [HLS 200-936] Cannot unroll loop 'VITIS_LOOP_250_26' (../ip/ip6/conv_bn_relu.cpp:246) in function 'conv_bn_relu': cannot completely unroll a loop with a variable trip count.
WARNING: [HLS 200-936] Cannot unroll loop 'VITIS_LOOP_251_27' (../ip/ip6/conv_bn_relu.cpp:246) in function 'conv_bn_relu': cannot completely unroll a loop with a variable trip count.
INFO: [XFORM 203-712] Applying dataflow to function 'conv_bn_relu' (../ip/ip6/conv_bn_relu.cpp:35), detected/extracted 1 process function(s): 
	 'Block_entry352_proc1'.
Command         transform done; 0.568 sec.
INFO-FLOW: Presyn 2...
Execute         transform -hls -keep-callgraph -scalarrepl -mem2reg -port-alignment -attach-range -dce -pipe-mux-gen -indvars -loop-bound -inst-simplify -instcombine -dce -merge-array-access -mem2reg -dce -clean-region -mergereturn -if-conv -instcombine -dce -constprop -basicaa -aggr-aa -aggrmodref-aa -aggr-aa -gvn -gvn -basicaa -aggr-aa -aggrmodref-aa -aggr-aa -dse -adse -adce -scalarrepl -mem2reg -global-constprop -deadargelim -deadargelim -instcombine -dce -simplifycfg -ptrArgReplace -mem2reg -function-inline -globaldce -mem2reg -instcombine -dce -expr-balance -instcombine -dce -bitwidthmin2 -bitwidthmin2 -interface-preproc -directive-preproc -inst-rectify -instcombine -dce -functionattrs -constprop -instcombine -bit-constprop -simplify-global-access -globalopt -globaldce -inst-simplify -instcombine -elimdeaddata -dce -loop-delete -simplifycfg -loop-simplify -barrier -norm-name C:/Users/11400/Desktop/shuffletest/HLS/ip9/solution1/.autopilot/db/a.o.1.tmp.bc -o C:/Users/11400/Desktop/shuffletest/HLS/ip9/solution1/.autopilot/db/a.o.2.bc -f -phase presyn 
INFO: [XFORM 203-11] Balancing expressions in function 'Block_entry352_proc1' (../ip/ip6/conv_bn_relu.cpp:70:60)...17 expression(s) balanced.
Command         transform done; 0.161 sec.
INFO: [HLS 200-111] Finished Loop, function and other optimizations: CPU user time: 1 seconds. CPU system time: 0 seconds. Elapsed time: 0.738 seconds; current allocated memory: 676.746 MB.
INFO-FLOW: Building ssdm...
Execute         transform -hls -auto-function-inline -globaldce -ptrArgReplace -mem2reg -dce -reset-lda -loop-simplify -indvars -aggr-aa -licm -loop-dep -loop-bound -licm -loop-simplify -loop-sink-hoist -flattenloopnest -array-flatten -gvn -instcombine -dce -array-map -dce -func-legal -gvn -adce -instcombine -cfgopt -simplifycfg -loop-simplify -array-burst -promote-global-argument -dce -array-seg-normalize -basicaa -aggrmodref-aa -globalsmodref-aa -aggr-aa -gvn -gvn -basicaa -aggrmodref-aa -globalsmodref-aa -aggr-aa -dse -adse -adce -licm -inst-simplify -dce -globaldce -instcombine -array-stream -eliminate-keepreads -instcombine -dce -deadargelim -doublePtrSimplify -doublePtrElim -dce -doublePtrSimplify -promote-dbg-pointer -dce -scalarrepl -mem2reg -norm-name -mem2reg -instcombine -dse -adse -adce -ptrLegalization -dce -auto-rom-infer -array-flatten -dce -instcombine -check-doubleptr -loop-rot -constprop -cfgopt -simplifycfg -loop-simplify -indvars -pointer-simplify -dce -loop-bound -loop-simplify -loop-preproc -constprop -global-constprop -gvn -mem2reg -instcombine -dce -loop-bound -loop-merge -dce -deadargelim -dce -canonicalize-dataflow -dce -deadargelim -globaldce -mem2reg -bram-byte-enable -load-elim -read-loop-dep -loop-simplify -loop-extract-inner -directive-preproc -bitwidthmin2 -bitwidthmin2 -read-loop-dep -interface-preproc -directive-preproc -interface-gen -bram-byte-enable-spec-prop -deadargelim -inst-simplify -dce -gvn -mem2reg -instcombine -dce -adse -loop-bound -instcombine -cfgopt -simplifycfg -loop-simplify -clean-region -io-protocol -find-region -mem2reg -bitop-raise -complex-op-raise -inst-simplify -inst-rectify -instcombine -adce -deadargelim -float-op-raise -loop-simplify -phi-opt -bitop-raise -cfgopt -simplifycfg -strip-dead-prototypes -interface-lower -bitop-lower -intrinsic-lower -auto-function-inline -basicaa -aggrmodref-aa -globalsmodref-aa -aggr-aa -inst-simplify -simplifycfg -loop-simplify -mergereturn -inst-simplify -inst-rectify -dce -load-elim -bitop-lower -float-op-raise -fma-raise -loop-rewind -pointer-simplify -dce -cfgopt -dce -loop-bound -loop-dep -read-loop-dep -dce -dyn-mem-reuse -dce -recurrence-min -dce -share-scalar-alloca -deadargelim -dce -check-stream -norm-name -legalize -validate-dataflow -inst-clarity -bitwidth -dump-loop-dep-to-ir -check-all-ssdm -cdfg-build C:/Users/11400/Desktop/shuffletest/HLS/ip9/solution1/.autopilot/db/a.o.2.bc -o C:/Users/11400/Desktop/shuffletest/HLS/ip9/solution1/.autopilot/db/a.o.3.bc -f -phase build-ssdm 
INFO: [XFORM 203-541] Flattening a loop nest 'VITIS_LOOP_116_6' (../ip/ip6/conv_bn_relu.cpp:116:52) in function 'Block_entry352_proc1'.
WARNING: [HLS 200-960] Cannot flatten loop 'VITIS_LOOP_115_5' (../ip/ip6/conv_bn_relu.cpp:115:29) in function 'Block_entry352_proc1' the outer loop is not a perfect loop because there is nontrivial logic before entering the inner loop.
INFO: [XFORM 203-541] Flattening a loop nest 'VITIS_LOOP_140_10' (../ip/ip6/conv_bn_relu.cpp:140:57) in function 'Block_entry352_proc1'.
INFO: [XFORM 203-541] Flattening a loop nest 'VITIS_LOOP_139_9' (../ip/ip6/conv_bn_relu.cpp:139:52) in function 'Block_entry352_proc1'.
INFO: [XFORM 203-541] Flattening a loop nest 'VITIS_LOOP_138_8' (../ip/ip6/conv_bn_relu.cpp:138:48) in function 'Block_entry352_proc1'.
INFO: [HLS 200-472] Inferring partial write operation for 'bn_params' (../ip/ip6/conv_bn_relu.cpp:83:36)
INFO: [HLS 200-472] Inferring partial write operation for 'bn_params.4' (../ip/ip6/conv_bn_relu.cpp:209:36)
INFO: [HLS 200-472] Inferring partial write operation for 'local_feature_in_blk.1' 
INFO: [HLS 200-472] Inferring partial write operation for 'local_feature_in_blk' 
INFO: [HLS 200-472] Inferring partial write operation for 'local_kernel' (../ip/ip6/conv_bn_relu.cpp:238:50)
INFO: [HLS 200-472] Inferring partial write operation for 'local_conv_kernel_blk.11' 
INFO: [HLS 200-472] Inferring partial write operation for 'local_conv_kernel_blk.9' 
INFO: [HLS 200-472] Inferring partial write operation for 'local_conv_kernel_blk.10' 
INFO: [HLS 200-472] Inferring partial write operation for 'local_conv_kernel_blk.8' 
INFO: [HLS 200-472] Inferring partial write operation for 'local_conv_kernel_blk.6' 
INFO: [HLS 200-472] Inferring partial write operation for 'local_conv_kernel_blk.7' 
INFO: [HLS 200-472] Inferring partial write operation for 'local_conv_kernel_blk.5' 
INFO: [HLS 200-472] Inferring partial write operation for 'local_conv_kernel_blk.3' 
INFO: [HLS 200-472] Inferring partial write operation for 'local_conv_kernel_blk.4' 
INFO: [HLS 200-472] Inferring partial write operation for 'local_conv_kernel_blk.2' 
INFO: [HLS 200-472] Inferring partial write operation for 'local_conv_kernel_blk' 
INFO: [HLS 200-472] Inferring partial write operation for 'local_conv_kernel_blk.1' 
INFO: [HLS 200-472] Inferring partial write operation for 'local_feature_in_blk.1' (../ip/ip6/conv_bn_relu.cpp:128:84)
INFO: [HLS 200-472] Inferring partial write operation for 'local_feature_in_blk.1' (../ip/ip6/conv_bn_relu.cpp:131:84)
INFO: [HLS 200-472] Inferring partial write operation for 'local_conv_kernel_blk.11' (../ip/ip6/conv_bn_relu.cpp:146:92)
Command         transform done; 1.429 sec.
INFO: [HLS 200-111] Finished Architecture Synthesis: CPU user time: 0 seconds. CPU system time: 0 seconds. Elapsed time: 1.431 seconds; current allocated memory: 676.746 MB.
INFO-FLOW: Finish building internal data model.
Command       opt_and_import_c done; 2.645 sec.
Command     elaborate done; 22.616 sec.
Execute     ap_eval exec zip -j C:/Users/11400/Desktop/shuffletest/HLS/ip9/solution1/.autopilot/db/dut.hcp $dbDir/a.o.3.bc $dbDir/${topname}.rtl_wrap.cfg.tcl $dbDir/apatb_${topname}.cpp $dbDir/apatb_${topname}_util.cpp $dbDir/apatb_${topname}_ir.ll $dbDir/mapper_${topname}.cpp $dbDir/top-io-fe.xml $dbDir/kernel.internal.xml $workdir/../hls.app 
Command     ap_eval done; 0.223 sec.
Execute     autosyn -from_csynth_design=1 
INFO: [HLS 200-10] Starting hardware synthesis ...
INFO-FLOW: Synthesizing C/C++ design ...
INFO: [HLS 200-10] Synthesizing 'conv_bn_relu' ...
Execute       ap_set_top_model conv_bn_relu 
Execute       get_model_list conv_bn_relu -filter all-wo-channel -topdown 
Execute       preproc_iomode -model conv_bn_relu 
Execute       preproc_iomode -model Block_entry352_proc1 
Execute       preproc_iomode -model Block_entry352_proc1_Pipeline_VITIS_LOOP_141_11 
Execute       preproc_iomode -model Block_entry352_proc1_Pipeline_VITIS_LOOP_117_7 
Execute       preproc_iomode -model Block_entry352_proc1_Pipeline_4 
Execute       preproc_iomode -model Block_entry352_proc1_Pipeline_3 
Execute       preproc_iomode -model Block_entry352_proc1_Pipeline_VITIS_LOOP_79_1 
Execute       preproc_iomode -model Block_entry352_proc1_Pipeline_VITIS_LOOP_205_18 
Execute       get_model_list conv_bn_relu -filter all-wo-channel 
INFO-FLOW: Model list for configure: Block_entry352_proc1_Pipeline_VITIS_LOOP_205_18 Block_entry352_proc1_Pipeline_VITIS_LOOP_79_1 Block_entry352_proc1_Pipeline_3 Block_entry352_proc1_Pipeline_4 Block_entry352_proc1_Pipeline_VITIS_LOOP_117_7 Block_entry352_proc1_Pipeline_VITIS_LOOP_141_11 Block_entry352_proc1 conv_bn_relu
INFO-FLOW: Configuring Module : Block_entry352_proc1_Pipeline_VITIS_LOOP_205_18 ...
Execute       set_default_model Block_entry352_proc1_Pipeline_VITIS_LOOP_205_18 
Execute       apply_spec_resource_limit Block_entry352_proc1_Pipeline_VITIS_LOOP_205_18 
INFO-FLOW: Configuring Module : Block_entry352_proc1_Pipeline_VITIS_LOOP_79_1 ...
Execute       set_default_model Block_entry352_proc1_Pipeline_VITIS_LOOP_79_1 
Execute       apply_spec_resource_limit Block_entry352_proc1_Pipeline_VITIS_LOOP_79_1 
INFO-FLOW: Configuring Module : Block_entry352_proc1_Pipeline_3 ...
Execute       set_default_model Block_entry352_proc1_Pipeline_3 
Execute       apply_spec_resource_limit Block_entry352_proc1_Pipeline_3 
INFO-FLOW: Configuring Module : Block_entry352_proc1_Pipeline_4 ...
Execute       set_default_model Block_entry352_proc1_Pipeline_4 
Execute       apply_spec_resource_limit Block_entry352_proc1_Pipeline_4 
INFO-FLOW: Configuring Module : Block_entry352_proc1_Pipeline_VITIS_LOOP_117_7 ...
Execute       set_default_model Block_entry352_proc1_Pipeline_VITIS_LOOP_117_7 
Execute       apply_spec_resource_limit Block_entry352_proc1_Pipeline_VITIS_LOOP_117_7 
INFO-FLOW: Configuring Module : Block_entry352_proc1_Pipeline_VITIS_LOOP_141_11 ...
Execute       set_default_model Block_entry352_proc1_Pipeline_VITIS_LOOP_141_11 
Execute       apply_spec_resource_limit Block_entry352_proc1_Pipeline_VITIS_LOOP_141_11 
INFO-FLOW: Configuring Module : Block_entry352_proc1 ...
Execute       set_default_model Block_entry352_proc1 
Execute       apply_spec_resource_limit Block_entry352_proc1 
INFO-FLOW: Configuring Module : conv_bn_relu ...
Execute       set_default_model conv_bn_relu 
Execute       apply_spec_resource_limit conv_bn_relu 
INFO-FLOW: Model list for preprocess: Block_entry352_proc1_Pipeline_VITIS_LOOP_205_18 Block_entry352_proc1_Pipeline_VITIS_LOOP_79_1 Block_entry352_proc1_Pipeline_3 Block_entry352_proc1_Pipeline_4 Block_entry352_proc1_Pipeline_VITIS_LOOP_117_7 Block_entry352_proc1_Pipeline_VITIS_LOOP_141_11 Block_entry352_proc1 conv_bn_relu
INFO-FLOW: Preprocessing Module: Block_entry352_proc1_Pipeline_VITIS_LOOP_205_18 ...
Execute       set_default_model Block_entry352_proc1_Pipeline_VITIS_LOOP_205_18 
Execute       cdfg_preprocess -model Block_entry352_proc1_Pipeline_VITIS_LOOP_205_18 
Execute       rtl_gen_preprocess Block_entry352_proc1_Pipeline_VITIS_LOOP_205_18 
INFO-FLOW: Preprocessing Module: Block_entry352_proc1_Pipeline_VITIS_LOOP_79_1 ...
Execute       set_default_model Block_entry352_proc1_Pipeline_VITIS_LOOP_79_1 
Execute       cdfg_preprocess -model Block_entry352_proc1_Pipeline_VITIS_LOOP_79_1 
Execute       rtl_gen_preprocess Block_entry352_proc1_Pipeline_VITIS_LOOP_79_1 
INFO-FLOW: Preprocessing Module: Block_entry352_proc1_Pipeline_3 ...
Execute       set_default_model Block_entry352_proc1_Pipeline_3 
Execute       cdfg_preprocess -model Block_entry352_proc1_Pipeline_3 
Execute       rtl_gen_preprocess Block_entry352_proc1_Pipeline_3 
INFO-FLOW: Preprocessing Module: Block_entry352_proc1_Pipeline_4 ...
Execute       set_default_model Block_entry352_proc1_Pipeline_4 
Execute       cdfg_preprocess -model Block_entry352_proc1_Pipeline_4 
Execute       rtl_gen_preprocess Block_entry352_proc1_Pipeline_4 
INFO-FLOW: Preprocessing Module: Block_entry352_proc1_Pipeline_VITIS_LOOP_117_7 ...
Execute       set_default_model Block_entry352_proc1_Pipeline_VITIS_LOOP_117_7 
Execute       cdfg_preprocess -model Block_entry352_proc1_Pipeline_VITIS_LOOP_117_7 
Execute       rtl_gen_preprocess Block_entry352_proc1_Pipeline_VITIS_LOOP_117_7 
INFO-FLOW: Preprocessing Module: Block_entry352_proc1_Pipeline_VITIS_LOOP_141_11 ...
Execute       set_default_model Block_entry352_proc1_Pipeline_VITIS_LOOP_141_11 
Execute       cdfg_preprocess -model Block_entry352_proc1_Pipeline_VITIS_LOOP_141_11 
Execute       rtl_gen_preprocess Block_entry352_proc1_Pipeline_VITIS_LOOP_141_11 
INFO-FLOW: Preprocessing Module: Block_entry352_proc1 ...
Execute       set_default_model Block_entry352_proc1 
Execute       cdfg_preprocess -model Block_entry352_proc1 
Execute       rtl_gen_preprocess Block_entry352_proc1 
INFO-FLOW: Preprocessing Module: conv_bn_relu ...
Execute       set_default_model conv_bn_relu 
Execute       cdfg_preprocess -model conv_bn_relu 
Execute       rtl_gen_preprocess conv_bn_relu 
INFO-FLOW: Model list for synthesis: Block_entry352_proc1_Pipeline_VITIS_LOOP_205_18 Block_entry352_proc1_Pipeline_VITIS_LOOP_79_1 Block_entry352_proc1_Pipeline_3 Block_entry352_proc1_Pipeline_4 Block_entry352_proc1_Pipeline_VITIS_LOOP_117_7 Block_entry352_proc1_Pipeline_VITIS_LOOP_141_11 Block_entry352_proc1 conv_bn_relu
INFO: [HLS 200-10] ----------------------------------------------------------------
INFO: [HLS 200-42] -- Implementing module 'Block_entry352_proc1_Pipeline_VITIS_LOOP_205_18' 
INFO: [HLS 200-10] ----------------------------------------------------------------
Execute       set_default_model Block_entry352_proc1_Pipeline_VITIS_LOOP_205_18 
Execute       schedule -model Block_entry352_proc1_Pipeline_VITIS_LOOP_205_18 
INFO: [SCHED 204-11] Starting scheduling ...
INFO: [SCHED 204-61] Pipelining loop 'VITIS_LOOP_205_18'.
WARNING: [HLS 200-885] The II Violation in module 'Block_entry352_proc1_Pipeline_VITIS_LOOP_205_18' (loop 'VITIS_LOOP_205_18'): Unable to schedule bus request operation ('gmem3_load_3_req', ../ip/ip6/conv_bn_relu.cpp:209) on port 'gmem3' (../ip/ip6/conv_bn_relu.cpp:209) due to limited memory ports (II = 1). Please consider using a memory core with more ports or partitioning the array.
INFO: [SCHED 204-61] Discarding stage scheduling solution.
INFO: [HLS 200-1470] Pipelining result : Target II = 1, Final II = 2, Depth = 84, loop 'VITIS_LOOP_205_18'
INFO: [SCHED 204-11] Finished scheduling.
Command       schedule done; 0.325 sec.
INFO: [HLS 200-111] Finished Scheduling: CPU user time: 0 seconds. CPU system time: 0 seconds. Elapsed time: 0.688 seconds; current allocated memory: 676.746 MB.
Execute       syn_report -verbosereport -o C:/Users/11400/Desktop/shuffletest/HLS/ip9/solution1/.autopilot/db/Block_entry352_proc1_Pipeline_VITIS_LOOP_205_18.verbose.sched.rpt 
Execute         AP::get_flow_target_display_name
Command       syn_report done; 0.184 sec.
Execute       db_write -o C:/Users/11400/Desktop/shuffletest/HLS/ip9/solution1/.autopilot/db/Block_entry352_proc1_Pipeline_VITIS_LOOP_205_18.sched.adb -f 
INFO-FLOW: Finish scheduling Block_entry352_proc1_Pipeline_VITIS_LOOP_205_18.
Execute       set_default_model Block_entry352_proc1_Pipeline_VITIS_LOOP_205_18 
Execute       bind -model Block_entry352_proc1_Pipeline_VITIS_LOOP_205_18 
INFO: [BIND 205-100] Starting micro-architecture generation ...
INFO: [BIND 205-101] Performing variable lifetime analysis.
INFO: [BIND 205-101] Exploring resource sharing.
INFO: [BIND 205-101] Binding ...
INFO: [BIND 205-100] Finished micro-architecture generation.
Command       bind done; 0.198 sec.
INFO: [HLS 200-111] Finished Binding: CPU user time: 1 seconds. CPU system time: 0 seconds. Elapsed time: 0.401 seconds; current allocated memory: 676.746 MB.
Execute       syn_report -verbosereport -o C:/Users/11400/Desktop/shuffletest/HLS/ip9/solution1/.autopilot/db/Block_entry352_proc1_Pipeline_VITIS_LOOP_205_18.verbose.bind.rpt 
Execute         AP::get_flow_target_display_name
Execute       db_write -o C:/Users/11400/Desktop/shuffletest/HLS/ip9/solution1/.autopilot/db/Block_entry352_proc1_Pipeline_VITIS_LOOP_205_18.bind.adb -f 
INFO-FLOW: Finish binding Block_entry352_proc1_Pipeline_VITIS_LOOP_205_18.
INFO: [HLS 200-10] ----------------------------------------------------------------
INFO: [HLS 200-42] -- Implementing module 'Block_entry352_proc1_Pipeline_VITIS_LOOP_79_1' 
INFO: [HLS 200-10] ----------------------------------------------------------------
Execute       set_default_model Block_entry352_proc1_Pipeline_VITIS_LOOP_79_1 
Execute       schedule -model Block_entry352_proc1_Pipeline_VITIS_LOOP_79_1 
INFO: [SCHED 204-11] Starting scheduling ...
INFO: [SCHED 204-61] Pipelining loop 'VITIS_LOOP_79_1'.
WARNING: [HLS 200-885] The II Violation in module 'Block_entry352_proc1_Pipeline_VITIS_LOOP_79_1' (loop 'VITIS_LOOP_79_1'): Unable to schedule bus request operation ('gmem3_load_1_req', ../ip/ip6/conv_bn_relu.cpp:83) on port 'gmem3' (../ip/ip6/conv_bn_relu.cpp:83) due to limited memory ports (II = 1). Please consider using a memory core with more ports or partitioning the array.
INFO: [SCHED 204-61] Discarding stage scheduling solution.
INFO: [HLS 200-1470] Pipelining result : Target II = 1, Final II = 2, Depth = 84, loop 'VITIS_LOOP_79_1'
INFO: [SCHED 204-11] Finished scheduling.
Command       schedule done; 0.237 sec.
INFO: [HLS 200-111] Finished Scheduling: CPU user time: 0 seconds. CPU system time: 0 seconds. Elapsed time: 0.458 seconds; current allocated memory: 676.746 MB.
Execute       syn_report -verbosereport -o C:/Users/11400/Desktop/shuffletest/HLS/ip9/solution1/.autopilot/db/Block_entry352_proc1_Pipeline_VITIS_LOOP_79_1.verbose.sched.rpt 
Execute         AP::get_flow_target_display_name
Command       syn_report done; 0.186 sec.
Execute       db_write -o C:/Users/11400/Desktop/shuffletest/HLS/ip9/solution1/.autopilot/db/Block_entry352_proc1_Pipeline_VITIS_LOOP_79_1.sched.adb -f 
INFO-FLOW: Finish scheduling Block_entry352_proc1_Pipeline_VITIS_LOOP_79_1.
Execute       set_default_model Block_entry352_proc1_Pipeline_VITIS_LOOP_79_1 
Execute       bind -model Block_entry352_proc1_Pipeline_VITIS_LOOP_79_1 
INFO: [BIND 205-100] Starting micro-architecture generation ...
INFO: [BIND 205-101] Performing variable lifetime analysis.
INFO: [BIND 205-101] Exploring resource sharing.
INFO: [BIND 205-101] Binding ...
INFO: [BIND 205-100] Finished micro-architecture generation.
Command       bind done; 0.222 sec.
INFO: [HLS 200-111] Finished Binding: CPU user time: 0 seconds. CPU system time: 0 seconds. Elapsed time: 0.419 seconds; current allocated memory: 676.746 MB.
Execute       syn_report -verbosereport -o C:/Users/11400/Desktop/shuffletest/HLS/ip9/solution1/.autopilot/db/Block_entry352_proc1_Pipeline_VITIS_LOOP_79_1.verbose.bind.rpt 
Execute         AP::get_flow_target_display_name
Command       syn_report done; 0.108 sec.
Execute       db_write -o C:/Users/11400/Desktop/shuffletest/HLS/ip9/solution1/.autopilot/db/Block_entry352_proc1_Pipeline_VITIS_LOOP_79_1.bind.adb -f 
INFO-FLOW: Finish binding Block_entry352_proc1_Pipeline_VITIS_LOOP_79_1.
INFO: [HLS 200-10] ----------------------------------------------------------------
INFO: [HLS 200-42] -- Implementing module 'Block_entry352_proc1_Pipeline_3' 
INFO: [HLS 200-10] ----------------------------------------------------------------
Execute       set_default_model Block_entry352_proc1_Pipeline_3 
Execute       schedule -model Block_entry352_proc1_Pipeline_3 
INFO: [SCHED 204-11] Starting scheduling ...
INFO: [SCHED 204-61] Pipelining loop 'Loop 1'.
INFO: [HLS 200-1470] Pipelining result : Target II = NA, Final II = 1, Depth = 2, loop 'Loop 1'
INFO: [SCHED 204-11] Finished scheduling.
Command       schedule done; 0.172 sec.
INFO: [HLS 200-111] Finished Scheduling: CPU user time: 1 seconds. CPU system time: 0 seconds. Elapsed time: 0.383 seconds; current allocated memory: 676.746 MB.
Execute       syn_report -verbosereport -o C:/Users/11400/Desktop/shuffletest/HLS/ip9/solution1/.autopilot/db/Block_entry352_proc1_Pipeline_3.verbose.sched.rpt 
Execute         AP::get_flow_target_display_name
Execute       db_write -o C:/Users/11400/Desktop/shuffletest/HLS/ip9/solution1/.autopilot/db/Block_entry352_proc1_Pipeline_3.sched.adb -f 
INFO-FLOW: Finish scheduling Block_entry352_proc1_Pipeline_3.
Execute       set_default_model Block_entry352_proc1_Pipeline_3 
Execute       bind -model Block_entry352_proc1_Pipeline_3 
INFO: [BIND 205-100] Starting micro-architecture generation ...
INFO: [BIND 205-101] Performing variable lifetime analysis.
INFO: [BIND 205-101] Exploring resource sharing.
INFO: [BIND 205-101] Binding ...
INFO: [BIND 205-100] Finished micro-architecture generation.
Command       bind done; 0.17 sec.
INFO: [HLS 200-111] Finished Binding: CPU user time: 0 seconds. CPU system time: 0 seconds. Elapsed time: 0.196 seconds; current allocated memory: 676.746 MB.
Execute       syn_report -verbosereport -o C:/Users/11400/Desktop/shuffletest/HLS/ip9/solution1/.autopilot/db/Block_entry352_proc1_Pipeline_3.verbose.bind.rpt 
Execute         AP::get_flow_target_display_name
Execute       db_write -o C:/Users/11400/Desktop/shuffletest/HLS/ip9/solution1/.autopilot/db/Block_entry352_proc1_Pipeline_3.bind.adb -f 
INFO-FLOW: Finish binding Block_entry352_proc1_Pipeline_3.
INFO: [HLS 200-10] ----------------------------------------------------------------
INFO: [HLS 200-42] -- Implementing module 'Block_entry352_proc1_Pipeline_4' 
INFO: [HLS 200-10] ----------------------------------------------------------------
Execute       set_default_model Block_entry352_proc1_Pipeline_4 
Execute       schedule -model Block_entry352_proc1_Pipeline_4 
INFO: [SCHED 204-11] Starting scheduling ...
INFO: [SCHED 204-61] Pipelining loop 'Loop 1'.
INFO: [HLS 200-1470] Pipelining result : Target II = NA, Final II = 1, Depth = 13, loop 'Loop 1'
INFO: [SCHED 204-11] Finished scheduling.
Command       schedule done; 0.193 sec.
INFO: [HLS 200-111] Finished Scheduling: CPU user time: 0 seconds. CPU system time: 1 seconds. Elapsed time: 0.302 seconds; current allocated memory: 676.746 MB.
Execute       syn_report -verbosereport -o C:/Users/11400/Desktop/shuffletest/HLS/ip9/solution1/.autopilot/db/Block_entry352_proc1_Pipeline_4.verbose.sched.rpt 
Execute         AP::get_flow_target_display_name
Execute       db_write -o C:/Users/11400/Desktop/shuffletest/HLS/ip9/solution1/.autopilot/db/Block_entry352_proc1_Pipeline_4.sched.adb -f 
INFO-FLOW: Finish scheduling Block_entry352_proc1_Pipeline_4.
Execute       set_default_model Block_entry352_proc1_Pipeline_4 
Execute       bind -model Block_entry352_proc1_Pipeline_4 
INFO: [BIND 205-100] Starting micro-architecture generation ...
INFO: [BIND 205-101] Performing variable lifetime analysis.
INFO: [BIND 205-101] Exploring resource sharing.
INFO: [BIND 205-101] Binding ...
INFO: [BIND 205-100] Finished micro-architecture generation.
Command       bind done; 0.142 sec.
INFO: [HLS 200-111] Finished Binding: CPU user time: 0 seconds. CPU system time: 0 seconds. Elapsed time: 0.206 seconds; current allocated memory: 676.746 MB.
Execute       syn_report -verbosereport -o C:/Users/11400/Desktop/shuffletest/HLS/ip9/solution1/.autopilot/db/Block_entry352_proc1_Pipeline_4.verbose.bind.rpt 
Execute         AP::get_flow_target_display_name
Execute       db_write -o C:/Users/11400/Desktop/shuffletest/HLS/ip9/solution1/.autopilot/db/Block_entry352_proc1_Pipeline_4.bind.adb -f 
INFO-FLOW: Finish binding Block_entry352_proc1_Pipeline_4.
INFO: [HLS 200-10] ----------------------------------------------------------------
INFO: [HLS 200-42] -- Implementing module 'Block_entry352_proc1_Pipeline_VITIS_LOOP_117_7' 
INFO: [HLS 200-10] ----------------------------------------------------------------
Execute       set_default_model Block_entry352_proc1_Pipeline_VITIS_LOOP_117_7 
Execute       schedule -model Block_entry352_proc1_Pipeline_VITIS_LOOP_117_7 
INFO: [SCHED 204-11] Starting scheduling ...
INFO: [SCHED 204-61] Pipelining loop 'VITIS_LOOP_116_6_VITIS_LOOP_117_7'.
INFO: [HLS 200-1470] Pipelining result : Target II = 1, Final II = 1, Depth = 14, loop 'VITIS_LOOP_116_6_VITIS_LOOP_117_7'
INFO: [SCHED 204-11] Finished scheduling.
Command       schedule done; 0.169 sec.
INFO: [HLS 200-111] Finished Scheduling: CPU user time: 0 seconds. CPU system time: 0 seconds. Elapsed time: 0.322 seconds; current allocated memory: 676.746 MB.
Execute       syn_report -verbosereport -o C:/Users/11400/Desktop/shuffletest/HLS/ip9/solution1/.autopilot/db/Block_entry352_proc1_Pipeline_VITIS_LOOP_117_7.verbose.sched.rpt 
Execute         AP::get_flow_target_display_name
Execute       db_write -o C:/Users/11400/Desktop/shuffletest/HLS/ip9/solution1/.autopilot/db/Block_entry352_proc1_Pipeline_VITIS_LOOP_117_7.sched.adb -f 
INFO-FLOW: Finish scheduling Block_entry352_proc1_Pipeline_VITIS_LOOP_117_7.
Execute       set_default_model Block_entry352_proc1_Pipeline_VITIS_LOOP_117_7 
Execute       bind -model Block_entry352_proc1_Pipeline_VITIS_LOOP_117_7 
INFO: [BIND 205-100] Starting micro-architecture generation ...
INFO: [BIND 205-101] Performing variable lifetime analysis.
INFO: [BIND 205-101] Exploring resource sharing.
INFO: [BIND 205-101] Binding ...
INFO: [BIND 205-100] Finished micro-architecture generation.
Command       bind done; 0.215 sec.
INFO: [HLS 200-111] Finished Binding: CPU user time: 0 seconds. CPU system time: 0 seconds. Elapsed time: 0.266 seconds; current allocated memory: 676.746 MB.
Execute       syn_report -verbosereport -o C:/Users/11400/Desktop/shuffletest/HLS/ip9/solution1/.autopilot/db/Block_entry352_proc1_Pipeline_VITIS_LOOP_117_7.verbose.bind.rpt 
Execute         AP::get_flow_target_display_name
Execute       db_write -o C:/Users/11400/Desktop/shuffletest/HLS/ip9/solution1/.autopilot/db/Block_entry352_proc1_Pipeline_VITIS_LOOP_117_7.bind.adb -f 
INFO-FLOW: Finish binding Block_entry352_proc1_Pipeline_VITIS_LOOP_117_7.
INFO: [HLS 200-10] ----------------------------------------------------------------
INFO: [HLS 200-42] -- Implementing module 'Block_entry352_proc1_Pipeline_VITIS_LOOP_141_11' 
INFO: [HLS 200-10] ----------------------------------------------------------------
Execute       set_default_model Block_entry352_proc1_Pipeline_VITIS_LOOP_141_11 
Execute       schedule -model Block_entry352_proc1_Pipeline_VITIS_LOOP_141_11 
INFO: [SCHED 204-11] Starting scheduling ...
INFO: [HLS 200-486] Changing DSP latency (root=mul_ln139) to 3 in order to utilize available DSP registers.
INFO: [HLS 200-486] Changing DSP latency (root=mul_ln139_1) to 3 in order to utilize available DSP registers.
INFO: [SCHED 204-61] Pipelining loop 'VITIS_LOOP_138_8_VITIS_LOOP_140_10_VITIS_LOOP_141_11'.
INFO: [HLS 200-1470] Pipelining result : Target II = 1, Final II = 1, Depth = 14, loop 'VITIS_LOOP_138_8_VITIS_LOOP_140_10_VITIS_LOOP_141_11'
INFO: [SCHED 204-11] Finished scheduling.
Command       schedule done; 0.275 sec.
INFO: [HLS 200-111] Finished Scheduling: CPU user time: 0 seconds. CPU system time: 0 seconds. Elapsed time: 0.456 seconds; current allocated memory: 676.746 MB.
Execute       syn_report -verbosereport -o C:/Users/11400/Desktop/shuffletest/HLS/ip9/solution1/.autopilot/db/Block_entry352_proc1_Pipeline_VITIS_LOOP_141_11.verbose.sched.rpt 
Execute         AP::get_flow_target_display_name
Execute       db_write -o C:/Users/11400/Desktop/shuffletest/HLS/ip9/solution1/.autopilot/db/Block_entry352_proc1_Pipeline_VITIS_LOOP_141_11.sched.adb -f 
INFO-FLOW: Finish scheduling Block_entry352_proc1_Pipeline_VITIS_LOOP_141_11.
Execute       set_default_model Block_entry352_proc1_Pipeline_VITIS_LOOP_141_11 
Execute       bind -model Block_entry352_proc1_Pipeline_VITIS_LOOP_141_11 
INFO: [BIND 205-100] Starting micro-architecture generation ...
INFO: [BIND 205-101] Performing variable lifetime analysis.
INFO: [BIND 205-101] Exploring resource sharing.
INFO: [BIND 205-101] Binding ...
INFO: [BIND 205-100] Finished micro-architecture generation.
Command       bind done; 0.124 sec.
INFO: [HLS 200-111] Finished Binding: CPU user time: 1 seconds. CPU system time: 0 seconds. Elapsed time: 0.214 seconds; current allocated memory: 676.746 MB.
Execute       syn_report -verbosereport -o C:/Users/11400/Desktop/shuffletest/HLS/ip9/solution1/.autopilot/db/Block_entry352_proc1_Pipeline_VITIS_LOOP_141_11.verbose.bind.rpt 
Execute         AP::get_flow_target_display_name
Command       syn_report done; 0.114 sec.
Execute       db_write -o C:/Users/11400/Desktop/shuffletest/HLS/ip9/solution1/.autopilot/db/Block_entry352_proc1_Pipeline_VITIS_LOOP_141_11.bind.adb -f 
INFO-FLOW: Finish binding Block_entry352_proc1_Pipeline_VITIS_LOOP_141_11.
INFO: [HLS 200-10] ----------------------------------------------------------------
INFO: [HLS 200-42] -- Implementing module 'Block_entry352_proc1' 
INFO: [HLS 200-10] ----------------------------------------------------------------
Execute       set_default_model Block_entry352_proc1 
Execute       schedule -model Block_entry352_proc1 
INFO: [SCHED 204-11] Starting scheduling ...
INFO: [HLS 200-486] Changing DSP latency (root=mul_ln115) to 3 in order to utilize available DSP registers.
INFO: [HLS 200-486] Changing DSP latency (root=mul_ln95) to 3 in order to utilize available DSP registers.
INFO: [HLS 200-486] Changing DSP latency (root=mul_ln87_5) to 3 in order to utilize available DSP registers.
INFO: [HLS 200-486] Changing DSP latency (root=mul_ln87_3) to 3 in order to utilize available DSP registers.
INFO: [HLS 200-486] Changing DSP latency (root=mul_ln87_1) to 3 in order to utilize available DSP registers.
INFO: [HLS 200-486] Changing DSP latency (root=mul_ln87_2) to 3 in order to utilize available DSP registers.
INFO: [HLS 200-486] Changing DSP latency (root=mul_ln87) to 3 in order to utilize available DSP registers.
WARNING: [SCHED 204-65] Unable to satisfy pipeline directive for loop 'VITIS_LOOP_225_21': contains subloop(s) that are not unrolled or flattened.
WARNING: [SCHED 204-65] Unable to satisfy pipeline directive for loop 'VITIS_LOOP_155_14': contains subloop(s) that are not unrolled or flattened.
INFO: [SCHED 204-11] Finished scheduling.
Command       schedule done; 0.952 sec.
INFO: [HLS 200-111] Finished Scheduling: CPU user time: 0 seconds. CPU system time: 0 seconds. Elapsed time: 1.161 seconds; current allocated memory: 676.746 MB.
Execute       syn_report -verbosereport -o C:/Users/11400/Desktop/shuffletest/HLS/ip9/solution1/.autopilot/db/Block_entry352_proc1.verbose.sched.rpt 
Execute         AP::get_flow_target_display_name
Command       syn_report done; 0.452 sec.
Execute       db_write -o C:/Users/11400/Desktop/shuffletest/HLS/ip9/solution1/.autopilot/db/Block_entry352_proc1.sched.adb -f 
INFO-FLOW: Finish scheduling Block_entry352_proc1.
Execute       set_default_model Block_entry352_proc1 
Execute       bind -model Block_entry352_proc1 
INFO: [BIND 205-100] Starting micro-architecture generation ...
INFO: [BIND 205-101] Performing variable lifetime analysis.
INFO: [BIND 205-101] Exploring resource sharing.
INFO: [BIND 205-101] Binding ...
INFO: [BIND 205-100] Finished micro-architecture generation.
Command       bind done; 0.499 sec.
INFO: [HLS 200-111] Finished Binding: CPU user time: 1 seconds. CPU system time: 0 seconds. Elapsed time: 1.029 seconds; current allocated memory: 676.746 MB.
Execute       syn_report -verbosereport -o C:/Users/11400/Desktop/shuffletest/HLS/ip9/solution1/.autopilot/db/Block_entry352_proc1.verbose.bind.rpt 
Execute         AP::get_flow_target_display_name
Command       syn_report done; 0.682 sec.
Execute       db_write -o C:/Users/11400/Desktop/shuffletest/HLS/ip9/solution1/.autopilot/db/Block_entry352_proc1.bind.adb -f 
Command       db_write done; 0.103 sec.
INFO-FLOW: Finish binding Block_entry352_proc1.
INFO: [HLS 200-10] ----------------------------------------------------------------
INFO: [HLS 200-42] -- Implementing module 'conv_bn_relu' 
INFO: [HLS 200-10] ----------------------------------------------------------------
Execute       set_default_model conv_bn_relu 
Execute       schedule -model conv_bn_relu 
INFO: [SCHED 204-11] Starting scheduling ...
INFO: [SCHED 204-11] Finished scheduling.
INFO: [HLS 200-111] Finished Scheduling: CPU user time: 1 seconds. CPU system time: 0 seconds. Elapsed time: 0.927 seconds; current allocated memory: 676.746 MB.
Execute       syn_report -verbosereport -o C:/Users/11400/Desktop/shuffletest/HLS/ip9/solution1/.autopilot/db/conv_bn_relu.verbose.sched.rpt 
Execute         AP::get_flow_target_display_name
Execute       db_write -o C:/Users/11400/Desktop/shuffletest/HLS/ip9/solution1/.autopilot/db/conv_bn_relu.sched.adb -f 
INFO-FLOW: Finish scheduling conv_bn_relu.
Execute       set_default_model conv_bn_relu 
Execute       bind -model conv_bn_relu 
INFO: [BIND 205-100] Starting micro-architecture generation ...
INFO: [BIND 205-101] Performing variable lifetime analysis.
INFO: [BIND 205-101] Exploring resource sharing.
INFO: [BIND 205-101] Binding ...
INFO: [BIND 205-100] Finished micro-architecture generation.
Command       bind done; 0.337 sec.
INFO: [HLS 200-111] Finished Binding: CPU user time: 0 seconds. CPU system time: 0 seconds. Elapsed time: 0.352 seconds; current allocated memory: 676.746 MB.
Execute       syn_report -verbosereport -o C:/Users/11400/Desktop/shuffletest/HLS/ip9/solution1/.autopilot/db/conv_bn_relu.verbose.bind.rpt 
Execute         AP::get_flow_target_display_name
Command       syn_report done; 0.44 sec.
Execute       db_write -o C:/Users/11400/Desktop/shuffletest/HLS/ip9/solution1/.autopilot/db/conv_bn_relu.bind.adb -f 
INFO-FLOW: Finish binding conv_bn_relu.
Execute       get_model_list conv_bn_relu -filter all-wo-channel 
INFO-FLOW: Preprocessing for RTLGen ...
Execute       rtl_gen_preprocess Block_entry352_proc1_Pipeline_VITIS_LOOP_205_18 
Execute       rtl_gen_preprocess Block_entry352_proc1_Pipeline_VITIS_LOOP_79_1 
Execute       rtl_gen_preprocess Block_entry352_proc1_Pipeline_3 
Execute       rtl_gen_preprocess Block_entry352_proc1_Pipeline_4 
Execute       rtl_gen_preprocess Block_entry352_proc1_Pipeline_VITIS_LOOP_117_7 
Execute       rtl_gen_preprocess Block_entry352_proc1_Pipeline_VITIS_LOOP_141_11 
Execute       rtl_gen_preprocess Block_entry352_proc1 
Execute       rtl_gen_preprocess conv_bn_relu 
INFO-FLOW: Model list for RTL generation: Block_entry352_proc1_Pipeline_VITIS_LOOP_205_18 Block_entry352_proc1_Pipeline_VITIS_LOOP_79_1 Block_entry352_proc1_Pipeline_3 Block_entry352_proc1_Pipeline_4 Block_entry352_proc1_Pipeline_VITIS_LOOP_117_7 Block_entry352_proc1_Pipeline_VITIS_LOOP_141_11 Block_entry352_proc1 conv_bn_relu
INFO: [HLS 200-10] ----------------------------------------------------------------
INFO: [HLS 200-10] -- Generating RTL for module 'Block_entry352_proc1_Pipeline_VITIS_LOOP_205_18' 
INFO: [HLS 200-10] ----------------------------------------------------------------
Execute       create_rtl_model Block_entry352_proc1_Pipeline_VITIS_LOOP_205_18 -top_prefix conv_bn_relu_ -sub_prefix conv_bn_relu_ -mg_file C:/Users/11400/Desktop/shuffletest/HLS/ip9/solution1/.autopilot/db/Block_entry352_proc1_Pipeline_VITIS_LOOP_205_18.compgen.tcl 
INFO: [HLS 200-1030] Apply Unified Pipeline Control on module 'Block_entry352_proc1_Pipeline_VITIS_LOOP_205_18' pipeline 'VITIS_LOOP_205_18' pipeline type 'loop pipeline'
INFO: [RTGEN 206-100] Generating core module 'ddiv_64ns_64ns_64_31_no_dsp_1': 1 instance(s).
INFO: [RTGEN 206-100] Generating core module 'dmul_64ns_64ns_64_6_max_dsp_1': 1 instance(s).
INFO: [RTGEN 206-100] Generating core module 'dsqrt_64ns_64ns_64_30_no_dsp_1': 1 instance(s).
INFO: [RTGEN 206-100] Generating core module 'fadd_32ns_32ns_32_5_full_dsp_1': 1 instance(s).
INFO: [RTGEN 206-100] Generating core module 'fpext_32ns_64_2_no_dsp_1': 1 instance(s).
INFO: [RTGEN 206-100] Finished creating RTL model for 'Block_entry352_proc1_Pipeline_VITIS_LOOP_205_18'.
Command       create_rtl_model done; 0.333 sec.
INFO: [HLS 200-111] Finished Creating RTL model: CPU user time: 1 seconds. CPU system time: 0 seconds. Elapsed time: 0.889 seconds; current allocated memory: 676.746 MB.
Execute       source C:/Users/11400/Desktop/shuffletest/HLS/ip9/solution1/.autopilot/db/conv_bn_relu.rtl_wrap.cfg.tcl 
Execute       gen_rtl Block_entry352_proc1_Pipeline_VITIS_LOOP_205_18 -style xilinx -f -lang vhdl -o C:/Users/11400/Desktop/shuffletest/HLS/ip9/solution1/syn/vhdl/conv_bn_relu_Block_entry352_proc1_Pipeline_VITIS_LOOP_205_18 
Execute       gen_rtl Block_entry352_proc1_Pipeline_VITIS_LOOP_205_18 -style xilinx -f -lang vlog -o C:/Users/11400/Desktop/shuffletest/HLS/ip9/solution1/syn/verilog/conv_bn_relu_Block_entry352_proc1_Pipeline_VITIS_LOOP_205_18 
Execute       syn_report -csynth -model Block_entry352_proc1_Pipeline_VITIS_LOOP_205_18 -o C:/Users/11400/Desktop/shuffletest/HLS/ip9/solution1/syn/report/Block_entry352_proc1_Pipeline_VITIS_LOOP_205_18_csynth.rpt 
Execute         AP::get_flow_target_display_name
Execute       syn_report -rtlxml -model Block_entry352_proc1_Pipeline_VITIS_LOOP_205_18 -o C:/Users/11400/Desktop/shuffletest/HLS/ip9/solution1/syn/report/Block_entry352_proc1_Pipeline_VITIS_LOOP_205_18_csynth.xml 
Execute       syn_report -verbosereport -model Block_entry352_proc1_Pipeline_VITIS_LOOP_205_18 -o C:/Users/11400/Desktop/shuffletest/HLS/ip9/solution1/.autopilot/db/Block_entry352_proc1_Pipeline_VITIS_LOOP_205_18.verbose.rpt 
Execute         AP::get_flow_target_display_name
Command       syn_report done; 0.104 sec.
Execute       db_write -model Block_entry352_proc1_Pipeline_VITIS_LOOP_205_18 -f -o C:/Users/11400/Desktop/shuffletest/HLS/ip9/solution1/.autopilot/db/Block_entry352_proc1_Pipeline_VITIS_LOOP_205_18.adb 
Execute       db_write -model Block_entry352_proc1_Pipeline_VITIS_LOOP_205_18 -bindview -o C:/Users/11400/Desktop/shuffletest/HLS/ip9/solution1/.autopilot/db/design.bindinfo.xml 
Execute       gen_tb_info Block_entry352_proc1_Pipeline_VITIS_LOOP_205_18 -p C:/Users/11400/Desktop/shuffletest/HLS/ip9/solution1/.autopilot/db -o C:/Users/11400/Desktop/shuffletest/HLS/ip9/solution1/.autopilot/db/Block_entry352_proc1_Pipeline_VITIS_LOOP_205_18 
INFO: [HLS 200-10] ----------------------------------------------------------------
INFO: [HLS 200-10] -- Generating RTL for module 'Block_entry352_proc1_Pipeline_VITIS_LOOP_79_1' 
INFO: [HLS 200-10] ----------------------------------------------------------------
Execute       create_rtl_model Block_entry352_proc1_Pipeline_VITIS_LOOP_79_1 -top_prefix conv_bn_relu_ -sub_prefix conv_bn_relu_ -mg_file C:/Users/11400/Desktop/shuffletest/HLS/ip9/solution1/.autopilot/db/Block_entry352_proc1_Pipeline_VITIS_LOOP_79_1.compgen.tcl 
INFO: [HLS 200-1030] Apply Unified Pipeline Control on module 'Block_entry352_proc1_Pipeline_VITIS_LOOP_79_1' pipeline 'VITIS_LOOP_79_1' pipeline type 'loop pipeline'
INFO: [RTGEN 206-100] Generating core module 'ddiv_64ns_64ns_64_31_no_dsp_1': 1 instance(s).
INFO: [RTGEN 206-100] Generating core module 'dmul_64ns_64ns_64_6_max_dsp_1': 1 instance(s).
INFO: [RTGEN 206-100] Generating core module 'dsqrt_64ns_64ns_64_30_no_dsp_1': 1 instance(s).
INFO: [RTGEN 206-100] Generating core module 'fadd_32ns_32ns_32_5_full_dsp_1': 1 instance(s).
INFO: [RTGEN 206-100] Generating core module 'fpext_32ns_64_2_no_dsp_1': 1 instance(s).
INFO: [RTGEN 206-100] Finished creating RTL model for 'Block_entry352_proc1_Pipeline_VITIS_LOOP_79_1'.
Command       create_rtl_model done; 0.307 sec.
INFO: [HLS 200-111] Finished Creating RTL model: CPU user time: 0 seconds. CPU system time: 0 seconds. Elapsed time: 0.686 seconds; current allocated memory: 676.746 MB.
Execute       source C:/Users/11400/Desktop/shuffletest/HLS/ip9/solution1/.autopilot/db/conv_bn_relu.rtl_wrap.cfg.tcl 
Execute       gen_rtl Block_entry352_proc1_Pipeline_VITIS_LOOP_79_1 -style xilinx -f -lang vhdl -o C:/Users/11400/Desktop/shuffletest/HLS/ip9/solution1/syn/vhdl/conv_bn_relu_Block_entry352_proc1_Pipeline_VITIS_LOOP_79_1 
Execute       gen_rtl Block_entry352_proc1_Pipeline_VITIS_LOOP_79_1 -style xilinx -f -lang vlog -o C:/Users/11400/Desktop/shuffletest/HLS/ip9/solution1/syn/verilog/conv_bn_relu_Block_entry352_proc1_Pipeline_VITIS_LOOP_79_1 
Execute       syn_report -csynth -model Block_entry352_proc1_Pipeline_VITIS_LOOP_79_1 -o C:/Users/11400/Desktop/shuffletest/HLS/ip9/solution1/syn/report/Block_entry352_proc1_Pipeline_VITIS_LOOP_79_1_csynth.rpt 
Execute         AP::get_flow_target_display_name
Execute       syn_report -rtlxml -model Block_entry352_proc1_Pipeline_VITIS_LOOP_79_1 -o C:/Users/11400/Desktop/shuffletest/HLS/ip9/solution1/syn/report/Block_entry352_proc1_Pipeline_VITIS_LOOP_79_1_csynth.xml 
Execute       syn_report -verbosereport -model Block_entry352_proc1_Pipeline_VITIS_LOOP_79_1 -o C:/Users/11400/Desktop/shuffletest/HLS/ip9/solution1/.autopilot/db/Block_entry352_proc1_Pipeline_VITIS_LOOP_79_1.verbose.rpt 
Execute         AP::get_flow_target_display_name
Command       syn_report done; 0.104 sec.
Execute       db_write -model Block_entry352_proc1_Pipeline_VITIS_LOOP_79_1 -f -o C:/Users/11400/Desktop/shuffletest/HLS/ip9/solution1/.autopilot/db/Block_entry352_proc1_Pipeline_VITIS_LOOP_79_1.adb 
Execute       db_write -model Block_entry352_proc1_Pipeline_VITIS_LOOP_79_1 -bindview -o C:/Users/11400/Desktop/shuffletest/HLS/ip9/solution1/.autopilot/db/design.bindinfo.xml 
Execute       gen_tb_info Block_entry352_proc1_Pipeline_VITIS_LOOP_79_1 -p C:/Users/11400/Desktop/shuffletest/HLS/ip9/solution1/.autopilot/db -o C:/Users/11400/Desktop/shuffletest/HLS/ip9/solution1/.autopilot/db/Block_entry352_proc1_Pipeline_VITIS_LOOP_79_1 
INFO: [HLS 200-10] ----------------------------------------------------------------
INFO: [HLS 200-10] -- Generating RTL for module 'Block_entry352_proc1_Pipeline_3' 
INFO: [HLS 200-10] ----------------------------------------------------------------
Execute       create_rtl_model Block_entry352_proc1_Pipeline_3 -top_prefix conv_bn_relu_ -sub_prefix conv_bn_relu_ -mg_file C:/Users/11400/Desktop/shuffletest/HLS/ip9/solution1/.autopilot/db/Block_entry352_proc1_Pipeline_3.compgen.tcl 
INFO: [HLS 200-1030] Apply Unified Pipeline Control on module 'Block_entry352_proc1_Pipeline_3' pipeline 'Loop 1' pipeline type 'loop pipeline'
INFO: [RTGEN 206-100] Finished creating RTL model for 'Block_entry352_proc1_Pipeline_3'.
INFO: [HLS 200-111] Finished Creating RTL model: CPU user time: 0 seconds. CPU system time: 0 seconds. Elapsed time: 0.44 seconds; current allocated memory: 676.746 MB.
Execute       source C:/Users/11400/Desktop/shuffletest/HLS/ip9/solution1/.autopilot/db/conv_bn_relu.rtl_wrap.cfg.tcl 
Execute       gen_rtl Block_entry352_proc1_Pipeline_3 -style xilinx -f -lang vhdl -o C:/Users/11400/Desktop/shuffletest/HLS/ip9/solution1/syn/vhdl/conv_bn_relu_Block_entry352_proc1_Pipeline_3 
Execute       gen_rtl Block_entry352_proc1_Pipeline_3 -style xilinx -f -lang vlog -o C:/Users/11400/Desktop/shuffletest/HLS/ip9/solution1/syn/verilog/conv_bn_relu_Block_entry352_proc1_Pipeline_3 
Execute       syn_report -csynth -model Block_entry352_proc1_Pipeline_3 -o C:/Users/11400/Desktop/shuffletest/HLS/ip9/solution1/syn/report/Block_entry352_proc1_Pipeline_3_csynth.rpt 
Execute         AP::get_flow_target_display_name
Execute       syn_report -rtlxml -model Block_entry352_proc1_Pipeline_3 -o C:/Users/11400/Desktop/shuffletest/HLS/ip9/solution1/syn/report/Block_entry352_proc1_Pipeline_3_csynth.xml 
Execute       syn_report -verbosereport -model Block_entry352_proc1_Pipeline_3 -o C:/Users/11400/Desktop/shuffletest/HLS/ip9/solution1/.autopilot/db/Block_entry352_proc1_Pipeline_3.verbose.rpt 
Execute         AP::get_flow_target_display_name
Execute       db_write -model Block_entry352_proc1_Pipeline_3 -f -o C:/Users/11400/Desktop/shuffletest/HLS/ip9/solution1/.autopilot/db/Block_entry352_proc1_Pipeline_3.adb 
Execute       db_write -model Block_entry352_proc1_Pipeline_3 -bindview -o C:/Users/11400/Desktop/shuffletest/HLS/ip9/solution1/.autopilot/db/design.bindinfo.xml 
Execute       gen_tb_info Block_entry352_proc1_Pipeline_3 -p C:/Users/11400/Desktop/shuffletest/HLS/ip9/solution1/.autopilot/db -o C:/Users/11400/Desktop/shuffletest/HLS/ip9/solution1/.autopilot/db/Block_entry352_proc1_Pipeline_3 
INFO: [HLS 200-10] ----------------------------------------------------------------
INFO: [HLS 200-10] -- Generating RTL for module 'Block_entry352_proc1_Pipeline_4' 
INFO: [HLS 200-10] ----------------------------------------------------------------
Execute       create_rtl_model Block_entry352_proc1_Pipeline_4 -top_prefix conv_bn_relu_ -sub_prefix conv_bn_relu_ -mg_file C:/Users/11400/Desktop/shuffletest/HLS/ip9/solution1/.autopilot/db/Block_entry352_proc1_Pipeline_4.compgen.tcl 
INFO: [HLS 200-1030] Apply Unified Pipeline Control on module 'Block_entry352_proc1_Pipeline_4' pipeline 'Loop 1' pipeline type 'loop pipeline'
INFO: [RTGEN 206-100] Generating core module 'mul_4ns_6ns_9_1_1': 1 instance(s).
INFO: [RTGEN 206-100] Generating core module 'mul_7ns_9ns_15_1_1': 1 instance(s).
INFO: [RTGEN 206-100] Generating core module 'urem_7ns_5ns_4_11_1': 1 instance(s).
INFO: [RTGEN 206-100] Finished creating RTL model for 'Block_entry352_proc1_Pipeline_4'.
Command       create_rtl_model done; 0.197 sec.
INFO: [HLS 200-111] Finished Creating RTL model: CPU user time: 1 seconds. CPU system time: 0 seconds. Elapsed time: 0.382 seconds; current allocated memory: 676.746 MB.
Execute       source C:/Users/11400/Desktop/shuffletest/HLS/ip9/solution1/.autopilot/db/conv_bn_relu.rtl_wrap.cfg.tcl 
Execute       gen_rtl Block_entry352_proc1_Pipeline_4 -style xilinx -f -lang vhdl -o C:/Users/11400/Desktop/shuffletest/HLS/ip9/solution1/syn/vhdl/conv_bn_relu_Block_entry352_proc1_Pipeline_4 
Execute       gen_rtl Block_entry352_proc1_Pipeline_4 -style xilinx -f -lang vlog -o C:/Users/11400/Desktop/shuffletest/HLS/ip9/solution1/syn/verilog/conv_bn_relu_Block_entry352_proc1_Pipeline_4 
Execute       syn_report -csynth -model Block_entry352_proc1_Pipeline_4 -o C:/Users/11400/Desktop/shuffletest/HLS/ip9/solution1/syn/report/Block_entry352_proc1_Pipeline_4_csynth.rpt 
Execute         AP::get_flow_target_display_name
Execute       syn_report -rtlxml -model Block_entry352_proc1_Pipeline_4 -o C:/Users/11400/Desktop/shuffletest/HLS/ip9/solution1/syn/report/Block_entry352_proc1_Pipeline_4_csynth.xml 
Execute       syn_report -verbosereport -model Block_entry352_proc1_Pipeline_4 -o C:/Users/11400/Desktop/shuffletest/HLS/ip9/solution1/.autopilot/db/Block_entry352_proc1_Pipeline_4.verbose.rpt 
Execute         AP::get_flow_target_display_name
Execute       db_write -model Block_entry352_proc1_Pipeline_4 -f -o C:/Users/11400/Desktop/shuffletest/HLS/ip9/solution1/.autopilot/db/Block_entry352_proc1_Pipeline_4.adb 
Execute       db_write -model Block_entry352_proc1_Pipeline_4 -bindview -o C:/Users/11400/Desktop/shuffletest/HLS/ip9/solution1/.autopilot/db/design.bindinfo.xml 
Execute       gen_tb_info Block_entry352_proc1_Pipeline_4 -p C:/Users/11400/Desktop/shuffletest/HLS/ip9/solution1/.autopilot/db -o C:/Users/11400/Desktop/shuffletest/HLS/ip9/solution1/.autopilot/db/Block_entry352_proc1_Pipeline_4 
INFO: [HLS 200-10] ----------------------------------------------------------------
INFO: [HLS 200-10] -- Generating RTL for module 'Block_entry352_proc1_Pipeline_VITIS_LOOP_117_7' 
INFO: [HLS 200-10] ----------------------------------------------------------------
Execute       create_rtl_model Block_entry352_proc1_Pipeline_VITIS_LOOP_117_7 -top_prefix conv_bn_relu_ -sub_prefix conv_bn_relu_ -mg_file C:/Users/11400/Desktop/shuffletest/HLS/ip9/solution1/.autopilot/db/Block_entry352_proc1_Pipeline_VITIS_LOOP_117_7.compgen.tcl 
INFO: [HLS 200-1030] Apply Unified Pipeline Control on module 'Block_entry352_proc1_Pipeline_VITIS_LOOP_117_7' pipeline 'VITIS_LOOP_116_6_VITIS_LOOP_117_7' pipeline type 'loop pipeline'
INFO: [RTGEN 206-100] Generating core module 'mul_32s_16ns_32_1_1': 1 instance(s).
INFO: [RTGEN 206-100] Finished creating RTL model for 'Block_entry352_proc1_Pipeline_VITIS_LOOP_117_7'.
INFO: [HLS 200-111] Finished Creating RTL model: CPU user time: 0 seconds. CPU system time: 0 seconds. Elapsed time: 0.373 seconds; current allocated memory: 676.746 MB.
Execute       source C:/Users/11400/Desktop/shuffletest/HLS/ip9/solution1/.autopilot/db/conv_bn_relu.rtl_wrap.cfg.tcl 
Execute       gen_rtl Block_entry352_proc1_Pipeline_VITIS_LOOP_117_7 -style xilinx -f -lang vhdl -o C:/Users/11400/Desktop/shuffletest/HLS/ip9/solution1/syn/vhdl/conv_bn_relu_Block_entry352_proc1_Pipeline_VITIS_LOOP_117_7 
Execute       gen_rtl Block_entry352_proc1_Pipeline_VITIS_LOOP_117_7 -style xilinx -f -lang vlog -o C:/Users/11400/Desktop/shuffletest/HLS/ip9/solution1/syn/verilog/conv_bn_relu_Block_entry352_proc1_Pipeline_VITIS_LOOP_117_7 
Execute       syn_report -csynth -model Block_entry352_proc1_Pipeline_VITIS_LOOP_117_7 -o C:/Users/11400/Desktop/shuffletest/HLS/ip9/solution1/syn/report/Block_entry352_proc1_Pipeline_VITIS_LOOP_117_7_csynth.rpt 
Execute         AP::get_flow_target_display_name
Execute       syn_report -rtlxml -model Block_entry352_proc1_Pipeline_VITIS_LOOP_117_7 -o C:/Users/11400/Desktop/shuffletest/HLS/ip9/solution1/syn/report/Block_entry352_proc1_Pipeline_VITIS_LOOP_117_7_csynth.xml 
Execute       syn_report -verbosereport -model Block_entry352_proc1_Pipeline_VITIS_LOOP_117_7 -o C:/Users/11400/Desktop/shuffletest/HLS/ip9/solution1/.autopilot/db/Block_entry352_proc1_Pipeline_VITIS_LOOP_117_7.verbose.rpt 
Execute         AP::get_flow_target_display_name
Execute       db_write -model Block_entry352_proc1_Pipeline_VITIS_LOOP_117_7 -f -o C:/Users/11400/Desktop/shuffletest/HLS/ip9/solution1/.autopilot/db/Block_entry352_proc1_Pipeline_VITIS_LOOP_117_7.adb 
Execute       db_write -model Block_entry352_proc1_Pipeline_VITIS_LOOP_117_7 -bindview -o C:/Users/11400/Desktop/shuffletest/HLS/ip9/solution1/.autopilot/db/design.bindinfo.xml 
Execute       gen_tb_info Block_entry352_proc1_Pipeline_VITIS_LOOP_117_7 -p C:/Users/11400/Desktop/shuffletest/HLS/ip9/solution1/.autopilot/db -o C:/Users/11400/Desktop/shuffletest/HLS/ip9/solution1/.autopilot/db/Block_entry352_proc1_Pipeline_VITIS_LOOP_117_7 
INFO: [HLS 200-10] ----------------------------------------------------------------
INFO: [HLS 200-10] -- Generating RTL for module 'Block_entry352_proc1_Pipeline_VITIS_LOOP_141_11' 
INFO: [HLS 200-10] ----------------------------------------------------------------
Execute       create_rtl_model Block_entry352_proc1_Pipeline_VITIS_LOOP_141_11 -top_prefix conv_bn_relu_ -sub_prefix conv_bn_relu_ -mg_file C:/Users/11400/Desktop/shuffletest/HLS/ip9/solution1/.autopilot/db/Block_entry352_proc1_Pipeline_VITIS_LOOP_141_11.compgen.tcl 
INFO: [HLS 200-1030] Apply Unified Pipeline Control on module 'Block_entry352_proc1_Pipeline_VITIS_LOOP_141_11' pipeline 'VITIS_LOOP_138_8_VITIS_LOOP_140_10_VITIS_LOOP_141_11' pipeline type 'loop pipeline'
INFO: [RTGEN 206-100] Generating core module 'mac_muladd_16ns_16ns_32ns_32_4_1': 2 instance(s).
INFO: [RTGEN 206-100] Generating core module 'mul_32s_32s_32_1_1': 2 instance(s).
INFO: [RTGEN 206-100] Finished creating RTL model for 'Block_entry352_proc1_Pipeline_VITIS_LOOP_141_11'.
Command       create_rtl_model done; 0.148 sec.
INFO: [HLS 200-111] Finished Creating RTL model: CPU user time: 0 seconds. CPU system time: 0 seconds. Elapsed time: 0.524 seconds; current allocated memory: 676.746 MB.
Execute       source C:/Users/11400/Desktop/shuffletest/HLS/ip9/solution1/.autopilot/db/conv_bn_relu.rtl_wrap.cfg.tcl 
Execute       gen_rtl Block_entry352_proc1_Pipeline_VITIS_LOOP_141_11 -style xilinx -f -lang vhdl -o C:/Users/11400/Desktop/shuffletest/HLS/ip9/solution1/syn/vhdl/conv_bn_relu_Block_entry352_proc1_Pipeline_VITIS_LOOP_141_11 
Execute       gen_rtl Block_entry352_proc1_Pipeline_VITIS_LOOP_141_11 -style xilinx -f -lang vlog -o C:/Users/11400/Desktop/shuffletest/HLS/ip9/solution1/syn/verilog/conv_bn_relu_Block_entry352_proc1_Pipeline_VITIS_LOOP_141_11 
Execute       syn_report -csynth -model Block_entry352_proc1_Pipeline_VITIS_LOOP_141_11 -o C:/Users/11400/Desktop/shuffletest/HLS/ip9/solution1/syn/report/Block_entry352_proc1_Pipeline_VITIS_LOOP_141_11_csynth.rpt 
Execute         AP::get_flow_target_display_name
Execute       syn_report -rtlxml -model Block_entry352_proc1_Pipeline_VITIS_LOOP_141_11 -o C:/Users/11400/Desktop/shuffletest/HLS/ip9/solution1/syn/report/Block_entry352_proc1_Pipeline_VITIS_LOOP_141_11_csynth.xml 
Execute       syn_report -verbosereport -model Block_entry352_proc1_Pipeline_VITIS_LOOP_141_11 -o C:/Users/11400/Desktop/shuffletest/HLS/ip9/solution1/.autopilot/db/Block_entry352_proc1_Pipeline_VITIS_LOOP_141_11.verbose.rpt 
Execute         AP::get_flow_target_display_name
Command       syn_report done; 0.139 sec.
Execute       db_write -model Block_entry352_proc1_Pipeline_VITIS_LOOP_141_11 -f -o C:/Users/11400/Desktop/shuffletest/HLS/ip9/solution1/.autopilot/db/Block_entry352_proc1_Pipeline_VITIS_LOOP_141_11.adb 
Execute       db_write -model Block_entry352_proc1_Pipeline_VITIS_LOOP_141_11 -bindview -o C:/Users/11400/Desktop/shuffletest/HLS/ip9/solution1/.autopilot/db/design.bindinfo.xml 
Execute       gen_tb_info Block_entry352_proc1_Pipeline_VITIS_LOOP_141_11 -p C:/Users/11400/Desktop/shuffletest/HLS/ip9/solution1/.autopilot/db -o C:/Users/11400/Desktop/shuffletest/HLS/ip9/solution1/.autopilot/db/Block_entry352_proc1_Pipeline_VITIS_LOOP_141_11 
INFO: [HLS 200-10] ----------------------------------------------------------------
INFO: [HLS 200-10] -- Generating RTL for module 'Block_entry352_proc1' 
INFO: [HLS 200-10] ----------------------------------------------------------------
Execute       create_rtl_model Block_entry352_proc1 -top_prefix conv_bn_relu_ -sub_prefix conv_bn_relu_ -mg_file C:/Users/11400/Desktop/shuffletest/HLS/ip9/solution1/.autopilot/db/Block_entry352_proc1.compgen.tcl 
INFO: [RTGEN 206-100] Generating core module 'dadddsub_64ns_64ns_64_7_full_dsp_1': 1 instance(s).
INFO: [RTGEN 206-100] Generating core module 'ddiv_64ns_64ns_64_31_no_dsp_1': 1 instance(s).
INFO: [RTGEN 206-100] Generating core module 'dmul_64ns_64ns_64_6_max_dsp_1': 1 instance(s).
INFO: [RTGEN 206-100] Generating core module 'dsqrt_64ns_64ns_64_30_no_dsp_1': 1 instance(s).
INFO: [RTGEN 206-100] Generating core module 'fadd_32ns_32ns_32_5_full_dsp_1': 1 instance(s).
INFO: [RTGEN 206-100] Generating core module 'fcmp_32ns_32ns_1_2_no_dsp_1': 1 instance(s).
INFO: [RTGEN 206-100] Generating core module 'fpext_32ns_64_2_no_dsp_1': 2 instance(s).
INFO: [RTGEN 206-100] Generating core module 'fptrunc_64ns_32_2_no_dsp_1': 1 instance(s).
INFO: [RTGEN 206-100] Generating core module 'mul_24ns_30s_30_1_1': 1 instance(s).
INFO: [RTGEN 206-100] Generating core module 'mul_29s_14ns_29_1_1': 1 instance(s).
INFO: [RTGEN 206-100] Generating core module 'mul_30s_30s_30_1_1': 1 instance(s).
INFO: [RTGEN 206-100] Generating core module 'mul_32s_16ns_32_1_1': 4 instance(s).
INFO: [RTGEN 206-100] Generating core module 'mul_32s_18ns_32_1_1': 1 instance(s).
INFO: [RTGEN 206-100] Generating core module 'mul_32s_26ns_32_1_1': 1 instance(s).
INFO: [RTGEN 206-100] Generating core module 'mul_32s_32s_32_1_1': 1 instance(s).
INFO: [RTGEN 206-100] Generating core module 'mul_32s_8ns_32_1_1': 4 instance(s).
INFO: [RTGEN 206-100] Generating core module 'mul_64ns_16ns_80_5_1': 1 instance(s).
INFO: [RTGEN 206-100] Generating core module 'mul_64ns_32ns_96_5_1': 1 instance(s).
INFO: [RTGEN 206-100] Generating core module 'mul_8ns_8ns_16_1_1': 2 instance(s).
INFO: [RTGEN 206-100] Generating core module 'mul_mul_16ns_16ns_32_4_1': 3 instance(s).
INFO: [RTGEN 206-100] Generating core module 'mul_mul_16ns_8ns_24_4_1': 3 instance(s).
INFO: [RTGEN 206-100] Generating core module 'mul_mul_24ns_17s_32_4_1': 1 instance(s).
INFO: [RTGEN 206-100] Generating core module 'mux_21_32_1_1': 7 instance(s).
INFO: [RTGEN 206-100] Generating core module 'mux_32_32_1_1': 4 instance(s).
INFO: [RTGEN 206-100] Generating core module 'mux_42_64_1_1': 2 instance(s).
INFO: [RTGEN 206-100] Generating core module 'sdiv_18ns_9ns_16_22_seq_1': 2 instance(s).
INFO: [RTGEN 206-100] Finished creating RTL model for 'Block_entry352_proc1'.
INFO: [RTMG 210-278] Implementing memory 'conv_bn_relu_Block_entry352_proc1_bn_params_RAM_AUTO_1R1W' using auto RAMs.
INFO: [RTMG 210-278] Implementing memory 'conv_bn_relu_Block_entry352_proc1_local_kernel_RAM_AUTO_1R1W' using auto RAMs.
INFO: [RTMG 210-278] Implementing memory 'conv_bn_relu_Block_entry352_proc1_local_feature_in_blk_RAM_AUTO_1R1W' using auto RAMs.
INFO: [RTMG 210-278] Implementing memory 'conv_bn_relu_Block_entry352_proc1_local_conv_kernel_blk_RAM_AUTO_1R1W' using auto RAMs.
Command       create_rtl_model done; 1.447 sec.
INFO: [HLS 200-111] Finished Creating RTL model: CPU user time: 1 seconds. CPU system time: 0 seconds. Elapsed time: 2.023 seconds; current allocated memory: 676.746 MB.
Execute       source C:/Users/11400/Desktop/shuffletest/HLS/ip9/solution1/.autopilot/db/conv_bn_relu.rtl_wrap.cfg.tcl 
Execute       gen_rtl Block_entry352_proc1 -style xilinx -f -lang vhdl -o C:/Users/11400/Desktop/shuffletest/HLS/ip9/solution1/syn/vhdl/conv_bn_relu_Block_entry352_proc1 
Execute       gen_rtl Block_entry352_proc1 -style xilinx -f -lang vlog -o C:/Users/11400/Desktop/shuffletest/HLS/ip9/solution1/syn/verilog/conv_bn_relu_Block_entry352_proc1 
Execute       syn_report -csynth -model Block_entry352_proc1 -o C:/Users/11400/Desktop/shuffletest/HLS/ip9/solution1/syn/report/Block_entry352_proc1_csynth.rpt 
Execute         AP::get_flow_target_display_name
Command       syn_report done; 0.276 sec.
Execute       syn_report -rtlxml -model Block_entry352_proc1 -o C:/Users/11400/Desktop/shuffletest/HLS/ip9/solution1/syn/report/Block_entry352_proc1_csynth.xml 
Command       syn_report done; 0.104 sec.
Execute       syn_report -verbosereport -model Block_entry352_proc1 -o C:/Users/11400/Desktop/shuffletest/HLS/ip9/solution1/.autopilot/db/Block_entry352_proc1.verbose.rpt 
Execute         AP::get_flow_target_display_name
Command       syn_report done; 0.781 sec.
Execute       db_write -model Block_entry352_proc1 -f -o C:/Users/11400/Desktop/shuffletest/HLS/ip9/solution1/.autopilot/db/Block_entry352_proc1.adb 
Command       db_write done; 0.209 sec.
Execute       db_write -model Block_entry352_proc1 -bindview -o C:/Users/11400/Desktop/shuffletest/HLS/ip9/solution1/.autopilot/db/design.bindinfo.xml 
Execute       gen_tb_info Block_entry352_proc1 -p C:/Users/11400/Desktop/shuffletest/HLS/ip9/solution1/.autopilot/db -o C:/Users/11400/Desktop/shuffletest/HLS/ip9/solution1/.autopilot/db/Block_entry352_proc1 
INFO: [HLS 200-10] ----------------------------------------------------------------
INFO: [HLS 200-10] -- Generating RTL for module 'conv_bn_relu' 
INFO: [HLS 200-10] ----------------------------------------------------------------
Execute       create_rtl_model conv_bn_relu -top_prefix  -sub_prefix conv_bn_relu_ -mg_file C:/Users/11400/Desktop/shuffletest/HLS/ip9/solution1/.autopilot/db/conv_bn_relu.compgen.tcl 
WARNING: [RTGEN 206-101] Design contains AXI ports. Reset is fixed to synchronous and active low.
INFO: [RTGEN 206-500] Setting interface mode on port 'conv_bn_relu/gmem1' to 'm_axi'.
INFO: [RTGEN 206-500] Setting interface mode on port 'conv_bn_relu/gmem2' to 'm_axi'.
INFO: [RTGEN 206-500] Setting interface mode on port 'conv_bn_relu/gmem3' to 'm_axi'.
INFO: [RTGEN 206-500] Setting interface mode on port 'conv_bn_relu/gmem0' to 'm_axi'.
INFO: [RTGEN 206-500] Setting interface mode on port 'conv_bn_relu/conv_type' to 's_axilite & ap_none' (register).
INFO: [RTGEN 206-500] Setting interface mode on port 'conv_bn_relu/C_in' to 's_axilite & ap_none' (register).
INFO: [RTGEN 206-500] Setting interface mode on port 'conv_bn_relu/H_in' to 's_axilite & ap_none' (register).
INFO: [RTGEN 206-500] Setting interface mode on port 'conv_bn_relu/W_in' to 's_axilite & ap_none' (register).
INFO: [RTGEN 206-500] Setting interface mode on port 'conv_bn_relu/C_out' to 's_axilite & ap_none' (register).
INFO: [RTGEN 206-500] Setting interface mode on port 'conv_bn_relu/kernel_size' to 's_axilite & ap_none' (register).
INFO: [RTGEN 206-500] Setting interface mode on port 'conv_bn_relu/stride' to 's_axilite & ap_none' (register).
INFO: [RTGEN 206-500] Setting interface mode on port 'conv_bn_relu/padding' to 's_axilite & ap_none' (register).
INFO: [RTGEN 206-500] Setting interface mode on port 'conv_bn_relu/feature_in' to 's_axilite & ap_none'.
INFO: [RTGEN 206-500] Setting interface mode on port 'conv_bn_relu/conv_kernel' to 's_axilite & ap_none'.
INFO: [RTGEN 206-500] Setting interface mode on port 'conv_bn_relu/bn_mean' to 's_axilite & ap_none'.
INFO: [RTGEN 206-500] Setting interface mode on port 'conv_bn_relu/bn_var' to 's_axilite & ap_none'.
INFO: [RTGEN 206-500] Setting interface mode on port 'conv_bn_relu/bn_gamma' to 's_axilite & ap_none'.
INFO: [RTGEN 206-500] Setting interface mode on port 'conv_bn_relu/bn_beta' to 's_axilite & ap_none'.
INFO: [RTGEN 206-500] Setting interface mode on port 'conv_bn_relu/feature_out' to 's_axilite & ap_none'.
INFO: [RTGEN 206-500] Setting interface mode on function 'conv_bn_relu' to 's_axilite & ap_ctrl_hs'.
INFO: [RTGEN 206-100] Bundling port 'conv_type', 'H_in', 'C_out', 'stride', 'C_in', 'W_in', 'kernel_size', 'padding', 'feature_in', 'conv_kernel', 'bn_mean', 'bn_var', 'bn_gamma', 'bn_beta', 'feature_out' to AXI-Lite port control.
INFO: [RTGEN 206-100] Finished creating RTL model for 'conv_bn_relu'.
Command       create_rtl_model done; 1.13 sec.
INFO: [HLS 200-111] Finished Creating RTL model: CPU user time: 2 seconds. CPU system time: 1 seconds. Elapsed time: 3.371 seconds; current allocated memory: 676.746 MB.
Execute       source C:/Users/11400/Desktop/shuffletest/HLS/ip9/solution1/.autopilot/db/conv_bn_relu.rtl_wrap.cfg.tcl 
Execute       gen_rtl conv_bn_relu -istop -style xilinx -f -lang vhdl -o C:/Users/11400/Desktop/shuffletest/HLS/ip9/solution1/syn/vhdl/conv_bn_relu 
Execute       gen_rtl conv_bn_relu -istop -style xilinx -f -lang vlog -o C:/Users/11400/Desktop/shuffletest/HLS/ip9/solution1/syn/verilog/conv_bn_relu 
Execute       syn_report -csynth -model conv_bn_relu -o C:/Users/11400/Desktop/shuffletest/HLS/ip9/solution1/syn/report/conv_bn_relu_csynth.rpt 
Execute         AP::get_flow_target_display_name
Execute       syn_report -rtlxml -model conv_bn_relu -o C:/Users/11400/Desktop/shuffletest/HLS/ip9/solution1/syn/report/conv_bn_relu_csynth.xml 
Execute       syn_report -verbosereport -model conv_bn_relu -o C:/Users/11400/Desktop/shuffletest/HLS/ip9/solution1/.autopilot/db/conv_bn_relu.verbose.rpt 
Execute         AP::get_flow_target_display_name
Command       syn_report done; 0.478 sec.
Execute       db_write -model conv_bn_relu -f -o C:/Users/11400/Desktop/shuffletest/HLS/ip9/solution1/.autopilot/db/conv_bn_relu.adb 
Execute       db_write -model conv_bn_relu -bindview -o C:/Users/11400/Desktop/shuffletest/HLS/ip9/solution1/.autopilot/db/design.bindinfo.xml 
Execute       gen_tb_info conv_bn_relu -p C:/Users/11400/Desktop/shuffletest/HLS/ip9/solution1/.autopilot/db -o C:/Users/11400/Desktop/shuffletest/HLS/ip9/solution1/.autopilot/db/conv_bn_relu 
Execute       export_constraint_db -f -tool general -o C:/Users/11400/Desktop/shuffletest/HLS/ip9/solution1/.autopilot/db/conv_bn_relu.constraint.tcl 
Execute       syn_report -designview -model conv_bn_relu -o C:/Users/11400/Desktop/shuffletest/HLS/ip9/solution1/.autopilot/db/conv_bn_relu.design.xml 
Command       syn_report done; 0.419 sec.
Execute       syn_report -csynthDesign -model conv_bn_relu -o C:/Users/11400/Desktop/shuffletest/HLS/ip9/solution1/syn/report/csynth.rpt 
Execute         AP::get_flow_target_display_name
Execute       syn_report -wcfg -model conv_bn_relu -o C:/Users/11400/Desktop/shuffletest/HLS/ip9/solution1/.autopilot/db/conv_bn_relu_dataflow_ana.wcfg 
Execute       syn_report -protoinst -model conv_bn_relu -o C:/Users/11400/Desktop/shuffletest/HLS/ip9/solution1/.autopilot/db/conv_bn_relu.protoinst 
Execute       sc_get_clocks conv_bn_relu 
Execute       sc_get_portdomain conv_bn_relu 
INFO-FLOW: Model list for RTL component generation: Block_entry352_proc1_Pipeline_VITIS_LOOP_205_18 Block_entry352_proc1_Pipeline_VITIS_LOOP_79_1 Block_entry352_proc1_Pipeline_3 Block_entry352_proc1_Pipeline_4 Block_entry352_proc1_Pipeline_VITIS_LOOP_117_7 Block_entry352_proc1_Pipeline_VITIS_LOOP_141_11 Block_entry352_proc1 conv_bn_relu
INFO-FLOW: Handling components in module [Block_entry352_proc1_Pipeline_VITIS_LOOP_205_18] ... 
Execute       source C:/Users/11400/Desktop/shuffletest/HLS/ip9/solution1/.autopilot/db/Block_entry352_proc1_Pipeline_VITIS_LOOP_205_18.compgen.tcl 
INFO-FLOW: Found component conv_bn_relu_flow_control_loop_pipe_sequential_init.
INFO-FLOW: Append model conv_bn_relu_flow_control_loop_pipe_sequential_init
INFO-FLOW: Handling components in module [Block_entry352_proc1_Pipeline_VITIS_LOOP_79_1] ... 
Execute       source C:/Users/11400/Desktop/shuffletest/HLS/ip9/solution1/.autopilot/db/Block_entry352_proc1_Pipeline_VITIS_LOOP_79_1.compgen.tcl 
INFO-FLOW: Found component conv_bn_relu_flow_control_loop_pipe_sequential_init.
INFO-FLOW: Append model conv_bn_relu_flow_control_loop_pipe_sequential_init
INFO-FLOW: Handling components in module [Block_entry352_proc1_Pipeline_3] ... 
Execute       source C:/Users/11400/Desktop/shuffletest/HLS/ip9/solution1/.autopilot/db/Block_entry352_proc1_Pipeline_3.compgen.tcl 
INFO-FLOW: Found component conv_bn_relu_flow_control_loop_pipe_sequential_init.
INFO-FLOW: Append model conv_bn_relu_flow_control_loop_pipe_sequential_init
INFO-FLOW: Handling components in module [Block_entry352_proc1_Pipeline_4] ... 
Execute       source C:/Users/11400/Desktop/shuffletest/HLS/ip9/solution1/.autopilot/db/Block_entry352_proc1_Pipeline_4.compgen.tcl 
INFO-FLOW: Found component conv_bn_relu_mul_7ns_9ns_15_1_1.
INFO-FLOW: Append model conv_bn_relu_mul_7ns_9ns_15_1_1
INFO-FLOW: Found component conv_bn_relu_urem_7ns_5ns_4_11_1.
INFO-FLOW: Append model conv_bn_relu_urem_7ns_5ns_4_11_1
INFO-FLOW: Found component conv_bn_relu_mul_4ns_6ns_9_1_1.
INFO-FLOW: Append model conv_bn_relu_mul_4ns_6ns_9_1_1
INFO-FLOW: Found component conv_bn_relu_flow_control_loop_pipe_sequential_init.
INFO-FLOW: Append model conv_bn_relu_flow_control_loop_pipe_sequential_init
INFO-FLOW: Handling components in module [Block_entry352_proc1_Pipeline_VITIS_LOOP_117_7] ... 
Execute       source C:/Users/11400/Desktop/shuffletest/HLS/ip9/solution1/.autopilot/db/Block_entry352_proc1_Pipeline_VITIS_LOOP_117_7.compgen.tcl 
INFO-FLOW: Found component conv_bn_relu_mul_32s_16ns_32_1_1.
INFO-FLOW: Append model conv_bn_relu_mul_32s_16ns_32_1_1
INFO-FLOW: Found component conv_bn_relu_flow_control_loop_pipe_sequential_init.
INFO-FLOW: Append model conv_bn_relu_flow_control_loop_pipe_sequential_init
INFO-FLOW: Handling components in module [Block_entry352_proc1_Pipeline_VITIS_LOOP_141_11] ... 
Execute       source C:/Users/11400/Desktop/shuffletest/HLS/ip9/solution1/.autopilot/db/Block_entry352_proc1_Pipeline_VITIS_LOOP_141_11.compgen.tcl 
INFO-FLOW: Found component conv_bn_relu_mul_32s_32s_32_1_1.
INFO-FLOW: Append model conv_bn_relu_mul_32s_32s_32_1_1
INFO-FLOW: Found component conv_bn_relu_mac_muladd_16ns_16ns_32ns_32_4_1.
INFO-FLOW: Append model conv_bn_relu_mac_muladd_16ns_16ns_32ns_32_4_1
INFO-FLOW: Found component conv_bn_relu_flow_control_loop_pipe_sequential_init.
INFO-FLOW: Append model conv_bn_relu_flow_control_loop_pipe_sequential_init
INFO-FLOW: Handling components in module [Block_entry352_proc1] ... 
Execute       source C:/Users/11400/Desktop/shuffletest/HLS/ip9/solution1/.autopilot/db/Block_entry352_proc1.compgen.tcl 
INFO-FLOW: Found component conv_bn_relu_fptrunc_64ns_32_2_no_dsp_1.
INFO-FLOW: Append model conv_bn_relu_fptrunc_64ns_32_2_no_dsp_1
INFO-FLOW: Found component conv_bn_relu_fpext_32ns_64_2_no_dsp_1.
INFO-FLOW: Append model conv_bn_relu_fpext_32ns_64_2_no_dsp_1
INFO-FLOW: Found component conv_bn_relu_fcmp_32ns_32ns_1_2_no_dsp_1.
INFO-FLOW: Append model conv_bn_relu_fcmp_32ns_32ns_1_2_no_dsp_1
INFO-FLOW: Found component conv_bn_relu_dadddsub_64ns_64ns_64_7_full_dsp_1.
INFO-FLOW: Append model conv_bn_relu_dadddsub_64ns_64ns_64_7_full_dsp_1
INFO-FLOW: Found component conv_bn_relu_dmul_64ns_64ns_64_6_max_dsp_1.
INFO-FLOW: Append model conv_bn_relu_dmul_64ns_64ns_64_6_max_dsp_1
INFO-FLOW: Found component conv_bn_relu_sdiv_18ns_9ns_16_22_seq_1.
INFO-FLOW: Append model conv_bn_relu_sdiv_18ns_9ns_16_22_seq_1
INFO-FLOW: Found component conv_bn_relu_mul_8ns_8ns_16_1_1.
INFO-FLOW: Append model conv_bn_relu_mul_8ns_8ns_16_1_1
INFO-FLOW: Found component conv_bn_relu_mul_32s_8ns_32_1_1.
INFO-FLOW: Append model conv_bn_relu_mul_32s_8ns_32_1_1
INFO-FLOW: Found component conv_bn_relu_mux_42_64_1_1.
INFO-FLOW: Append model conv_bn_relu_mux_42_64_1_1
INFO-FLOW: Found component conv_bn_relu_mux_21_32_1_1.
INFO-FLOW: Append model conv_bn_relu_mux_21_32_1_1
INFO-FLOW: Found component conv_bn_relu_mul_29s_14ns_29_1_1.
INFO-FLOW: Append model conv_bn_relu_mul_29s_14ns_29_1_1
INFO-FLOW: Found component conv_bn_relu_mul_64ns_32ns_96_5_1.
INFO-FLOW: Append model conv_bn_relu_mul_64ns_32ns_96_5_1
INFO-FLOW: Found component conv_bn_relu_mul_30s_30s_30_1_1.
INFO-FLOW: Append model conv_bn_relu_mul_30s_30s_30_1_1
INFO-FLOW: Found component conv_bn_relu_mul_24ns_30s_30_1_1.
INFO-FLOW: Append model conv_bn_relu_mul_24ns_30s_30_1_1
INFO-FLOW: Found component conv_bn_relu_mul_32s_18ns_32_1_1.
INFO-FLOW: Append model conv_bn_relu_mul_32s_18ns_32_1_1
INFO-FLOW: Found component conv_bn_relu_mul_32s_26ns_32_1_1.
INFO-FLOW: Append model conv_bn_relu_mul_32s_26ns_32_1_1
INFO-FLOW: Found component conv_bn_relu_mul_64ns_16ns_80_5_1.
INFO-FLOW: Append model conv_bn_relu_mul_64ns_16ns_80_5_1
INFO-FLOW: Found component conv_bn_relu_mux_32_32_1_1.
INFO-FLOW: Append model conv_bn_relu_mux_32_32_1_1
INFO-FLOW: Found component conv_bn_relu_mul_mul_16ns_8ns_24_4_1.
INFO-FLOW: Append model conv_bn_relu_mul_mul_16ns_8ns_24_4_1
INFO-FLOW: Found component conv_bn_relu_mul_mul_16ns_16ns_32_4_1.
INFO-FLOW: Append model conv_bn_relu_mul_mul_16ns_16ns_32_4_1
INFO-FLOW: Found component conv_bn_relu_mul_mul_24ns_17s_32_4_1.
INFO-FLOW: Append model conv_bn_relu_mul_mul_24ns_17s_32_4_1
INFO-FLOW: Found component conv_bn_relu_fadd_32ns_32ns_32_5_full_dsp_1.
INFO-FLOW: Append model conv_bn_relu_fadd_32ns_32ns_32_5_full_dsp_1
INFO-FLOW: Found component conv_bn_relu_ddiv_64ns_64ns_64_31_no_dsp_1.
INFO-FLOW: Append model conv_bn_relu_ddiv_64ns_64ns_64_31_no_dsp_1
INFO-FLOW: Found component conv_bn_relu_dsqrt_64ns_64ns_64_30_no_dsp_1.
INFO-FLOW: Append model conv_bn_relu_dsqrt_64ns_64ns_64_30_no_dsp_1
INFO-FLOW: Found component conv_bn_relu_Block_entry352_proc1_bn_params_RAM_AUTO_1R1W.
INFO-FLOW: Append model conv_bn_relu_Block_entry352_proc1_bn_params_RAM_AUTO_1R1W
INFO-FLOW: Found component conv_bn_relu_Block_entry352_proc1_local_kernel_RAM_AUTO_1R1W.
INFO-FLOW: Append model conv_bn_relu_Block_entry352_proc1_local_kernel_RAM_AUTO_1R1W
INFO-FLOW: Found component conv_bn_relu_Block_entry352_proc1_local_feature_in_blk_RAM_AUTO_1R1W.
INFO-FLOW: Append model conv_bn_relu_Block_entry352_proc1_local_feature_in_blk_RAM_AUTO_1R1W
INFO-FLOW: Found component conv_bn_relu_Block_entry352_proc1_local_conv_kernel_blk_RAM_AUTO_1R1W.
INFO-FLOW: Append model conv_bn_relu_Block_entry352_proc1_local_conv_kernel_blk_RAM_AUTO_1R1W
INFO-FLOW: Handling components in module [conv_bn_relu] ... 
Execute       source C:/Users/11400/Desktop/shuffletest/HLS/ip9/solution1/.autopilot/db/conv_bn_relu.compgen.tcl 
INFO-FLOW: Found component conv_bn_relu_gmem1_m_axi.
INFO-FLOW: Append model conv_bn_relu_gmem1_m_axi
INFO-FLOW: Found component conv_bn_relu_gmem2_m_axi.
INFO-FLOW: Append model conv_bn_relu_gmem2_m_axi
INFO-FLOW: Found component conv_bn_relu_gmem3_m_axi.
INFO-FLOW: Append model conv_bn_relu_gmem3_m_axi
INFO-FLOW: Found component conv_bn_relu_gmem0_m_axi.
INFO-FLOW: Append model conv_bn_relu_gmem0_m_axi
INFO-FLOW: Found component conv_bn_relu_control_s_axi.
INFO-FLOW: Append model conv_bn_relu_control_s_axi
INFO-FLOW: Append model Block_entry352_proc1_Pipeline_VITIS_LOOP_205_18
INFO-FLOW: Append model Block_entry352_proc1_Pipeline_VITIS_LOOP_79_1
INFO-FLOW: Append model Block_entry352_proc1_Pipeline_3
INFO-FLOW: Append model Block_entry352_proc1_Pipeline_4
INFO-FLOW: Append model Block_entry352_proc1_Pipeline_VITIS_LOOP_117_7
INFO-FLOW: Append model Block_entry352_proc1_Pipeline_VITIS_LOOP_141_11
INFO-FLOW: Append model Block_entry352_proc1
INFO-FLOW: Append model conv_bn_relu
INFO-FLOW: Generating RTL model list ...
INFO-FLOW: All models in this session: conv_bn_relu_flow_control_loop_pipe_sequential_init conv_bn_relu_flow_control_loop_pipe_sequential_init conv_bn_relu_flow_control_loop_pipe_sequential_init conv_bn_relu_mul_7ns_9ns_15_1_1 conv_bn_relu_urem_7ns_5ns_4_11_1 conv_bn_relu_mul_4ns_6ns_9_1_1 conv_bn_relu_flow_control_loop_pipe_sequential_init conv_bn_relu_mul_32s_16ns_32_1_1 conv_bn_relu_flow_control_loop_pipe_sequential_init conv_bn_relu_mul_32s_32s_32_1_1 conv_bn_relu_mac_muladd_16ns_16ns_32ns_32_4_1 conv_bn_relu_flow_control_loop_pipe_sequential_init conv_bn_relu_fptrunc_64ns_32_2_no_dsp_1 conv_bn_relu_fpext_32ns_64_2_no_dsp_1 conv_bn_relu_fcmp_32ns_32ns_1_2_no_dsp_1 conv_bn_relu_dadddsub_64ns_64ns_64_7_full_dsp_1 conv_bn_relu_dmul_64ns_64ns_64_6_max_dsp_1 conv_bn_relu_sdiv_18ns_9ns_16_22_seq_1 conv_bn_relu_mul_8ns_8ns_16_1_1 conv_bn_relu_mul_32s_8ns_32_1_1 conv_bn_relu_mux_42_64_1_1 conv_bn_relu_mux_21_32_1_1 conv_bn_relu_mul_29s_14ns_29_1_1 conv_bn_relu_mul_64ns_32ns_96_5_1 conv_bn_relu_mul_30s_30s_30_1_1 conv_bn_relu_mul_24ns_30s_30_1_1 conv_bn_relu_mul_32s_18ns_32_1_1 conv_bn_relu_mul_32s_26ns_32_1_1 conv_bn_relu_mul_64ns_16ns_80_5_1 conv_bn_relu_mux_32_32_1_1 conv_bn_relu_mul_mul_16ns_8ns_24_4_1 conv_bn_relu_mul_mul_16ns_16ns_32_4_1 conv_bn_relu_mul_mul_24ns_17s_32_4_1 conv_bn_relu_fadd_32ns_32ns_32_5_full_dsp_1 conv_bn_relu_ddiv_64ns_64ns_64_31_no_dsp_1 conv_bn_relu_dsqrt_64ns_64ns_64_30_no_dsp_1 conv_bn_relu_Block_entry352_proc1_bn_params_RAM_AUTO_1R1W conv_bn_relu_Block_entry352_proc1_local_kernel_RAM_AUTO_1R1W conv_bn_relu_Block_entry352_proc1_local_feature_in_blk_RAM_AUTO_1R1W conv_bn_relu_Block_entry352_proc1_local_conv_kernel_blk_RAM_AUTO_1R1W conv_bn_relu_gmem1_m_axi conv_bn_relu_gmem2_m_axi conv_bn_relu_gmem3_m_axi conv_bn_relu_gmem0_m_axi conv_bn_relu_control_s_axi Block_entry352_proc1_Pipeline_VITIS_LOOP_205_18 Block_entry352_proc1_Pipeline_VITIS_LOOP_79_1 Block_entry352_proc1_Pipeline_3 Block_entry352_proc1_Pipeline_4 Block_entry352_proc1_Pipeline_VITIS_LOOP_117_7 Block_entry352_proc1_Pipeline_VITIS_LOOP_141_11 Block_entry352_proc1 conv_bn_relu
INFO-FLOW: Generating C:/Users/11400/Desktop/shuffletest/HLS/ip9/solution1/.autopilot/db/autopilot.rtl.models.txt file...
INFO-FLOW: To file: write model conv_bn_relu_flow_control_loop_pipe_sequential_init
INFO-FLOW: To file: write model conv_bn_relu_flow_control_loop_pipe_sequential_init
INFO-FLOW: To file: write model conv_bn_relu_flow_control_loop_pipe_sequential_init
INFO-FLOW: To file: write model conv_bn_relu_mul_7ns_9ns_15_1_1
INFO-FLOW: To file: write model conv_bn_relu_urem_7ns_5ns_4_11_1
INFO-FLOW: To file: write model conv_bn_relu_mul_4ns_6ns_9_1_1
INFO-FLOW: To file: write model conv_bn_relu_flow_control_loop_pipe_sequential_init
INFO-FLOW: To file: write model conv_bn_relu_mul_32s_16ns_32_1_1
INFO-FLOW: To file: write model conv_bn_relu_flow_control_loop_pipe_sequential_init
INFO-FLOW: To file: write model conv_bn_relu_mul_32s_32s_32_1_1
INFO-FLOW: To file: write model conv_bn_relu_mac_muladd_16ns_16ns_32ns_32_4_1
INFO-FLOW: To file: write model conv_bn_relu_flow_control_loop_pipe_sequential_init
INFO-FLOW: To file: write model conv_bn_relu_fptrunc_64ns_32_2_no_dsp_1
INFO-FLOW: To file: write model conv_bn_relu_fpext_32ns_64_2_no_dsp_1
INFO-FLOW: To file: write model conv_bn_relu_fcmp_32ns_32ns_1_2_no_dsp_1
INFO-FLOW: To file: write model conv_bn_relu_dadddsub_64ns_64ns_64_7_full_dsp_1
INFO-FLOW: To file: write model conv_bn_relu_dmul_64ns_64ns_64_6_max_dsp_1
INFO-FLOW: To file: write model conv_bn_relu_sdiv_18ns_9ns_16_22_seq_1
INFO-FLOW: To file: write model conv_bn_relu_mul_8ns_8ns_16_1_1
INFO-FLOW: To file: write model conv_bn_relu_mul_32s_8ns_32_1_1
INFO-FLOW: To file: write model conv_bn_relu_mux_42_64_1_1
INFO-FLOW: To file: write model conv_bn_relu_mux_21_32_1_1
INFO-FLOW: To file: write model conv_bn_relu_mul_29s_14ns_29_1_1
INFO-FLOW: To file: write model conv_bn_relu_mul_64ns_32ns_96_5_1
INFO-FLOW: To file: write model conv_bn_relu_mul_30s_30s_30_1_1
INFO-FLOW: To file: write model conv_bn_relu_mul_24ns_30s_30_1_1
INFO-FLOW: To file: write model conv_bn_relu_mul_32s_18ns_32_1_1
INFO-FLOW: To file: write model conv_bn_relu_mul_32s_26ns_32_1_1
INFO-FLOW: To file: write model conv_bn_relu_mul_64ns_16ns_80_5_1
INFO-FLOW: To file: write model conv_bn_relu_mux_32_32_1_1
INFO-FLOW: To file: write model conv_bn_relu_mul_mul_16ns_8ns_24_4_1
INFO-FLOW: To file: write model conv_bn_relu_mul_mul_16ns_16ns_32_4_1
INFO-FLOW: To file: write model conv_bn_relu_mul_mul_24ns_17s_32_4_1
INFO-FLOW: To file: write model conv_bn_relu_fadd_32ns_32ns_32_5_full_dsp_1
INFO-FLOW: To file: write model conv_bn_relu_ddiv_64ns_64ns_64_31_no_dsp_1
INFO-FLOW: To file: write model conv_bn_relu_dsqrt_64ns_64ns_64_30_no_dsp_1
INFO-FLOW: To file: write model conv_bn_relu_Block_entry352_proc1_bn_params_RAM_AUTO_1R1W
INFO-FLOW: To file: write model conv_bn_relu_Block_entry352_proc1_local_kernel_RAM_AUTO_1R1W
INFO-FLOW: To file: write model conv_bn_relu_Block_entry352_proc1_local_feature_in_blk_RAM_AUTO_1R1W
INFO-FLOW: To file: write model conv_bn_relu_Block_entry352_proc1_local_conv_kernel_blk_RAM_AUTO_1R1W
INFO-FLOW: To file: write model conv_bn_relu_gmem1_m_axi
INFO-FLOW: To file: write model conv_bn_relu_gmem2_m_axi
INFO-FLOW: To file: write model conv_bn_relu_gmem3_m_axi
INFO-FLOW: To file: write model conv_bn_relu_gmem0_m_axi
INFO-FLOW: To file: write model conv_bn_relu_control_s_axi
INFO-FLOW: To file: write model Block_entry352_proc1_Pipeline_VITIS_LOOP_205_18
INFO-FLOW: To file: write model Block_entry352_proc1_Pipeline_VITIS_LOOP_79_1
INFO-FLOW: To file: write model Block_entry352_proc1_Pipeline_3
INFO-FLOW: To file: write model Block_entry352_proc1_Pipeline_4
INFO-FLOW: To file: write model Block_entry352_proc1_Pipeline_VITIS_LOOP_117_7
INFO-FLOW: To file: write model Block_entry352_proc1_Pipeline_VITIS_LOOP_141_11
INFO-FLOW: To file: write model Block_entry352_proc1
INFO-FLOW: To file: write model conv_bn_relu
INFO-FLOW: Generating C:/Users/11400/Desktop/shuffletest/HLS/ip9/solution1/.autopilot/db/autopilot.rtl.models.tcl file...
INFO-FLOW: Finished generating RTL model list.


INFO-FLOW: RTL Generation done.
INFO-FLOW: CAS Generation done.
INFO-FLOW: CBC Generation done.
INFO-FLOW: DBG:PROC: ::AESL_AUTOMG::auto_generate_csynth_design
INFO-FLOW: DBG:PUTS: read_platform_lib C:/Users/11400/Desktop/shuffletest/HLS/ip9/solution1/.autopilot/db/global.setting.tcl
Execute       source D:/Xilinx/Vitis_HLS/2022.2/common/technology/generic/autopilot/common.gen 
Execute         source D:/Xilinx/Vitis_HLS/2022.2/common/technology/generic/autopilot/APCoreGen.gen 
Execute       source D:/Xilinx/Vitis_HLS/2022.2/common/technology/generic/autopilot/op.gen 
Execute       source D:/Xilinx/Vitis_HLS/2022.2/common/technology/generic/autopilot/op_simcore.gen 
Execute       source D:/Xilinx/Vitis_HLS/2022.2/common/technology/generic/autopilot/interface.gen 
Execute       source C:/Users/11400/Desktop/shuffletest/HLS/ip9/solution1/.autopilot/db/global.setting.tcl 
Execute       source D:/Xilinx/Vitis_HLS/2022.2/common/technology/xilinx/common/xilinx.gen 
Execute         source D:/Xilinx/Vitis_HLS/2022.2/common/technology/xilinx/interface/plb46.gen 
Execute         source D:/Xilinx/Vitis_HLS/2022.2/common/technology/xilinx/interface/axi4.gen 
Execute         source D:/Xilinx/Vitis_HLS/2022.2/common/technology/xilinx/interface/nativeAXI4.gen 
Execute           source D:/Xilinx/Vitis_HLS/2022.2/common/technology/xilinx/interface/saxilite.gen 
Execute         source D:/Xilinx/Vitis_HLS/2022.2/common/technology/xilinx/scripts/xilinxcoregen.gen 
Execute         source D:/Xilinx/Vitis_HLS/2022.2/common/technology/xilinx/interface/XilEDKCoreGen.gen 
Execute         source D:/Xilinx/Vitis_HLS/2022.2/common/technology/xilinx/ip/dds_compiler.gen 
Execute         source D:/Xilinx/Vitis_HLS/2022.2/common/technology/xilinx/ip/util.gen 
Execute         source D:/Xilinx/Vitis_HLS/2022.2/common/technology/xilinx/ip/xfft.gen 
Execute         source D:/Xilinx/Vitis_HLS/2022.2/common/technology/xilinx/ip/xfir.gen 
Execute         source D:/Xilinx/Vitis_HLS/2022.2/common/technology/xilinx/DSP48/dsp48.gen 
INFO-FLOW: DBG:PUTS:   using AESL_AUTOCG::g_clock_period=10.000 (was NA)
INFO-FLOW: DBG:PROC: ::AESL_AUTOMG::generate_ip_cores gen_sim_model='1' gen_fp_models='0' gen_for_export='0' dstSCDir='' dstVhdlDir='C:/Users/11400/Desktop/shuffletest/HLS/ip9/solution1/.autopilot/db/vhdl' dstVlogDir='C:/Users/11400/Desktop/shuffletest/HLS/ip9/solution1/.autopilot/db/vlog' tclDir='C:/Users/11400/Desktop/shuffletest/HLS/ip9/solution1/.autopilot/db' modelList='conv_bn_relu_flow_control_loop_pipe_sequential_init
conv_bn_relu_flow_control_loop_pipe_sequential_init
conv_bn_relu_flow_control_loop_pipe_sequential_init
conv_bn_relu_mul_7ns_9ns_15_1_1
conv_bn_relu_urem_7ns_5ns_4_11_1
conv_bn_relu_mul_4ns_6ns_9_1_1
conv_bn_relu_flow_control_loop_pipe_sequential_init
conv_bn_relu_mul_32s_16ns_32_1_1
conv_bn_relu_flow_control_loop_pipe_sequential_init
conv_bn_relu_mul_32s_32s_32_1_1
conv_bn_relu_mac_muladd_16ns_16ns_32ns_32_4_1
conv_bn_relu_flow_control_loop_pipe_sequential_init
conv_bn_relu_fptrunc_64ns_32_2_no_dsp_1
conv_bn_relu_fpext_32ns_64_2_no_dsp_1
conv_bn_relu_fcmp_32ns_32ns_1_2_no_dsp_1
conv_bn_relu_dadddsub_64ns_64ns_64_7_full_dsp_1
conv_bn_relu_dmul_64ns_64ns_64_6_max_dsp_1
conv_bn_relu_sdiv_18ns_9ns_16_22_seq_1
conv_bn_relu_mul_8ns_8ns_16_1_1
conv_bn_relu_mul_32s_8ns_32_1_1
conv_bn_relu_mux_42_64_1_1
conv_bn_relu_mux_21_32_1_1
conv_bn_relu_mul_29s_14ns_29_1_1
conv_bn_relu_mul_64ns_32ns_96_5_1
conv_bn_relu_mul_30s_30s_30_1_1
conv_bn_relu_mul_24ns_30s_30_1_1
conv_bn_relu_mul_32s_18ns_32_1_1
conv_bn_relu_mul_32s_26ns_32_1_1
conv_bn_relu_mul_64ns_16ns_80_5_1
conv_bn_relu_mux_32_32_1_1
conv_bn_relu_mul_mul_16ns_8ns_24_4_1
conv_bn_relu_mul_mul_16ns_16ns_32_4_1
conv_bn_relu_mul_mul_24ns_17s_32_4_1
conv_bn_relu_fadd_32ns_32ns_32_5_full_dsp_1
conv_bn_relu_ddiv_64ns_64ns_64_31_no_dsp_1
conv_bn_relu_dsqrt_64ns_64ns_64_30_no_dsp_1
conv_bn_relu_Block_entry352_proc1_bn_params_RAM_AUTO_1R1W
conv_bn_relu_Block_entry352_proc1_local_kernel_RAM_AUTO_1R1W
conv_bn_relu_Block_entry352_proc1_local_feature_in_blk_RAM_AUTO_1R1W
conv_bn_relu_Block_entry352_proc1_local_conv_kernel_blk_RAM_AUTO_1R1W
conv_bn_relu_gmem1_m_axi
conv_bn_relu_gmem2_m_axi
conv_bn_relu_gmem3_m_axi
conv_bn_relu_gmem0_m_axi
conv_bn_relu_control_s_axi
Block_entry352_proc1_Pipeline_VITIS_LOOP_205_18
Block_entry352_proc1_Pipeline_VITIS_LOOP_79_1
Block_entry352_proc1_Pipeline_3
Block_entry352_proc1_Pipeline_4
Block_entry352_proc1_Pipeline_VITIS_LOOP_117_7
Block_entry352_proc1_Pipeline_VITIS_LOOP_141_11
Block_entry352_proc1
conv_bn_relu
' expOnly='0'
Execute       source C:/Users/11400/Desktop/shuffletest/HLS/ip9/solution1/.autopilot/db/global.setting.tcl 
Execute       ap_part_info -name xc7z020-clg400-2 -data names -quiet 
Execute       ap_part_info -name xc7z020-clg400-2 -data info -quiet 
Execute       source C:/Users/11400/Desktop/shuffletest/HLS/ip9/solution1/.autopilot/db/global.setting.tcl 
Execute       source C:/Users/11400/Desktop/shuffletest/HLS/ip9/solution1/.autopilot/db/global.setting.tcl 
Execute       source C:/Users/11400/Desktop/shuffletest/HLS/ip9/solution1/.autopilot/db/Block_entry352_proc1_Pipeline_VITIS_LOOP_205_18.compgen.tcl 
Execute       source C:/Users/11400/Desktop/shuffletest/HLS/ip9/solution1/.autopilot/db/Block_entry352_proc1_Pipeline_VITIS_LOOP_79_1.compgen.tcl 
Execute       source C:/Users/11400/Desktop/shuffletest/HLS/ip9/solution1/.autopilot/db/Block_entry352_proc1_Pipeline_3.compgen.tcl 
Execute       source C:/Users/11400/Desktop/shuffletest/HLS/ip9/solution1/.autopilot/db/Block_entry352_proc1_Pipeline_4.compgen.tcl 
Execute       source C:/Users/11400/Desktop/shuffletest/HLS/ip9/solution1/.autopilot/db/Block_entry352_proc1_Pipeline_VITIS_LOOP_117_7.compgen.tcl 
Execute       source C:/Users/11400/Desktop/shuffletest/HLS/ip9/solution1/.autopilot/db/Block_entry352_proc1_Pipeline_VITIS_LOOP_141_11.compgen.tcl 
Execute         ap_part_info -name xc7z020-clg400-2 -data names -quiet 
Execute         ap_part_info -name xc7z020-clg400-2 -data info -quiet 
Execute         ap_part_info -name xc7z020-clg400-2 -data info 
Execute       source C:/Users/11400/Desktop/shuffletest/HLS/ip9/solution1/.autopilot/db/Block_entry352_proc1.compgen.tcl 
Execute         ap_part_info -name xc7z020-clg400-2 -data names -quiet 
Execute         ap_part_info -name xc7z020-clg400-2 -data info -quiet 
Execute         ap_part_info -name xc7z020-clg400-2 -data names -quiet 
Execute         ap_part_info -name xc7z020-clg400-2 -data info -quiet 
Execute         ap_part_info -name xc7z020-clg400-2 -data names -quiet 
Execute         ap_part_info -name xc7z020-clg400-2 -data info -quiet 
Execute         ap_part_info -name xc7z020-clg400-2 -data names -quiet 
Execute         ap_part_info -name xc7z020-clg400-2 -data info -quiet 
Execute         ap_part_info -name xc7z020-clg400-2 -data names -quiet 
Execute         ap_part_info -name xc7z020-clg400-2 -data info -quiet 
Execute         ap_part_info -name xc7z020-clg400-2 -data names -quiet 
Execute         ap_part_info -name xc7z020-clg400-2 -data info -quiet 
Command       ap_source done; 0.217 sec.
Execute       source C:/Users/11400/Desktop/shuffletest/HLS/ip9/solution1/.autopilot/db/conv_bn_relu.compgen.tcl 
Execute         source ./control.slave.tcl 
INFO: [HLS 200-111] Finished Generating all RTL models: CPU user time: 1 seconds. CPU system time: 0 seconds. Elapsed time: 2.566 seconds; current allocated memory: 676.746 MB.
INFO-FLOW: DBG:PROC: ::HLSREPORTS::create_csynth_xml bind_info_var='bind_info' RtlSubPrefix='conv_bn_relu_' outfile=''
INFO-FLOW: Running: create_csynth_xml read xml data
INFO-FLOW: Done: create_csynth_xml read xml data time: 0 seconds per iteration
INFO-FLOW: Running: create_csynth_xml bind info
INFO-FLOW: No bind nodes found for module_name conv_bn_relu
INFO-FLOW: Done: create_csynth_xml bind info time: 0 seconds per iteration
INFO-FLOW: Running: create_csynth_xml config info
INFO-FLOW: Done: create_csynth_xml config info time: 0.1 seconds per iteration
INFO-FLOW: Running: create_csynth_xml write xml
INFO-FLOW: Done: create_csynth_xml write xml time: 0 seconds per iteration
INFO-FLOW: DBG:PUTS:      create_csynth_xml wrote csynth_xml=C:/Users/11400/Desktop/shuffletest/HLS/ip9/solution1/syn/report/csynth.xml
INFO-FLOW: DBG:PROC: ::AP::DESIGN_DATA::generate_json generate_bd_files='0' generate_xo_files='0' modelList='conv_bn_relu_flow_control_loop_pipe_sequential_init
conv_bn_relu_flow_control_loop_pipe_sequential_init
conv_bn_relu_flow_control_loop_pipe_sequential_init
conv_bn_relu_mul_7ns_9ns_15_1_1
conv_bn_relu_urem_7ns_5ns_4_11_1
conv_bn_relu_mul_4ns_6ns_9_1_1
conv_bn_relu_flow_control_loop_pipe_sequential_init
conv_bn_relu_mul_32s_16ns_32_1_1
conv_bn_relu_flow_control_loop_pipe_sequential_init
conv_bn_relu_mul_32s_32s_32_1_1
conv_bn_relu_mac_muladd_16ns_16ns_32ns_32_4_1
conv_bn_relu_flow_control_loop_pipe_sequential_init
conv_bn_relu_fptrunc_64ns_32_2_no_dsp_1
conv_bn_relu_fpext_32ns_64_2_no_dsp_1
conv_bn_relu_fcmp_32ns_32ns_1_2_no_dsp_1
conv_bn_relu_dadddsub_64ns_64ns_64_7_full_dsp_1
conv_bn_relu_dmul_64ns_64ns_64_6_max_dsp_1
conv_bn_relu_sdiv_18ns_9ns_16_22_seq_1
conv_bn_relu_mul_8ns_8ns_16_1_1
conv_bn_relu_mul_32s_8ns_32_1_1
conv_bn_relu_mux_42_64_1_1
conv_bn_relu_mux_21_32_1_1
conv_bn_relu_mul_29s_14ns_29_1_1
conv_bn_relu_mul_64ns_32ns_96_5_1
conv_bn_relu_mul_30s_30s_30_1_1
conv_bn_relu_mul_24ns_30s_30_1_1
conv_bn_relu_mul_32s_18ns_32_1_1
conv_bn_relu_mul_32s_26ns_32_1_1
conv_bn_relu_mul_64ns_16ns_80_5_1
conv_bn_relu_mux_32_32_1_1
conv_bn_relu_mul_mul_16ns_8ns_24_4_1
conv_bn_relu_mul_mul_16ns_16ns_32_4_1
conv_bn_relu_mul_mul_24ns_17s_32_4_1
conv_bn_relu_fadd_32ns_32ns_32_5_full_dsp_1
conv_bn_relu_ddiv_64ns_64ns_64_31_no_dsp_1
conv_bn_relu_dsqrt_64ns_64ns_64_30_no_dsp_1
conv_bn_relu_Block_entry352_proc1_bn_params_RAM_AUTO_1R1W
conv_bn_relu_Block_entry352_proc1_local_kernel_RAM_AUTO_1R1W
conv_bn_relu_Block_entry352_proc1_local_feature_in_blk_RAM_AUTO_1R1W
conv_bn_relu_Block_entry352_proc1_local_conv_kernel_blk_RAM_AUTO_1R1W
conv_bn_relu_gmem1_m_axi
conv_bn_relu_gmem2_m_axi
conv_bn_relu_gmem3_m_axi
conv_bn_relu_gmem0_m_axi
conv_bn_relu_control_s_axi
Block_entry352_proc1_Pipeline_VITIS_LOOP_205_18
Block_entry352_proc1_Pipeline_VITIS_LOOP_79_1
Block_entry352_proc1_Pipeline_3
Block_entry352_proc1_Pipeline_4
Block_entry352_proc1_Pipeline_VITIS_LOOP_117_7
Block_entry352_proc1_Pipeline_VITIS_LOOP_141_11
Block_entry352_proc1
conv_bn_relu
' rtl_lang='both' bootstrap_tcl='false' outdir='' outfilename=''
Execute       source C:/Users/11400/Desktop/shuffletest/HLS/ip9/solution1/.autopilot/db/global.setting.tcl 
Execute       source C:/Users/11400/Desktop/shuffletest/HLS/ip9/solution1/.autopilot/db/global.setting.tcl 
Execute       source C:/Users/11400/Desktop/shuffletest/HLS/ip9/solution1/.autopilot/db/top-io-be.tcl 
Execute       source C:/Users/11400/Desktop/shuffletest/HLS/ip9/solution1/.autopilot/db/conv_bn_relu.tbgen.tcl 
Execute       source C:/Users/11400/Desktop/shuffletest/HLS/ip9/solution1/.autopilot/db/conv_bn_relu.compgen.dataonly.tcl 
Execute       source C:/Users/11400/Desktop/shuffletest/HLS/ip9/solution1/.autopilot/db/conv_bn_relu.compgen.dataonly.tcl 
Execute       source C:/Users/11400/Desktop/shuffletest/HLS/ip9/solution1/.autopilot/db/conv_bn_relu.rtl_wrap.cfg.tcl 
Execute       source C:/Users/11400/Desktop/shuffletest/HLS/ip9/solution1/.autopilot/db/conv_bn_relu.compgen.dataonly.tcl 
Execute       source C:/Users/11400/Desktop/shuffletest/HLS/ip9/solution1/.autopilot/db/Block_entry352_proc1_Pipeline_VITIS_LOOP_205_18.tbgen.tcl 
Execute       source C:/Users/11400/Desktop/shuffletest/HLS/ip9/solution1/.autopilot/db/Block_entry352_proc1_Pipeline_VITIS_LOOP_79_1.tbgen.tcl 
Execute       source C:/Users/11400/Desktop/shuffletest/HLS/ip9/solution1/.autopilot/db/Block_entry352_proc1_Pipeline_3.tbgen.tcl 
Execute       source C:/Users/11400/Desktop/shuffletest/HLS/ip9/solution1/.autopilot/db/Block_entry352_proc1_Pipeline_4.tbgen.tcl 
Execute       source C:/Users/11400/Desktop/shuffletest/HLS/ip9/solution1/.autopilot/db/Block_entry352_proc1_Pipeline_VITIS_LOOP_117_7.tbgen.tcl 
Execute       source C:/Users/11400/Desktop/shuffletest/HLS/ip9/solution1/.autopilot/db/Block_entry352_proc1_Pipeline_VITIS_LOOP_141_11.tbgen.tcl 
Execute       source C:/Users/11400/Desktop/shuffletest/HLS/ip9/solution1/.autopilot/db/Block_entry352_proc1.tbgen.tcl 
Execute       source C:/Users/11400/Desktop/shuffletest/HLS/ip9/solution1/.autopilot/db/conv_bn_relu.tbgen.tcl 
Execute       source C:/Users/11400/Desktop/shuffletest/HLS/ip9/solution1/.autopilot/db/global.setting.tcl 
Execute       ap_part_info -name xc7z020-clg400-2 -data names -quiet 
Execute       ap_part_info -name xc7z020-clg400-2 -data info -quiet 
Execute       source C:/Users/11400/Desktop/shuffletest/HLS/ip9/solution1/.autopilot/db/conv_bn_relu.constraint.tcl 
Execute       sc_get_clocks conv_bn_relu 
Execute       source C:/Users/11400/Desktop/shuffletest/HLS/ip9/solution1/.autopilot/db/global.setting.tcl 
Execute       source C:/Users/11400/Desktop/shuffletest/HLS/ip9/solution1/impl/misc/conv_bn_relu_dadddsub_64ns_64ns_64_7_full_dsp_1_ip.tcl 
Execute       source C:/Users/11400/Desktop/shuffletest/HLS/ip9/solution1/impl/misc/conv_bn_relu_ddiv_64ns_64ns_64_31_no_dsp_1_ip.tcl 
Execute       source C:/Users/11400/Desktop/shuffletest/HLS/ip9/solution1/impl/misc/conv_bn_relu_dmul_64ns_64ns_64_6_max_dsp_1_ip.tcl 
Execute       source C:/Users/11400/Desktop/shuffletest/HLS/ip9/solution1/impl/misc/conv_bn_relu_dsqrt_64ns_64ns_64_30_no_dsp_1_ip.tcl 
Execute       source C:/Users/11400/Desktop/shuffletest/HLS/ip9/solution1/impl/misc/conv_bn_relu_fadd_32ns_32ns_32_5_full_dsp_1_ip.tcl 
Execute       source C:/Users/11400/Desktop/shuffletest/HLS/ip9/solution1/impl/misc/conv_bn_relu_fcmp_32ns_32ns_1_2_no_dsp_1_ip.tcl 
Execute       source C:/Users/11400/Desktop/shuffletest/HLS/ip9/solution1/impl/misc/conv_bn_relu_fpext_32ns_64_2_no_dsp_1_ip.tcl 
Execute       source C:/Users/11400/Desktop/shuffletest/HLS/ip9/solution1/impl/misc/conv_bn_relu_fptrunc_64ns_32_2_no_dsp_1_ip.tcl 
INFO-FLOW: DBG:PROC: ::HLSREPORTS::add_csynth_report_sections bind_info_dict='adapter_nodes {{BINDTYPE adapter DISPLAY {bind_adapter axilite} ID {} IMPL {} LATENCY {} OPTYPE {} PRAGMA yes RTLNAME control_s_axi_U SOURCE {} VARIABLE {} MODULE conv_bn_relu LOOP {} BUNDLEDNAME control DSP 0 BRAM 0 URAM 0} {BINDTYPE adapter DISPLAY {bind_adapter axi_master} ID {} IMPL {} LATENCY {} OPTYPE {} PRAGMA yes RTLNAME gmem0_m_axi_U SOURCE {} VARIABLE {} MODULE conv_bn_relu LOOP {} BUNDLEDNAME gmem0 DSP 0 BRAM 0 URAM 0} {BINDTYPE adapter DISPLAY {bind_adapter axi_master} ID {} IMPL {} LATENCY {} OPTYPE {} PRAGMA yes RTLNAME gmem1_m_axi_U SOURCE {} VARIABLE {} MODULE conv_bn_relu LOOP {} BUNDLEDNAME gmem1 DSP 0 BRAM 0 URAM 0} {BINDTYPE adapter DISPLAY {bind_adapter axi_master} ID {} IMPL {} LATENCY {} OPTYPE {} PRAGMA yes RTLNAME gmem2_m_axi_U SOURCE {} VARIABLE {} MODULE conv_bn_relu LOOP {} BUNDLEDNAME gmem2 DSP 0 BRAM 0 URAM 0} {BINDTYPE adapter DISPLAY {bind_adapter axi_master} ID {} IMPL {} LATENCY {} OPTYPE {} PRAGMA yes RTLNAME gmem3_m_axi_U SOURCE {} VARIABLE {} MODULE conv_bn_relu LOOP {} BUNDLEDNAME gmem3 DSP 0 BRAM 0 URAM 0}} report_dict {TOPINST conv_bn_relu MODULE2INSTS {conv_bn_relu conv_bn_relu Block_entry352_proc1 Block_entry352_proc1_U0 Block_entry352_proc1_Pipeline_VITIS_LOOP_205_18 grp_Block_entry352_proc1_Pipeline_VITIS_LOOP_205_18_fu_1331 Block_entry352_proc1_Pipeline_VITIS_LOOP_79_1 grp_Block_entry352_proc1_Pipeline_VITIS_LOOP_79_1_fu_1345 Block_entry352_proc1_Pipeline_3 grp_Block_entry352_proc1_Pipeline_3_fu_1359 Block_entry352_proc1_Pipeline_4 grp_Block_entry352_proc1_Pipeline_4_fu_1365 Block_entry352_proc1_Pipeline_VITIS_LOOP_117_7 grp_Block_entry352_proc1_Pipeline_VITIS_LOOP_117_7_fu_1381 Block_entry352_proc1_Pipeline_VITIS_LOOP_141_11 grp_Block_entry352_proc1_Pipeline_VITIS_LOOP_141_11_fu_1401} INST2MODULE {conv_bn_relu conv_bn_relu Block_entry352_proc1_U0 Block_entry352_proc1 grp_Block_entry352_proc1_Pipeline_VITIS_LOOP_205_18_fu_1331 Block_entry352_proc1_Pipeline_VITIS_LOOP_205_18 grp_Block_entry352_proc1_Pipeline_VITIS_LOOP_79_1_fu_1345 Block_entry352_proc1_Pipeline_VITIS_LOOP_79_1 grp_Block_entry352_proc1_Pipeline_3_fu_1359 Block_entry352_proc1_Pipeline_3 grp_Block_entry352_proc1_Pipeline_4_fu_1365 Block_entry352_proc1_Pipeline_4 grp_Block_entry352_proc1_Pipeline_VITIS_LOOP_117_7_fu_1381 Block_entry352_proc1_Pipeline_VITIS_LOOP_117_7 grp_Block_entry352_proc1_Pipeline_VITIS_LOOP_141_11_fu_1401 Block_entry352_proc1_Pipeline_VITIS_LOOP_141_11} INSTDATA {conv_bn_relu {DEPTH 1 CHILDREN Block_entry352_proc1_U0} Block_entry352_proc1_U0 {DEPTH 2 CHILDREN {grp_Block_entry352_proc1_Pipeline_VITIS_LOOP_205_18_fu_1331 grp_Block_entry352_proc1_Pipeline_VITIS_LOOP_79_1_fu_1345 grp_Block_entry352_proc1_Pipeline_3_fu_1359 grp_Block_entry352_proc1_Pipeline_4_fu_1365 grp_Block_entry352_proc1_Pipeline_VITIS_LOOP_117_7_fu_1381 grp_Block_entry352_proc1_Pipeline_VITIS_LOOP_141_11_fu_1401}} grp_Block_entry352_proc1_Pipeline_VITIS_LOOP_205_18_fu_1331 {DEPTH 3 CHILDREN {}} grp_Block_entry352_proc1_Pipeline_VITIS_LOOP_79_1_fu_1345 {DEPTH 3 CHILDREN {}} grp_Block_entry352_proc1_Pipeline_3_fu_1359 {DEPTH 3 CHILDREN {}} grp_Block_entry352_proc1_Pipeline_4_fu_1365 {DEPTH 3 CHILDREN {}} grp_Block_entry352_proc1_Pipeline_VITIS_LOOP_117_7_fu_1381 {DEPTH 3 CHILDREN {}} grp_Block_entry352_proc1_Pipeline_VITIS_LOOP_141_11_fu_1401 {DEPTH 3 CHILDREN {}}} MODULEDATA {Block_entry352_proc1_Pipeline_VITIS_LOOP_205_18 {BINDINFO {{BINDTYPE op ID {} IMPL fabric LATENCY 0 OPTYPE add PRAGMA {} RTLNAME add_ln205_fu_220_p2 SOURCE ../ip/ip6/conv_bn_relu.cpp:205 VARIABLE add_ln205 LOOP VITIS_LOOP_205_18 BUNDLEDNAME {} DSP 0 BRAM 0 URAM 0 DISPNAME {bind_op add}} {BINDTYPE op ID {} IMPL fabric LATENCY 0 OPTYPE add PRAGMA {} RTLNAME add_ln207_fu_230_p2 SOURCE ../ip/ip6/conv_bn_relu.cpp:207 VARIABLE add_ln207 LOOP VITIS_LOOP_205_18 BUNDLEDNAME {} DSP 0 BRAM 0 URAM 0 DISPNAME {bind_op add}} {BINDTYPE op ID {} IMPL fabric LATENCY 0 OPTYPE add PRAGMA {} RTLNAME add_ln209_fu_246_p2 SOURCE ../ip/ip6/conv_bn_relu.cpp:209 VARIABLE add_ln209 LOOP VITIS_LOOP_205_18 BUNDLEDNAME {} DSP 0 BRAM 0 URAM 0 DISPNAME {bind_op add}}} AREA {DSP 0 BRAM 0 URAM 0}} Block_entry352_proc1_Pipeline_VITIS_LOOP_79_1 {BINDINFO {{BINDTYPE op ID {} IMPL fabric LATENCY 0 OPTYPE add PRAGMA {} RTLNAME add_ln79_fu_220_p2 SOURCE ../ip/ip6/conv_bn_relu.cpp:79 VARIABLE add_ln79 LOOP VITIS_LOOP_79_1 BUNDLEDNAME {} DSP 0 BRAM 0 URAM 0 DISPNAME {bind_op add}} {BINDTYPE op ID {} IMPL fabric LATENCY 0 OPTYPE add PRAGMA {} RTLNAME add_ln81_fu_230_p2 SOURCE ../ip/ip6/conv_bn_relu.cpp:81 VARIABLE add_ln81 LOOP VITIS_LOOP_79_1 BUNDLEDNAME {} DSP 0 BRAM 0 URAM 0 DISPNAME {bind_op add}} {BINDTYPE op ID {} IMPL fabric LATENCY 0 OPTYPE add PRAGMA {} RTLNAME add_ln83_fu_246_p2 SOURCE ../ip/ip6/conv_bn_relu.cpp:83 VARIABLE add_ln83 LOOP VITIS_LOOP_79_1 BUNDLEDNAME {} DSP 0 BRAM 0 URAM 0 DISPNAME {bind_op add}}} AREA {DSP 0 BRAM 0 URAM 0}} Block_entry352_proc1_Pipeline_3 {BINDINFO {{BINDTYPE op ID {} IMPL fabric LATENCY 0 OPTYPE add PRAGMA {} RTLNAME empty_162_fu_124_p2 SOURCE {} VARIABLE empty_162 LOOP {Loop 1} BUNDLEDNAME {} DSP 0 BRAM 0 URAM 0 DISPNAME {bind_op add}} {BINDTYPE op ID {} IMPL fabric LATENCY 0 OPTYPE add PRAGMA {} RTLNAME next_mul575_fu_136_p2 SOURCE {} VARIABLE next_mul575 LOOP {Loop 1} BUNDLEDNAME {} DSP 0 BRAM 0 URAM 0 DISPNAME {bind_op add}} {BINDTYPE op ID {} IMPL fabric LATENCY 0 OPTYPE add PRAGMA {} RTLNAME next_urem_fu_229_p2 SOURCE {} VARIABLE next_urem LOOP {Loop 1} BUNDLEDNAME {} DSP 0 BRAM 0 URAM 0 DISPNAME {bind_op add}}} AREA {DSP 0 BRAM 0 URAM 0}} Block_entry352_proc1_Pipeline_4 {BINDINFO {{BINDTYPE op ID {} IMPL fabric LATENCY 0 OPTYPE add PRAGMA {} RTLNAME empty_152_fu_325_p2 SOURCE {} VARIABLE empty_152 LOOP {Loop 1} BUNDLEDNAME {} DSP 0 BRAM 0 URAM 0 DISPNAME {bind_op add}} {BINDTYPE op ID {} IMPL fabric LATENCY 0 OPTYPE add PRAGMA {} RTLNAME next_mul577_fu_334_p2 SOURCE {} VARIABLE next_mul577 LOOP {Loop 1} BUNDLEDNAME {} DSP 0 BRAM 0 URAM 0 DISPNAME {bind_op add}} {BINDTYPE op ID {} IMPL auto LATENCY 0 OPTYPE mul PRAGMA {} RTLNAME mul_7ns_9ns_15_1_1_U29 SOURCE {} VARIABLE mul123 LOOP {Loop 1} BUNDLEDNAME {} DSP 0 BRAM 0 URAM 0 DISPNAME {bind_op mul}} {BINDTYPE op ID {} IMPL auto LATENCY 0 OPTYPE mul PRAGMA {} RTLNAME mul_4ns_6ns_9_1_1_U31 SOURCE {} VARIABLE mul120 LOOP {Loop 1} BUNDLEDNAME {} DSP 0 BRAM 0 URAM 0 DISPNAME {bind_op mul}} {BINDTYPE op ID {} IMPL fabric LATENCY 0 OPTYPE add PRAGMA {} RTLNAME next_mul579_fu_483_p2 SOURCE {} VARIABLE next_mul579 LOOP {Loop 1} BUNDLEDNAME {} DSP 0 BRAM 0 URAM 0 DISPNAME {bind_op add}} {BINDTYPE op ID {} IMPL fabric LATENCY 0 OPTYPE add PRAGMA {} RTLNAME empty_159_fu_507_p2 SOURCE {} VARIABLE empty_159 LOOP {Loop 1} BUNDLEDNAME {} DSP 0 BRAM 0 URAM 0 DISPNAME {bind_op add}} {BINDTYPE op ID {} IMPL fabric LATENCY 0 OPTYPE add PRAGMA {} RTLNAME empty_160_fu_524_p2 SOURCE {} VARIABLE empty_160 LOOP {Loop 1} BUNDLEDNAME {} DSP 0 BRAM 0 URAM 0 DISPNAME {bind_op add}} {BINDTYPE op ID {} IMPL fabric LATENCY 0 OPTYPE add PRAGMA {} RTLNAME next_urem584_fu_452_p2 SOURCE {} VARIABLE next_urem584 LOOP {Loop 1} BUNDLEDNAME {} DSP 0 BRAM 0 URAM 0 DISPNAME {bind_op add}} {BINDTYPE op ID {} IMPL fabric LATENCY 0 OPTYPE add PRAGMA {} RTLNAME next_urem581_fu_378_p2 SOURCE {} VARIABLE next_urem581 LOOP {Loop 1} BUNDLEDNAME {} DSP 0 BRAM 0 URAM 0 DISPNAME {bind_op add}}} AREA {DSP 0 BRAM 0 URAM 0}} Block_entry352_proc1_Pipeline_VITIS_LOOP_117_7 {BINDINFO {{BINDTYPE op ID {} IMPL fabric LATENCY 0 OPTYPE add PRAGMA {} RTLNAME w_in_fu_281_p2 SOURCE {D:/Xilinx/Vitis_HLS/2022.2/common/technology/autopilot\ap_int_base.h:1027} VARIABLE w_in LOOP VITIS_LOOP_116_6_VITIS_LOOP_117_7 BUNDLEDNAME {} DSP 0 BRAM 0 URAM 0 DISPNAME {bind_op add}} {BINDTYPE op ID {} IMPL fabric LATENCY 0 OPTYPE add PRAGMA {} RTLNAME add_ln1027_fu_316_p2 SOURCE {D:/Xilinx/Vitis_HLS/2022.2/common/technology/autopilot\ap_int_base.h:1027} VARIABLE add_ln1027 LOOP VITIS_LOOP_116_6_VITIS_LOOP_117_7 BUNDLEDNAME {} DSP 0 BRAM 0 URAM 0 DISPNAME {bind_op add}} {BINDTYPE op ID {} IMPL fabric LATENCY 0 OPTYPE add PRAGMA {} RTLNAME add_ln116_1_fu_325_p2 SOURCE ../ip/ip6/conv_bn_relu.cpp:116 VARIABLE add_ln116_1 LOOP VITIS_LOOP_116_6_VITIS_LOOP_117_7 BUNDLEDNAME {} DSP 0 BRAM 0 URAM 0 DISPNAME {bind_op add}} {BINDTYPE op ID {} IMPL fabric LATENCY 0 OPTYPE add PRAGMA {} RTLNAME w_in_1_mid1_fu_354_p2 SOURCE {D:/Xilinx/Vitis_HLS/2022.2/common/technology/autopilot\ap_int_base.h:1027} VARIABLE w_in_1_mid1 LOOP VITIS_LOOP_116_6_VITIS_LOOP_117_7 BUNDLEDNAME {} DSP 0 BRAM 0 URAM 0 DISPNAME {bind_op add}} {BINDTYPE op ID {} IMPL auto LATENCY 0 OPTYPE mul PRAGMA {} RTLNAME mul_32s_16ns_32_1_1_U47 SOURCE {D:/Xilinx/Vitis_HLS/2022.2/common/technology/autopilot\ap_int_base.h:1027} VARIABLE mul_ln1027 LOOP VITIS_LOOP_116_6_VITIS_LOOP_117_7 BUNDLEDNAME {} DSP 2 BRAM 0 URAM 0 DISPNAME {bind_op mul}} {BINDTYPE op ID {} IMPL fabric LATENCY 0 OPTYPE add PRAGMA {} RTLNAME add_ln1027_3_fu_480_p2 SOURCE {D:/Xilinx/Vitis_HLS/2022.2/common/technology/autopilot\ap_int_base.h:1027} VARIABLE add_ln1027_3 LOOP VITIS_LOOP_116_6_VITIS_LOOP_117_7 BUNDLEDNAME {} DSP 0 BRAM 0 URAM 0 DISPNAME {bind_op add}} {BINDTYPE op ID {} IMPL fabric LATENCY 0 OPTYPE add PRAGMA {} RTLNAME add_ln1027_6_fu_505_p2 SOURCE {D:/Xilinx/Vitis_HLS/2022.2/common/technology/autopilot\ap_int_base.h:1027} VARIABLE add_ln1027_6 LOOP VITIS_LOOP_116_6_VITIS_LOOP_117_7 BUNDLEDNAME {} DSP 0 BRAM 0 URAM 0 DISPNAME {bind_op add}} {BINDTYPE op ID {} IMPL fabric LATENCY 0 OPTYPE add PRAGMA {} RTLNAME add_ln131_fu_387_p2 SOURCE ../ip/ip6/conv_bn_relu.cpp:131 VARIABLE add_ln131 LOOP VITIS_LOOP_116_6_VITIS_LOOP_117_7 BUNDLEDNAME {} DSP 0 BRAM 0 URAM 0 DISPNAME {bind_op add}} {BINDTYPE op ID {} IMPL fabric LATENCY 0 OPTYPE add PRAGMA {} RTLNAME add_ln131_1_fu_411_p2 SOURCE ../ip/ip6/conv_bn_relu.cpp:131 VARIABLE add_ln131_1 LOOP VITIS_LOOP_116_6_VITIS_LOOP_117_7 BUNDLEDNAME {} DSP 0 BRAM 0 URAM 0 DISPNAME {bind_op add}} {BINDTYPE op ID {} IMPL fabric LATENCY 0 OPTYPE add PRAGMA {} RTLNAME add_ln117_fu_421_p2 SOURCE ../ip/ip6/conv_bn_relu.cpp:117 VARIABLE add_ln117 LOOP VITIS_LOOP_116_6_VITIS_LOOP_117_7 BUNDLEDNAME {} DSP 0 BRAM 0 URAM 0 DISPNAME {bind_op add}}} AREA {DSP 2 BRAM 0 URAM 0}} Block_entry352_proc1_Pipeline_VITIS_LOOP_141_11 {BINDINFO {{BINDTYPE op ID {} IMPL auto LATENCY 0 OPTYPE mul PRAGMA {} RTLNAME mul_32s_32s_32_1_1_U63 SOURCE ../ip/ip6/conv_bn_relu.cpp:138 VARIABLE mul_ln138 LOOP VITIS_LOOP_138_8_VITIS_LOOP_140_10_VITIS_LOOP_141_11 BUNDLEDNAME {} DSP 3 BRAM 0 URAM 0 DISPNAME {bind_op mul}} {BINDTYPE op ID {} IMPL dsp48 LATENCY 3 OPTYPE mul PRAGMA {} RTLNAME mac_muladd_16ns_16ns_32ns_32_4_1_U65 SOURCE ../ip/ip6/conv_bn_relu.cpp:139 VARIABLE mul_ln139 LOOP VITIS_LOOP_138_8_VITIS_LOOP_140_10_VITIS_LOOP_141_11 BUNDLEDNAME {} DSP 1 BRAM 0 URAM 0 DISPNAME {bind_op mul}} {BINDTYPE op ID {} IMPL dsp48 LATENCY 3 OPTYPE add PRAGMA {} RTLNAME mac_muladd_16ns_16ns_32ns_32_4_1_U65 SOURCE ../ip/ip6/conv_bn_relu.cpp:139 VARIABLE add_ln139_1 LOOP VITIS_LOOP_138_8_VITIS_LOOP_140_10_VITIS_LOOP_141_11 BUNDLEDNAME {} DSP 1 BRAM 0 URAM 0 DISPNAME {bind_op add}} {BINDTYPE op ID {} IMPL fabric LATENCY 0 OPTYPE add PRAGMA {} RTLNAME add_ln139_fu_918_p2 SOURCE ../ip/ip6/conv_bn_relu.cpp:139 VARIABLE add_ln139 LOOP VITIS_LOOP_138_8_VITIS_LOOP_140_10_VITIS_LOOP_141_11 BUNDLEDNAME {} DSP 0 BRAM 0 URAM 0 DISPNAME {bind_op add}} {BINDTYPE op ID {} IMPL fabric LATENCY 0 OPTYPE add PRAGMA {} RTLNAME add_ln138_2_fu_522_p2 SOURCE ../ip/ip6/conv_bn_relu.cpp:138 VARIABLE add_ln138_2 LOOP VITIS_LOOP_138_8_VITIS_LOOP_140_10_VITIS_LOOP_141_11 BUNDLEDNAME {} DSP 0 BRAM 0 URAM 0 DISPNAME {bind_op add}} {BINDTYPE op ID {} IMPL fabric LATENCY 0 OPTYPE add PRAGMA {} RTLNAME add_ln138_fu_534_p2 SOURCE ../ip/ip6/conv_bn_relu.cpp:138 VARIABLE add_ln138 LOOP VITIS_LOOP_138_8_VITIS_LOOP_140_10_VITIS_LOOP_141_11 BUNDLEDNAME {} DSP 0 BRAM 0 URAM 0 DISPNAME {bind_op add}} {BINDTYPE op ID {} IMPL fabric LATENCY 0 OPTYPE add PRAGMA {} RTLNAME add_ln138_1_fu_888_p2 SOURCE ../ip/ip6/conv_bn_relu.cpp:138 VARIABLE add_ln138_1 LOOP VITIS_LOOP_138_8_VITIS_LOOP_140_10_VITIS_LOOP_141_11 BUNDLEDNAME {} DSP 0 BRAM 0 URAM 0 DISPNAME {bind_op add}} {BINDTYPE op ID {} IMPL auto LATENCY 0 OPTYPE mul PRAGMA {} RTLNAME mul_32s_32s_32_1_1_U64 SOURCE ../ip/ip6/conv_bn_relu.cpp:138 VARIABLE mul_ln138_1 LOOP VITIS_LOOP_138_8_VITIS_LOOP_140_10_VITIS_LOOP_141_11 BUNDLEDNAME {} DSP 3 BRAM 0 URAM 0 DISPNAME {bind_op mul}} {BINDTYPE op ID {} IMPL fabric LATENCY 0 OPTYPE add PRAGMA {} RTLNAME add_ln139_3_fu_927_p2 SOURCE ../ip/ip6/conv_bn_relu.cpp:139 VARIABLE add_ln139_3 LOOP VITIS_LOOP_138_8_VITIS_LOOP_140_10_VITIS_LOOP_141_11 BUNDLEDNAME {} DSP 0 BRAM 0 URAM 0 DISPNAME {bind_op add}} {BINDTYPE op ID {} IMPL fabric LATENCY 0 OPTYPE add PRAGMA {} RTLNAME add_ln139_2_fu_631_p2 SOURCE ../ip/ip6/conv_bn_relu.cpp:139 VARIABLE add_ln139_2 LOOP VITIS_LOOP_138_8_VITIS_LOOP_140_10_VITIS_LOOP_141_11 BUNDLEDNAME {} DSP 0 BRAM 0 URAM 0 DISPNAME {bind_op add}} {BINDTYPE op ID {} IMPL fabric LATENCY 0 OPTYPE add PRAGMA {} RTLNAME empty_148_fu_679_p2 SOURCE ../ip/ip6/conv_bn_relu.cpp:138 VARIABLE empty_148 LOOP VITIS_LOOP_138_8_VITIS_LOOP_140_10_VITIS_LOOP_141_11 BUNDLEDNAME {} DSP 0 BRAM 0 URAM 0 DISPNAME {bind_op add}} {BINDTYPE op ID {} IMPL dsp48 LATENCY 3 OPTYPE mul PRAGMA {} RTLNAME mac_muladd_16ns_16ns_32ns_32_4_1_U66 SOURCE ../ip/ip6/conv_bn_relu.cpp:139 VARIABLE mul_ln139_1 LOOP VITIS_LOOP_138_8_VITIS_LOOP_140_10_VITIS_LOOP_141_11 BUNDLEDNAME {} DSP 1 BRAM 0 URAM 0 DISPNAME {bind_op mul}} {BINDTYPE op ID {} IMPL dsp48 LATENCY 3 OPTYPE add PRAGMA {} RTLNAME mac_muladd_16ns_16ns_32ns_32_4_1_U66 SOURCE ../ip/ip6/conv_bn_relu.cpp:139 VARIABLE add_ln139_4 LOOP VITIS_LOOP_138_8_VITIS_LOOP_140_10_VITIS_LOOP_141_11 BUNDLEDNAME {} DSP 1 BRAM 0 URAM 0 DISPNAME {bind_op add}} {BINDTYPE op ID {} IMPL fabric LATENCY 0 OPTYPE add PRAGMA {} RTLNAME add_ln139_5_fu_931_p2 SOURCE ../ip/ip6/conv_bn_relu.cpp:139 VARIABLE add_ln139_5 LOOP VITIS_LOOP_138_8_VITIS_LOOP_140_10_VITIS_LOOP_141_11 BUNDLEDNAME {} DSP 0 BRAM 0 URAM 0 DISPNAME {bind_op add}} {BINDTYPE op ID {} IMPL fabric LATENCY 0 OPTYPE add PRAGMA {} RTLNAME add_ln1027_fu_962_p2 SOURCE {D:/Xilinx/Vitis_HLS/2022.2/common/technology/autopilot\ap_int_base.h:1027} VARIABLE add_ln1027 LOOP VITIS_LOOP_138_8_VITIS_LOOP_140_10_VITIS_LOOP_141_11 BUNDLEDNAME {} DSP 0 BRAM 0 URAM 0 DISPNAME {bind_op add}} {BINDTYPE op ID {} IMPL fabric LATENCY 0 OPTYPE add PRAGMA {} RTLNAME add_ln140_fu_720_p2 SOURCE ../ip/ip6/conv_bn_relu.cpp:140 VARIABLE add_ln140 LOOP VITIS_LOOP_138_8_VITIS_LOOP_140_10_VITIS_LOOP_141_11 BUNDLEDNAME {} DSP 0 BRAM 0 URAM 0 DISPNAME {bind_op add}} {BINDTYPE op ID {} IMPL fabric LATENCY 0 OPTYPE add PRAGMA {} RTLNAME empty_149_fu_770_p2 SOURCE ../ip/ip6/conv_bn_relu.cpp:138 VARIABLE empty_149 LOOP VITIS_LOOP_138_8_VITIS_LOOP_140_10_VITIS_LOOP_141_11 BUNDLEDNAME {} DSP 0 BRAM 0 URAM 0 DISPNAME {bind_op add}} {BINDTYPE op ID {} IMPL fabric LATENCY 0 OPTYPE add PRAGMA {} RTLNAME add_ln141_fu_812_p2 SOURCE ../ip/ip6/conv_bn_relu.cpp:141 VARIABLE add_ln141 LOOP VITIS_LOOP_138_8_VITIS_LOOP_140_10_VITIS_LOOP_141_11 BUNDLEDNAME {} DSP 0 BRAM 0 URAM 0 DISPNAME {bind_op add}} {BINDTYPE op ID {} IMPL fabric LATENCY 0 OPTYPE add PRAGMA {} RTLNAME add_ln1027_1_fu_818_p2 SOURCE {D:/Xilinx/Vitis_HLS/2022.2/common/technology/autopilot\ap_int_base.h:1027} VARIABLE add_ln1027_1 LOOP VITIS_LOOP_138_8_VITIS_LOOP_140_10_VITIS_LOOP_141_11 BUNDLEDNAME {} DSP 0 BRAM 0 URAM 0 DISPNAME {bind_op add}} {BINDTYPE op ID {} IMPL fabric LATENCY 0 OPTYPE add PRAGMA {} RTLNAME add_ln1027_2_fu_832_p2 SOURCE {D:/Xilinx/Vitis_HLS/2022.2/common/technology/autopilot\ap_int_base.h:1027} VARIABLE add_ln1027_2 LOOP VITIS_LOOP_138_8_VITIS_LOOP_140_10_VITIS_LOOP_141_11 BUNDLEDNAME {} DSP 0 BRAM 0 URAM 0 DISPNAME {bind_op add}}} AREA {DSP 8 BRAM 0 URAM 0}} Block_entry352_proc1 {BINDINFO {{BINDTYPE storage ID {} IMPL auto LATENCY 1 OPTYPE ram_1p PRAGMA {} RTLNAME bn_params_U SOURCE ../ip/ip6/conv_bn_relu.cpp:75 VARIABLE bn_params LOOP {} BUNDLEDNAME {} DSP 0 BRAM 2 URAM 0 DISPNAME {bind_storage ram_1p}} {BINDTYPE storage ID {} IMPL auto LATENCY 1 OPTYPE ram_1p PRAGMA {} RTLNAME bn_params_1_U SOURCE ../ip/ip6/conv_bn_relu.cpp:75 VARIABLE bn_params_1 LOOP {} BUNDLEDNAME {} DSP 0 BRAM 2 URAM 0 DISPNAME {bind_storage ram_1p}} {BINDTYPE storage ID {} IMPL auto LATENCY 1 OPTYPE ram_1p PRAGMA {} RTLNAME bn_params_2_U SOURCE ../ip/ip6/conv_bn_relu.cpp:75 VARIABLE bn_params_2 LOOP {} BUNDLEDNAME {} DSP 0 BRAM 2 URAM 0 DISPNAME {bind_storage ram_1p}} {BINDTYPE storage ID {} IMPL auto LATENCY 1 OPTYPE ram_1p PRAGMA {} RTLNAME bn_params_3_U SOURCE ../ip/ip6/conv_bn_relu.cpp:75 VARIABLE bn_params_3 LOOP {} BUNDLEDNAME {} DSP 0 BRAM 2 URAM 0 DISPNAME {bind_storage ram_1p}} {BINDTYPE storage ID {} IMPL auto LATENCY 1 OPTYPE ram_1p PRAGMA {} RTLNAME bn_params_4_U SOURCE ../ip/ip6/conv_bn_relu.cpp:201 VARIABLE bn_params_4 LOOP {} BUNDLEDNAME {} DSP 0 BRAM 2 URAM 0 DISPNAME {bind_storage ram_1p}} {BINDTYPE storage ID {} IMPL auto LATENCY 1 OPTYPE ram_1p PRAGMA {} RTLNAME fpext_32ns_64_2_no_dsp_1_U94 SOURCE ../ip/ip6/conv_bn_relu.cpp:201 VARIABLE bn_params_5 LOOP {} BUNDLEDNAME {} DSP 0 BRAM 2 URAM 0 DISPNAME {bind_storage ram_1p}} {BINDTYPE storage ID {} IMPL auto LATENCY 1 OPTYPE ram_1p PRAGMA {} RTLNAME dmul_64ns_64ns_64_6_max_dsp_1_U98 SOURCE ../ip/ip6/conv_bn_relu.cpp:201 VARIABLE bn_params_6 LOOP {} BUNDLEDNAME {} DSP 0 BRAM 2 URAM 0 DISPNAME {bind_storage ram_1p}} {BINDTYPE storage ID {} IMPL auto LATENCY 1 OPTYPE ram_1p PRAGMA {} RTLNAME bn_params_7_U SOURCE ../ip/ip6/conv_bn_relu.cpp:201 VARIABLE bn_params_7 LOOP {} BUNDLEDNAME {} DSP 0 BRAM 2 URAM 0 DISPNAME {bind_storage ram_1p}} {BINDTYPE storage ID {} IMPL auto LATENCY 1 OPTYPE ram_1p PRAGMA {} RTLNAME local_kernel_U SOURCE ../ip/ip6/conv_bn_relu.cpp:231 VARIABLE local_kernel LOOP {} BUNDLEDNAME {} DSP 0 BRAM 0 URAM 0 DISPNAME {bind_storage ram_1p}} {BINDTYPE storage ID {} IMPL auto LATENCY 1 OPTYPE ram_1p PRAGMA {} RTLNAME local_kernel_1_U SOURCE ../ip/ip6/conv_bn_relu.cpp:231 VARIABLE local_kernel_1 LOOP {} BUNDLEDNAME {} DSP 0 BRAM 0 URAM 0 DISPNAME {bind_storage ram_1p}} {BINDTYPE storage ID {} IMPL auto LATENCY 1 OPTYPE ram_1p PRAGMA {} RTLNAME local_kernel_2_U SOURCE ../ip/ip6/conv_bn_relu.cpp:231 VARIABLE local_kernel_2 LOOP {} BUNDLEDNAME {} DSP 0 BRAM 0 URAM 0 DISPNAME {bind_storage ram_1p}} {BINDTYPE storage ID {} IMPL auto LATENCY 1 OPTYPE ram_1p PRAGMA {} RTLNAME local_kernel12_U SOURCE ../ip/ip6/conv_bn_relu.cpp:231 VARIABLE local_kernel12 LOOP {} BUNDLEDNAME {} DSP 0 BRAM 0 URAM 0 DISPNAME {bind_storage ram_1p}} {BINDTYPE storage ID {} IMPL auto LATENCY 1 OPTYPE ram_t2p PRAGMA {} RTLNAME local_feature_in_blk_U SOURCE ../ip/ip6/conv_bn_relu.cpp:105 VARIABLE local_feature_in_blk LOOP {} BUNDLEDNAME {} DSP 0 BRAM 2 URAM 0 DISPNAME {bind_storage ram_t2p}} {BINDTYPE storage ID {} IMPL auto LATENCY 1 OPTYPE ram_t2p PRAGMA {} RTLNAME local_feature_in_blk_1_U SOURCE ../ip/ip6/conv_bn_relu.cpp:105 VARIABLE local_feature_in_blk_1 LOOP {} BUNDLEDNAME {} DSP 0 BRAM 2 URAM 0 DISPNAME {bind_storage ram_t2p}} {BINDTYPE storage ID {} IMPL auto LATENCY 1 OPTYPE ram_1p PRAGMA {} RTLNAME local_conv_kernel_blk_U SOURCE ../ip/ip6/conv_bn_relu.cpp:106 VARIABLE local_conv_kernel_blk LOOP {} BUNDLEDNAME {} DSP 0 BRAM 1 URAM 0 DISPNAME {bind_storage ram_1p}} {BINDTYPE storage ID {} IMPL auto LATENCY 1 OPTYPE ram_1p PRAGMA {} RTLNAME local_conv_kernel_blk_1_U SOURCE ../ip/ip6/conv_bn_relu.cpp:106 VARIABLE local_conv_kernel_blk_1 LOOP {} BUNDLEDNAME {} DSP 0 BRAM 1 URAM 0 DISPNAME {bind_storage ram_1p}} {BINDTYPE storage ID {} IMPL auto LATENCY 1 OPTYPE ram_1p PRAGMA {} RTLNAME local_conv_kernel_blk_2_U SOURCE ../ip/ip6/conv_bn_relu.cpp:106 VARIABLE local_conv_kernel_blk_2 LOOP {} BUNDLEDNAME {} DSP 0 BRAM 1 URAM 0 DISPNAME {bind_storage ram_1p}} {BINDTYPE storage ID {} IMPL auto LATENCY 1 OPTYPE ram_1p PRAGMA {} RTLNAME local_conv_kernel_blk_3_U SOURCE ../ip/ip6/conv_bn_relu.cpp:106 VARIABLE local_conv_kernel_blk_3 LOOP {} BUNDLEDNAME {} DSP 0 BRAM 1 URAM 0 DISPNAME {bind_storage ram_1p}} {BINDTYPE storage ID {} IMPL auto LATENCY 1 OPTYPE ram_1p PRAGMA {} RTLNAME local_conv_kernel_blk_4_U SOURCE ../ip/ip6/conv_bn_relu.cpp:106 VARIABLE local_conv_kernel_blk_4 LOOP {} BUNDLEDNAME {} DSP 0 BRAM 1 URAM 0 DISPNAME {bind_storage ram_1p}} {BINDTYPE storage ID {} IMPL auto LATENCY 1 OPTYPE ram_1p PRAGMA {} RTLNAME local_conv_kernel_blk_5_U SOURCE ../ip/ip6/conv_bn_relu.cpp:106 VARIABLE local_conv_kernel_blk_5 LOOP {} BUNDLEDNAME {} DSP 0 BRAM 1 URAM 0 DISPNAME {bind_storage ram_1p}} {BINDTYPE storage ID {} IMPL auto LATENCY 1 OPTYPE ram_1p PRAGMA {} RTLNAME local_conv_kernel_blk_6_U SOURCE ../ip/ip6/conv_bn_relu.cpp:106 VARIABLE local_conv_kernel_blk_6 LOOP {} BUNDLEDNAME {} DSP 0 BRAM 1 URAM 0 DISPNAME {bind_storage ram_1p}} {BINDTYPE storage ID {} IMPL auto LATENCY 1 OPTYPE ram_1p PRAGMA {} RTLNAME local_conv_kernel_blk_7_U SOURCE ../ip/ip6/conv_bn_relu.cpp:106 VARIABLE local_conv_kernel_blk_7 LOOP {} BUNDLEDNAME {} DSP 0 BRAM 1 URAM 0 DISPNAME {bind_storage ram_1p}} {BINDTYPE storage ID {} IMPL auto LATENCY 1 OPTYPE ram_1p PRAGMA {} RTLNAME local_conv_kernel_blk_8_U SOURCE ../ip/ip6/conv_bn_relu.cpp:106 VARIABLE local_conv_kernel_blk_8 LOOP {} BUNDLEDNAME {} DSP 0 BRAM 1 URAM 0 DISPNAME {bind_storage ram_1p}} {BINDTYPE storage ID {} IMPL auto LATENCY 1 OPTYPE ram_1p PRAGMA {} RTLNAME local_conv_kernel_blk_9_U SOURCE ../ip/ip6/conv_bn_relu.cpp:106 VARIABLE local_conv_kernel_blk_9 LOOP {} BUNDLEDNAME {} DSP 0 BRAM 1 URAM 0 DISPNAME {bind_storage ram_1p}} {BINDTYPE storage ID {} IMPL auto LATENCY 1 OPTYPE ram_1p PRAGMA {} RTLNAME local_conv_kernel_blk_10_U SOURCE ../ip/ip6/conv_bn_relu.cpp:106 VARIABLE local_conv_kernel_blk_10 LOOP {} BUNDLEDNAME {} DSP 0 BRAM 1 URAM 0 DISPNAME {bind_storage ram_1p}} {BINDTYPE storage ID {} IMPL auto LATENCY 1 OPTYPE ram_1p PRAGMA {} RTLNAME local_conv_kernel_blk_11_U SOURCE ../ip/ip6/conv_bn_relu.cpp:106 VARIABLE local_conv_kernel_blk_11 LOOP {} BUNDLEDNAME {} DSP 0 BRAM 1 URAM 0 DISPNAME {bind_storage ram_1p}} {BINDTYPE op ID {} IMPL fabric LATENCY 0 OPTYPE add PRAGMA {} RTLNAME add_ln1496_fu_1554_p2 SOURCE {D:/Xilinx/Vitis_HLS/2022.2/common/technology/autopilot\ap_int_base.h:1496} VARIABLE add_ln1496 LOOP {} BUNDLEDNAME {} DSP 0 BRAM 0 URAM 0 DISPNAME {bind_op add}} {BINDTYPE op ID {} IMPL fabric LATENCY 0 OPTYPE sub PRAGMA {} RTLNAME grp_fu_1578_p0 SOURCE {D:/Xilinx/Vitis_HLS/2022.2/common/technology/autopilot\ap_int_base.h:1513} VARIABLE sub_ln1513 LOOP {} BUNDLEDNAME {} DSP 0 BRAM 0 URAM 0 DISPNAME {bind_op sub}} {BINDTYPE op ID {} IMPL fabric LATENCY 0 OPTYPE add PRAGMA {} RTLNAME H_out_V_fu_1614_p2 SOURCE {D:/Xilinx/Vitis_HLS/2022.2/common/technology/autopilot\ap_int_base.h:186} VARIABLE H_out_V LOOP {} BUNDLEDNAME {} DSP 0 BRAM 0 URAM 0 DISPNAME {bind_op add}} {BINDTYPE op ID {} IMPL fabric LATENCY 0 OPTYPE add PRAGMA {} RTLNAME add_ln1496_1_fu_1588_p2 SOURCE {D:/Xilinx/Vitis_HLS/2022.2/common/technology/autopilot\ap_int_base.h:1496} VARIABLE add_ln1496_1 LOOP {} BUNDLEDNAME {} DSP 0 BRAM 0 URAM 0 DISPNAME {bind_op add}} {BINDTYPE op ID {} IMPL fabric LATENCY 0 OPTYPE sub PRAGMA {} RTLNAME grp_fu_1604_p0 SOURCE {D:/Xilinx/Vitis_HLS/2022.2/common/technology/autopilot\ap_int_base.h:1513} VARIABLE sub_ln1513_1 LOOP {} BUNDLEDNAME {} DSP 0 BRAM 0 URAM 0 DISPNAME {bind_op sub}} {BINDTYPE op ID {} IMPL fabric LATENCY 0 OPTYPE add PRAGMA {} RTLNAME W_out_V_fu_1624_p2 SOURCE {D:/Xilinx/Vitis_HLS/2022.2/common/technology/autopilot\ap_int_base.h:186} VARIABLE W_out_V LOOP {} BUNDLEDNAME {} DSP 0 BRAM 0 URAM 0 DISPNAME {bind_op add}} {BINDTYPE op ID {} IMPL auto LATENCY 0 OPTYPE mul PRAGMA {} RTLNAME mul_8ns_8ns_16_1_1_U101 SOURCE ../ip/ip6/conv_bn_relu.cpp:213 VARIABLE mul_ln213 LOOP {} BUNDLEDNAME {} DSP 0 BRAM 0 URAM 0 DISPNAME {bind_op mul}} {BINDTYPE op ID {} IMPL fabric LATENCY 0 OPTYPE add PRAGMA {} RTLNAME h_out_blk_fu_1719_p2 SOURCE ../ip/ip6/conv_bn_relu.cpp:215 VARIABLE h_out_blk LOOP VITIS_LOOP_213_19 BUNDLEDNAME {} DSP 0 BRAM 0 URAM 0 DISPNAME {bind_op add}} {BINDTYPE op ID {} IMPL fabric LATENCY 0 OPTYPE add PRAGMA {} RTLNAME w_out_blk_1_fu_1742_p2 SOURCE ../ip/ip6/conv_bn_relu.cpp:221 VARIABLE w_out_blk_1 LOOP VITIS_LOOP_219_20 BUNDLEDNAME {} DSP 0 BRAM 0 URAM 0 DISPNAME {bind_op add}} {BINDTYPE op ID {} IMPL fabric LATENCY 0 OPTYPE add PRAGMA {} RTLNAME add_ln1027_8_fu_1764_p2 SOURCE {D:/Xilinx/Vitis_HLS/2022.2/common/technology/autopilot\ap_int_base.h:1027} VARIABLE add_ln1027_8 LOOP VITIS_LOOP_225_21 BUNDLEDNAME {} DSP 0 BRAM 0 URAM 0 DISPNAME {bind_op add}} {BINDTYPE op ID {} IMPL fabric LATENCY 0 OPTYPE add PRAGMA {} RTLNAME add_ln225_1_fu_1774_p2 SOURCE ../ip/ip6/conv_bn_relu.cpp:225 VARIABLE add_ln225_1 LOOP VITIS_LOOP_225_21 BUNDLEDNAME {} DSP 0 BRAM 0 URAM 0 DISPNAME {bind_op add}} {BINDTYPE op ID {} IMPL fabric LATENCY 0 OPTYPE add PRAGMA {} RTLNAME add_ln225_fu_1792_p2 SOURCE ../ip/ip6/conv_bn_relu.cpp:225 VARIABLE add_ln225 LOOP VITIS_LOOP_225_21 BUNDLEDNAME {} DSP 0 BRAM 0 URAM 0 DISPNAME {bind_op add}} {BINDTYPE op ID {} IMPL fabric LATENCY 0 OPTYPE add PRAGMA {} RTLNAME add_ln235_fu_1826_p2 SOURCE ../ip/ip6/conv_bn_relu.cpp:235 VARIABLE add_ln235 LOOP VITIS_LOOP_235_22 BUNDLEDNAME {} DSP 0 BRAM 0 URAM 0 DISPNAME {bind_op add}} {BINDTYPE op ID {} IMPL fabric LATENCY 0 OPTYPE add PRAGMA {} RTLNAME add_ln236_fu_1933_p2 SOURCE ../ip/ip6/conv_bn_relu.cpp:236 VARIABLE add_ln236 LOOP VITIS_LOOP_236_23 BUNDLEDNAME {} DSP 0 BRAM 0 URAM 0 DISPNAME {bind_op add}} {BINDTYPE op ID {} IMPL fabric LATENCY 0 OPTYPE add PRAGMA {} RTLNAME add_ln238_fu_1949_p2 SOURCE ../ip/ip6/conv_bn_relu.cpp:238 VARIABLE add_ln238 LOOP VITIS_LOOP_236_23 BUNDLEDNAME {} DSP 0 BRAM 0 URAM 0 DISPNAME {bind_op add}} {BINDTYPE op ID {} IMPL fabric LATENCY 0 OPTYPE add PRAGMA {} RTLNAME empty_175_fu_1864_p2 SOURCE ../ip/ip6/conv_bn_relu.cpp:225 VARIABLE empty_175 LOOP VITIS_LOOP_225_21 BUNDLEDNAME {} DSP 0 BRAM 0 URAM 0 DISPNAME {bind_op add}} {BINDTYPE op ID {} IMPL fabric LATENCY 0 OPTYPE add PRAGMA {} RTLNAME empty_176_fu_1879_p2 SOURCE ../ip/ip6/conv_bn_relu.cpp:225 VARIABLE empty_176 LOOP VITIS_LOOP_225_21 BUNDLEDNAME {} DSP 0 BRAM 0 URAM 0 DISPNAME {bind_op add}} {BINDTYPE op ID {} IMPL auto LATENCY 0 OPTYPE mul PRAGMA {} RTLNAME mul_32s_8ns_32_1_1_U102 SOURCE ../ip/ip6/conv_bn_relu.cpp:215 VARIABLE conv3_i_i_i2973530 LOOP VITIS_LOOP_243_24 BUNDLEDNAME {} DSP 1 BRAM 0 URAM 0 DISPNAME {bind_op mul}} {BINDTYPE op ID {} IMPL auto LATENCY 0 OPTYPE mul PRAGMA {} RTLNAME mul_32s_16ns_32_1_1_U104 SOURCE {D:/Xilinx/Vitis_HLS/2022.2/common/technology/autopilot\ap_int_base.h:541} VARIABLE mul_ln541 LOOP VITIS_LOOP_243_24 BUNDLEDNAME {} DSP 2 BRAM 0 URAM 0 DISPNAME {bind_op mul}} {BINDTYPE op ID {} IMPL fabric LATENCY 0 OPTYPE sub PRAGMA {} RTLNAME add_i_i309_fu_2008_p2 SOURCE ../ip/ip6/conv_bn_relu.cpp:215 VARIABLE add_i_i309 LOOP VITIS_LOOP_243_24 BUNDLEDNAME {} DSP 0 BRAM 0 URAM 0 DISPNAME {bind_op sub}} {BINDTYPE op ID {} IMPL auto LATENCY 0 OPTYPE mul PRAGMA {} RTLNAME mul_32s_8ns_32_1_1_U105 SOURCE {D:/Xilinx/Vitis_HLS/2022.2/common/technology/autopilot\ap_int_base.h:1496} VARIABLE mul_ln1496 LOOP VITIS_LOOP_244_25 BUNDLEDNAME {} DSP 1 BRAM 0 URAM 0 DISPNAME {bind_op mul}} {BINDTYPE op ID {} IMPL fabric LATENCY 0 OPTYPE sub PRAGMA {} RTLNAME sub_ln1496_fu_2028_p2 SOURCE {D:/Xilinx/Vitis_HLS/2022.2/common/technology/autopilot\ap_int_base.h:1496} VARIABLE sub_ln1496 LOOP VITIS_LOOP_244_25 BUNDLEDNAME {} DSP 0 BRAM 0 URAM 0 DISPNAME {bind_op sub}} {BINDTYPE op ID {} IMPL fabric LATENCY 0 OPTYPE add PRAGMA {} RTLNAME add_ln250_fu_2037_p2 SOURCE ../ip/ip6/conv_bn_relu.cpp:250 VARIABLE add_ln250 LOOP VITIS_LOOP_250_26 BUNDLEDNAME {} DSP 0 BRAM 0 URAM 0 DISPNAME {bind_op add}} {BINDTYPE op ID {} IMPL fabric LATENCY 0 OPTYPE add PRAGMA {} RTLNAME h_in_fu_2047_p2 SOURCE ../ip/ip6/conv_bn_relu.cpp:215 VARIABLE h_in LOOP VITIS_LOOP_250_26 BUNDLEDNAME {} DSP 0 BRAM 0 URAM 0 DISPNAME {bind_op add}} {BINDTYPE op ID {} IMPL auto LATENCY 0 OPTYPE mul PRAGMA {} RTLNAME mul_32s_16ns_32_1_1_U106 SOURCE {D:/Xilinx/Vitis_HLS/2022.2/common/technology/autopilot\ap_int_base.h:541} VARIABLE mul_ln541_2 LOOP VITIS_LOOP_250_26 BUNDLEDNAME {} DSP 2 BRAM 0 URAM 0 DISPNAME {bind_op mul}} {BINDTYPE op ID {} IMPL fabric LATENCY 0 OPTYPE add PRAGMA {} RTLNAME add_ln251_fu_2116_p2 SOURCE ../ip/ip6/conv_bn_relu.cpp:251 VARIABLE add_ln251 LOOP VITIS_LOOP_251_27 BUNDLEDNAME {} DSP 0 BRAM 0 URAM 0 DISPNAME {bind_op add}} {BINDTYPE op ID {} IMPL fabric LATENCY 0 OPTYPE add PRAGMA {} RTLNAME w_in_fu_2126_p2 SOURCE ../ip/ip6/conv_bn_relu.cpp:254 VARIABLE w_in LOOP VITIS_LOOP_251_27 BUNDLEDNAME {} DSP 0 BRAM 0 URAM 0 DISPNAME {bind_op add}} {BINDTYPE op ID {} IMPL fabric LATENCY 0 OPTYPE add PRAGMA {} RTLNAME add_ln541_1_fu_2161_p2 SOURCE {D:/Xilinx/Vitis_HLS/2022.2/common/technology/autopilot\ap_int_base.h:541} VARIABLE add_ln541_1 LOOP VITIS_LOOP_251_27 BUNDLEDNAME {} DSP 0 BRAM 0 URAM 0 DISPNAME {bind_op add}} {BINDTYPE op ID {} IMPL auto LATENCY 0 OPTYPE mul PRAGMA {} RTLNAME mul_32s_16ns_32_1_1_U107 SOURCE {D:/Xilinx/Vitis_HLS/2022.2/common/technology/autopilot\ap_int_base.h:541} VARIABLE mul_ln541_3 LOOP VITIS_LOOP_251_27 BUNDLEDNAME {} DSP 2 BRAM 0 URAM 0 DISPNAME {bind_op mul}} {BINDTYPE op ID {} IMPL fabric LATENCY 0 OPTYPE add PRAGMA {} RTLNAME in_offset_fu_2189_p2 SOURCE ../ip/ip6/conv_bn_relu.cpp:260 VARIABLE in_offset LOOP VITIS_LOOP_251_27 BUNDLEDNAME {} DSP 0 BRAM 0 URAM 0 DISPNAME {bind_op add}} {BINDTYPE op ID {} IMPL fabric LATENCY 0 OPTYPE add PRAGMA {} RTLNAME add_ln261_fu_2205_p2 SOURCE ../ip/ip6/conv_bn_relu.cpp:261 VARIABLE add_ln261 LOOP VITIS_LOOP_251_27 BUNDLEDNAME {} DSP 0 BRAM 0 URAM 0 DISPNAME {bind_op add}} {BINDTYPE op ID {} IMPL fabric LATENCY 0 OPTYPE add PRAGMA {} RTLNAME add_ln261_1_fu_2176_p2 SOURCE ../ip/ip6/conv_bn_relu.cpp:261 VARIABLE add_ln261_1 LOOP VITIS_LOOP_251_27 BUNDLEDNAME {} DSP 0 BRAM 0 URAM 0 DISPNAME {bind_op add}} {BINDTYPE op ID {} IMPL maxdsp LATENCY 5 OPTYPE dmul PRAGMA {} RTLNAME dmul_64ns_64ns_64_6_max_dsp_1_U98 SOURCE ../ip/ip6/conv_bn_relu.cpp:261 VARIABLE mul3 LOOP VITIS_LOOP_251_27 BUNDLEDNAME {} DSP 11 BRAM 0 URAM 0 DISPNAME {bind_op dmul}} {BINDTYPE op ID {} IMPL fulldsp LATENCY 6 OPTYPE dsub PRAGMA {} RTLNAME dadddsub_64ns_64ns_64_7_full_dsp_1_U97 SOURCE ../ip/ip6/conv_bn_relu.cpp:261 VARIABLE sum_3 LOOP VITIS_LOOP_251_27 BUNDLEDNAME {} DSP 3 BRAM 0 URAM 0 DISPNAME {bind_op dsub}} {BINDTYPE op ID {} IMPL fulldsp LATENCY 6 OPTYPE dsub PRAGMA {} RTLNAME dadddsub_64ns_64ns_64_7_full_dsp_1_U97 SOURCE ../ip/ip6/conv_bn_relu.cpp:267 VARIABLE val LOOP VITIS_LOOP_244_25 BUNDLEDNAME {} DSP 3 BRAM 0 URAM 0 DISPNAME {bind_op dsub}} {BINDTYPE op ID {} IMPL maxdsp LATENCY 5 OPTYPE dmul PRAGMA {} RTLNAME dmul_64ns_64ns_64_6_max_dsp_1_U98 SOURCE ../ip/ip6/conv_bn_relu.cpp:268 VARIABLE val_1 LOOP VITIS_LOOP_244_25 BUNDLEDNAME {} DSP 11 BRAM 0 URAM 0 DISPNAME {bind_op dmul}} {BINDTYPE op ID {} IMPL fulldsp LATENCY 6 OPTYPE dsub PRAGMA {} RTLNAME dadddsub_64ns_64ns_64_7_full_dsp_1_U97 SOURCE ../ip/ip6/conv_bn_relu.cpp:269 VARIABLE val_2 LOOP VITIS_LOOP_244_25 BUNDLEDNAME {} DSP 3 BRAM 0 URAM 0 DISPNAME {bind_op dsub}} {BINDTYPE op ID {} IMPL fabric LATENCY 0 OPTYPE add PRAGMA {} RTLNAME add_ln541_fu_2089_p2 SOURCE {D:/Xilinx/Vitis_HLS/2022.2/common/technology/autopilot\ap_int_base.h:541} VARIABLE add_ln541 LOOP VITIS_LOOP_244_25 BUNDLEDNAME {} DSP 0 BRAM 0 URAM 0 DISPNAME {bind_op add}} {BINDTYPE op ID {} IMPL auto LATENCY 0 OPTYPE mul PRAGMA {} RTLNAME mul_32s_16ns_32_1_1_U111 SOURCE {D:/Xilinx/Vitis_HLS/2022.2/common/technology/autopilot\ap_int_base.h:541} VARIABLE mul_ln541_1 LOOP VITIS_LOOP_244_25 BUNDLEDNAME {} DSP 2 BRAM 0 URAM 0 DISPNAME {bind_op mul}} {BINDTYPE op ID {} IMPL fabric LATENCY 0 OPTYPE add PRAGMA {} RTLNAME out_offset_fu_2272_p2 SOURCE ../ip/ip6/conv_bn_relu.cpp:275 VARIABLE out_offset LOOP VITIS_LOOP_244_25 BUNDLEDNAME {} DSP 0 BRAM 0 URAM 0 DISPNAME {bind_op add}} {BINDTYPE op ID {} IMPL fabric LATENCY 0 OPTYPE add PRAGMA {} RTLNAME add_ln276_fu_2288_p2 SOURCE ../ip/ip6/conv_bn_relu.cpp:276 VARIABLE add_ln276 LOOP VITIS_LOOP_244_25 BUNDLEDNAME {} DSP 0 BRAM 0 URAM 0 DISPNAME {bind_op add}} {BINDTYPE op ID {} IMPL fabric LATENCY 0 OPTYPE add PRAGMA {} RTLNAME w_out_fu_2094_p2 SOURCE ../ip/ip6/conv_bn_relu.cpp:244 VARIABLE w_out LOOP VITIS_LOOP_244_25 BUNDLEDNAME {} DSP 0 BRAM 0 URAM 0 DISPNAME {bind_op add}} {BINDTYPE op ID {} IMPL fabric LATENCY 0 OPTYPE add PRAGMA {} RTLNAME h_out_6_fu_2022_p2 SOURCE ../ip/ip6/conv_bn_relu.cpp:243 VARIABLE h_out_6 LOOP VITIS_LOOP_243_24 BUNDLEDNAME {} DSP 0 BRAM 0 URAM 0 DISPNAME {bind_op add}} {BINDTYPE op ID {} IMPL dsp48 LATENCY 3 OPTYPE mul PRAGMA {} RTLNAME mul_mul_16ns_16ns_32_4_1_U133 SOURCE ../ip/ip6/conv_bn_relu.cpp:87 VARIABLE mul_ln87 LOOP {} BUNDLEDNAME {} DSP 1 BRAM 0 URAM 0 DISPNAME {bind_op mul}} {BINDTYPE op ID {} IMPL dsp48 LATENCY 3 OPTYPE mul PRAGMA {} RTLNAME mul_mul_16ns_8ns_24_4_1_U132 SOURCE ../ip/ip6/conv_bn_relu.cpp:87 VARIABLE mul_ln87_2 LOOP {} BUNDLEDNAME {} DSP 1 BRAM 0 URAM 0 DISPNAME {bind_op mul}} {BINDTYPE op ID {} IMPL dsp48 LATENCY 3 OPTYPE mul PRAGMA {} RTLNAME mul_mul_24ns_17s_32_4_1_U134 SOURCE ../ip/ip6/conv_bn_relu.cpp:87 VARIABLE mul_ln87_1 LOOP {} BUNDLEDNAME {} DSP 1 BRAM 0 URAM 0 DISPNAME {bind_op mul}} {BINDTYPE op ID {} IMPL dsp48 LATENCY 3 OPTYPE mul PRAGMA {} RTLNAME mul_mul_16ns_8ns_24_4_1_U135 SOURCE ../ip/ip6/conv_bn_relu.cpp:87 VARIABLE mul_ln87_3 LOOP {} BUNDLEDNAME {} DSP 1 BRAM 0 URAM 0 DISPNAME {bind_op mul}} {BINDTYPE op ID {} IMPL auto LATENCY 0 OPTYPE mul PRAGMA {} RTLNAME mul_8ns_8ns_16_1_1_U112 SOURCE ../ip/ip6/conv_bn_relu.cpp:87 VARIABLE mul_ln87_4 LOOP {} BUNDLEDNAME {} DSP 0 BRAM 0 URAM 0 DISPNAME {bind_op mul}} {BINDTYPE op ID {} IMPL dsp48 LATENCY 3 OPTYPE mul PRAGMA {} RTLNAME mul_mul_16ns_16ns_32_4_1_U136 SOURCE ../ip/ip6/conv_bn_relu.cpp:87 VARIABLE mul_ln87_5 LOOP {} BUNDLEDNAME {} DSP 1 BRAM 0 URAM 0 DISPNAME {bind_op mul}} {BINDTYPE op ID {} IMPL fabric LATENCY 0 OPTYPE add PRAGMA {} RTLNAME add_ln87_fu_2426_p2 SOURCE ../ip/ip6/conv_bn_relu.cpp:87 VARIABLE add_ln87 LOOP {} BUNDLEDNAME {} DSP 0 BRAM 0 URAM 0 DISPNAME {bind_op add}} {BINDTYPE op ID {} IMPL fabric LATENCY 0 OPTYPE add PRAGMA {} RTLNAME add_ln87_1_fu_2450_p2 SOURCE ../ip/ip6/conv_bn_relu.cpp:87 VARIABLE add_ln87_1 LOOP {} BUNDLEDNAME {} DSP 0 BRAM 0 URAM 0 DISPNAME {bind_op add}} {BINDTYPE op ID {} IMPL fabric LATENCY 0 OPTYPE add PRAGMA {} RTLNAME add_ln87_2_fu_2459_p2 SOURCE ../ip/ip6/conv_bn_relu.cpp:87 VARIABLE add_ln87_2 LOOP {} BUNDLEDNAME {} DSP 0 BRAM 0 URAM 0 DISPNAME {bind_op add}} {BINDTYPE op ID {} IMPL fabric LATENCY 0 OPTYPE add PRAGMA {} RTLNAME add_ln87_3_fu_2483_p2 SOURCE ../ip/ip6/conv_bn_relu.cpp:87 VARIABLE add_ln87_3 LOOP {} BUNDLEDNAME {} DSP 0 BRAM 0 URAM 0 DISPNAME {bind_op add}} {BINDTYPE op ID {} IMPL fabric LATENCY 0 OPTYPE add PRAGMA {} RTLNAME add_ln87_4_fu_2489_p2 SOURCE ../ip/ip6/conv_bn_relu.cpp:87 VARIABLE add_ln87_4 LOOP {} BUNDLEDNAME {} DSP 0 BRAM 0 URAM 0 DISPNAME {bind_op add}} {BINDTYPE op ID {} IMPL dsp48 LATENCY 3 OPTYPE mul PRAGMA {} RTLNAME mul_mul_16ns_8ns_24_4_1_U137 SOURCE ../ip/ip6/conv_bn_relu.cpp:95 VARIABLE mul_ln95 LOOP {} BUNDLEDNAME {} DSP 1 BRAM 0 URAM 0 DISPNAME {bind_op mul}} {BINDTYPE op ID {} IMPL fabric LATENCY 0 OPTYPE add PRAGMA {} RTLNAME tmp13_fu_2521_p2 SOURCE {} VARIABLE tmp13 LOOP {} BUNDLEDNAME {} DSP 0 BRAM 0 URAM 0 DISPNAME {bind_op add}} {BINDTYPE op ID {} IMPL dsp48 LATENCY 3 OPTYPE mul PRAGMA {} RTLNAME mul_mul_16ns_16ns_32_4_1_U138 SOURCE ../ip/ip6/conv_bn_relu.cpp:115 VARIABLE mul_ln115 LOOP {} BUNDLEDNAME {} DSP 1 BRAM 0 URAM 0 DISPNAME {bind_op mul}} {BINDTYPE op ID {} IMPL fabric LATENCY 0 OPTYPE add PRAGMA {} RTLNAME add_ln1027_fu_2573_p2 SOURCE {D:/Xilinx/Vitis_HLS/2022.2/common/technology/autopilot\ap_int_base.h:1027} VARIABLE add_ln1027 LOOP VITIS_LOOP_87_2 BUNDLEDNAME {} DSP 0 BRAM 0 URAM 0 DISPNAME {bind_op add}} {BINDTYPE op ID {} IMPL fabric LATENCY 0 OPTYPE add PRAGMA {} RTLNAME add_ln1027_1_fu_2578_p2 SOURCE {D:/Xilinx/Vitis_HLS/2022.2/common/technology/autopilot\ap_int_base.h:1027} VARIABLE add_ln1027_1 LOOP VITIS_LOOP_87_2 BUNDLEDNAME {} DSP 0 BRAM 0 URAM 0 DISPNAME {bind_op add}} {BINDTYPE op ID {} IMPL auto LATENCY 0 OPTYPE mul PRAGMA {} RTLNAME mul_29s_14ns_29_1_1_U113 SOURCE {D:/Xilinx/Vitis_HLS/2022.2/common/technology/autopilot\ap_int_base.h:1027} VARIABLE mul_ln1027 LOOP VITIS_LOOP_87_2 BUNDLEDNAME {} DSP 2 BRAM 0 URAM 0 DISPNAME {bind_op mul}} {BINDTYPE op ID {} IMPL fabric LATENCY 0 OPTYPE add PRAGMA {} RTLNAME add_ln87_5_fu_2605_p2 SOURCE ../ip/ip6/conv_bn_relu.cpp:87 VARIABLE add_ln87_5 LOOP VITIS_LOOP_87_2 BUNDLEDNAME {} DSP 0 BRAM 0 URAM 0 DISPNAME {bind_op add}} {BINDTYPE op ID {} IMPL fabric LATENCY 0 OPTYPE add PRAGMA {} RTLNAME add_ln89_fu_2611_p2 SOURCE ../ip/ip6/conv_bn_relu.cpp:89 VARIABLE add_ln89 LOOP VITIS_LOOP_87_2 BUNDLEDNAME {} DSP 0 BRAM 0 URAM 0 DISPNAME {bind_op add}} {BINDTYPE op ID {} IMPL fabric LATENCY 0 OPTYPE add PRAGMA {} RTLNAME add_ln89_1_fu_2630_p2 SOURCE ../ip/ip6/conv_bn_relu.cpp:89 VARIABLE add_ln89_1 LOOP VITIS_LOOP_87_2 BUNDLEDNAME {} DSP 0 BRAM 0 URAM 0 DISPNAME {bind_op add}} {BINDTYPE op ID {} IMPL fabric LATENCY 0 OPTYPE sub PRAGMA {} RTLNAME sub_ln155_fu_2679_p2 SOURCE ../ip/ip6/conv_bn_relu.cpp:155 VARIABLE sub_ln155 LOOP VITIS_LOOP_87_2 BUNDLEDNAME {} DSP 0 BRAM 0 URAM 0 DISPNAME {bind_op sub}} {BINDTYPE op ID {} IMPL fabric LATENCY 0 OPTYPE add PRAGMA {} RTLNAME add_ln93_2_fu_2701_p2 SOURCE ../ip/ip6/conv_bn_relu.cpp:93 VARIABLE add_ln93_2 LOOP VITIS_LOOP_87_2 BUNDLEDNAME {} DSP 0 BRAM 0 URAM 0 DISPNAME {bind_op add}} {BINDTYPE op ID {} IMPL auto LATENCY 4 OPTYPE mul PRAGMA {} RTLNAME mul_64ns_32ns_96_5_1_U114 SOURCE ../ip/ip6/conv_bn_relu.cpp:93 VARIABLE bound57 LOOP VITIS_LOOP_87_2 BUNDLEDNAME {} DSP 6 BRAM 0 URAM 0 DISPNAME {bind_op mul}} {BINDTYPE op ID {} IMPL fabric LATENCY 0 OPTYPE add PRAGMA {} RTLNAME add_ln1027_7_fu_2743_p2 SOURCE {D:/Xilinx/Vitis_HLS/2022.2/common/technology/autopilot\ap_int_base.h:1027} VARIABLE add_ln1027_7 LOOP VITIS_LOOP_93_3 BUNDLEDNAME {} DSP 0 BRAM 0 URAM 0 DISPNAME {bind_op add}} {BINDTYPE op ID {} IMPL fabric LATENCY 0 OPTYPE add PRAGMA {} RTLNAME add_ln93_1_fu_2753_p2 SOURCE ../ip/ip6/conv_bn_relu.cpp:93 VARIABLE add_ln93_1 LOOP VITIS_LOOP_93_3 BUNDLEDNAME {} DSP 0 BRAM 0 URAM 0 DISPNAME {bind_op add}} {BINDTYPE op ID {} IMPL auto LATENCY 0 OPTYPE mul PRAGMA {} RTLNAME mul_30s_30s_30_1_1_U115 SOURCE ../ip/ip6/conv_bn_relu.cpp:95 VARIABLE mul_ln95_1 LOOP VITIS_LOOP_93_3 BUNDLEDNAME {} DSP 3 BRAM 0 URAM 0 DISPNAME {bind_op mul}} {BINDTYPE op ID {} IMPL auto LATENCY 0 OPTYPE mul PRAGMA {} RTLNAME mul_24ns_30s_30_1_1_U116 SOURCE ../ip/ip6/conv_bn_relu.cpp:95 VARIABLE mul_ln95_2 LOOP VITIS_LOOP_93_3 BUNDLEDNAME {} DSP 2 BRAM 0 URAM 0 DISPNAME {bind_op mul}} {BINDTYPE op ID {} IMPL fabric LATENCY 0 OPTYPE add PRAGMA {} RTLNAME add_ln95_fu_2777_p2 SOURCE ../ip/ip6/conv_bn_relu.cpp:95 VARIABLE add_ln95 LOOP VITIS_LOOP_93_3 BUNDLEDNAME {} DSP 0 BRAM 0 URAM 0 DISPNAME {bind_op add}} {BINDTYPE op ID {} IMPL fabric LATENCY 0 OPTYPE add PRAGMA {} RTLNAME add_ln95_1_fu_2788_p2 SOURCE ../ip/ip6/conv_bn_relu.cpp:95 VARIABLE add_ln95_1 LOOP VITIS_LOOP_93_3 BUNDLEDNAME {} DSP 0 BRAM 0 URAM 0 DISPNAME {bind_op add}} {BINDTYPE op ID {} IMPL fabric LATENCY 0 OPTYPE sub PRAGMA {} RTLNAME sub_fu_2850_p2 SOURCE ../ip/ip6/conv_bn_relu.cpp:95 VARIABLE sub LOOP VITIS_LOOP_93_3 BUNDLEDNAME {} DSP 0 BRAM 0 URAM 0 DISPNAME {bind_op sub}} {BINDTYPE op ID {} IMPL fabric LATENCY 0 OPTYPE add PRAGMA {} RTLNAME sub_i_i1202_fu_2858_p2 SOURCE ../ip/ip6/conv_bn_relu.cpp:95 VARIABLE sub_i_i1202 LOOP VITIS_LOOP_93_3 BUNDLEDNAME {} DSP 0 BRAM 0 URAM 0 DISPNAME {bind_op add}} {BINDTYPE op ID {} IMPL auto LATENCY 0 OPTYPE mul PRAGMA {} RTLNAME mul_32s_8ns_32_1_1_U117 SOURCE ../ip/ip6/conv_bn_relu.cpp:95 VARIABLE conv3_i_i_i10743540 LOOP VITIS_LOOP_93_3 BUNDLEDNAME {} DSP 1 BRAM 0 URAM 0 DISPNAME {bind_op mul}} {BINDTYPE op ID {} IMPL fabric LATENCY 0 OPTYPE add PRAGMA {} RTLNAME add_ln99_fu_2875_p2 SOURCE ../ip/ip6/conv_bn_relu.cpp:99 VARIABLE add_ln99 LOOP VITIS_LOOP_93_3 BUNDLEDNAME {} DSP 0 BRAM 0 URAM 0 DISPNAME {bind_op add}} {BINDTYPE op ID {} IMPL fabric LATENCY 0 OPTYPE add PRAGMA {} RTLNAME add_ln99_1_fu_2885_p2 SOURCE ../ip/ip6/conv_bn_relu.cpp:99 VARIABLE add_ln99_1 LOOP VITIS_LOOP_93_3 BUNDLEDNAME {} DSP 0 BRAM 0 URAM 0 DISPNAME {bind_op add}} {BINDTYPE op ID {} IMPL fabric LATENCY 0 OPTYPE sub PRAGMA {} RTLNAME add_i_i1086_fu_2909_p2 SOURCE ../ip/ip6/conv_bn_relu.cpp:95 VARIABLE add_i_i1086 LOOP VITIS_LOOP_93_3 BUNDLEDNAME {} DSP 0 BRAM 0 URAM 0 DISPNAME {bind_op sub}} {BINDTYPE op ID {} IMPL fabric LATENCY 0 OPTYPE add PRAGMA {} RTLNAME add_ln116_fu_2913_p2 SOURCE ../ip/ip6/conv_bn_relu.cpp:116 VARIABLE add_ln116 LOOP VITIS_LOOP_93_3 BUNDLEDNAME {} DSP 0 BRAM 0 URAM 0 DISPNAME {bind_op add}} {BINDTYPE op ID {} IMPL fabric LATENCY 0 OPTYPE add PRAGMA {} RTLNAME add_ln99_3_fu_2927_p2 SOURCE ../ip/ip6/conv_bn_relu.cpp:99 VARIABLE add_ln99_3 LOOP VITIS_LOOP_99_4 BUNDLEDNAME {} DSP 0 BRAM 0 URAM 0 DISPNAME {bind_op add}} {BINDTYPE op ID {} IMPL auto LATENCY 0 OPTYPE mul PRAGMA {} RTLNAME mul_32s_18ns_32_1_1_U118 SOURCE ../ip/ip6/conv_bn_relu.cpp:105 VARIABLE mul_ln105 LOOP VITIS_LOOP_99_4 BUNDLEDNAME {} DSP 2 BRAM 0 URAM 0 DISPNAME {bind_op mul}} {BINDTYPE op ID {} IMPL auto LATENCY 0 OPTYPE mul PRAGMA {} RTLNAME mul_32s_26ns_32_1_1_U119 SOURCE ../ip/ip6/conv_bn_relu.cpp:105 VARIABLE mul_ln105_1 LOOP VITIS_LOOP_99_4 BUNDLEDNAME {} DSP 3 BRAM 0 URAM 0 DISPNAME {bind_op mul}} {BINDTYPE op ID {} IMPL fabric LATENCY 0 OPTYPE add PRAGMA {} RTLNAME add_ln101_fu_2947_p2 SOURCE ../ip/ip6/conv_bn_relu.cpp:101 VARIABLE add_ln101 LOOP VITIS_LOOP_99_4 BUNDLEDNAME {} DSP 0 BRAM 0 URAM 0 DISPNAME {bind_op add}} {BINDTYPE op ID {} IMPL fabric LATENCY 0 OPTYPE add PRAGMA {} RTLNAME add_ln101_1_fu_2958_p2 SOURCE ../ip/ip6/conv_bn_relu.cpp:101 VARIABLE add_ln101_1 LOOP VITIS_LOOP_99_4 BUNDLEDNAME {} DSP 0 BRAM 0 URAM 0 DISPNAME {bind_op add}} {BINDTYPE op ID {} IMPL fabric LATENCY 0 OPTYPE sub PRAGMA {} RTLNAME sub75_fu_2982_p2 SOURCE ../ip/ip6/conv_bn_relu.cpp:101 VARIABLE sub75 LOOP VITIS_LOOP_99_4 BUNDLEDNAME {} DSP 0 BRAM 0 URAM 0 DISPNAME {bind_op sub}} {BINDTYPE op ID {} IMPL fabric LATENCY 0 OPTYPE add PRAGMA {} RTLNAME sub_i_i_fu_2990_p2 SOURCE ../ip/ip6/conv_bn_relu.cpp:101 VARIABLE sub_i_i LOOP VITIS_LOOP_99_4 BUNDLEDNAME {} DSP 0 BRAM 0 URAM 0 DISPNAME {bind_op add}} {BINDTYPE op ID {} IMPL auto LATENCY 0 OPTYPE mul PRAGMA {} RTLNAME mul_32s_8ns_32_1_1_U120 SOURCE ../ip/ip6/conv_bn_relu.cpp:101 VARIABLE conv3_i_i_i10033536 LOOP VITIS_LOOP_99_4 BUNDLEDNAME {} DSP 1 BRAM 0 URAM 0 DISPNAME {bind_op mul}} {BINDTYPE op ID {} IMPL fabric LATENCY 0 OPTYPE add PRAGMA {} RTLNAME add_ln115_fu_3004_p2 SOURCE ../ip/ip6/conv_bn_relu.cpp:115 VARIABLE add_ln115 LOOP VITIS_LOOP_99_4 BUNDLEDNAME {} DSP 0 BRAM 0 URAM 0 DISPNAME {bind_op add}} {BINDTYPE op ID {} IMPL fabric LATENCY 0 OPTYPE add PRAGMA {} RTLNAME add_ln115_1_fu_3014_p2 SOURCE ../ip/ip6/conv_bn_relu.cpp:115 VARIABLE add_ln115_1 LOOP VITIS_LOOP_99_4 BUNDLEDNAME {} DSP 0 BRAM 0 URAM 0 DISPNAME {bind_op add}} {BINDTYPE op ID {} IMPL fabric LATENCY 0 OPTYPE sub PRAGMA {} RTLNAME add_i_i1015_fu_3034_p2 SOURCE ../ip/ip6/conv_bn_relu.cpp:101 VARIABLE add_i_i1015 LOOP VITIS_LOOP_99_4 BUNDLEDNAME {} DSP 0 BRAM 0 URAM 0 DISPNAME {bind_op sub}} {BINDTYPE op ID {} IMPL auto LATENCY 4 OPTYPE mul PRAGMA {} RTLNAME mul_64ns_16ns_80_5_1_U121 SOURCE ../ip/ip6/conv_bn_relu.cpp:116 VARIABLE bound LOOP VITIS_LOOP_99_4 BUNDLEDNAME {} DSP 3 BRAM 0 URAM 0 DISPNAME {bind_op mul}} {BINDTYPE op ID {} IMPL fabric LATENCY 0 OPTYPE add PRAGMA {} RTLNAME add_ln131_fu_3050_p2 SOURCE ../ip/ip6/conv_bn_relu.cpp:131 VARIABLE add_ln131 LOOP VITIS_LOOP_115_5 BUNDLEDNAME {} DSP 0 BRAM 0 URAM 0 DISPNAME {bind_op add}} {BINDTYPE op ID {} IMPL fabric LATENCY 0 OPTYPE sub PRAGMA {} RTLNAME sub_ln131_fu_3079_p2 SOURCE ../ip/ip6/conv_bn_relu.cpp:131 VARIABLE sub_ln131 LOOP VITIS_LOOP_115_5 BUNDLEDNAME {} DSP 0 BRAM 0 URAM 0 DISPNAME {bind_op sub}} {BINDTYPE op ID {} IMPL fabric LATENCY 0 OPTYPE add PRAGMA {} RTLNAME add_ln115_2_fu_3091_p2 SOURCE ../ip/ip6/conv_bn_relu.cpp:115 VARIABLE add_ln115_2 LOOP VITIS_LOOP_115_5 BUNDLEDNAME {} DSP 0 BRAM 0 URAM 0 DISPNAME {bind_op add}} {BINDTYPE op ID {} IMPL fabric LATENCY 0 OPTYPE add PRAGMA {} RTLNAME h_in_1_fu_3101_p2 SOURCE {D:/Xilinx/Vitis_HLS/2022.2/common/technology/autopilot\ap_int_base.h:1027} VARIABLE h_in_1 LOOP VITIS_LOOP_115_5 BUNDLEDNAME {} DSP 0 BRAM 0 URAM 0 DISPNAME {bind_op add}} {BINDTYPE op ID {} IMPL fabric LATENCY 0 OPTYPE add PRAGMA {} RTLNAME tmp24_fu_3132_p2 SOURCE ../ip/ip6/conv_bn_relu.cpp:95 VARIABLE tmp24 LOOP VITIS_LOOP_99_4 BUNDLEDNAME {} DSP 0 BRAM 0 URAM 0 DISPNAME {bind_op add}} {BINDTYPE op ID {} IMPL fabric LATENCY 0 OPTYPE add PRAGMA {} RTLNAME add_ln153_1_fu_3144_p2 SOURCE ../ip/ip6/conv_bn_relu.cpp:153 VARIABLE add_ln153_1 LOOP VITIS_LOOP_153_12 BUNDLEDNAME {} DSP 0 BRAM 0 URAM 0 DISPNAME {bind_op add}} {BINDTYPE op ID {} IMPL auto LATENCY 0 OPTYPE mul PRAGMA {} RTLNAME mul_32s_32s_32_1_1_U122 SOURCE ../ip/ip6/conv_bn_relu.cpp:153 VARIABLE empty_185 LOOP VITIS_LOOP_153_12 BUNDLEDNAME {} DSP 3 BRAM 0 URAM 0 DISPNAME {bind_op mul}} {BINDTYPE op ID {} IMPL fabric LATENCY 0 OPTYPE sub PRAGMA {} RTLNAME empty_186_fu_3163_p2 SOURCE ../ip/ip6/conv_bn_relu.cpp:153 VARIABLE empty_186 LOOP VITIS_LOOP_153_12 BUNDLEDNAME {} DSP 0 BRAM 0 URAM 0 DISPNAME {bind_op sub}} {BINDTYPE op ID {} IMPL fabric LATENCY 0 OPTYPE add PRAGMA {} RTLNAME add_ln154_1_fu_3175_p2 SOURCE ../ip/ip6/conv_bn_relu.cpp:154 VARIABLE add_ln154_1 LOOP VITIS_LOOP_154_13 BUNDLEDNAME {} DSP 0 BRAM 0 URAM 0 DISPNAME {bind_op add}} {BINDTYPE op ID {} IMPL fabric LATENCY 0 OPTYPE add PRAGMA {} RTLNAME tmp26_fu_3185_p2 SOURCE ../ip/ip6/conv_bn_relu.cpp:154 VARIABLE tmp26 LOOP VITIS_LOOP_154_13 BUNDLEDNAME {} DSP 0 BRAM 0 URAM 0 DISPNAME {bind_op add}} {BINDTYPE op ID {} IMPL fabric LATENCY 0 OPTYPE add PRAGMA {} RTLNAME empty_188_fu_3231_p2 SOURCE ../ip/ip6/conv_bn_relu.cpp:154 VARIABLE empty_188 LOOP VITIS_LOOP_154_13 BUNDLEDNAME {} DSP 0 BRAM 0 URAM 0 DISPNAME {bind_op add}} {BINDTYPE op ID {} IMPL fabric LATENCY 0 OPTYPE sub PRAGMA {} RTLNAME empty_189_fu_3208_p2 SOURCE ../ip/ip6/conv_bn_relu.cpp:154 VARIABLE empty_189 LOOP VITIS_LOOP_154_13 BUNDLEDNAME {} DSP 0 BRAM 0 URAM 0 DISPNAME {bind_op sub}} {BINDTYPE op ID {} IMPL fabric LATENCY 0 OPTYPE add PRAGMA {} RTLNAME add_ln155_1_fu_3261_p2 SOURCE ../ip/ip6/conv_bn_relu.cpp:155 VARIABLE add_ln155_1 LOOP VITIS_LOOP_155_14 BUNDLEDNAME {} DSP 0 BRAM 0 URAM 0 DISPNAME {bind_op add}} {BINDTYPE op ID {} IMPL fabric LATENCY 0 OPTYPE add PRAGMA {} RTLNAME empty_194_fu_3299_p2 SOURCE ../ip/ip6/conv_bn_relu.cpp:155 VARIABLE empty_194 LOOP VITIS_LOOP_168_15 BUNDLEDNAME {} DSP 0 BRAM 0 URAM 0 DISPNAME {bind_op add}} {BINDTYPE op ID {} IMPL fabric LATENCY 0 OPTYPE add PRAGMA {} RTLNAME add_ln168_fu_3317_p2 SOURCE ../ip/ip6/conv_bn_relu.cpp:168 VARIABLE add_ln168 LOOP VITIS_LOOP_168_15 BUNDLEDNAME {} DSP 0 BRAM 0 URAM 0 DISPNAME {bind_op add}} {BINDTYPE op ID {} IMPL fabric LATENCY 0 OPTYPE add PRAGMA {} RTLNAME add_ln169_fu_3388_p2 SOURCE ../ip/ip6/conv_bn_relu.cpp:169 VARIABLE add_ln169 LOOP VITIS_LOOP_169_16 BUNDLEDNAME {} DSP 0 BRAM 0 URAM 0 DISPNAME {bind_op add}} {BINDTYPE op ID {} IMPL fabric LATENCY 0 OPTYPE add PRAGMA {} RTLNAME empty_198_fu_3394_p2 SOURCE {D:/Xilinx/Vitis_HLS/2022.2/common/technology/autopilot\ap_int_base.h:1027} VARIABLE empty_198 LOOP VITIS_LOOP_169_16 BUNDLEDNAME {} DSP 0 BRAM 0 URAM 0 DISPNAME {bind_op add}} {BINDTYPE op ID {} IMPL fabric LATENCY 0 OPTYPE sub PRAGMA {} RTLNAME sub_ln172_fu_3456_p2 SOURCE ../ip/ip6/conv_bn_relu.cpp:172 VARIABLE sub_ln172 LOOP VITIS_LOOP_169_16 BUNDLEDNAME {} DSP 0 BRAM 0 URAM 0 DISPNAME {bind_op sub}} {BINDTYPE op ID {} IMPL fabric LATENCY 0 OPTYPE add PRAGMA {} RTLNAME empty_199_fu_3409_p2 SOURCE ../ip/ip6/conv_bn_relu.cpp:155 VARIABLE empty_199 LOOP VITIS_LOOP_169_16 BUNDLEDNAME {} DSP 0 BRAM 0 URAM 0 DISPNAME {bind_op add}} {BINDTYPE op ID {} IMPL fabric LATENCY 0 OPTYPE add PRAGMA {} RTLNAME add_ln170_fu_3475_p2 SOURCE ../ip/ip6/conv_bn_relu.cpp:170 VARIABLE add_ln170 LOOP VITIS_LOOP_170_17 BUNDLEDNAME {} DSP 0 BRAM 0 URAM 0 DISPNAME {bind_op add}} {BINDTYPE op ID {} IMPL fabric LATENCY 0 OPTYPE add PRAGMA {} RTLNAME add_ln172_fu_3481_p2 SOURCE ../ip/ip6/conv_bn_relu.cpp:172 VARIABLE add_ln172 LOOP VITIS_LOOP_170_17 BUNDLEDNAME {} DSP 0 BRAM 0 URAM 0 DISPNAME {bind_op add}} {BINDTYPE op ID {} IMPL fabric LATENCY 0 OPTYPE add PRAGMA {} RTLNAME add_ln172_1_fu_3490_p2 SOURCE ../ip/ip6/conv_bn_relu.cpp:172 VARIABLE add_ln172_1 LOOP VITIS_LOOP_170_17 BUNDLEDNAME {} DSP 0 BRAM 0 URAM 0 DISPNAME {bind_op add}} {BINDTYPE op ID {} IMPL fabric LATENCY 0 OPTYPE add PRAGMA {} RTLNAME add_ln172_2_fu_3501_p2 SOURCE ../ip/ip6/conv_bn_relu.cpp:172 VARIABLE add_ln172_2 LOOP VITIS_LOOP_170_17 BUNDLEDNAME {} DSP 0 BRAM 0 URAM 0 DISPNAME {bind_op add}} {BINDTYPE op ID {} IMPL maxdsp LATENCY 5 OPTYPE dmul PRAGMA {} RTLNAME dmul_64ns_64ns_64_6_max_dsp_1_U98 SOURCE ../ip/ip6/conv_bn_relu.cpp:172 VARIABLE mul5 LOOP VITIS_LOOP_170_17 BUNDLEDNAME {} DSP 11 BRAM 0 URAM 0 DISPNAME {bind_op dmul}} {BINDTYPE op ID {} IMPL fulldsp LATENCY 6 OPTYPE dsub PRAGMA {} RTLNAME dadddsub_64ns_64ns_64_7_full_dsp_1_U97 SOURCE ../ip/ip6/conv_bn_relu.cpp:172 VARIABLE sum_6 LOOP VITIS_LOOP_170_17 BUNDLEDNAME {} DSP 3 BRAM 0 URAM 0 DISPNAME {bind_op dsub}} {BINDTYPE op ID {} IMPL fabric LATENCY 0 OPTYPE add PRAGMA {} RTLNAME add_ln179_fu_3337_p2 SOURCE ../ip/ip6/conv_bn_relu.cpp:179 VARIABLE add_ln179 LOOP VITIS_LOOP_155_14 BUNDLEDNAME {} DSP 0 BRAM 0 URAM 0 DISPNAME {bind_op add}} {BINDTYPE op ID {} IMPL fulldsp LATENCY 6 OPTYPE dsub PRAGMA {} RTLNAME dadddsub_64ns_64ns_64_7_full_dsp_1_U97 SOURCE ../ip/ip6/conv_bn_relu.cpp:179 VARIABLE val_3 LOOP VITIS_LOOP_155_14 BUNDLEDNAME {} DSP 3 BRAM 0 URAM 0 DISPNAME {bind_op dsub}} {BINDTYPE op ID {} IMPL maxdsp LATENCY 5 OPTYPE dmul PRAGMA {} RTLNAME dmul_64ns_64ns_64_6_max_dsp_1_U98 SOURCE ../ip/ip6/conv_bn_relu.cpp:180 VARIABLE val_4 LOOP VITIS_LOOP_155_14 BUNDLEDNAME {} DSP 11 BRAM 0 URAM 0 DISPNAME {bind_op dmul}} {BINDTYPE op ID {} IMPL fabric LATENCY 0 OPTYPE add PRAGMA {} RTLNAME add_ln181_fu_3362_p2 SOURCE ../ip/ip6/conv_bn_relu.cpp:181 VARIABLE add_ln181 LOOP VITIS_LOOP_155_14 BUNDLEDNAME {} DSP 0 BRAM 0 URAM 0 DISPNAME {bind_op add}} {BINDTYPE op ID {} IMPL fulldsp LATENCY 6 OPTYPE dsub PRAGMA {} RTLNAME dadddsub_64ns_64ns_64_7_full_dsp_1_U97 SOURCE ../ip/ip6/conv_bn_relu.cpp:181 VARIABLE val_5 LOOP VITIS_LOOP_155_14 BUNDLEDNAME {} DSP 3 BRAM 0 URAM 0 DISPNAME {bind_op dsub}} {BINDTYPE op ID {} IMPL fabric LATENCY 0 OPTYPE add PRAGMA {} RTLNAME add_ln155_fu_3373_p2 SOURCE ../ip/ip6/conv_bn_relu.cpp:155 VARIABLE add_ln155 LOOP VITIS_LOOP_155_14 BUNDLEDNAME {} DSP 0 BRAM 0 URAM 0 DISPNAME {bind_op add}} {BINDTYPE op ID {} IMPL fabric LATENCY 0 OPTYPE add PRAGMA {} RTLNAME add_ln154_fu_3289_p2 SOURCE ../ip/ip6/conv_bn_relu.cpp:154 VARIABLE add_ln154 LOOP VITIS_LOOP_154_13 BUNDLEDNAME {} DSP 0 BRAM 0 URAM 0 DISPNAME {bind_op add}} {BINDTYPE op ID {} IMPL fabric LATENCY 0 OPTYPE add PRAGMA {} RTLNAME add_ln153_fu_3214_p2 SOURCE ../ip/ip6/conv_bn_relu.cpp:153 VARIABLE add_ln153 LOOP VITIS_LOOP_153_12 BUNDLEDNAME {} DSP 0 BRAM 0 URAM 0 DISPNAME {bind_op add}} {BINDTYPE op ID {} IMPL fabric LATENCY 0 OPTYPE add PRAGMA {} RTLNAME add_ln99_2_fu_3169_p2 SOURCE ../ip/ip6/conv_bn_relu.cpp:99 VARIABLE add_ln99_2 LOOP VITIS_LOOP_99_4 BUNDLEDNAME {} DSP 0 BRAM 0 URAM 0 DISPNAME {bind_op add}} {BINDTYPE op ID {} IMPL fabric LATENCY 0 OPTYPE add PRAGMA {} RTLNAME add_ln93_fu_2976_p2 SOURCE ../ip/ip6/conv_bn_relu.cpp:93 VARIABLE add_ln93 LOOP VITIS_LOOP_93_3 BUNDLEDNAME {} DSP 0 BRAM 0 URAM 0 DISPNAME {bind_op add}} {BINDTYPE op ID {} IMPL fabric LATENCY 0 OPTYPE add PRAGMA {} RTLNAME add_ln87_6_fu_2806_p2 SOURCE ../ip/ip6/conv_bn_relu.cpp:87 VARIABLE add_ln87_6 LOOP VITIS_LOOP_87_2 BUNDLEDNAME {} DSP 0 BRAM 0 URAM 0 DISPNAME {bind_op add}} {BINDTYPE op ID {} IMPL fabric LATENCY 0 OPTYPE add PRAGMA {} RTLNAME add_ln87_7_fu_2812_p2 SOURCE ../ip/ip6/conv_bn_relu.cpp:87 VARIABLE add_ln87_7 LOOP VITIS_LOOP_87_2 BUNDLEDNAME {} DSP 0 BRAM 0 URAM 0 DISPNAME {bind_op add}}} AREA {DSP 69 BRAM 32 URAM 0}} conv_bn_relu {AREA {DSP 69 BRAM 32 URAM 0}}}}'
INFO-FLOW: DBG:PUTS:      update_csynth_reports json2rpt_hw_sw_interfaces
Execute       send_msg_by_id INFO @200-1603@%s  and missed bursts 
INFO: [HLS 200-1603] Design has inferred MAXI bursts and missed bursts, see Vitis HLS GUI synthesis summary report for detailed information.
INFO-FLOW: Running: gen_csynth_sec_pragma
INFO-FLOW: Done: gen_csynth_sec_pragma time: 0 seconds per iteration
INFO-FLOW: DBG:PUTS:      update_csynth_reports wrote xml
INFO-FLOW: DBG:PUTS:      update_csynth_reports appended to csynth rpt file
INFO: [HLS 200-111] Finished Updating report files: CPU user time: 2 seconds. CPU system time: 1 seconds. Elapsed time: 3.261 seconds; current allocated memory: 676.746 MB.
INFO: [VHDL 208-304] Generating VHDL RTL for conv_bn_relu.
INFO: [VLOG 209-307] Generating Verilog RTL for conv_bn_relu.
Execute       syn_report -model conv_bn_relu -printsummary 
INFO: [HLS 200-790] **** Loop Constraint Status: All loop constraints were NOT satisfied.
INFO: [HLS 200-789] **** Estimated Fmax: 136.99 MHz
Command     autosyn done; 22.914 sec.
Command   csynth_design done; 45.768 sec.
INFO: [HLS 200-111] Finished Command csynth_design CPU user time: 16 seconds. CPU system time: 3 seconds. Elapsed time: 45.768 seconds; current allocated memory: 0.000 MB.
Command ap_source done; 58.161 sec.
Execute cleanup_all 
