

================================================================
== Vitis HLS Report for 'Block_entry352_proc1'
================================================================
* Date:           Thu Nov  6 12:00:33 2025

* Version:        2022.2 (Build 3670227 on Oct 13 2022)
* Project:        ip9
* Solution:       solution1 (Vivado IP Flow Target)
* Product family: zynq
* Target device:  xc7z020-clg400-2


================================================================
== Performance Estimates
================================================================
+ Timing: 
    * Summary: 
    +--------+----------+----------+------------+
    |  Clock |  Target  | Estimated| Uncertainty|
    +--------+----------+----------+------------+
    |ap_clk  |  10.00 ns|  7.300 ns|     2.70 ns|
    +--------+----------+----------+------------+

+ Latency: 
    * Summary: 
    +---------+---------+----------+----------+-----+-----+---------+
    |  Latency (cycles) |  Latency (absolute) |  Interval | Pipeline|
    |   min   |   max   |    min   |    max   | min | max |   Type  |
    +---------+---------+----------+----------+-----+-----+---------+
    |        ?|        ?|         ?|         ?|    ?|    ?|       no|
    +---------+---------+----------+----------+-----+-----+---------+

    + Detail: 
        * Instance: 
        N/A

        * Loop: 
        +------------------------------------+---------+-------------+------------------+-----------+-----------+-----------+----------+
        |                                    |    Latency (cycles)   |     Iteration    |  Initiation Interval  |    Trip   |          |
        |              Loop Name             |   min   |     max     |      Latency     |  achieved |   target  |   Count   | Pipelined|
        +------------------------------------+---------+-------------+------------------+-----------+-----------+-----------+----------+
        |- VITIS_LOOP_213_19                 |        ?|            ?|                 ?|          -|          -|          ?|        no|
        | + VITIS_LOOP_219_20                |        ?|            ?|                 ?|          -|          -|          ?|        no|
        |  ++ VITIS_LOOP_225_21              |        ?|            ?|                 ?|          -|          -|  0 ~ 65535|        no|
        |   +++ VITIS_LOOP_235_22            |        0|       195585|           2 ~ 767|          -|          -|    0 ~ 255|        no|
        |    ++++ VITIS_LOOP_236_23          |        0|          765|                 3|          -|          -|    0 ~ 255|        no|
        |   +++ VITIS_LOOP_243_24            |        ?|            ?|                 ?|          -|          -|          ?|        no|
        |    ++++ VITIS_LOOP_244_25          |        ?|            ?|      30 ~ 1821495|          -|          -|          ?|        no|
        |     +++++ VITIS_LOOP_250_26        |        0|      1821465|          3 ~ 7143|          -|          -|    0 ~ 255|        no|
        |      ++++++ VITIS_LOOP_251_27      |        0|         7140|            2 ~ 28|          -|          -|    0 ~ 255|        no|
        |- VITIS_LOOP_87_2                   |        ?|            ?|                 ?|          -|          -|   0 ~ 8192|        no|
        | + VITIS_LOOP_93_3                  |        ?|            ?|                 ?|          -|          -|      1 ~ ?|        no|
        |  ++ VITIS_LOOP_99_4                |        ?|            ?|                 ?|          -|          -|      1 ~ ?|        no|
        |   +++ VITIS_LOOP_115_5             |        ?|            ?|                 ?|          -|          -|          ?|        no|
        |   +++ VITIS_LOOP_153_12            |        ?|            ?|                 ?|          -|          -|          ?|        no|
        |    ++++ VITIS_LOOP_154_13          |        ?|            ?|                 ?|          -|          -|          ?|        no|
        |     +++++ VITIS_LOOP_155_14        |        ?|            ?|  37 ~ 68232879382|          -|          -|          ?|        no|
        |      ++++++ VITIS_LOOP_168_15      |        0|  68232879345|       2 ~ 1041167|          -|          -|  0 ~ 65535|        no|
        |       +++++++ VITIS_LOOP_169_16    |        0|      1041165|          3 ~ 4083|          -|          -|    0 ~ 255|        no|
        |        ++++++++ VITIS_LOOP_170_17  |        0|         4080|                16|          -|          -|    0 ~ 255|        no|
        +------------------------------------+---------+-------------+------------------+-----------+-----------+-----------+----------+

============================================================
+ Verbose Summary: Synthesis Manager
============================================================
InlineROM: 1
ExposeGlobal: 0
============================================================
+ Verbose Summary: CDFG Model
============================================================
IsTopModel: 0
ResetActiveHigh: 1
IsCombinational: 2
IsDatapathOnly: 0
HasWiredReturn: 1
HasMFsm: 0
HasVarLatency: 1
IsPipeline: 0
IsRtlPipelined: 0
IsInstanceOverlapped: 0
IsDontTouch: 0
HasImplIP: 0
IsGatedGlobalClock: 0


============================================================
+ Verbose Summary: Schedule
============================================================
* Number of FSM states : 198
* Pipeline : 0
* Dataflow Pipeline: 0

* FSM state transitions: 
1 --> 2 
2 --> 3 
3 --> 4 
4 --> 5 
5 --> 6 
6 --> 7 
7 --> 8 
8 --> 9 
9 --> 10 
10 --> 11 
11 --> 12 
12 --> 13 
13 --> 14 
14 --> 15 
15 --> 16 
16 --> 17 
17 --> 18 
18 --> 19 
19 --> 20 
20 --> 21 
21 --> 22 
22 --> 23 24 110 
23 --> 24 
24 --> 25 116 
25 --> 26 24 
26 --> 27 25 
27 --> 28 
28 --> 29 
29 --> 30 
30 --> 31 
31 --> 32 
32 --> 33 
33 --> 34 
34 --> 38 35 
35 --> 36 34 
36 --> 37 
37 --> 35 
38 --> 39 
39 --> 40 
40 --> 41 
41 --> 42 
42 --> 43 
43 --> 44 
44 --> 45 
45 --> 46 
46 --> 47 
47 --> 48 
48 --> 49 
49 --> 50 26 
50 --> 51 
51 --> 52 49 
52 --> 53 
53 --> 54 83 
54 --> 55 
55 --> 56 82 53 
56 --> 57 
57 --> 58 
58 --> 59 
59 --> 60 
60 --> 61 
61 --> 62 
62 --> 63 
63 --> 64 
64 --> 65 
65 --> 66 
66 --> 67 
67 --> 68 
68 --> 69 
69 --> 70 
70 --> 71 
71 --> 72 
72 --> 73 
73 --> 74 
74 --> 75 
75 --> 76 
76 --> 77 
77 --> 78 
78 --> 79 
79 --> 80 
80 --> 81 
81 --> 82 
82 --> 55 
83 --> 84 
84 --> 85 
85 --> 86 
86 --> 87 
87 --> 88 
88 --> 89 
89 --> 90 
90 --> 91 
91 --> 92 
92 --> 93 
93 --> 94 
94 --> 95 
95 --> 96 
96 --> 97 
97 --> 98 
98 --> 99 
99 --> 100 
100 --> 101 
101 --> 102 
102 --> 103 
103 --> 104 
104 --> 105 
105 --> 106 
106 --> 107 
107 --> 108 
108 --> 109 
109 --> 51 
110 --> 111 
111 --> 112 
112 --> 113 
113 --> 114 
114 --> 115 
115 --> 116 
116 --> 117 123 
117 --> 118 
118 --> 119 
119 --> 120 
120 --> 121 
121 --> 122 
122 --> 123 
123 --> 124 116 
124 --> 125 
125 --> 126 123 
126 --> 127 132 
127 --> 128 
128 --> 129 
129 --> 130 
130 --> 131 
131 --> 132 
132 --> 133 134 
133 --> 132 
134 --> 135 
135 --> 136 125 
136 --> 137 135 
137 --> 138 
138 --> 139 
139 --> 194 140 
140 --> 159 141 
141 --> 142 140 
142 --> 143 
143 --> 144 141 
144 --> 145 
145 --> 146 
146 --> 147 
147 --> 148 
148 --> 149 
149 --> 150 
150 --> 151 
151 --> 152 
152 --> 153 
153 --> 154 
154 --> 155 
155 --> 156 
156 --> 157 
157 --> 158 
158 --> 143 
159 --> 160 
160 --> 161 
161 --> 162 
162 --> 163 
163 --> 164 
164 --> 165 
165 --> 166 
166 --> 167 
167 --> 168 
168 --> 169 
169 --> 170 
170 --> 171 
171 --> 172 
172 --> 173 
173 --> 174 
174 --> 175 
175 --> 176 
176 --> 177 
177 --> 178 
178 --> 179 
179 --> 180 
180 --> 181 
181 --> 182 
182 --> 183 
183 --> 184 
184 --> 185 
185 --> 186 
186 --> 187 
187 --> 188 
188 --> 189 
189 --> 190 
190 --> 191 
191 --> 192 
192 --> 193 
193 --> 139 
194 --> 195 
195 --> 196 
196 --> 197 
197 --> 198 
198 --> 136 

* FSM state operations: 

State 1 <SV = 0> <Delay = 6.16>
ST_1 : Operation 199 [1/1] (0.00ns)   --->   "%W_in_read = read i16 @_ssdm_op_Read.ap_auto.i16, i16 %W_in"   --->   Operation 199 'read' 'W_in_read' <Predicate = true> <Delay = 0.00>
ST_1 : Operation 200 [1/1] (0.00ns)   --->   "%stride_read = read i8 @_ssdm_op_Read.ap_auto.i8, i8 %stride"   --->   Operation 200 'read' 'stride_read' <Predicate = true> <Delay = 0.00>
ST_1 : Operation 201 [1/1] (0.00ns)   --->   "%kernel_size_read = read i8 @_ssdm_op_Read.ap_auto.i8, i8 %kernel_size"   --->   Operation 201 'read' 'kernel_size_read' <Predicate = true> <Delay = 0.00>
ST_1 : Operation 202 [1/1] (0.00ns)   --->   "%H_in_read = read i16 @_ssdm_op_Read.ap_auto.i16, i16 %H_in"   --->   Operation 202 'read' 'H_in_read' <Predicate = true> <Delay = 0.00>
ST_1 : Operation 203 [1/1] (0.00ns)   --->   "%padding_read = read i8 @_ssdm_op_Read.ap_auto.i8, i8 %padding"   --->   Operation 203 'read' 'padding_read' <Predicate = true> <Delay = 0.00>
ST_1 : Operation 204 [1/1] (0.00ns)   --->   "%bn_params = alloca i64 1" [../ip/ip6/conv_bn_relu.cpp:75]   --->   Operation 204 'alloca' 'bn_params' <Predicate = true> <Delay = 0.00> <CoreInst = "RAM">   --->   Core 82 'RAM' <Latency = 1> <II = 1> <Delay = 2.77> <Storage> <Opcode : 'load' 'store'> <Ports = 2> <Width = 64> <Depth = 128> <RAM>
ST_1 : Operation 205 [1/1] (0.00ns)   --->   "%bn_params_1 = alloca i64 1" [../ip/ip6/conv_bn_relu.cpp:75]   --->   Operation 205 'alloca' 'bn_params_1' <Predicate = true> <Delay = 0.00> <CoreInst = "RAM">   --->   Core 82 'RAM' <Latency = 1> <II = 1> <Delay = 2.77> <Storage> <Opcode : 'load' 'store'> <Ports = 2> <Width = 64> <Depth = 128> <RAM>
ST_1 : Operation 206 [1/1] (0.00ns)   --->   "%bn_params_2 = alloca i64 1" [../ip/ip6/conv_bn_relu.cpp:75]   --->   Operation 206 'alloca' 'bn_params_2' <Predicate = true> <Delay = 0.00> <CoreInst = "RAM">   --->   Core 82 'RAM' <Latency = 1> <II = 1> <Delay = 2.77> <Storage> <Opcode : 'load' 'store'> <Ports = 2> <Width = 64> <Depth = 128> <RAM>
ST_1 : Operation 207 [1/1] (0.00ns)   --->   "%bn_params_3 = alloca i64 1" [../ip/ip6/conv_bn_relu.cpp:75]   --->   Operation 207 'alloca' 'bn_params_3' <Predicate = true> <Delay = 0.00> <CoreInst = "RAM">   --->   Core 82 'RAM' <Latency = 1> <II = 1> <Delay = 2.77> <Storage> <Opcode : 'load' 'store'> <Ports = 2> <Width = 64> <Depth = 128> <RAM>
ST_1 : Operation 208 [1/1] (0.00ns)   --->   "%bn_params_4 = alloca i64 1" [../ip/ip6/conv_bn_relu.cpp:201]   --->   Operation 208 'alloca' 'bn_params_4' <Predicate = true> <Delay = 0.00> <CoreInst = "RAM">   --->   Core 82 'RAM' <Latency = 1> <II = 1> <Delay = 2.77> <Storage> <Opcode : 'load' 'store'> <Ports = 2> <Width = 64> <Depth = 128> <RAM>
ST_1 : Operation 209 [1/1] (0.00ns)   --->   "%bn_params_5 = alloca i64 1" [../ip/ip6/conv_bn_relu.cpp:201]   --->   Operation 209 'alloca' 'bn_params_5' <Predicate = true> <Delay = 0.00> <CoreInst = "RAM">   --->   Core 82 'RAM' <Latency = 1> <II = 1> <Delay = 2.77> <Storage> <Opcode : 'load' 'store'> <Ports = 2> <Width = 64> <Depth = 128> <RAM>
ST_1 : Operation 210 [1/1] (0.00ns)   --->   "%bn_params_6 = alloca i64 1" [../ip/ip6/conv_bn_relu.cpp:201]   --->   Operation 210 'alloca' 'bn_params_6' <Predicate = true> <Delay = 0.00> <CoreInst = "RAM">   --->   Core 82 'RAM' <Latency = 1> <II = 1> <Delay = 2.77> <Storage> <Opcode : 'load' 'store'> <Ports = 2> <Width = 64> <Depth = 128> <RAM>
ST_1 : Operation 211 [1/1] (0.00ns)   --->   "%bn_params_7 = alloca i64 1" [../ip/ip6/conv_bn_relu.cpp:201]   --->   Operation 211 'alloca' 'bn_params_7' <Predicate = true> <Delay = 0.00> <CoreInst = "RAM">   --->   Core 82 'RAM' <Latency = 1> <II = 1> <Delay = 2.77> <Storage> <Opcode : 'load' 'store'> <Ports = 2> <Width = 64> <Depth = 128> <RAM>
ST_1 : Operation 212 [1/1] (0.00ns)   --->   "%local_kernel = alloca i64 1" [../ip/ip6/conv_bn_relu.cpp:231]   --->   Operation 212 'alloca' 'local_kernel' <Predicate = true> <Delay = 0.00> <CoreInst = "RAM">   --->   Core 82 'RAM' <Latency = 1> <II = 1> <Delay = 1.75> <Storage> <Opcode : 'load' 'store'> <Ports = 2> <Width = 32> <Depth = 4> <RAM>
ST_1 : Operation 213 [1/1] (0.00ns)   --->   "%local_kernel_1 = alloca i64 1" [../ip/ip6/conv_bn_relu.cpp:231]   --->   Operation 213 'alloca' 'local_kernel_1' <Predicate = true> <Delay = 0.00> <CoreInst = "RAM">   --->   Core 82 'RAM' <Latency = 1> <II = 1> <Delay = 1.75> <Storage> <Opcode : 'load' 'store'> <Ports = 2> <Width = 32> <Depth = 4> <RAM>
ST_1 : Operation 214 [1/1] (0.00ns)   --->   "%local_kernel_2 = alloca i64 1" [../ip/ip6/conv_bn_relu.cpp:231]   --->   Operation 214 'alloca' 'local_kernel_2' <Predicate = true> <Delay = 0.00> <CoreInst = "RAM">   --->   Core 82 'RAM' <Latency = 1> <II = 1> <Delay = 1.75> <Storage> <Opcode : 'load' 'store'> <Ports = 2> <Width = 32> <Depth = 4> <RAM>
ST_1 : Operation 215 [1/1] (0.00ns)   --->   "%local_kernel12 = alloca i64 1" [../ip/ip6/conv_bn_relu.cpp:231]   --->   Operation 215 'alloca' 'local_kernel12' <Predicate = true> <Delay = 0.00> <CoreInst = "RAM">   --->   Core 82 'RAM' <Latency = 1> <II = 1> <Delay = 1.75> <Storage> <Opcode : 'load' 'store'> <Ports = 2> <Width = 32> <Depth = 4> <RAM>
ST_1 : Operation 216 [1/1] (0.00ns)   --->   "%local_feature_in_blk = alloca i64 1" [../ip/ip6/conv_bn_relu.cpp:105]   --->   Operation 216 'alloca' 'local_feature_in_blk' <Predicate = true> <Delay = 0.00> <CoreInst = "RAM">   --->   Core 82 'RAM' <Latency = 1> <II = 1> <Delay = 2.77> <Storage> <Opcode : 'load' 'store'> <Ports = 2> <Width = 32> <Depth = 144> <RAM>
ST_1 : Operation 217 [1/1] (0.00ns)   --->   "%local_feature_in_blk_1 = alloca i64 1" [../ip/ip6/conv_bn_relu.cpp:105]   --->   Operation 217 'alloca' 'local_feature_in_blk_1' <Predicate = true> <Delay = 0.00> <CoreInst = "RAM">   --->   Core 82 'RAM' <Latency = 1> <II = 1> <Delay = 2.77> <Storage> <Opcode : 'load' 'store'> <Ports = 2> <Width = 32> <Depth = 144> <RAM>
ST_1 : Operation 218 [1/1] (0.00ns)   --->   "%local_conv_kernel_blk = alloca i64 1" [../ip/ip6/conv_bn_relu.cpp:106]   --->   Operation 218 'alloca' 'local_conv_kernel_blk' <Predicate = true> <Delay = 0.00> <CoreInst = "RAM">   --->   Core 82 'RAM' <Latency = 1> <II = 1> <Delay = 2.77> <Storage> <Opcode : 'load' 'store'> <Ports = 2> <Width = 32> <Depth = 64> <RAM>
ST_1 : Operation 219 [1/1] (0.00ns)   --->   "%local_conv_kernel_blk_1 = alloca i64 1" [../ip/ip6/conv_bn_relu.cpp:106]   --->   Operation 219 'alloca' 'local_conv_kernel_blk_1' <Predicate = true> <Delay = 0.00> <CoreInst = "RAM">   --->   Core 82 'RAM' <Latency = 1> <II = 1> <Delay = 2.77> <Storage> <Opcode : 'load' 'store'> <Ports = 2> <Width = 32> <Depth = 64> <RAM>
ST_1 : Operation 220 [1/1] (0.00ns)   --->   "%local_conv_kernel_blk_2 = alloca i64 1" [../ip/ip6/conv_bn_relu.cpp:106]   --->   Operation 220 'alloca' 'local_conv_kernel_blk_2' <Predicate = true> <Delay = 0.00> <CoreInst = "RAM">   --->   Core 82 'RAM' <Latency = 1> <II = 1> <Delay = 2.77> <Storage> <Opcode : 'load' 'store'> <Ports = 2> <Width = 32> <Depth = 64> <RAM>
ST_1 : Operation 221 [1/1] (0.00ns)   --->   "%local_conv_kernel_blk_3 = alloca i64 1" [../ip/ip6/conv_bn_relu.cpp:106]   --->   Operation 221 'alloca' 'local_conv_kernel_blk_3' <Predicate = true> <Delay = 0.00> <CoreInst = "RAM">   --->   Core 82 'RAM' <Latency = 1> <II = 1> <Delay = 2.77> <Storage> <Opcode : 'load' 'store'> <Ports = 2> <Width = 32> <Depth = 64> <RAM>
ST_1 : Operation 222 [1/1] (0.00ns)   --->   "%local_conv_kernel_blk_4 = alloca i64 1" [../ip/ip6/conv_bn_relu.cpp:106]   --->   Operation 222 'alloca' 'local_conv_kernel_blk_4' <Predicate = true> <Delay = 0.00> <CoreInst = "RAM">   --->   Core 82 'RAM' <Latency = 1> <II = 1> <Delay = 2.77> <Storage> <Opcode : 'load' 'store'> <Ports = 2> <Width = 32> <Depth = 64> <RAM>
ST_1 : Operation 223 [1/1] (0.00ns)   --->   "%local_conv_kernel_blk_5 = alloca i64 1" [../ip/ip6/conv_bn_relu.cpp:106]   --->   Operation 223 'alloca' 'local_conv_kernel_blk_5' <Predicate = true> <Delay = 0.00> <CoreInst = "RAM">   --->   Core 82 'RAM' <Latency = 1> <II = 1> <Delay = 2.77> <Storage> <Opcode : 'load' 'store'> <Ports = 2> <Width = 32> <Depth = 64> <RAM>
ST_1 : Operation 224 [1/1] (0.00ns)   --->   "%local_conv_kernel_blk_6 = alloca i64 1" [../ip/ip6/conv_bn_relu.cpp:106]   --->   Operation 224 'alloca' 'local_conv_kernel_blk_6' <Predicate = true> <Delay = 0.00> <CoreInst = "RAM">   --->   Core 82 'RAM' <Latency = 1> <II = 1> <Delay = 2.77> <Storage> <Opcode : 'load' 'store'> <Ports = 2> <Width = 32> <Depth = 64> <RAM>
ST_1 : Operation 225 [1/1] (0.00ns)   --->   "%local_conv_kernel_blk_7 = alloca i64 1" [../ip/ip6/conv_bn_relu.cpp:106]   --->   Operation 225 'alloca' 'local_conv_kernel_blk_7' <Predicate = true> <Delay = 0.00> <CoreInst = "RAM">   --->   Core 82 'RAM' <Latency = 1> <II = 1> <Delay = 2.77> <Storage> <Opcode : 'load' 'store'> <Ports = 2> <Width = 32> <Depth = 64> <RAM>
ST_1 : Operation 226 [1/1] (0.00ns)   --->   "%local_conv_kernel_blk_8 = alloca i64 1" [../ip/ip6/conv_bn_relu.cpp:106]   --->   Operation 226 'alloca' 'local_conv_kernel_blk_8' <Predicate = true> <Delay = 0.00> <CoreInst = "RAM">   --->   Core 82 'RAM' <Latency = 1> <II = 1> <Delay = 2.77> <Storage> <Opcode : 'load' 'store'> <Ports = 2> <Width = 32> <Depth = 64> <RAM>
ST_1 : Operation 227 [1/1] (0.00ns)   --->   "%local_conv_kernel_blk_9 = alloca i64 1" [../ip/ip6/conv_bn_relu.cpp:106]   --->   Operation 227 'alloca' 'local_conv_kernel_blk_9' <Predicate = true> <Delay = 0.00> <CoreInst = "RAM">   --->   Core 82 'RAM' <Latency = 1> <II = 1> <Delay = 2.77> <Storage> <Opcode : 'load' 'store'> <Ports = 2> <Width = 32> <Depth = 64> <RAM>
ST_1 : Operation 228 [1/1] (0.00ns)   --->   "%local_conv_kernel_blk_10 = alloca i64 1" [../ip/ip6/conv_bn_relu.cpp:106]   --->   Operation 228 'alloca' 'local_conv_kernel_blk_10' <Predicate = true> <Delay = 0.00> <CoreInst = "RAM">   --->   Core 82 'RAM' <Latency = 1> <II = 1> <Delay = 2.77> <Storage> <Opcode : 'load' 'store'> <Ports = 2> <Width = 32> <Depth = 64> <RAM>
ST_1 : Operation 229 [1/1] (0.00ns)   --->   "%local_conv_kernel_blk_11 = alloca i64 1" [../ip/ip6/conv_bn_relu.cpp:106]   --->   Operation 229 'alloca' 'local_conv_kernel_blk_11' <Predicate = true> <Delay = 0.00> <CoreInst = "RAM">   --->   Core 82 'RAM' <Latency = 1> <II = 1> <Delay = 2.77> <Storage> <Opcode : 'load' 'store'> <Ports = 2> <Width = 32> <Depth = 64> <RAM>
ST_1 : Operation 230 [1/1] (0.00ns)   --->   "%shl_ln = bitconcatenate i9 @_ssdm_op_BitConcatenate.i9.i8.i1, i8 %padding_read, i1 0"   --->   Operation 230 'bitconcatenate' 'shl_ln' <Predicate = true> <Delay = 0.00>
ST_1 : Operation 231 [1/1] (0.00ns)   --->   "%zext_ln1495 = zext i9 %shl_ln"   --->   Operation 231 'zext' 'zext_ln1495' <Predicate = true> <Delay = 0.00>
ST_1 : Operation 232 [1/1] (0.00ns)   --->   "%zext_ln1496 = zext i16 %H_in_read"   --->   Operation 232 'zext' 'zext_ln1496' <Predicate = true> <Delay = 0.00>
ST_1 : Operation 233 [1/1] (1.54ns)   --->   "%add_ln1496 = add i17 %zext_ln1496, i17 %zext_ln1495"   --->   Operation 233 'add' 'add_ln1496' <Predicate = true> <Delay = 1.54> <CoreInst = "Adder">   --->   Core 1 'Adder' <Latency = 0> <II = 1> <Delay = 1.54> <FuncUnit> <Opcode : 'add' 'sub'> <InPorts = 2> <OutPorts = 1>
ST_1 : Operation 234 [1/1] (0.00ns)   --->   "%zext_ln1496_1 = zext i17 %add_ln1496"   --->   Operation 234 'zext' 'zext_ln1496_1' <Predicate = true> <Delay = 0.00>
ST_1 : Operation 235 [1/1] (0.00ns)   --->   "%zext_ln1513 = zext i8 %kernel_size_read"   --->   Operation 235 'zext' 'zext_ln1513' <Predicate = true> <Delay = 0.00>
ST_1 : Operation 236 [1/1] (1.55ns)   --->   "%sub_ln1513 = sub i18 %zext_ln1496_1, i18 %zext_ln1513"   --->   Operation 236 'sub' 'sub_ln1513' <Predicate = true> <Delay = 1.55> <CoreInst = "Adder">   --->   Core 1 'Adder' <Latency = 0> <II = 1> <Delay = 1.55> <FuncUnit> <Opcode : 'add' 'sub'> <InPorts = 2> <OutPorts = 1>
ST_1 : Operation 237 [1/1] (0.00ns)   --->   "%zext_ln1513_1 = zext i8 %stride_read"   --->   Operation 237 'zext' 'zext_ln1513_1' <Predicate = true> <Delay = 0.00>
ST_1 : Operation 238 [22/22] (3.06ns)   --->   "%sdiv_ln1513 = sdiv i18 %sub_ln1513, i18 %zext_ln1513_1"   --->   Operation 238 'sdiv' 'sdiv_ln1513' <Predicate = true> <Delay = 3.06> <CoreInst = "DivnS_SEQ">   --->   Core 7 'DivnS_SEQ' <Latency = 21> <II = 16> <Delay = 3.06> <FuncUnit> <Opcode : 'sdiv' 'srem' 'udiv' 'urem'> <InPorts = 2> <OutPorts = 1>
ST_1 : Operation 239 [1/1] (0.00ns)   --->   "%zext_ln1496_2 = zext i16 %W_in_read"   --->   Operation 239 'zext' 'zext_ln1496_2' <Predicate = true> <Delay = 0.00>
ST_1 : Operation 240 [1/1] (1.54ns)   --->   "%add_ln1496_1 = add i17 %zext_ln1496_2, i17 %zext_ln1495"   --->   Operation 240 'add' 'add_ln1496_1' <Predicate = true> <Delay = 1.54> <CoreInst = "Adder">   --->   Core 1 'Adder' <Latency = 0> <II = 1> <Delay = 1.54> <FuncUnit> <Opcode : 'add' 'sub'> <InPorts = 2> <OutPorts = 1>
ST_1 : Operation 241 [1/1] (0.00ns)   --->   "%zext_ln1513_2 = zext i17 %add_ln1496_1"   --->   Operation 241 'zext' 'zext_ln1513_2' <Predicate = true> <Delay = 0.00>
ST_1 : Operation 242 [1/1] (1.55ns)   --->   "%sub_ln1513_1 = sub i18 %zext_ln1513_2, i18 %zext_ln1513"   --->   Operation 242 'sub' 'sub_ln1513_1' <Predicate = true> <Delay = 1.55> <CoreInst = "Adder">   --->   Core 1 'Adder' <Latency = 0> <II = 1> <Delay = 1.55> <FuncUnit> <Opcode : 'add' 'sub'> <InPorts = 2> <OutPorts = 1>
ST_1 : Operation 243 [22/22] (3.06ns)   --->   "%sdiv_ln1513_1 = sdiv i18 %sub_ln1513_1, i18 %zext_ln1513_1"   --->   Operation 243 'sdiv' 'sdiv_ln1513_1' <Predicate = true> <Delay = 3.06> <CoreInst = "DivnS_SEQ">   --->   Core 7 'DivnS_SEQ' <Latency = 21> <II = 16> <Delay = 3.06> <FuncUnit> <Opcode : 'sdiv' 'srem' 'udiv' 'urem'> <InPorts = 2> <OutPorts = 1>

State 2 <SV = 1> <Delay = 3.06>
ST_2 : Operation 244 [21/22] (3.06ns)   --->   "%sdiv_ln1513 = sdiv i18 %sub_ln1513, i18 %zext_ln1513_1"   --->   Operation 244 'sdiv' 'sdiv_ln1513' <Predicate = true> <Delay = 3.06> <CoreInst = "DivnS_SEQ">   --->   Core 7 'DivnS_SEQ' <Latency = 21> <II = 16> <Delay = 3.06> <FuncUnit> <Opcode : 'sdiv' 'srem' 'udiv' 'urem'> <InPorts = 2> <OutPorts = 1>
ST_2 : Operation 245 [21/22] (3.06ns)   --->   "%sdiv_ln1513_1 = sdiv i18 %sub_ln1513_1, i18 %zext_ln1513_1"   --->   Operation 245 'sdiv' 'sdiv_ln1513_1' <Predicate = true> <Delay = 3.06> <CoreInst = "DivnS_SEQ">   --->   Core 7 'DivnS_SEQ' <Latency = 21> <II = 16> <Delay = 3.06> <FuncUnit> <Opcode : 'sdiv' 'srem' 'udiv' 'urem'> <InPorts = 2> <OutPorts = 1>

State 3 <SV = 2> <Delay = 3.06>
ST_3 : Operation 246 [20/22] (3.06ns)   --->   "%sdiv_ln1513 = sdiv i18 %sub_ln1513, i18 %zext_ln1513_1"   --->   Operation 246 'sdiv' 'sdiv_ln1513' <Predicate = true> <Delay = 3.06> <CoreInst = "DivnS_SEQ">   --->   Core 7 'DivnS_SEQ' <Latency = 21> <II = 16> <Delay = 3.06> <FuncUnit> <Opcode : 'sdiv' 'srem' 'udiv' 'urem'> <InPorts = 2> <OutPorts = 1>
ST_3 : Operation 247 [20/22] (3.06ns)   --->   "%sdiv_ln1513_1 = sdiv i18 %sub_ln1513_1, i18 %zext_ln1513_1"   --->   Operation 247 'sdiv' 'sdiv_ln1513_1' <Predicate = true> <Delay = 3.06> <CoreInst = "DivnS_SEQ">   --->   Core 7 'DivnS_SEQ' <Latency = 21> <II = 16> <Delay = 3.06> <FuncUnit> <Opcode : 'sdiv' 'srem' 'udiv' 'urem'> <InPorts = 2> <OutPorts = 1>

State 4 <SV = 3> <Delay = 3.06>
ST_4 : Operation 248 [19/22] (3.06ns)   --->   "%sdiv_ln1513 = sdiv i18 %sub_ln1513, i18 %zext_ln1513_1"   --->   Operation 248 'sdiv' 'sdiv_ln1513' <Predicate = true> <Delay = 3.06> <CoreInst = "DivnS_SEQ">   --->   Core 7 'DivnS_SEQ' <Latency = 21> <II = 16> <Delay = 3.06> <FuncUnit> <Opcode : 'sdiv' 'srem' 'udiv' 'urem'> <InPorts = 2> <OutPorts = 1>
ST_4 : Operation 249 [19/22] (3.06ns)   --->   "%sdiv_ln1513_1 = sdiv i18 %sub_ln1513_1, i18 %zext_ln1513_1"   --->   Operation 249 'sdiv' 'sdiv_ln1513_1' <Predicate = true> <Delay = 3.06> <CoreInst = "DivnS_SEQ">   --->   Core 7 'DivnS_SEQ' <Latency = 21> <II = 16> <Delay = 3.06> <FuncUnit> <Opcode : 'sdiv' 'srem' 'udiv' 'urem'> <InPorts = 2> <OutPorts = 1>

State 5 <SV = 4> <Delay = 3.06>
ST_5 : Operation 250 [18/22] (3.06ns)   --->   "%sdiv_ln1513 = sdiv i18 %sub_ln1513, i18 %zext_ln1513_1"   --->   Operation 250 'sdiv' 'sdiv_ln1513' <Predicate = true> <Delay = 3.06> <CoreInst = "DivnS_SEQ">   --->   Core 7 'DivnS_SEQ' <Latency = 21> <II = 16> <Delay = 3.06> <FuncUnit> <Opcode : 'sdiv' 'srem' 'udiv' 'urem'> <InPorts = 2> <OutPorts = 1>
ST_5 : Operation 251 [18/22] (3.06ns)   --->   "%sdiv_ln1513_1 = sdiv i18 %sub_ln1513_1, i18 %zext_ln1513_1"   --->   Operation 251 'sdiv' 'sdiv_ln1513_1' <Predicate = true> <Delay = 3.06> <CoreInst = "DivnS_SEQ">   --->   Core 7 'DivnS_SEQ' <Latency = 21> <II = 16> <Delay = 3.06> <FuncUnit> <Opcode : 'sdiv' 'srem' 'udiv' 'urem'> <InPorts = 2> <OutPorts = 1>

State 6 <SV = 5> <Delay = 3.06>
ST_6 : Operation 252 [17/22] (3.06ns)   --->   "%sdiv_ln1513 = sdiv i18 %sub_ln1513, i18 %zext_ln1513_1"   --->   Operation 252 'sdiv' 'sdiv_ln1513' <Predicate = true> <Delay = 3.06> <CoreInst = "DivnS_SEQ">   --->   Core 7 'DivnS_SEQ' <Latency = 21> <II = 16> <Delay = 3.06> <FuncUnit> <Opcode : 'sdiv' 'srem' 'udiv' 'urem'> <InPorts = 2> <OutPorts = 1>
ST_6 : Operation 253 [17/22] (3.06ns)   --->   "%sdiv_ln1513_1 = sdiv i18 %sub_ln1513_1, i18 %zext_ln1513_1"   --->   Operation 253 'sdiv' 'sdiv_ln1513_1' <Predicate = true> <Delay = 3.06> <CoreInst = "DivnS_SEQ">   --->   Core 7 'DivnS_SEQ' <Latency = 21> <II = 16> <Delay = 3.06> <FuncUnit> <Opcode : 'sdiv' 'srem' 'udiv' 'urem'> <InPorts = 2> <OutPorts = 1>

State 7 <SV = 6> <Delay = 3.06>
ST_7 : Operation 254 [16/22] (3.06ns)   --->   "%sdiv_ln1513 = sdiv i18 %sub_ln1513, i18 %zext_ln1513_1"   --->   Operation 254 'sdiv' 'sdiv_ln1513' <Predicate = true> <Delay = 3.06> <CoreInst = "DivnS_SEQ">   --->   Core 7 'DivnS_SEQ' <Latency = 21> <II = 16> <Delay = 3.06> <FuncUnit> <Opcode : 'sdiv' 'srem' 'udiv' 'urem'> <InPorts = 2> <OutPorts = 1>
ST_7 : Operation 255 [16/22] (3.06ns)   --->   "%sdiv_ln1513_1 = sdiv i18 %sub_ln1513_1, i18 %zext_ln1513_1"   --->   Operation 255 'sdiv' 'sdiv_ln1513_1' <Predicate = true> <Delay = 3.06> <CoreInst = "DivnS_SEQ">   --->   Core 7 'DivnS_SEQ' <Latency = 21> <II = 16> <Delay = 3.06> <FuncUnit> <Opcode : 'sdiv' 'srem' 'udiv' 'urem'> <InPorts = 2> <OutPorts = 1>

State 8 <SV = 7> <Delay = 3.06>
ST_8 : Operation 256 [15/22] (3.06ns)   --->   "%sdiv_ln1513 = sdiv i18 %sub_ln1513, i18 %zext_ln1513_1"   --->   Operation 256 'sdiv' 'sdiv_ln1513' <Predicate = true> <Delay = 3.06> <CoreInst = "DivnS_SEQ">   --->   Core 7 'DivnS_SEQ' <Latency = 21> <II = 16> <Delay = 3.06> <FuncUnit> <Opcode : 'sdiv' 'srem' 'udiv' 'urem'> <InPorts = 2> <OutPorts = 1>
ST_8 : Operation 257 [15/22] (3.06ns)   --->   "%sdiv_ln1513_1 = sdiv i18 %sub_ln1513_1, i18 %zext_ln1513_1"   --->   Operation 257 'sdiv' 'sdiv_ln1513_1' <Predicate = true> <Delay = 3.06> <CoreInst = "DivnS_SEQ">   --->   Core 7 'DivnS_SEQ' <Latency = 21> <II = 16> <Delay = 3.06> <FuncUnit> <Opcode : 'sdiv' 'srem' 'udiv' 'urem'> <InPorts = 2> <OutPorts = 1>

State 9 <SV = 8> <Delay = 3.06>
ST_9 : Operation 258 [14/22] (3.06ns)   --->   "%sdiv_ln1513 = sdiv i18 %sub_ln1513, i18 %zext_ln1513_1"   --->   Operation 258 'sdiv' 'sdiv_ln1513' <Predicate = true> <Delay = 3.06> <CoreInst = "DivnS_SEQ">   --->   Core 7 'DivnS_SEQ' <Latency = 21> <II = 16> <Delay = 3.06> <FuncUnit> <Opcode : 'sdiv' 'srem' 'udiv' 'urem'> <InPorts = 2> <OutPorts = 1>
ST_9 : Operation 259 [14/22] (3.06ns)   --->   "%sdiv_ln1513_1 = sdiv i18 %sub_ln1513_1, i18 %zext_ln1513_1"   --->   Operation 259 'sdiv' 'sdiv_ln1513_1' <Predicate = true> <Delay = 3.06> <CoreInst = "DivnS_SEQ">   --->   Core 7 'DivnS_SEQ' <Latency = 21> <II = 16> <Delay = 3.06> <FuncUnit> <Opcode : 'sdiv' 'srem' 'udiv' 'urem'> <InPorts = 2> <OutPorts = 1>

State 10 <SV = 9> <Delay = 3.06>
ST_10 : Operation 260 [13/22] (3.06ns)   --->   "%sdiv_ln1513 = sdiv i18 %sub_ln1513, i18 %zext_ln1513_1"   --->   Operation 260 'sdiv' 'sdiv_ln1513' <Predicate = true> <Delay = 3.06> <CoreInst = "DivnS_SEQ">   --->   Core 7 'DivnS_SEQ' <Latency = 21> <II = 16> <Delay = 3.06> <FuncUnit> <Opcode : 'sdiv' 'srem' 'udiv' 'urem'> <InPorts = 2> <OutPorts = 1>
ST_10 : Operation 261 [13/22] (3.06ns)   --->   "%sdiv_ln1513_1 = sdiv i18 %sub_ln1513_1, i18 %zext_ln1513_1"   --->   Operation 261 'sdiv' 'sdiv_ln1513_1' <Predicate = true> <Delay = 3.06> <CoreInst = "DivnS_SEQ">   --->   Core 7 'DivnS_SEQ' <Latency = 21> <II = 16> <Delay = 3.06> <FuncUnit> <Opcode : 'sdiv' 'srem' 'udiv' 'urem'> <InPorts = 2> <OutPorts = 1>

State 11 <SV = 10> <Delay = 3.06>
ST_11 : Operation 262 [12/22] (3.06ns)   --->   "%sdiv_ln1513 = sdiv i18 %sub_ln1513, i18 %zext_ln1513_1"   --->   Operation 262 'sdiv' 'sdiv_ln1513' <Predicate = true> <Delay = 3.06> <CoreInst = "DivnS_SEQ">   --->   Core 7 'DivnS_SEQ' <Latency = 21> <II = 16> <Delay = 3.06> <FuncUnit> <Opcode : 'sdiv' 'srem' 'udiv' 'urem'> <InPorts = 2> <OutPorts = 1>
ST_11 : Operation 263 [12/22] (3.06ns)   --->   "%sdiv_ln1513_1 = sdiv i18 %sub_ln1513_1, i18 %zext_ln1513_1"   --->   Operation 263 'sdiv' 'sdiv_ln1513_1' <Predicate = true> <Delay = 3.06> <CoreInst = "DivnS_SEQ">   --->   Core 7 'DivnS_SEQ' <Latency = 21> <II = 16> <Delay = 3.06> <FuncUnit> <Opcode : 'sdiv' 'srem' 'udiv' 'urem'> <InPorts = 2> <OutPorts = 1>

State 12 <SV = 11> <Delay = 3.06>
ST_12 : Operation 264 [11/22] (3.06ns)   --->   "%sdiv_ln1513 = sdiv i18 %sub_ln1513, i18 %zext_ln1513_1"   --->   Operation 264 'sdiv' 'sdiv_ln1513' <Predicate = true> <Delay = 3.06> <CoreInst = "DivnS_SEQ">   --->   Core 7 'DivnS_SEQ' <Latency = 21> <II = 16> <Delay = 3.06> <FuncUnit> <Opcode : 'sdiv' 'srem' 'udiv' 'urem'> <InPorts = 2> <OutPorts = 1>
ST_12 : Operation 265 [11/22] (3.06ns)   --->   "%sdiv_ln1513_1 = sdiv i18 %sub_ln1513_1, i18 %zext_ln1513_1"   --->   Operation 265 'sdiv' 'sdiv_ln1513_1' <Predicate = true> <Delay = 3.06> <CoreInst = "DivnS_SEQ">   --->   Core 7 'DivnS_SEQ' <Latency = 21> <II = 16> <Delay = 3.06> <FuncUnit> <Opcode : 'sdiv' 'srem' 'udiv' 'urem'> <InPorts = 2> <OutPorts = 1>

State 13 <SV = 12> <Delay = 3.06>
ST_13 : Operation 266 [10/22] (3.06ns)   --->   "%sdiv_ln1513 = sdiv i18 %sub_ln1513, i18 %zext_ln1513_1"   --->   Operation 266 'sdiv' 'sdiv_ln1513' <Predicate = true> <Delay = 3.06> <CoreInst = "DivnS_SEQ">   --->   Core 7 'DivnS_SEQ' <Latency = 21> <II = 16> <Delay = 3.06> <FuncUnit> <Opcode : 'sdiv' 'srem' 'udiv' 'urem'> <InPorts = 2> <OutPorts = 1>
ST_13 : Operation 267 [10/22] (3.06ns)   --->   "%sdiv_ln1513_1 = sdiv i18 %sub_ln1513_1, i18 %zext_ln1513_1"   --->   Operation 267 'sdiv' 'sdiv_ln1513_1' <Predicate = true> <Delay = 3.06> <CoreInst = "DivnS_SEQ">   --->   Core 7 'DivnS_SEQ' <Latency = 21> <II = 16> <Delay = 3.06> <FuncUnit> <Opcode : 'sdiv' 'srem' 'udiv' 'urem'> <InPorts = 2> <OutPorts = 1>

State 14 <SV = 13> <Delay = 3.06>
ST_14 : Operation 268 [9/22] (3.06ns)   --->   "%sdiv_ln1513 = sdiv i18 %sub_ln1513, i18 %zext_ln1513_1"   --->   Operation 268 'sdiv' 'sdiv_ln1513' <Predicate = true> <Delay = 3.06> <CoreInst = "DivnS_SEQ">   --->   Core 7 'DivnS_SEQ' <Latency = 21> <II = 16> <Delay = 3.06> <FuncUnit> <Opcode : 'sdiv' 'srem' 'udiv' 'urem'> <InPorts = 2> <OutPorts = 1>
ST_14 : Operation 269 [9/22] (3.06ns)   --->   "%sdiv_ln1513_1 = sdiv i18 %sub_ln1513_1, i18 %zext_ln1513_1"   --->   Operation 269 'sdiv' 'sdiv_ln1513_1' <Predicate = true> <Delay = 3.06> <CoreInst = "DivnS_SEQ">   --->   Core 7 'DivnS_SEQ' <Latency = 21> <II = 16> <Delay = 3.06> <FuncUnit> <Opcode : 'sdiv' 'srem' 'udiv' 'urem'> <InPorts = 2> <OutPorts = 1>

State 15 <SV = 14> <Delay = 3.06>
ST_15 : Operation 270 [8/22] (3.06ns)   --->   "%sdiv_ln1513 = sdiv i18 %sub_ln1513, i18 %zext_ln1513_1"   --->   Operation 270 'sdiv' 'sdiv_ln1513' <Predicate = true> <Delay = 3.06> <CoreInst = "DivnS_SEQ">   --->   Core 7 'DivnS_SEQ' <Latency = 21> <II = 16> <Delay = 3.06> <FuncUnit> <Opcode : 'sdiv' 'srem' 'udiv' 'urem'> <InPorts = 2> <OutPorts = 1>
ST_15 : Operation 271 [8/22] (3.06ns)   --->   "%sdiv_ln1513_1 = sdiv i18 %sub_ln1513_1, i18 %zext_ln1513_1"   --->   Operation 271 'sdiv' 'sdiv_ln1513_1' <Predicate = true> <Delay = 3.06> <CoreInst = "DivnS_SEQ">   --->   Core 7 'DivnS_SEQ' <Latency = 21> <II = 16> <Delay = 3.06> <FuncUnit> <Opcode : 'sdiv' 'srem' 'udiv' 'urem'> <InPorts = 2> <OutPorts = 1>

State 16 <SV = 15> <Delay = 3.06>
ST_16 : Operation 272 [7/22] (3.06ns)   --->   "%sdiv_ln1513 = sdiv i18 %sub_ln1513, i18 %zext_ln1513_1"   --->   Operation 272 'sdiv' 'sdiv_ln1513' <Predicate = true> <Delay = 3.06> <CoreInst = "DivnS_SEQ">   --->   Core 7 'DivnS_SEQ' <Latency = 21> <II = 16> <Delay = 3.06> <FuncUnit> <Opcode : 'sdiv' 'srem' 'udiv' 'urem'> <InPorts = 2> <OutPorts = 1>
ST_16 : Operation 273 [7/22] (3.06ns)   --->   "%sdiv_ln1513_1 = sdiv i18 %sub_ln1513_1, i18 %zext_ln1513_1"   --->   Operation 273 'sdiv' 'sdiv_ln1513_1' <Predicate = true> <Delay = 3.06> <CoreInst = "DivnS_SEQ">   --->   Core 7 'DivnS_SEQ' <Latency = 21> <II = 16> <Delay = 3.06> <FuncUnit> <Opcode : 'sdiv' 'srem' 'udiv' 'urem'> <InPorts = 2> <OutPorts = 1>

State 17 <SV = 16> <Delay = 3.06>
ST_17 : Operation 274 [6/22] (3.06ns)   --->   "%sdiv_ln1513 = sdiv i18 %sub_ln1513, i18 %zext_ln1513_1"   --->   Operation 274 'sdiv' 'sdiv_ln1513' <Predicate = true> <Delay = 3.06> <CoreInst = "DivnS_SEQ">   --->   Core 7 'DivnS_SEQ' <Latency = 21> <II = 16> <Delay = 3.06> <FuncUnit> <Opcode : 'sdiv' 'srem' 'udiv' 'urem'> <InPorts = 2> <OutPorts = 1>
ST_17 : Operation 275 [6/22] (3.06ns)   --->   "%sdiv_ln1513_1 = sdiv i18 %sub_ln1513_1, i18 %zext_ln1513_1"   --->   Operation 275 'sdiv' 'sdiv_ln1513_1' <Predicate = true> <Delay = 3.06> <CoreInst = "DivnS_SEQ">   --->   Core 7 'DivnS_SEQ' <Latency = 21> <II = 16> <Delay = 3.06> <FuncUnit> <Opcode : 'sdiv' 'srem' 'udiv' 'urem'> <InPorts = 2> <OutPorts = 1>

State 18 <SV = 17> <Delay = 3.06>
ST_18 : Operation 276 [5/22] (3.06ns)   --->   "%sdiv_ln1513 = sdiv i18 %sub_ln1513, i18 %zext_ln1513_1"   --->   Operation 276 'sdiv' 'sdiv_ln1513' <Predicate = true> <Delay = 3.06> <CoreInst = "DivnS_SEQ">   --->   Core 7 'DivnS_SEQ' <Latency = 21> <II = 16> <Delay = 3.06> <FuncUnit> <Opcode : 'sdiv' 'srem' 'udiv' 'urem'> <InPorts = 2> <OutPorts = 1>
ST_18 : Operation 277 [5/22] (3.06ns)   --->   "%sdiv_ln1513_1 = sdiv i18 %sub_ln1513_1, i18 %zext_ln1513_1"   --->   Operation 277 'sdiv' 'sdiv_ln1513_1' <Predicate = true> <Delay = 3.06> <CoreInst = "DivnS_SEQ">   --->   Core 7 'DivnS_SEQ' <Latency = 21> <II = 16> <Delay = 3.06> <FuncUnit> <Opcode : 'sdiv' 'srem' 'udiv' 'urem'> <InPorts = 2> <OutPorts = 1>

State 19 <SV = 18> <Delay = 3.06>
ST_19 : Operation 278 [4/22] (3.06ns)   --->   "%sdiv_ln1513 = sdiv i18 %sub_ln1513, i18 %zext_ln1513_1"   --->   Operation 278 'sdiv' 'sdiv_ln1513' <Predicate = true> <Delay = 3.06> <CoreInst = "DivnS_SEQ">   --->   Core 7 'DivnS_SEQ' <Latency = 21> <II = 16> <Delay = 3.06> <FuncUnit> <Opcode : 'sdiv' 'srem' 'udiv' 'urem'> <InPorts = 2> <OutPorts = 1>
ST_19 : Operation 279 [4/22] (3.06ns)   --->   "%sdiv_ln1513_1 = sdiv i18 %sub_ln1513_1, i18 %zext_ln1513_1"   --->   Operation 279 'sdiv' 'sdiv_ln1513_1' <Predicate = true> <Delay = 3.06> <CoreInst = "DivnS_SEQ">   --->   Core 7 'DivnS_SEQ' <Latency = 21> <II = 16> <Delay = 3.06> <FuncUnit> <Opcode : 'sdiv' 'srem' 'udiv' 'urem'> <InPorts = 2> <OutPorts = 1>

State 20 <SV = 19> <Delay = 3.06>
ST_20 : Operation 280 [3/22] (3.06ns)   --->   "%sdiv_ln1513 = sdiv i18 %sub_ln1513, i18 %zext_ln1513_1"   --->   Operation 280 'sdiv' 'sdiv_ln1513' <Predicate = true> <Delay = 3.06> <CoreInst = "DivnS_SEQ">   --->   Core 7 'DivnS_SEQ' <Latency = 21> <II = 16> <Delay = 3.06> <FuncUnit> <Opcode : 'sdiv' 'srem' 'udiv' 'urem'> <InPorts = 2> <OutPorts = 1>
ST_20 : Operation 281 [3/22] (3.06ns)   --->   "%sdiv_ln1513_1 = sdiv i18 %sub_ln1513_1, i18 %zext_ln1513_1"   --->   Operation 281 'sdiv' 'sdiv_ln1513_1' <Predicate = true> <Delay = 3.06> <CoreInst = "DivnS_SEQ">   --->   Core 7 'DivnS_SEQ' <Latency = 21> <II = 16> <Delay = 3.06> <FuncUnit> <Opcode : 'sdiv' 'srem' 'udiv' 'urem'> <InPorts = 2> <OutPorts = 1>

State 21 <SV = 20> <Delay = 3.06>
ST_21 : Operation 282 [2/22] (3.06ns)   --->   "%sdiv_ln1513 = sdiv i18 %sub_ln1513, i18 %zext_ln1513_1"   --->   Operation 282 'sdiv' 'sdiv_ln1513' <Predicate = true> <Delay = 3.06> <CoreInst = "DivnS_SEQ">   --->   Core 7 'DivnS_SEQ' <Latency = 21> <II = 16> <Delay = 3.06> <FuncUnit> <Opcode : 'sdiv' 'srem' 'udiv' 'urem'> <InPorts = 2> <OutPorts = 1>
ST_21 : Operation 283 [2/22] (3.06ns)   --->   "%sdiv_ln1513_1 = sdiv i18 %sub_ln1513_1, i18 %zext_ln1513_1"   --->   Operation 283 'sdiv' 'sdiv_ln1513_1' <Predicate = true> <Delay = 3.06> <CoreInst = "DivnS_SEQ">   --->   Core 7 'DivnS_SEQ' <Latency = 21> <II = 16> <Delay = 3.06> <FuncUnit> <Opcode : 'sdiv' 'srem' 'udiv' 'urem'> <InPorts = 2> <OutPorts = 1>

State 22 <SV = 21> <Delay = 4.60>
ST_22 : Operation 284 [1/1] (0.00ns)   --->   "%specinterface_ln0 = specinterface void @_ssdm_op_SpecInterface, i32 %gmem0, void @empty_29, i32 0, i32 0, void @empty_43, i32 0, i32 2147483647, void @empty_48, void @empty_45, void @empty_43, i32 16, i32 16, i32 16, i32 16, void @empty_43, void @empty_43, i32 4294967295, i32 0"   --->   Operation 284 'specinterface' 'specinterface_ln0' <Predicate = true> <Delay = 0.00>
ST_22 : Operation 285 [1/1] (0.00ns)   --->   "%specinterface_ln0 = specinterface void @_ssdm_op_SpecInterface, i32 %gmem3, void @empty_29, i32 0, i32 0, void @empty_43, i32 0, i32 2147483647, void @empty_47, void @empty_45, void @empty_43, i32 16, i32 16, i32 16, i32 16, void @empty_43, void @empty_43, i32 4294967295, i32 0"   --->   Operation 285 'specinterface' 'specinterface_ln0' <Predicate = true> <Delay = 0.00>
ST_22 : Operation 286 [1/1] (0.00ns)   --->   "%specinterface_ln0 = specinterface void @_ssdm_op_SpecInterface, i32 %gmem2, void @empty_29, i32 0, i32 0, void @empty_43, i32 0, i32 2147483647, void @empty_46, void @empty_45, void @empty_43, i32 16, i32 16, i32 16, i32 16, void @empty_43, void @empty_43, i32 4294967295, i32 0"   --->   Operation 286 'specinterface' 'specinterface_ln0' <Predicate = true> <Delay = 0.00>
ST_22 : Operation 287 [1/1] (0.00ns)   --->   "%specinterface_ln0 = specinterface void @_ssdm_op_SpecInterface, i32 %gmem1, void @empty_29, i32 0, i32 0, void @empty_43, i32 0, i32 2147483647, void @empty_44, void @empty_45, void @empty_43, i32 16, i32 16, i32 16, i32 16, void @empty_43, void @empty_43, i32 4294967295, i32 0"   --->   Operation 287 'specinterface' 'specinterface_ln0' <Predicate = true> <Delay = 0.00>
ST_22 : Operation 288 [1/1] (0.00ns)   --->   "%feature_in_read = read i64 @_ssdm_op_Read.ap_auto.i64, i64 %feature_in"   --->   Operation 288 'read' 'feature_in_read' <Predicate = true> <Delay = 0.00>
ST_22 : Operation 289 [1/1] (0.00ns)   --->   "%feature_out_read = read i64 @_ssdm_op_Read.ap_auto.i64, i64 %feature_out"   --->   Operation 289 'read' 'feature_out_read' <Predicate = true> <Delay = 0.00>
ST_22 : Operation 290 [1/1] (0.00ns)   --->   "%conv_kernel_read = read i64 @_ssdm_op_Read.ap_auto.i64, i64 %conv_kernel"   --->   Operation 290 'read' 'conv_kernel_read' <Predicate = true> <Delay = 0.00>
ST_22 : Operation 291 [1/1] (0.00ns)   --->   "%bn_mean_read = read i64 @_ssdm_op_Read.ap_auto.i64, i64 %bn_mean"   --->   Operation 291 'read' 'bn_mean_read' <Predicate = true> <Delay = 0.00>
ST_22 : Operation 292 [1/1] (0.00ns)   --->   "%bn_beta_read = read i64 @_ssdm_op_Read.ap_auto.i64, i64 %bn_beta"   --->   Operation 292 'read' 'bn_beta_read' <Predicate = true> <Delay = 0.00>
ST_22 : Operation 293 [1/1] (0.00ns)   --->   "%C_in_read = read i16 @_ssdm_op_Read.ap_auto.i16, i16 %C_in"   --->   Operation 293 'read' 'C_in_read' <Predicate = true> <Delay = 0.00>
ST_22 : Operation 294 [1/1] (0.00ns)   --->   "%bn_gamma_read = read i64 @_ssdm_op_Read.ap_auto.i64, i64 %bn_gamma"   --->   Operation 294 'read' 'bn_gamma_read' <Predicate = true> <Delay = 0.00>
ST_22 : Operation 295 [1/1] (0.00ns)   --->   "%bn_var_read = read i64 @_ssdm_op_Read.ap_auto.i64, i64 %bn_var"   --->   Operation 295 'read' 'bn_var_read' <Predicate = true> <Delay = 0.00>
ST_22 : Operation 296 [1/1] (0.00ns)   --->   "%C_out_read = read i16 @_ssdm_op_Read.ap_auto.i16, i16 %C_out"   --->   Operation 296 'read' 'C_out_read' <Predicate = true> <Delay = 0.00>
ST_22 : Operation 297 [1/1] (0.00ns)   --->   "%conv_type_read = read i2 @_ssdm_op_Read.ap_auto.i2, i2 %conv_type"   --->   Operation 297 'read' 'conv_type_read' <Predicate = true> <Delay = 0.00>
ST_22 : Operation 298 [1/22] (3.06ns)   --->   "%sdiv_ln1513 = sdiv i18 %sub_ln1513, i18 %zext_ln1513_1"   --->   Operation 298 'sdiv' 'sdiv_ln1513' <Predicate = true> <Delay = 3.06> <CoreInst = "DivnS_SEQ">   --->   Core 7 'DivnS_SEQ' <Latency = 21> <II = 16> <Delay = 3.06> <FuncUnit> <Opcode : 'sdiv' 'srem' 'udiv' 'urem'> <InPorts = 2> <OutPorts = 1>
ST_22 : Operation 299 [1/1] (0.00ns)   --->   "%trunc_ln186 = trunc i16 %sdiv_ln1513"   --->   Operation 299 'trunc' 'trunc_ln186' <Predicate = true> <Delay = 0.00>
ST_22 : Operation 300 [1/1] (1.54ns)   --->   "%H_out_V = add i16 %trunc_ln186, i16 1"   --->   Operation 300 'add' 'H_out_V' <Predicate = true> <Delay = 1.54> <CoreInst = "Adder">   --->   Core 1 'Adder' <Latency = 0> <II = 1> <Delay = 1.54> <FuncUnit> <Opcode : 'add' 'sub'> <InPorts = 2> <OutPorts = 1>
ST_22 : Operation 301 [1/22] (3.06ns)   --->   "%sdiv_ln1513_1 = sdiv i18 %sub_ln1513_1, i18 %zext_ln1513_1"   --->   Operation 301 'sdiv' 'sdiv_ln1513_1' <Predicate = true> <Delay = 3.06> <CoreInst = "DivnS_SEQ">   --->   Core 7 'DivnS_SEQ' <Latency = 21> <II = 16> <Delay = 3.06> <FuncUnit> <Opcode : 'sdiv' 'srem' 'udiv' 'urem'> <InPorts = 2> <OutPorts = 1>
ST_22 : Operation 302 [1/1] (0.00ns)   --->   "%trunc_ln186_1 = trunc i16 %sdiv_ln1513_1"   --->   Operation 302 'trunc' 'trunc_ln186_1' <Predicate = true> <Delay = 0.00>
ST_22 : Operation 303 [1/1] (1.54ns)   --->   "%W_out_V = add i16 %trunc_ln186_1, i16 1"   --->   Operation 303 'add' 'W_out_V' <Predicate = true> <Delay = 1.54> <CoreInst = "Adder">   --->   Core 1 'Adder' <Latency = 0> <II = 1> <Delay = 1.54> <FuncUnit> <Opcode : 'add' 'sub'> <InPorts = 2> <OutPorts = 1>
ST_22 : Operation 304 [1/1] (0.50ns)   --->   "%switch_ln70 = switch i2 %conv_type_read, void %if.end486, i2 0, void %if.then, i2 1, void %if.then284" [../ip/ip6/conv_bn_relu.cpp:70]   --->   Operation 304 'switch' 'switch_ln70' <Predicate = true> <Delay = 0.50>
ST_22 : Operation 305 [1/1] (0.00ns)   --->   "%h_out_1 = alloca i32 1"   --->   Operation 305 'alloca' 'h_out_1' <Predicate = (conv_type_read == 1)> <Delay = 0.00>
ST_22 : Operation 306 [1/1] (0.00ns)   --->   "%trunc_ln2 = partselect i62 @_ssdm_op_PartSelect.i62.i64.i32.i32, i64 %bn_var_read, i32 2, i32 63" [../ip/ip6/conv_bn_relu.cpp:205]   --->   Operation 306 'partselect' 'trunc_ln2' <Predicate = (conv_type_read == 1)> <Delay = 0.00>
ST_22 : Operation 307 [1/1] (0.00ns)   --->   "%trunc_ln205_1 = partselect i62 @_ssdm_op_PartSelect.i62.i64.i32.i32, i64 %bn_gamma_read, i32 2, i32 63" [../ip/ip6/conv_bn_relu.cpp:205]   --->   Operation 307 'partselect' 'trunc_ln205_1' <Predicate = (conv_type_read == 1)> <Delay = 0.00>
ST_22 : Operation 308 [2/2] (3.43ns)   --->   "%call_ln205 = call void @Block_entry352_proc1_Pipeline_VITIS_LOOP_205_18, i64 %bn_params_4, i64 %bn_params_5, i64 %bn_params_6, i64 %bn_params_7, i16 %C_out_read, i62 %trunc_ln2, i32 %gmem3, i62 %trunc_ln205_1" [../ip/ip6/conv_bn_relu.cpp:205]   --->   Operation 308 'call' 'call_ln205' <Predicate = (conv_type_read == 1)> <Delay = 3.43> <CoreType = "Generic">   --->   Core 0 '' <Latency = 0> <II = 1> <Delay = 1.00> <Generic> <Opcode : >
ST_22 : Operation 309 [1/1] (1.29ns)   --->   "%store_ln213 = store i32 0, i32 %h_out_1" [../ip/ip6/conv_bn_relu.cpp:213]   --->   Operation 309 'store' 'store_ln213' <Predicate = (conv_type_read == 1)> <Delay = 1.29>
ST_22 : Operation 310 [1/1] (0.00ns)   --->   "%c_out_1 = alloca i32 1"   --->   Operation 310 'alloca' 'c_out_1' <Predicate = (conv_type_read == 0)> <Delay = 0.00>
ST_22 : Operation 311 [1/1] (0.00ns)   --->   "%phi_ln1027 = alloca i32 1"   --->   Operation 311 'alloca' 'phi_ln1027' <Predicate = (conv_type_read == 0)> <Delay = 0.00>
ST_22 : Operation 312 [1/1] (0.00ns)   --->   "%indvars_iv50 = alloca i32 1"   --->   Operation 312 'alloca' 'indvars_iv50' <Predicate = (conv_type_read == 0)> <Delay = 0.00>
ST_22 : Operation 313 [1/1] (0.00ns)   --->   "%phi_ln87 = alloca i32 1"   --->   Operation 313 'alloca' 'phi_ln87' <Predicate = (conv_type_read == 0)> <Delay = 0.00>
ST_22 : Operation 314 [1/1] (0.00ns)   --->   "%trunc_ln1 = partselect i62 @_ssdm_op_PartSelect.i62.i64.i32.i32, i64 %bn_var_read, i32 2, i32 63" [../ip/ip6/conv_bn_relu.cpp:79]   --->   Operation 314 'partselect' 'trunc_ln1' <Predicate = (conv_type_read == 0)> <Delay = 0.00>
ST_22 : Operation 315 [1/1] (0.00ns)   --->   "%trunc_ln79_1 = partselect i62 @_ssdm_op_PartSelect.i62.i64.i32.i32, i64 %bn_gamma_read, i32 2, i32 63" [../ip/ip6/conv_bn_relu.cpp:79]   --->   Operation 315 'partselect' 'trunc_ln79_1' <Predicate = (conv_type_read == 0)> <Delay = 0.00>
ST_22 : Operation 316 [2/2] (3.43ns)   --->   "%call_ln79 = call void @Block_entry352_proc1_Pipeline_VITIS_LOOP_79_1, i64 %bn_params, i64 %bn_params_1, i64 %bn_params_2, i64 %bn_params_3, i16 %C_out_read, i62 %trunc_ln1, i32 %gmem3, i62 %trunc_ln79_1" [../ip/ip6/conv_bn_relu.cpp:79]   --->   Operation 316 'call' 'call_ln79' <Predicate = (conv_type_read == 0)> <Delay = 3.43> <CoreType = "Generic">   --->   Core 0 '' <Latency = 0> <II = 1> <Delay = 1.00> <Generic> <Opcode : >
ST_22 : Operation 317 [1/1] (0.00ns)   --->   "%zext_ln87_5 = zext i16 %C_in_read" [../ip/ip6/conv_bn_relu.cpp:87]   --->   Operation 317 'zext' 'zext_ln87_5' <Predicate = (conv_type_read == 0)> <Delay = 0.00>
ST_22 : Operation 318 [1/1] (0.00ns)   --->   "%zext_ln87_7 = zext i8 %padding_read" [../ip/ip6/conv_bn_relu.cpp:87]   --->   Operation 318 'zext' 'zext_ln87_7' <Predicate = (conv_type_read == 0)> <Delay = 0.00>
ST_22 : Operation 319 [4/4] (1.82ns) (root node of the DSP)   --->   "%mul_ln87_2 = mul i24 %zext_ln87_5, i24 %zext_ln87_7" [../ip/ip6/conv_bn_relu.cpp:87]   --->   Operation 319 'mul' 'mul_ln87_2' <Predicate = (conv_type_read == 0)> <Delay = 1.82> <CoreInst = "DSP48">   --->   Core 119 'DSP48' <Latency = 3> <II = 1> <Delay = 1.82> <IPBlock> <Opcode : 'mul' 'add' 'sub' 'select'> <InPorts = 0> <OutPorts = 1> <Sync> <CReg>
ST_22 : Operation 320 [1/1] (1.29ns)   --->   "%store_ln87 = store i18 0, i18 %phi_ln87" [../ip/ip6/conv_bn_relu.cpp:87]   --->   Operation 320 'store' 'store_ln87' <Predicate = (conv_type_read == 0)> <Delay = 1.29>
ST_22 : Operation 321 [1/1] (1.29ns)   --->   "%store_ln87 = store i17 0, i17 %indvars_iv50" [../ip/ip6/conv_bn_relu.cpp:87]   --->   Operation 321 'store' 'store_ln87' <Predicate = (conv_type_read == 0)> <Delay = 1.29>
ST_22 : Operation 322 [1/1] (1.29ns)   --->   "%store_ln87 = store i14 0, i14 %phi_ln1027" [../ip/ip6/conv_bn_relu.cpp:87]   --->   Operation 322 'store' 'store_ln87' <Predicate = (conv_type_read == 0)> <Delay = 1.29>
ST_22 : Operation 323 [1/1] (1.29ns)   --->   "%store_ln87 = store i17 0, i17 %c_out_1" [../ip/ip6/conv_bn_relu.cpp:87]   --->   Operation 323 'store' 'store_ln87' <Predicate = (conv_type_read == 0)> <Delay = 1.29>

State 23 <SV = 22> <Delay = 4.23>
ST_23 : Operation 324 [1/2] (0.00ns)   --->   "%call_ln205 = call void @Block_entry352_proc1_Pipeline_VITIS_LOOP_205_18, i64 %bn_params_4, i64 %bn_params_5, i64 %bn_params_6, i64 %bn_params_7, i16 %C_out_read, i62 %trunc_ln2, i32 %gmem3, i62 %trunc_ln205_1" [../ip/ip6/conv_bn_relu.cpp:205]   --->   Operation 324 'call' 'call_ln205' <Predicate = true> <Delay = 0.00> <CoreType = "Generic">   --->   Core 0 '' <Latency = 0> <II = 1> <Delay = 1.00> <Generic> <Opcode : >
ST_23 : Operation 325 [1/1] (0.00ns)   --->   "%conv_i_i505 = zext i16 %H_out_V"   --->   Operation 325 'zext' 'conv_i_i505' <Predicate = true> <Delay = 0.00>
ST_23 : Operation 326 [1/1] (0.00ns)   --->   "%conv_i_i494 = zext i16 %W_out_V"   --->   Operation 326 'zext' 'conv_i_i494' <Predicate = true> <Delay = 0.00>
ST_23 : Operation 327 [1/1] (0.00ns)   --->   "%conv_i_i192 = zext i16 %H_in_read"   --->   Operation 327 'zext' 'conv_i_i192' <Predicate = true> <Delay = 0.00>
ST_23 : Operation 328 [1/1] (0.00ns)   --->   "%conv_i_i186 = zext i16 %W_in_read"   --->   Operation 328 'zext' 'conv_i_i186' <Predicate = true> <Delay = 0.00>
ST_23 : Operation 329 [1/1] (0.00ns)   --->   "%zext_ln541 = zext i16 %C_in_read"   --->   Operation 329 'zext' 'zext_ln541' <Predicate = true> <Delay = 0.00>
ST_23 : Operation 330 [1/1] (0.00ns)   --->   "%zext_ln541_1 = zext i16 %C_out_read"   --->   Operation 330 'zext' 'zext_ln541_1' <Predicate = true> <Delay = 0.00>
ST_23 : Operation 331 [1/1] (1.31ns)   --->   "%cmp_i_i4773585 = icmp_ne  i8 %kernel_size_read, i8 0"   --->   Operation 331 'icmp' 'cmp_i_i4773585' <Predicate = true> <Delay = 1.31> <CoreInst = "Cmp">   --->   Core 9 'Cmp' <Latency = 0> <II = 1> <Delay = 1.31> <FuncUnit> <Opcode : 'icmp'> <InPorts = 2> <OutPorts = 1>
ST_23 : Operation 332 [1/1] (0.00ns)   --->   "%zext_ln213 = zext i8 %kernel_size_read" [../ip/ip6/conv_bn_relu.cpp:213]   --->   Operation 332 'zext' 'zext_ln213' <Predicate = true> <Delay = 0.00>
ST_23 : Operation 333 [1/1] (3.61ns)   --->   "%mul_ln213 = mul i16 %zext_ln213, i16 %zext_ln213" [../ip/ip6/conv_bn_relu.cpp:213]   --->   Operation 333 'mul' 'mul_ln213' <Predicate = true> <Delay = 3.61> <CoreInst = "Multiplier">   --->   Core 3 'Multiplier' <Latency = 0> <II = 1> <Delay = 3.61> <FuncUnit> <Opcode : 'mul'> <InPorts = 2> <OutPorts = 1>
ST_23 : Operation 334 [1/1] (0.00ns)   --->   "%mul_ln213_cast = zext i16 %mul_ln213" [../ip/ip6/conv_bn_relu.cpp:213]   --->   Operation 334 'zext' 'mul_ln213_cast' <Predicate = true> <Delay = 0.00>
ST_23 : Operation 335 [1/1] (0.62ns)   --->   "%empty_167 = select i1 %cmp_i_i4773585, i16 %mul_ln213, i16 0" [../ip/ip6/conv_bn_relu.cpp:213]   --->   Operation 335 'select' 'empty_167' <Predicate = true> <Delay = 0.62> <CoreInst = "Sel">   --->   Core 73 'Sel' <Latency = 0> <II = 1> <Delay = 0.62> <FuncUnit> <Opcode : 'select'> <InPorts = 3> <OutPorts = 1>
ST_23 : Operation 336 [1/1] (0.00ns)   --->   "%p_cast127 = zext i16 %empty_167" [../ip/ip6/conv_bn_relu.cpp:213]   --->   Operation 336 'zext' 'p_cast127' <Predicate = true> <Delay = 0.00>
ST_23 : Operation 337 [1/1] (0.00ns)   --->   "%stride_cast128 = zext i8 %stride_read"   --->   Operation 337 'zext' 'stride_cast128' <Predicate = true> <Delay = 0.00>
ST_23 : Operation 338 [1/1] (0.00ns)   --->   "%padding_cast129 = zext i8 %padding_read"   --->   Operation 338 'zext' 'padding_cast129' <Predicate = true> <Delay = 0.00>
ST_23 : Operation 339 [1/1] (0.00ns)   --->   "%br_ln213 = br void %for.cond310" [../ip/ip6/conv_bn_relu.cpp:213]   --->   Operation 339 'br' 'br_ln213' <Predicate = true> <Delay = 0.00>

State 24 <SV = 23> <Delay = 4.56>
ST_24 : Operation 340 [1/1] (0.00ns)   --->   "%h_out_blk_3 = load i32 %h_out_1" [../ip/ip6/conv_bn_relu.cpp:215]   --->   Operation 340 'load' 'h_out_blk_3' <Predicate = (conv_type_read == 1)> <Delay = 0.00>
ST_24 : Operation 341 [1/1] (1.96ns)   --->   "%icmp_ln1027_3 = icmp_ult  i32 %h_out_blk_3, i32 %conv_i_i505"   --->   Operation 341 'icmp' 'icmp_ln1027_3' <Predicate = (conv_type_read == 1)> <Delay = 1.96> <CoreInst = "Cmp">   --->   Core 9 'Cmp' <Latency = 0> <II = 1> <Delay = 1.96> <FuncUnit> <Opcode : 'icmp'> <InPorts = 2> <OutPorts = 1>
ST_24 : Operation 342 [1/1] (0.00ns)   --->   "%br_ln213 = br i1 %icmp_ln1027_3, void %if.end486.loopexit, void %for.body313" [../ip/ip6/conv_bn_relu.cpp:213]   --->   Operation 342 'br' 'br_ln213' <Predicate = (conv_type_read == 1)> <Delay = 0.00>
ST_24 : Operation 343 [1/1] (0.00ns)   --->   "%specloopname_ln215 = specloopname void @_ssdm_op_SpecLoopName, void @empty_41" [../ip/ip6/conv_bn_relu.cpp:215]   --->   Operation 343 'specloopname' 'specloopname_ln215' <Predicate = (conv_type_read == 1 & icmp_ln1027_3)> <Delay = 0.00>
ST_24 : Operation 344 [1/1] (1.89ns)   --->   "%h_out_blk = add i32 %h_out_blk_3, i32 4" [../ip/ip6/conv_bn_relu.cpp:215]   --->   Operation 344 'add' 'h_out_blk' <Predicate = (conv_type_read == 1 & icmp_ln1027_3)> <Delay = 1.89> <CoreInst = "Adder">   --->   Core 1 'Adder' <Latency = 0> <II = 1> <Delay = 1.89> <FuncUnit> <Opcode : 'add' 'sub'> <InPorts = 2> <OutPorts = 1>
ST_24 : Operation 345 [1/1] (1.96ns)   --->   "%icmp_ln215 = icmp_slt  i32 %h_out_blk, i32 %conv_i_i505" [../ip/ip6/conv_bn_relu.cpp:215]   --->   Operation 345 'icmp' 'icmp_ln215' <Predicate = (conv_type_read == 1 & icmp_ln1027_3)> <Delay = 1.96> <CoreInst = "Cmp">   --->   Core 9 'Cmp' <Latency = 0> <II = 1> <Delay = 1.96> <FuncUnit> <Opcode : 'icmp'> <InPorts = 2> <OutPorts = 1>
ST_24 : Operation 346 [1/1] (0.70ns)   --->   "%h_out_end = select i1 %icmp_ln215, i32 %h_out_blk, i32 %conv_i_i505" [../ip/ip6/conv_bn_relu.cpp:215]   --->   Operation 346 'select' 'h_out_end' <Predicate = (conv_type_read == 1 & icmp_ln1027_3)> <Delay = 0.70> <CoreInst = "Sel">   --->   Core 73 'Sel' <Latency = 0> <II = 1> <Delay = 0.70> <FuncUnit> <Opcode : 'select'> <InPorts = 3> <OutPorts = 1>
ST_24 : Operation 347 [1/1] (1.29ns)   --->   "%br_ln219 = br void %for.body330" [../ip/ip6/conv_bn_relu.cpp:219]   --->   Operation 347 'br' 'br_ln219' <Predicate = (conv_type_read == 1 & icmp_ln1027_3)> <Delay = 1.29>
ST_24 : Operation 348 [1/1] (0.00ns)   --->   "%br_ln0 = br void %if.end486"   --->   Operation 348 'br' 'br_ln0' <Predicate = (conv_type_read == 1 & !icmp_ln1027_3)> <Delay = 0.00>
ST_24 : Operation 349 [1/1] (0.00ns)   --->   "%br_ln0 = br void %if.end487"   --->   Operation 349 'br' 'br_ln0' <Predicate = (conv_type_read != 0 & !icmp_ln1027_3) | (conv_type_read != 0 & conv_type_read != 1)> <Delay = 0.00>

State 25 <SV = 24> <Delay = 4.56>
ST_25 : Operation 350 [1/1] (0.00ns)   --->   "%w_out_blk = phi i32 0, void %for.body313, i32 %w_out_blk_1, void %for.inc480.loopexit"   --->   Operation 350 'phi' 'w_out_blk' <Predicate = true> <Delay = 0.00>
ST_25 : Operation 351 [1/1] (1.96ns)   --->   "%icmp_ln1027_4 = icmp_ult  i32 %w_out_blk, i32 %conv_i_i494"   --->   Operation 351 'icmp' 'icmp_ln1027_4' <Predicate = true> <Delay = 1.96> <CoreInst = "Cmp">   --->   Core 9 'Cmp' <Latency = 0> <II = 1> <Delay = 1.96> <FuncUnit> <Opcode : 'icmp'> <InPorts = 2> <OutPorts = 1>
ST_25 : Operation 352 [1/1] (0.00ns)   --->   "%br_ln219 = br i1 %icmp_ln1027_4, void %for.inc483.loopexit, void %for.body330.split" [../ip/ip6/conv_bn_relu.cpp:219]   --->   Operation 352 'br' 'br_ln219' <Predicate = true> <Delay = 0.00>
ST_25 : Operation 353 [1/1] (0.00ns)   --->   "%specloopname_ln219 = specloopname void @_ssdm_op_SpecLoopName, void @empty_40" [../ip/ip6/conv_bn_relu.cpp:219]   --->   Operation 353 'specloopname' 'specloopname_ln219' <Predicate = (icmp_ln1027_4)> <Delay = 0.00>
ST_25 : Operation 354 [1/1] (1.89ns)   --->   "%w_out_blk_1 = add i32 %w_out_blk, i32 4" [../ip/ip6/conv_bn_relu.cpp:221]   --->   Operation 354 'add' 'w_out_blk_1' <Predicate = (icmp_ln1027_4)> <Delay = 1.89> <CoreInst = "Adder">   --->   Core 1 'Adder' <Latency = 0> <II = 1> <Delay = 1.89> <FuncUnit> <Opcode : 'add' 'sub'> <InPorts = 2> <OutPorts = 1>
ST_25 : Operation 355 [1/1] (1.96ns)   --->   "%icmp_ln221 = icmp_slt  i32 %w_out_blk_1, i32 %conv_i_i494" [../ip/ip6/conv_bn_relu.cpp:221]   --->   Operation 355 'icmp' 'icmp_ln221' <Predicate = (icmp_ln1027_4)> <Delay = 1.96> <CoreInst = "Cmp">   --->   Core 9 'Cmp' <Latency = 0> <II = 1> <Delay = 1.96> <FuncUnit> <Opcode : 'icmp'> <InPorts = 2> <OutPorts = 1>
ST_25 : Operation 356 [1/1] (0.70ns)   --->   "%w_out_end = select i1 %icmp_ln221, i32 %w_out_blk_1, i32 %conv_i_i494" [../ip/ip6/conv_bn_relu.cpp:221]   --->   Operation 356 'select' 'w_out_end' <Predicate = (icmp_ln1027_4)> <Delay = 0.70> <CoreInst = "Sel">   --->   Core 73 'Sel' <Latency = 0> <II = 1> <Delay = 0.70> <FuncUnit> <Opcode : 'select'> <InPorts = 3> <OutPorts = 1>
ST_25 : Operation 357 [1/1] (1.29ns)   --->   "%br_ln225 = br void %VITIS_LOOP_235_22" [../ip/ip6/conv_bn_relu.cpp:225]   --->   Operation 357 'br' 'br_ln225' <Predicate = (icmp_ln1027_4)> <Delay = 1.29>
ST_25 : Operation 358 [1/1] (1.29ns)   --->   "%store_ln213 = store i32 %h_out_blk, i32 %h_out_1" [../ip/ip6/conv_bn_relu.cpp:213]   --->   Operation 358 'store' 'store_ln213' <Predicate = (!icmp_ln1027_4)> <Delay = 1.29>
ST_25 : Operation 359 [1/1] (0.00ns)   --->   "%br_ln213 = br void %for.cond310" [../ip/ip6/conv_bn_relu.cpp:213]   --->   Operation 359 'br' 'br_ln213' <Predicate = (!icmp_ln1027_4)> <Delay = 0.00>

State 26 <SV = 25> <Delay = 2.69>
ST_26 : Operation 360 [1/1] (0.00ns)   --->   "%c_out = phi i16 %add_ln225_1, void %for.inc477.loopexit, i16 0, void %for.body330.split" [../ip/ip6/conv_bn_relu.cpp:225]   --->   Operation 360 'phi' 'c_out' <Predicate = true> <Delay = 0.00>
ST_26 : Operation 361 [1/1] (0.00ns)   --->   "%phi_mul = phi i32 %add_ln1027_8, void %for.inc477.loopexit, i32 0, void %for.body330.split"   --->   Operation 361 'phi' 'phi_mul' <Predicate = true> <Delay = 0.00>
ST_26 : Operation 362 [1/1] (1.89ns)   --->   "%add_ln1027_8 = add i32 %phi_mul, i32 %mul_ln213_cast"   --->   Operation 362 'add' 'add_ln1027_8' <Predicate = true> <Delay = 1.89> <CoreInst = "Adder">   --->   Core 1 'Adder' <Latency = 0> <II = 1> <Delay = 1.89> <FuncUnit> <Opcode : 'add' 'sub'> <InPorts = 2> <OutPorts = 1>
ST_26 : Operation 363 [1/1] (2.13ns)   --->   "%icmp_ln1027_6 = icmp_eq  i16 %c_out, i16 %C_out_read"   --->   Operation 363 'icmp' 'icmp_ln1027_6' <Predicate = true> <Delay = 2.13> <CoreInst = "Cmp">   --->   Core 9 'Cmp' <Latency = 0> <II = 1> <Delay = 2.13> <FuncUnit> <Opcode : 'icmp'> <InPorts = 2> <OutPorts = 1>
ST_26 : Operation 364 [1/1] (0.00ns)   --->   "%empty_171 = speclooptripcount i32 @_ssdm_op_SpecLoopTripCount, i64 0, i64 65535, i64 0"   --->   Operation 364 'speclooptripcount' 'empty_171' <Predicate = true> <Delay = 0.00>
ST_26 : Operation 365 [1/1] (1.54ns)   --->   "%add_ln225_1 = add i16 %c_out, i16 1" [../ip/ip6/conv_bn_relu.cpp:225]   --->   Operation 365 'add' 'add_ln225_1' <Predicate = true> <Delay = 1.54> <CoreInst = "Adder">   --->   Core 1 'Adder' <Latency = 0> <II = 1> <Delay = 1.54> <FuncUnit> <Opcode : 'add' 'sub'> <InPorts = 2> <OutPorts = 1>
ST_26 : Operation 366 [1/1] (0.00ns)   --->   "%br_ln225 = br i1 %icmp_ln1027_6, void %VITIS_LOOP_235_22.split, void %for.inc480.loopexit" [../ip/ip6/conv_bn_relu.cpp:225]   --->   Operation 366 'br' 'br_ln225' <Predicate = true> <Delay = 0.00>
ST_26 : Operation 367 [1/1] (0.00ns)   --->   "%shl_ln5 = bitconcatenate i34 @_ssdm_op_BitConcatenate.i34.i32.i2, i32 %phi_mul, i2 0" [../ip/ip6/conv_bn_relu.cpp:225]   --->   Operation 367 'bitconcatenate' 'shl_ln5' <Predicate = (!icmp_ln1027_6)> <Delay = 0.00>
ST_26 : Operation 368 [1/1] (0.00ns)   --->   "%sext_ln225 = sext i34 %shl_ln5" [../ip/ip6/conv_bn_relu.cpp:225]   --->   Operation 368 'sext' 'sext_ln225' <Predicate = (!icmp_ln1027_6)> <Delay = 0.00>
ST_26 : Operation 369 [1/1] (2.69ns)   --->   "%add_ln225 = add i64 %sext_ln225, i64 %conv_kernel_read" [../ip/ip6/conv_bn_relu.cpp:225]   --->   Operation 369 'add' 'add_ln225' <Predicate = (!icmp_ln1027_6)> <Delay = 2.69> <CoreInst = "Adder">   --->   Core 1 'Adder' <Latency = 0> <II = 1> <Delay = 2.69> <FuncUnit> <Opcode : 'add' 'sub'> <InPorts = 2> <OutPorts = 1>
ST_26 : Operation 370 [1/1] (0.00ns)   --->   "%trunc_ln = partselect i62 @_ssdm_op_PartSelect.i62.i64.i32.i32, i64 %add_ln225, i32 2, i32 63" [../ip/ip6/conv_bn_relu.cpp:235]   --->   Operation 370 'partselect' 'trunc_ln' <Predicate = (!icmp_ln1027_6)> <Delay = 0.00>
ST_26 : Operation 371 [1/1] (0.00ns)   --->   "%sext_ln235 = sext i62 %trunc_ln" [../ip/ip6/conv_bn_relu.cpp:235]   --->   Operation 371 'sext' 'sext_ln235' <Predicate = (!icmp_ln1027_6)> <Delay = 0.00>
ST_26 : Operation 372 [1/1] (0.00ns)   --->   "%gmem2_addr = getelementptr i32 %gmem2, i64 %sext_ln235" [../ip/ip6/conv_bn_relu.cpp:235]   --->   Operation 372 'getelementptr' 'gmem2_addr' <Predicate = (!icmp_ln1027_6)> <Delay = 0.00>
ST_26 : Operation 373 [1/1] (0.00ns)   --->   "%br_ln219 = br void %for.body330" [../ip/ip6/conv_bn_relu.cpp:219]   --->   Operation 373 'br' 'br_ln219' <Predicate = (icmp_ln1027_6)> <Delay = 0.00>

State 27 <SV = 26> <Delay = 7.30>
ST_27 : Operation 374 [7/7] (7.30ns)   --->   "%empty_172 = readreq i1 @_ssdm_op_ReadReq.m_axi.p1i32, i32 %gmem2_addr, i32 %p_cast127" [../ip/ip6/conv_bn_relu.cpp:235]   --->   Operation 374 'readreq' 'empty_172' <Predicate = true> <Delay = 7.30> <CoreInst = "m_axi">   --->   Core 113 'm_axi' <Latency = 0> <II = 1> <Delay = 1.00> <Adapter> <Opcode : 'read' 'write' 'readreq' 'writereq' 'writeresp'>

State 28 <SV = 27> <Delay = 7.30>
ST_28 : Operation 375 [6/7] (7.30ns)   --->   "%empty_172 = readreq i1 @_ssdm_op_ReadReq.m_axi.p1i32, i32 %gmem2_addr, i32 %p_cast127" [../ip/ip6/conv_bn_relu.cpp:235]   --->   Operation 375 'readreq' 'empty_172' <Predicate = true> <Delay = 7.30> <CoreInst = "m_axi">   --->   Core 113 'm_axi' <Latency = 0> <II = 1> <Delay = 1.00> <Adapter> <Opcode : 'read' 'write' 'readreq' 'writereq' 'writeresp'>

State 29 <SV = 28> <Delay = 7.30>
ST_29 : Operation 376 [5/7] (7.30ns)   --->   "%empty_172 = readreq i1 @_ssdm_op_ReadReq.m_axi.p1i32, i32 %gmem2_addr, i32 %p_cast127" [../ip/ip6/conv_bn_relu.cpp:235]   --->   Operation 376 'readreq' 'empty_172' <Predicate = true> <Delay = 7.30> <CoreInst = "m_axi">   --->   Core 113 'm_axi' <Latency = 0> <II = 1> <Delay = 1.00> <Adapter> <Opcode : 'read' 'write' 'readreq' 'writereq' 'writeresp'>

State 30 <SV = 29> <Delay = 7.30>
ST_30 : Operation 377 [4/7] (7.30ns)   --->   "%empty_172 = readreq i1 @_ssdm_op_ReadReq.m_axi.p1i32, i32 %gmem2_addr, i32 %p_cast127" [../ip/ip6/conv_bn_relu.cpp:235]   --->   Operation 377 'readreq' 'empty_172' <Predicate = true> <Delay = 7.30> <CoreInst = "m_axi">   --->   Core 113 'm_axi' <Latency = 0> <II = 1> <Delay = 1.00> <Adapter> <Opcode : 'read' 'write' 'readreq' 'writereq' 'writeresp'>

State 31 <SV = 30> <Delay = 7.30>
ST_31 : Operation 378 [3/7] (7.30ns)   --->   "%empty_172 = readreq i1 @_ssdm_op_ReadReq.m_axi.p1i32, i32 %gmem2_addr, i32 %p_cast127" [../ip/ip6/conv_bn_relu.cpp:235]   --->   Operation 378 'readreq' 'empty_172' <Predicate = true> <Delay = 7.30> <CoreInst = "m_axi">   --->   Core 113 'm_axi' <Latency = 0> <II = 1> <Delay = 1.00> <Adapter> <Opcode : 'read' 'write' 'readreq' 'writereq' 'writeresp'>

State 32 <SV = 31> <Delay = 7.30>
ST_32 : Operation 379 [2/7] (7.30ns)   --->   "%empty_172 = readreq i1 @_ssdm_op_ReadReq.m_axi.p1i32, i32 %gmem2_addr, i32 %p_cast127" [../ip/ip6/conv_bn_relu.cpp:235]   --->   Operation 379 'readreq' 'empty_172' <Predicate = true> <Delay = 7.30> <CoreInst = "m_axi">   --->   Core 113 'm_axi' <Latency = 0> <II = 1> <Delay = 1.00> <Adapter> <Opcode : 'read' 'write' 'readreq' 'writereq' 'writeresp'>

State 33 <SV = 32> <Delay = 7.30>
ST_33 : Operation 380 [1/1] (0.00ns)   --->   "%specpipeline_ln226 = specpipeline void @_ssdm_op_SpecPipeline, i32 2, i32 0, i32 0, i32 0, void @empty_43" [../ip/ip6/conv_bn_relu.cpp:226]   --->   Operation 380 'specpipeline' 'specpipeline_ln226' <Predicate = true> <Delay = 0.00>
ST_33 : Operation 381 [1/1] (0.00ns)   --->   "%specloopname_ln225 = specloopname void @_ssdm_op_SpecLoopName, void @empty_39" [../ip/ip6/conv_bn_relu.cpp:225]   --->   Operation 381 'specloopname' 'specloopname_ln225' <Predicate = true> <Delay = 0.00>
ST_33 : Operation 382 [1/1] (0.00ns)   --->   "%zext_ln225 = zext i16 %c_out" [../ip/ip6/conv_bn_relu.cpp:225]   --->   Operation 382 'zext' 'zext_ln225' <Predicate = true> <Delay = 0.00>
ST_33 : Operation 383 [1/7] (7.30ns)   --->   "%empty_172 = readreq i1 @_ssdm_op_ReadReq.m_axi.p1i32, i32 %gmem2_addr, i32 %p_cast127" [../ip/ip6/conv_bn_relu.cpp:235]   --->   Operation 383 'readreq' 'empty_172' <Predicate = true> <Delay = 7.30> <CoreInst = "m_axi">   --->   Core 113 'm_axi' <Latency = 0> <II = 1> <Delay = 1.00> <Adapter> <Opcode : 'read' 'write' 'readreq' 'writereq' 'writeresp'>
ST_33 : Operation 384 [1/1] (1.29ns)   --->   "%br_ln235 = br void %VITIS_LOOP_236_23" [../ip/ip6/conv_bn_relu.cpp:235]   --->   Operation 384 'br' 'br_ln235' <Predicate = true> <Delay = 1.29>

State 34 <SV = 33> <Delay = 2.69>
ST_34 : Operation 385 [1/1] (0.00ns)   --->   "%kh_1 = phi i8 %add_ln235, void %for.inc376, i8 0, void %VITIS_LOOP_235_22.split" [../ip/ip6/conv_bn_relu.cpp:235]   --->   Operation 385 'phi' 'kh_1' <Predicate = true> <Delay = 0.00>
ST_34 : Operation 386 [1/1] (1.31ns)   --->   "%icmp_ln1027_9 = icmp_eq  i8 %kh_1, i8 %kernel_size_read"   --->   Operation 386 'icmp' 'icmp_ln1027_9' <Predicate = true> <Delay = 1.31> <CoreInst = "Cmp">   --->   Core 9 'Cmp' <Latency = 0> <II = 1> <Delay = 1.31> <FuncUnit> <Opcode : 'icmp'> <InPorts = 2> <OutPorts = 1>
ST_34 : Operation 387 [1/1] (0.00ns)   --->   "%empty_174 = speclooptripcount i32 @_ssdm_op_SpecLoopTripCount, i64 0, i64 255, i64 0"   --->   Operation 387 'speclooptripcount' 'empty_174' <Predicate = true> <Delay = 0.00>
ST_34 : Operation 388 [1/1] (1.30ns)   --->   "%add_ln235 = add i8 %kh_1, i8 1" [../ip/ip6/conv_bn_relu.cpp:235]   --->   Operation 388 'add' 'add_ln235' <Predicate = true> <Delay = 1.30> <CoreInst = "Adder">   --->   Core 1 'Adder' <Latency = 0> <II = 1> <Delay = 1.30> <FuncUnit> <Opcode : 'add' 'sub'> <InPorts = 2> <OutPorts = 1>
ST_34 : Operation 389 [1/1] (0.00ns)   --->   "%br_ln235 = br i1 %icmp_ln1027_9, void %VITIS_LOOP_236_23.split, void %VITIS_LOOP_243_24.loopexit" [../ip/ip6/conv_bn_relu.cpp:235]   --->   Operation 389 'br' 'br_ln235' <Predicate = true> <Delay = 0.00>
ST_34 : Operation 390 [1/1] (0.00ns)   --->   "%specloopname_ln235 = specloopname void @_ssdm_op_SpecLoopName, void @empty_34" [../ip/ip6/conv_bn_relu.cpp:235]   --->   Operation 390 'specloopname' 'specloopname_ln235' <Predicate = (!icmp_ln1027_9)> <Delay = 0.00>
ST_34 : Operation 391 [1/1] (0.00ns)   --->   "%tmp = bitselect i1 @_ssdm_op_BitSelect.i1.i8.i32, i8 %kh_1, i32 1" [../ip/ip6/conv_bn_relu.cpp:235]   --->   Operation 391 'bitselect' 'tmp' <Predicate = (!icmp_ln1027_9)> <Delay = 0.00>
ST_34 : Operation 392 [1/1] (0.00ns)   --->   "%tmp_18 = bitconcatenate i2 @_ssdm_op_BitConcatenate.i2.i1.i1, i1 %tmp, i1 0" [../ip/ip6/conv_bn_relu.cpp:238]   --->   Operation 392 'bitconcatenate' 'tmp_18' <Predicate = (!icmp_ln1027_9)> <Delay = 0.00>
ST_34 : Operation 393 [1/1] (0.00ns)   --->   "%empty_180 = trunc i8 %kh_1" [../ip/ip6/conv_bn_relu.cpp:235]   --->   Operation 393 'trunc' 'empty_180' <Predicate = (!icmp_ln1027_9)> <Delay = 0.00>
ST_34 : Operation 394 [1/1] (1.29ns)   --->   "%br_ln236 = br void %for.inc373" [../ip/ip6/conv_bn_relu.cpp:236]   --->   Operation 394 'br' 'br_ln236' <Predicate = (!icmp_ln1027_9)> <Delay = 1.29>
ST_34 : Operation 395 [1/1] (0.00ns)   --->   "%tmp_16 = bitconcatenate i18 @_ssdm_op_BitConcatenate.i18.i16.i2, i16 %c_out, i2 0" [../ip/ip6/conv_bn_relu.cpp:225]   --->   Operation 395 'bitconcatenate' 'tmp_16' <Predicate = (icmp_ln1027_9)> <Delay = 0.00>
ST_34 : Operation 396 [1/1] (0.00ns)   --->   "%p_cast135 = zext i18 %tmp_16" [../ip/ip6/conv_bn_relu.cpp:225]   --->   Operation 396 'zext' 'p_cast135' <Predicate = (icmp_ln1027_9)> <Delay = 0.00>
ST_34 : Operation 397 [1/1] (2.69ns)   --->   "%empty_175 = add i64 %p_cast135, i64 %bn_mean_read" [../ip/ip6/conv_bn_relu.cpp:225]   --->   Operation 397 'add' 'empty_175' <Predicate = (icmp_ln1027_9)> <Delay = 2.69> <CoreInst = "Adder">   --->   Core 1 'Adder' <Latency = 0> <II = 1> <Delay = 2.69> <FuncUnit> <Opcode : 'add' 'sub'> <InPorts = 2> <OutPorts = 1>
ST_34 : Operation 398 [1/1] (0.00ns)   --->   "%tmp_17 = partselect i7 @_ssdm_op_PartSelect.i7.i16.i32.i32, i16 %c_out, i32 2, i32 8" [../ip/ip6/conv_bn_relu.cpp:225]   --->   Operation 398 'partselect' 'tmp_17' <Predicate = (icmp_ln1027_9)> <Delay = 0.00>
ST_34 : Operation 399 [1/1] (2.69ns)   --->   "%empty_176 = add i64 %p_cast135, i64 %bn_beta_read" [../ip/ip6/conv_bn_relu.cpp:225]   --->   Operation 399 'add' 'empty_176' <Predicate = (icmp_ln1027_9)> <Delay = 2.69> <CoreInst = "Adder">   --->   Core 1 'Adder' <Latency = 0> <II = 1> <Delay = 2.69> <FuncUnit> <Opcode : 'add' 'sub'> <InPorts = 2> <OutPorts = 1>
ST_34 : Operation 400 [1/1] (0.00ns)   --->   "%empty_177 = trunc i16 %c_out" [../ip/ip6/conv_bn_relu.cpp:225]   --->   Operation 400 'trunc' 'empty_177' <Predicate = (icmp_ln1027_9)> <Delay = 0.00>
ST_34 : Operation 401 [1/1] (0.00ns)   --->   "%p_cast = partselect i62 @_ssdm_op_PartSelect.i62.i64.i32.i32, i64 %empty_175, i32 2, i32 63" [../ip/ip6/conv_bn_relu.cpp:225]   --->   Operation 401 'partselect' 'p_cast' <Predicate = (icmp_ln1027_9)> <Delay = 0.00>
ST_34 : Operation 402 [1/1] (0.00ns)   --->   "%p_cast_cast = sext i62 %p_cast" [../ip/ip6/conv_bn_relu.cpp:225]   --->   Operation 402 'sext' 'p_cast_cast' <Predicate = (icmp_ln1027_9)> <Delay = 0.00>
ST_34 : Operation 403 [1/1] (0.00ns)   --->   "%gmem3_addr = getelementptr i32 %gmem3, i64 %p_cast_cast" [../ip/ip6/conv_bn_relu.cpp:225]   --->   Operation 403 'getelementptr' 'gmem3_addr' <Predicate = (icmp_ln1027_9)> <Delay = 0.00>
ST_34 : Operation 404 [1/1] (0.00ns)   --->   "%p_cast1 = partselect i62 @_ssdm_op_PartSelect.i62.i64.i32.i32, i64 %empty_176, i32 2, i32 63" [../ip/ip6/conv_bn_relu.cpp:225]   --->   Operation 404 'partselect' 'p_cast1' <Predicate = (icmp_ln1027_9)> <Delay = 0.00>
ST_34 : Operation 405 [1/1] (0.00ns)   --->   "%p_cast76_cast = sext i62 %p_cast1" [../ip/ip6/conv_bn_relu.cpp:225]   --->   Operation 405 'sext' 'p_cast76_cast' <Predicate = (icmp_ln1027_9)> <Delay = 0.00>
ST_34 : Operation 406 [1/1] (0.00ns)   --->   "%gmem3_addr_3 = getelementptr i32 %gmem3, i64 %p_cast76_cast" [../ip/ip6/conv_bn_relu.cpp:225]   --->   Operation 406 'getelementptr' 'gmem3_addr_3' <Predicate = (icmp_ln1027_9)> <Delay = 0.00>

State 35 <SV = 34> <Delay = 1.31>
ST_35 : Operation 407 [1/1] (0.00ns)   --->   "%kw = phi i8 %add_ln236, void %arrayidx3722.exit, i8 0, void %VITIS_LOOP_236_23.split" [../ip/ip6/conv_bn_relu.cpp:236]   --->   Operation 407 'phi' 'kw' <Predicate = true> <Delay = 0.00>
ST_35 : Operation 408 [1/1] (1.31ns)   --->   "%icmp_ln1027_10 = icmp_eq  i8 %kw, i8 %kernel_size_read"   --->   Operation 408 'icmp' 'icmp_ln1027_10' <Predicate = true> <Delay = 1.31> <CoreInst = "Cmp">   --->   Core 9 'Cmp' <Latency = 0> <II = 1> <Delay = 1.31> <FuncUnit> <Opcode : 'icmp'> <InPorts = 2> <OutPorts = 1>
ST_35 : Operation 409 [1/1] (0.00ns)   --->   "%empty_181 = speclooptripcount i32 @_ssdm_op_SpecLoopTripCount, i64 0, i64 255, i64 0"   --->   Operation 409 'speclooptripcount' 'empty_181' <Predicate = true> <Delay = 0.00>
ST_35 : Operation 410 [1/1] (1.30ns)   --->   "%add_ln236 = add i8 %kw, i8 1" [../ip/ip6/conv_bn_relu.cpp:236]   --->   Operation 410 'add' 'add_ln236' <Predicate = true> <Delay = 1.30> <CoreInst = "Adder">   --->   Core 1 'Adder' <Latency = 0> <II = 1> <Delay = 1.30> <FuncUnit> <Opcode : 'add' 'sub'> <InPorts = 2> <OutPorts = 1>
ST_35 : Operation 411 [1/1] (0.00ns)   --->   "%br_ln236 = br i1 %icmp_ln1027_10, void %for.inc373.split, void %for.inc376" [../ip/ip6/conv_bn_relu.cpp:236]   --->   Operation 411 'br' 'br_ln236' <Predicate = true> <Delay = 0.00>
ST_35 : Operation 412 [1/1] (0.00ns)   --->   "%lshr_ln2 = partselect i2 @_ssdm_op_PartSelect.i2.i8.i32.i32, i8 %kw, i32 1, i32 2" [../ip/ip6/conv_bn_relu.cpp:238]   --->   Operation 412 'partselect' 'lshr_ln2' <Predicate = (!icmp_ln1027_10)> <Delay = 0.00>
ST_35 : Operation 413 [1/1] (0.63ns)   --->   "%add_ln238 = add i2 %tmp_18, i2 %lshr_ln2" [../ip/ip6/conv_bn_relu.cpp:238]   --->   Operation 413 'add' 'add_ln238' <Predicate = (!icmp_ln1027_10)> <Delay = 0.63> <CoreInst = "Adder">   --->   Core 1 'Adder' <Latency = 0> <II = 1> <Delay = 0.63> <FuncUnit> <Opcode : 'add' 'sub'> <InPorts = 2> <OutPorts = 1>
ST_35 : Operation 414 [1/1] (0.00ns)   --->   "%trunc_ln238 = trunc i8 %kw" [../ip/ip6/conv_bn_relu.cpp:238]   --->   Operation 414 'trunc' 'trunc_ln238' <Predicate = (!icmp_ln1027_10)> <Delay = 0.00>
ST_35 : Operation 415 [1/1] (0.00ns)   --->   "%br_ln235 = br void %VITIS_LOOP_236_23" [../ip/ip6/conv_bn_relu.cpp:235]   --->   Operation 415 'br' 'br_ln235' <Predicate = (icmp_ln1027_10)> <Delay = 0.00>

State 36 <SV = 35> <Delay = 7.30>
ST_36 : Operation 416 [1/1] (7.30ns)   --->   "%gmem2_addr_read = read i32 @_ssdm_op_Read.m_axi.p1i32, i32 %gmem2_addr" [../ip/ip6/conv_bn_relu.cpp:238]   --->   Operation 416 'read' 'gmem2_addr_read' <Predicate = true> <Delay = 7.30> <CoreInst = "m_axi">   --->   Core 113 'm_axi' <Latency = 0> <II = 1> <Delay = 1.00> <Adapter> <Opcode : 'read' 'write' 'readreq' 'writereq' 'writeresp'>
ST_36 : Operation 417 [1/1] (0.00ns)   --->   "%bitcast_ln238 = bitcast i32 %gmem2_addr_read" [../ip/ip6/conv_bn_relu.cpp:238]   --->   Operation 417 'bitcast' 'bitcast_ln238' <Predicate = true> <Delay = 0.00>

State 37 <SV = 36> <Delay = 1.75>
ST_37 : Operation 418 [1/1] (0.00ns)   --->   "%specloopname_ln236 = specloopname void @_ssdm_op_SpecLoopName, void @empty_33" [../ip/ip6/conv_bn_relu.cpp:236]   --->   Operation 418 'specloopname' 'specloopname_ln236' <Predicate = true> <Delay = 0.00>
ST_37 : Operation 419 [1/1] (0.00ns)   --->   "%zext_ln238 = zext i2 %add_ln238" [../ip/ip6/conv_bn_relu.cpp:238]   --->   Operation 419 'zext' 'zext_ln238' <Predicate = true> <Delay = 0.00>
ST_37 : Operation 420 [1/1] (0.00ns)   --->   "%local_kernel_addr = getelementptr i32 %local_kernel, i64 0, i64 %zext_ln238" [../ip/ip6/conv_bn_relu.cpp:238]   --->   Operation 420 'getelementptr' 'local_kernel_addr' <Predicate = true> <Delay = 0.00>
ST_37 : Operation 421 [1/1] (0.00ns)   --->   "%local_kernel_1_addr = getelementptr i32 %local_kernel_1, i64 0, i64 %zext_ln238" [../ip/ip6/conv_bn_relu.cpp:238]   --->   Operation 421 'getelementptr' 'local_kernel_1_addr' <Predicate = true> <Delay = 0.00>
ST_37 : Operation 422 [1/1] (0.00ns)   --->   "%local_kernel_2_addr_1 = getelementptr i32 %local_kernel_2, i64 0, i64 %zext_ln238" [../ip/ip6/conv_bn_relu.cpp:238]   --->   Operation 422 'getelementptr' 'local_kernel_2_addr_1' <Predicate = true> <Delay = 0.00>
ST_37 : Operation 423 [1/1] (0.00ns)   --->   "%local_kernel12_addr = getelementptr i32 %local_kernel12, i64 0, i64 %zext_ln238" [../ip/ip6/conv_bn_relu.cpp:238]   --->   Operation 423 'getelementptr' 'local_kernel12_addr' <Predicate = true> <Delay = 0.00>
ST_37 : Operation 424 [1/1] (0.00ns)   --->   "%br_ln238 = br i1 %empty_180, void %arrayidx3722.case.0, void %arrayidx3722.case.1" [../ip/ip6/conv_bn_relu.cpp:238]   --->   Operation 424 'br' 'br_ln238' <Predicate = true> <Delay = 0.00>
ST_37 : Operation 425 [1/1] (0.00ns)   --->   "%br_ln238 = br i1 %trunc_ln238, void %arrayidx3722.case.03831, void %arrayidx3722.case.13832" [../ip/ip6/conv_bn_relu.cpp:238]   --->   Operation 425 'br' 'br_ln238' <Predicate = (!empty_180)> <Delay = 0.00>
ST_37 : Operation 426 [1/1] (1.75ns)   --->   "%store_ln238 = store i32 %bitcast_ln238, i2 %local_kernel12_addr" [../ip/ip6/conv_bn_relu.cpp:238]   --->   Operation 426 'store' 'store_ln238' <Predicate = (!empty_180 & !trunc_ln238)> <Delay = 1.75> <CoreInst = "RAM">   --->   Core 82 'RAM' <Latency = 1> <II = 1> <Delay = 1.75> <Storage> <Opcode : 'load' 'store'> <Ports = 2> <Width = 32> <Depth = 4> <RAM>
ST_37 : Operation 427 [1/1] (0.00ns)   --->   "%br_ln238 = br void %arrayidx3722.exit3830" [../ip/ip6/conv_bn_relu.cpp:238]   --->   Operation 427 'br' 'br_ln238' <Predicate = (!empty_180 & !trunc_ln238)> <Delay = 0.00>
ST_37 : Operation 428 [1/1] (1.75ns)   --->   "%store_ln238 = store i32 %bitcast_ln238, i2 %local_kernel_2_addr_1" [../ip/ip6/conv_bn_relu.cpp:238]   --->   Operation 428 'store' 'store_ln238' <Predicate = (!empty_180 & trunc_ln238)> <Delay = 1.75> <CoreInst = "RAM">   --->   Core 82 'RAM' <Latency = 1> <II = 1> <Delay = 1.75> <Storage> <Opcode : 'load' 'store'> <Ports = 2> <Width = 32> <Depth = 4> <RAM>
ST_37 : Operation 429 [1/1] (0.00ns)   --->   "%br_ln238 = br void %arrayidx3722.exit3830" [../ip/ip6/conv_bn_relu.cpp:238]   --->   Operation 429 'br' 'br_ln238' <Predicate = (!empty_180 & trunc_ln238)> <Delay = 0.00>
ST_37 : Operation 430 [1/1] (0.00ns)   --->   "%br_ln238 = br void %arrayidx3722.exit" [../ip/ip6/conv_bn_relu.cpp:238]   --->   Operation 430 'br' 'br_ln238' <Predicate = (!empty_180)> <Delay = 0.00>
ST_37 : Operation 431 [1/1] (0.00ns)   --->   "%br_ln238 = br i1 %trunc_ln238, void %arrayidx3722.case.03835, void %arrayidx3722.case.13836" [../ip/ip6/conv_bn_relu.cpp:238]   --->   Operation 431 'br' 'br_ln238' <Predicate = (empty_180)> <Delay = 0.00>
ST_37 : Operation 432 [1/1] (1.75ns)   --->   "%store_ln238 = store i32 %bitcast_ln238, i2 %local_kernel_1_addr" [../ip/ip6/conv_bn_relu.cpp:238]   --->   Operation 432 'store' 'store_ln238' <Predicate = (empty_180 & !trunc_ln238)> <Delay = 1.75> <CoreInst = "RAM">   --->   Core 82 'RAM' <Latency = 1> <II = 1> <Delay = 1.75> <Storage> <Opcode : 'load' 'store'> <Ports = 2> <Width = 32> <Depth = 4> <RAM>
ST_37 : Operation 433 [1/1] (0.00ns)   --->   "%br_ln238 = br void %arrayidx3722.exit3834" [../ip/ip6/conv_bn_relu.cpp:238]   --->   Operation 433 'br' 'br_ln238' <Predicate = (empty_180 & !trunc_ln238)> <Delay = 0.00>
ST_37 : Operation 434 [1/1] (1.75ns)   --->   "%store_ln238 = store i32 %bitcast_ln238, i2 %local_kernel_addr" [../ip/ip6/conv_bn_relu.cpp:238]   --->   Operation 434 'store' 'store_ln238' <Predicate = (empty_180 & trunc_ln238)> <Delay = 1.75> <CoreInst = "RAM">   --->   Core 82 'RAM' <Latency = 1> <II = 1> <Delay = 1.75> <Storage> <Opcode : 'load' 'store'> <Ports = 2> <Width = 32> <Depth = 4> <RAM>
ST_37 : Operation 435 [1/1] (0.00ns)   --->   "%br_ln238 = br void %arrayidx3722.exit3834" [../ip/ip6/conv_bn_relu.cpp:238]   --->   Operation 435 'br' 'br_ln238' <Predicate = (empty_180 & trunc_ln238)> <Delay = 0.00>
ST_37 : Operation 436 [1/1] (0.00ns)   --->   "%br_ln238 = br void %arrayidx3722.exit" [../ip/ip6/conv_bn_relu.cpp:238]   --->   Operation 436 'br' 'br_ln238' <Predicate = (empty_180)> <Delay = 0.00>
ST_37 : Operation 437 [1/1] (0.00ns)   --->   "%br_ln236 = br void %for.inc373" [../ip/ip6/conv_bn_relu.cpp:236]   --->   Operation 437 'br' 'br_ln236' <Predicate = true> <Delay = 0.00>

State 38 <SV = 34> <Delay = 7.30>
ST_38 : Operation 438 [7/7] (7.30ns)   --->   "%gmem3_load_4_req = readreq i1 @_ssdm_op_ReadReq.m_axi.i32P1A, i32 %gmem3_addr, i32 1" [../ip/ip6/conv_bn_relu.cpp:225]   --->   Operation 438 'readreq' 'gmem3_load_4_req' <Predicate = true> <Delay = 7.30> <CoreInst = "m_axi">   --->   Core 113 'm_axi' <Latency = 0> <II = 1> <Delay = 1.00> <Adapter> <Opcode : 'read' 'write' 'readreq' 'writereq' 'writeresp'>

State 39 <SV = 35> <Delay = 7.30>
ST_39 : Operation 439 [6/7] (7.30ns)   --->   "%gmem3_load_4_req = readreq i1 @_ssdm_op_ReadReq.m_axi.i32P1A, i32 %gmem3_addr, i32 1" [../ip/ip6/conv_bn_relu.cpp:225]   --->   Operation 439 'readreq' 'gmem3_load_4_req' <Predicate = true> <Delay = 7.30> <CoreInst = "m_axi">   --->   Core 113 'm_axi' <Latency = 0> <II = 1> <Delay = 1.00> <Adapter> <Opcode : 'read' 'write' 'readreq' 'writereq' 'writeresp'>
ST_39 : Operation 440 [7/7] (7.30ns)   --->   "%gmem3_load_5_req = readreq i1 @_ssdm_op_ReadReq.m_axi.i32P1A, i32 %gmem3_addr_3, i32 1" [../ip/ip6/conv_bn_relu.cpp:225]   --->   Operation 440 'readreq' 'gmem3_load_5_req' <Predicate = true> <Delay = 7.30> <CoreInst = "m_axi">   --->   Core 113 'm_axi' <Latency = 0> <II = 1> <Delay = 1.00> <Adapter> <Opcode : 'read' 'write' 'readreq' 'writereq' 'writeresp'>

State 40 <SV = 36> <Delay = 7.30>
ST_40 : Operation 441 [5/7] (7.30ns)   --->   "%gmem3_load_4_req = readreq i1 @_ssdm_op_ReadReq.m_axi.i32P1A, i32 %gmem3_addr, i32 1" [../ip/ip6/conv_bn_relu.cpp:225]   --->   Operation 441 'readreq' 'gmem3_load_4_req' <Predicate = true> <Delay = 7.30> <CoreInst = "m_axi">   --->   Core 113 'm_axi' <Latency = 0> <II = 1> <Delay = 1.00> <Adapter> <Opcode : 'read' 'write' 'readreq' 'writereq' 'writeresp'>
ST_40 : Operation 442 [6/7] (7.30ns)   --->   "%gmem3_load_5_req = readreq i1 @_ssdm_op_ReadReq.m_axi.i32P1A, i32 %gmem3_addr_3, i32 1" [../ip/ip6/conv_bn_relu.cpp:225]   --->   Operation 442 'readreq' 'gmem3_load_5_req' <Predicate = true> <Delay = 7.30> <CoreInst = "m_axi">   --->   Core 113 'm_axi' <Latency = 0> <II = 1> <Delay = 1.00> <Adapter> <Opcode : 'read' 'write' 'readreq' 'writereq' 'writeresp'>

State 41 <SV = 37> <Delay = 7.30>
ST_41 : Operation 443 [4/7] (7.30ns)   --->   "%gmem3_load_4_req = readreq i1 @_ssdm_op_ReadReq.m_axi.i32P1A, i32 %gmem3_addr, i32 1" [../ip/ip6/conv_bn_relu.cpp:225]   --->   Operation 443 'readreq' 'gmem3_load_4_req' <Predicate = true> <Delay = 7.30> <CoreInst = "m_axi">   --->   Core 113 'm_axi' <Latency = 0> <II = 1> <Delay = 1.00> <Adapter> <Opcode : 'read' 'write' 'readreq' 'writereq' 'writeresp'>
ST_41 : Operation 444 [5/7] (7.30ns)   --->   "%gmem3_load_5_req = readreq i1 @_ssdm_op_ReadReq.m_axi.i32P1A, i32 %gmem3_addr_3, i32 1" [../ip/ip6/conv_bn_relu.cpp:225]   --->   Operation 444 'readreq' 'gmem3_load_5_req' <Predicate = true> <Delay = 7.30> <CoreInst = "m_axi">   --->   Core 113 'm_axi' <Latency = 0> <II = 1> <Delay = 1.00> <Adapter> <Opcode : 'read' 'write' 'readreq' 'writereq' 'writeresp'>

State 42 <SV = 38> <Delay = 7.30>
ST_42 : Operation 445 [3/7] (7.30ns)   --->   "%gmem3_load_4_req = readreq i1 @_ssdm_op_ReadReq.m_axi.i32P1A, i32 %gmem3_addr, i32 1" [../ip/ip6/conv_bn_relu.cpp:225]   --->   Operation 445 'readreq' 'gmem3_load_4_req' <Predicate = true> <Delay = 7.30> <CoreInst = "m_axi">   --->   Core 113 'm_axi' <Latency = 0> <II = 1> <Delay = 1.00> <Adapter> <Opcode : 'read' 'write' 'readreq' 'writereq' 'writeresp'>
ST_42 : Operation 446 [4/7] (7.30ns)   --->   "%gmem3_load_5_req = readreq i1 @_ssdm_op_ReadReq.m_axi.i32P1A, i32 %gmem3_addr_3, i32 1" [../ip/ip6/conv_bn_relu.cpp:225]   --->   Operation 446 'readreq' 'gmem3_load_5_req' <Predicate = true> <Delay = 7.30> <CoreInst = "m_axi">   --->   Core 113 'm_axi' <Latency = 0> <II = 1> <Delay = 1.00> <Adapter> <Opcode : 'read' 'write' 'readreq' 'writereq' 'writeresp'>

State 43 <SV = 39> <Delay = 7.30>
ST_43 : Operation 447 [2/7] (7.30ns)   --->   "%gmem3_load_4_req = readreq i1 @_ssdm_op_ReadReq.m_axi.i32P1A, i32 %gmem3_addr, i32 1" [../ip/ip6/conv_bn_relu.cpp:225]   --->   Operation 447 'readreq' 'gmem3_load_4_req' <Predicate = true> <Delay = 7.30> <CoreInst = "m_axi">   --->   Core 113 'm_axi' <Latency = 0> <II = 1> <Delay = 1.00> <Adapter> <Opcode : 'read' 'write' 'readreq' 'writereq' 'writeresp'>
ST_43 : Operation 448 [3/7] (7.30ns)   --->   "%gmem3_load_5_req = readreq i1 @_ssdm_op_ReadReq.m_axi.i32P1A, i32 %gmem3_addr_3, i32 1" [../ip/ip6/conv_bn_relu.cpp:225]   --->   Operation 448 'readreq' 'gmem3_load_5_req' <Predicate = true> <Delay = 7.30> <CoreInst = "m_axi">   --->   Core 113 'm_axi' <Latency = 0> <II = 1> <Delay = 1.00> <Adapter> <Opcode : 'read' 'write' 'readreq' 'writereq' 'writeresp'>

State 44 <SV = 40> <Delay = 7.30>
ST_44 : Operation 449 [1/7] (7.30ns)   --->   "%gmem3_load_4_req = readreq i1 @_ssdm_op_ReadReq.m_axi.i32P1A, i32 %gmem3_addr, i32 1" [../ip/ip6/conv_bn_relu.cpp:225]   --->   Operation 449 'readreq' 'gmem3_load_4_req' <Predicate = true> <Delay = 7.30> <CoreInst = "m_axi">   --->   Core 113 'm_axi' <Latency = 0> <II = 1> <Delay = 1.00> <Adapter> <Opcode : 'read' 'write' 'readreq' 'writereq' 'writeresp'>
ST_44 : Operation 450 [2/7] (7.30ns)   --->   "%gmem3_load_5_req = readreq i1 @_ssdm_op_ReadReq.m_axi.i32P1A, i32 %gmem3_addr_3, i32 1" [../ip/ip6/conv_bn_relu.cpp:225]   --->   Operation 450 'readreq' 'gmem3_load_5_req' <Predicate = true> <Delay = 7.30> <CoreInst = "m_axi">   --->   Core 113 'm_axi' <Latency = 0> <II = 1> <Delay = 1.00> <Adapter> <Opcode : 'read' 'write' 'readreq' 'writereq' 'writeresp'>

State 45 <SV = 41> <Delay = 7.30>
ST_45 : Operation 451 [1/1] (7.30ns)   --->   "%gmem3_addr_read = read i32 @_ssdm_op_Read.m_axi.i32P1A, i32 %gmem3_addr" [../ip/ip6/conv_bn_relu.cpp:225]   --->   Operation 451 'read' 'gmem3_addr_read' <Predicate = true> <Delay = 7.30> <CoreInst = "m_axi">   --->   Core 113 'm_axi' <Latency = 0> <II = 1> <Delay = 1.00> <Adapter> <Opcode : 'read' 'write' 'readreq' 'writereq' 'writeresp'>
ST_45 : Operation 452 [1/7] (7.30ns)   --->   "%gmem3_load_5_req = readreq i1 @_ssdm_op_ReadReq.m_axi.i32P1A, i32 %gmem3_addr_3, i32 1" [../ip/ip6/conv_bn_relu.cpp:225]   --->   Operation 452 'readreq' 'gmem3_load_5_req' <Predicate = true> <Delay = 7.30> <CoreInst = "m_axi">   --->   Core 113 'm_axi' <Latency = 0> <II = 1> <Delay = 1.00> <Adapter> <Opcode : 'read' 'write' 'readreq' 'writereq' 'writeresp'>

State 46 <SV = 42> <Delay = 7.30>
ST_46 : Operation 453 [1/1] (7.30ns)   --->   "%gmem3_addr_3_read = read i32 @_ssdm_op_Read.m_axi.i32P1A, i32 %gmem3_addr_3" [../ip/ip6/conv_bn_relu.cpp:225]   --->   Operation 453 'read' 'gmem3_addr_3_read' <Predicate = true> <Delay = 7.30> <CoreInst = "m_axi">   --->   Core 113 'm_axi' <Latency = 0> <II = 1> <Delay = 1.00> <Adapter> <Opcode : 'read' 'write' 'readreq' 'writereq' 'writeresp'>

State 47 <SV = 43> <Delay = 3.15>
ST_47 : Operation 454 [1/1] (0.00ns)   --->   "%p_cast136 = zext i7 %tmp_17" [../ip/ip6/conv_bn_relu.cpp:225]   --->   Operation 454 'zext' 'p_cast136' <Predicate = true> <Delay = 0.00>
ST_47 : Operation 455 [1/1] (0.00ns)   --->   "%bn_params_7_addr = getelementptr i64 %bn_params_7, i64 0, i64 %p_cast136" [../ip/ip6/conv_bn_relu.cpp:225]   --->   Operation 455 'getelementptr' 'bn_params_7_addr' <Predicate = true> <Delay = 0.00>
ST_47 : Operation 456 [1/1] (0.00ns)   --->   "%bn_params_6_addr = getelementptr i64 %bn_params_6, i64 0, i64 %p_cast136" [../ip/ip6/conv_bn_relu.cpp:225]   --->   Operation 456 'getelementptr' 'bn_params_6_addr' <Predicate = true> <Delay = 0.00>
ST_47 : Operation 457 [1/1] (0.00ns)   --->   "%bn_params_5_addr = getelementptr i64 %bn_params_5, i64 0, i64 %p_cast136" [../ip/ip6/conv_bn_relu.cpp:225]   --->   Operation 457 'getelementptr' 'bn_params_5_addr' <Predicate = true> <Delay = 0.00>
ST_47 : Operation 458 [1/1] (0.00ns)   --->   "%bn_params_4_addr = getelementptr i64 %bn_params_4, i64 0, i64 %p_cast136" [../ip/ip6/conv_bn_relu.cpp:225]   --->   Operation 458 'getelementptr' 'bn_params_4_addr' <Predicate = true> <Delay = 0.00>
ST_47 : Operation 459 [2/2] (2.77ns)   --->   "%bn_params_7_load = load i7 %bn_params_7_addr" [../ip/ip6/conv_bn_relu.cpp:225]   --->   Operation 459 'load' 'bn_params_7_load' <Predicate = true> <Delay = 2.77> <CoreInst = "RAM">   --->   Core 82 'RAM' <Latency = 1> <II = 1> <Delay = 2.77> <Storage> <Opcode : 'load' 'store'> <Ports = 2> <Width = 64> <Depth = 128> <RAM>
ST_47 : Operation 460 [2/2] (2.77ns)   --->   "%bn_params_6_load = load i7 %bn_params_6_addr" [../ip/ip6/conv_bn_relu.cpp:225]   --->   Operation 460 'load' 'bn_params_6_load' <Predicate = true> <Delay = 2.77> <CoreInst = "RAM">   --->   Core 82 'RAM' <Latency = 1> <II = 1> <Delay = 2.77> <Storage> <Opcode : 'load' 'store'> <Ports = 2> <Width = 64> <Depth = 128> <RAM>
ST_47 : Operation 461 [2/2] (2.77ns)   --->   "%bn_params_5_load = load i7 %bn_params_5_addr" [../ip/ip6/conv_bn_relu.cpp:225]   --->   Operation 461 'load' 'bn_params_5_load' <Predicate = true> <Delay = 2.77> <CoreInst = "RAM">   --->   Core 82 'RAM' <Latency = 1> <II = 1> <Delay = 2.77> <Storage> <Opcode : 'load' 'store'> <Ports = 2> <Width = 64> <Depth = 128> <RAM>
ST_47 : Operation 462 [2/2] (2.77ns)   --->   "%bn_params_4_load = load i7 %bn_params_4_addr" [../ip/ip6/conv_bn_relu.cpp:225]   --->   Operation 462 'load' 'bn_params_4_load' <Predicate = true> <Delay = 2.77> <CoreInst = "RAM">   --->   Core 82 'RAM' <Latency = 1> <II = 1> <Delay = 2.77> <Storage> <Opcode : 'load' 'store'> <Ports = 2> <Width = 64> <Depth = 128> <RAM>
ST_47 : Operation 463 [1/1] (0.00ns)   --->   "%empty_178 = bitcast i32 %gmem3_addr_read" [../ip/ip6/conv_bn_relu.cpp:225]   --->   Operation 463 'bitcast' 'empty_178' <Predicate = true> <Delay = 0.00>
ST_47 : Operation 464 [2/2] (3.15ns)   --->   "%conv6 = fpext i32 %empty_178" [../ip/ip6/conv_bn_relu.cpp:225]   --->   Operation 464 'fpext' 'conv6' <Predicate = true> <Delay = 3.15> <CoreInst = "Float2Double">   --->   Core 64 'Float2Double' <Latency = 1> <II = 1> <Delay = 3.15> <FuncUnit> <Opcode : 'fpext'> <InPorts = 1> <OutPorts = 1>
ST_47 : Operation 465 [1/1] (0.00ns)   --->   "%empty_179 = bitcast i32 %gmem3_addr_3_read" [../ip/ip6/conv_bn_relu.cpp:225]   --->   Operation 465 'bitcast' 'empty_179' <Predicate = true> <Delay = 0.00>
ST_47 : Operation 466 [2/2] (3.15ns)   --->   "%conv7 = fpext i32 %empty_179" [../ip/ip6/conv_bn_relu.cpp:225]   --->   Operation 466 'fpext' 'conv7' <Predicate = true> <Delay = 3.15> <CoreInst = "Float2Double">   --->   Core 64 'Float2Double' <Latency = 1> <II = 1> <Delay = 3.15> <FuncUnit> <Opcode : 'fpext'> <InPorts = 1> <OutPorts = 1>

State 48 <SV = 44> <Delay = 3.15>
ST_48 : Operation 467 [1/2] (2.77ns)   --->   "%bn_params_7_load = load i7 %bn_params_7_addr" [../ip/ip6/conv_bn_relu.cpp:225]   --->   Operation 467 'load' 'bn_params_7_load' <Predicate = true> <Delay = 2.77> <CoreInst = "RAM">   --->   Core 82 'RAM' <Latency = 1> <II = 1> <Delay = 2.77> <Storage> <Opcode : 'load' 'store'> <Ports = 2> <Width = 64> <Depth = 128> <RAM>
ST_48 : Operation 468 [1/2] (2.77ns)   --->   "%bn_params_6_load = load i7 %bn_params_6_addr" [../ip/ip6/conv_bn_relu.cpp:225]   --->   Operation 468 'load' 'bn_params_6_load' <Predicate = true> <Delay = 2.77> <CoreInst = "RAM">   --->   Core 82 'RAM' <Latency = 1> <II = 1> <Delay = 2.77> <Storage> <Opcode : 'load' 'store'> <Ports = 2> <Width = 64> <Depth = 128> <RAM>
ST_48 : Operation 469 [1/2] (2.77ns)   --->   "%bn_params_5_load = load i7 %bn_params_5_addr" [../ip/ip6/conv_bn_relu.cpp:225]   --->   Operation 469 'load' 'bn_params_5_load' <Predicate = true> <Delay = 2.77> <CoreInst = "RAM">   --->   Core 82 'RAM' <Latency = 1> <II = 1> <Delay = 2.77> <Storage> <Opcode : 'load' 'store'> <Ports = 2> <Width = 64> <Depth = 128> <RAM>
ST_48 : Operation 470 [1/2] (2.77ns)   --->   "%bn_params_4_load = load i7 %bn_params_4_addr" [../ip/ip6/conv_bn_relu.cpp:225]   --->   Operation 470 'load' 'bn_params_4_load' <Predicate = true> <Delay = 2.77> <CoreInst = "RAM">   --->   Core 82 'RAM' <Latency = 1> <II = 1> <Delay = 2.77> <Storage> <Opcode : 'load' 'store'> <Ports = 2> <Width = 64> <Depth = 128> <RAM>
ST_48 : Operation 471 [1/2] (3.15ns)   --->   "%conv6 = fpext i32 %empty_178" [../ip/ip6/conv_bn_relu.cpp:225]   --->   Operation 471 'fpext' 'conv6' <Predicate = true> <Delay = 3.15> <CoreInst = "Float2Double">   --->   Core 64 'Float2Double' <Latency = 1> <II = 1> <Delay = 3.15> <FuncUnit> <Opcode : 'fpext'> <InPorts = 1> <OutPorts = 1>
ST_48 : Operation 472 [1/2] (3.15ns)   --->   "%conv7 = fpext i32 %empty_179" [../ip/ip6/conv_bn_relu.cpp:225]   --->   Operation 472 'fpext' 'conv7' <Predicate = true> <Delay = 3.15> <CoreInst = "Float2Double">   --->   Core 64 'Float2Double' <Latency = 1> <II = 1> <Delay = 3.15> <FuncUnit> <Opcode : 'fpext'> <InPorts = 1> <OutPorts = 1>
ST_48 : Operation 473 [1/1] (1.29ns)   --->   "%br_ln243 = br void %VITIS_LOOP_244_25" [../ip/ip6/conv_bn_relu.cpp:243]   --->   Operation 473 'br' 'br_ln243' <Predicate = true> <Delay = 1.29>

State 49 <SV = 45> <Delay = 7.05>
ST_49 : Operation 474 [1/1] (0.00ns)   --->   "%h_out = phi i32 %h_out_blk_3, void %VITIS_LOOP_243_24.loopexit, i32 %h_out_6, void %for.inc474.loopexit"   --->   Operation 474 'phi' 'h_out' <Predicate = true> <Delay = 0.00>
ST_49 : Operation 475 [1/1] (1.96ns)   --->   "%icmp_ln243 = icmp_slt  i32 %h_out, i32 %h_out_end" [../ip/ip6/conv_bn_relu.cpp:243]   --->   Operation 475 'icmp' 'icmp_ln243' <Predicate = true> <Delay = 1.96> <CoreInst = "Cmp">   --->   Core 9 'Cmp' <Latency = 0> <II = 1> <Delay = 1.96> <FuncUnit> <Opcode : 'icmp'> <InPorts = 2> <OutPorts = 1>
ST_49 : Operation 476 [1/1] (0.00ns)   --->   "%br_ln243 = br i1 %icmp_ln243, void %for.inc477.loopexit, void %VITIS_LOOP_244_25.split" [../ip/ip6/conv_bn_relu.cpp:243]   --->   Operation 476 'br' 'br_ln243' <Predicate = true> <Delay = 0.00>
ST_49 : Operation 477 [1/1] (7.05ns)   --->   "%conv3_i_i_i2973530 = mul i32 %h_out, i32 %stride_cast128" [../ip/ip6/conv_bn_relu.cpp:215]   --->   Operation 477 'mul' 'conv3_i_i_i2973530' <Predicate = (icmp_ln243)> <Delay = 7.05> <CoreInst = "Multiplier">   --->   Core 3 'Multiplier' <Latency = 0> <II = 1> <Delay = 7.05> <FuncUnit> <Opcode : 'mul'> <InPorts = 2> <OutPorts = 1>
ST_49 : Operation 478 [1/1] (1.35ns)   --->   "%tmp_2 = mux i64 @_ssdm_op_Mux.ap_auto.4f64.i2, i64 %bn_params_7_load, i64 %bn_params_6_load, i64 %bn_params_5_load, i64 %bn_params_4_load, i2 %empty_177" [../ip/ip6/conv_bn_relu.cpp:225]   --->   Operation 478 'mux' 'tmp_2' <Predicate = (icmp_ln243)> <Delay = 1.35> <CoreInst = "Multiplexer">   --->   Core 76 'Multiplexer' <Latency = 0> <II = 1> <Delay = 1.35> <FuncUnit> <Opcode : 'mux'> <InPorts = 2> <OutPorts = 1>
ST_49 : Operation 479 [1/1] (0.00ns)   --->   "%br_ln225 = br void %VITIS_LOOP_235_22" [../ip/ip6/conv_bn_relu.cpp:225]   --->   Operation 479 'br' 'br_ln225' <Predicate = (!icmp_ln243)> <Delay = 0.00>

State 50 <SV = 46> <Delay = 7.05>
ST_50 : Operation 480 [1/1] (0.00ns)   --->   "%specloopname_ln243 = specloopname void @_ssdm_op_SpecLoopName, void @empty_35" [../ip/ip6/conv_bn_relu.cpp:243]   --->   Operation 480 'specloopname' 'specloopname_ln243' <Predicate = true> <Delay = 0.00>
ST_50 : Operation 481 [1/1] (7.05ns)   --->   "%mul_ln541 = mul i32 %h_out, i32 %conv_i_i494"   --->   Operation 481 'mul' 'mul_ln541' <Predicate = true> <Delay = 7.05> <CoreInst = "Multiplier">   --->   Core 3 'Multiplier' <Latency = 0> <II = 1> <Delay = 7.05> <FuncUnit> <Opcode : 'mul'> <InPorts = 2> <OutPorts = 1>
ST_50 : Operation 482 [1/1] (1.89ns)   --->   "%add_i_i309 = sub i32 %conv3_i_i_i2973530, i32 %padding_cast129" [../ip/ip6/conv_bn_relu.cpp:215]   --->   Operation 482 'sub' 'add_i_i309' <Predicate = true> <Delay = 1.89> <CoreInst = "Adder">   --->   Core 1 'Adder' <Latency = 0> <II = 1> <Delay = 1.89> <FuncUnit> <Opcode : 'add' 'sub'> <InPorts = 2> <OutPorts = 1>
ST_50 : Operation 483 [1/1] (1.29ns)   --->   "%br_ln244 = br void %VITIS_LOOP_250_26" [../ip/ip6/conv_bn_relu.cpp:244]   --->   Operation 483 'br' 'br_ln244' <Predicate = true> <Delay = 1.29>

State 51 <SV = 47> <Delay = 7.05>
ST_51 : Operation 484 [1/1] (0.00ns)   --->   "%w_out_2 = phi i32 %w_out_blk, void %VITIS_LOOP_244_25.split, i32 %w_out, void %for.inc471.loopexit"   --->   Operation 484 'phi' 'w_out_2' <Predicate = true> <Delay = 0.00>
ST_51 : Operation 485 [1/1] (1.96ns)   --->   "%icmp_ln244 = icmp_slt  i32 %w_out_2, i32 %w_out_end" [../ip/ip6/conv_bn_relu.cpp:244]   --->   Operation 485 'icmp' 'icmp_ln244' <Predicate = true> <Delay = 1.96> <CoreInst = "Cmp">   --->   Core 9 'Cmp' <Latency = 0> <II = 1> <Delay = 1.96> <FuncUnit> <Opcode : 'icmp'> <InPorts = 2> <OutPorts = 1>
ST_51 : Operation 486 [1/1] (0.00ns)   --->   "%br_ln244 = br i1 %icmp_ln244, void %for.inc474.loopexit, void %VITIS_LOOP_250_26.split" [../ip/ip6/conv_bn_relu.cpp:244]   --->   Operation 486 'br' 'br_ln244' <Predicate = true> <Delay = 0.00>
ST_51 : Operation 487 [1/1] (7.05ns)   --->   "%mul_ln1496 = mul i32 %w_out_2, i32 %stride_cast128"   --->   Operation 487 'mul' 'mul_ln1496' <Predicate = (icmp_ln244)> <Delay = 7.05> <CoreInst = "Multiplier">   --->   Core 3 'Multiplier' <Latency = 0> <II = 1> <Delay = 7.05> <FuncUnit> <Opcode : 'mul'> <InPorts = 2> <OutPorts = 1>
ST_51 : Operation 488 [1/1] (1.89ns)   --->   "%h_out_6 = add i32 %h_out, i32 1" [../ip/ip6/conv_bn_relu.cpp:243]   --->   Operation 488 'add' 'h_out_6' <Predicate = (!icmp_ln244)> <Delay = 1.89> <CoreInst = "Adder">   --->   Core 1 'Adder' <Latency = 0> <II = 1> <Delay = 1.89> <FuncUnit> <Opcode : 'add' 'sub'> <InPorts = 2> <OutPorts = 1>
ST_51 : Operation 489 [1/1] (0.00ns)   --->   "%br_ln243 = br void %VITIS_LOOP_244_25" [../ip/ip6/conv_bn_relu.cpp:243]   --->   Operation 489 'br' 'br_ln243' <Predicate = (!icmp_ln244)> <Delay = 0.00>

State 52 <SV = 48> <Delay = 1.89>
ST_52 : Operation 490 [1/1] (0.00ns)   --->   "%specloopname_ln244 = specloopname void @_ssdm_op_SpecLoopName, void @empty_37" [../ip/ip6/conv_bn_relu.cpp:244]   --->   Operation 490 'specloopname' 'specloopname_ln244' <Predicate = true> <Delay = 0.00>
ST_52 : Operation 491 [1/1] (1.89ns)   --->   "%sub_ln1496 = sub i32 %mul_ln1496, i32 %padding_cast129"   --->   Operation 491 'sub' 'sub_ln1496' <Predicate = true> <Delay = 1.89> <CoreInst = "Adder">   --->   Core 1 'Adder' <Latency = 0> <II = 1> <Delay = 1.89> <FuncUnit> <Opcode : 'add' 'sub'> <InPorts = 2> <OutPorts = 1>
ST_52 : Operation 492 [1/1] (1.29ns)   --->   "%br_ln250 = br void %VITIS_LOOP_251_27" [../ip/ip6/conv_bn_relu.cpp:250]   --->   Operation 492 'br' 'br_ln250' <Predicate = true> <Delay = 1.29>

State 53 <SV = 49> <Delay = 6.14>
ST_53 : Operation 493 [1/1] (0.00ns)   --->   "%kh_2 = phi i8 %add_ln250, void %for.inc445, i8 0, void %VITIS_LOOP_250_26.split" [../ip/ip6/conv_bn_relu.cpp:250]   --->   Operation 493 'phi' 'kh_2' <Predicate = true> <Delay = 0.00>
ST_53 : Operation 494 [1/1] (0.00ns)   --->   "%sum = phi i64 %sum_2, void %for.inc445, i64 0, void %VITIS_LOOP_250_26.split"   --->   Operation 494 'phi' 'sum' <Predicate = true> <Delay = 0.00>
ST_53 : Operation 495 [1/1] (1.31ns)   --->   "%icmp_ln1027_12 = icmp_eq  i8 %kh_2, i8 %kernel_size_read"   --->   Operation 495 'icmp' 'icmp_ln1027_12' <Predicate = true> <Delay = 1.31> <CoreInst = "Cmp">   --->   Core 9 'Cmp' <Latency = 0> <II = 1> <Delay = 1.31> <FuncUnit> <Opcode : 'icmp'> <InPorts = 2> <OutPorts = 1>
ST_53 : Operation 496 [1/1] (0.00ns)   --->   "%empty_182 = speclooptripcount i32 @_ssdm_op_SpecLoopTripCount, i64 0, i64 255, i64 0"   --->   Operation 496 'speclooptripcount' 'empty_182' <Predicate = true> <Delay = 0.00>
ST_53 : Operation 497 [1/1] (1.30ns)   --->   "%add_ln250 = add i8 %kh_2, i8 1" [../ip/ip6/conv_bn_relu.cpp:250]   --->   Operation 497 'add' 'add_ln250' <Predicate = true> <Delay = 1.30> <CoreInst = "Adder">   --->   Core 1 'Adder' <Latency = 0> <II = 1> <Delay = 1.30> <FuncUnit> <Opcode : 'add' 'sub'> <InPorts = 2> <OutPorts = 1>
ST_53 : Operation 498 [1/1] (0.00ns)   --->   "%br_ln250 = br i1 %icmp_ln1027_12, void %VITIS_LOOP_251_27.split, void %for.inc471.loopexit" [../ip/ip6/conv_bn_relu.cpp:250]   --->   Operation 498 'br' 'br_ln250' <Predicate = true> <Delay = 0.00>
ST_53 : Operation 499 [1/1] (0.00ns)   --->   "%kh_6_cast144 = zext i8 %kh_2" [../ip/ip6/conv_bn_relu.cpp:250]   --->   Operation 499 'zext' 'kh_6_cast144' <Predicate = (!icmp_ln1027_12)> <Delay = 0.00>
ST_53 : Operation 500 [1/1] (1.89ns)   --->   "%h_in = add i32 %add_i_i309, i32 %kh_6_cast144" [../ip/ip6/conv_bn_relu.cpp:215]   --->   Operation 500 'add' 'h_in' <Predicate = (!icmp_ln1027_12)> <Delay = 1.89> <CoreInst = "Adder">   --->   Core 1 'Adder' <Latency = 0> <II = 1> <Delay = 1.89> <FuncUnit> <Opcode : 'add' 'sub'> <InPorts = 2> <OutPorts = 1>
ST_53 : Operation 501 [1/1] (0.00ns) (grouped into LUT with out node and_ln259_1)   --->   "%tmp_20 = bitselect i1 @_ssdm_op_BitSelect.i1.i32.i32, i32 %h_in, i32 31" [../ip/ip6/conv_bn_relu.cpp:215]   --->   Operation 501 'bitselect' 'tmp_20' <Predicate = (!icmp_ln1027_12)> <Delay = 0.00>
ST_53 : Operation 502 [1/1] (0.00ns) (grouped into LUT with out node and_ln259_1)   --->   "%rev = xor i1 %tmp_20, i1 1" [../ip/ip6/conv_bn_relu.cpp:215]   --->   Operation 502 'xor' 'rev' <Predicate = (!icmp_ln1027_12)> <Delay = 0.00> <CoreInst = "LogicGate">   --->   Core 74 'LogicGate' <Latency = 0> <II = 1> <Delay = 0.80> <FuncUnit> <Opcode : 'and' 'or' 'xor'> <InPorts = 2> <OutPorts = 1>
ST_53 : Operation 503 [1/1] (1.96ns)   --->   "%cmp_i_i193 = icmp_slt  i32 %h_in, i32 %conv_i_i192" [../ip/ip6/conv_bn_relu.cpp:215]   --->   Operation 503 'icmp' 'cmp_i_i193' <Predicate = (!icmp_ln1027_12)> <Delay = 1.96> <CoreInst = "Cmp">   --->   Core 9 'Cmp' <Latency = 0> <II = 1> <Delay = 1.96> <FuncUnit> <Opcode : 'icmp'> <InPorts = 2> <OutPorts = 1>
ST_53 : Operation 504 [1/1] (0.00ns)   --->   "%tmp_21 = bitselect i1 @_ssdm_op_BitSelect.i1.i8.i32, i8 %kh_2, i32 1" [../ip/ip6/conv_bn_relu.cpp:250]   --->   Operation 504 'bitselect' 'tmp_21' <Predicate = (!icmp_ln1027_12)> <Delay = 0.00>
ST_53 : Operation 505 [1/1] (0.00ns)   --->   "%empty_183 = trunc i8 %kh_2" [../ip/ip6/conv_bn_relu.cpp:250]   --->   Operation 505 'trunc' 'empty_183' <Predicate = (!icmp_ln1027_12)> <Delay = 0.00>
ST_53 : Operation 506 [1/1] (0.80ns) (out node of the LUT)   --->   "%and_ln259_1 = and i1 %cmp_i_i193, i1 %rev" [../ip/ip6/conv_bn_relu.cpp:259]   --->   Operation 506 'and' 'and_ln259_1' <Predicate = (!icmp_ln1027_12)> <Delay = 0.80> <CoreInst = "LogicGate">   --->   Core 74 'LogicGate' <Latency = 0> <II = 1> <Delay = 0.80> <FuncUnit> <Opcode : 'and' 'or' 'xor'> <InPorts = 2> <OutPorts = 1>
ST_53 : Operation 507 [7/7] (6.14ns)   --->   "%val = dsub i64 %sum, i64 %conv6" [../ip/ip6/conv_bn_relu.cpp:267]   --->   Operation 507 'dsub' 'val' <Predicate = (icmp_ln1027_12)> <Delay = 6.14> <CoreInst = "DAddSub_fulldsp">   --->   Core 37 'DAddSub_fulldsp' <Latency = 6> <II = 1> <Delay = 6.14> <FuncUnit> <Opcode : 'dadd' 'dsub'> <InPorts = 2> <OutPorts = 1>
ST_53 : Operation 508 [1/1] (1.89ns)   --->   "%add_ln541 = add i32 %w_out_2, i32 %mul_ln541"   --->   Operation 508 'add' 'add_ln541' <Predicate = (icmp_ln1027_12)> <Delay = 1.89> <CoreInst = "Adder">   --->   Core 1 'Adder' <Latency = 0> <II = 1> <Delay = 1.89> <FuncUnit> <Opcode : 'add' 'sub'> <InPorts = 2> <OutPorts = 1>
ST_53 : Operation 509 [1/1] (1.89ns)   --->   "%w_out = add i32 %w_out_2, i32 1" [../ip/ip6/conv_bn_relu.cpp:244]   --->   Operation 509 'add' 'w_out' <Predicate = (icmp_ln1027_12)> <Delay = 1.89> <CoreInst = "Adder">   --->   Core 1 'Adder' <Latency = 0> <II = 1> <Delay = 1.89> <FuncUnit> <Opcode : 'add' 'sub'> <InPorts = 2> <OutPorts = 1>

State 54 <SV = 50> <Delay = 7.05>
ST_54 : Operation 510 [1/1] (0.00ns)   --->   "%specloopname_ln246 = specloopname void @_ssdm_op_SpecLoopName, void @empty_6" [../ip/ip6/conv_bn_relu.cpp:246]   --->   Operation 510 'specloopname' 'specloopname_ln246' <Predicate = true> <Delay = 0.00>
ST_54 : Operation 511 [1/1] (7.05ns)   --->   "%mul_ln541_2 = mul i32 %h_in, i32 %conv_i_i186"   --->   Operation 511 'mul' 'mul_ln541_2' <Predicate = true> <Delay = 7.05> <CoreInst = "Multiplier">   --->   Core 3 'Multiplier' <Latency = 0> <II = 1> <Delay = 7.05> <FuncUnit> <Opcode : 'mul'> <InPorts = 2> <OutPorts = 1>
ST_54 : Operation 512 [1/1] (0.00ns)   --->   "%tmp_22 = bitconcatenate i2 @_ssdm_op_BitConcatenate.i2.i1.i1, i1 %tmp_21, i1 0" [../ip/ip6/conv_bn_relu.cpp:261]   --->   Operation 512 'bitconcatenate' 'tmp_22' <Predicate = true> <Delay = 0.00>
ST_54 : Operation 513 [1/1] (1.29ns)   --->   "%br_ln251 = br void %for.body399" [../ip/ip6/conv_bn_relu.cpp:251]   --->   Operation 513 'br' 'br_ln251' <Predicate = true> <Delay = 1.29>

State 55 <SV = 51> <Delay = 5.96>
ST_55 : Operation 514 [1/1] (0.00ns)   --->   "%kw_1 = phi i8 0, void %VITIS_LOOP_251_27.split, i8 %add_ln251, void %for.inc442"   --->   Operation 514 'phi' 'kw_1' <Predicate = true> <Delay = 0.00>
ST_55 : Operation 515 [1/1] (0.00ns)   --->   "%sum_2 = phi i64 %sum, void %VITIS_LOOP_251_27.split, i64 %sum_1, void %for.inc442"   --->   Operation 515 'phi' 'sum_2' <Predicate = true> <Delay = 0.00>
ST_55 : Operation 516 [1/1] (1.31ns)   --->   "%icmp_ln1027_14 = icmp_eq  i8 %kw_1, i8 %kernel_size_read"   --->   Operation 516 'icmp' 'icmp_ln1027_14' <Predicate = true> <Delay = 1.31> <CoreInst = "Cmp">   --->   Core 9 'Cmp' <Latency = 0> <II = 1> <Delay = 1.31> <FuncUnit> <Opcode : 'icmp'> <InPorts = 2> <OutPorts = 1>
ST_55 : Operation 517 [1/1] (0.00ns)   --->   "%empty_184 = speclooptripcount i32 @_ssdm_op_SpecLoopTripCount, i64 0, i64 255, i64 0"   --->   Operation 517 'speclooptripcount' 'empty_184' <Predicate = true> <Delay = 0.00>
ST_55 : Operation 518 [1/1] (1.30ns)   --->   "%add_ln251 = add i8 %kw_1, i8 1" [../ip/ip6/conv_bn_relu.cpp:251]   --->   Operation 518 'add' 'add_ln251' <Predicate = true> <Delay = 1.30> <CoreInst = "Adder">   --->   Core 1 'Adder' <Latency = 0> <II = 1> <Delay = 1.30> <FuncUnit> <Opcode : 'add' 'sub'> <InPorts = 2> <OutPorts = 1>
ST_55 : Operation 519 [1/1] (0.00ns)   --->   "%br_ln251 = br i1 %icmp_ln1027_14, void %for.body399.split, void %for.inc445" [../ip/ip6/conv_bn_relu.cpp:251]   --->   Operation 519 'br' 'br_ln251' <Predicate = true> <Delay = 0.00>
ST_55 : Operation 520 [1/1] (0.00ns)   --->   "%specloopname_ln246 = specloopname void @_ssdm_op_SpecLoopName, void @empty_49" [../ip/ip6/conv_bn_relu.cpp:246]   --->   Operation 520 'specloopname' 'specloopname_ln246' <Predicate = (!icmp_ln1027_14)> <Delay = 0.00>
ST_55 : Operation 521 [1/1] (0.00ns)   --->   "%zext_ln1496_3 = zext i8 %kw_1"   --->   Operation 521 'zext' 'zext_ln1496_3' <Predicate = (!icmp_ln1027_14)> <Delay = 0.00>
ST_55 : Operation 522 [1/1] (1.89ns)   --->   "%w_in = add i32 %sub_ln1496, i32 %zext_ln1496_3" [../ip/ip6/conv_bn_relu.cpp:254]   --->   Operation 522 'add' 'w_in' <Predicate = (!icmp_ln1027_14)> <Delay = 1.89> <CoreInst = "Adder">   --->   Core 1 'Adder' <Latency = 0> <II = 1> <Delay = 1.89> <FuncUnit> <Opcode : 'add' 'sub'> <InPorts = 2> <OutPorts = 1>
ST_55 : Operation 523 [1/1] (0.00ns) (grouped into LUT with out node and_ln259)   --->   "%tmp_24 = bitselect i1 @_ssdm_op_BitSelect.i1.i32.i32, i32 %w_in, i32 31" [../ip/ip6/conv_bn_relu.cpp:258]   --->   Operation 523 'bitselect' 'tmp_24' <Predicate = (!icmp_ln1027_14)> <Delay = 0.00>
ST_55 : Operation 524 [1/1] (0.00ns) (grouped into LUT with out node and_ln259)   --->   "%xor_ln258 = xor i1 %tmp_24, i1 1" [../ip/ip6/conv_bn_relu.cpp:258]   --->   Operation 524 'xor' 'xor_ln258' <Predicate = (!icmp_ln1027_14)> <Delay = 0.00> <CoreInst = "LogicGate">   --->   Core 74 'LogicGate' <Latency = 0> <II = 1> <Delay = 0.80> <FuncUnit> <Opcode : 'and' 'or' 'xor'> <InPorts = 2> <OutPorts = 1>
ST_55 : Operation 525 [1/1] (1.96ns)   --->   "%icmp_ln1027_15 = icmp_slt  i32 %w_in, i32 %conv_i_i186"   --->   Operation 525 'icmp' 'icmp_ln1027_15' <Predicate = (!icmp_ln1027_14)> <Delay = 1.96> <CoreInst = "Cmp">   --->   Core 9 'Cmp' <Latency = 0> <II = 1> <Delay = 1.96> <FuncUnit> <Opcode : 'icmp'> <InPorts = 2> <OutPorts = 1>
ST_55 : Operation 526 [1/1] (0.00ns) (grouped into LUT with out node and_ln259)   --->   "%and_ln259_2 = and i1 %icmp_ln1027_15, i1 %xor_ln258" [../ip/ip6/conv_bn_relu.cpp:259]   --->   Operation 526 'and' 'and_ln259_2' <Predicate = (!icmp_ln1027_14)> <Delay = 0.00> <CoreInst = "LogicGate">   --->   Core 74 'LogicGate' <Latency = 0> <II = 1> <Delay = 0.80> <FuncUnit> <Opcode : 'and' 'or' 'xor'> <InPorts = 2> <OutPorts = 1>
ST_55 : Operation 527 [1/1] (0.80ns) (out node of the LUT)   --->   "%and_ln259 = and i1 %and_ln259_2, i1 %and_ln259_1" [../ip/ip6/conv_bn_relu.cpp:259]   --->   Operation 527 'and' 'and_ln259' <Predicate = (!icmp_ln1027_14)> <Delay = 0.80> <CoreInst = "LogicGate">   --->   Core 74 'LogicGate' <Latency = 0> <II = 1> <Delay = 0.80> <FuncUnit> <Opcode : 'and' 'or' 'xor'> <InPorts = 2> <OutPorts = 1>
ST_55 : Operation 528 [1/1] (1.29ns)   --->   "%br_ln259 = br i1 %and_ln259, void %for.inc442, void %if.then423" [../ip/ip6/conv_bn_relu.cpp:259]   --->   Operation 528 'br' 'br_ln259' <Predicate = (!icmp_ln1027_14)> <Delay = 1.29>
ST_55 : Operation 529 [1/1] (1.89ns)   --->   "%add_ln541_1 = add i32 %w_in, i32 %mul_ln541_2"   --->   Operation 529 'add' 'add_ln541_1' <Predicate = (!icmp_ln1027_14 & and_ln259)> <Delay = 1.89> <CoreInst = "Adder">   --->   Core 1 'Adder' <Latency = 0> <II = 1> <Delay = 1.89> <FuncUnit> <Opcode : 'add' 'sub'> <InPorts = 2> <OutPorts = 1>
ST_55 : Operation 530 [1/1] (0.00ns)   --->   "%lshr_ln3 = partselect i2 @_ssdm_op_PartSelect.i2.i8.i32.i32, i8 %kw_1, i32 1, i32 2" [../ip/ip6/conv_bn_relu.cpp:261]   --->   Operation 530 'partselect' 'lshr_ln3' <Predicate = (!icmp_ln1027_14 & and_ln259)> <Delay = 0.00>
ST_55 : Operation 531 [1/1] (0.63ns)   --->   "%add_ln261_1 = add i2 %tmp_22, i2 %lshr_ln3" [../ip/ip6/conv_bn_relu.cpp:261]   --->   Operation 531 'add' 'add_ln261_1' <Predicate = (!icmp_ln1027_14 & and_ln259)> <Delay = 0.63> <CoreInst = "Adder">   --->   Core 1 'Adder' <Latency = 0> <II = 1> <Delay = 0.63> <FuncUnit> <Opcode : 'add' 'sub'> <InPorts = 2> <OutPorts = 1>
ST_55 : Operation 532 [1/1] (0.00ns)   --->   "%trunc_ln261 = trunc i8 %kw_1" [../ip/ip6/conv_bn_relu.cpp:261]   --->   Operation 532 'trunc' 'trunc_ln261' <Predicate = (!icmp_ln1027_14 & and_ln259)> <Delay = 0.00>
ST_55 : Operation 533 [1/1] (0.00ns)   --->   "%br_ln250 = br void %VITIS_LOOP_251_27" [../ip/ip6/conv_bn_relu.cpp:250]   --->   Operation 533 'br' 'br_ln250' <Predicate = (icmp_ln1027_14)> <Delay = 0.00>

State 56 <SV = 52> <Delay = 7.05>
ST_56 : Operation 534 [1/1] (7.05ns)   --->   "%mul_ln541_3 = mul i32 %add_ln541_1, i32 %zext_ln541"   --->   Operation 534 'mul' 'mul_ln541_3' <Predicate = true> <Delay = 7.05> <CoreInst = "Multiplier">   --->   Core 3 'Multiplier' <Latency = 0> <II = 1> <Delay = 7.05> <FuncUnit> <Opcode : 'mul'> <InPorts = 2> <OutPorts = 1>

State 57 <SV = 53> <Delay = 4.58>
ST_57 : Operation 535 [1/1] (1.89ns)   --->   "%in_offset = add i32 %mul_ln541_3, i32 %zext_ln225" [../ip/ip6/conv_bn_relu.cpp:260]   --->   Operation 535 'add' 'in_offset' <Predicate = true> <Delay = 1.89> <CoreInst = "Adder">   --->   Core 1 'Adder' <Latency = 0> <II = 1> <Delay = 1.89> <FuncUnit> <Opcode : 'add' 'sub'> <InPorts = 2> <OutPorts = 1>
ST_57 : Operation 536 [1/1] (0.00ns)   --->   "%shl_ln7 = bitconcatenate i34 @_ssdm_op_BitConcatenate.i34.i32.i2, i32 %in_offset, i2 0" [../ip/ip6/conv_bn_relu.cpp:261]   --->   Operation 536 'bitconcatenate' 'shl_ln7' <Predicate = true> <Delay = 0.00>
ST_57 : Operation 537 [1/1] (0.00ns)   --->   "%sext_ln261 = sext i34 %shl_ln7" [../ip/ip6/conv_bn_relu.cpp:261]   --->   Operation 537 'sext' 'sext_ln261' <Predicate = true> <Delay = 0.00>
ST_57 : Operation 538 [1/1] (2.69ns)   --->   "%add_ln261 = add i64 %sext_ln261, i64 %feature_in_read" [../ip/ip6/conv_bn_relu.cpp:261]   --->   Operation 538 'add' 'add_ln261' <Predicate = true> <Delay = 2.69> <CoreInst = "Adder">   --->   Core 1 'Adder' <Latency = 0> <II = 1> <Delay = 2.69> <FuncUnit> <Opcode : 'add' 'sub'> <InPorts = 2> <OutPorts = 1>
ST_57 : Operation 539 [1/1] (0.00ns)   --->   "%trunc_ln261_1 = partselect i62 @_ssdm_op_PartSelect.i62.i64.i32.i32, i64 %add_ln261, i32 2, i32 63" [../ip/ip6/conv_bn_relu.cpp:261]   --->   Operation 539 'partselect' 'trunc_ln261_1' <Predicate = true> <Delay = 0.00>
ST_57 : Operation 540 [1/1] (0.00ns)   --->   "%sext_ln261_1 = sext i62 %trunc_ln261_1" [../ip/ip6/conv_bn_relu.cpp:261]   --->   Operation 540 'sext' 'sext_ln261_1' <Predicate = true> <Delay = 0.00>
ST_57 : Operation 541 [1/1] (0.00ns)   --->   "%gmem1_addr = getelementptr i32 %gmem1, i64 %sext_ln261_1" [../ip/ip6/conv_bn_relu.cpp:261]   --->   Operation 541 'getelementptr' 'gmem1_addr' <Predicate = true> <Delay = 0.00>

State 58 <SV = 54> <Delay = 7.30>
ST_58 : Operation 542 [7/7] (7.30ns)   --->   "%gmem1_load_req = readreq i1 @_ssdm_op_ReadReq.m_axi.i32P1A, i32 %gmem1_addr, i32 1" [../ip/ip6/conv_bn_relu.cpp:261]   --->   Operation 542 'readreq' 'gmem1_load_req' <Predicate = true> <Delay = 7.30> <CoreInst = "m_axi">   --->   Core 113 'm_axi' <Latency = 0> <II = 1> <Delay = 1.00> <Adapter> <Opcode : 'read' 'write' 'readreq' 'writereq' 'writeresp'>

State 59 <SV = 55> <Delay = 7.30>
ST_59 : Operation 543 [6/7] (7.30ns)   --->   "%gmem1_load_req = readreq i1 @_ssdm_op_ReadReq.m_axi.i32P1A, i32 %gmem1_addr, i32 1" [../ip/ip6/conv_bn_relu.cpp:261]   --->   Operation 543 'readreq' 'gmem1_load_req' <Predicate = true> <Delay = 7.30> <CoreInst = "m_axi">   --->   Core 113 'm_axi' <Latency = 0> <II = 1> <Delay = 1.00> <Adapter> <Opcode : 'read' 'write' 'readreq' 'writereq' 'writeresp'>

State 60 <SV = 56> <Delay = 7.30>
ST_60 : Operation 544 [5/7] (7.30ns)   --->   "%gmem1_load_req = readreq i1 @_ssdm_op_ReadReq.m_axi.i32P1A, i32 %gmem1_addr, i32 1" [../ip/ip6/conv_bn_relu.cpp:261]   --->   Operation 544 'readreq' 'gmem1_load_req' <Predicate = true> <Delay = 7.30> <CoreInst = "m_axi">   --->   Core 113 'm_axi' <Latency = 0> <II = 1> <Delay = 1.00> <Adapter> <Opcode : 'read' 'write' 'readreq' 'writereq' 'writeresp'>

State 61 <SV = 57> <Delay = 7.30>
ST_61 : Operation 545 [4/7] (7.30ns)   --->   "%gmem1_load_req = readreq i1 @_ssdm_op_ReadReq.m_axi.i32P1A, i32 %gmem1_addr, i32 1" [../ip/ip6/conv_bn_relu.cpp:261]   --->   Operation 545 'readreq' 'gmem1_load_req' <Predicate = true> <Delay = 7.30> <CoreInst = "m_axi">   --->   Core 113 'm_axi' <Latency = 0> <II = 1> <Delay = 1.00> <Adapter> <Opcode : 'read' 'write' 'readreq' 'writereq' 'writeresp'>

State 62 <SV = 58> <Delay = 7.30>
ST_62 : Operation 546 [3/7] (7.30ns)   --->   "%gmem1_load_req = readreq i1 @_ssdm_op_ReadReq.m_axi.i32P1A, i32 %gmem1_addr, i32 1" [../ip/ip6/conv_bn_relu.cpp:261]   --->   Operation 546 'readreq' 'gmem1_load_req' <Predicate = true> <Delay = 7.30> <CoreInst = "m_axi">   --->   Core 113 'm_axi' <Latency = 0> <II = 1> <Delay = 1.00> <Adapter> <Opcode : 'read' 'write' 'readreq' 'writereq' 'writeresp'>

State 63 <SV = 59> <Delay = 7.30>
ST_63 : Operation 547 [2/7] (7.30ns)   --->   "%gmem1_load_req = readreq i1 @_ssdm_op_ReadReq.m_axi.i32P1A, i32 %gmem1_addr, i32 1" [../ip/ip6/conv_bn_relu.cpp:261]   --->   Operation 547 'readreq' 'gmem1_load_req' <Predicate = true> <Delay = 7.30> <CoreInst = "m_axi">   --->   Core 113 'm_axi' <Latency = 0> <II = 1> <Delay = 1.00> <Adapter> <Opcode : 'read' 'write' 'readreq' 'writereq' 'writeresp'>

State 64 <SV = 60> <Delay = 7.30>
ST_64 : Operation 548 [1/7] (7.30ns)   --->   "%gmem1_load_req = readreq i1 @_ssdm_op_ReadReq.m_axi.i32P1A, i32 %gmem1_addr, i32 1" [../ip/ip6/conv_bn_relu.cpp:261]   --->   Operation 548 'readreq' 'gmem1_load_req' <Predicate = true> <Delay = 7.30> <CoreInst = "m_axi">   --->   Core 113 'm_axi' <Latency = 0> <II = 1> <Delay = 1.00> <Adapter> <Opcode : 'read' 'write' 'readreq' 'writereq' 'writeresp'>
ST_64 : Operation 549 [1/1] (0.00ns)   --->   "%zext_ln261 = zext i2 %add_ln261_1" [../ip/ip6/conv_bn_relu.cpp:261]   --->   Operation 549 'zext' 'zext_ln261' <Predicate = true> <Delay = 0.00>
ST_64 : Operation 550 [1/1] (0.00ns)   --->   "%local_kernel_addr_1 = getelementptr i32 %local_kernel, i64 0, i64 %zext_ln261" [../ip/ip6/conv_bn_relu.cpp:261]   --->   Operation 550 'getelementptr' 'local_kernel_addr_1' <Predicate = true> <Delay = 0.00>
ST_64 : Operation 551 [1/1] (0.00ns)   --->   "%local_kernel_1_addr_1 = getelementptr i32 %local_kernel_1, i64 0, i64 %zext_ln261" [../ip/ip6/conv_bn_relu.cpp:261]   --->   Operation 551 'getelementptr' 'local_kernel_1_addr_1' <Predicate = true> <Delay = 0.00>
ST_64 : Operation 552 [1/1] (0.00ns)   --->   "%local_kernel_2_addr = getelementptr i32 %local_kernel_2, i64 0, i64 %zext_ln261" [../ip/ip6/conv_bn_relu.cpp:261]   --->   Operation 552 'getelementptr' 'local_kernel_2_addr' <Predicate = true> <Delay = 0.00>
ST_64 : Operation 553 [1/1] (0.00ns)   --->   "%local_kernel12_addr_1 = getelementptr i32 %local_kernel12, i64 0, i64 %zext_ln261" [../ip/ip6/conv_bn_relu.cpp:261]   --->   Operation 553 'getelementptr' 'local_kernel12_addr_1' <Predicate = true> <Delay = 0.00>
ST_64 : Operation 554 [2/2] (1.75ns)   --->   "%local_kernel12_load = load i2 %local_kernel12_addr_1" [../ip/ip6/conv_bn_relu.cpp:261]   --->   Operation 554 'load' 'local_kernel12_load' <Predicate = true> <Delay = 1.75> <CoreInst = "RAM">   --->   Core 82 'RAM' <Latency = 1> <II = 1> <Delay = 1.75> <Storage> <Opcode : 'load' 'store'> <Ports = 2> <Width = 32> <Depth = 4> <RAM>
ST_64 : Operation 555 [2/2] (1.75ns)   --->   "%local_kernel_2_load = load i2 %local_kernel_2_addr" [../ip/ip6/conv_bn_relu.cpp:261]   --->   Operation 555 'load' 'local_kernel_2_load' <Predicate = true> <Delay = 1.75> <CoreInst = "RAM">   --->   Core 82 'RAM' <Latency = 1> <II = 1> <Delay = 1.75> <Storage> <Opcode : 'load' 'store'> <Ports = 2> <Width = 32> <Depth = 4> <RAM>
ST_64 : Operation 556 [2/2] (1.75ns)   --->   "%local_kernel_1_load = load i2 %local_kernel_1_addr_1" [../ip/ip6/conv_bn_relu.cpp:261]   --->   Operation 556 'load' 'local_kernel_1_load' <Predicate = true> <Delay = 1.75> <CoreInst = "RAM">   --->   Core 82 'RAM' <Latency = 1> <II = 1> <Delay = 1.75> <Storage> <Opcode : 'load' 'store'> <Ports = 2> <Width = 32> <Depth = 4> <RAM>
ST_64 : Operation 557 [2/2] (1.75ns)   --->   "%local_kernel_load = load i2 %local_kernel_addr_1" [../ip/ip6/conv_bn_relu.cpp:261]   --->   Operation 557 'load' 'local_kernel_load' <Predicate = true> <Delay = 1.75> <CoreInst = "RAM">   --->   Core 82 'RAM' <Latency = 1> <II = 1> <Delay = 1.75> <Storage> <Opcode : 'load' 'store'> <Ports = 2> <Width = 32> <Depth = 4> <RAM>

State 65 <SV = 61> <Delay = 7.30>
ST_65 : Operation 558 [1/1] (7.30ns)   --->   "%gmem1_addr_read = read i32 @_ssdm_op_Read.m_axi.i32P1A, i32 %gmem1_addr" [../ip/ip6/conv_bn_relu.cpp:261]   --->   Operation 558 'read' 'gmem1_addr_read' <Predicate = true> <Delay = 7.30> <CoreInst = "m_axi">   --->   Core 113 'm_axi' <Latency = 0> <II = 1> <Delay = 1.00> <Adapter> <Opcode : 'read' 'write' 'readreq' 'writereq' 'writeresp'>
ST_65 : Operation 559 [1/2] (1.75ns)   --->   "%local_kernel12_load = load i2 %local_kernel12_addr_1" [../ip/ip6/conv_bn_relu.cpp:261]   --->   Operation 559 'load' 'local_kernel12_load' <Predicate = true> <Delay = 1.75> <CoreInst = "RAM">   --->   Core 82 'RAM' <Latency = 1> <II = 1> <Delay = 1.75> <Storage> <Opcode : 'load' 'store'> <Ports = 2> <Width = 32> <Depth = 4> <RAM>
ST_65 : Operation 560 [1/2] (1.75ns)   --->   "%local_kernel_2_load = load i2 %local_kernel_2_addr" [../ip/ip6/conv_bn_relu.cpp:261]   --->   Operation 560 'load' 'local_kernel_2_load' <Predicate = true> <Delay = 1.75> <CoreInst = "RAM">   --->   Core 82 'RAM' <Latency = 1> <II = 1> <Delay = 1.75> <Storage> <Opcode : 'load' 'store'> <Ports = 2> <Width = 32> <Depth = 4> <RAM>
ST_65 : Operation 561 [1/1] (1.29ns)   --->   "%tmp_3 = mux i32 @_ssdm_op_Mux.ap_auto.2f32.i1, i32 %local_kernel12_load, i32 %local_kernel_2_load, i1 %trunc_ln261" [../ip/ip6/conv_bn_relu.cpp:261]   --->   Operation 561 'mux' 'tmp_3' <Predicate = true> <Delay = 1.29> <CoreInst = "Multiplexer">   --->   Core 76 'Multiplexer' <Latency = 0> <II = 1> <Delay = 1.29> <FuncUnit> <Opcode : 'mux'> <InPorts = 2> <OutPorts = 1>
ST_65 : Operation 562 [1/2] (1.75ns)   --->   "%local_kernel_1_load = load i2 %local_kernel_1_addr_1" [../ip/ip6/conv_bn_relu.cpp:261]   --->   Operation 562 'load' 'local_kernel_1_load' <Predicate = true> <Delay = 1.75> <CoreInst = "RAM">   --->   Core 82 'RAM' <Latency = 1> <II = 1> <Delay = 1.75> <Storage> <Opcode : 'load' 'store'> <Ports = 2> <Width = 32> <Depth = 4> <RAM>
ST_65 : Operation 563 [1/2] (1.75ns)   --->   "%local_kernel_load = load i2 %local_kernel_addr_1" [../ip/ip6/conv_bn_relu.cpp:261]   --->   Operation 563 'load' 'local_kernel_load' <Predicate = true> <Delay = 1.75> <CoreInst = "RAM">   --->   Core 82 'RAM' <Latency = 1> <II = 1> <Delay = 1.75> <Storage> <Opcode : 'load' 'store'> <Ports = 2> <Width = 32> <Depth = 4> <RAM>
ST_65 : Operation 564 [1/1] (1.29ns)   --->   "%tmp_4 = mux i32 @_ssdm_op_Mux.ap_auto.2f32.i1, i32 %local_kernel_1_load, i32 %local_kernel_load, i1 %trunc_ln261" [../ip/ip6/conv_bn_relu.cpp:261]   --->   Operation 564 'mux' 'tmp_4' <Predicate = true> <Delay = 1.29> <CoreInst = "Multiplexer">   --->   Core 76 'Multiplexer' <Latency = 0> <II = 1> <Delay = 1.29> <FuncUnit> <Opcode : 'mux'> <InPorts = 2> <OutPorts = 1>
ST_65 : Operation 565 [1/1] (1.29ns)   --->   "%tmp_5 = mux i32 @_ssdm_op_Mux.ap_auto.2f32.i1, i32 %tmp_3, i32 %tmp_4, i1 %empty_183" [../ip/ip6/conv_bn_relu.cpp:261]   --->   Operation 565 'mux' 'tmp_5' <Predicate = true> <Delay = 1.29> <CoreInst = "Multiplexer">   --->   Core 76 'Multiplexer' <Latency = 0> <II = 1> <Delay = 1.29> <FuncUnit> <Opcode : 'mux'> <InPorts = 2> <OutPorts = 1>

State 66 <SV = 62> <Delay = 3.15>
ST_66 : Operation 566 [1/1] (0.00ns)   --->   "%bitcast_ln261 = bitcast i32 %gmem1_addr_read" [../ip/ip6/conv_bn_relu.cpp:261]   --->   Operation 566 'bitcast' 'bitcast_ln261' <Predicate = true> <Delay = 0.00>
ST_66 : Operation 567 [2/2] (3.15ns)   --->   "%conv9 = fpext i32 %bitcast_ln261" [../ip/ip6/conv_bn_relu.cpp:261]   --->   Operation 567 'fpext' 'conv9' <Predicate = true> <Delay = 3.15> <CoreInst = "Float2Double">   --->   Core 64 'Float2Double' <Latency = 1> <II = 1> <Delay = 3.15> <FuncUnit> <Opcode : 'fpext'> <InPorts = 1> <OutPorts = 1>
ST_66 : Operation 568 [2/2] (3.15ns)   --->   "%conv8 = fpext i32 %tmp_5" [../ip/ip6/conv_bn_relu.cpp:261]   --->   Operation 568 'fpext' 'conv8' <Predicate = true> <Delay = 3.15> <CoreInst = "Float2Double">   --->   Core 64 'Float2Double' <Latency = 1> <II = 1> <Delay = 3.15> <FuncUnit> <Opcode : 'fpext'> <InPorts = 1> <OutPorts = 1>

State 67 <SV = 63> <Delay = 3.15>
ST_67 : Operation 569 [1/2] (3.15ns)   --->   "%conv9 = fpext i32 %bitcast_ln261" [../ip/ip6/conv_bn_relu.cpp:261]   --->   Operation 569 'fpext' 'conv9' <Predicate = true> <Delay = 3.15> <CoreInst = "Float2Double">   --->   Core 64 'Float2Double' <Latency = 1> <II = 1> <Delay = 3.15> <FuncUnit> <Opcode : 'fpext'> <InPorts = 1> <OutPorts = 1>
ST_67 : Operation 570 [1/2] (3.15ns)   --->   "%conv8 = fpext i32 %tmp_5" [../ip/ip6/conv_bn_relu.cpp:261]   --->   Operation 570 'fpext' 'conv8' <Predicate = true> <Delay = 3.15> <CoreInst = "Float2Double">   --->   Core 64 'Float2Double' <Latency = 1> <II = 1> <Delay = 3.15> <FuncUnit> <Opcode : 'fpext'> <InPorts = 1> <OutPorts = 1>

State 68 <SV = 64> <Delay = 6.54>
ST_68 : Operation 571 [6/6] (6.54ns)   --->   "%mul3 = dmul i64 %conv9, i64 %conv8" [../ip/ip6/conv_bn_relu.cpp:261]   --->   Operation 571 'dmul' 'mul3' <Predicate = true> <Delay = 6.54> <CoreInst = "DMul_maxdsp">   --->   Core 49 'DMul_maxdsp' <Latency = 5> <II = 1> <Delay = 6.54> <FuncUnit> <Opcode : 'dmul'> <InPorts = 2> <OutPorts = 1>

State 69 <SV = 65> <Delay = 6.54>
ST_69 : Operation 572 [5/6] (6.54ns)   --->   "%mul3 = dmul i64 %conv9, i64 %conv8" [../ip/ip6/conv_bn_relu.cpp:261]   --->   Operation 572 'dmul' 'mul3' <Predicate = true> <Delay = 6.54> <CoreInst = "DMul_maxdsp">   --->   Core 49 'DMul_maxdsp' <Latency = 5> <II = 1> <Delay = 6.54> <FuncUnit> <Opcode : 'dmul'> <InPorts = 2> <OutPorts = 1>

State 70 <SV = 66> <Delay = 6.54>
ST_70 : Operation 573 [4/6] (6.54ns)   --->   "%mul3 = dmul i64 %conv9, i64 %conv8" [../ip/ip6/conv_bn_relu.cpp:261]   --->   Operation 573 'dmul' 'mul3' <Predicate = true> <Delay = 6.54> <CoreInst = "DMul_maxdsp">   --->   Core 49 'DMul_maxdsp' <Latency = 5> <II = 1> <Delay = 6.54> <FuncUnit> <Opcode : 'dmul'> <InPorts = 2> <OutPorts = 1>

State 71 <SV = 67> <Delay = 6.54>
ST_71 : Operation 574 [3/6] (6.54ns)   --->   "%mul3 = dmul i64 %conv9, i64 %conv8" [../ip/ip6/conv_bn_relu.cpp:261]   --->   Operation 574 'dmul' 'mul3' <Predicate = true> <Delay = 6.54> <CoreInst = "DMul_maxdsp">   --->   Core 49 'DMul_maxdsp' <Latency = 5> <II = 1> <Delay = 6.54> <FuncUnit> <Opcode : 'dmul'> <InPorts = 2> <OutPorts = 1>

State 72 <SV = 68> <Delay = 6.54>
ST_72 : Operation 575 [2/6] (6.54ns)   --->   "%mul3 = dmul i64 %conv9, i64 %conv8" [../ip/ip6/conv_bn_relu.cpp:261]   --->   Operation 575 'dmul' 'mul3' <Predicate = true> <Delay = 6.54> <CoreInst = "DMul_maxdsp">   --->   Core 49 'DMul_maxdsp' <Latency = 5> <II = 1> <Delay = 6.54> <FuncUnit> <Opcode : 'dmul'> <InPorts = 2> <OutPorts = 1>

State 73 <SV = 69> <Delay = 6.54>
ST_73 : Operation 576 [1/6] (6.54ns)   --->   "%mul3 = dmul i64 %conv9, i64 %conv8" [../ip/ip6/conv_bn_relu.cpp:261]   --->   Operation 576 'dmul' 'mul3' <Predicate = true> <Delay = 6.54> <CoreInst = "DMul_maxdsp">   --->   Core 49 'DMul_maxdsp' <Latency = 5> <II = 1> <Delay = 6.54> <FuncUnit> <Opcode : 'dmul'> <InPorts = 2> <OutPorts = 1>

State 74 <SV = 70> <Delay = 6.14>
ST_74 : Operation 577 [7/7] (6.14ns)   --->   "%sum_3 = dadd i64 %sum_2, i64 %mul3" [../ip/ip6/conv_bn_relu.cpp:261]   --->   Operation 577 'dadd' 'sum_3' <Predicate = true> <Delay = 6.14> <CoreInst = "DAddSub_fulldsp">   --->   Core 37 'DAddSub_fulldsp' <Latency = 6> <II = 1> <Delay = 6.14> <FuncUnit> <Opcode : 'dadd' 'dsub'> <InPorts = 2> <OutPorts = 1>

State 75 <SV = 71> <Delay = 6.14>
ST_75 : Operation 578 [6/7] (6.14ns)   --->   "%sum_3 = dadd i64 %sum_2, i64 %mul3" [../ip/ip6/conv_bn_relu.cpp:261]   --->   Operation 578 'dadd' 'sum_3' <Predicate = true> <Delay = 6.14> <CoreInst = "DAddSub_fulldsp">   --->   Core 37 'DAddSub_fulldsp' <Latency = 6> <II = 1> <Delay = 6.14> <FuncUnit> <Opcode : 'dadd' 'dsub'> <InPorts = 2> <OutPorts = 1>

State 76 <SV = 72> <Delay = 6.14>
ST_76 : Operation 579 [5/7] (6.14ns)   --->   "%sum_3 = dadd i64 %sum_2, i64 %mul3" [../ip/ip6/conv_bn_relu.cpp:261]   --->   Operation 579 'dadd' 'sum_3' <Predicate = true> <Delay = 6.14> <CoreInst = "DAddSub_fulldsp">   --->   Core 37 'DAddSub_fulldsp' <Latency = 6> <II = 1> <Delay = 6.14> <FuncUnit> <Opcode : 'dadd' 'dsub'> <InPorts = 2> <OutPorts = 1>

State 77 <SV = 73> <Delay = 6.14>
ST_77 : Operation 580 [4/7] (6.14ns)   --->   "%sum_3 = dadd i64 %sum_2, i64 %mul3" [../ip/ip6/conv_bn_relu.cpp:261]   --->   Operation 580 'dadd' 'sum_3' <Predicate = true> <Delay = 6.14> <CoreInst = "DAddSub_fulldsp">   --->   Core 37 'DAddSub_fulldsp' <Latency = 6> <II = 1> <Delay = 6.14> <FuncUnit> <Opcode : 'dadd' 'dsub'> <InPorts = 2> <OutPorts = 1>

State 78 <SV = 74> <Delay = 6.14>
ST_78 : Operation 581 [3/7] (6.14ns)   --->   "%sum_3 = dadd i64 %sum_2, i64 %mul3" [../ip/ip6/conv_bn_relu.cpp:261]   --->   Operation 581 'dadd' 'sum_3' <Predicate = true> <Delay = 6.14> <CoreInst = "DAddSub_fulldsp">   --->   Core 37 'DAddSub_fulldsp' <Latency = 6> <II = 1> <Delay = 6.14> <FuncUnit> <Opcode : 'dadd' 'dsub'> <InPorts = 2> <OutPorts = 1>

State 79 <SV = 75> <Delay = 6.14>
ST_79 : Operation 582 [2/7] (6.14ns)   --->   "%sum_3 = dadd i64 %sum_2, i64 %mul3" [../ip/ip6/conv_bn_relu.cpp:261]   --->   Operation 582 'dadd' 'sum_3' <Predicate = true> <Delay = 6.14> <CoreInst = "DAddSub_fulldsp">   --->   Core 37 'DAddSub_fulldsp' <Latency = 6> <II = 1> <Delay = 6.14> <FuncUnit> <Opcode : 'dadd' 'dsub'> <InPorts = 2> <OutPorts = 1>

State 80 <SV = 76> <Delay = 6.14>
ST_80 : Operation 583 [1/7] (6.14ns)   --->   "%sum_3 = dadd i64 %sum_2, i64 %mul3" [../ip/ip6/conv_bn_relu.cpp:261]   --->   Operation 583 'dadd' 'sum_3' <Predicate = true> <Delay = 6.14> <CoreInst = "DAddSub_fulldsp">   --->   Core 37 'DAddSub_fulldsp' <Latency = 6> <II = 1> <Delay = 6.14> <FuncUnit> <Opcode : 'dadd' 'dsub'> <InPorts = 2> <OutPorts = 1>

State 81 <SV = 77> <Delay = 1.29>
ST_81 : Operation 584 [1/1] (1.29ns)   --->   "%br_ln262 = br void %for.inc442" [../ip/ip6/conv_bn_relu.cpp:262]   --->   Operation 584 'br' 'br_ln262' <Predicate = true> <Delay = 1.29>

State 82 <SV = 78> <Delay = 0.00>
ST_82 : Operation 585 [1/1] (0.00ns)   --->   "%sum_1 = phi i64 %sum_3, void %if.then423, i64 %sum_2, void %for.body399.split"   --->   Operation 585 'phi' 'sum_1' <Predicate = true> <Delay = 0.00>
ST_82 : Operation 586 [1/1] (0.00ns)   --->   "%br_ln251 = br void %for.body399" [../ip/ip6/conv_bn_relu.cpp:251]   --->   Operation 586 'br' 'br_ln251' <Predicate = true> <Delay = 0.00>

State 83 <SV = 50> <Delay = 7.05>
ST_83 : Operation 587 [6/7] (6.14ns)   --->   "%val = dsub i64 %sum, i64 %conv6" [../ip/ip6/conv_bn_relu.cpp:267]   --->   Operation 587 'dsub' 'val' <Predicate = true> <Delay = 6.14> <CoreInst = "DAddSub_fulldsp">   --->   Core 37 'DAddSub_fulldsp' <Latency = 6> <II = 1> <Delay = 6.14> <FuncUnit> <Opcode : 'dadd' 'dsub'> <InPorts = 2> <OutPorts = 1>
ST_83 : Operation 588 [1/1] (7.05ns)   --->   "%mul_ln541_1 = mul i32 %add_ln541, i32 %zext_ln541_1"   --->   Operation 588 'mul' 'mul_ln541_1' <Predicate = true> <Delay = 7.05> <CoreInst = "Multiplier">   --->   Core 3 'Multiplier' <Latency = 0> <II = 1> <Delay = 7.05> <FuncUnit> <Opcode : 'mul'> <InPorts = 2> <OutPorts = 1>

State 84 <SV = 51> <Delay = 6.14>
ST_84 : Operation 589 [5/7] (6.14ns)   --->   "%val = dsub i64 %sum, i64 %conv6" [../ip/ip6/conv_bn_relu.cpp:267]   --->   Operation 589 'dsub' 'val' <Predicate = true> <Delay = 6.14> <CoreInst = "DAddSub_fulldsp">   --->   Core 37 'DAddSub_fulldsp' <Latency = 6> <II = 1> <Delay = 6.14> <FuncUnit> <Opcode : 'dadd' 'dsub'> <InPorts = 2> <OutPorts = 1>
ST_84 : Operation 590 [1/1] (1.89ns)   --->   "%out_offset = add i32 %mul_ln541_1, i32 %zext_ln225" [../ip/ip6/conv_bn_relu.cpp:275]   --->   Operation 590 'add' 'out_offset' <Predicate = true> <Delay = 1.89> <CoreInst = "Adder">   --->   Core 1 'Adder' <Latency = 0> <II = 1> <Delay = 1.89> <FuncUnit> <Opcode : 'add' 'sub'> <InPorts = 2> <OutPorts = 1>
ST_84 : Operation 591 [1/1] (0.00ns)   --->   "%shl_ln6 = bitconcatenate i34 @_ssdm_op_BitConcatenate.i34.i32.i2, i32 %out_offset, i2 0" [../ip/ip6/conv_bn_relu.cpp:276]   --->   Operation 591 'bitconcatenate' 'shl_ln6' <Predicate = true> <Delay = 0.00>
ST_84 : Operation 592 [1/1] (0.00ns)   --->   "%sext_ln276 = sext i34 %shl_ln6" [../ip/ip6/conv_bn_relu.cpp:276]   --->   Operation 592 'sext' 'sext_ln276' <Predicate = true> <Delay = 0.00>
ST_84 : Operation 593 [1/1] (2.69ns)   --->   "%add_ln276 = add i64 %sext_ln276, i64 %feature_out_read" [../ip/ip6/conv_bn_relu.cpp:276]   --->   Operation 593 'add' 'add_ln276' <Predicate = true> <Delay = 2.69> <CoreInst = "Adder">   --->   Core 1 'Adder' <Latency = 0> <II = 1> <Delay = 2.69> <FuncUnit> <Opcode : 'add' 'sub'> <InPorts = 2> <OutPorts = 1>
ST_84 : Operation 594 [1/1] (0.00ns)   --->   "%trunc_ln4 = partselect i62 @_ssdm_op_PartSelect.i62.i64.i32.i32, i64 %add_ln276, i32 2, i32 63" [../ip/ip6/conv_bn_relu.cpp:276]   --->   Operation 594 'partselect' 'trunc_ln4' <Predicate = true> <Delay = 0.00>
ST_84 : Operation 595 [1/1] (0.00ns)   --->   "%sext_ln276_1 = sext i62 %trunc_ln4" [../ip/ip6/conv_bn_relu.cpp:276]   --->   Operation 595 'sext' 'sext_ln276_1' <Predicate = true> <Delay = 0.00>
ST_84 : Operation 596 [1/1] (0.00ns)   --->   "%gmem0_addr = getelementptr i32 %gmem0, i64 %sext_ln276_1" [../ip/ip6/conv_bn_relu.cpp:276]   --->   Operation 596 'getelementptr' 'gmem0_addr' <Predicate = true> <Delay = 0.00>

State 85 <SV = 52> <Delay = 7.30>
ST_85 : Operation 597 [4/7] (6.14ns)   --->   "%val = dsub i64 %sum, i64 %conv6" [../ip/ip6/conv_bn_relu.cpp:267]   --->   Operation 597 'dsub' 'val' <Predicate = true> <Delay = 6.14> <CoreInst = "DAddSub_fulldsp">   --->   Core 37 'DAddSub_fulldsp' <Latency = 6> <II = 1> <Delay = 6.14> <FuncUnit> <Opcode : 'dadd' 'dsub'> <InPorts = 2> <OutPorts = 1>
ST_85 : Operation 598 [1/1] (7.30ns)   --->   "%gmem0_addr_req = writereq i1 @_ssdm_op_WriteReq.m_axi.i32P1A, i32 %gmem0_addr, i32 1" [../ip/ip6/conv_bn_relu.cpp:276]   --->   Operation 598 'writereq' 'gmem0_addr_req' <Predicate = true> <Delay = 7.30> <CoreInst = "m_axi">   --->   Core 113 'm_axi' <Latency = 0> <II = 1> <Delay = 1.00> <Adapter> <Opcode : 'read' 'write' 'readreq' 'writereq' 'writeresp'>

State 86 <SV = 53> <Delay = 6.14>
ST_86 : Operation 599 [3/7] (6.14ns)   --->   "%val = dsub i64 %sum, i64 %conv6" [../ip/ip6/conv_bn_relu.cpp:267]   --->   Operation 599 'dsub' 'val' <Predicate = true> <Delay = 6.14> <CoreInst = "DAddSub_fulldsp">   --->   Core 37 'DAddSub_fulldsp' <Latency = 6> <II = 1> <Delay = 6.14> <FuncUnit> <Opcode : 'dadd' 'dsub'> <InPorts = 2> <OutPorts = 1>

State 87 <SV = 54> <Delay = 6.14>
ST_87 : Operation 600 [2/7] (6.14ns)   --->   "%val = dsub i64 %sum, i64 %conv6" [../ip/ip6/conv_bn_relu.cpp:267]   --->   Operation 600 'dsub' 'val' <Predicate = true> <Delay = 6.14> <CoreInst = "DAddSub_fulldsp">   --->   Core 37 'DAddSub_fulldsp' <Latency = 6> <II = 1> <Delay = 6.14> <FuncUnit> <Opcode : 'dadd' 'dsub'> <InPorts = 2> <OutPorts = 1>

State 88 <SV = 55> <Delay = 6.14>
ST_88 : Operation 601 [1/7] (6.14ns)   --->   "%val = dsub i64 %sum, i64 %conv6" [../ip/ip6/conv_bn_relu.cpp:267]   --->   Operation 601 'dsub' 'val' <Predicate = true> <Delay = 6.14> <CoreInst = "DAddSub_fulldsp">   --->   Core 37 'DAddSub_fulldsp' <Latency = 6> <II = 1> <Delay = 6.14> <FuncUnit> <Opcode : 'dadd' 'dsub'> <InPorts = 2> <OutPorts = 1>

State 89 <SV = 56> <Delay = 6.54>
ST_89 : Operation 602 [6/6] (6.54ns)   --->   "%val_1 = dmul i64 %val, i64 %tmp_2" [../ip/ip6/conv_bn_relu.cpp:268]   --->   Operation 602 'dmul' 'val_1' <Predicate = true> <Delay = 6.54> <CoreInst = "DMul_maxdsp">   --->   Core 49 'DMul_maxdsp' <Latency = 5> <II = 1> <Delay = 6.54> <FuncUnit> <Opcode : 'dmul'> <InPorts = 2> <OutPorts = 1>

State 90 <SV = 57> <Delay = 6.54>
ST_90 : Operation 603 [5/6] (6.54ns)   --->   "%val_1 = dmul i64 %val, i64 %tmp_2" [../ip/ip6/conv_bn_relu.cpp:268]   --->   Operation 603 'dmul' 'val_1' <Predicate = true> <Delay = 6.54> <CoreInst = "DMul_maxdsp">   --->   Core 49 'DMul_maxdsp' <Latency = 5> <II = 1> <Delay = 6.54> <FuncUnit> <Opcode : 'dmul'> <InPorts = 2> <OutPorts = 1>

State 91 <SV = 58> <Delay = 6.54>
ST_91 : Operation 604 [4/6] (6.54ns)   --->   "%val_1 = dmul i64 %val, i64 %tmp_2" [../ip/ip6/conv_bn_relu.cpp:268]   --->   Operation 604 'dmul' 'val_1' <Predicate = true> <Delay = 6.54> <CoreInst = "DMul_maxdsp">   --->   Core 49 'DMul_maxdsp' <Latency = 5> <II = 1> <Delay = 6.54> <FuncUnit> <Opcode : 'dmul'> <InPorts = 2> <OutPorts = 1>

State 92 <SV = 59> <Delay = 6.54>
ST_92 : Operation 605 [3/6] (6.54ns)   --->   "%val_1 = dmul i64 %val, i64 %tmp_2" [../ip/ip6/conv_bn_relu.cpp:268]   --->   Operation 605 'dmul' 'val_1' <Predicate = true> <Delay = 6.54> <CoreInst = "DMul_maxdsp">   --->   Core 49 'DMul_maxdsp' <Latency = 5> <II = 1> <Delay = 6.54> <FuncUnit> <Opcode : 'dmul'> <InPorts = 2> <OutPorts = 1>

State 93 <SV = 60> <Delay = 6.54>
ST_93 : Operation 606 [2/6] (6.54ns)   --->   "%val_1 = dmul i64 %val, i64 %tmp_2" [../ip/ip6/conv_bn_relu.cpp:268]   --->   Operation 606 'dmul' 'val_1' <Predicate = true> <Delay = 6.54> <CoreInst = "DMul_maxdsp">   --->   Core 49 'DMul_maxdsp' <Latency = 5> <II = 1> <Delay = 6.54> <FuncUnit> <Opcode : 'dmul'> <InPorts = 2> <OutPorts = 1>

State 94 <SV = 61> <Delay = 6.54>
ST_94 : Operation 607 [1/6] (6.54ns)   --->   "%val_1 = dmul i64 %val, i64 %tmp_2" [../ip/ip6/conv_bn_relu.cpp:268]   --->   Operation 607 'dmul' 'val_1' <Predicate = true> <Delay = 6.54> <CoreInst = "DMul_maxdsp">   --->   Core 49 'DMul_maxdsp' <Latency = 5> <II = 1> <Delay = 6.54> <FuncUnit> <Opcode : 'dmul'> <InPorts = 2> <OutPorts = 1>

State 95 <SV = 62> <Delay = 6.14>
ST_95 : Operation 608 [7/7] (6.14ns)   --->   "%val_2 = dadd i64 %val_1, i64 %conv7" [../ip/ip6/conv_bn_relu.cpp:269]   --->   Operation 608 'dadd' 'val_2' <Predicate = true> <Delay = 6.14> <CoreInst = "DAddSub_fulldsp">   --->   Core 37 'DAddSub_fulldsp' <Latency = 6> <II = 1> <Delay = 6.14> <FuncUnit> <Opcode : 'dadd' 'dsub'> <InPorts = 2> <OutPorts = 1>

State 96 <SV = 63> <Delay = 6.14>
ST_96 : Operation 609 [6/7] (6.14ns)   --->   "%val_2 = dadd i64 %val_1, i64 %conv7" [../ip/ip6/conv_bn_relu.cpp:269]   --->   Operation 609 'dadd' 'val_2' <Predicate = true> <Delay = 6.14> <CoreInst = "DAddSub_fulldsp">   --->   Core 37 'DAddSub_fulldsp' <Latency = 6> <II = 1> <Delay = 6.14> <FuncUnit> <Opcode : 'dadd' 'dsub'> <InPorts = 2> <OutPorts = 1>

State 97 <SV = 64> <Delay = 6.14>
ST_97 : Operation 610 [5/7] (6.14ns)   --->   "%val_2 = dadd i64 %val_1, i64 %conv7" [../ip/ip6/conv_bn_relu.cpp:269]   --->   Operation 610 'dadd' 'val_2' <Predicate = true> <Delay = 6.14> <CoreInst = "DAddSub_fulldsp">   --->   Core 37 'DAddSub_fulldsp' <Latency = 6> <II = 1> <Delay = 6.14> <FuncUnit> <Opcode : 'dadd' 'dsub'> <InPorts = 2> <OutPorts = 1>

State 98 <SV = 65> <Delay = 6.14>
ST_98 : Operation 611 [4/7] (6.14ns)   --->   "%val_2 = dadd i64 %val_1, i64 %conv7" [../ip/ip6/conv_bn_relu.cpp:269]   --->   Operation 611 'dadd' 'val_2' <Predicate = true> <Delay = 6.14> <CoreInst = "DAddSub_fulldsp">   --->   Core 37 'DAddSub_fulldsp' <Latency = 6> <II = 1> <Delay = 6.14> <FuncUnit> <Opcode : 'dadd' 'dsub'> <InPorts = 2> <OutPorts = 1>

State 99 <SV = 66> <Delay = 6.14>
ST_99 : Operation 612 [3/7] (6.14ns)   --->   "%val_2 = dadd i64 %val_1, i64 %conv7" [../ip/ip6/conv_bn_relu.cpp:269]   --->   Operation 612 'dadd' 'val_2' <Predicate = true> <Delay = 6.14> <CoreInst = "DAddSub_fulldsp">   --->   Core 37 'DAddSub_fulldsp' <Latency = 6> <II = 1> <Delay = 6.14> <FuncUnit> <Opcode : 'dadd' 'dsub'> <InPorts = 2> <OutPorts = 1>

State 100 <SV = 67> <Delay = 6.14>
ST_100 : Operation 613 [2/7] (6.14ns)   --->   "%val_2 = dadd i64 %val_1, i64 %conv7" [../ip/ip6/conv_bn_relu.cpp:269]   --->   Operation 613 'dadd' 'val_2' <Predicate = true> <Delay = 6.14> <CoreInst = "DAddSub_fulldsp">   --->   Core 37 'DAddSub_fulldsp' <Latency = 6> <II = 1> <Delay = 6.14> <FuncUnit> <Opcode : 'dadd' 'dsub'> <InPorts = 2> <OutPorts = 1>

State 101 <SV = 68> <Delay = 6.14>
ST_101 : Operation 614 [1/7] (6.14ns)   --->   "%val_2 = dadd i64 %val_1, i64 %conv7" [../ip/ip6/conv_bn_relu.cpp:269]   --->   Operation 614 'dadd' 'val_2' <Predicate = true> <Delay = 6.14> <CoreInst = "DAddSub_fulldsp">   --->   Core 37 'DAddSub_fulldsp' <Latency = 6> <II = 1> <Delay = 6.14> <FuncUnit> <Opcode : 'dadd' 'dsub'> <InPorts = 2> <OutPorts = 1>

State 102 <SV = 69> <Delay = 4.35>
ST_102 : Operation 615 [2/2] (4.35ns)   --->   "%bn_val = fptrunc i64 %val_2" [../ip/ip6/conv_bn_relu.cpp:272]   --->   Operation 615 'fptrunc' 'bn_val' <Predicate = true> <Delay = 4.35> <CoreInst = "Double2Float">   --->   Core 67 'Double2Float' <Latency = 1> <II = 1> <Delay = 4.35> <FuncUnit> <Opcode : 'fptrunc'> <InPorts = 1> <OutPorts = 1>

State 103 <SV = 70> <Delay = 4.35>
ST_103 : Operation 616 [1/2] (4.35ns)   --->   "%bn_val = fptrunc i64 %val_2" [../ip/ip6/conv_bn_relu.cpp:272]   --->   Operation 616 'fptrunc' 'bn_val' <Predicate = true> <Delay = 4.35> <CoreInst = "Double2Float">   --->   Core 67 'Double2Float' <Latency = 1> <II = 1> <Delay = 4.35> <FuncUnit> <Opcode : 'fptrunc'> <InPorts = 1> <OutPorts = 1>

State 104 <SV = 71> <Delay = 7.30>
ST_104 : Operation 617 [1/1] (0.00ns)   --->   "%bitcast_ln276 = bitcast i32 %bn_val" [../ip/ip6/conv_bn_relu.cpp:276]   --->   Operation 617 'bitcast' 'bitcast_ln276' <Predicate = true> <Delay = 0.00>
ST_104 : Operation 618 [1/1] (7.30ns)   --->   "%write_ln276 = write void @_ssdm_op_Write.m_axi.i32P1A, i32 %gmem0_addr, i32 %bitcast_ln276, i4 15" [../ip/ip6/conv_bn_relu.cpp:276]   --->   Operation 618 'write' 'write_ln276' <Predicate = true> <Delay = 7.30> <CoreInst = "m_axi">   --->   Core 113 'm_axi' <Latency = 0> <II = 1> <Delay = 1.00> <Adapter> <Opcode : 'read' 'write' 'readreq' 'writereq' 'writeresp'>

State 105 <SV = 72> <Delay = 7.30>
ST_105 : Operation 619 [5/5] (7.30ns)   --->   "%gmem0_addr_resp = writeresp i1 @_ssdm_op_WriteResp.m_axi.i32P1A, i32 %gmem0_addr" [../ip/ip6/conv_bn_relu.cpp:276]   --->   Operation 619 'writeresp' 'gmem0_addr_resp' <Predicate = true> <Delay = 7.30> <CoreInst = "m_axi">   --->   Core 113 'm_axi' <Latency = 0> <II = 1> <Delay = 1.00> <Adapter> <Opcode : 'read' 'write' 'readreq' 'writereq' 'writeresp'>

State 106 <SV = 73> <Delay = 7.30>
ST_106 : Operation 620 [4/5] (7.30ns)   --->   "%gmem0_addr_resp = writeresp i1 @_ssdm_op_WriteResp.m_axi.i32P1A, i32 %gmem0_addr" [../ip/ip6/conv_bn_relu.cpp:276]   --->   Operation 620 'writeresp' 'gmem0_addr_resp' <Predicate = true> <Delay = 7.30> <CoreInst = "m_axi">   --->   Core 113 'm_axi' <Latency = 0> <II = 1> <Delay = 1.00> <Adapter> <Opcode : 'read' 'write' 'readreq' 'writereq' 'writeresp'>

State 107 <SV = 74> <Delay = 7.30>
ST_107 : Operation 621 [3/5] (7.30ns)   --->   "%gmem0_addr_resp = writeresp i1 @_ssdm_op_WriteResp.m_axi.i32P1A, i32 %gmem0_addr" [../ip/ip6/conv_bn_relu.cpp:276]   --->   Operation 621 'writeresp' 'gmem0_addr_resp' <Predicate = true> <Delay = 7.30> <CoreInst = "m_axi">   --->   Core 113 'm_axi' <Latency = 0> <II = 1> <Delay = 1.00> <Adapter> <Opcode : 'read' 'write' 'readreq' 'writereq' 'writeresp'>

State 108 <SV = 75> <Delay = 7.30>
ST_108 : Operation 622 [2/5] (7.30ns)   --->   "%gmem0_addr_resp = writeresp i1 @_ssdm_op_WriteResp.m_axi.i32P1A, i32 %gmem0_addr" [../ip/ip6/conv_bn_relu.cpp:276]   --->   Operation 622 'writeresp' 'gmem0_addr_resp' <Predicate = true> <Delay = 7.30> <CoreInst = "m_axi">   --->   Core 113 'm_axi' <Latency = 0> <II = 1> <Delay = 1.00> <Adapter> <Opcode : 'read' 'write' 'readreq' 'writereq' 'writeresp'>

State 109 <SV = 76> <Delay = 7.30>
ST_109 : Operation 623 [1/5] (7.30ns)   --->   "%gmem0_addr_resp = writeresp i1 @_ssdm_op_WriteResp.m_axi.i32P1A, i32 %gmem0_addr" [../ip/ip6/conv_bn_relu.cpp:276]   --->   Operation 623 'writeresp' 'gmem0_addr_resp' <Predicate = true> <Delay = 7.30> <CoreInst = "m_axi">   --->   Core 113 'm_axi' <Latency = 0> <II = 1> <Delay = 1.00> <Adapter> <Opcode : 'read' 'write' 'readreq' 'writereq' 'writeresp'>
ST_109 : Operation 624 [1/1] (0.00ns)   --->   "%br_ln244 = br void %VITIS_LOOP_250_26" [../ip/ip6/conv_bn_relu.cpp:244]   --->   Operation 624 'br' 'br_ln244' <Predicate = true> <Delay = 0.00>

State 110 <SV = 22> <Delay = 1.82>
ST_110 : Operation 625 [1/2] (0.00ns)   --->   "%call_ln79 = call void @Block_entry352_proc1_Pipeline_VITIS_LOOP_79_1, i64 %bn_params, i64 %bn_params_1, i64 %bn_params_2, i64 %bn_params_3, i16 %C_out_read, i62 %trunc_ln1, i32 %gmem3, i62 %trunc_ln79_1" [../ip/ip6/conv_bn_relu.cpp:79]   --->   Operation 625 'call' 'call_ln79' <Predicate = true> <Delay = 0.00> <CoreType = "Generic">   --->   Core 0 '' <Latency = 0> <II = 1> <Delay = 1.00> <Generic> <Opcode : >
ST_110 : Operation 626 [3/4] (1.82ns) (root node of the DSP)   --->   "%mul_ln87_2 = mul i24 %zext_ln87_5, i24 %zext_ln87_7" [../ip/ip6/conv_bn_relu.cpp:87]   --->   Operation 626 'mul' 'mul_ln87_2' <Predicate = true> <Delay = 1.82> <CoreInst = "DSP48">   --->   Core 119 'DSP48' <Latency = 3> <II = 1> <Delay = 1.82> <IPBlock> <Opcode : 'mul' 'add' 'sub' 'select'> <InPorts = 0> <OutPorts = 1> <Sync> <CReg>

State 111 <SV = 23> <Delay = 1.82>
ST_111 : Operation 627 [2/4] (1.82ns) (root node of the DSP)   --->   "%mul_ln87_2 = mul i24 %zext_ln87_5, i24 %zext_ln87_7" [../ip/ip6/conv_bn_relu.cpp:87]   --->   Operation 627 'mul' 'mul_ln87_2' <Predicate = true> <Delay = 1.82> <CoreInst = "DSP48">   --->   Core 119 'DSP48' <Latency = 3> <II = 1> <Delay = 1.82> <IPBlock> <Opcode : 'mul' 'add' 'sub' 'select'> <InPorts = 0> <OutPorts = 1> <Sync> <CReg>

State 112 <SV = 24> <Delay = 5.43>
ST_112 : Operation 628 [1/1] (0.00ns)   --->   "%conv32 = zext i16 %C_out_read"   --->   Operation 628 'zext' 'conv32' <Predicate = true> <Delay = 0.00>
ST_112 : Operation 629 [1/1] (0.00ns)   --->   "%conv_i_i1237 = zext i16 %W_out_V"   --->   Operation 629 'zext' 'conv_i_i1237' <Predicate = true> <Delay = 0.00>
ST_112 : Operation 630 [4/4] (1.82ns) (root node of the DSP)   --->   "%mul_ln87 = mul i32 %conv_i_i1237, i32 %conv32" [../ip/ip6/conv_bn_relu.cpp:87]   --->   Operation 630 'mul' 'mul_ln87' <Predicate = true> <Delay = 1.82> <CoreInst = "DSP48">   --->   Core 119 'DSP48' <Latency = 3> <II = 1> <Delay = 1.82> <IPBlock> <Opcode : 'mul' 'add' 'sub' 'select'> <InPorts = 0> <OutPorts = 1> <Sync> <CReg>
ST_112 : Operation 631 [1/1] (0.00ns)   --->   "%conv_i_i961 = zext i16 %W_in_read"   --->   Operation 631 'zext' 'conv_i_i961' <Predicate = true> <Delay = 0.00>
ST_112 : Operation 632 [1/1] (0.00ns)   --->   "%zext_ln87_2 = zext i16 %C_in_read" [../ip/ip6/conv_bn_relu.cpp:87]   --->   Operation 632 'zext' 'zext_ln87_2' <Predicate = true> <Delay = 0.00>
ST_112 : Operation 633 [1/1] (0.83ns)   --->   "%xor_ln87 = xor i17 %zext_ln1496_2, i17 131071" [../ip/ip6/conv_bn_relu.cpp:87]   --->   Operation 633 'xor' 'xor_ln87' <Predicate = true> <Delay = 0.83> <CoreInst = "LogicGate">   --->   Core 74 'LogicGate' <Latency = 0> <II = 1> <Delay = 0.83> <FuncUnit> <Opcode : 'and' 'or' 'xor'> <InPorts = 2> <OutPorts = 1>
ST_112 : Operation 634 [1/1] (0.00ns)   --->   "%sext_ln87 = sext i17 %xor_ln87" [../ip/ip6/conv_bn_relu.cpp:87]   --->   Operation 634 'sext' 'sext_ln87' <Predicate = true> <Delay = 0.00>
ST_112 : Operation 635 [1/4] (0.00ns) (root node of the DSP)   --->   "%mul_ln87_2 = mul i24 %zext_ln87_5, i24 %zext_ln87_7" [../ip/ip6/conv_bn_relu.cpp:87]   --->   Operation 635 'mul' 'mul_ln87_2' <Predicate = true> <Delay = 0.00> <CoreInst = "DSP48">   --->   Core 119 'DSP48' <Latency = 3> <II = 1> <Delay = 1.82> <IPBlock> <Opcode : 'mul' 'add' 'sub' 'select'> <InPorts = 0> <OutPorts = 1> <Sync> <CReg>
ST_112 : Operation 636 [1/1] (0.00ns)   --->   "%zext_ln87_8 = zext i24 %mul_ln87_2" [../ip/ip6/conv_bn_relu.cpp:87]   --->   Operation 636 'zext' 'zext_ln87_8' <Predicate = true> <Delay = 0.00>
ST_112 : Operation 637 [4/4] (1.82ns) (root node of the DSP)   --->   "%mul_ln87_1 = mul i32 %zext_ln87_8, i32 %sext_ln87" [../ip/ip6/conv_bn_relu.cpp:87]   --->   Operation 637 'mul' 'mul_ln87_1' <Predicate = true> <Delay = 1.82> <CoreInst = "DSP48">   --->   Core 119 'DSP48' <Latency = 3> <II = 1> <Delay = 1.82> <IPBlock> <Opcode : 'mul' 'add' 'sub' 'select'> <InPorts = 0> <OutPorts = 1> <Sync> <CReg>
ST_112 : Operation 638 [1/1] (0.00ns)   --->   "%zext_ln87_9 = zext i16 %W_in_read" [../ip/ip6/conv_bn_relu.cpp:87]   --->   Operation 638 'zext' 'zext_ln87_9' <Predicate = true> <Delay = 0.00>
ST_112 : Operation 639 [1/1] (0.00ns)   --->   "%zext_ln87_10 = zext i8 %stride_read" [../ip/ip6/conv_bn_relu.cpp:87]   --->   Operation 639 'zext' 'zext_ln87_10' <Predicate = true> <Delay = 0.00>
ST_112 : Operation 640 [4/4] (1.82ns) (root node of the DSP)   --->   "%mul_ln87_3 = mul i24 %zext_ln87_5, i24 %zext_ln87_10" [../ip/ip6/conv_bn_relu.cpp:87]   --->   Operation 640 'mul' 'mul_ln87_3' <Predicate = true> <Delay = 1.82> <CoreInst = "DSP48">   --->   Core 119 'DSP48' <Latency = 3> <II = 1> <Delay = 1.82> <IPBlock> <Opcode : 'mul' 'add' 'sub' 'select'> <InPorts = 0> <OutPorts = 1> <Sync> <CReg>
ST_112 : Operation 641 [1/1] (0.00ns)   --->   "%zext_ln87_12 = zext i8 %kernel_size_read" [../ip/ip6/conv_bn_relu.cpp:87]   --->   Operation 641 'zext' 'zext_ln87_12' <Predicate = true> <Delay = 0.00>
ST_112 : Operation 642 [1/1] (3.61ns)   --->   "%mul_ln87_4 = mul i16 %zext_ln87_12, i16 %zext_ln87_12" [../ip/ip6/conv_bn_relu.cpp:87]   --->   Operation 642 'mul' 'mul_ln87_4' <Predicate = true> <Delay = 3.61> <CoreInst = "Multiplier">   --->   Core 3 'Multiplier' <Latency = 0> <II = 1> <Delay = 3.61> <FuncUnit> <Opcode : 'mul'> <InPorts = 2> <OutPorts = 1>
ST_112 : Operation 643 [1/1] (0.00ns)   --->   "%zext_ln87_13 = zext i16 %mul_ln87_4" [../ip/ip6/conv_bn_relu.cpp:87]   --->   Operation 643 'zext' 'zext_ln87_13' <Predicate = true> <Delay = 0.00>
ST_112 : Operation 644 [4/4] (1.82ns) (root node of the DSP)   --->   "%mul_ln87_5 = mul i32 %zext_ln87_13, i32 %zext_ln87_2" [../ip/ip6/conv_bn_relu.cpp:87]   --->   Operation 644 'mul' 'mul_ln87_5' <Predicate = true> <Delay = 1.82> <CoreInst = "DSP48">   --->   Core 119 'DSP48' <Latency = 3> <II = 1> <Delay = 1.82> <IPBlock> <Opcode : 'mul' 'add' 'sub' 'select'> <InPorts = 0> <OutPorts = 1> <Sync> <CReg>
ST_112 : Operation 645 [4/4] (1.82ns) (root node of the DSP)   --->   "%mul_ln95 = mul i24 %zext_ln87_9, i24 %zext_ln87_10" [../ip/ip6/conv_bn_relu.cpp:95]   --->   Operation 645 'mul' 'mul_ln95' <Predicate = true> <Delay = 1.82> <CoreInst = "DSP48">   --->   Core 119 'DSP48' <Latency = 3> <II = 1> <Delay = 1.82> <IPBlock> <Opcode : 'mul' 'add' 'sub' 'select'> <InPorts = 0> <OutPorts = 1> <Sync> <CReg>
ST_112 : Operation 646 [4/4] (1.82ns) (root node of the DSP)   --->   "%mul_ln115 = mul i32 %conv_i_i961, i32 %zext_ln87_2" [../ip/ip6/conv_bn_relu.cpp:115]   --->   Operation 646 'mul' 'mul_ln115' <Predicate = true> <Delay = 1.82> <CoreInst = "DSP48">   --->   Core 119 'DSP48' <Latency = 3> <II = 1> <Delay = 1.82> <IPBlock> <Opcode : 'mul' 'add' 'sub' 'select'> <InPorts = 0> <OutPorts = 1> <Sync> <CReg>

State 113 <SV = 25> <Delay = 1.82>
ST_113 : Operation 647 [3/4] (1.82ns) (root node of the DSP)   --->   "%mul_ln87 = mul i32 %conv_i_i1237, i32 %conv32" [../ip/ip6/conv_bn_relu.cpp:87]   --->   Operation 647 'mul' 'mul_ln87' <Predicate = true> <Delay = 1.82> <CoreInst = "DSP48">   --->   Core 119 'DSP48' <Latency = 3> <II = 1> <Delay = 1.82> <IPBlock> <Opcode : 'mul' 'add' 'sub' 'select'> <InPorts = 0> <OutPorts = 1> <Sync> <CReg>
ST_113 : Operation 648 [3/4] (1.82ns) (root node of the DSP)   --->   "%mul_ln87_1 = mul i32 %zext_ln87_8, i32 %sext_ln87" [../ip/ip6/conv_bn_relu.cpp:87]   --->   Operation 648 'mul' 'mul_ln87_1' <Predicate = true> <Delay = 1.82> <CoreInst = "DSP48">   --->   Core 119 'DSP48' <Latency = 3> <II = 1> <Delay = 1.82> <IPBlock> <Opcode : 'mul' 'add' 'sub' 'select'> <InPorts = 0> <OutPorts = 1> <Sync> <CReg>
ST_113 : Operation 649 [3/4] (1.82ns) (root node of the DSP)   --->   "%mul_ln87_3 = mul i24 %zext_ln87_5, i24 %zext_ln87_10" [../ip/ip6/conv_bn_relu.cpp:87]   --->   Operation 649 'mul' 'mul_ln87_3' <Predicate = true> <Delay = 1.82> <CoreInst = "DSP48">   --->   Core 119 'DSP48' <Latency = 3> <II = 1> <Delay = 1.82> <IPBlock> <Opcode : 'mul' 'add' 'sub' 'select'> <InPorts = 0> <OutPorts = 1> <Sync> <CReg>
ST_113 : Operation 650 [3/4] (1.82ns) (root node of the DSP)   --->   "%mul_ln87_5 = mul i32 %zext_ln87_13, i32 %zext_ln87_2" [../ip/ip6/conv_bn_relu.cpp:87]   --->   Operation 650 'mul' 'mul_ln87_5' <Predicate = true> <Delay = 1.82> <CoreInst = "DSP48">   --->   Core 119 'DSP48' <Latency = 3> <II = 1> <Delay = 1.82> <IPBlock> <Opcode : 'mul' 'add' 'sub' 'select'> <InPorts = 0> <OutPorts = 1> <Sync> <CReg>
ST_113 : Operation 651 [3/4] (1.82ns) (root node of the DSP)   --->   "%mul_ln95 = mul i24 %zext_ln87_9, i24 %zext_ln87_10" [../ip/ip6/conv_bn_relu.cpp:95]   --->   Operation 651 'mul' 'mul_ln95' <Predicate = true> <Delay = 1.82> <CoreInst = "DSP48">   --->   Core 119 'DSP48' <Latency = 3> <II = 1> <Delay = 1.82> <IPBlock> <Opcode : 'mul' 'add' 'sub' 'select'> <InPorts = 0> <OutPorts = 1> <Sync> <CReg>
ST_113 : Operation 652 [3/4] (1.82ns) (root node of the DSP)   --->   "%mul_ln115 = mul i32 %conv_i_i961, i32 %zext_ln87_2" [../ip/ip6/conv_bn_relu.cpp:115]   --->   Operation 652 'mul' 'mul_ln115' <Predicate = true> <Delay = 1.82> <CoreInst = "DSP48">   --->   Core 119 'DSP48' <Latency = 3> <II = 1> <Delay = 1.82> <IPBlock> <Opcode : 'mul' 'add' 'sub' 'select'> <InPorts = 0> <OutPorts = 1> <Sync> <CReg>

State 114 <SV = 26> <Delay = 1.82>
ST_114 : Operation 653 [2/4] (1.82ns) (root node of the DSP)   --->   "%mul_ln87 = mul i32 %conv_i_i1237, i32 %conv32" [../ip/ip6/conv_bn_relu.cpp:87]   --->   Operation 653 'mul' 'mul_ln87' <Predicate = true> <Delay = 1.82> <CoreInst = "DSP48">   --->   Core 119 'DSP48' <Latency = 3> <II = 1> <Delay = 1.82> <IPBlock> <Opcode : 'mul' 'add' 'sub' 'select'> <InPorts = 0> <OutPorts = 1> <Sync> <CReg>
ST_114 : Operation 654 [2/4] (1.82ns) (root node of the DSP)   --->   "%mul_ln87_1 = mul i32 %zext_ln87_8, i32 %sext_ln87" [../ip/ip6/conv_bn_relu.cpp:87]   --->   Operation 654 'mul' 'mul_ln87_1' <Predicate = true> <Delay = 1.82> <CoreInst = "DSP48">   --->   Core 119 'DSP48' <Latency = 3> <II = 1> <Delay = 1.82> <IPBlock> <Opcode : 'mul' 'add' 'sub' 'select'> <InPorts = 0> <OutPorts = 1> <Sync> <CReg>
ST_114 : Operation 655 [2/4] (1.82ns) (root node of the DSP)   --->   "%mul_ln87_3 = mul i24 %zext_ln87_5, i24 %zext_ln87_10" [../ip/ip6/conv_bn_relu.cpp:87]   --->   Operation 655 'mul' 'mul_ln87_3' <Predicate = true> <Delay = 1.82> <CoreInst = "DSP48">   --->   Core 119 'DSP48' <Latency = 3> <II = 1> <Delay = 1.82> <IPBlock> <Opcode : 'mul' 'add' 'sub' 'select'> <InPorts = 0> <OutPorts = 1> <Sync> <CReg>
ST_114 : Operation 656 [2/4] (1.82ns) (root node of the DSP)   --->   "%mul_ln87_5 = mul i32 %zext_ln87_13, i32 %zext_ln87_2" [../ip/ip6/conv_bn_relu.cpp:87]   --->   Operation 656 'mul' 'mul_ln87_5' <Predicate = true> <Delay = 1.82> <CoreInst = "DSP48">   --->   Core 119 'DSP48' <Latency = 3> <II = 1> <Delay = 1.82> <IPBlock> <Opcode : 'mul' 'add' 'sub' 'select'> <InPorts = 0> <OutPorts = 1> <Sync> <CReg>
ST_114 : Operation 657 [2/4] (1.82ns) (root node of the DSP)   --->   "%mul_ln95 = mul i24 %zext_ln87_9, i24 %zext_ln87_10" [../ip/ip6/conv_bn_relu.cpp:95]   --->   Operation 657 'mul' 'mul_ln95' <Predicate = true> <Delay = 1.82> <CoreInst = "DSP48">   --->   Core 119 'DSP48' <Latency = 3> <II = 1> <Delay = 1.82> <IPBlock> <Opcode : 'mul' 'add' 'sub' 'select'> <InPorts = 0> <OutPorts = 1> <Sync> <CReg>
ST_114 : Operation 658 [2/4] (1.82ns) (root node of the DSP)   --->   "%mul_ln115 = mul i32 %conv_i_i961, i32 %zext_ln87_2" [../ip/ip6/conv_bn_relu.cpp:115]   --->   Operation 658 'mul' 'mul_ln115' <Predicate = true> <Delay = 1.82> <CoreInst = "DSP48">   --->   Core 119 'DSP48' <Latency = 3> <II = 1> <Delay = 1.82> <IPBlock> <Opcode : 'mul' 'add' 'sub' 'select'> <InPorts = 0> <OutPorts = 1> <Sync> <CReg>

State 115 <SV = 27> <Delay = 4.18>
ST_115 : Operation 659 [1/1] (0.00ns)   --->   "%zext_ln79 = zext i16 %C_out_read" [../ip/ip6/conv_bn_relu.cpp:79]   --->   Operation 659 'zext' 'zext_ln79' <Predicate = true> <Delay = 0.00>
ST_115 : Operation 660 [1/1] (0.00ns)   --->   "%conv42 = zext i16 %H_out_V"   --->   Operation 660 'zext' 'conv42' <Predicate = true> <Delay = 0.00>
ST_115 : Operation 661 [1/4] (0.00ns) (root node of the DSP)   --->   "%mul_ln87 = mul i32 %conv_i_i1237, i32 %conv32" [../ip/ip6/conv_bn_relu.cpp:87]   --->   Operation 661 'mul' 'mul_ln87' <Predicate = true> <Delay = 0.00> <CoreInst = "DSP48">   --->   Core 119 'DSP48' <Latency = 3> <II = 1> <Delay = 1.82> <IPBlock> <Opcode : 'mul' 'add' 'sub' 'select'> <InPorts = 0> <OutPorts = 1> <Sync> <CReg>
ST_115 : Operation 662 [1/1] (0.00ns)   --->   "%conv3_i12_i_i1220 = zext i8 %kernel_size_read"   --->   Operation 662 'zext' 'conv3_i12_i_i1220' <Predicate = true> <Delay = 0.00>
ST_115 : Operation 663 [1/1] (0.00ns)   --->   "%kernel_size_cast = zext i8 %kernel_size_read"   --->   Operation 663 'zext' 'kernel_size_cast' <Predicate = true> <Delay = 0.00>
ST_115 : Operation 664 [1/1] (0.00ns)   --->   "%conv_i_i968 = zext i16 %H_in_read"   --->   Operation 664 'zext' 'conv_i_i968' <Predicate = true> <Delay = 0.00>
ST_115 : Operation 665 [1/1] (2.13ns)   --->   "%cmp_i_i12493580 = icmp_eq  i16 %H_out_V, i16 0"   --->   Operation 665 'icmp' 'cmp_i_i12493580' <Predicate = true> <Delay = 2.13> <CoreInst = "Cmp">   --->   Core 9 'Cmp' <Latency = 0> <II = 1> <Delay = 2.13> <FuncUnit> <Opcode : 'icmp'> <InPorts = 2> <OutPorts = 1>
ST_115 : Operation 666 [1/1] (2.13ns)   --->   "%cmp_i_i12383577 = icmp_eq  i16 %W_out_V, i16 0"   --->   Operation 666 'icmp' 'cmp_i_i12383577' <Predicate = true> <Delay = 2.13> <CoreInst = "Cmp">   --->   Core 9 'Cmp' <Latency = 0> <II = 1> <Delay = 2.13> <FuncUnit> <Opcode : 'icmp'> <InPorts = 2> <OutPorts = 1>
ST_115 : Operation 667 [1/1] (1.31ns)   --->   "%cmp_i_i8533553 = icmp_ne  i8 %kernel_size_read, i8 0"   --->   Operation 667 'icmp' 'cmp_i_i8533553' <Predicate = true> <Delay = 1.31> <CoreInst = "Cmp">   --->   Core 9 'Cmp' <Latency = 0> <II = 1> <Delay = 1.31> <FuncUnit> <Opcode : 'icmp'> <InPorts = 2> <OutPorts = 1>
ST_115 : Operation 668 [1/1] (0.00ns)   --->   "%zext_ln87 = zext i16 %W_out_V" [../ip/ip6/conv_bn_relu.cpp:87]   --->   Operation 668 'zext' 'zext_ln87' <Predicate = true> <Delay = 0.00>
ST_115 : Operation 669 [1/1] (0.00ns)   --->   "%zext_ln87_1 = zext i16 %H_out_V" [../ip/ip6/conv_bn_relu.cpp:87]   --->   Operation 669 'zext' 'zext_ln87_1' <Predicate = true> <Delay = 0.00>
ST_115 : Operation 670 [1/1] (0.00ns)   --->   "%zext_ln87_3 = zext i8 %padding_read" [../ip/ip6/conv_bn_relu.cpp:87]   --->   Operation 670 'zext' 'zext_ln87_3' <Predicate = true> <Delay = 0.00>
ST_115 : Operation 671 [1/4] (0.00ns) (root node of the DSP)   --->   "%mul_ln87_1 = mul i32 %zext_ln87_8, i32 %sext_ln87" [../ip/ip6/conv_bn_relu.cpp:87]   --->   Operation 671 'mul' 'mul_ln87_1' <Predicate = true> <Delay = 0.00> <CoreInst = "DSP48">   --->   Core 119 'DSP48' <Latency = 3> <II = 1> <Delay = 1.82> <IPBlock> <Opcode : 'mul' 'add' 'sub' 'select'> <InPorts = 0> <OutPorts = 1> <Sync> <CReg>
ST_115 : Operation 672 [1/1] (0.00ns)   --->   "%zext_ln87_4 = zext i8 %stride_read" [../ip/ip6/conv_bn_relu.cpp:87]   --->   Operation 672 'zext' 'zext_ln87_4' <Predicate = true> <Delay = 0.00>
ST_115 : Operation 673 [1/1] (0.00ns)   --->   "%zext_ln87_6 = zext i16 %C_in_read" [../ip/ip6/conv_bn_relu.cpp:87]   --->   Operation 673 'zext' 'zext_ln87_6' <Predicate = true> <Delay = 0.00>
ST_115 : Operation 674 [1/4] (0.00ns) (root node of the DSP)   --->   "%mul_ln87_3 = mul i24 %zext_ln87_5, i24 %zext_ln87_10" [../ip/ip6/conv_bn_relu.cpp:87]   --->   Operation 674 'mul' 'mul_ln87_3' <Predicate = true> <Delay = 0.00> <CoreInst = "DSP48">   --->   Core 119 'DSP48' <Latency = 3> <II = 1> <Delay = 1.82> <IPBlock> <Opcode : 'mul' 'add' 'sub' 'select'> <InPorts = 0> <OutPorts = 1> <Sync> <CReg>
ST_115 : Operation 675 [1/1] (0.00ns)   --->   "%shl_ln1 = bitconcatenate i26 @_ssdm_op_BitConcatenate.i26.i24.i2, i24 %mul_ln87_3, i2 0" [../ip/ip6/conv_bn_relu.cpp:87]   --->   Operation 675 'bitconcatenate' 'shl_ln1' <Predicate = true> <Delay = 0.00>
ST_115 : Operation 676 [1/1] (0.00ns)   --->   "%zext_ln87_11 = zext i26 %shl_ln1" [../ip/ip6/conv_bn_relu.cpp:87]   --->   Operation 676 'zext' 'zext_ln87_11' <Predicate = true> <Delay = 0.00>
ST_115 : Operation 677 [1/4] (0.00ns) (root node of the DSP)   --->   "%mul_ln87_5 = mul i32 %zext_ln87_13, i32 %zext_ln87_2" [../ip/ip6/conv_bn_relu.cpp:87]   --->   Operation 677 'mul' 'mul_ln87_5' <Predicate = true> <Delay = 0.00> <CoreInst = "DSP48">   --->   Core 119 'DSP48' <Latency = 3> <II = 1> <Delay = 1.82> <IPBlock> <Opcode : 'mul' 'add' 'sub' 'select'> <InPorts = 0> <OutPorts = 1> <Sync> <CReg>
ST_115 : Operation 678 [1/1] (0.00ns)   --->   "%shl_ln87_1 = bitconcatenate i18 @_ssdm_op_BitConcatenate.i18.i16.i2, i16 %C_out_read, i2 0" [../ip/ip6/conv_bn_relu.cpp:87]   --->   Operation 678 'bitconcatenate' 'shl_ln87_1' <Predicate = true> <Delay = 0.00>
ST_115 : Operation 679 [1/1] (0.00ns)   --->   "%zext_ln87_14 = zext i18 %shl_ln87_1" [../ip/ip6/conv_bn_relu.cpp:87]   --->   Operation 679 'zext' 'zext_ln87_14' <Predicate = true> <Delay = 0.00>
ST_115 : Operation 680 [1/1] (0.00ns)   --->   "%zext_ln87_15 = zext i16 %W_out_V" [../ip/ip6/conv_bn_relu.cpp:87]   --->   Operation 680 'zext' 'zext_ln87_15' <Predicate = true> <Delay = 0.00>
ST_115 : Operation 681 [1/1] (1.54ns)   --->   "%add_ln87 = add i17 %zext_ln87_15, i17 131071" [../ip/ip6/conv_bn_relu.cpp:87]   --->   Operation 681 'add' 'add_ln87' <Predicate = true> <Delay = 1.54> <CoreInst = "Adder">   --->   Core 1 'Adder' <Latency = 0> <II = 1> <Delay = 1.54> <FuncUnit> <Opcode : 'add' 'sub'> <InPorts = 2> <OutPorts = 1>
ST_115 : Operation 682 [1/1] (0.00ns)   --->   "%trunc_ln3 = partselect i15 @_ssdm_op_PartSelect.i15.i17.i32.i32, i17 %add_ln87, i32 2, i32 16" [../ip/ip6/conv_bn_relu.cpp:87]   --->   Operation 682 'partselect' 'trunc_ln3' <Predicate = true> <Delay = 0.00>
ST_115 : Operation 683 [1/1] (0.00ns)   --->   "%sext_ln87_1 = sext i15 %trunc_ln3" [../ip/ip6/conv_bn_relu.cpp:87]   --->   Operation 683 'sext' 'sext_ln87_1' <Predicate = true> <Delay = 0.00>
ST_115 : Operation 684 [1/1] (0.00ns)   --->   "%zext_ln87_16 = zext i62 %sext_ln87_1" [../ip/ip6/conv_bn_relu.cpp:87]   --->   Operation 684 'zext' 'zext_ln87_16' <Predicate = true> <Delay = 0.00>
ST_115 : Operation 685 [1/1] (2.64ns)   --->   "%add_ln87_1 = add i63 %zext_ln87_16, i63 1" [../ip/ip6/conv_bn_relu.cpp:87]   --->   Operation 685 'add' 'add_ln87_1' <Predicate = true> <Delay = 2.64> <CoreInst = "Adder">   --->   Core 1 'Adder' <Latency = 0> <II = 1> <Delay = 2.64> <FuncUnit> <Opcode : 'add' 'sub'> <InPorts = 2> <OutPorts = 1>
ST_115 : Operation 686 [1/1] (0.00ns)   --->   "%zext_ln87_17 = zext i16 %H_out_V" [../ip/ip6/conv_bn_relu.cpp:87]   --->   Operation 686 'zext' 'zext_ln87_17' <Predicate = true> <Delay = 0.00>
ST_115 : Operation 687 [1/1] (1.54ns)   --->   "%add_ln87_2 = add i17 %zext_ln87_17, i17 131071" [../ip/ip6/conv_bn_relu.cpp:87]   --->   Operation 687 'add' 'add_ln87_2' <Predicate = true> <Delay = 1.54> <CoreInst = "Adder">   --->   Core 1 'Adder' <Latency = 0> <II = 1> <Delay = 1.54> <FuncUnit> <Opcode : 'add' 'sub'> <InPorts = 2> <OutPorts = 1>
ST_115 : Operation 688 [1/1] (0.00ns)   --->   "%trunc_ln87_1 = partselect i15 @_ssdm_op_PartSelect.i15.i17.i32.i32, i17 %add_ln87_2, i32 2, i32 16" [../ip/ip6/conv_bn_relu.cpp:87]   --->   Operation 688 'partselect' 'trunc_ln87_1' <Predicate = true> <Delay = 0.00>
ST_115 : Operation 689 [1/1] (0.00ns)   --->   "%sext_ln87_2 = sext i15 %trunc_ln87_1" [../ip/ip6/conv_bn_relu.cpp:87]   --->   Operation 689 'sext' 'sext_ln87_2' <Predicate = true> <Delay = 0.00>
ST_115 : Operation 690 [1/1] (0.00ns)   --->   "%zext_ln87_18 = zext i62 %sext_ln87_2" [../ip/ip6/conv_bn_relu.cpp:87]   --->   Operation 690 'zext' 'zext_ln87_18' <Predicate = true> <Delay = 0.00>
ST_115 : Operation 691 [1/1] (2.64ns)   --->   "%add_ln87_3 = add i63 %zext_ln87_18, i63 1" [../ip/ip6/conv_bn_relu.cpp:87]   --->   Operation 691 'add' 'add_ln87_3' <Predicate = true> <Delay = 2.64> <CoreInst = "Adder">   --->   Core 1 'Adder' <Latency = 0> <II = 1> <Delay = 2.64> <FuncUnit> <Opcode : 'add' 'sub'> <InPorts = 2> <OutPorts = 1>
ST_115 : Operation 692 [1/1] (1.54ns)   --->   "%add_ln87_4 = add i17 %zext_ln79, i17 7" [../ip/ip6/conv_bn_relu.cpp:87]   --->   Operation 692 'add' 'add_ln87_4' <Predicate = true> <Delay = 1.54> <CoreInst = "Adder">   --->   Core 1 'Adder' <Latency = 0> <II = 1> <Delay = 1.54> <FuncUnit> <Opcode : 'add' 'sub'> <InPorts = 2> <OutPorts = 1>
ST_115 : Operation 693 [1/1] (0.00ns)   --->   "%lshr_ln87_2_cast = partselect i14 @_ssdm_op_PartSelect.i14.i17.i32.i32, i17 %add_ln87_4, i32 3, i32 16" [../ip/ip6/conv_bn_relu.cpp:87]   --->   Operation 693 'partselect' 'lshr_ln87_2_cast' <Predicate = true> <Delay = 0.00>
ST_115 : Operation 694 [1/1] (0.62ns)   --->   "%empty = select i1 %cmp_i_i8533553, i16 %mul_ln87_4, i16 0" [../ip/ip6/conv_bn_relu.cpp:87]   --->   Operation 694 'select' 'empty' <Predicate = true> <Delay = 0.62> <CoreInst = "Sel">   --->   Core 73 'Sel' <Latency = 0> <II = 1> <Delay = 0.62> <FuncUnit> <Opcode : 'select'> <InPorts = 3> <OutPorts = 1>
ST_115 : Operation 695 [1/1] (0.00ns)   --->   "%trunc_ln1027 = trunc i32 %mul_ln87_5"   --->   Operation 695 'trunc' 'trunc_ln1027' <Predicate = true> <Delay = 0.00>
ST_115 : Operation 696 [1/1] (0.00ns)   --->   "%trunc_ln95 = trunc i32 %mul_ln87" [../ip/ip6/conv_bn_relu.cpp:95]   --->   Operation 696 'trunc' 'trunc_ln95' <Predicate = true> <Delay = 0.00>
ST_115 : Operation 697 [1/4] (0.00ns) (root node of the DSP)   --->   "%mul_ln95 = mul i24 %zext_ln87_9, i24 %zext_ln87_10" [../ip/ip6/conv_bn_relu.cpp:95]   --->   Operation 697 'mul' 'mul_ln95' <Predicate = true> <Delay = 0.00> <CoreInst = "DSP48">   --->   Core 119 'DSP48' <Latency = 3> <II = 1> <Delay = 1.82> <IPBlock> <Opcode : 'mul' 'add' 'sub' 'select'> <InPorts = 0> <OutPorts = 1> <Sync> <CReg>
ST_115 : Operation 698 [1/1] (0.00ns)   --->   "%zext_ln95 = zext i24 %mul_ln95" [../ip/ip6/conv_bn_relu.cpp:95]   --->   Operation 698 'zext' 'zext_ln95' <Predicate = true> <Delay = 0.00>
ST_115 : Operation 699 [1/1] (1.30ns)   --->   "%tmp13 = add i9 %kernel_size_cast, i9 511"   --->   Operation 699 'add' 'tmp13' <Predicate = true> <Delay = 1.30> <CoreInst = "Adder">   --->   Core 1 'Adder' <Latency = 0> <II = 1> <Delay = 1.30> <FuncUnit> <Opcode : 'add' 'sub'> <InPorts = 2> <OutPorts = 1>
ST_115 : Operation 700 [1/1] (0.00ns)   --->   "%tmp13_cast = sext i9 %tmp13"   --->   Operation 700 'sext' 'tmp13_cast' <Predicate = true> <Delay = 0.00>
ST_115 : Operation 701 [1/4] (0.00ns) (root node of the DSP)   --->   "%mul_ln115 = mul i32 %conv_i_i961, i32 %zext_ln87_2" [../ip/ip6/conv_bn_relu.cpp:115]   --->   Operation 701 'mul' 'mul_ln115' <Predicate = true> <Delay = 0.00> <CoreInst = "DSP48">   --->   Core 119 'DSP48' <Latency = 3> <II = 1> <Delay = 1.82> <IPBlock> <Opcode : 'mul' 'add' 'sub' 'select'> <InPorts = 0> <OutPorts = 1> <Sync> <CReg>
ST_115 : Operation 702 [1/1] (0.00ns)   --->   "%cast56 = zext i32 %mul_ln87_5" [../ip/ip6/conv_bn_relu.cpp:87]   --->   Operation 702 'zext' 'cast56' <Predicate = true> <Delay = 0.00>
ST_115 : Operation 703 [1/1] (0.00ns)   --->   "%cast4 = zext i16 %C_in_read"   --->   Operation 703 'zext' 'cast4' <Predicate = true> <Delay = 0.00>
ST_115 : Operation 704 [1/1] (1.31ns)   --->   "%icmp_ln1027 = icmp_eq  i8 %kernel_size_read, i8 0"   --->   Operation 704 'icmp' 'icmp_ln1027' <Predicate = true> <Delay = 1.31> <CoreInst = "Cmp">   --->   Core 9 'Cmp' <Latency = 0> <II = 1> <Delay = 1.31> <FuncUnit> <Opcode : 'icmp'> <InPorts = 2> <OutPorts = 1>
ST_115 : Operation 705 [1/1] (2.13ns)   --->   "%icmp_ln1027_16 = icmp_eq  i16 %mul_ln87_4, i16 0"   --->   Operation 705 'icmp' 'icmp_ln1027_16' <Predicate = true> <Delay = 2.13> <CoreInst = "Cmp">   --->   Core 9 'Cmp' <Latency = 0> <II = 1> <Delay = 2.13> <FuncUnit> <Opcode : 'icmp'> <InPorts = 2> <OutPorts = 1>
ST_115 : Operation 706 [1/1] (0.00ns)   --->   "%br_ln87 = br void %for.cond26" [../ip/ip6/conv_bn_relu.cpp:87]   --->   Operation 706 'br' 'br_ln87' <Predicate = true> <Delay = 0.00>

State 116 <SV = 28> <Delay = 6.38>
ST_116 : Operation 707 [1/1] (0.00ns)   --->   "%c_out_blk = load i17 %c_out_1" [../ip/ip6/conv_bn_relu.cpp:89]   --->   Operation 707 'load' 'c_out_blk' <Predicate = (conv_type_read == 0)> <Delay = 0.00>
ST_116 : Operation 708 [1/1] (0.00ns)   --->   "%phi_ln1027_load = load i14 %phi_ln1027" [../ip/ip6/conv_bn_relu.cpp:87]   --->   Operation 708 'load' 'phi_ln1027_load' <Predicate = (conv_type_read == 0)> <Delay = 0.00>
ST_116 : Operation 709 [1/1] (0.00ns)   --->   "%zext_ln87_19 = zext i17 %c_out_blk" [../ip/ip6/conv_bn_relu.cpp:87]   --->   Operation 709 'zext' 'zext_ln87_19' <Predicate = (conv_type_read == 0)> <Delay = 0.00>
ST_116 : Operation 710 [1/1] (0.00ns)   --->   "%zext_ln87_20 = zext i17 %c_out_blk" [../ip/ip6/conv_bn_relu.cpp:87]   --->   Operation 710 'zext' 'zext_ln87_20' <Predicate = (conv_type_read == 0)> <Delay = 0.00>
ST_116 : Operation 711 [1/1] (0.00ns)   --->   "%shl_ln2 = bitconcatenate i19 @_ssdm_op_BitConcatenate.i19.i17.i2, i17 %c_out_blk, i2 0"   --->   Operation 711 'bitconcatenate' 'shl_ln2' <Predicate = (conv_type_read == 0)> <Delay = 0.00>
ST_116 : Operation 712 [1/1] (0.00ns)   --->   "%zext_ln1027 = zext i19 %shl_ln2"   --->   Operation 712 'zext' 'zext_ln1027' <Predicate = (conv_type_read == 0)> <Delay = 0.00>
ST_116 : Operation 713 [1/1] (2.69ns)   --->   "%add_ln1027 = add i64 %zext_ln1027, i64 %bn_beta_read"   --->   Operation 713 'add' 'add_ln1027' <Predicate = (conv_type_read == 0)> <Delay = 2.69> <CoreInst = "Adder">   --->   Core 1 'Adder' <Latency = 0> <II = 1> <Delay = 2.69> <FuncUnit> <Opcode : 'add' 'sub'> <InPorts = 2> <OutPorts = 1>
ST_116 : Operation 714 [1/1] (2.69ns)   --->   "%add_ln1027_1 = add i64 %zext_ln1027, i64 %bn_mean_read"   --->   Operation 714 'add' 'add_ln1027_1' <Predicate = (conv_type_read == 0)> <Delay = 2.69> <CoreInst = "Adder">   --->   Core 1 'Adder' <Latency = 0> <II = 1> <Delay = 2.69> <FuncUnit> <Opcode : 'add' 'sub'> <InPorts = 2> <OutPorts = 1>
ST_116 : Operation 715 [1/1] (0.00ns)   --->   "%zext_ln1027_1 = zext i14 %phi_ln1027_load"   --->   Operation 715 'zext' 'zext_ln1027_1' <Predicate = (conv_type_read == 0)> <Delay = 0.00>
ST_116 : Operation 716 [1/1] (6.38ns)   --->   "%mul_ln1027 = mul i29 %trunc_ln1027, i29 %zext_ln1027_1"   --->   Operation 716 'mul' 'mul_ln1027' <Predicate = (conv_type_read == 0)> <Delay = 6.38> <CoreInst = "Multiplier">   --->   Core 3 'Multiplier' <Latency = 0> <II = 1> <Delay = 6.38> <FuncUnit> <Opcode : 'mul'> <InPorts = 2> <OutPorts = 1>
ST_116 : Operation 717 [1/1] (0.00ns)   --->   "%shl_ln1027_1 = bitconcatenate i32 @_ssdm_op_BitConcatenate.i32.i29.i3, i29 %mul_ln1027, i3 0"   --->   Operation 717 'bitconcatenate' 'shl_ln1027_1' <Predicate = (conv_type_read == 0)> <Delay = 0.00>
ST_116 : Operation 718 [1/1] (1.98ns)   --->   "%icmp_ln1027_2 = icmp_eq  i14 %phi_ln1027_load, i14 %lshr_ln87_2_cast"   --->   Operation 718 'icmp' 'icmp_ln1027_2' <Predicate = (conv_type_read == 0)> <Delay = 1.98> <CoreInst = "Cmp">   --->   Core 9 'Cmp' <Latency = 0> <II = 1> <Delay = 1.98> <FuncUnit> <Opcode : 'icmp'> <InPorts = 2> <OutPorts = 1>
ST_116 : Operation 719 [1/1] (0.00ns)   --->   "%empty_168 = speclooptripcount i32 @_ssdm_op_SpecLoopTripCount, i64 0, i64 8192, i64 0"   --->   Operation 719 'speclooptripcount' 'empty_168' <Predicate = (conv_type_read == 0)> <Delay = 0.00>
ST_116 : Operation 720 [1/1] (1.52ns)   --->   "%add_ln87_5 = add i14 %phi_ln1027_load, i14 1" [../ip/ip6/conv_bn_relu.cpp:87]   --->   Operation 720 'add' 'add_ln87_5' <Predicate = (conv_type_read == 0)> <Delay = 1.52> <CoreInst = "Adder">   --->   Core 1 'Adder' <Latency = 0> <II = 1> <Delay = 1.52> <FuncUnit> <Opcode : 'add' 'sub'> <InPorts = 2> <OutPorts = 1>
ST_116 : Operation 721 [1/1] (0.00ns)   --->   "%br_ln87 = br i1 %icmp_ln1027_2, void %for.body29, void %if.end487.loopexit" [../ip/ip6/conv_bn_relu.cpp:87]   --->   Operation 721 'br' 'br_ln87' <Predicate = (conv_type_read == 0)> <Delay = 0.00>
ST_116 : Operation 722 [1/1] (0.00ns)   --->   "%specloopname_ln89 = specloopname void @_ssdm_op_SpecLoopName, void @empty_1" [../ip/ip6/conv_bn_relu.cpp:89]   --->   Operation 722 'specloopname' 'specloopname_ln89' <Predicate = (conv_type_read == 0 & !icmp_ln1027_2)> <Delay = 0.00>
ST_116 : Operation 723 [1/1] (1.55ns)   --->   "%add_ln89 = add i17 %c_out_blk, i17 8" [../ip/ip6/conv_bn_relu.cpp:89]   --->   Operation 723 'add' 'add_ln89' <Predicate = (conv_type_read == 0 & !icmp_ln1027_2)> <Delay = 1.55> <CoreInst = "Adder">   --->   Core 1 'Adder' <Latency = 0> <II = 1> <Delay = 1.55> <FuncUnit> <Opcode : 'add' 'sub'> <InPorts = 2> <OutPorts = 1>
ST_116 : Operation 724 [1/1] (2.11ns)   --->   "%icmp_ln89 = icmp_ult  i17 %add_ln89, i17 %zext_ln79" [../ip/ip6/conv_bn_relu.cpp:89]   --->   Operation 724 'icmp' 'icmp_ln89' <Predicate = (conv_type_read == 0 & !icmp_ln1027_2)> <Delay = 2.11> <CoreInst = "Cmp">   --->   Core 9 'Cmp' <Latency = 0> <II = 1> <Delay = 2.11> <FuncUnit> <Opcode : 'icmp'> <InPorts = 2> <OutPorts = 1>
ST_116 : Operation 725 [1/1] (0.00ns)   --->   "%trunc_ln89 = trunc i17 %c_out_blk" [../ip/ip6/conv_bn_relu.cpp:89]   --->   Operation 725 'trunc' 'trunc_ln89' <Predicate = (conv_type_read == 0 & !icmp_ln1027_2)> <Delay = 0.00>
ST_116 : Operation 726 [1/1] (0.00ns)   --->   "%zext_ln89 = zext i16 %trunc_ln89" [../ip/ip6/conv_bn_relu.cpp:89]   --->   Operation 726 'zext' 'zext_ln89' <Predicate = (conv_type_read == 0 & !icmp_ln1027_2)> <Delay = 0.00>
ST_116 : Operation 727 [1/1] (1.54ns)   --->   "%add_ln89_1 = add i17 %zext_ln89, i17 8" [../ip/ip6/conv_bn_relu.cpp:89]   --->   Operation 727 'add' 'add_ln89_1' <Predicate = (conv_type_read == 0 & !icmp_ln1027_2)> <Delay = 1.54> <CoreInst = "Adder">   --->   Core 1 'Adder' <Latency = 0> <II = 1> <Delay = 1.54> <FuncUnit> <Opcode : 'add' 'sub'> <InPorts = 2> <OutPorts = 1>
ST_116 : Operation 728 [1/1] (0.62ns)   --->   "%c_out_end = select i1 %icmp_ln89, i17 %add_ln89_1, i17 %zext_ln79" [../ip/ip6/conv_bn_relu.cpp:89]   --->   Operation 728 'select' 'c_out_end' <Predicate = (conv_type_read == 0 & !icmp_ln1027_2)> <Delay = 0.62> <CoreInst = "Sel">   --->   Core 73 'Sel' <Latency = 0> <II = 1> <Delay = 0.62> <FuncUnit> <Opcode : 'select'> <InPorts = 3> <OutPorts = 1>
ST_116 : Operation 729 [1/1] (0.00ns)   --->   "%zext_ln89_1 = zext i17 %c_out_end" [../ip/ip6/conv_bn_relu.cpp:89]   --->   Operation 729 'zext' 'zext_ln89_1' <Predicate = (conv_type_read == 0 & !icmp_ln1027_2)> <Delay = 0.00>
ST_116 : Operation 730 [1/1] (0.00ns)   --->   "%br_ln93 = br i1 %cmp_i_i12493580, void %for.body39.lr.ph, void %for.inc279" [../ip/ip6/conv_bn_relu.cpp:93]   --->   Operation 730 'br' 'br_ln93' <Predicate = (conv_type_read == 0 & !icmp_ln1027_2)> <Delay = 0.00>
ST_116 : Operation 731 [1/1] (0.00ns)   --->   "%shl_ln3 = bitconcatenate i17 @_ssdm_op_BitConcatenate.i17.i14.i3, i14 %phi_ln1027_load, i3 0" [../ip/ip6/conv_bn_relu.cpp:93]   --->   Operation 731 'bitconcatenate' 'shl_ln3' <Predicate = (conv_type_read == 0 & !icmp_ln1027_2 & !cmp_i_i12493580)> <Delay = 0.00>
ST_116 : Operation 732 [1/1] (0.00ns)   --->   "%zext_ln155 = zext i17 %shl_ln3" [../ip/ip6/conv_bn_relu.cpp:155]   --->   Operation 732 'zext' 'zext_ln155' <Predicate = (conv_type_read == 0 & !icmp_ln1027_2 & !cmp_i_i12493580)> <Delay = 0.00>
ST_116 : Operation 733 [1/1] (0.00ns)   --->   "%trunc_ln8 = partselect i62 @_ssdm_op_PartSelect.i62.i64.i32.i32, i64 %add_ln1027_1, i32 2, i32 63" [../ip/ip6/conv_bn_relu.cpp:155]   --->   Operation 733 'partselect' 'trunc_ln8' <Predicate = (conv_type_read == 0 & !icmp_ln1027_2 & !cmp_i_i12493580)> <Delay = 0.00>
ST_116 : Operation 734 [1/1] (0.00ns)   --->   "%trunc_ln155_1 = partselect i62 @_ssdm_op_PartSelect.i62.i64.i32.i32, i64 %add_ln1027, i32 2, i32 63" [../ip/ip6/conv_bn_relu.cpp:155]   --->   Operation 734 'partselect' 'trunc_ln155_1' <Predicate = (conv_type_read == 0 & !icmp_ln1027_2 & !cmp_i_i12493580)> <Delay = 0.00>
ST_116 : Operation 735 [1/1] (1.55ns)   --->   "%sub_ln155 = sub i18 %zext_ln89_1, i18 %zext_ln155" [../ip/ip6/conv_bn_relu.cpp:155]   --->   Operation 735 'sub' 'sub_ln155' <Predicate = (conv_type_read == 0 & !icmp_ln1027_2 & !cmp_i_i12493580)> <Delay = 1.55> <CoreInst = "Adder">   --->   Core 1 'Adder' <Latency = 0> <II = 1> <Delay = 1.55> <FuncUnit> <Opcode : 'add' 'sub'> <InPorts = 2> <OutPorts = 1>
ST_116 : Operation 736 [1/1] (0.00ns)   --->   "%br_ln0 = br void %if.end487"   --->   Operation 736 'br' 'br_ln0' <Predicate = (conv_type_read == 0 & icmp_ln1027_2)> <Delay = 0.00>
ST_116 : Operation 737 [1/1] (0.00ns)   --->   "%ret_ln0 = ret"   --->   Operation 737 'ret' 'ret_ln0' <Predicate = (icmp_ln1027_2) | (conv_type_read != 0)> <Delay = 0.00>

State 117 <SV = 29> <Delay = 3.67>
ST_117 : Operation 738 [1/1] (0.00ns)   --->   "%indvars_iv50_load_1 = load i17 %indvars_iv50" [../ip/ip6/conv_bn_relu.cpp:87]   --->   Operation 738 'load' 'indvars_iv50_load_1' <Predicate = true> <Delay = 0.00>
ST_117 : Operation 739 [1/1] (0.00ns)   --->   "%phi_ln87_load_1 = load i18 %phi_ln87" [../ip/ip6/conv_bn_relu.cpp:93]   --->   Operation 739 'load' 'phi_ln87_load_1' <Predicate = true> <Delay = 0.00>
ST_117 : Operation 740 [1/1] (2.11ns)   --->   "%icmp_ln87 = icmp_ugt  i17 %indvars_iv50_load_1, i17 %c_out_end" [../ip/ip6/conv_bn_relu.cpp:87]   --->   Operation 740 'icmp' 'icmp_ln87' <Predicate = true> <Delay = 2.11> <CoreInst = "Cmp">   --->   Core 9 'Cmp' <Latency = 0> <II = 1> <Delay = 2.11> <FuncUnit> <Opcode : 'icmp'> <InPorts = 2> <OutPorts = 1>
ST_117 : Operation 741 [1/1] (0.00ns) (grouped into LUT with out node add_ln93_2)   --->   "%select_ln87 = select i1 %icmp_ln87, i17 %indvars_iv50_load_1, i17 %c_out_end" [../ip/ip6/conv_bn_relu.cpp:87]   --->   Operation 741 'select' 'select_ln87' <Predicate = true> <Delay = 0.00> <CoreInst = "Sel">   --->   Core 73 'Sel' <Latency = 0> <II = 1> <Delay = 0.62> <FuncUnit> <Opcode : 'select'> <InPorts = 3> <OutPorts = 1>
ST_117 : Operation 742 [1/1] (0.00ns) (grouped into LUT with out node add_ln93_2)   --->   "%zext_ln93 = zext i17 %select_ln87" [../ip/ip6/conv_bn_relu.cpp:93]   --->   Operation 742 'zext' 'zext_ln93' <Predicate = true> <Delay = 0.00>
ST_117 : Operation 743 [1/1] (1.56ns) (out node of the LUT)   --->   "%add_ln93_2 = add i18 %zext_ln93, i18 %phi_ln87_load_1" [../ip/ip6/conv_bn_relu.cpp:93]   --->   Operation 743 'add' 'add_ln93_2' <Predicate = true> <Delay = 1.56> <CoreInst = "Adder">   --->   Core 1 'Adder' <Latency = 0> <II = 1> <Delay = 1.56> <FuncUnit> <Opcode : 'add' 'sub'> <InPorts = 2> <OutPorts = 1>

State 118 <SV = 30> <Delay = 5.80>
ST_118 : Operation 744 [1/1] (0.00ns)   --->   "%cast55_cast = sext i18 %add_ln93_2" [../ip/ip6/conv_bn_relu.cpp:93]   --->   Operation 744 'sext' 'cast55_cast' <Predicate = true> <Delay = 0.00>
ST_118 : Operation 745 [1/1] (0.00ns)   --->   "%cast55_cast_cast = zext i64 %cast55_cast" [../ip/ip6/conv_bn_relu.cpp:93]   --->   Operation 745 'zext' 'cast55_cast_cast' <Predicate = true> <Delay = 0.00>
ST_118 : Operation 746 [5/5] (5.80ns)   --->   "%bound57 = mul i96 %cast55_cast_cast, i96 %cast56" [../ip/ip6/conv_bn_relu.cpp:93]   --->   Operation 746 'mul' 'bound57' <Predicate = true> <Delay = 5.80> <CoreInst = "Multiplier">   --->   Core 3 'Multiplier' <Latency = 4> <II = 1> <Delay = 5.80> <FuncUnit> <Opcode : 'mul'> <InPorts = 2> <OutPorts = 1>

State 119 <SV = 31> <Delay = 5.80>
ST_119 : Operation 747 [4/5] (5.80ns)   --->   "%bound57 = mul i96 %cast55_cast_cast, i96 %cast56" [../ip/ip6/conv_bn_relu.cpp:93]   --->   Operation 747 'mul' 'bound57' <Predicate = true> <Delay = 5.80> <CoreInst = "Multiplier">   --->   Core 3 'Multiplier' <Latency = 4> <II = 1> <Delay = 5.80> <FuncUnit> <Opcode : 'mul'> <InPorts = 2> <OutPorts = 1>

State 120 <SV = 32> <Delay = 5.80>
ST_120 : Operation 748 [3/5] (5.80ns)   --->   "%bound57 = mul i96 %cast55_cast_cast, i96 %cast56" [../ip/ip6/conv_bn_relu.cpp:93]   --->   Operation 748 'mul' 'bound57' <Predicate = true> <Delay = 5.80> <CoreInst = "Multiplier">   --->   Core 3 'Multiplier' <Latency = 4> <II = 1> <Delay = 5.80> <FuncUnit> <Opcode : 'mul'> <InPorts = 2> <OutPorts = 1>

State 121 <SV = 33> <Delay = 5.80>
ST_121 : Operation 749 [2/5] (5.80ns)   --->   "%bound57 = mul i96 %cast55_cast_cast, i96 %cast56" [../ip/ip6/conv_bn_relu.cpp:93]   --->   Operation 749 'mul' 'bound57' <Predicate = true> <Delay = 5.80> <CoreInst = "Multiplier">   --->   Core 3 'Multiplier' <Latency = 4> <II = 1> <Delay = 5.80> <FuncUnit> <Opcode : 'mul'> <InPorts = 2> <OutPorts = 1>

State 122 <SV = 34> <Delay = 5.80>
ST_122 : Operation 750 [1/1] (0.00ns)   --->   "%c_out_end_cast131 = zext i17 %c_out_end" [../ip/ip6/conv_bn_relu.cpp:89]   --->   Operation 750 'zext' 'c_out_end_cast131' <Predicate = true> <Delay = 0.00>
ST_122 : Operation 751 [1/1] (2.11ns)   --->   "%cmp1293557 = icmp_ult  i17 %c_out_blk, i17 %c_out_end" [../ip/ip6/conv_bn_relu.cpp:89]   --->   Operation 751 'icmp' 'cmp1293557' <Predicate = true> <Delay = 2.11> <CoreInst = "Cmp">   --->   Core 9 'Cmp' <Latency = 0> <II = 1> <Delay = 2.11> <FuncUnit> <Opcode : 'icmp'> <InPorts = 2> <OutPorts = 1>
ST_122 : Operation 752 [1/1] (0.00ns)   --->   "%sext_ln155 = sext i62 %trunc_ln8" [../ip/ip6/conv_bn_relu.cpp:155]   --->   Operation 752 'sext' 'sext_ln155' <Predicate = true> <Delay = 0.00>
ST_122 : Operation 753 [1/1] (0.00ns)   --->   "%sext_ln155_1 = sext i62 %trunc_ln155_1" [../ip/ip6/conv_bn_relu.cpp:155]   --->   Operation 753 'sext' 'sext_ln155_1' <Predicate = true> <Delay = 0.00>
ST_122 : Operation 754 [1/1] (0.61ns)   --->   "%empty_169 = select i1 %cmp1293557, i18 %sub_ln155, i18 0" [../ip/ip6/conv_bn_relu.cpp:89]   --->   Operation 754 'select' 'empty_169' <Predicate = true> <Delay = 0.61> <CoreInst = "Sel">   --->   Core 73 'Sel' <Latency = 0> <II = 1> <Delay = 0.61> <FuncUnit> <Opcode : 'select'> <InPorts = 3> <OutPorts = 1>
ST_122 : Operation 755 [1/1] (0.00ns)   --->   "%sext_ln93 = sext i18 %empty_169" [../ip/ip6/conv_bn_relu.cpp:93]   --->   Operation 755 'sext' 'sext_ln93' <Predicate = true> <Delay = 0.00>
ST_122 : Operation 756 [1/5] (5.80ns)   --->   "%bound57 = mul i96 %cast55_cast_cast, i96 %cast56" [../ip/ip6/conv_bn_relu.cpp:93]   --->   Operation 756 'mul' 'bound57' <Predicate = true> <Delay = 5.80> <CoreInst = "Multiplier">   --->   Core 3 'Multiplier' <Latency = 4> <II = 1> <Delay = 5.80> <FuncUnit> <Opcode : 'mul'> <InPorts = 2> <OutPorts = 1>
ST_122 : Operation 757 [1/1] (1.29ns)   --->   "%br_ln93 = br void %for.body39" [../ip/ip6/conv_bn_relu.cpp:93]   --->   Operation 757 'br' 'br_ln93' <Predicate = true> <Delay = 1.29>

State 123 <SV = 35> <Delay = 7.05>
ST_123 : Operation 758 [1/1] (0.00ns)   --->   "%indvar = phi i63 0, void %for.body39.lr.ph, i63 %add_ln93_1, void %for.inc276" [../ip/ip6/conv_bn_relu.cpp:93]   --->   Operation 758 'phi' 'indvar' <Predicate = (!cmp_i_i12493580)> <Delay = 0.00>
ST_123 : Operation 759 [1/1] (0.00ns)   --->   "%indvars_iv3688 = phi i33 %conv3_i12_i_i1220, void %for.body39.lr.ph, i33 %add_ln93, void %for.inc276" [../ip/ip6/conv_bn_relu.cpp:93]   --->   Operation 759 'phi' 'indvars_iv3688' <Predicate = (!cmp_i_i12493580)> <Delay = 0.00>
ST_123 : Operation 760 [1/1] (0.00ns)   --->   "%h_out_blk_4 = phi i64 0, void %for.body39.lr.ph, i64 %add_ln95, void %for.inc276" [../ip/ip6/conv_bn_relu.cpp:95]   --->   Operation 760 'phi' 'h_out_blk_4' <Predicate = (!cmp_i_i12493580)> <Delay = 0.00>
ST_123 : Operation 761 [1/1] (0.00ns)   --->   "%phi_mul624 = phi i30 0, void %for.body39.lr.ph, i30 %add_ln1027_7, void %for.inc276"   --->   Operation 761 'phi' 'phi_mul624' <Predicate = (!cmp_i_i12493580)> <Delay = 0.00>
ST_123 : Operation 762 [1/1] (1.84ns)   --->   "%add_ln1027_7 = add i30 %phi_mul624, i30 %zext_ln87_6"   --->   Operation 762 'add' 'add_ln1027_7' <Predicate = (!cmp_i_i12493580)> <Delay = 1.84> <CoreInst = "Adder">   --->   Core 1 'Adder' <Latency = 0> <II = 1> <Delay = 1.84> <FuncUnit> <Opcode : 'add' 'sub'> <InPorts = 2> <OutPorts = 1>
ST_123 : Operation 763 [1/1] (2.26ns)   --->   "%icmp_ln1027_5 = icmp_eq  i63 %indvar, i63 %add_ln87_3"   --->   Operation 763 'icmp' 'icmp_ln1027_5' <Predicate = (!cmp_i_i12493580)> <Delay = 2.26> <CoreInst = "Cmp">   --->   Core 9 'Cmp' <Latency = 0> <II = 1> <Delay = 2.26> <FuncUnit> <Opcode : 'icmp'> <InPorts = 2> <OutPorts = 1>
ST_123 : Operation 764 [1/1] (0.00ns)   --->   "%empty_170 = speclooptripcount i32 @_ssdm_op_SpecLoopTripCount, i64 1, i64 18446744073709551615, i64 0"   --->   Operation 764 'speclooptripcount' 'empty_170' <Predicate = (!cmp_i_i12493580)> <Delay = 0.00>
ST_123 : Operation 765 [1/1] (2.66ns)   --->   "%add_ln93_1 = add i63 %indvar, i63 1" [../ip/ip6/conv_bn_relu.cpp:93]   --->   Operation 765 'add' 'add_ln93_1' <Predicate = (!cmp_i_i12493580)> <Delay = 2.66> <CoreInst = "Adder">   --->   Core 1 'Adder' <Latency = 0> <II = 1> <Delay = 2.66> <FuncUnit> <Opcode : 'add' 'sub'> <InPorts = 2> <OutPorts = 1>
ST_123 : Operation 766 [1/1] (0.00ns)   --->   "%br_ln93 = br i1 %icmp_ln1027_5, void %for.body39.split, void %for.inc279.loopexit" [../ip/ip6/conv_bn_relu.cpp:93]   --->   Operation 766 'br' 'br_ln93' <Predicate = (!cmp_i_i12493580)> <Delay = 0.00>
ST_123 : Operation 767 [1/1] (0.00ns)   --->   "%trunc_ln95_1 = trunc i63 %indvar" [../ip/ip6/conv_bn_relu.cpp:95]   --->   Operation 767 'trunc' 'trunc_ln95_1' <Predicate = (!cmp_i_i12493580 & !icmp_ln1027_5)> <Delay = 0.00>
ST_123 : Operation 768 [1/1] (6.60ns)   --->   "%mul_ln95_1 = mul i30 %trunc_ln95, i30 %trunc_ln95_1" [../ip/ip6/conv_bn_relu.cpp:95]   --->   Operation 768 'mul' 'mul_ln95_1' <Predicate = (!cmp_i_i12493580 & !icmp_ln1027_5)> <Delay = 6.60> <CoreInst = "Multiplier">   --->   Core 3 'Multiplier' <Latency = 0> <II = 1> <Delay = 6.60> <FuncUnit> <Opcode : 'mul'> <InPorts = 2> <OutPorts = 1>
ST_123 : Operation 769 [1/1] (6.60ns)   --->   "%mul_ln95_2 = mul i30 %zext_ln95, i30 %phi_mul624" [../ip/ip6/conv_bn_relu.cpp:95]   --->   Operation 769 'mul' 'mul_ln95_2' <Predicate = (!cmp_i_i12493580 & !icmp_ln1027_5)> <Delay = 6.60> <CoreInst = "Multiplier">   --->   Core 3 'Multiplier' <Latency = 0> <II = 1> <Delay = 6.60> <FuncUnit> <Opcode : 'mul'> <InPorts = 2> <OutPorts = 1>
ST_123 : Operation 770 [1/1] (0.00ns)   --->   "%trunc_ln95_2 = trunc i64 %h_out_blk_4" [../ip/ip6/conv_bn_relu.cpp:95]   --->   Operation 770 'trunc' 'trunc_ln95_2' <Predicate = (!cmp_i_i12493580 & !icmp_ln1027_5)> <Delay = 0.00>
ST_123 : Operation 771 [1/1] (2.69ns)   --->   "%add_ln95 = add i64 %h_out_blk_4, i64 4" [../ip/ip6/conv_bn_relu.cpp:95]   --->   Operation 771 'add' 'add_ln95' <Predicate = (!cmp_i_i12493580 & !icmp_ln1027_5)> <Delay = 2.69> <CoreInst = "Adder">   --->   Core 1 'Adder' <Latency = 0> <II = 1> <Delay = 2.69> <FuncUnit> <Opcode : 'add' 'sub'> <InPorts = 2> <OutPorts = 1>
ST_123 : Operation 772 [1/1] (2.26ns)   --->   "%icmp_ln95 = icmp_ult  i64 %add_ln95, i64 %zext_ln87_1" [../ip/ip6/conv_bn_relu.cpp:95]   --->   Operation 772 'icmp' 'icmp_ln95' <Predicate = (!cmp_i_i12493580 & !icmp_ln1027_5)> <Delay = 2.26> <CoreInst = "Cmp">   --->   Core 9 'Cmp' <Latency = 0> <II = 1> <Delay = 2.26> <FuncUnit> <Opcode : 'icmp'> <InPorts = 2> <OutPorts = 1>
ST_123 : Operation 773 [1/1] (1.89ns)   --->   "%add_ln95_1 = add i32 %trunc_ln95_2, i32 4" [../ip/ip6/conv_bn_relu.cpp:95]   --->   Operation 773 'add' 'add_ln95_1' <Predicate = (!cmp_i_i12493580 & !icmp_ln1027_5)> <Delay = 1.89> <CoreInst = "Adder">   --->   Core 1 'Adder' <Latency = 0> <II = 1> <Delay = 1.89> <FuncUnit> <Opcode : 'add' 'sub'> <InPorts = 2> <OutPorts = 1>
ST_123 : Operation 774 [1/1] (0.70ns)   --->   "%h_out_end_1 = select i1 %icmp_ln95, i32 %add_ln95_1, i32 %conv42" [../ip/ip6/conv_bn_relu.cpp:95]   --->   Operation 774 'select' 'h_out_end_1' <Predicate = (!cmp_i_i12493580 & !icmp_ln1027_5)> <Delay = 0.70> <CoreInst = "Sel">   --->   Core 73 'Sel' <Latency = 0> <II = 1> <Delay = 0.70> <FuncUnit> <Opcode : 'select'> <InPorts = 3> <OutPorts = 1>
ST_123 : Operation 775 [1/1] (7.05ns)   --->   "%conv3_i_i_i10743540 = mul i32 %trunc_ln95_2, i32 %zext_ln87_4" [../ip/ip6/conv_bn_relu.cpp:95]   --->   Operation 775 'mul' 'conv3_i_i_i10743540' <Predicate = (!cmp_i_i12493580 & !icmp_ln1027_5)> <Delay = 7.05> <CoreInst = "Multiplier">   --->   Core 3 'Multiplier' <Latency = 0> <II = 1> <Delay = 7.05> <FuncUnit> <Opcode : 'mul'> <InPorts = 2> <OutPorts = 1>
ST_123 : Operation 776 [1/1] (0.00ns)   --->   "%br_ln0 = br void %for.inc279"   --->   Operation 776 'br' 'br_ln0' <Predicate = (!cmp_i_i12493580 & icmp_ln1027_5)> <Delay = 0.00>
ST_123 : Operation 777 [1/1] (0.00ns)   --->   "%indvars_iv50_load = load i17 %indvars_iv50" [../ip/ip6/conv_bn_relu.cpp:87]   --->   Operation 777 'load' 'indvars_iv50_load' <Predicate = (icmp_ln1027_5) | (cmp_i_i12493580)> <Delay = 0.00>
ST_123 : Operation 778 [1/1] (0.00ns)   --->   "%phi_ln87_load = load i18 %phi_ln87" [../ip/ip6/conv_bn_relu.cpp:87]   --->   Operation 778 'load' 'phi_ln87_load' <Predicate = (icmp_ln1027_5) | (cmp_i_i12493580)> <Delay = 0.00>
ST_123 : Operation 779 [1/1] (1.55ns)   --->   "%add_ln87_6 = add i17 %indvars_iv50_load, i17 8" [../ip/ip6/conv_bn_relu.cpp:87]   --->   Operation 779 'add' 'add_ln87_6' <Predicate = (icmp_ln1027_5) | (cmp_i_i12493580)> <Delay = 1.55> <CoreInst = "Adder">   --->   Core 1 'Adder' <Latency = 0> <II = 1> <Delay = 1.55> <FuncUnit> <Opcode : 'add' 'sub'> <InPorts = 2> <OutPorts = 1>
ST_123 : Operation 780 [1/1] (1.56ns)   --->   "%add_ln87_7 = add i18 %phi_ln87_load, i18 262136" [../ip/ip6/conv_bn_relu.cpp:87]   --->   Operation 780 'add' 'add_ln87_7' <Predicate = (icmp_ln1027_5) | (cmp_i_i12493580)> <Delay = 1.56> <CoreInst = "Adder">   --->   Core 1 'Adder' <Latency = 0> <II = 1> <Delay = 1.56> <FuncUnit> <Opcode : 'add' 'sub'> <InPorts = 2> <OutPorts = 1>
ST_123 : Operation 781 [1/1] (1.29ns)   --->   "%store_ln87 = store i18 %add_ln87_7, i18 %phi_ln87" [../ip/ip6/conv_bn_relu.cpp:87]   --->   Operation 781 'store' 'store_ln87' <Predicate = (icmp_ln1027_5) | (cmp_i_i12493580)> <Delay = 1.29>
ST_123 : Operation 782 [1/1] (1.29ns)   --->   "%store_ln87 = store i17 %add_ln87_6, i17 %indvars_iv50" [../ip/ip6/conv_bn_relu.cpp:87]   --->   Operation 782 'store' 'store_ln87' <Predicate = (icmp_ln1027_5) | (cmp_i_i12493580)> <Delay = 1.29>
ST_123 : Operation 783 [1/1] (1.29ns)   --->   "%store_ln87 = store i14 %add_ln87_5, i14 %phi_ln1027" [../ip/ip6/conv_bn_relu.cpp:87]   --->   Operation 783 'store' 'store_ln87' <Predicate = (icmp_ln1027_5) | (cmp_i_i12493580)> <Delay = 1.29>
ST_123 : Operation 784 [1/1] (1.29ns)   --->   "%store_ln87 = store i17 %add_ln89, i17 %c_out_1" [../ip/ip6/conv_bn_relu.cpp:87]   --->   Operation 784 'store' 'store_ln87' <Predicate = (icmp_ln1027_5) | (cmp_i_i12493580)> <Delay = 1.29>
ST_123 : Operation 785 [1/1] (0.00ns)   --->   "%br_ln87 = br void %for.cond26" [../ip/ip6/conv_bn_relu.cpp:87]   --->   Operation 785 'br' 'br_ln87' <Predicate = (icmp_ln1027_5) | (cmp_i_i12493580)> <Delay = 0.00>

State 124 <SV = 36> <Delay = 6.69>
ST_124 : Operation 786 [1/1] (0.00ns)   --->   "%specloopname_ln93 = specloopname void @_ssdm_op_SpecLoopName, void @empty_30" [../ip/ip6/conv_bn_relu.cpp:93]   --->   Operation 786 'specloopname' 'specloopname_ln93' <Predicate = true> <Delay = 0.00>
ST_124 : Operation 787 [1/1] (0.00ns)   --->   "%shl_ln4 = bitconcatenate i32 @_ssdm_op_BitConcatenate.i32.i30.i2, i30 %mul_ln95_1, i2 0" [../ip/ip6/conv_bn_relu.cpp:95]   --->   Operation 787 'bitconcatenate' 'shl_ln4' <Predicate = true> <Delay = 0.00>
ST_124 : Operation 788 [1/1] (0.00ns)   --->   "%shl_ln95_1 = bitconcatenate i32 @_ssdm_op_BitConcatenate.i32.i30.i2, i30 %mul_ln95_2, i2 0" [../ip/ip6/conv_bn_relu.cpp:95]   --->   Operation 788 'bitconcatenate' 'shl_ln95_1' <Predicate = true> <Delay = 0.00>
ST_124 : Operation 789 [1/1] (1.89ns)   --->   "%sub = sub i32 %h_out_end_1, i32 %trunc_ln95_2" [../ip/ip6/conv_bn_relu.cpp:95]   --->   Operation 789 'sub' 'sub' <Predicate = true> <Delay = 1.89> <CoreInst = "Adder">   --->   Core 1 'Adder' <Latency = 0> <II = 1> <Delay = 1.89> <FuncUnit> <Opcode : 'add' 'sub'> <InPorts = 2> <OutPorts = 1>
ST_124 : Operation 790 [1/1] (0.00ns)   --->   "%conv3_i_i_i1214 = sext i32 %sub" [../ip/ip6/conv_bn_relu.cpp:95]   --->   Operation 790 'sext' 'conv3_i_i_i1214' <Predicate = true> <Delay = 0.00>
ST_124 : Operation 791 [1/1] (1.89ns)   --->   "%sub_i_i1202 = add i33 %tmp13_cast, i33 %conv3_i_i_i1214" [../ip/ip6/conv_bn_relu.cpp:95]   --->   Operation 791 'add' 'sub_i_i1202' <Predicate = true> <Delay = 1.89> <CoreInst = "Adder">   --->   Core 1 'Adder' <Latency = 0> <II = 1> <Delay = 1.89> <FuncUnit> <Opcode : 'add' 'sub'> <InPorts = 2> <OutPorts = 1>
ST_124 : Operation 792 [1/1] (0.00ns)   --->   "%br_ln99 = br i1 %cmp_i_i12383577, void %for.body54.lr.ph, void %for.inc276" [../ip/ip6/conv_bn_relu.cpp:99]   --->   Operation 792 'br' 'br_ln99' <Predicate = true> <Delay = 0.00>
ST_124 : Operation 793 [1/1] (1.98ns)   --->   "%cmp_i_i11793549 = icmp_sgt  i33 %sub_i_i1202, i33 0" [../ip/ip6/conv_bn_relu.cpp:95]   --->   Operation 793 'icmp' 'cmp_i_i11793549' <Predicate = (!cmp_i_i12383577)> <Delay = 1.98> <CoreInst = "Cmp">   --->   Core 9 'Cmp' <Latency = 0> <II = 1> <Delay = 1.98> <FuncUnit> <Opcode : 'icmp'> <InPorts = 2> <OutPorts = 1>
ST_124 : Operation 794 [1/1] (0.00ns)   --->   "%h_out_end_1_cast = sext i32 %h_out_end_1" [../ip/ip6/conv_bn_relu.cpp:95]   --->   Operation 794 'sext' 'h_out_end_1_cast' <Predicate = (!cmp_i_i12383577)> <Delay = 0.00>
ST_124 : Operation 795 [1/1] (0.00ns)   --->   "%sext_ln99 = sext i32 %h_out_end_1" [../ip/ip6/conv_bn_relu.cpp:99]   --->   Operation 795 'sext' 'sext_ln99' <Predicate = (!cmp_i_i12383577)> <Delay = 0.00>
ST_124 : Operation 796 [1/1] (1.92ns)   --->   "%add_ln99 = add i33 %indvars_iv3688, i33 %sext_ln99" [../ip/ip6/conv_bn_relu.cpp:99]   --->   Operation 796 'add' 'add_ln99' <Predicate = (!cmp_i_i12383577)> <Delay = 1.92> <CoreInst = "Adder">   --->   Core 1 'Adder' <Latency = 0> <II = 1> <Delay = 1.92> <FuncUnit> <Opcode : 'add' 'sub'> <InPorts = 2> <OutPorts = 1>
ST_124 : Operation 797 [1/1] (0.00ns)   --->   "%sext_ln99_1 = sext i33 %add_ln99" [../ip/ip6/conv_bn_relu.cpp:99]   --->   Operation 797 'sext' 'sext_ln99_1' <Predicate = (!cmp_i_i12383577)> <Delay = 0.00>
ST_124 : Operation 798 [1/1] (1.92ns)   --->   "%add_ln99_1 = add i34 %sext_ln99_1, i34 17179869183" [../ip/ip6/conv_bn_relu.cpp:99]   --->   Operation 798 'add' 'add_ln99_1' <Predicate = (!cmp_i_i12383577)> <Delay = 1.92> <CoreInst = "Adder">   --->   Core 1 'Adder' <Latency = 0> <II = 1> <Delay = 1.92> <FuncUnit> <Opcode : 'add' 'sub'> <InPorts = 2> <OutPorts = 1>
ST_124 : Operation 799 [1/1] (2.00ns)   --->   "%icmp_ln1027_7 = icmp_ne  i34 %add_ln99_1, i34 0"   --->   Operation 799 'icmp' 'icmp_ln1027_7' <Predicate = (!cmp_i_i12383577)> <Delay = 2.00> <CoreInst = "Cmp">   --->   Core 9 'Cmp' <Latency = 0> <II = 1> <Delay = 2.00> <FuncUnit> <Opcode : 'icmp'> <InPorts = 2> <OutPorts = 1>
ST_124 : Operation 800 [1/1] (0.85ns)   --->   "%select_ln115 = select i1 %icmp_ln1027_7, i34 %add_ln99_1, i34 1" [../ip/ip6/conv_bn_relu.cpp:115]   --->   Operation 800 'select' 'select_ln115' <Predicate = (!cmp_i_i12383577)> <Delay = 0.85> <CoreInst = "Sel">   --->   Core 73 'Sel' <Latency = 0> <II = 1> <Delay = 0.85> <FuncUnit> <Opcode : 'select'> <InPorts = 3> <OutPorts = 1>
ST_124 : Operation 801 [1/1] (0.00ns)   --->   "%select_ln115_cast = sext i34 %select_ln115" [../ip/ip6/conv_bn_relu.cpp:115]   --->   Operation 801 'sext' 'select_ln115_cast' <Predicate = (!cmp_i_i12383577)> <Delay = 0.00>
ST_124 : Operation 802 [1/1] (1.89ns)   --->   "%add_i_i1086 = sub i32 %conv3_i_i_i10743540, i32 %zext_ln87_3" [../ip/ip6/conv_bn_relu.cpp:95]   --->   Operation 802 'sub' 'add_i_i1086' <Predicate = (!cmp_i_i12383577)> <Delay = 1.89> <CoreInst = "Adder">   --->   Core 1 'Adder' <Latency = 0> <II = 1> <Delay = 1.89> <FuncUnit> <Opcode : 'add' 'sub'> <InPorts = 2> <OutPorts = 1>
ST_124 : Operation 803 [1/1] (1.89ns)   --->   "%add_ln116 = add i32 %shl_ln95_1, i32 %mul_ln87_1" [../ip/ip6/conv_bn_relu.cpp:116]   --->   Operation 803 'add' 'add_ln116' <Predicate = (!cmp_i_i12383577)> <Delay = 1.89> <CoreInst = "Adder">   --->   Core 1 'Adder' <Latency = 0> <II = 1> <Delay = 1.89> <FuncUnit> <Opcode : 'add' 'sub'> <InPorts = 2> <OutPorts = 1>
ST_124 : Operation 804 [1/1] (1.29ns)   --->   "%br_ln99 = br void %for.body54" [../ip/ip6/conv_bn_relu.cpp:99]   --->   Operation 804 'br' 'br_ln99' <Predicate = (!cmp_i_i12383577)> <Delay = 1.29>

State 125 <SV = 37> <Delay = 7.05>
ST_125 : Operation 805 [1/1] (0.00ns)   --->   "%indvar3859 = phi i63 0, void %for.body54.lr.ph, i63 %add_ln99_3, void %for.inc273.loopexit" [../ip/ip6/conv_bn_relu.cpp:99]   --->   Operation 805 'phi' 'indvar3859' <Predicate = (!cmp_i_i12383577)> <Delay = 0.00>
ST_125 : Operation 806 [1/1] (0.00ns)   --->   "%indvars_iv3685 = phi i33 %conv3_i12_i_i1220, void %for.body54.lr.ph, i33 %add_ln99_2, void %for.inc273.loopexit" [../ip/ip6/conv_bn_relu.cpp:99]   --->   Operation 806 'phi' 'indvars_iv3685' <Predicate = (!cmp_i_i12383577)> <Delay = 0.00>
ST_125 : Operation 807 [1/1] (0.00ns)   --->   "%w_out_blk_3 = phi i64 0, void %for.body54.lr.ph, i64 %add_ln101, void %for.inc273.loopexit" [../ip/ip6/conv_bn_relu.cpp:101]   --->   Operation 807 'phi' 'w_out_blk_3' <Predicate = (!cmp_i_i12383577)> <Delay = 0.00>
ST_125 : Operation 808 [1/1] (0.00ns)   --->   "%trunc_ln1027_2 = trunc i63 %indvar3859"   --->   Operation 808 'trunc' 'trunc_ln1027_2' <Predicate = (!cmp_i_i12383577)> <Delay = 0.00>
ST_125 : Operation 809 [1/1] (2.26ns)   --->   "%icmp_ln1027_8 = icmp_eq  i63 %indvar3859, i63 %add_ln87_1"   --->   Operation 809 'icmp' 'icmp_ln1027_8' <Predicate = (!cmp_i_i12383577)> <Delay = 2.26> <CoreInst = "Cmp">   --->   Core 9 'Cmp' <Latency = 0> <II = 1> <Delay = 2.26> <FuncUnit> <Opcode : 'icmp'> <InPorts = 2> <OutPorts = 1>
ST_125 : Operation 810 [1/1] (0.00ns)   --->   "%empty_173 = speclooptripcount i32 @_ssdm_op_SpecLoopTripCount, i64 1, i64 18446744073709551615, i64 0"   --->   Operation 810 'speclooptripcount' 'empty_173' <Predicate = (!cmp_i_i12383577)> <Delay = 0.00>
ST_125 : Operation 811 [1/1] (2.66ns)   --->   "%add_ln99_3 = add i63 %indvar3859, i63 1" [../ip/ip6/conv_bn_relu.cpp:99]   --->   Operation 811 'add' 'add_ln99_3' <Predicate = (!cmp_i_i12383577)> <Delay = 2.66> <CoreInst = "Adder">   --->   Core 1 'Adder' <Latency = 0> <II = 1> <Delay = 2.66> <FuncUnit> <Opcode : 'add' 'sub'> <InPorts = 2> <OutPorts = 1>
ST_125 : Operation 812 [1/1] (0.00ns)   --->   "%br_ln99 = br i1 %icmp_ln1027_8, void %for.body54.split, void %for.inc276.loopexit" [../ip/ip6/conv_bn_relu.cpp:99]   --->   Operation 812 'br' 'br_ln99' <Predicate = (!cmp_i_i12383577)> <Delay = 0.00>
ST_125 : Operation 813 [2/2] (0.00ns)   --->   "%call_ln0 = call void @Block_entry352_proc1_Pipeline_3, i32 %local_feature_in_blk, i32 %local_feature_in_blk_1"   --->   Operation 813 'call' 'call_ln0' <Predicate = (!cmp_i_i12383577 & !icmp_ln1027_8)> <Delay = 0.00> <CoreType = "Generic">   --->   Core 0 '' <Latency = 0> <II = 1> <Delay = 1.00> <Generic> <Opcode : >
ST_125 : Operation 814 [1/1] (7.05ns)   --->   "%mul_ln105 = mul i32 %trunc_ln1027_2, i32 %zext_ln87_14" [../ip/ip6/conv_bn_relu.cpp:105]   --->   Operation 814 'mul' 'mul_ln105' <Predicate = (!cmp_i_i12383577 & !icmp_ln1027_8)> <Delay = 7.05> <CoreInst = "Multiplier">   --->   Core 3 'Multiplier' <Latency = 0> <II = 1> <Delay = 7.05> <FuncUnit> <Opcode : 'mul'> <InPorts = 2> <OutPorts = 1>
ST_125 : Operation 815 [2/2] (0.00ns)   --->   "%call_ln0 = call void @Block_entry352_proc1_Pipeline_4, i32 %local_conv_kernel_blk, i32 %local_conv_kernel_blk_1, i32 %local_conv_kernel_blk_2, i32 %local_conv_kernel_blk_3, i32 %local_conv_kernel_blk_4, i32 %local_conv_kernel_blk_5, i32 %local_conv_kernel_blk_6, i32 %local_conv_kernel_blk_7, i32 %local_conv_kernel_blk_8, i32 %local_conv_kernel_blk_9, i32 %local_conv_kernel_blk_10, i32 %local_conv_kernel_blk_11"   --->   Operation 815 'call' 'call_ln0' <Predicate = (!cmp_i_i12383577 & !icmp_ln1027_8)> <Delay = 0.00> <CoreType = "Generic">   --->   Core 0 '' <Latency = 0> <II = 1> <Delay = 1.00> <Generic> <Opcode : >
ST_125 : Operation 816 [1/1] (7.05ns)   --->   "%mul_ln105_1 = mul i32 %trunc_ln1027_2, i32 %zext_ln87_11" [../ip/ip6/conv_bn_relu.cpp:105]   --->   Operation 816 'mul' 'mul_ln105_1' <Predicate = (!cmp_i_i12383577 & !icmp_ln1027_8)> <Delay = 7.05> <CoreInst = "Multiplier">   --->   Core 3 'Multiplier' <Latency = 0> <II = 1> <Delay = 7.05> <FuncUnit> <Opcode : 'mul'> <InPorts = 2> <OutPorts = 1>
ST_125 : Operation 817 [1/1] (0.00ns)   --->   "%trunc_ln101 = trunc i64 %w_out_blk_3" [../ip/ip6/conv_bn_relu.cpp:101]   --->   Operation 817 'trunc' 'trunc_ln101' <Predicate = (!cmp_i_i12383577 & !icmp_ln1027_8)> <Delay = 0.00>
ST_125 : Operation 818 [1/1] (2.69ns)   --->   "%add_ln101 = add i64 %w_out_blk_3, i64 4" [../ip/ip6/conv_bn_relu.cpp:101]   --->   Operation 818 'add' 'add_ln101' <Predicate = (!cmp_i_i12383577 & !icmp_ln1027_8)> <Delay = 2.69> <CoreInst = "Adder">   --->   Core 1 'Adder' <Latency = 0> <II = 1> <Delay = 2.69> <FuncUnit> <Opcode : 'add' 'sub'> <InPorts = 2> <OutPorts = 1>
ST_125 : Operation 819 [1/1] (2.26ns)   --->   "%icmp_ln101 = icmp_ult  i64 %add_ln101, i64 %zext_ln87" [../ip/ip6/conv_bn_relu.cpp:101]   --->   Operation 819 'icmp' 'icmp_ln101' <Predicate = (!cmp_i_i12383577 & !icmp_ln1027_8)> <Delay = 2.26> <CoreInst = "Cmp">   --->   Core 9 'Cmp' <Latency = 0> <II = 1> <Delay = 2.26> <FuncUnit> <Opcode : 'icmp'> <InPorts = 2> <OutPorts = 1>
ST_125 : Operation 820 [1/1] (1.89ns)   --->   "%add_ln101_1 = add i32 %trunc_ln101, i32 4" [../ip/ip6/conv_bn_relu.cpp:101]   --->   Operation 820 'add' 'add_ln101_1' <Predicate = (!cmp_i_i12383577 & !icmp_ln1027_8)> <Delay = 1.89> <CoreInst = "Adder">   --->   Core 1 'Adder' <Latency = 0> <II = 1> <Delay = 1.89> <FuncUnit> <Opcode : 'add' 'sub'> <InPorts = 2> <OutPorts = 1>
ST_125 : Operation 821 [1/1] (0.70ns)   --->   "%select_ln101 = select i1 %icmp_ln101, i32 %add_ln101_1, i32 %conv_i_i1237" [../ip/ip6/conv_bn_relu.cpp:101]   --->   Operation 821 'select' 'select_ln101' <Predicate = (!cmp_i_i12383577 & !icmp_ln1027_8)> <Delay = 0.70> <CoreInst = "Sel">   --->   Core 73 'Sel' <Latency = 0> <II = 1> <Delay = 0.70> <FuncUnit> <Opcode : 'select'> <InPorts = 3> <OutPorts = 1>
ST_125 : Operation 822 [1/1] (7.05ns)   --->   "%conv3_i_i_i10033536 = mul i32 %trunc_ln101, i32 %zext_ln87_4" [../ip/ip6/conv_bn_relu.cpp:101]   --->   Operation 822 'mul' 'conv3_i_i_i10033536' <Predicate = (!cmp_i_i12383577 & !icmp_ln1027_8)> <Delay = 7.05> <CoreInst = "Multiplier">   --->   Core 3 'Multiplier' <Latency = 0> <II = 1> <Delay = 7.05> <FuncUnit> <Opcode : 'mul'> <InPorts = 2> <OutPorts = 1>
ST_125 : Operation 823 [1/1] (0.00ns)   --->   "%br_ln0 = br void %for.inc276"   --->   Operation 823 'br' 'br_ln0' <Predicate = (!cmp_i_i12383577 & icmp_ln1027_8)> <Delay = 0.00>
ST_125 : Operation 824 [1/1] (1.92ns)   --->   "%add_ln93 = add i33 %indvars_iv3688, i33 8589934588" [../ip/ip6/conv_bn_relu.cpp:93]   --->   Operation 824 'add' 'add_ln93' <Predicate = (icmp_ln1027_8) | (cmp_i_i12383577)> <Delay = 1.92> <CoreInst = "Adder">   --->   Core 1 'Adder' <Latency = 0> <II = 1> <Delay = 1.92> <FuncUnit> <Opcode : 'add' 'sub'> <InPorts = 2> <OutPorts = 1>
ST_125 : Operation 825 [1/1] (0.00ns)   --->   "%br_ln93 = br void %for.body39" [../ip/ip6/conv_bn_relu.cpp:93]   --->   Operation 825 'br' 'br_ln93' <Predicate = (icmp_ln1027_8) | (cmp_i_i12383577)> <Delay = 0.00>

State 126 <SV = 38> <Delay = 6.69>
ST_126 : Operation 826 [1/1] (0.00ns)   --->   "%specloopname_ln99 = specloopname void @_ssdm_op_SpecLoopName, void @empty_36" [../ip/ip6/conv_bn_relu.cpp:99]   --->   Operation 826 'specloopname' 'specloopname_ln99' <Predicate = true> <Delay = 0.00>
ST_126 : Operation 827 [1/2] (0.00ns)   --->   "%call_ln0 = call void @Block_entry352_proc1_Pipeline_3, i32 %local_feature_in_blk, i32 %local_feature_in_blk_1"   --->   Operation 827 'call' 'call_ln0' <Predicate = true> <Delay = 0.00> <CoreType = "Generic">   --->   Core 0 '' <Latency = 0> <II = 1> <Delay = 1.00> <Generic> <Opcode : >
ST_126 : Operation 828 [1/2] (0.00ns)   --->   "%call_ln0 = call void @Block_entry352_proc1_Pipeline_4, i32 %local_conv_kernel_blk, i32 %local_conv_kernel_blk_1, i32 %local_conv_kernel_blk_2, i32 %local_conv_kernel_blk_3, i32 %local_conv_kernel_blk_4, i32 %local_conv_kernel_blk_5, i32 %local_conv_kernel_blk_6, i32 %local_conv_kernel_blk_7, i32 %local_conv_kernel_blk_8, i32 %local_conv_kernel_blk_9, i32 %local_conv_kernel_blk_10, i32 %local_conv_kernel_blk_11"   --->   Operation 828 'call' 'call_ln0' <Predicate = true> <Delay = 0.00> <CoreType = "Generic">   --->   Core 0 '' <Latency = 0> <II = 1> <Delay = 1.00> <Generic> <Opcode : >
ST_126 : Operation 829 [1/1] (1.89ns)   --->   "%sub75 = sub i32 %select_ln101, i32 %trunc_ln101" [../ip/ip6/conv_bn_relu.cpp:101]   --->   Operation 829 'sub' 'sub75' <Predicate = true> <Delay = 1.89> <CoreInst = "Adder">   --->   Core 1 'Adder' <Latency = 0> <II = 1> <Delay = 1.89> <FuncUnit> <Opcode : 'add' 'sub'> <InPorts = 2> <OutPorts = 1>
ST_126 : Operation 830 [1/1] (0.00ns)   --->   "%conv3_i_i_i1159 = sext i32 %sub75" [../ip/ip6/conv_bn_relu.cpp:101]   --->   Operation 830 'sext' 'conv3_i_i_i1159' <Predicate = true> <Delay = 0.00>
ST_126 : Operation 831 [1/1] (1.89ns)   --->   "%sub_i_i = add i33 %tmp13_cast, i33 %conv3_i_i_i1159" [../ip/ip6/conv_bn_relu.cpp:101]   --->   Operation 831 'add' 'sub_i_i' <Predicate = true> <Delay = 1.89> <CoreInst = "Adder">   --->   Core 1 'Adder' <Latency = 0> <II = 1> <Delay = 1.89> <FuncUnit> <Opcode : 'add' 'sub'> <InPorts = 2> <OutPorts = 1>
ST_126 : Operation 832 [1/1] (0.00ns)   --->   "%br_ln115 = br i1 %cmp_i_i11793549, void %VITIS_LOOP_138_8, void %for.body71.lr.ph" [../ip/ip6/conv_bn_relu.cpp:115]   --->   Operation 832 'br' 'br_ln115' <Predicate = true> <Delay = 0.00>
ST_126 : Operation 833 [1/1] (1.98ns)   --->   "%cmp_i_i11253547 = icmp_sgt  i33 %sub_i_i, i33 0" [../ip/ip6/conv_bn_relu.cpp:101]   --->   Operation 833 'icmp' 'cmp_i_i11253547' <Predicate = (cmp_i_i11793549)> <Delay = 1.98> <CoreInst = "Cmp">   --->   Core 9 'Cmp' <Latency = 0> <II = 1> <Delay = 1.98> <FuncUnit> <Opcode : 'icmp'> <InPorts = 2> <OutPorts = 1>
ST_126 : Operation 834 [1/1] (0.00ns)   --->   "%sext_ln115 = sext i32 %select_ln101" [../ip/ip6/conv_bn_relu.cpp:115]   --->   Operation 834 'sext' 'sext_ln115' <Predicate = (cmp_i_i11793549)> <Delay = 0.00>
ST_126 : Operation 835 [1/1] (1.92ns)   --->   "%add_ln115 = add i33 %indvars_iv3685, i33 %sext_ln115" [../ip/ip6/conv_bn_relu.cpp:115]   --->   Operation 835 'add' 'add_ln115' <Predicate = (cmp_i_i11793549)> <Delay = 1.92> <CoreInst = "Adder">   --->   Core 1 'Adder' <Latency = 0> <II = 1> <Delay = 1.92> <FuncUnit> <Opcode : 'add' 'sub'> <InPorts = 2> <OutPorts = 1>
ST_126 : Operation 836 [1/1] (0.00ns)   --->   "%sext_ln115_1 = sext i33 %add_ln115" [../ip/ip6/conv_bn_relu.cpp:115]   --->   Operation 836 'sext' 'sext_ln115_1' <Predicate = (cmp_i_i11793549)> <Delay = 0.00>
ST_126 : Operation 837 [1/1] (1.92ns)   --->   "%add_ln115_1 = add i34 %sext_ln115_1, i34 17179869183" [../ip/ip6/conv_bn_relu.cpp:115]   --->   Operation 837 'add' 'add_ln115_1' <Predicate = (cmp_i_i11793549)> <Delay = 1.92> <CoreInst = "Adder">   --->   Core 1 'Adder' <Latency = 0> <II = 1> <Delay = 1.92> <FuncUnit> <Opcode : 'add' 'sub'> <InPorts = 2> <OutPorts = 1>
ST_126 : Operation 838 [1/1] (2.00ns)   --->   "%icmp_ln1027_11 = icmp_ne  i34 %add_ln115_1, i34 0"   --->   Operation 838 'icmp' 'icmp_ln1027_11' <Predicate = (cmp_i_i11793549)> <Delay = 2.00> <CoreInst = "Cmp">   --->   Core 9 'Cmp' <Latency = 0> <II = 1> <Delay = 2.00> <FuncUnit> <Opcode : 'icmp'> <InPorts = 2> <OutPorts = 1>
ST_126 : Operation 839 [1/1] (0.85ns)   --->   "%select_ln116 = select i1 %icmp_ln1027_11, i34 %add_ln115_1, i34 1" [../ip/ip6/conv_bn_relu.cpp:116]   --->   Operation 839 'select' 'select_ln116' <Predicate = (cmp_i_i11793549)> <Delay = 0.85> <CoreInst = "Sel">   --->   Core 73 'Sel' <Latency = 0> <II = 1> <Delay = 0.85> <FuncUnit> <Opcode : 'select'> <InPorts = 3> <OutPorts = 1>
ST_126 : Operation 840 [1/1] (1.89ns)   --->   "%add_i_i1015 = sub i32 %conv3_i_i_i10033536, i32 %zext_ln87_3" [../ip/ip6/conv_bn_relu.cpp:101]   --->   Operation 840 'sub' 'add_i_i1015' <Predicate = (cmp_i_i11793549)> <Delay = 1.89> <CoreInst = "Adder">   --->   Core 1 'Adder' <Latency = 0> <II = 1> <Delay = 1.89> <FuncUnit> <Opcode : 'add' 'sub'> <InPorts = 2> <OutPorts = 1>

State 127 <SV = 39> <Delay = 5.80>
ST_127 : Operation 841 [1/1] (0.00ns)   --->   "%cast_cast = sext i34 %select_ln116" [../ip/ip6/conv_bn_relu.cpp:116]   --->   Operation 841 'sext' 'cast_cast' <Predicate = true> <Delay = 0.00>
ST_127 : Operation 842 [1/1] (0.00ns)   --->   "%cast_cast_cast = zext i64 %cast_cast" [../ip/ip6/conv_bn_relu.cpp:116]   --->   Operation 842 'zext' 'cast_cast_cast' <Predicate = true> <Delay = 0.00>
ST_127 : Operation 843 [5/5] (5.80ns)   --->   "%bound = mul i80 %cast_cast_cast, i80 %cast4" [../ip/ip6/conv_bn_relu.cpp:116]   --->   Operation 843 'mul' 'bound' <Predicate = true> <Delay = 5.80> <CoreInst = "Multiplier">   --->   Core 3 'Multiplier' <Latency = 4> <II = 1> <Delay = 5.80> <FuncUnit> <Opcode : 'mul'> <InPorts = 2> <OutPorts = 1>

State 128 <SV = 40> <Delay = 5.80>
ST_128 : Operation 844 [4/5] (5.80ns)   --->   "%bound = mul i80 %cast_cast_cast, i80 %cast4" [../ip/ip6/conv_bn_relu.cpp:116]   --->   Operation 844 'mul' 'bound' <Predicate = true> <Delay = 5.80> <CoreInst = "Multiplier">   --->   Core 3 'Multiplier' <Latency = 4> <II = 1> <Delay = 5.80> <FuncUnit> <Opcode : 'mul'> <InPorts = 2> <OutPorts = 1>

State 129 <SV = 41> <Delay = 5.80>
ST_129 : Operation 845 [3/5] (5.80ns)   --->   "%bound = mul i80 %cast_cast_cast, i80 %cast4" [../ip/ip6/conv_bn_relu.cpp:116]   --->   Operation 845 'mul' 'bound' <Predicate = true> <Delay = 5.80> <CoreInst = "Multiplier">   --->   Core 3 'Multiplier' <Latency = 4> <II = 1> <Delay = 5.80> <FuncUnit> <Opcode : 'mul'> <InPorts = 2> <OutPorts = 1>

State 130 <SV = 42> <Delay = 5.80>
ST_130 : Operation 846 [2/5] (5.80ns)   --->   "%bound = mul i80 %cast_cast_cast, i80 %cast4" [../ip/ip6/conv_bn_relu.cpp:116]   --->   Operation 846 'mul' 'bound' <Predicate = true> <Delay = 5.80> <CoreInst = "Multiplier">   --->   Core 3 'Multiplier' <Latency = 4> <II = 1> <Delay = 5.80> <FuncUnit> <Opcode : 'mul'> <InPorts = 2> <OutPorts = 1>

State 131 <SV = 43> <Delay = 5.80>
ST_131 : Operation 847 [1/5] (5.80ns)   --->   "%bound = mul i80 %cast_cast_cast, i80 %cast4" [../ip/ip6/conv_bn_relu.cpp:116]   --->   Operation 847 'mul' 'bound' <Predicate = true> <Delay = 5.80> <CoreInst = "Multiplier">   --->   Core 3 'Multiplier' <Latency = 4> <II = 1> <Delay = 5.80> <FuncUnit> <Opcode : 'mul'> <InPorts = 2> <OutPorts = 1>
ST_131 : Operation 848 [1/1] (1.29ns)   --->   "%br_ln115 = br void %VITIS_LOOP_116_6" [../ip/ip6/conv_bn_relu.cpp:115]   --->   Operation 848 'br' 'br_ln115' <Predicate = true> <Delay = 1.29>

State 132 <SV = 44> <Delay = 4.66>
ST_132 : Operation 849 [1/1] (0.00ns)   --->   "%h_in_blk = phi i64 %add_ln115_2, void %for.inc125, i64 0, void %for.body71.lr.ph" [../ip/ip6/conv_bn_relu.cpp:115]   --->   Operation 849 'phi' 'h_in_blk' <Predicate = (cmp_i_i11793549)> <Delay = 0.00>
ST_132 : Operation 850 [1/1] (0.00ns)   --->   "%phi_mul594 = phi i32 %add_ln131, void %for.inc125, i32 0, void %for.body71.lr.ph" [../ip/ip6/conv_bn_relu.cpp:131]   --->   Operation 850 'phi' 'phi_mul594' <Predicate = (cmp_i_i11793549)> <Delay = 0.00>
ST_132 : Operation 851 [1/1] (1.89ns)   --->   "%add_ln131 = add i32 %phi_mul594, i32 %mul_ln115" [../ip/ip6/conv_bn_relu.cpp:131]   --->   Operation 851 'add' 'add_ln131' <Predicate = (cmp_i_i11793549)> <Delay = 1.89> <CoreInst = "Adder">   --->   Core 1 'Adder' <Latency = 0> <II = 1> <Delay = 1.89> <FuncUnit> <Opcode : 'add' 'sub'> <InPorts = 2> <OutPorts = 1>
ST_132 : Operation 852 [1/1] (0.00ns)   --->   "%trunc_ln131 = trunc i64 %h_in_blk" [../ip/ip6/conv_bn_relu.cpp:131]   --->   Operation 852 'trunc' 'trunc_ln131' <Predicate = (cmp_i_i11793549)> <Delay = 0.00>
ST_132 : Operation 853 [1/1] (0.00ns)   --->   "%p_shl1 = bitconcatenate i62 @_ssdm_op_BitConcatenate.i62.i59.i3, i59 %trunc_ln131, i3 0" [../ip/ip6/conv_bn_relu.cpp:131]   --->   Operation 853 'bitconcatenate' 'p_shl1' <Predicate = (cmp_i_i11793549)> <Delay = 0.00>
ST_132 : Operation 854 [1/1] (0.00ns)   --->   "%trunc_ln131_3 = trunc i64 %h_in_blk" [../ip/ip6/conv_bn_relu.cpp:131]   --->   Operation 854 'trunc' 'trunc_ln131_3' <Predicate = (cmp_i_i11793549)> <Delay = 0.00>
ST_132 : Operation 855 [1/1] (0.00ns)   --->   "%p_shl2 = bitconcatenate i62 @_ssdm_op_BitConcatenate.i62.i61.i1, i61 %trunc_ln131_3, i1 0" [../ip/ip6/conv_bn_relu.cpp:131]   --->   Operation 855 'bitconcatenate' 'p_shl2' <Predicate = (cmp_i_i11793549)> <Delay = 0.00>
ST_132 : Operation 856 [1/1] (2.64ns)   --->   "%sub_ln131 = sub i62 %p_shl1, i62 %p_shl2" [../ip/ip6/conv_bn_relu.cpp:131]   --->   Operation 856 'sub' 'sub_ln131' <Predicate = (cmp_i_i11793549)> <Delay = 2.64> <CoreInst = "Adder">   --->   Core 1 'Adder' <Latency = 0> <II = 1> <Delay = 2.64> <FuncUnit> <Opcode : 'add' 'sub'> <InPorts = 2> <OutPorts = 1>
ST_132 : Operation 857 [1/1] (2.26ns)   --->   "%icmp_ln1027_13 = icmp_eq  i64 %h_in_blk, i64 %select_ln115_cast"   --->   Operation 857 'icmp' 'icmp_ln1027_13' <Predicate = (cmp_i_i11793549)> <Delay = 2.26> <CoreInst = "Cmp">   --->   Core 9 'Cmp' <Latency = 0> <II = 1> <Delay = 2.26> <FuncUnit> <Opcode : 'icmp'> <InPorts = 2> <OutPorts = 1>
ST_132 : Operation 858 [1/1] (2.69ns)   --->   "%add_ln115_2 = add i64 %h_in_blk, i64 1" [../ip/ip6/conv_bn_relu.cpp:115]   --->   Operation 858 'add' 'add_ln115_2' <Predicate = (cmp_i_i11793549)> <Delay = 2.69> <CoreInst = "Adder">   --->   Core 1 'Adder' <Latency = 0> <II = 1> <Delay = 2.69> <FuncUnit> <Opcode : 'add' 'sub'> <InPorts = 2> <OutPorts = 1>
ST_132 : Operation 859 [1/1] (0.00ns)   --->   "%br_ln115 = br i1 %icmp_ln1027_13, void %VITIS_LOOP_116_6.split, void %VITIS_LOOP_138_8.loopexit" [../ip/ip6/conv_bn_relu.cpp:115]   --->   Operation 859 'br' 'br_ln115' <Predicate = (cmp_i_i11793549)> <Delay = 0.00>
ST_132 : Operation 860 [1/1] (0.00ns)   --->   "%trunc_ln1027_3 = trunc i64 %h_in_blk"   --->   Operation 860 'trunc' 'trunc_ln1027_3' <Predicate = (cmp_i_i11793549 & !icmp_ln1027_13)> <Delay = 0.00>
ST_132 : Operation 861 [1/1] (0.00ns)   --->   "%specloopname_ln115 = specloopname void @_ssdm_op_SpecLoopName, void @empty_21" [../ip/ip6/conv_bn_relu.cpp:115]   --->   Operation 861 'specloopname' 'specloopname_ln115' <Predicate = (cmp_i_i11793549 & !icmp_ln1027_13)> <Delay = 0.00>
ST_132 : Operation 862 [1/1] (1.89ns)   --->   "%h_in_1 = add i32 %trunc_ln1027_3, i32 %add_i_i1086"   --->   Operation 862 'add' 'h_in_1' <Predicate = (cmp_i_i11793549 & !icmp_ln1027_13)> <Delay = 1.89> <CoreInst = "Adder">   --->   Core 1 'Adder' <Latency = 0> <II = 1> <Delay = 1.89> <FuncUnit> <Opcode : 'add' 'sub'> <InPorts = 2> <OutPorts = 1>
ST_132 : Operation 863 [1/1] (0.00ns)   --->   "%tmp_19 = bitselect i1 @_ssdm_op_BitSelect.i1.i32.i32, i32 %h_in_1, i32 31"   --->   Operation 863 'bitselect' 'tmp_19' <Predicate = (cmp_i_i11793549 & !icmp_ln1027_13)> <Delay = 0.00>
ST_132 : Operation 864 [1/1] (0.80ns)   --->   "%rev702 = xor i1 %tmp_19, i1 1"   --->   Operation 864 'xor' 'rev702' <Predicate = (cmp_i_i11793549 & !icmp_ln1027_13)> <Delay = 0.80> <CoreInst = "LogicGate">   --->   Core 74 'LogicGate' <Latency = 0> <II = 1> <Delay = 0.80> <FuncUnit> <Opcode : 'and' 'or' 'xor'> <InPorts = 2> <OutPorts = 1>
ST_132 : Operation 865 [1/1] (1.96ns)   --->   "%cmp_i_i969 = icmp_slt  i32 %h_in_1, i32 %conv_i_i968"   --->   Operation 865 'icmp' 'cmp_i_i969' <Predicate = (cmp_i_i11793549 & !icmp_ln1027_13)> <Delay = 1.96> <CoreInst = "Cmp">   --->   Core 9 'Cmp' <Latency = 0> <II = 1> <Delay = 1.96> <FuncUnit> <Opcode : 'icmp'> <InPorts = 2> <OutPorts = 1>
ST_132 : Operation 866 [1/1] (0.00ns)   --->   "%br_ln116 = br i1 %cmp_i_i11253547, void %for.inc125, void %VITIS_LOOP_117_7.preheader" [../ip/ip6/conv_bn_relu.cpp:116]   --->   Operation 866 'br' 'br_ln116' <Predicate = (cmp_i_i11793549 & !icmp_ln1027_13)> <Delay = 0.00>
ST_132 : Operation 867 [1/1] (0.80ns)   --->   "%tmp22 = and i1 %cmp_i_i969, i1 %rev702"   --->   Operation 867 'and' 'tmp22' <Predicate = (cmp_i_i11793549 & !icmp_ln1027_13 & cmp_i_i11253547)> <Delay = 0.80> <CoreInst = "LogicGate">   --->   Core 74 'LogicGate' <Latency = 0> <II = 1> <Delay = 0.80> <FuncUnit> <Opcode : 'and' 'or' 'xor'> <InPorts = 2> <OutPorts = 1>
ST_132 : Operation 868 [2/2] (0.00ns)   --->   "%call_ln101 = call void @Block_entry352_proc1_Pipeline_VITIS_LOOP_117_7, i32 %add_i_i1015, i16 %W_in_read, i80 %bound, i32 %gmem1, i32 %local_feature_in_blk_1, i32 %local_feature_in_blk, i16 %C_in_read, i1 %tmp22, i16 %C_in_read, i32 %phi_mul594, i32 %mul_ln105_1, i32 %add_ln116, i64 %feature_in_read, i62 %sub_ln131" [../ip/ip6/conv_bn_relu.cpp:101]   --->   Operation 868 'call' 'call_ln101' <Predicate = (cmp_i_i11793549 & !icmp_ln1027_13 & cmp_i_i11253547)> <Delay = 0.00> <CoreType = "Generic">   --->   Core 0 '' <Latency = 0> <II = 1> <Delay = 1.00> <Generic> <Opcode : >
ST_132 : Operation 869 [1/1] (0.00ns)   --->   "%br_ln0 = br void %VITIS_LOOP_138_8"   --->   Operation 869 'br' 'br_ln0' <Predicate = (cmp_i_i11793549 & icmp_ln1027_13)> <Delay = 0.00>
ST_132 : Operation 870 [2/2] (1.29ns)   --->   "%call_ln89 = call void @Block_entry352_proc1_Pipeline_VITIS_LOOP_141_11, i17 %c_out_blk, i32 %mul_ln87_5, i16 %mul_ln87_4, i32 %shl_ln1027_1, i96 %bound57, i32 %local_conv_kernel_blk_11, i32 %local_conv_kernel_blk_10, i32 %local_conv_kernel_blk_9, i32 %local_conv_kernel_blk_8, i32 %local_conv_kernel_blk_7, i32 %local_conv_kernel_blk_6, i32 %local_conv_kernel_blk_5, i32 %local_conv_kernel_blk_4, i32 %local_conv_kernel_blk_3, i32 %local_conv_kernel_blk_2, i32 %local_conv_kernel_blk_1, i32 %local_conv_kernel_blk, i32 %gmem2, i16 %empty, i8 %kernel_size_read, i1 %icmp_ln1027, i16 %mul_ln87_4, i1 %icmp_ln1027_16, i64 %conv_kernel_read" [../ip/ip6/conv_bn_relu.cpp:89]   --->   Operation 870 'call' 'call_ln89' <Predicate = (icmp_ln1027_13) | (!cmp_i_i11793549)> <Delay = 1.29> <CoreType = "Generic">   --->   Core 0 '' <Latency = 0> <II = 1> <Delay = 1.00> <Generic> <Opcode : >
ST_132 : Operation 871 [1/1] (1.89ns)   --->   "%tmp24 = add i32 %shl_ln4, i32 %mul_ln105" [../ip/ip6/conv_bn_relu.cpp:95]   --->   Operation 871 'add' 'tmp24' <Predicate = (icmp_ln1027_13) | (!cmp_i_i11793549)> <Delay = 1.89> <CoreInst = "Adder">   --->   Core 1 'Adder' <Latency = 0> <II = 1> <Delay = 1.89> <FuncUnit> <Opcode : 'add' 'sub'> <InPorts = 2> <OutPorts = 1>

State 133 <SV = 45> <Delay = 0.00>
ST_133 : Operation 872 [1/2] (0.00ns)   --->   "%call_ln101 = call void @Block_entry352_proc1_Pipeline_VITIS_LOOP_117_7, i32 %add_i_i1015, i16 %W_in_read, i80 %bound, i32 %gmem1, i32 %local_feature_in_blk_1, i32 %local_feature_in_blk, i16 %C_in_read, i1 %tmp22, i16 %C_in_read, i32 %phi_mul594, i32 %mul_ln105_1, i32 %add_ln116, i64 %feature_in_read, i62 %sub_ln131" [../ip/ip6/conv_bn_relu.cpp:101]   --->   Operation 872 'call' 'call_ln101' <Predicate = (cmp_i_i11253547)> <Delay = 0.00> <CoreType = "Generic">   --->   Core 0 '' <Latency = 0> <II = 1> <Delay = 1.00> <Generic> <Opcode : >
ST_133 : Operation 873 [1/1] (0.00ns)   --->   "%br_ln0 = br void %for.inc125"   --->   Operation 873 'br' 'br_ln0' <Predicate = (cmp_i_i11253547)> <Delay = 0.00>
ST_133 : Operation 874 [1/1] (0.00ns)   --->   "%br_ln115 = br void %VITIS_LOOP_116_6" [../ip/ip6/conv_bn_relu.cpp:115]   --->   Operation 874 'br' 'br_ln115' <Predicate = true> <Delay = 0.00>

State 134 <SV = 45> <Delay = 1.29>
ST_134 : Operation 875 [1/2] (0.00ns)   --->   "%call_ln89 = call void @Block_entry352_proc1_Pipeline_VITIS_LOOP_141_11, i17 %c_out_blk, i32 %mul_ln87_5, i16 %mul_ln87_4, i32 %shl_ln1027_1, i96 %bound57, i32 %local_conv_kernel_blk_11, i32 %local_conv_kernel_blk_10, i32 %local_conv_kernel_blk_9, i32 %local_conv_kernel_blk_8, i32 %local_conv_kernel_blk_7, i32 %local_conv_kernel_blk_6, i32 %local_conv_kernel_blk_5, i32 %local_conv_kernel_blk_4, i32 %local_conv_kernel_blk_3, i32 %local_conv_kernel_blk_2, i32 %local_conv_kernel_blk_1, i32 %local_conv_kernel_blk, i32 %gmem2, i16 %empty, i8 %kernel_size_read, i1 %icmp_ln1027, i16 %mul_ln87_4, i1 %icmp_ln1027_16, i64 %conv_kernel_read" [../ip/ip6/conv_bn_relu.cpp:89]   --->   Operation 875 'call' 'call_ln89' <Predicate = true> <Delay = 0.00> <CoreType = "Generic">   --->   Core 0 '' <Latency = 0> <II = 1> <Delay = 1.00> <Generic> <Opcode : >
ST_134 : Operation 876 [1/1] (0.00ns)   --->   "%w_out_end_2_cast = sext i32 %select_ln101" [../ip/ip6/conv_bn_relu.cpp:101]   --->   Operation 876 'sext' 'w_out_end_2_cast' <Predicate = true> <Delay = 0.00>
ST_134 : Operation 877 [1/1] (1.29ns)   --->   "%br_ln153 = br void %VITIS_LOOP_154_13" [../ip/ip6/conv_bn_relu.cpp:153]   --->   Operation 877 'br' 'br_ln153' <Predicate = true> <Delay = 1.29>

State 135 <SV = 46> <Delay = 7.05>
ST_135 : Operation 878 [1/1] (0.00ns)   --->   "%indvar3870 = phi i32 %add_ln153_1, void %for.inc270.loopexit, i32 0, void %VITIS_LOOP_138_8" [../ip/ip6/conv_bn_relu.cpp:153]   --->   Operation 878 'phi' 'indvar3870' <Predicate = true> <Delay = 0.00>
ST_135 : Operation 879 [1/1] (0.00ns)   --->   "%h_out_3 = phi i64 %add_ln153, void %for.inc270.loopexit, i64 %h_out_blk_4, void %VITIS_LOOP_138_8"   --->   Operation 879 'phi' 'h_out_3' <Predicate = true> <Delay = 0.00>
ST_135 : Operation 880 [1/1] (2.26ns)   --->   "%icmp_ln153 = icmp_slt  i64 %h_out_3, i64 %h_out_end_1_cast" [../ip/ip6/conv_bn_relu.cpp:153]   --->   Operation 880 'icmp' 'icmp_ln153' <Predicate = true> <Delay = 2.26> <CoreInst = "Cmp">   --->   Core 9 'Cmp' <Latency = 0> <II = 1> <Delay = 2.26> <FuncUnit> <Opcode : 'icmp'> <InPorts = 2> <OutPorts = 1>
ST_135 : Operation 881 [1/1] (1.89ns)   --->   "%add_ln153_1 = add i32 %indvar3870, i32 1" [../ip/ip6/conv_bn_relu.cpp:153]   --->   Operation 881 'add' 'add_ln153_1' <Predicate = true> <Delay = 1.89> <CoreInst = "Adder">   --->   Core 1 'Adder' <Latency = 0> <II = 1> <Delay = 1.89> <FuncUnit> <Opcode : 'add' 'sub'> <InPorts = 2> <OutPorts = 1>
ST_135 : Operation 882 [1/1] (0.00ns)   --->   "%br_ln153 = br i1 %icmp_ln153, void %for.inc273.loopexit, void %VITIS_LOOP_154_13.split" [../ip/ip6/conv_bn_relu.cpp:153]   --->   Operation 882 'br' 'br_ln153' <Predicate = true> <Delay = 0.00>
ST_135 : Operation 883 [1/1] (0.00ns)   --->   "%specloopname_ln153 = specloopname void @_ssdm_op_SpecLoopName, void @empty_28" [../ip/ip6/conv_bn_relu.cpp:153]   --->   Operation 883 'specloopname' 'specloopname_ln153' <Predicate = (icmp_ln153)> <Delay = 0.00>
ST_135 : Operation 884 [1/1] (7.05ns)   --->   "%empty_185 = mul i32 %indvar3870, i32 %mul_ln87" [../ip/ip6/conv_bn_relu.cpp:153]   --->   Operation 884 'mul' 'empty_185' <Predicate = (icmp_ln153)> <Delay = 7.05> <CoreInst = "Multiplier">   --->   Core 3 'Multiplier' <Latency = 0> <II = 1> <Delay = 7.05> <FuncUnit> <Opcode : 'mul'> <InPorts = 2> <OutPorts = 1>
ST_135 : Operation 885 [1/1] (0.00ns)   --->   "%trunc_ln153 = trunc i64 %h_out_3" [../ip/ip6/conv_bn_relu.cpp:153]   --->   Operation 885 'trunc' 'trunc_ln153' <Predicate = (icmp_ln153)> <Delay = 0.00>
ST_135 : Operation 886 [1/1] (0.00ns)   --->   "%trunc_ln1027_4 = trunc i64 %h_out_blk_4"   --->   Operation 886 'trunc' 'trunc_ln1027_4' <Predicate = (icmp_ln153)> <Delay = 0.00>
ST_135 : Operation 887 [1/1] (0.76ns)   --->   "%empty_186 = sub i3 %trunc_ln153, i3 %trunc_ln1027_4" [../ip/ip6/conv_bn_relu.cpp:153]   --->   Operation 887 'sub' 'empty_186' <Predicate = (icmp_ln153)> <Delay = 0.76> <CoreInst = "Adder">   --->   Core 1 'Adder' <Latency = 0> <II = 1> <Delay = 0.76> <FuncUnit> <Opcode : 'add' 'sub'> <InPorts = 2> <OutPorts = 1>
ST_135 : Operation 888 [1/1] (1.29ns)   --->   "%br_ln154 = br void %VITIS_LOOP_155_14" [../ip/ip6/conv_bn_relu.cpp:154]   --->   Operation 888 'br' 'br_ln154' <Predicate = (icmp_ln153)> <Delay = 1.29>
ST_135 : Operation 889 [1/1] (1.92ns)   --->   "%add_ln99_2 = add i33 %indvars_iv3685, i33 8589934588" [../ip/ip6/conv_bn_relu.cpp:99]   --->   Operation 889 'add' 'add_ln99_2' <Predicate = (!icmp_ln153)> <Delay = 1.92> <CoreInst = "Adder">   --->   Core 1 'Adder' <Latency = 0> <II = 1> <Delay = 1.92> <FuncUnit> <Opcode : 'add' 'sub'> <InPorts = 2> <OutPorts = 1>
ST_135 : Operation 890 [1/1] (0.00ns)   --->   "%br_ln99 = br void %for.body54" [../ip/ip6/conv_bn_relu.cpp:99]   --->   Operation 890 'br' 'br_ln99' <Predicate = (!icmp_ln153)> <Delay = 0.00>

State 136 <SV = 47> <Delay = 5.48>
ST_136 : Operation 891 [1/1] (0.00ns)   --->   "%w_out_4 = phi i64 %add_ln154, void %for.inc267.loopexit, i64 %w_out_blk_3, void %VITIS_LOOP_154_13.split"   --->   Operation 891 'phi' 'w_out_4' <Predicate = true> <Delay = 0.00>
ST_136 : Operation 892 [1/1] (0.00ns)   --->   "%phi_mul617 = phi i32 %add_ln154_1, void %for.inc267.loopexit, i32 0, void %VITIS_LOOP_154_13.split" [../ip/ip6/conv_bn_relu.cpp:154]   --->   Operation 892 'phi' 'phi_mul617' <Predicate = true> <Delay = 0.00>
ST_136 : Operation 893 [1/1] (1.89ns)   --->   "%add_ln154_1 = add i32 %phi_mul617, i32 %conv32" [../ip/ip6/conv_bn_relu.cpp:154]   --->   Operation 893 'add' 'add_ln154_1' <Predicate = true> <Delay = 1.89> <CoreInst = "Adder">   --->   Core 1 'Adder' <Latency = 0> <II = 1> <Delay = 1.89> <FuncUnit> <Opcode : 'add' 'sub'> <InPorts = 2> <OutPorts = 1>
ST_136 : Operation 894 [1/1] (2.26ns)   --->   "%icmp_ln154 = icmp_slt  i64 %w_out_4, i64 %w_out_end_2_cast" [../ip/ip6/conv_bn_relu.cpp:154]   --->   Operation 894 'icmp' 'icmp_ln154' <Predicate = true> <Delay = 2.26> <CoreInst = "Cmp">   --->   Core 9 'Cmp' <Latency = 0> <II = 1> <Delay = 2.26> <FuncUnit> <Opcode : 'icmp'> <InPorts = 2> <OutPorts = 1>
ST_136 : Operation 895 [1/1] (0.00ns)   --->   "%br_ln154 = br i1 %icmp_ln154, void %for.inc270.loopexit, void %VITIS_LOOP_155_14.split" [../ip/ip6/conv_bn_relu.cpp:154]   --->   Operation 895 'br' 'br_ln154' <Predicate = true> <Delay = 0.00>
ST_136 : Operation 896 [1/1] (1.89ns)   --->   "%tmp26 = add i32 %phi_mul617, i32 %zext_ln87_19" [../ip/ip6/conv_bn_relu.cpp:154]   --->   Operation 896 'add' 'tmp26' <Predicate = (icmp_ln154)> <Delay = 1.89> <CoreInst = "Adder">   --->   Core 1 'Adder' <Latency = 0> <II = 1> <Delay = 1.89> <FuncUnit> <Opcode : 'add' 'sub'> <InPorts = 2> <OutPorts = 1>
ST_136 : Operation 897 [1/1] (0.00ns) (grouped into TernaryAdder)   --->   "%tmp25 = add i32 %tmp26, i32 %empty_185" [../ip/ip6/conv_bn_relu.cpp:154]   --->   Operation 897 'add' 'tmp25' <Predicate = (icmp_ln154)> <Delay = 0.00> <CoreInst = "TAddSub">   --->   Core 10 'TAddSub' <Latency = 0> <II = 1> <Delay = 1.79> <IPBlock> <Opcode : 'add' 'sub'> <InPorts = 3> <OutPorts = 1> <Sync> <CReg>
ST_136 : Operation 898 [1/1] (3.58ns) (root node of TernaryAdder)   --->   "%empty_187 = add i32 %tmp25, i32 %tmp24" [../ip/ip6/conv_bn_relu.cpp:154]   --->   Operation 898 'add' 'empty_187' <Predicate = (icmp_ln154)> <Delay = 3.58> <CoreInst = "TAddSub">   --->   Core 10 'TAddSub' <Latency = 0> <II = 1> <Delay = 1.79> <IPBlock> <Opcode : 'add' 'sub'> <InPorts = 3> <OutPorts = 1> <Sync> <CReg>
ST_136 : Operation 899 [1/1] (0.00ns)   --->   "%trunc_ln154 = trunc i64 %w_out_4" [../ip/ip6/conv_bn_relu.cpp:154]   --->   Operation 899 'trunc' 'trunc_ln154' <Predicate = (icmp_ln154)> <Delay = 0.00>
ST_136 : Operation 900 [1/1] (0.00ns)   --->   "%trunc_ln1027_5 = trunc i64 %w_out_blk_3"   --->   Operation 900 'trunc' 'trunc_ln1027_5' <Predicate = (icmp_ln154)> <Delay = 0.00>
ST_136 : Operation 901 [1/1] (1.28ns)   --->   "%empty_189 = sub i6 %trunc_ln154, i6 %trunc_ln1027_5" [../ip/ip6/conv_bn_relu.cpp:154]   --->   Operation 901 'sub' 'empty_189' <Predicate = (icmp_ln154)> <Delay = 1.28> <CoreInst = "Adder">   --->   Core 1 'Adder' <Latency = 0> <II = 1> <Delay = 1.28> <FuncUnit> <Opcode : 'add' 'sub'> <InPorts = 2> <OutPorts = 1>
ST_136 : Operation 902 [1/1] (2.69ns)   --->   "%add_ln153 = add i64 %h_out_3, i64 1" [../ip/ip6/conv_bn_relu.cpp:153]   --->   Operation 902 'add' 'add_ln153' <Predicate = (!icmp_ln154)> <Delay = 2.69> <CoreInst = "Adder">   --->   Core 1 'Adder' <Latency = 0> <II = 1> <Delay = 2.69> <FuncUnit> <Opcode : 'add' 'sub'> <InPorts = 2> <OutPorts = 1>
ST_136 : Operation 903 [1/1] (0.00ns)   --->   "%br_ln153 = br void %VITIS_LOOP_154_13" [../ip/ip6/conv_bn_relu.cpp:153]   --->   Operation 903 'br' 'br_ln153' <Predicate = (!icmp_ln154)> <Delay = 0.00>

State 137 <SV = 48> <Delay = 2.69>
ST_137 : Operation 904 [1/1] (0.00ns)   --->   "%tmp_23 = bitconcatenate i34 @_ssdm_op_BitConcatenate.i34.i32.i2, i32 %empty_187, i2 0" [../ip/ip6/conv_bn_relu.cpp:154]   --->   Operation 904 'bitconcatenate' 'tmp_23' <Predicate = true> <Delay = 0.00>
ST_137 : Operation 905 [1/1] (0.00ns)   --->   "%p_cast150 = sext i34 %tmp_23" [../ip/ip6/conv_bn_relu.cpp:154]   --->   Operation 905 'sext' 'p_cast150' <Predicate = true> <Delay = 0.00>
ST_137 : Operation 906 [1/1] (2.69ns)   --->   "%empty_188 = add i64 %p_cast150, i64 %feature_out_read" [../ip/ip6/conv_bn_relu.cpp:154]   --->   Operation 906 'add' 'empty_188' <Predicate = true> <Delay = 2.69> <CoreInst = "Adder">   --->   Core 1 'Adder' <Latency = 0> <II = 1> <Delay = 2.69> <FuncUnit> <Opcode : 'add' 'sub'> <InPorts = 2> <OutPorts = 1>
ST_137 : Operation 907 [1/1] (0.00ns)   --->   "%trunc_ln155_2 = partselect i62 @_ssdm_op_PartSelect.i62.i64.i32.i32, i64 %empty_188, i32 2, i32 63" [../ip/ip6/conv_bn_relu.cpp:155]   --->   Operation 907 'partselect' 'trunc_ln155_2' <Predicate = true> <Delay = 0.00>
ST_137 : Operation 908 [1/1] (0.00ns)   --->   "%sext_ln155_2 = sext i62 %trunc_ln155_2" [../ip/ip6/conv_bn_relu.cpp:155]   --->   Operation 908 'sext' 'sext_ln155_2' <Predicate = true> <Delay = 0.00>
ST_137 : Operation 909 [1/1] (0.00ns)   --->   "%gmem0_addr_1 = getelementptr i32 %gmem0, i64 %sext_ln155_2" [../ip/ip6/conv_bn_relu.cpp:155]   --->   Operation 909 'getelementptr' 'gmem0_addr_1' <Predicate = true> <Delay = 0.00>

State 138 <SV = 49> <Delay = 7.30>
ST_138 : Operation 910 [1/1] (0.00ns)   --->   "%specloopname_ln154 = specloopname void @_ssdm_op_SpecLoopName, void @empty_27" [../ip/ip6/conv_bn_relu.cpp:154]   --->   Operation 910 'specloopname' 'specloopname_ln154' <Predicate = true> <Delay = 0.00>
ST_138 : Operation 911 [1/1] (7.30ns)   --->   "%empty_190 = writereq i1 @_ssdm_op_WriteReq.m_axi.p1i32, i32 %gmem0_addr_1, i32 %sext_ln93" [../ip/ip6/conv_bn_relu.cpp:155]   --->   Operation 911 'writereq' 'empty_190' <Predicate = true> <Delay = 7.30> <CoreInst = "m_axi">   --->   Core 113 'm_axi' <Latency = 0> <II = 1> <Delay = 1.00> <Adapter> <Opcode : 'read' 'write' 'readreq' 'writereq' 'writeresp'>
ST_138 : Operation 912 [1/1] (1.29ns)   --->   "%br_ln155 = br void %VITIS_LOOP_168_15" [../ip/ip6/conv_bn_relu.cpp:155]   --->   Operation 912 'br' 'br_ln155' <Predicate = true> <Delay = 1.29>

State 139 <SV = 50> <Delay = 2.69>
ST_139 : Operation 913 [1/1] (0.00ns)   --->   "%indvar3867 = phi i64 %add_ln155_1, void %for.end238.loopexit, i64 0, void %VITIS_LOOP_155_14.split" [../ip/ip6/conv_bn_relu.cpp:155]   --->   Operation 913 'phi' 'indvar3867' <Predicate = true> <Delay = 0.00>
ST_139 : Operation 914 [1/1] (0.00ns)   --->   "%c_out_2 = phi i64 %add_ln155, void %for.end238.loopexit, i64 %zext_ln87_20, void %VITIS_LOOP_155_14.split" [../ip/ip6/conv_bn_relu.cpp:155]   --->   Operation 914 'phi' 'c_out_2' <Predicate = true> <Delay = 0.00>
ST_139 : Operation 915 [1/1] (2.26ns)   --->   "%icmp_ln155 = icmp_slt  i64 %c_out_2, i64 %c_out_end_cast131" [../ip/ip6/conv_bn_relu.cpp:155]   --->   Operation 915 'icmp' 'icmp_ln155' <Predicate = true> <Delay = 2.26> <CoreInst = "Cmp">   --->   Core 9 'Cmp' <Latency = 0> <II = 1> <Delay = 2.26> <FuncUnit> <Opcode : 'icmp'> <InPorts = 2> <OutPorts = 1>
ST_139 : Operation 916 [1/1] (2.69ns)   --->   "%add_ln155_1 = add i64 %indvar3867, i64 1" [../ip/ip6/conv_bn_relu.cpp:155]   --->   Operation 916 'add' 'add_ln155_1' <Predicate = true> <Delay = 2.69> <CoreInst = "Adder">   --->   Core 1 'Adder' <Latency = 0> <II = 1> <Delay = 2.69> <FuncUnit> <Opcode : 'add' 'sub'> <InPorts = 2> <OutPorts = 1>
ST_139 : Operation 917 [1/1] (0.00ns)   --->   "%br_ln155 = br i1 %icmp_ln155, void %for.inc267.loopexit, void %VITIS_LOOP_168_15.split" [../ip/ip6/conv_bn_relu.cpp:155]   --->   Operation 917 'br' 'br_ln155' <Predicate = true> <Delay = 0.00>
ST_139 : Operation 918 [1/1] (0.00ns)   --->   "%specpipeline_ln156 = specpipeline void @_ssdm_op_SpecPipeline, i32 2, i32 0, i32 0, i32 0, void @empty_43" [../ip/ip6/conv_bn_relu.cpp:156]   --->   Operation 918 'specpipeline' 'specpipeline_ln156' <Predicate = (icmp_ln155)> <Delay = 0.00>
ST_139 : Operation 919 [1/1] (0.00ns)   --->   "%specloopname_ln155 = specloopname void @_ssdm_op_SpecLoopName, void @empty_26" [../ip/ip6/conv_bn_relu.cpp:155]   --->   Operation 919 'specloopname' 'specloopname_ln155' <Predicate = (icmp_ln155)> <Delay = 0.00>
ST_139 : Operation 920 [1/1] (0.00ns)   --->   "%tmp_25 = partselect i2 @_ssdm_op_PartSelect.i2.i64.i32.i32, i64 %c_out_2, i32 1, i32 2" [../ip/ip6/conv_bn_relu.cpp:155]   --->   Operation 920 'partselect' 'tmp_25' <Predicate = (icmp_ln155)> <Delay = 0.00>
ST_139 : Operation 921 [1/1] (0.00ns)   --->   "%tmp_26 = bitconcatenate i5 @_ssdm_op_BitConcatenate.i5.i2.i3, i2 %tmp_25, i3 0" [../ip/ip6/conv_bn_relu.cpp:155]   --->   Operation 921 'bitconcatenate' 'tmp_26' <Predicate = (icmp_ln155)> <Delay = 0.00>
ST_139 : Operation 922 [1/1] (0.00ns)   --->   "%empty_191 = trunc i64 %c_out_2" [../ip/ip6/conv_bn_relu.cpp:155]   --->   Operation 922 'trunc' 'empty_191' <Predicate = (icmp_ln155)> <Delay = 0.00>
ST_139 : Operation 923 [1/1] (1.29ns)   --->   "%br_ln168 = br void %VITIS_LOOP_169_16" [../ip/ip6/conv_bn_relu.cpp:168]   --->   Operation 923 'br' 'br_ln168' <Predicate = (icmp_ln155)> <Delay = 1.29>
ST_139 : Operation 924 [1/1] (2.69ns)   --->   "%add_ln154 = add i64 %w_out_4, i64 1" [../ip/ip6/conv_bn_relu.cpp:154]   --->   Operation 924 'add' 'add_ln154' <Predicate = (!icmp_ln155)> <Delay = 2.69> <CoreInst = "Adder">   --->   Core 1 'Adder' <Latency = 0> <II = 1> <Delay = 2.69> <FuncUnit> <Opcode : 'add' 'sub'> <InPorts = 2> <OutPorts = 1>

State 140 <SV = 51> <Delay = 2.69>
ST_140 : Operation 925 [1/1] (0.00ns)   --->   "%c_in = phi i16 %add_ln168, void %for.inc236.loopexit, i16 0, void %VITIS_LOOP_168_15.split" [../ip/ip6/conv_bn_relu.cpp:168]   --->   Operation 925 'phi' 'c_in' <Predicate = true> <Delay = 0.00>
ST_140 : Operation 926 [1/1] (0.00ns)   --->   "%sum_4 = phi i64 %sum_5, void %for.inc236.loopexit, i64 0, void %VITIS_LOOP_168_15.split"   --->   Operation 926 'phi' 'sum_4' <Predicate = true> <Delay = 0.00>
ST_140 : Operation 927 [1/1] (0.00ns)   --->   "%empty_193 = trunc i16 %c_in" [../ip/ip6/conv_bn_relu.cpp:168]   --->   Operation 927 'trunc' 'empty_193' <Predicate = true> <Delay = 0.00>
ST_140 : Operation 928 [1/1] (1.02ns)   --->   "%empty_194 = add i5 %tmp_26, i5 %empty_193" [../ip/ip6/conv_bn_relu.cpp:155]   --->   Operation 928 'add' 'empty_194' <Predicate = true> <Delay = 1.02> <CoreInst = "Adder">   --->   Core 1 'Adder' <Latency = 0> <II = 1> <Delay = 1.02> <FuncUnit> <Opcode : 'add' 'sub'> <InPorts = 2> <OutPorts = 1>
ST_140 : Operation 929 [1/1] (0.00ns)   --->   "%tmp_27 = bitconcatenate i6 @_ssdm_op_BitConcatenate.i6.i5.i1, i5 %empty_194, i1 0" [../ip/ip6/conv_bn_relu.cpp:155]   --->   Operation 929 'bitconcatenate' 'tmp_27' <Predicate = true> <Delay = 0.00>
ST_140 : Operation 930 [1/1] (2.13ns)   --->   "%icmp_ln1027_17 = icmp_eq  i16 %c_in, i16 %C_in_read"   --->   Operation 930 'icmp' 'icmp_ln1027_17' <Predicate = true> <Delay = 2.13> <CoreInst = "Cmp">   --->   Core 9 'Cmp' <Latency = 0> <II = 1> <Delay = 2.13> <FuncUnit> <Opcode : 'icmp'> <InPorts = 2> <OutPorts = 1>
ST_140 : Operation 931 [1/1] (0.00ns)   --->   "%empty_195 = speclooptripcount i32 @_ssdm_op_SpecLoopTripCount, i64 0, i64 65535, i64 0"   --->   Operation 931 'speclooptripcount' 'empty_195' <Predicate = true> <Delay = 0.00>
ST_140 : Operation 932 [1/1] (1.54ns)   --->   "%add_ln168 = add i16 %c_in, i16 1" [../ip/ip6/conv_bn_relu.cpp:168]   --->   Operation 932 'add' 'add_ln168' <Predicate = true> <Delay = 1.54> <CoreInst = "Adder">   --->   Core 1 'Adder' <Latency = 0> <II = 1> <Delay = 1.54> <FuncUnit> <Opcode : 'add' 'sub'> <InPorts = 2> <OutPorts = 1>
ST_140 : Operation 933 [1/1] (0.00ns)   --->   "%br_ln168 = br i1 %icmp_ln1027_17, void %VITIS_LOOP_169_16.split, void %for.end238.loopexit" [../ip/ip6/conv_bn_relu.cpp:168]   --->   Operation 933 'br' 'br_ln168' <Predicate = true> <Delay = 0.00>
ST_140 : Operation 934 [1/1] (0.00ns)   --->   "%specloopname_ln158 = specloopname void @_ssdm_op_SpecLoopName, void @empty_25" [../ip/ip6/conv_bn_relu.cpp:158]   --->   Operation 934 'specloopname' 'specloopname_ln158' <Predicate = (!icmp_ln1027_17)> <Delay = 0.00>
ST_140 : Operation 935 [1/1] (0.00ns)   --->   "%tmp_28 = partselect i8 @_ssdm_op_PartSelect.i8.i16.i32.i32, i16 %c_in, i32 1, i32 8" [../ip/ip6/conv_bn_relu.cpp:168]   --->   Operation 935 'partselect' 'tmp_28' <Predicate = (!icmp_ln1027_17)> <Delay = 0.00>
ST_140 : Operation 936 [1/1] (0.00ns)   --->   "%empty_196 = trunc i16 %c_in" [../ip/ip6/conv_bn_relu.cpp:168]   --->   Operation 936 'trunc' 'empty_196' <Predicate = (!icmp_ln1027_17)> <Delay = 0.00>
ST_140 : Operation 937 [1/1] (1.29ns)   --->   "%br_ln169 = br void %VITIS_LOOP_170_17" [../ip/ip6/conv_bn_relu.cpp:169]   --->   Operation 937 'br' 'br_ln169' <Predicate = (!icmp_ln1027_17)> <Delay = 1.29>
ST_140 : Operation 938 [1/1] (2.69ns)   --->   "%add_ln179 = add i64 %indvar3867, i64 %sext_ln155" [../ip/ip6/conv_bn_relu.cpp:179]   --->   Operation 938 'add' 'add_ln179' <Predicate = (icmp_ln1027_17)> <Delay = 2.69> <CoreInst = "Adder">   --->   Core 1 'Adder' <Latency = 0> <II = 1> <Delay = 2.69> <FuncUnit> <Opcode : 'add' 'sub'> <InPorts = 2> <OutPorts = 1>
ST_140 : Operation 939 [1/1] (0.00ns)   --->   "%gmem3_addr_4 = getelementptr i32 %gmem3, i64 %add_ln179" [../ip/ip6/conv_bn_relu.cpp:179]   --->   Operation 939 'getelementptr' 'gmem3_addr_4' <Predicate = (icmp_ln1027_17)> <Delay = 0.00>
ST_140 : Operation 940 [1/1] (0.00ns)   --->   "%lshr_ln5 = partselect i7 @_ssdm_op_PartSelect.i7.i64.i32.i32, i64 %c_out_2, i32 2, i32 8" [../ip/ip6/conv_bn_relu.cpp:180]   --->   Operation 940 'partselect' 'lshr_ln5' <Predicate = (icmp_ln1027_17)> <Delay = 0.00>
ST_140 : Operation 941 [1/1] (0.00ns)   --->   "%trunc_ln180 = trunc i64 %c_out_2" [../ip/ip6/conv_bn_relu.cpp:180]   --->   Operation 941 'trunc' 'trunc_ln180' <Predicate = (icmp_ln1027_17)> <Delay = 0.00>
ST_140 : Operation 942 [1/1] (2.69ns)   --->   "%add_ln181 = add i64 %indvar3867, i64 %sext_ln155_1" [../ip/ip6/conv_bn_relu.cpp:181]   --->   Operation 942 'add' 'add_ln181' <Predicate = (icmp_ln1027_17)> <Delay = 2.69> <CoreInst = "Adder">   --->   Core 1 'Adder' <Latency = 0> <II = 1> <Delay = 2.69> <FuncUnit> <Opcode : 'add' 'sub'> <InPorts = 2> <OutPorts = 1>
ST_140 : Operation 943 [1/1] (0.00ns)   --->   "%gmem3_addr_5 = getelementptr i32 %gmem3, i64 %add_ln181" [../ip/ip6/conv_bn_relu.cpp:181]   --->   Operation 943 'getelementptr' 'gmem3_addr_5' <Predicate = (icmp_ln1027_17)> <Delay = 0.00>
ST_140 : Operation 944 [1/1] (2.69ns)   --->   "%add_ln155 = add i64 %c_out_2, i64 1" [../ip/ip6/conv_bn_relu.cpp:155]   --->   Operation 944 'add' 'add_ln155' <Predicate = (icmp_ln1027_17)> <Delay = 2.69> <CoreInst = "Adder">   --->   Core 1 'Adder' <Latency = 0> <II = 1> <Delay = 2.69> <FuncUnit> <Opcode : 'add' 'sub'> <InPorts = 2> <OutPorts = 1>

State 141 <SV = 52> <Delay = 4.05>
ST_141 : Operation 945 [1/1] (0.00ns)   --->   "%kh = phi i8 %add_ln169, void %for.inc233, i8 0, void %VITIS_LOOP_169_16.split" [../ip/ip6/conv_bn_relu.cpp:169]   --->   Operation 945 'phi' 'kh' <Predicate = true> <Delay = 0.00>
ST_141 : Operation 946 [1/1] (0.00ns)   --->   "%sum_5 = phi i64 %sum_7, void %for.inc233, i64 %sum_4, void %VITIS_LOOP_169_16.split"   --->   Operation 946 'phi' 'sum_5' <Predicate = true> <Delay = 0.00>
ST_141 : Operation 947 [1/1] (0.00ns)   --->   "%trunc_ln1027_6 = trunc i8 %kh"   --->   Operation 947 'trunc' 'trunc_ln1027_6' <Predicate = true> <Delay = 0.00>
ST_141 : Operation 948 [1/1] (1.31ns)   --->   "%icmp_ln1027_18 = icmp_eq  i8 %kh, i8 %kernel_size_read"   --->   Operation 948 'icmp' 'icmp_ln1027_18' <Predicate = true> <Delay = 1.31> <CoreInst = "Cmp">   --->   Core 9 'Cmp' <Latency = 0> <II = 1> <Delay = 1.31> <FuncUnit> <Opcode : 'icmp'> <InPorts = 2> <OutPorts = 1>
ST_141 : Operation 949 [1/1] (0.00ns)   --->   "%empty_197 = speclooptripcount i32 @_ssdm_op_SpecLoopTripCount, i64 0, i64 255, i64 0"   --->   Operation 949 'speclooptripcount' 'empty_197' <Predicate = true> <Delay = 0.00>
ST_141 : Operation 950 [1/1] (1.30ns)   --->   "%add_ln169 = add i8 %kh, i8 1" [../ip/ip6/conv_bn_relu.cpp:169]   --->   Operation 950 'add' 'add_ln169' <Predicate = true> <Delay = 1.30> <CoreInst = "Adder">   --->   Core 1 'Adder' <Latency = 0> <II = 1> <Delay = 1.30> <FuncUnit> <Opcode : 'add' 'sub'> <InPorts = 2> <OutPorts = 1>
ST_141 : Operation 951 [1/1] (0.00ns)   --->   "%br_ln169 = br i1 %icmp_ln1027_18, void %VITIS_LOOP_170_17.split, void %for.inc236.loopexit" [../ip/ip6/conv_bn_relu.cpp:169]   --->   Operation 951 'br' 'br_ln169' <Predicate = true> <Delay = 0.00>
ST_141 : Operation 952 [1/1] (0.76ns)   --->   "%empty_198 = add i3 %trunc_ln1027_6, i3 %empty_186"   --->   Operation 952 'add' 'empty_198' <Predicate = (!icmp_ln1027_18)> <Delay = 0.76> <CoreInst = "Adder">   --->   Core 1 'Adder' <Latency = 0> <II = 1> <Delay = 0.76> <FuncUnit> <Opcode : 'add' 'sub'> <InPorts = 2> <OutPorts = 1>
ST_141 : Operation 953 [1/1] (0.00ns)   --->   "%tmp_31 = partselect i6 @_ssdm_op_PartSelect.i6.i8.i32.i32, i8 %kh, i32 1, i32 6" [../ip/ip6/conv_bn_relu.cpp:169]   --->   Operation 953 'partselect' 'tmp_31' <Predicate = (!icmp_ln1027_18)> <Delay = 0.00>
ST_141 : Operation 954 [1/1] (1.28ns)   --->   "%empty_199 = add i6 %tmp_27, i6 %tmp_31" [../ip/ip6/conv_bn_relu.cpp:155]   --->   Operation 954 'add' 'empty_199' <Predicate = (!icmp_ln1027_18)> <Delay = 1.28> <CoreInst = "Adder">   --->   Core 1 'Adder' <Latency = 0> <II = 1> <Delay = 1.28> <FuncUnit> <Opcode : 'add' 'sub'> <InPorts = 2> <OutPorts = 1>
ST_141 : Operation 955 [1/1] (0.00ns)   --->   "%p_cast649 = zext i6 %empty_199" [../ip/ip6/conv_bn_relu.cpp:155]   --->   Operation 955 'zext' 'p_cast649' <Predicate = (!icmp_ln1027_18)> <Delay = 0.00>
ST_141 : Operation 956 [1/1] (0.00ns)   --->   "%local_conv_kernel_blk_addr = getelementptr i32 %local_conv_kernel_blk, i64 0, i64 %p_cast649" [../ip/ip6/conv_bn_relu.cpp:155]   --->   Operation 956 'getelementptr' 'local_conv_kernel_blk_addr' <Predicate = (!icmp_ln1027_18)> <Delay = 0.00>
ST_141 : Operation 957 [1/1] (0.00ns)   --->   "%local_conv_kernel_blk_1_addr = getelementptr i32 %local_conv_kernel_blk_1, i64 0, i64 %p_cast649" [../ip/ip6/conv_bn_relu.cpp:155]   --->   Operation 957 'getelementptr' 'local_conv_kernel_blk_1_addr' <Predicate = (!icmp_ln1027_18)> <Delay = 0.00>
ST_141 : Operation 958 [1/1] (0.00ns)   --->   "%local_conv_kernel_blk_2_addr = getelementptr i32 %local_conv_kernel_blk_2, i64 0, i64 %p_cast649" [../ip/ip6/conv_bn_relu.cpp:155]   --->   Operation 958 'getelementptr' 'local_conv_kernel_blk_2_addr' <Predicate = (!icmp_ln1027_18)> <Delay = 0.00>
ST_141 : Operation 959 [1/1] (0.00ns)   --->   "%local_conv_kernel_blk_3_addr = getelementptr i32 %local_conv_kernel_blk_3, i64 0, i64 %p_cast649" [../ip/ip6/conv_bn_relu.cpp:155]   --->   Operation 959 'getelementptr' 'local_conv_kernel_blk_3_addr' <Predicate = (!icmp_ln1027_18)> <Delay = 0.00>
ST_141 : Operation 960 [1/1] (0.00ns)   --->   "%local_conv_kernel_blk_4_addr = getelementptr i32 %local_conv_kernel_blk_4, i64 0, i64 %p_cast649" [../ip/ip6/conv_bn_relu.cpp:155]   --->   Operation 960 'getelementptr' 'local_conv_kernel_blk_4_addr' <Predicate = (!icmp_ln1027_18)> <Delay = 0.00>
ST_141 : Operation 961 [1/1] (0.00ns)   --->   "%local_conv_kernel_blk_5_addr = getelementptr i32 %local_conv_kernel_blk_5, i64 0, i64 %p_cast649" [../ip/ip6/conv_bn_relu.cpp:155]   --->   Operation 961 'getelementptr' 'local_conv_kernel_blk_5_addr' <Predicate = (!icmp_ln1027_18)> <Delay = 0.00>
ST_141 : Operation 962 [1/1] (0.00ns)   --->   "%local_conv_kernel_blk_6_addr = getelementptr i32 %local_conv_kernel_blk_6, i64 0, i64 %p_cast649" [../ip/ip6/conv_bn_relu.cpp:155]   --->   Operation 962 'getelementptr' 'local_conv_kernel_blk_6_addr' <Predicate = (!icmp_ln1027_18)> <Delay = 0.00>
ST_141 : Operation 963 [1/1] (0.00ns)   --->   "%local_conv_kernel_blk_7_addr = getelementptr i32 %local_conv_kernel_blk_7, i64 0, i64 %p_cast649" [../ip/ip6/conv_bn_relu.cpp:155]   --->   Operation 963 'getelementptr' 'local_conv_kernel_blk_7_addr' <Predicate = (!icmp_ln1027_18)> <Delay = 0.00>
ST_141 : Operation 964 [1/1] (0.00ns)   --->   "%local_conv_kernel_blk_8_addr = getelementptr i32 %local_conv_kernel_blk_8, i64 0, i64 %p_cast649" [../ip/ip6/conv_bn_relu.cpp:155]   --->   Operation 964 'getelementptr' 'local_conv_kernel_blk_8_addr' <Predicate = (!icmp_ln1027_18)> <Delay = 0.00>
ST_141 : Operation 965 [1/1] (0.00ns)   --->   "%local_conv_kernel_blk_9_addr = getelementptr i32 %local_conv_kernel_blk_9, i64 0, i64 %p_cast649" [../ip/ip6/conv_bn_relu.cpp:155]   --->   Operation 965 'getelementptr' 'local_conv_kernel_blk_9_addr' <Predicate = (!icmp_ln1027_18)> <Delay = 0.00>
ST_141 : Operation 966 [1/1] (0.00ns)   --->   "%local_conv_kernel_blk_10_addr = getelementptr i32 %local_conv_kernel_blk_10, i64 0, i64 %p_cast649" [../ip/ip6/conv_bn_relu.cpp:155]   --->   Operation 966 'getelementptr' 'local_conv_kernel_blk_10_addr' <Predicate = (!icmp_ln1027_18)> <Delay = 0.00>
ST_141 : Operation 967 [1/1] (0.00ns)   --->   "%local_conv_kernel_blk_11_addr = getelementptr i32 %local_conv_kernel_blk_11, i64 0, i64 %p_cast649" [../ip/ip6/conv_bn_relu.cpp:155]   --->   Operation 967 'getelementptr' 'local_conv_kernel_blk_11_addr' <Predicate = (!icmp_ln1027_18)> <Delay = 0.00>
ST_141 : Operation 968 [1/1] (0.00ns)   --->   "%empty_200 = trunc i8 %kh" [../ip/ip6/conv_bn_relu.cpp:169]   --->   Operation 968 'trunc' 'empty_200' <Predicate = (!icmp_ln1027_18)> <Delay = 0.00>
ST_141 : Operation 969 [2/2] (2.77ns)   --->   "%local_conv_kernel_blk_load = load i6 %local_conv_kernel_blk_addr" [../ip/ip6/conv_bn_relu.cpp:155]   --->   Operation 969 'load' 'local_conv_kernel_blk_load' <Predicate = (!icmp_ln1027_18)> <Delay = 2.77> <CoreInst = "RAM">   --->   Core 82 'RAM' <Latency = 1> <II = 1> <Delay = 2.77> <Storage> <Opcode : 'load' 'store'> <Ports = 2> <Width = 32> <Depth = 64> <RAM>
ST_141 : Operation 970 [2/2] (2.77ns)   --->   "%local_conv_kernel_blk_1_load = load i6 %local_conv_kernel_blk_1_addr" [../ip/ip6/conv_bn_relu.cpp:155]   --->   Operation 970 'load' 'local_conv_kernel_blk_1_load' <Predicate = (!icmp_ln1027_18)> <Delay = 2.77> <CoreInst = "RAM">   --->   Core 82 'RAM' <Latency = 1> <II = 1> <Delay = 2.77> <Storage> <Opcode : 'load' 'store'> <Ports = 2> <Width = 32> <Depth = 64> <RAM>
ST_141 : Operation 971 [2/2] (2.77ns)   --->   "%local_conv_kernel_blk_2_load = load i6 %local_conv_kernel_blk_2_addr" [../ip/ip6/conv_bn_relu.cpp:155]   --->   Operation 971 'load' 'local_conv_kernel_blk_2_load' <Predicate = (!icmp_ln1027_18)> <Delay = 2.77> <CoreInst = "RAM">   --->   Core 82 'RAM' <Latency = 1> <II = 1> <Delay = 2.77> <Storage> <Opcode : 'load' 'store'> <Ports = 2> <Width = 32> <Depth = 64> <RAM>
ST_141 : Operation 972 [2/2] (2.77ns)   --->   "%local_conv_kernel_blk_3_load = load i6 %local_conv_kernel_blk_3_addr" [../ip/ip6/conv_bn_relu.cpp:155]   --->   Operation 972 'load' 'local_conv_kernel_blk_3_load' <Predicate = (!icmp_ln1027_18)> <Delay = 2.77> <CoreInst = "RAM">   --->   Core 82 'RAM' <Latency = 1> <II = 1> <Delay = 2.77> <Storage> <Opcode : 'load' 'store'> <Ports = 2> <Width = 32> <Depth = 64> <RAM>
ST_141 : Operation 973 [2/2] (2.77ns)   --->   "%local_conv_kernel_blk_4_load = load i6 %local_conv_kernel_blk_4_addr" [../ip/ip6/conv_bn_relu.cpp:155]   --->   Operation 973 'load' 'local_conv_kernel_blk_4_load' <Predicate = (!icmp_ln1027_18)> <Delay = 2.77> <CoreInst = "RAM">   --->   Core 82 'RAM' <Latency = 1> <II = 1> <Delay = 2.77> <Storage> <Opcode : 'load' 'store'> <Ports = 2> <Width = 32> <Depth = 64> <RAM>
ST_141 : Operation 974 [2/2] (2.77ns)   --->   "%local_conv_kernel_blk_5_load = load i6 %local_conv_kernel_blk_5_addr" [../ip/ip6/conv_bn_relu.cpp:155]   --->   Operation 974 'load' 'local_conv_kernel_blk_5_load' <Predicate = (!icmp_ln1027_18)> <Delay = 2.77> <CoreInst = "RAM">   --->   Core 82 'RAM' <Latency = 1> <II = 1> <Delay = 2.77> <Storage> <Opcode : 'load' 'store'> <Ports = 2> <Width = 32> <Depth = 64> <RAM>
ST_141 : Operation 975 [2/2] (2.77ns)   --->   "%local_conv_kernel_blk_6_load = load i6 %local_conv_kernel_blk_6_addr" [../ip/ip6/conv_bn_relu.cpp:155]   --->   Operation 975 'load' 'local_conv_kernel_blk_6_load' <Predicate = (!icmp_ln1027_18)> <Delay = 2.77> <CoreInst = "RAM">   --->   Core 82 'RAM' <Latency = 1> <II = 1> <Delay = 2.77> <Storage> <Opcode : 'load' 'store'> <Ports = 2> <Width = 32> <Depth = 64> <RAM>
ST_141 : Operation 976 [2/2] (2.77ns)   --->   "%local_conv_kernel_blk_7_load = load i6 %local_conv_kernel_blk_7_addr" [../ip/ip6/conv_bn_relu.cpp:155]   --->   Operation 976 'load' 'local_conv_kernel_blk_7_load' <Predicate = (!icmp_ln1027_18)> <Delay = 2.77> <CoreInst = "RAM">   --->   Core 82 'RAM' <Latency = 1> <II = 1> <Delay = 2.77> <Storage> <Opcode : 'load' 'store'> <Ports = 2> <Width = 32> <Depth = 64> <RAM>
ST_141 : Operation 977 [2/2] (2.77ns)   --->   "%local_conv_kernel_blk_8_load = load i6 %local_conv_kernel_blk_8_addr" [../ip/ip6/conv_bn_relu.cpp:155]   --->   Operation 977 'load' 'local_conv_kernel_blk_8_load' <Predicate = (!icmp_ln1027_18)> <Delay = 2.77> <CoreInst = "RAM">   --->   Core 82 'RAM' <Latency = 1> <II = 1> <Delay = 2.77> <Storage> <Opcode : 'load' 'store'> <Ports = 2> <Width = 32> <Depth = 64> <RAM>
ST_141 : Operation 978 [2/2] (2.77ns)   --->   "%local_conv_kernel_blk_9_load = load i6 %local_conv_kernel_blk_9_addr" [../ip/ip6/conv_bn_relu.cpp:155]   --->   Operation 978 'load' 'local_conv_kernel_blk_9_load' <Predicate = (!icmp_ln1027_18)> <Delay = 2.77> <CoreInst = "RAM">   --->   Core 82 'RAM' <Latency = 1> <II = 1> <Delay = 2.77> <Storage> <Opcode : 'load' 'store'> <Ports = 2> <Width = 32> <Depth = 64> <RAM>
ST_141 : Operation 979 [2/2] (2.77ns)   --->   "%local_conv_kernel_blk_10_load = load i6 %local_conv_kernel_blk_10_addr" [../ip/ip6/conv_bn_relu.cpp:155]   --->   Operation 979 'load' 'local_conv_kernel_blk_10_load' <Predicate = (!icmp_ln1027_18)> <Delay = 2.77> <CoreInst = "RAM">   --->   Core 82 'RAM' <Latency = 1> <II = 1> <Delay = 2.77> <Storage> <Opcode : 'load' 'store'> <Ports = 2> <Width = 32> <Depth = 64> <RAM>
ST_141 : Operation 980 [2/2] (2.77ns)   --->   "%local_conv_kernel_blk_11_load = load i6 %local_conv_kernel_blk_11_addr" [../ip/ip6/conv_bn_relu.cpp:155]   --->   Operation 980 'load' 'local_conv_kernel_blk_11_load' <Predicate = (!icmp_ln1027_18)> <Delay = 2.77> <CoreInst = "RAM">   --->   Core 82 'RAM' <Latency = 1> <II = 1> <Delay = 2.77> <Storage> <Opcode : 'load' 'store'> <Ports = 2> <Width = 32> <Depth = 64> <RAM>
ST_141 : Operation 981 [1/1] (0.00ns)   --->   "%br_ln168 = br void %VITIS_LOOP_169_16" [../ip/ip6/conv_bn_relu.cpp:168]   --->   Operation 981 'br' 'br_ln168' <Predicate = (icmp_ln1027_18)> <Delay = 0.00>

State 142 <SV = 53> <Delay = 2.77>
ST_142 : Operation 982 [1/1] (0.00ns)   --->   "%specloopname_ln158 = specloopname void @_ssdm_op_SpecLoopName, void @empty_24" [../ip/ip6/conv_bn_relu.cpp:158]   --->   Operation 982 'specloopname' 'specloopname_ln158' <Predicate = true> <Delay = 0.00>
ST_142 : Operation 983 [1/1] (0.00ns)   --->   "%tmp_29 = bitconcatenate i6 @_ssdm_op_BitConcatenate.i6.i3.i3, i3 %empty_198, i3 0" [../ip/ip6/conv_bn_relu.cpp:172]   --->   Operation 983 'bitconcatenate' 'tmp_29' <Predicate = true> <Delay = 0.00>
ST_142 : Operation 984 [1/1] (0.00ns)   --->   "%zext_ln172 = zext i6 %tmp_29" [../ip/ip6/conv_bn_relu.cpp:172]   --->   Operation 984 'zext' 'zext_ln172' <Predicate = true> <Delay = 0.00>
ST_142 : Operation 985 [1/1] (0.00ns)   --->   "%tmp_30 = bitconcatenate i4 @_ssdm_op_BitConcatenate.i4.i3.i1, i3 %empty_198, i1 0" [../ip/ip6/conv_bn_relu.cpp:172]   --->   Operation 985 'bitconcatenate' 'tmp_30' <Predicate = true> <Delay = 0.00>
ST_142 : Operation 986 [1/1] (0.00ns)   --->   "%zext_ln172_1 = zext i4 %tmp_30" [../ip/ip6/conv_bn_relu.cpp:172]   --->   Operation 986 'zext' 'zext_ln172_1' <Predicate = true> <Delay = 0.00>
ST_142 : Operation 987 [1/1] (1.28ns)   --->   "%sub_ln172 = sub i7 %zext_ln172, i7 %zext_ln172_1" [../ip/ip6/conv_bn_relu.cpp:172]   --->   Operation 987 'sub' 'sub_ln172' <Predicate = true> <Delay = 1.28> <CoreInst = "Adder">   --->   Core 1 'Adder' <Latency = 0> <II = 1> <Delay = 1.28> <FuncUnit> <Opcode : 'add' 'sub'> <InPorts = 2> <OutPorts = 1>
ST_142 : Operation 988 [1/1] (0.00ns)   --->   "%sub_ln172_cast706 = zext i7 %sub_ln172" [../ip/ip6/conv_bn_relu.cpp:172]   --->   Operation 988 'zext' 'sub_ln172_cast706' <Predicate = true> <Delay = 0.00>
ST_142 : Operation 989 [1/2] (2.77ns)   --->   "%local_conv_kernel_blk_load = load i6 %local_conv_kernel_blk_addr" [../ip/ip6/conv_bn_relu.cpp:155]   --->   Operation 989 'load' 'local_conv_kernel_blk_load' <Predicate = true> <Delay = 2.77> <CoreInst = "RAM">   --->   Core 82 'RAM' <Latency = 1> <II = 1> <Delay = 2.77> <Storage> <Opcode : 'load' 'store'> <Ports = 2> <Width = 32> <Depth = 64> <RAM>
ST_142 : Operation 990 [1/2] (2.77ns)   --->   "%local_conv_kernel_blk_1_load = load i6 %local_conv_kernel_blk_1_addr" [../ip/ip6/conv_bn_relu.cpp:155]   --->   Operation 990 'load' 'local_conv_kernel_blk_1_load' <Predicate = true> <Delay = 2.77> <CoreInst = "RAM">   --->   Core 82 'RAM' <Latency = 1> <II = 1> <Delay = 2.77> <Storage> <Opcode : 'load' 'store'> <Ports = 2> <Width = 32> <Depth = 64> <RAM>
ST_142 : Operation 991 [1/2] (2.77ns)   --->   "%local_conv_kernel_blk_2_load = load i6 %local_conv_kernel_blk_2_addr" [../ip/ip6/conv_bn_relu.cpp:155]   --->   Operation 991 'load' 'local_conv_kernel_blk_2_load' <Predicate = true> <Delay = 2.77> <CoreInst = "RAM">   --->   Core 82 'RAM' <Latency = 1> <II = 1> <Delay = 2.77> <Storage> <Opcode : 'load' 'store'> <Ports = 2> <Width = 32> <Depth = 64> <RAM>
ST_142 : Operation 992 [1/2] (2.77ns)   --->   "%local_conv_kernel_blk_3_load = load i6 %local_conv_kernel_blk_3_addr" [../ip/ip6/conv_bn_relu.cpp:155]   --->   Operation 992 'load' 'local_conv_kernel_blk_3_load' <Predicate = true> <Delay = 2.77> <CoreInst = "RAM">   --->   Core 82 'RAM' <Latency = 1> <II = 1> <Delay = 2.77> <Storage> <Opcode : 'load' 'store'> <Ports = 2> <Width = 32> <Depth = 64> <RAM>
ST_142 : Operation 993 [1/2] (2.77ns)   --->   "%local_conv_kernel_blk_4_load = load i6 %local_conv_kernel_blk_4_addr" [../ip/ip6/conv_bn_relu.cpp:155]   --->   Operation 993 'load' 'local_conv_kernel_blk_4_load' <Predicate = true> <Delay = 2.77> <CoreInst = "RAM">   --->   Core 82 'RAM' <Latency = 1> <II = 1> <Delay = 2.77> <Storage> <Opcode : 'load' 'store'> <Ports = 2> <Width = 32> <Depth = 64> <RAM>
ST_142 : Operation 994 [1/2] (2.77ns)   --->   "%local_conv_kernel_blk_5_load = load i6 %local_conv_kernel_blk_5_addr" [../ip/ip6/conv_bn_relu.cpp:155]   --->   Operation 994 'load' 'local_conv_kernel_blk_5_load' <Predicate = true> <Delay = 2.77> <CoreInst = "RAM">   --->   Core 82 'RAM' <Latency = 1> <II = 1> <Delay = 2.77> <Storage> <Opcode : 'load' 'store'> <Ports = 2> <Width = 32> <Depth = 64> <RAM>
ST_142 : Operation 995 [1/2] (2.77ns)   --->   "%local_conv_kernel_blk_6_load = load i6 %local_conv_kernel_blk_6_addr" [../ip/ip6/conv_bn_relu.cpp:155]   --->   Operation 995 'load' 'local_conv_kernel_blk_6_load' <Predicate = true> <Delay = 2.77> <CoreInst = "RAM">   --->   Core 82 'RAM' <Latency = 1> <II = 1> <Delay = 2.77> <Storage> <Opcode : 'load' 'store'> <Ports = 2> <Width = 32> <Depth = 64> <RAM>
ST_142 : Operation 996 [1/2] (2.77ns)   --->   "%local_conv_kernel_blk_7_load = load i6 %local_conv_kernel_blk_7_addr" [../ip/ip6/conv_bn_relu.cpp:155]   --->   Operation 996 'load' 'local_conv_kernel_blk_7_load' <Predicate = true> <Delay = 2.77> <CoreInst = "RAM">   --->   Core 82 'RAM' <Latency = 1> <II = 1> <Delay = 2.77> <Storage> <Opcode : 'load' 'store'> <Ports = 2> <Width = 32> <Depth = 64> <RAM>
ST_142 : Operation 997 [1/2] (2.77ns)   --->   "%local_conv_kernel_blk_8_load = load i6 %local_conv_kernel_blk_8_addr" [../ip/ip6/conv_bn_relu.cpp:155]   --->   Operation 997 'load' 'local_conv_kernel_blk_8_load' <Predicate = true> <Delay = 2.77> <CoreInst = "RAM">   --->   Core 82 'RAM' <Latency = 1> <II = 1> <Delay = 2.77> <Storage> <Opcode : 'load' 'store'> <Ports = 2> <Width = 32> <Depth = 64> <RAM>
ST_142 : Operation 998 [1/2] (2.77ns)   --->   "%local_conv_kernel_blk_9_load = load i6 %local_conv_kernel_blk_9_addr" [../ip/ip6/conv_bn_relu.cpp:155]   --->   Operation 998 'load' 'local_conv_kernel_blk_9_load' <Predicate = true> <Delay = 2.77> <CoreInst = "RAM">   --->   Core 82 'RAM' <Latency = 1> <II = 1> <Delay = 2.77> <Storage> <Opcode : 'load' 'store'> <Ports = 2> <Width = 32> <Depth = 64> <RAM>
ST_142 : Operation 999 [1/2] (2.77ns)   --->   "%local_conv_kernel_blk_10_load = load i6 %local_conv_kernel_blk_10_addr" [../ip/ip6/conv_bn_relu.cpp:155]   --->   Operation 999 'load' 'local_conv_kernel_blk_10_load' <Predicate = true> <Delay = 2.77> <CoreInst = "RAM">   --->   Core 82 'RAM' <Latency = 1> <II = 1> <Delay = 2.77> <Storage> <Opcode : 'load' 'store'> <Ports = 2> <Width = 32> <Depth = 64> <RAM>
ST_142 : Operation 1000 [1/2] (2.77ns)   --->   "%local_conv_kernel_blk_11_load = load i6 %local_conv_kernel_blk_11_addr" [../ip/ip6/conv_bn_relu.cpp:155]   --->   Operation 1000 'load' 'local_conv_kernel_blk_11_load' <Predicate = true> <Delay = 2.77> <CoreInst = "RAM">   --->   Core 82 'RAM' <Latency = 1> <II = 1> <Delay = 2.77> <Storage> <Opcode : 'load' 'store'> <Ports = 2> <Width = 32> <Depth = 64> <RAM>
ST_142 : Operation 1001 [1/1] (1.29ns)   --->   "%br_ln170 = br void %for.inc230" [../ip/ip6/conv_bn_relu.cpp:170]   --->   Operation 1001 'br' 'br_ln170' <Predicate = true> <Delay = 1.29>

State 143 <SV = 54> <Delay = 6.67>
ST_143 : Operation 1002 [1/1] (0.00ns)   --->   "%kw_2 = phi i8 %add_ln170, void %for.inc230.split, i8 0, void %VITIS_LOOP_170_17.split" [../ip/ip6/conv_bn_relu.cpp:170]   --->   Operation 1002 'phi' 'kw_2' <Predicate = true> <Delay = 0.00>
ST_143 : Operation 1003 [1/1] (0.00ns)   --->   "%sum_7 = phi i64 %sum_6, void %for.inc230.split, i64 %sum_5, void %VITIS_LOOP_170_17.split"   --->   Operation 1003 'phi' 'sum_7' <Predicate = true> <Delay = 0.00>
ST_143 : Operation 1004 [1/1] (0.00ns)   --->   "%trunc_ln1027_7 = trunc i8 %kw_2"   --->   Operation 1004 'trunc' 'trunc_ln1027_7' <Predicate = true> <Delay = 0.00>
ST_143 : Operation 1005 [1/1] (1.31ns)   --->   "%icmp_ln1027_19 = icmp_eq  i8 %kw_2, i8 %kernel_size_read"   --->   Operation 1005 'icmp' 'icmp_ln1027_19' <Predicate = true> <Delay = 1.31> <CoreInst = "Cmp">   --->   Core 9 'Cmp' <Latency = 0> <II = 1> <Delay = 1.31> <FuncUnit> <Opcode : 'icmp'> <InPorts = 2> <OutPorts = 1>
ST_143 : Operation 1006 [1/1] (0.00ns)   --->   "%empty_201 = speclooptripcount i32 @_ssdm_op_SpecLoopTripCount, i64 0, i64 255, i64 0"   --->   Operation 1006 'speclooptripcount' 'empty_201' <Predicate = true> <Delay = 0.00>
ST_143 : Operation 1007 [1/1] (1.30ns)   --->   "%add_ln170 = add i8 %kw_2, i8 1" [../ip/ip6/conv_bn_relu.cpp:170]   --->   Operation 1007 'add' 'add_ln170' <Predicate = true> <Delay = 1.30> <CoreInst = "Adder">   --->   Core 1 'Adder' <Latency = 0> <II = 1> <Delay = 1.30> <FuncUnit> <Opcode : 'add' 'sub'> <InPorts = 2> <OutPorts = 1>
ST_143 : Operation 1008 [1/1] (0.00ns)   --->   "%br_ln170 = br i1 %icmp_ln1027_19, void %for.inc230.split, void %for.inc233" [../ip/ip6/conv_bn_relu.cpp:170]   --->   Operation 1008 'br' 'br_ln170' <Predicate = true> <Delay = 0.00>
ST_143 : Operation 1009 [1/1] (1.28ns)   --->   "%add_ln172 = add i6 %trunc_ln1027_7, i6 %empty_189" [../ip/ip6/conv_bn_relu.cpp:172]   --->   Operation 1009 'add' 'add_ln172' <Predicate = (!icmp_ln1027_19)> <Delay = 1.28> <CoreInst = "Adder">   --->   Core 1 'Adder' <Latency = 0> <II = 1> <Delay = 1.28> <FuncUnit> <Opcode : 'add' 'sub'> <InPorts = 2> <OutPorts = 1>
ST_143 : Operation 1010 [1/1] (0.00ns)   --->   "%zext_ln172_2 = zext i6 %add_ln172" [../ip/ip6/conv_bn_relu.cpp:172]   --->   Operation 1010 'zext' 'zext_ln172_2' <Predicate = (!icmp_ln1027_19)> <Delay = 0.00>
ST_143 : Operation 1011 [1/1] (1.31ns)   --->   "%add_ln172_1 = add i8 %sub_ln172_cast706, i8 %zext_ln172_2" [../ip/ip6/conv_bn_relu.cpp:172]   --->   Operation 1011 'add' 'add_ln172_1' <Predicate = (!icmp_ln1027_19)> <Delay = 1.31> <CoreInst = "Adder">   --->   Core 1 'Adder' <Latency = 0> <II = 1> <Delay = 1.31> <FuncUnit> <Opcode : 'add' 'sub'> <InPorts = 2> <OutPorts = 1>
ST_143 : Operation 1012 [1/1] (0.00ns) (grouped into LUT with out node add_ln172_2)   --->   "%shl_ln172 = shl i8 %add_ln172_1, i8 2" [../ip/ip6/conv_bn_relu.cpp:172]   --->   Operation 1012 'shl' 'shl_ln172' <Predicate = (!icmp_ln1027_19)> <Delay = 0.00>
ST_143 : Operation 1013 [1/1] (1.30ns) (out node of the LUT)   --->   "%add_ln172_2 = add i8 %shl_ln172, i8 %tmp_28" [../ip/ip6/conv_bn_relu.cpp:172]   --->   Operation 1013 'add' 'add_ln172_2' <Predicate = (!icmp_ln1027_19)> <Delay = 1.30> <CoreInst = "Adder">   --->   Core 1 'Adder' <Latency = 0> <II = 1> <Delay = 1.30> <FuncUnit> <Opcode : 'add' 'sub'> <InPorts = 2> <OutPorts = 1>
ST_143 : Operation 1014 [1/1] (0.00ns)   --->   "%zext_ln172_3 = zext i8 %add_ln172_2" [../ip/ip6/conv_bn_relu.cpp:172]   --->   Operation 1014 'zext' 'zext_ln172_3' <Predicate = (!icmp_ln1027_19)> <Delay = 0.00>
ST_143 : Operation 1015 [1/1] (0.00ns)   --->   "%local_feature_in_blk_addr = getelementptr i32 %local_feature_in_blk, i64 0, i64 %zext_ln172_3" [../ip/ip6/conv_bn_relu.cpp:172]   --->   Operation 1015 'getelementptr' 'local_feature_in_blk_addr' <Predicate = (!icmp_ln1027_19)> <Delay = 0.00>
ST_143 : Operation 1016 [1/1] (0.00ns)   --->   "%local_feature_in_blk_1_addr = getelementptr i32 %local_feature_in_blk_1, i64 0, i64 %zext_ln172_3" [../ip/ip6/conv_bn_relu.cpp:172]   --->   Operation 1016 'getelementptr' 'local_feature_in_blk_1_addr' <Predicate = (!icmp_ln1027_19)> <Delay = 0.00>
ST_143 : Operation 1017 [2/2] (2.77ns)   --->   "%local_feature_in_blk_load = load i8 %local_feature_in_blk_addr" [../ip/ip6/conv_bn_relu.cpp:172]   --->   Operation 1017 'load' 'local_feature_in_blk_load' <Predicate = (!icmp_ln1027_19)> <Delay = 2.77> <CoreInst = "RAM">   --->   Core 82 'RAM' <Latency = 1> <II = 1> <Delay = 2.77> <Storage> <Opcode : 'load' 'store'> <Ports = 2> <Width = 32> <Depth = 144> <RAM>
ST_143 : Operation 1018 [2/2] (2.77ns)   --->   "%local_feature_in_blk_1_load = load i8 %local_feature_in_blk_1_addr" [../ip/ip6/conv_bn_relu.cpp:172]   --->   Operation 1018 'load' 'local_feature_in_blk_1_load' <Predicate = (!icmp_ln1027_19)> <Delay = 2.77> <CoreInst = "RAM">   --->   Core 82 'RAM' <Latency = 1> <II = 1> <Delay = 2.77> <Storage> <Opcode : 'load' 'store'> <Ports = 2> <Width = 32> <Depth = 144> <RAM>
ST_143 : Operation 1019 [1/1] (0.00ns)   --->   "%trunc_ln173 = trunc i8 %kw_2" [../ip/ip6/conv_bn_relu.cpp:173]   --->   Operation 1019 'trunc' 'trunc_ln173' <Predicate = (!icmp_ln1027_19)> <Delay = 0.00>
ST_143 : Operation 1020 [1/1] (1.32ns)   --->   "%tmp_8 = mux i32 @_ssdm_op_Mux.ap_auto.3f32.i2, i32 %local_conv_kernel_blk_load, i32 %local_conv_kernel_blk_1_load, i32 %local_conv_kernel_blk_2_load, i2 %trunc_ln173" [../ip/ip6/conv_bn_relu.cpp:173]   --->   Operation 1020 'mux' 'tmp_8' <Predicate = (!icmp_ln1027_19)> <Delay = 1.32> <CoreInst = "Multiplexer">   --->   Core 76 'Multiplexer' <Latency = 0> <II = 1> <Delay = 1.32> <FuncUnit> <Opcode : 'mux'> <InPorts = 2> <OutPorts = 1>
ST_143 : Operation 1021 [1/1] (1.32ns)   --->   "%tmp_9 = mux i32 @_ssdm_op_Mux.ap_auto.3f32.i2, i32 %local_conv_kernel_blk_3_load, i32 %local_conv_kernel_blk_4_load, i32 %local_conv_kernel_blk_5_load, i2 %trunc_ln173" [../ip/ip6/conv_bn_relu.cpp:173]   --->   Operation 1021 'mux' 'tmp_9' <Predicate = (!icmp_ln1027_19)> <Delay = 1.32> <CoreInst = "Multiplexer">   --->   Core 76 'Multiplexer' <Latency = 0> <II = 1> <Delay = 1.32> <FuncUnit> <Opcode : 'mux'> <InPorts = 2> <OutPorts = 1>
ST_143 : Operation 1022 [1/1] (1.29ns)   --->   "%tmp_s = mux i32 @_ssdm_op_Mux.ap_auto.2f32.i1, i32 %tmp_8, i32 %tmp_9, i1 %empty_200" [../ip/ip6/conv_bn_relu.cpp:173]   --->   Operation 1022 'mux' 'tmp_s' <Predicate = (!icmp_ln1027_19)> <Delay = 1.29> <CoreInst = "Multiplexer">   --->   Core 76 'Multiplexer' <Latency = 0> <II = 1> <Delay = 1.29> <FuncUnit> <Opcode : 'mux'> <InPorts = 2> <OutPorts = 1>
ST_143 : Operation 1023 [1/1] (1.32ns)   --->   "%tmp_10 = mux i32 @_ssdm_op_Mux.ap_auto.3f32.i2, i32 %local_conv_kernel_blk_6_load, i32 %local_conv_kernel_blk_7_load, i32 %local_conv_kernel_blk_8_load, i2 %trunc_ln173" [../ip/ip6/conv_bn_relu.cpp:173]   --->   Operation 1023 'mux' 'tmp_10' <Predicate = (!icmp_ln1027_19)> <Delay = 1.32> <CoreInst = "Multiplexer">   --->   Core 76 'Multiplexer' <Latency = 0> <II = 1> <Delay = 1.32> <FuncUnit> <Opcode : 'mux'> <InPorts = 2> <OutPorts = 1>
ST_143 : Operation 1024 [1/1] (1.32ns)   --->   "%tmp_11 = mux i32 @_ssdm_op_Mux.ap_auto.3f32.i2, i32 %local_conv_kernel_blk_9_load, i32 %local_conv_kernel_blk_10_load, i32 %local_conv_kernel_blk_11_load, i2 %trunc_ln173" [../ip/ip6/conv_bn_relu.cpp:173]   --->   Operation 1024 'mux' 'tmp_11' <Predicate = (!icmp_ln1027_19)> <Delay = 1.32> <CoreInst = "Multiplexer">   --->   Core 76 'Multiplexer' <Latency = 0> <II = 1> <Delay = 1.32> <FuncUnit> <Opcode : 'mux'> <InPorts = 2> <OutPorts = 1>
ST_143 : Operation 1025 [1/1] (1.29ns)   --->   "%tmp_12 = mux i32 @_ssdm_op_Mux.ap_auto.2f32.i1, i32 %tmp_10, i32 %tmp_11, i1 %empty_200" [../ip/ip6/conv_bn_relu.cpp:173]   --->   Operation 1025 'mux' 'tmp_12' <Predicate = (!icmp_ln1027_19)> <Delay = 1.29> <CoreInst = "Multiplexer">   --->   Core 76 'Multiplexer' <Latency = 0> <II = 1> <Delay = 1.29> <FuncUnit> <Opcode : 'mux'> <InPorts = 2> <OutPorts = 1>
ST_143 : Operation 1026 [1/1] (1.29ns)   --->   "%tmp_13 = mux i32 @_ssdm_op_Mux.ap_auto.2f32.i1, i32 %tmp_s, i32 %tmp_12, i1 %empty_191" [../ip/ip6/conv_bn_relu.cpp:173]   --->   Operation 1026 'mux' 'tmp_13' <Predicate = (!icmp_ln1027_19)> <Delay = 1.29> <CoreInst = "Multiplexer">   --->   Core 76 'Multiplexer' <Latency = 0> <II = 1> <Delay = 1.29> <FuncUnit> <Opcode : 'mux'> <InPorts = 2> <OutPorts = 1>
ST_143 : Operation 1027 [1/1] (0.00ns)   --->   "%br_ln169 = br void %VITIS_LOOP_170_17" [../ip/ip6/conv_bn_relu.cpp:169]   --->   Operation 1027 'br' 'br_ln169' <Predicate = (icmp_ln1027_19)> <Delay = 0.00>

State 144 <SV = 55> <Delay = 7.22>
ST_144 : Operation 1028 [1/2] (2.77ns)   --->   "%local_feature_in_blk_load = load i8 %local_feature_in_blk_addr" [../ip/ip6/conv_bn_relu.cpp:172]   --->   Operation 1028 'load' 'local_feature_in_blk_load' <Predicate = true> <Delay = 2.77> <CoreInst = "RAM">   --->   Core 82 'RAM' <Latency = 1> <II = 1> <Delay = 2.77> <Storage> <Opcode : 'load' 'store'> <Ports = 2> <Width = 32> <Depth = 144> <RAM>
ST_144 : Operation 1029 [1/2] (2.77ns)   --->   "%local_feature_in_blk_1_load = load i8 %local_feature_in_blk_1_addr" [../ip/ip6/conv_bn_relu.cpp:172]   --->   Operation 1029 'load' 'local_feature_in_blk_1_load' <Predicate = true> <Delay = 2.77> <CoreInst = "RAM">   --->   Core 82 'RAM' <Latency = 1> <II = 1> <Delay = 2.77> <Storage> <Opcode : 'load' 'store'> <Ports = 2> <Width = 32> <Depth = 144> <RAM>
ST_144 : Operation 1030 [1/1] (1.29ns)   --->   "%tmp_7 = mux i32 @_ssdm_op_Mux.ap_auto.2f32.i1, i32 %local_feature_in_blk_load, i32 %local_feature_in_blk_1_load, i1 %empty_196" [../ip/ip6/conv_bn_relu.cpp:172]   --->   Operation 1030 'mux' 'tmp_7' <Predicate = true> <Delay = 1.29> <CoreInst = "Multiplexer">   --->   Core 76 'Multiplexer' <Latency = 0> <II = 1> <Delay = 1.29> <FuncUnit> <Opcode : 'mux'> <InPorts = 2> <OutPorts = 1>
ST_144 : Operation 1031 [2/2] (3.15ns)   --->   "%conv2 = fpext i32 %tmp_7" [../ip/ip6/conv_bn_relu.cpp:172]   --->   Operation 1031 'fpext' 'conv2' <Predicate = true> <Delay = 3.15> <CoreInst = "Float2Double">   --->   Core 64 'Float2Double' <Latency = 1> <II = 1> <Delay = 3.15> <FuncUnit> <Opcode : 'fpext'> <InPorts = 1> <OutPorts = 1>
ST_144 : Operation 1032 [2/2] (3.15ns)   --->   "%conv3 = fpext i32 %tmp_13" [../ip/ip6/conv_bn_relu.cpp:173]   --->   Operation 1032 'fpext' 'conv3' <Predicate = true> <Delay = 3.15> <CoreInst = "Float2Double">   --->   Core 64 'Float2Double' <Latency = 1> <II = 1> <Delay = 3.15> <FuncUnit> <Opcode : 'fpext'> <InPorts = 1> <OutPorts = 1>

State 145 <SV = 56> <Delay = 3.15>
ST_145 : Operation 1033 [1/2] (3.15ns)   --->   "%conv2 = fpext i32 %tmp_7" [../ip/ip6/conv_bn_relu.cpp:172]   --->   Operation 1033 'fpext' 'conv2' <Predicate = true> <Delay = 3.15> <CoreInst = "Float2Double">   --->   Core 64 'Float2Double' <Latency = 1> <II = 1> <Delay = 3.15> <FuncUnit> <Opcode : 'fpext'> <InPorts = 1> <OutPorts = 1>
ST_145 : Operation 1034 [1/2] (3.15ns)   --->   "%conv3 = fpext i32 %tmp_13" [../ip/ip6/conv_bn_relu.cpp:173]   --->   Operation 1034 'fpext' 'conv3' <Predicate = true> <Delay = 3.15> <CoreInst = "Float2Double">   --->   Core 64 'Float2Double' <Latency = 1> <II = 1> <Delay = 3.15> <FuncUnit> <Opcode : 'fpext'> <InPorts = 1> <OutPorts = 1>

State 146 <SV = 57> <Delay = 6.54>
ST_146 : Operation 1035 [6/6] (6.54ns)   --->   "%mul5 = dmul i64 %conv2, i64 %conv3" [../ip/ip6/conv_bn_relu.cpp:172]   --->   Operation 1035 'dmul' 'mul5' <Predicate = true> <Delay = 6.54> <CoreInst = "DMul_maxdsp">   --->   Core 49 'DMul_maxdsp' <Latency = 5> <II = 1> <Delay = 6.54> <FuncUnit> <Opcode : 'dmul'> <InPorts = 2> <OutPorts = 1>

State 147 <SV = 58> <Delay = 6.54>
ST_147 : Operation 1036 [5/6] (6.54ns)   --->   "%mul5 = dmul i64 %conv2, i64 %conv3" [../ip/ip6/conv_bn_relu.cpp:172]   --->   Operation 1036 'dmul' 'mul5' <Predicate = true> <Delay = 6.54> <CoreInst = "DMul_maxdsp">   --->   Core 49 'DMul_maxdsp' <Latency = 5> <II = 1> <Delay = 6.54> <FuncUnit> <Opcode : 'dmul'> <InPorts = 2> <OutPorts = 1>

State 148 <SV = 59> <Delay = 6.54>
ST_148 : Operation 1037 [4/6] (6.54ns)   --->   "%mul5 = dmul i64 %conv2, i64 %conv3" [../ip/ip6/conv_bn_relu.cpp:172]   --->   Operation 1037 'dmul' 'mul5' <Predicate = true> <Delay = 6.54> <CoreInst = "DMul_maxdsp">   --->   Core 49 'DMul_maxdsp' <Latency = 5> <II = 1> <Delay = 6.54> <FuncUnit> <Opcode : 'dmul'> <InPorts = 2> <OutPorts = 1>

State 149 <SV = 60> <Delay = 6.54>
ST_149 : Operation 1038 [3/6] (6.54ns)   --->   "%mul5 = dmul i64 %conv2, i64 %conv3" [../ip/ip6/conv_bn_relu.cpp:172]   --->   Operation 1038 'dmul' 'mul5' <Predicate = true> <Delay = 6.54> <CoreInst = "DMul_maxdsp">   --->   Core 49 'DMul_maxdsp' <Latency = 5> <II = 1> <Delay = 6.54> <FuncUnit> <Opcode : 'dmul'> <InPorts = 2> <OutPorts = 1>

State 150 <SV = 61> <Delay = 6.54>
ST_150 : Operation 1039 [2/6] (6.54ns)   --->   "%mul5 = dmul i64 %conv2, i64 %conv3" [../ip/ip6/conv_bn_relu.cpp:172]   --->   Operation 1039 'dmul' 'mul5' <Predicate = true> <Delay = 6.54> <CoreInst = "DMul_maxdsp">   --->   Core 49 'DMul_maxdsp' <Latency = 5> <II = 1> <Delay = 6.54> <FuncUnit> <Opcode : 'dmul'> <InPorts = 2> <OutPorts = 1>

State 151 <SV = 62> <Delay = 6.54>
ST_151 : Operation 1040 [1/6] (6.54ns)   --->   "%mul5 = dmul i64 %conv2, i64 %conv3" [../ip/ip6/conv_bn_relu.cpp:172]   --->   Operation 1040 'dmul' 'mul5' <Predicate = true> <Delay = 6.54> <CoreInst = "DMul_maxdsp">   --->   Core 49 'DMul_maxdsp' <Latency = 5> <II = 1> <Delay = 6.54> <FuncUnit> <Opcode : 'dmul'> <InPorts = 2> <OutPorts = 1>

State 152 <SV = 63> <Delay = 6.14>
ST_152 : Operation 1041 [7/7] (6.14ns)   --->   "%sum_6 = dadd i64 %sum_7, i64 %mul5" [../ip/ip6/conv_bn_relu.cpp:172]   --->   Operation 1041 'dadd' 'sum_6' <Predicate = true> <Delay = 6.14> <CoreInst = "DAddSub_fulldsp">   --->   Core 37 'DAddSub_fulldsp' <Latency = 6> <II = 1> <Delay = 6.14> <FuncUnit> <Opcode : 'dadd' 'dsub'> <InPorts = 2> <OutPorts = 1>

State 153 <SV = 64> <Delay = 6.14>
ST_153 : Operation 1042 [6/7] (6.14ns)   --->   "%sum_6 = dadd i64 %sum_7, i64 %mul5" [../ip/ip6/conv_bn_relu.cpp:172]   --->   Operation 1042 'dadd' 'sum_6' <Predicate = true> <Delay = 6.14> <CoreInst = "DAddSub_fulldsp">   --->   Core 37 'DAddSub_fulldsp' <Latency = 6> <II = 1> <Delay = 6.14> <FuncUnit> <Opcode : 'dadd' 'dsub'> <InPorts = 2> <OutPorts = 1>

State 154 <SV = 65> <Delay = 6.14>
ST_154 : Operation 1043 [5/7] (6.14ns)   --->   "%sum_6 = dadd i64 %sum_7, i64 %mul5" [../ip/ip6/conv_bn_relu.cpp:172]   --->   Operation 1043 'dadd' 'sum_6' <Predicate = true> <Delay = 6.14> <CoreInst = "DAddSub_fulldsp">   --->   Core 37 'DAddSub_fulldsp' <Latency = 6> <II = 1> <Delay = 6.14> <FuncUnit> <Opcode : 'dadd' 'dsub'> <InPorts = 2> <OutPorts = 1>

State 155 <SV = 66> <Delay = 6.14>
ST_155 : Operation 1044 [4/7] (6.14ns)   --->   "%sum_6 = dadd i64 %sum_7, i64 %mul5" [../ip/ip6/conv_bn_relu.cpp:172]   --->   Operation 1044 'dadd' 'sum_6' <Predicate = true> <Delay = 6.14> <CoreInst = "DAddSub_fulldsp">   --->   Core 37 'DAddSub_fulldsp' <Latency = 6> <II = 1> <Delay = 6.14> <FuncUnit> <Opcode : 'dadd' 'dsub'> <InPorts = 2> <OutPorts = 1>

State 156 <SV = 67> <Delay = 6.14>
ST_156 : Operation 1045 [3/7] (6.14ns)   --->   "%sum_6 = dadd i64 %sum_7, i64 %mul5" [../ip/ip6/conv_bn_relu.cpp:172]   --->   Operation 1045 'dadd' 'sum_6' <Predicate = true> <Delay = 6.14> <CoreInst = "DAddSub_fulldsp">   --->   Core 37 'DAddSub_fulldsp' <Latency = 6> <II = 1> <Delay = 6.14> <FuncUnit> <Opcode : 'dadd' 'dsub'> <InPorts = 2> <OutPorts = 1>

State 157 <SV = 68> <Delay = 6.14>
ST_157 : Operation 1046 [2/7] (6.14ns)   --->   "%sum_6 = dadd i64 %sum_7, i64 %mul5" [../ip/ip6/conv_bn_relu.cpp:172]   --->   Operation 1046 'dadd' 'sum_6' <Predicate = true> <Delay = 6.14> <CoreInst = "DAddSub_fulldsp">   --->   Core 37 'DAddSub_fulldsp' <Latency = 6> <II = 1> <Delay = 6.14> <FuncUnit> <Opcode : 'dadd' 'dsub'> <InPorts = 2> <OutPorts = 1>

State 158 <SV = 69> <Delay = 6.14>
ST_158 : Operation 1047 [1/1] (0.00ns)   --->   "%specloopname_ln158 = specloopname void @_ssdm_op_SpecLoopName, void @empty_23" [../ip/ip6/conv_bn_relu.cpp:158]   --->   Operation 1047 'specloopname' 'specloopname_ln158' <Predicate = true> <Delay = 0.00>
ST_158 : Operation 1048 [1/7] (6.14ns)   --->   "%sum_6 = dadd i64 %sum_7, i64 %mul5" [../ip/ip6/conv_bn_relu.cpp:172]   --->   Operation 1048 'dadd' 'sum_6' <Predicate = true> <Delay = 6.14> <CoreInst = "DAddSub_fulldsp">   --->   Core 37 'DAddSub_fulldsp' <Latency = 6> <II = 1> <Delay = 6.14> <FuncUnit> <Opcode : 'dadd' 'dsub'> <InPorts = 2> <OutPorts = 1>
ST_158 : Operation 1049 [1/1] (0.00ns)   --->   "%br_ln170 = br void %for.inc230" [../ip/ip6/conv_bn_relu.cpp:170]   --->   Operation 1049 'br' 'br_ln170' <Predicate = true> <Delay = 0.00>

State 159 <SV = 52> <Delay = 7.30>
ST_159 : Operation 1050 [7/7] (7.30ns)   --->   "%gmem3_load_6_req = readreq i1 @_ssdm_op_ReadReq.m_axi.i32P1A, i32 %gmem3_addr_4, i32 1" [../ip/ip6/conv_bn_relu.cpp:179]   --->   Operation 1050 'readreq' 'gmem3_load_6_req' <Predicate = true> <Delay = 7.30> <CoreInst = "m_axi">   --->   Core 113 'm_axi' <Latency = 0> <II = 1> <Delay = 1.00> <Adapter> <Opcode : 'read' 'write' 'readreq' 'writereq' 'writeresp'>

State 160 <SV = 53> <Delay = 7.30>
ST_160 : Operation 1051 [6/7] (7.30ns)   --->   "%gmem3_load_6_req = readreq i1 @_ssdm_op_ReadReq.m_axi.i32P1A, i32 %gmem3_addr_4, i32 1" [../ip/ip6/conv_bn_relu.cpp:179]   --->   Operation 1051 'readreq' 'gmem3_load_6_req' <Predicate = true> <Delay = 7.30> <CoreInst = "m_axi">   --->   Core 113 'm_axi' <Latency = 0> <II = 1> <Delay = 1.00> <Adapter> <Opcode : 'read' 'write' 'readreq' 'writereq' 'writeresp'>
ST_160 : Operation 1052 [7/7] (7.30ns)   --->   "%gmem3_load_7_req = readreq i1 @_ssdm_op_ReadReq.m_axi.i32P1A, i32 %gmem3_addr_5, i32 1" [../ip/ip6/conv_bn_relu.cpp:181]   --->   Operation 1052 'readreq' 'gmem3_load_7_req' <Predicate = true> <Delay = 7.30> <CoreInst = "m_axi">   --->   Core 113 'm_axi' <Latency = 0> <II = 1> <Delay = 1.00> <Adapter> <Opcode : 'read' 'write' 'readreq' 'writereq' 'writeresp'>

State 161 <SV = 54> <Delay = 7.30>
ST_161 : Operation 1053 [5/7] (7.30ns)   --->   "%gmem3_load_6_req = readreq i1 @_ssdm_op_ReadReq.m_axi.i32P1A, i32 %gmem3_addr_4, i32 1" [../ip/ip6/conv_bn_relu.cpp:179]   --->   Operation 1053 'readreq' 'gmem3_load_6_req' <Predicate = true> <Delay = 7.30> <CoreInst = "m_axi">   --->   Core 113 'm_axi' <Latency = 0> <II = 1> <Delay = 1.00> <Adapter> <Opcode : 'read' 'write' 'readreq' 'writereq' 'writeresp'>
ST_161 : Operation 1054 [6/7] (7.30ns)   --->   "%gmem3_load_7_req = readreq i1 @_ssdm_op_ReadReq.m_axi.i32P1A, i32 %gmem3_addr_5, i32 1" [../ip/ip6/conv_bn_relu.cpp:181]   --->   Operation 1054 'readreq' 'gmem3_load_7_req' <Predicate = true> <Delay = 7.30> <CoreInst = "m_axi">   --->   Core 113 'm_axi' <Latency = 0> <II = 1> <Delay = 1.00> <Adapter> <Opcode : 'read' 'write' 'readreq' 'writereq' 'writeresp'>

State 162 <SV = 55> <Delay = 7.30>
ST_162 : Operation 1055 [4/7] (7.30ns)   --->   "%gmem3_load_6_req = readreq i1 @_ssdm_op_ReadReq.m_axi.i32P1A, i32 %gmem3_addr_4, i32 1" [../ip/ip6/conv_bn_relu.cpp:179]   --->   Operation 1055 'readreq' 'gmem3_load_6_req' <Predicate = true> <Delay = 7.30> <CoreInst = "m_axi">   --->   Core 113 'm_axi' <Latency = 0> <II = 1> <Delay = 1.00> <Adapter> <Opcode : 'read' 'write' 'readreq' 'writereq' 'writeresp'>
ST_162 : Operation 1056 [5/7] (7.30ns)   --->   "%gmem3_load_7_req = readreq i1 @_ssdm_op_ReadReq.m_axi.i32P1A, i32 %gmem3_addr_5, i32 1" [../ip/ip6/conv_bn_relu.cpp:181]   --->   Operation 1056 'readreq' 'gmem3_load_7_req' <Predicate = true> <Delay = 7.30> <CoreInst = "m_axi">   --->   Core 113 'm_axi' <Latency = 0> <II = 1> <Delay = 1.00> <Adapter> <Opcode : 'read' 'write' 'readreq' 'writereq' 'writeresp'>

State 163 <SV = 56> <Delay = 7.30>
ST_163 : Operation 1057 [3/7] (7.30ns)   --->   "%gmem3_load_6_req = readreq i1 @_ssdm_op_ReadReq.m_axi.i32P1A, i32 %gmem3_addr_4, i32 1" [../ip/ip6/conv_bn_relu.cpp:179]   --->   Operation 1057 'readreq' 'gmem3_load_6_req' <Predicate = true> <Delay = 7.30> <CoreInst = "m_axi">   --->   Core 113 'm_axi' <Latency = 0> <II = 1> <Delay = 1.00> <Adapter> <Opcode : 'read' 'write' 'readreq' 'writereq' 'writeresp'>
ST_163 : Operation 1058 [4/7] (7.30ns)   --->   "%gmem3_load_7_req = readreq i1 @_ssdm_op_ReadReq.m_axi.i32P1A, i32 %gmem3_addr_5, i32 1" [../ip/ip6/conv_bn_relu.cpp:181]   --->   Operation 1058 'readreq' 'gmem3_load_7_req' <Predicate = true> <Delay = 7.30> <CoreInst = "m_axi">   --->   Core 113 'm_axi' <Latency = 0> <II = 1> <Delay = 1.00> <Adapter> <Opcode : 'read' 'write' 'readreq' 'writereq' 'writeresp'>

State 164 <SV = 57> <Delay = 7.30>
ST_164 : Operation 1059 [2/7] (7.30ns)   --->   "%gmem3_load_6_req = readreq i1 @_ssdm_op_ReadReq.m_axi.i32P1A, i32 %gmem3_addr_4, i32 1" [../ip/ip6/conv_bn_relu.cpp:179]   --->   Operation 1059 'readreq' 'gmem3_load_6_req' <Predicate = true> <Delay = 7.30> <CoreInst = "m_axi">   --->   Core 113 'm_axi' <Latency = 0> <II = 1> <Delay = 1.00> <Adapter> <Opcode : 'read' 'write' 'readreq' 'writereq' 'writeresp'>
ST_164 : Operation 1060 [3/7] (7.30ns)   --->   "%gmem3_load_7_req = readreq i1 @_ssdm_op_ReadReq.m_axi.i32P1A, i32 %gmem3_addr_5, i32 1" [../ip/ip6/conv_bn_relu.cpp:181]   --->   Operation 1060 'readreq' 'gmem3_load_7_req' <Predicate = true> <Delay = 7.30> <CoreInst = "m_axi">   --->   Core 113 'm_axi' <Latency = 0> <II = 1> <Delay = 1.00> <Adapter> <Opcode : 'read' 'write' 'readreq' 'writereq' 'writeresp'>

State 165 <SV = 58> <Delay = 7.30>
ST_165 : Operation 1061 [1/7] (7.30ns)   --->   "%gmem3_load_6_req = readreq i1 @_ssdm_op_ReadReq.m_axi.i32P1A, i32 %gmem3_addr_4, i32 1" [../ip/ip6/conv_bn_relu.cpp:179]   --->   Operation 1061 'readreq' 'gmem3_load_6_req' <Predicate = true> <Delay = 7.30> <CoreInst = "m_axi">   --->   Core 113 'm_axi' <Latency = 0> <II = 1> <Delay = 1.00> <Adapter> <Opcode : 'read' 'write' 'readreq' 'writereq' 'writeresp'>
ST_165 : Operation 1062 [2/7] (7.30ns)   --->   "%gmem3_load_7_req = readreq i1 @_ssdm_op_ReadReq.m_axi.i32P1A, i32 %gmem3_addr_5, i32 1" [../ip/ip6/conv_bn_relu.cpp:181]   --->   Operation 1062 'readreq' 'gmem3_load_7_req' <Predicate = true> <Delay = 7.30> <CoreInst = "m_axi">   --->   Core 113 'm_axi' <Latency = 0> <II = 1> <Delay = 1.00> <Adapter> <Opcode : 'read' 'write' 'readreq' 'writereq' 'writeresp'>

State 166 <SV = 59> <Delay = 7.30>
ST_166 : Operation 1063 [1/1] (7.30ns)   --->   "%gmem3_addr_4_read = read i32 @_ssdm_op_Read.m_axi.i32P1A, i32 %gmem3_addr_4" [../ip/ip6/conv_bn_relu.cpp:179]   --->   Operation 1063 'read' 'gmem3_addr_4_read' <Predicate = true> <Delay = 7.30> <CoreInst = "m_axi">   --->   Core 113 'm_axi' <Latency = 0> <II = 1> <Delay = 1.00> <Adapter> <Opcode : 'read' 'write' 'readreq' 'writereq' 'writeresp'>
ST_166 : Operation 1064 [1/7] (7.30ns)   --->   "%gmem3_load_7_req = readreq i1 @_ssdm_op_ReadReq.m_axi.i32P1A, i32 %gmem3_addr_5, i32 1" [../ip/ip6/conv_bn_relu.cpp:181]   --->   Operation 1064 'readreq' 'gmem3_load_7_req' <Predicate = true> <Delay = 7.30> <CoreInst = "m_axi">   --->   Core 113 'm_axi' <Latency = 0> <II = 1> <Delay = 1.00> <Adapter> <Opcode : 'read' 'write' 'readreq' 'writereq' 'writeresp'>

State 167 <SV = 60> <Delay = 3.15>
ST_167 : Operation 1065 [1/1] (0.00ns)   --->   "%bitcast_ln179 = bitcast i32 %gmem3_addr_4_read" [../ip/ip6/conv_bn_relu.cpp:179]   --->   Operation 1065 'bitcast' 'bitcast_ln179' <Predicate = true> <Delay = 0.00>
ST_167 : Operation 1066 [2/2] (3.15ns)   --->   "%conv = fpext i32 %bitcast_ln179" [../ip/ip6/conv_bn_relu.cpp:179]   --->   Operation 1066 'fpext' 'conv' <Predicate = true> <Delay = 3.15> <CoreInst = "Float2Double">   --->   Core 64 'Float2Double' <Latency = 1> <II = 1> <Delay = 3.15> <FuncUnit> <Opcode : 'fpext'> <InPorts = 1> <OutPorts = 1>

State 168 <SV = 61> <Delay = 3.15>
ST_168 : Operation 1067 [1/2] (3.15ns)   --->   "%conv = fpext i32 %bitcast_ln179" [../ip/ip6/conv_bn_relu.cpp:179]   --->   Operation 1067 'fpext' 'conv' <Predicate = true> <Delay = 3.15> <CoreInst = "Float2Double">   --->   Core 64 'Float2Double' <Latency = 1> <II = 1> <Delay = 3.15> <FuncUnit> <Opcode : 'fpext'> <InPorts = 1> <OutPorts = 1>

State 169 <SV = 62> <Delay = 6.14>
ST_169 : Operation 1068 [7/7] (6.14ns)   --->   "%val_3 = dsub i64 %sum_4, i64 %conv" [../ip/ip6/conv_bn_relu.cpp:179]   --->   Operation 1068 'dsub' 'val_3' <Predicate = true> <Delay = 6.14> <CoreInst = "DAddSub_fulldsp">   --->   Core 37 'DAddSub_fulldsp' <Latency = 6> <II = 1> <Delay = 6.14> <FuncUnit> <Opcode : 'dadd' 'dsub'> <InPorts = 2> <OutPorts = 1>

State 170 <SV = 63> <Delay = 6.14>
ST_170 : Operation 1069 [6/7] (6.14ns)   --->   "%val_3 = dsub i64 %sum_4, i64 %conv" [../ip/ip6/conv_bn_relu.cpp:179]   --->   Operation 1069 'dsub' 'val_3' <Predicate = true> <Delay = 6.14> <CoreInst = "DAddSub_fulldsp">   --->   Core 37 'DAddSub_fulldsp' <Latency = 6> <II = 1> <Delay = 6.14> <FuncUnit> <Opcode : 'dadd' 'dsub'> <InPorts = 2> <OutPorts = 1>

State 171 <SV = 64> <Delay = 6.14>
ST_171 : Operation 1070 [5/7] (6.14ns)   --->   "%val_3 = dsub i64 %sum_4, i64 %conv" [../ip/ip6/conv_bn_relu.cpp:179]   --->   Operation 1070 'dsub' 'val_3' <Predicate = true> <Delay = 6.14> <CoreInst = "DAddSub_fulldsp">   --->   Core 37 'DAddSub_fulldsp' <Latency = 6> <II = 1> <Delay = 6.14> <FuncUnit> <Opcode : 'dadd' 'dsub'> <InPorts = 2> <OutPorts = 1>

State 172 <SV = 65> <Delay = 6.14>
ST_172 : Operation 1071 [4/7] (6.14ns)   --->   "%val_3 = dsub i64 %sum_4, i64 %conv" [../ip/ip6/conv_bn_relu.cpp:179]   --->   Operation 1071 'dsub' 'val_3' <Predicate = true> <Delay = 6.14> <CoreInst = "DAddSub_fulldsp">   --->   Core 37 'DAddSub_fulldsp' <Latency = 6> <II = 1> <Delay = 6.14> <FuncUnit> <Opcode : 'dadd' 'dsub'> <InPorts = 2> <OutPorts = 1>

State 173 <SV = 66> <Delay = 6.14>
ST_173 : Operation 1072 [3/7] (6.14ns)   --->   "%val_3 = dsub i64 %sum_4, i64 %conv" [../ip/ip6/conv_bn_relu.cpp:179]   --->   Operation 1072 'dsub' 'val_3' <Predicate = true> <Delay = 6.14> <CoreInst = "DAddSub_fulldsp">   --->   Core 37 'DAddSub_fulldsp' <Latency = 6> <II = 1> <Delay = 6.14> <FuncUnit> <Opcode : 'dadd' 'dsub'> <InPorts = 2> <OutPorts = 1>

State 174 <SV = 67> <Delay = 6.14>
ST_174 : Operation 1073 [2/7] (6.14ns)   --->   "%val_3 = dsub i64 %sum_4, i64 %conv" [../ip/ip6/conv_bn_relu.cpp:179]   --->   Operation 1073 'dsub' 'val_3' <Predicate = true> <Delay = 6.14> <CoreInst = "DAddSub_fulldsp">   --->   Core 37 'DAddSub_fulldsp' <Latency = 6> <II = 1> <Delay = 6.14> <FuncUnit> <Opcode : 'dadd' 'dsub'> <InPorts = 2> <OutPorts = 1>
ST_174 : Operation 1074 [1/1] (0.00ns)   --->   "%zext_ln180 = zext i7 %lshr_ln5" [../ip/ip6/conv_bn_relu.cpp:180]   --->   Operation 1074 'zext' 'zext_ln180' <Predicate = true> <Delay = 0.00>
ST_174 : Operation 1075 [1/1] (0.00ns)   --->   "%bn_params_3_addr = getelementptr i64 %bn_params_3, i64 0, i64 %zext_ln180" [../ip/ip6/conv_bn_relu.cpp:180]   --->   Operation 1075 'getelementptr' 'bn_params_3_addr' <Predicate = true> <Delay = 0.00>
ST_174 : Operation 1076 [2/2] (2.77ns)   --->   "%bn_params_3_load = load i7 %bn_params_3_addr" [../ip/ip6/conv_bn_relu.cpp:180]   --->   Operation 1076 'load' 'bn_params_3_load' <Predicate = true> <Delay = 2.77> <CoreInst = "RAM">   --->   Core 82 'RAM' <Latency = 1> <II = 1> <Delay = 2.77> <Storage> <Opcode : 'load' 'store'> <Ports = 2> <Width = 64> <Depth = 128> <RAM>
ST_174 : Operation 1077 [1/1] (0.00ns)   --->   "%bn_params_2_addr = getelementptr i64 %bn_params_2, i64 0, i64 %zext_ln180" [../ip/ip6/conv_bn_relu.cpp:180]   --->   Operation 1077 'getelementptr' 'bn_params_2_addr' <Predicate = true> <Delay = 0.00>
ST_174 : Operation 1078 [2/2] (2.77ns)   --->   "%bn_params_2_load = load i7 %bn_params_2_addr" [../ip/ip6/conv_bn_relu.cpp:180]   --->   Operation 1078 'load' 'bn_params_2_load' <Predicate = true> <Delay = 2.77> <CoreInst = "RAM">   --->   Core 82 'RAM' <Latency = 1> <II = 1> <Delay = 2.77> <Storage> <Opcode : 'load' 'store'> <Ports = 2> <Width = 64> <Depth = 128> <RAM>
ST_174 : Operation 1079 [1/1] (0.00ns)   --->   "%bn_params_1_addr = getelementptr i64 %bn_params_1, i64 0, i64 %zext_ln180" [../ip/ip6/conv_bn_relu.cpp:180]   --->   Operation 1079 'getelementptr' 'bn_params_1_addr' <Predicate = true> <Delay = 0.00>
ST_174 : Operation 1080 [2/2] (2.77ns)   --->   "%bn_params_1_load = load i7 %bn_params_1_addr" [../ip/ip6/conv_bn_relu.cpp:180]   --->   Operation 1080 'load' 'bn_params_1_load' <Predicate = true> <Delay = 2.77> <CoreInst = "RAM">   --->   Core 82 'RAM' <Latency = 1> <II = 1> <Delay = 2.77> <Storage> <Opcode : 'load' 'store'> <Ports = 2> <Width = 64> <Depth = 128> <RAM>
ST_174 : Operation 1081 [1/1] (0.00ns)   --->   "%bn_params_addr = getelementptr i64 %bn_params, i64 0, i64 %zext_ln180" [../ip/ip6/conv_bn_relu.cpp:180]   --->   Operation 1081 'getelementptr' 'bn_params_addr' <Predicate = true> <Delay = 0.00>
ST_174 : Operation 1082 [2/2] (2.77ns)   --->   "%bn_params_load = load i7 %bn_params_addr" [../ip/ip6/conv_bn_relu.cpp:180]   --->   Operation 1082 'load' 'bn_params_load' <Predicate = true> <Delay = 2.77> <CoreInst = "RAM">   --->   Core 82 'RAM' <Latency = 1> <II = 1> <Delay = 2.77> <Storage> <Opcode : 'load' 'store'> <Ports = 2> <Width = 64> <Depth = 128> <RAM>

State 175 <SV = 68> <Delay = 6.14>
ST_175 : Operation 1083 [1/7] (6.14ns)   --->   "%val_3 = dsub i64 %sum_4, i64 %conv" [../ip/ip6/conv_bn_relu.cpp:179]   --->   Operation 1083 'dsub' 'val_3' <Predicate = true> <Delay = 6.14> <CoreInst = "DAddSub_fulldsp">   --->   Core 37 'DAddSub_fulldsp' <Latency = 6> <II = 1> <Delay = 6.14> <FuncUnit> <Opcode : 'dadd' 'dsub'> <InPorts = 2> <OutPorts = 1>
ST_175 : Operation 1084 [1/2] (2.77ns)   --->   "%bn_params_3_load = load i7 %bn_params_3_addr" [../ip/ip6/conv_bn_relu.cpp:180]   --->   Operation 1084 'load' 'bn_params_3_load' <Predicate = true> <Delay = 2.77> <CoreInst = "RAM">   --->   Core 82 'RAM' <Latency = 1> <II = 1> <Delay = 2.77> <Storage> <Opcode : 'load' 'store'> <Ports = 2> <Width = 64> <Depth = 128> <RAM>
ST_175 : Operation 1085 [1/2] (2.77ns)   --->   "%bn_params_2_load = load i7 %bn_params_2_addr" [../ip/ip6/conv_bn_relu.cpp:180]   --->   Operation 1085 'load' 'bn_params_2_load' <Predicate = true> <Delay = 2.77> <CoreInst = "RAM">   --->   Core 82 'RAM' <Latency = 1> <II = 1> <Delay = 2.77> <Storage> <Opcode : 'load' 'store'> <Ports = 2> <Width = 64> <Depth = 128> <RAM>
ST_175 : Operation 1086 [1/2] (2.77ns)   --->   "%bn_params_1_load = load i7 %bn_params_1_addr" [../ip/ip6/conv_bn_relu.cpp:180]   --->   Operation 1086 'load' 'bn_params_1_load' <Predicate = true> <Delay = 2.77> <CoreInst = "RAM">   --->   Core 82 'RAM' <Latency = 1> <II = 1> <Delay = 2.77> <Storage> <Opcode : 'load' 'store'> <Ports = 2> <Width = 64> <Depth = 128> <RAM>
ST_175 : Operation 1087 [1/2] (2.77ns)   --->   "%bn_params_load = load i7 %bn_params_addr" [../ip/ip6/conv_bn_relu.cpp:180]   --->   Operation 1087 'load' 'bn_params_load' <Predicate = true> <Delay = 2.77> <CoreInst = "RAM">   --->   Core 82 'RAM' <Latency = 1> <II = 1> <Delay = 2.77> <Storage> <Opcode : 'load' 'store'> <Ports = 2> <Width = 64> <Depth = 128> <RAM>
ST_175 : Operation 1088 [1/1] (1.35ns)   --->   "%tmp_6 = mux i64 @_ssdm_op_Mux.ap_auto.4f64.i2, i64 %bn_params_3_load, i64 %bn_params_2_load, i64 %bn_params_1_load, i64 %bn_params_load, i2 %trunc_ln180" [../ip/ip6/conv_bn_relu.cpp:180]   --->   Operation 1088 'mux' 'tmp_6' <Predicate = true> <Delay = 1.35> <CoreInst = "Multiplexer">   --->   Core 76 'Multiplexer' <Latency = 0> <II = 1> <Delay = 1.35> <FuncUnit> <Opcode : 'mux'> <InPorts = 2> <OutPorts = 1>

State 176 <SV = 69> <Delay = 6.54>
ST_176 : Operation 1089 [6/6] (6.54ns)   --->   "%val_4 = dmul i64 %val_3, i64 %tmp_6" [../ip/ip6/conv_bn_relu.cpp:180]   --->   Operation 1089 'dmul' 'val_4' <Predicate = true> <Delay = 6.54> <CoreInst = "DMul_maxdsp">   --->   Core 49 'DMul_maxdsp' <Latency = 5> <II = 1> <Delay = 6.54> <FuncUnit> <Opcode : 'dmul'> <InPorts = 2> <OutPorts = 1>

State 177 <SV = 70> <Delay = 6.54>
ST_177 : Operation 1090 [5/6] (6.54ns)   --->   "%val_4 = dmul i64 %val_3, i64 %tmp_6" [../ip/ip6/conv_bn_relu.cpp:180]   --->   Operation 1090 'dmul' 'val_4' <Predicate = true> <Delay = 6.54> <CoreInst = "DMul_maxdsp">   --->   Core 49 'DMul_maxdsp' <Latency = 5> <II = 1> <Delay = 6.54> <FuncUnit> <Opcode : 'dmul'> <InPorts = 2> <OutPorts = 1>

State 178 <SV = 71> <Delay = 6.54>
ST_178 : Operation 1091 [4/6] (6.54ns)   --->   "%val_4 = dmul i64 %val_3, i64 %tmp_6" [../ip/ip6/conv_bn_relu.cpp:180]   --->   Operation 1091 'dmul' 'val_4' <Predicate = true> <Delay = 6.54> <CoreInst = "DMul_maxdsp">   --->   Core 49 'DMul_maxdsp' <Latency = 5> <II = 1> <Delay = 6.54> <FuncUnit> <Opcode : 'dmul'> <InPorts = 2> <OutPorts = 1>

State 179 <SV = 72> <Delay = 7.30>
ST_179 : Operation 1092 [3/6] (6.54ns)   --->   "%val_4 = dmul i64 %val_3, i64 %tmp_6" [../ip/ip6/conv_bn_relu.cpp:180]   --->   Operation 1092 'dmul' 'val_4' <Predicate = true> <Delay = 6.54> <CoreInst = "DMul_maxdsp">   --->   Core 49 'DMul_maxdsp' <Latency = 5> <II = 1> <Delay = 6.54> <FuncUnit> <Opcode : 'dmul'> <InPorts = 2> <OutPorts = 1>
ST_179 : Operation 1093 [1/1] (7.30ns)   --->   "%gmem3_addr_5_read = read i32 @_ssdm_op_Read.m_axi.i32P1A, i32 %gmem3_addr_5" [../ip/ip6/conv_bn_relu.cpp:181]   --->   Operation 1093 'read' 'gmem3_addr_5_read' <Predicate = true> <Delay = 7.30> <CoreInst = "m_axi">   --->   Core 113 'm_axi' <Latency = 0> <II = 1> <Delay = 1.00> <Adapter> <Opcode : 'read' 'write' 'readreq' 'writereq' 'writeresp'>

State 180 <SV = 73> <Delay = 6.54>
ST_180 : Operation 1094 [2/6] (6.54ns)   --->   "%val_4 = dmul i64 %val_3, i64 %tmp_6" [../ip/ip6/conv_bn_relu.cpp:180]   --->   Operation 1094 'dmul' 'val_4' <Predicate = true> <Delay = 6.54> <CoreInst = "DMul_maxdsp">   --->   Core 49 'DMul_maxdsp' <Latency = 5> <II = 1> <Delay = 6.54> <FuncUnit> <Opcode : 'dmul'> <InPorts = 2> <OutPorts = 1>
ST_180 : Operation 1095 [1/1] (0.00ns)   --->   "%bitcast_ln181 = bitcast i32 %gmem3_addr_5_read" [../ip/ip6/conv_bn_relu.cpp:181]   --->   Operation 1095 'bitcast' 'bitcast_ln181' <Predicate = true> <Delay = 0.00>
ST_180 : Operation 1096 [2/2] (3.15ns)   --->   "%conv1 = fpext i32 %bitcast_ln181" [../ip/ip6/conv_bn_relu.cpp:181]   --->   Operation 1096 'fpext' 'conv1' <Predicate = true> <Delay = 3.15> <CoreInst = "Float2Double">   --->   Core 64 'Float2Double' <Latency = 1> <II = 1> <Delay = 3.15> <FuncUnit> <Opcode : 'fpext'> <InPorts = 1> <OutPorts = 1>

State 181 <SV = 74> <Delay = 6.54>
ST_181 : Operation 1097 [1/6] (6.54ns)   --->   "%val_4 = dmul i64 %val_3, i64 %tmp_6" [../ip/ip6/conv_bn_relu.cpp:180]   --->   Operation 1097 'dmul' 'val_4' <Predicate = true> <Delay = 6.54> <CoreInst = "DMul_maxdsp">   --->   Core 49 'DMul_maxdsp' <Latency = 5> <II = 1> <Delay = 6.54> <FuncUnit> <Opcode : 'dmul'> <InPorts = 2> <OutPorts = 1>
ST_181 : Operation 1098 [1/2] (3.15ns)   --->   "%conv1 = fpext i32 %bitcast_ln181" [../ip/ip6/conv_bn_relu.cpp:181]   --->   Operation 1098 'fpext' 'conv1' <Predicate = true> <Delay = 3.15> <CoreInst = "Float2Double">   --->   Core 64 'Float2Double' <Latency = 1> <II = 1> <Delay = 3.15> <FuncUnit> <Opcode : 'fpext'> <InPorts = 1> <OutPorts = 1>

State 182 <SV = 75> <Delay = 6.14>
ST_182 : Operation 1099 [7/7] (6.14ns)   --->   "%val_5 = dadd i64 %val_4, i64 %conv1" [../ip/ip6/conv_bn_relu.cpp:181]   --->   Operation 1099 'dadd' 'val_5' <Predicate = true> <Delay = 6.14> <CoreInst = "DAddSub_fulldsp">   --->   Core 37 'DAddSub_fulldsp' <Latency = 6> <II = 1> <Delay = 6.14> <FuncUnit> <Opcode : 'dadd' 'dsub'> <InPorts = 2> <OutPorts = 1>

State 183 <SV = 76> <Delay = 6.14>
ST_183 : Operation 1100 [6/7] (6.14ns)   --->   "%val_5 = dadd i64 %val_4, i64 %conv1" [../ip/ip6/conv_bn_relu.cpp:181]   --->   Operation 1100 'dadd' 'val_5' <Predicate = true> <Delay = 6.14> <CoreInst = "DAddSub_fulldsp">   --->   Core 37 'DAddSub_fulldsp' <Latency = 6> <II = 1> <Delay = 6.14> <FuncUnit> <Opcode : 'dadd' 'dsub'> <InPorts = 2> <OutPorts = 1>

State 184 <SV = 77> <Delay = 6.14>
ST_184 : Operation 1101 [5/7] (6.14ns)   --->   "%val_5 = dadd i64 %val_4, i64 %conv1" [../ip/ip6/conv_bn_relu.cpp:181]   --->   Operation 1101 'dadd' 'val_5' <Predicate = true> <Delay = 6.14> <CoreInst = "DAddSub_fulldsp">   --->   Core 37 'DAddSub_fulldsp' <Latency = 6> <II = 1> <Delay = 6.14> <FuncUnit> <Opcode : 'dadd' 'dsub'> <InPorts = 2> <OutPorts = 1>

State 185 <SV = 78> <Delay = 6.14>
ST_185 : Operation 1102 [4/7] (6.14ns)   --->   "%val_5 = dadd i64 %val_4, i64 %conv1" [../ip/ip6/conv_bn_relu.cpp:181]   --->   Operation 1102 'dadd' 'val_5' <Predicate = true> <Delay = 6.14> <CoreInst = "DAddSub_fulldsp">   --->   Core 37 'DAddSub_fulldsp' <Latency = 6> <II = 1> <Delay = 6.14> <FuncUnit> <Opcode : 'dadd' 'dsub'> <InPorts = 2> <OutPorts = 1>

State 186 <SV = 79> <Delay = 6.14>
ST_186 : Operation 1103 [3/7] (6.14ns)   --->   "%val_5 = dadd i64 %val_4, i64 %conv1" [../ip/ip6/conv_bn_relu.cpp:181]   --->   Operation 1103 'dadd' 'val_5' <Predicate = true> <Delay = 6.14> <CoreInst = "DAddSub_fulldsp">   --->   Core 37 'DAddSub_fulldsp' <Latency = 6> <II = 1> <Delay = 6.14> <FuncUnit> <Opcode : 'dadd' 'dsub'> <InPorts = 2> <OutPorts = 1>

State 187 <SV = 80> <Delay = 6.14>
ST_187 : Operation 1104 [2/7] (6.14ns)   --->   "%val_5 = dadd i64 %val_4, i64 %conv1" [../ip/ip6/conv_bn_relu.cpp:181]   --->   Operation 1104 'dadd' 'val_5' <Predicate = true> <Delay = 6.14> <CoreInst = "DAddSub_fulldsp">   --->   Core 37 'DAddSub_fulldsp' <Latency = 6> <II = 1> <Delay = 6.14> <FuncUnit> <Opcode : 'dadd' 'dsub'> <InPorts = 2> <OutPorts = 1>

State 188 <SV = 81> <Delay = 6.14>
ST_188 : Operation 1105 [1/7] (6.14ns)   --->   "%val_5 = dadd i64 %val_4, i64 %conv1" [../ip/ip6/conv_bn_relu.cpp:181]   --->   Operation 1105 'dadd' 'val_5' <Predicate = true> <Delay = 6.14> <CoreInst = "DAddSub_fulldsp">   --->   Core 37 'DAddSub_fulldsp' <Latency = 6> <II = 1> <Delay = 6.14> <FuncUnit> <Opcode : 'dadd' 'dsub'> <InPorts = 2> <OutPorts = 1>

State 189 <SV = 82> <Delay = 4.35>
ST_189 : Operation 1106 [2/2] (4.35ns)   --->   "%bn_val_1 = fptrunc i64 %val_5" [../ip/ip6/conv_bn_relu.cpp:184]   --->   Operation 1106 'fptrunc' 'bn_val_1' <Predicate = true> <Delay = 4.35> <CoreInst = "Double2Float">   --->   Core 67 'Double2Float' <Latency = 1> <II = 1> <Delay = 4.35> <FuncUnit> <Opcode : 'fptrunc'> <InPorts = 1> <OutPorts = 1>

State 190 <SV = 83> <Delay = 4.35>
ST_190 : Operation 1107 [1/2] (4.35ns)   --->   "%bn_val_1 = fptrunc i64 %val_5" [../ip/ip6/conv_bn_relu.cpp:184]   --->   Operation 1107 'fptrunc' 'bn_val_1' <Predicate = true> <Delay = 4.35> <CoreInst = "Double2Float">   --->   Core 67 'Double2Float' <Latency = 1> <II = 1> <Delay = 4.35> <FuncUnit> <Opcode : 'fptrunc'> <InPorts = 1> <OutPorts = 1>

State 191 <SV = 84> <Delay = 4.19>
ST_191 : Operation 1108 [2/2] (4.19ns)   --->   "%tmp_15 = fcmp_olt  i32 %bn_val_1, i32 0" [../ip/ip6/conv_bn_relu.cpp:185]   --->   Operation 1108 'fcmp' 'tmp_15' <Predicate = true> <Delay = 4.19> <CoreInst = "FCompare">   --->   Core 19 'FCompare' <Latency = 1> <II = 1> <Delay = 4.19> <FuncUnit> <Opcode : 'fcmp'> <InPorts = 2> <OutPorts = 1>

State 192 <SV = 85> <Delay = 4.99>
ST_192 : Operation 1109 [1/1] (0.00ns)   --->   "%bitcast_ln189 = bitcast i32 %bn_val_1" [../ip/ip6/conv_bn_relu.cpp:189]   --->   Operation 1109 'bitcast' 'bitcast_ln189' <Predicate = true> <Delay = 0.00>
ST_192 : Operation 1110 [1/1] (0.00ns)   --->   "%tmp_14 = partselect i8 @_ssdm_op_PartSelect.i8.i32.i32.i32, i32 %bitcast_ln189, i32 23, i32 30" [../ip/ip6/conv_bn_relu.cpp:185]   --->   Operation 1110 'partselect' 'tmp_14' <Predicate = true> <Delay = 0.00>
ST_192 : Operation 1111 [1/1] (0.00ns)   --->   "%trunc_ln185 = trunc i32 %bitcast_ln189" [../ip/ip6/conv_bn_relu.cpp:185]   --->   Operation 1111 'trunc' 'trunc_ln185' <Predicate = true> <Delay = 0.00>
ST_192 : Operation 1112 [1/1] (1.31ns)   --->   "%icmp_ln185 = icmp_ne  i8 %tmp_14, i8 255" [../ip/ip6/conv_bn_relu.cpp:185]   --->   Operation 1112 'icmp' 'icmp_ln185' <Predicate = true> <Delay = 1.31> <CoreInst = "Cmp">   --->   Core 9 'Cmp' <Latency = 0> <II = 1> <Delay = 1.31> <FuncUnit> <Opcode : 'icmp'> <InPorts = 2> <OutPorts = 1>
ST_192 : Operation 1113 [1/1] (2.02ns)   --->   "%icmp_ln185_1 = icmp_eq  i23 %trunc_ln185, i23 0" [../ip/ip6/conv_bn_relu.cpp:185]   --->   Operation 1113 'icmp' 'icmp_ln185_1' <Predicate = true> <Delay = 2.02> <CoreInst = "Cmp">   --->   Core 9 'Cmp' <Latency = 0> <II = 1> <Delay = 2.02> <FuncUnit> <Opcode : 'icmp'> <InPorts = 2> <OutPorts = 1>
ST_192 : Operation 1114 [1/1] (0.00ns) (grouped into LUT with out node select_ln189)   --->   "%or_ln185 = or i1 %icmp_ln185_1, i1 %icmp_ln185" [../ip/ip6/conv_bn_relu.cpp:185]   --->   Operation 1114 'or' 'or_ln185' <Predicate = true> <Delay = 0.00> <CoreInst = "LogicGate">   --->   Core 74 'LogicGate' <Latency = 0> <II = 1> <Delay = 0.80> <FuncUnit> <Opcode : 'and' 'or' 'xor'> <InPorts = 2> <OutPorts = 1>
ST_192 : Operation 1115 [1/2] (4.19ns)   --->   "%tmp_15 = fcmp_olt  i32 %bn_val_1, i32 0" [../ip/ip6/conv_bn_relu.cpp:185]   --->   Operation 1115 'fcmp' 'tmp_15' <Predicate = true> <Delay = 4.19> <CoreInst = "FCompare">   --->   Core 19 'FCompare' <Latency = 1> <II = 1> <Delay = 4.19> <FuncUnit> <Opcode : 'fcmp'> <InPorts = 2> <OutPorts = 1>
ST_192 : Operation 1116 [1/1] (0.00ns) (grouped into LUT with out node select_ln189)   --->   "%and_ln185 = and i1 %or_ln185, i1 %tmp_15" [../ip/ip6/conv_bn_relu.cpp:185]   --->   Operation 1116 'and' 'and_ln185' <Predicate = true> <Delay = 0.00> <CoreInst = "LogicGate">   --->   Core 74 'LogicGate' <Latency = 0> <II = 1> <Delay = 0.80> <FuncUnit> <Opcode : 'and' 'or' 'xor'> <InPorts = 2> <OutPorts = 1>
ST_192 : Operation 1117 [1/1] (0.80ns) (out node of the LUT)   --->   "%select_ln189 = select i1 %and_ln185, i32 0, i32 %bitcast_ln189" [../ip/ip6/conv_bn_relu.cpp:189]   --->   Operation 1117 'select' 'select_ln189' <Predicate = true> <Delay = 0.80> <CoreInst = "Sel">   --->   Core 73 'Sel' <Latency = 0> <II = 1> <Delay = 0.70> <FuncUnit> <Opcode : 'select'> <InPorts = 3> <OutPorts = 1>

State 193 <SV = 86> <Delay = 7.30>
ST_193 : Operation 1118 [1/1] (7.30ns)   --->   "%write_ln189 = write void @_ssdm_op_Write.m_axi.p1i32, i32 %gmem0_addr_1, i32 %select_ln189, i4 15" [../ip/ip6/conv_bn_relu.cpp:189]   --->   Operation 1118 'write' 'write_ln189' <Predicate = true> <Delay = 7.30> <CoreInst = "m_axi">   --->   Core 113 'm_axi' <Latency = 0> <II = 1> <Delay = 1.00> <Adapter> <Opcode : 'read' 'write' 'readreq' 'writereq' 'writeresp'>
ST_193 : Operation 1119 [1/1] (0.00ns)   --->   "%br_ln155 = br void %VITIS_LOOP_168_15" [../ip/ip6/conv_bn_relu.cpp:155]   --->   Operation 1119 'br' 'br_ln155' <Predicate = true> <Delay = 0.00>

State 194 <SV = 51> <Delay = 7.30>
ST_194 : Operation 1120 [5/5] (7.30ns)   --->   "%empty_192 = writeresp i1 @_ssdm_op_WriteResp.m_axi.p1i32, i32 %gmem0_addr_1" [../ip/ip6/conv_bn_relu.cpp:154]   --->   Operation 1120 'writeresp' 'empty_192' <Predicate = true> <Delay = 7.30> <CoreInst = "m_axi">   --->   Core 113 'm_axi' <Latency = 0> <II = 1> <Delay = 1.00> <Adapter> <Opcode : 'read' 'write' 'readreq' 'writereq' 'writeresp'>

State 195 <SV = 52> <Delay = 7.30>
ST_195 : Operation 1121 [4/5] (7.30ns)   --->   "%empty_192 = writeresp i1 @_ssdm_op_WriteResp.m_axi.p1i32, i32 %gmem0_addr_1" [../ip/ip6/conv_bn_relu.cpp:154]   --->   Operation 1121 'writeresp' 'empty_192' <Predicate = true> <Delay = 7.30> <CoreInst = "m_axi">   --->   Core 113 'm_axi' <Latency = 0> <II = 1> <Delay = 1.00> <Adapter> <Opcode : 'read' 'write' 'readreq' 'writereq' 'writeresp'>

State 196 <SV = 53> <Delay = 7.30>
ST_196 : Operation 1122 [3/5] (7.30ns)   --->   "%empty_192 = writeresp i1 @_ssdm_op_WriteResp.m_axi.p1i32, i32 %gmem0_addr_1" [../ip/ip6/conv_bn_relu.cpp:154]   --->   Operation 1122 'writeresp' 'empty_192' <Predicate = true> <Delay = 7.30> <CoreInst = "m_axi">   --->   Core 113 'm_axi' <Latency = 0> <II = 1> <Delay = 1.00> <Adapter> <Opcode : 'read' 'write' 'readreq' 'writereq' 'writeresp'>

State 197 <SV = 54> <Delay = 7.30>
ST_197 : Operation 1123 [2/5] (7.30ns)   --->   "%empty_192 = writeresp i1 @_ssdm_op_WriteResp.m_axi.p1i32, i32 %gmem0_addr_1" [../ip/ip6/conv_bn_relu.cpp:154]   --->   Operation 1123 'writeresp' 'empty_192' <Predicate = true> <Delay = 7.30> <CoreInst = "m_axi">   --->   Core 113 'm_axi' <Latency = 0> <II = 1> <Delay = 1.00> <Adapter> <Opcode : 'read' 'write' 'readreq' 'writereq' 'writeresp'>

State 198 <SV = 55> <Delay = 7.30>
ST_198 : Operation 1124 [1/5] (7.30ns)   --->   "%empty_192 = writeresp i1 @_ssdm_op_WriteResp.m_axi.p1i32, i32 %gmem0_addr_1" [../ip/ip6/conv_bn_relu.cpp:154]   --->   Operation 1124 'writeresp' 'empty_192' <Predicate = true> <Delay = 7.30> <CoreInst = "m_axi">   --->   Core 113 'm_axi' <Latency = 0> <II = 1> <Delay = 1.00> <Adapter> <Opcode : 'read' 'write' 'readreq' 'writereq' 'writeresp'>
ST_198 : Operation 1125 [1/1] (0.00ns)   --->   "%br_ln154 = br void %VITIS_LOOP_155_14" [../ip/ip6/conv_bn_relu.cpp:154]   --->   Operation 1125 'br' 'br_ln154' <Predicate = true> <Delay = 0.00>


============================================================
+ Verbose Summary: Timing violations
============================================================
Target clock period: 10ns, clock uncertainty: 2.7ns.

 <State 1>: 6.16ns
The critical path consists of the following:
	wire read operation ('H_in_read') on port 'H_in' [37]  (0 ns)
	'add' operation ('add_ln1496') [68]  (1.54 ns)
	'sub' operation ('sub_ln1513') [71]  (1.55 ns)
	'sdiv' operation ('sdiv_ln1513') [73]  (3.06 ns)

 <State 2>: 3.06ns
The critical path consists of the following:
	'sdiv' operation ('sdiv_ln1513') [73]  (3.06 ns)

 <State 3>: 3.06ns
The critical path consists of the following:
	'sdiv' operation ('sdiv_ln1513') [73]  (3.06 ns)

 <State 4>: 3.06ns
The critical path consists of the following:
	'sdiv' operation ('sdiv_ln1513') [73]  (3.06 ns)

 <State 5>: 3.06ns
The critical path consists of the following:
	'sdiv' operation ('sdiv_ln1513') [73]  (3.06 ns)

 <State 6>: 3.06ns
The critical path consists of the following:
	'sdiv' operation ('sdiv_ln1513') [73]  (3.06 ns)

 <State 7>: 3.06ns
The critical path consists of the following:
	'sdiv' operation ('sdiv_ln1513') [73]  (3.06 ns)

 <State 8>: 3.06ns
The critical path consists of the following:
	'sdiv' operation ('sdiv_ln1513') [73]  (3.06 ns)

 <State 9>: 3.06ns
The critical path consists of the following:
	'sdiv' operation ('sdiv_ln1513') [73]  (3.06 ns)

 <State 10>: 3.06ns
The critical path consists of the following:
	'sdiv' operation ('sdiv_ln1513') [73]  (3.06 ns)

 <State 11>: 3.06ns
The critical path consists of the following:
	'sdiv' operation ('sdiv_ln1513') [73]  (3.06 ns)

 <State 12>: 3.06ns
The critical path consists of the following:
	'sdiv' operation ('sdiv_ln1513') [73]  (3.06 ns)

 <State 13>: 3.06ns
The critical path consists of the following:
	'sdiv' operation ('sdiv_ln1513') [73]  (3.06 ns)

 <State 14>: 3.06ns
The critical path consists of the following:
	'sdiv' operation ('sdiv_ln1513') [73]  (3.06 ns)

 <State 15>: 3.06ns
The critical path consists of the following:
	'sdiv' operation ('sdiv_ln1513') [73]  (3.06 ns)

 <State 16>: 3.06ns
The critical path consists of the following:
	'sdiv' operation ('sdiv_ln1513') [73]  (3.06 ns)

 <State 17>: 3.06ns
The critical path consists of the following:
	'sdiv' operation ('sdiv_ln1513') [73]  (3.06 ns)

 <State 18>: 3.06ns
The critical path consists of the following:
	'sdiv' operation ('sdiv_ln1513') [73]  (3.06 ns)

 <State 19>: 3.06ns
The critical path consists of the following:
	'sdiv' operation ('sdiv_ln1513') [73]  (3.06 ns)

 <State 20>: 3.06ns
The critical path consists of the following:
	'sdiv' operation ('sdiv_ln1513') [73]  (3.06 ns)

 <State 21>: 3.06ns
The critical path consists of the following:
	'sdiv' operation ('sdiv_ln1513') [73]  (3.06 ns)

 <State 22>: 4.61ns
The critical path consists of the following:
	'sdiv' operation ('sdiv_ln1513') [73]  (3.06 ns)
	'add' operation ('H_out.V') [75]  (1.54 ns)

 <State 23>: 4.24ns
The critical path consists of the following:
	'mul' operation ('mul_ln213', ../ip/ip6/conv_bn_relu.cpp:213) [97]  (3.61 ns)
	'select' operation ('empty_167', ../ip/ip6/conv_bn_relu.cpp:213) [99]  (0.627 ns)

 <State 24>: 4.57ns
The critical path consists of the following:
	'load' operation ('h_out_blk', ../ip/ip6/conv_bn_relu.cpp:215) on local variable 'h_out' [106]  (0 ns)
	'add' operation ('h_out_blk', ../ip/ip6/conv_bn_relu.cpp:215) [111]  (1.9 ns)
	'icmp' operation ('icmp_ln215', ../ip/ip6/conv_bn_relu.cpp:215) [112]  (1.97 ns)
	'select' operation ('h_out_end', ../ip/ip6/conv_bn_relu.cpp:215) [113]  (0.705 ns)

 <State 25>: 4.57ns
The critical path consists of the following:
	'phi' operation ('w_out_blk') with incoming values : ('w_out_blk', ../ip/ip6/conv_bn_relu.cpp:221) [116]  (0 ns)
	'add' operation ('w_out_blk', ../ip/ip6/conv_bn_relu.cpp:221) [121]  (1.9 ns)
	'icmp' operation ('icmp_ln221', ../ip/ip6/conv_bn_relu.cpp:221) [122]  (1.97 ns)
	'select' operation ('w_out_end', ../ip/ip6/conv_bn_relu.cpp:221) [123]  (0.705 ns)

 <State 26>: 2.69ns
The critical path consists of the following:
	'phi' operation ('phi_mul') with incoming values : ('add_ln1027_8') [127]  (0 ns)
	'add' operation ('add_ln225', ../ip/ip6/conv_bn_relu.cpp:225) [139]  (2.69 ns)

 <State 27>: 7.3ns
The critical path consists of the following:
	bus request operation ('empty_172', ../ip/ip6/conv_bn_relu.cpp:235) on port 'gmem2' (../ip/ip6/conv_bn_relu.cpp:235) [143]  (7.3 ns)

 <State 28>: 7.3ns
The critical path consists of the following:
	bus request operation ('empty_172', ../ip/ip6/conv_bn_relu.cpp:235) on port 'gmem2' (../ip/ip6/conv_bn_relu.cpp:235) [143]  (7.3 ns)

 <State 29>: 7.3ns
The critical path consists of the following:
	bus request operation ('empty_172', ../ip/ip6/conv_bn_relu.cpp:235) on port 'gmem2' (../ip/ip6/conv_bn_relu.cpp:235) [143]  (7.3 ns)

 <State 30>: 7.3ns
The critical path consists of the following:
	bus request operation ('empty_172', ../ip/ip6/conv_bn_relu.cpp:235) on port 'gmem2' (../ip/ip6/conv_bn_relu.cpp:235) [143]  (7.3 ns)

 <State 31>: 7.3ns
The critical path consists of the following:
	bus request operation ('empty_172', ../ip/ip6/conv_bn_relu.cpp:235) on port 'gmem2' (../ip/ip6/conv_bn_relu.cpp:235) [143]  (7.3 ns)

 <State 32>: 7.3ns
The critical path consists of the following:
	bus request operation ('empty_172', ../ip/ip6/conv_bn_relu.cpp:235) on port 'gmem2' (../ip/ip6/conv_bn_relu.cpp:235) [143]  (7.3 ns)

 <State 33>: 7.3ns
The critical path consists of the following:
	bus request operation ('empty_172', ../ip/ip6/conv_bn_relu.cpp:235) on port 'gmem2' (../ip/ip6/conv_bn_relu.cpp:235) [143]  (7.3 ns)

 <State 34>: 2.69ns
The critical path consists of the following:
	'add' operation ('empty_175', ../ip/ip6/conv_bn_relu.cpp:225) [203]  (2.69 ns)

 <State 35>: 1.31ns
The critical path consists of the following:
	'phi' operation ('kw', ../ip/ip6/conv_bn_relu.cpp:236) with incoming values : ('add_ln236', ../ip/ip6/conv_bn_relu.cpp:236) [158]  (0 ns)
	'icmp' operation ('icmp_ln1027_10') [159]  (1.31 ns)

 <State 36>: 7.3ns
The critical path consists of the following:
	bus read operation ('gmem2_addr_read', ../ip/ip6/conv_bn_relu.cpp:238) on port 'gmem2' (../ip/ip6/conv_bn_relu.cpp:238) [165]  (7.3 ns)

 <State 37>: 1.75ns
The critical path consists of the following:
	'getelementptr' operation ('local_kernel12_addr', ../ip/ip6/conv_bn_relu.cpp:238) [173]  (0 ns)
	'store' operation ('store_ln238', ../ip/ip6/conv_bn_relu.cpp:238) of variable 'bitcast_ln238', ../ip/ip6/conv_bn_relu.cpp:238 on array 'local_kernel', ../ip/ip6/conv_bn_relu.cpp:231 [179]  (1.75 ns)

 <State 38>: 7.3ns
The critical path consists of the following:
	bus request operation ('gmem3_load_4_req', ../ip/ip6/conv_bn_relu.cpp:225) on port 'gmem3' (../ip/ip6/conv_bn_relu.cpp:225) [222]  (7.3 ns)

 <State 39>: 7.3ns
The critical path consists of the following:
	bus request operation ('gmem3_load_4_req', ../ip/ip6/conv_bn_relu.cpp:225) on port 'gmem3' (../ip/ip6/conv_bn_relu.cpp:225) [222]  (7.3 ns)

 <State 40>: 7.3ns
The critical path consists of the following:
	bus request operation ('gmem3_load_4_req', ../ip/ip6/conv_bn_relu.cpp:225) on port 'gmem3' (../ip/ip6/conv_bn_relu.cpp:225) [222]  (7.3 ns)

 <State 41>: 7.3ns
The critical path consists of the following:
	bus request operation ('gmem3_load_4_req', ../ip/ip6/conv_bn_relu.cpp:225) on port 'gmem3' (../ip/ip6/conv_bn_relu.cpp:225) [222]  (7.3 ns)

 <State 42>: 7.3ns
The critical path consists of the following:
	bus request operation ('gmem3_load_4_req', ../ip/ip6/conv_bn_relu.cpp:225) on port 'gmem3' (../ip/ip6/conv_bn_relu.cpp:225) [222]  (7.3 ns)

 <State 43>: 7.3ns
The critical path consists of the following:
	bus request operation ('gmem3_load_4_req', ../ip/ip6/conv_bn_relu.cpp:225) on port 'gmem3' (../ip/ip6/conv_bn_relu.cpp:225) [222]  (7.3 ns)

 <State 44>: 7.3ns
The critical path consists of the following:
	bus request operation ('gmem3_load_4_req', ../ip/ip6/conv_bn_relu.cpp:225) on port 'gmem3' (../ip/ip6/conv_bn_relu.cpp:225) [222]  (7.3 ns)

 <State 45>: 7.3ns
The critical path consists of the following:
	bus read operation ('gmem3_addr_read', ../ip/ip6/conv_bn_relu.cpp:225) on port 'gmem3' (../ip/ip6/conv_bn_relu.cpp:225) [223]  (7.3 ns)

 <State 46>: 7.3ns
The critical path consists of the following:
	bus read operation ('gmem3_addr_3_read', ../ip/ip6/conv_bn_relu.cpp:225) on port 'gmem3' (../ip/ip6/conv_bn_relu.cpp:225) [227]  (7.3 ns)

 <State 47>: 3.16ns
The critical path consists of the following:
	'fpext' operation ('conv6', ../ip/ip6/conv_bn_relu.cpp:225) [225]  (3.16 ns)

 <State 48>: 3.16ns
The critical path consists of the following:
	'fpext' operation ('conv6', ../ip/ip6/conv_bn_relu.cpp:225) [225]  (3.16 ns)

 <State 49>: 7.05ns
The critical path consists of the following:
	'phi' operation ('h_out') with incoming values : ('h_out_blk', ../ip/ip6/conv_bn_relu.cpp:215) ('h_out', ../ip/ip6/conv_bn_relu.cpp:243) [232]  (0 ns)
	'mul' operation ('conv3_i_i_i2973530', ../ip/ip6/conv_bn_relu.cpp:215) [237]  (7.05 ns)

 <State 50>: 7.05ns
The critical path consists of the following:
	'mul' operation ('mul_ln541') [238]  (7.05 ns)

 <State 51>: 7.05ns
The critical path consists of the following:
	'phi' operation ('w_out') with incoming values : ('w_out_blk', ../ip/ip6/conv_bn_relu.cpp:221) ('w_out', ../ip/ip6/conv_bn_relu.cpp:244) [243]  (0 ns)
	'mul' operation ('mul_ln1496') [248]  (7.05 ns)

 <State 52>: 1.9ns
The critical path consists of the following:
	'sub' operation ('sub_ln1496') [249]  (1.9 ns)

 <State 53>: 6.14ns
The critical path consists of the following:
	'phi' operation ('sum') with incoming values : ('sum', ../ip/ip6/conv_bn_relu.cpp:261) [253]  (0 ns)
	'dsub' operation ('val', ../ip/ip6/conv_bn_relu.cpp:267) [327]  (6.14 ns)

 <State 54>: 7.05ns
The critical path consists of the following:
	'mul' operation ('mul_ln541_2') [265]  (7.05 ns)

 <State 55>: 5.96ns
The critical path consists of the following:
	'phi' operation ('kw') with incoming values : ('add_ln251', ../ip/ip6/conv_bn_relu.cpp:251) [272]  (0 ns)
	'add' operation ('w_in', ../ip/ip6/conv_bn_relu.cpp:254) [281]  (1.9 ns)
	'icmp' operation ('icmp_ln1027_15') [284]  (1.97 ns)
	'and' operation ('and_ln259_2', ../ip/ip6/conv_bn_relu.cpp:259) [285]  (0 ns)
	'and' operation ('and_ln259', ../ip/ip6/conv_bn_relu.cpp:259) [286]  (0.8 ns)
	multiplexor before 'phi' operation ('sum') with incoming values : ('sum', ../ip/ip6/conv_bn_relu.cpp:261) [322]  (1.3 ns)

 <State 56>: 7.05ns
The critical path consists of the following:
	'mul' operation ('mul_ln541_3') [290]  (7.05 ns)

 <State 57>: 4.59ns
The critical path consists of the following:
	'add' operation ('in_offset', ../ip/ip6/conv_bn_relu.cpp:260) [291]  (1.9 ns)
	'add' operation ('add_ln261', ../ip/ip6/conv_bn_relu.cpp:261) [294]  (2.69 ns)

 <State 58>: 7.3ns
The critical path consists of the following:
	bus request operation ('gmem1_load_req', ../ip/ip6/conv_bn_relu.cpp:261) on port 'gmem1' (../ip/ip6/conv_bn_relu.cpp:261) [298]  (7.3 ns)

 <State 59>: 7.3ns
The critical path consists of the following:
	bus request operation ('gmem1_load_req', ../ip/ip6/conv_bn_relu.cpp:261) on port 'gmem1' (../ip/ip6/conv_bn_relu.cpp:261) [298]  (7.3 ns)

 <State 60>: 7.3ns
The critical path consists of the following:
	bus request operation ('gmem1_load_req', ../ip/ip6/conv_bn_relu.cpp:261) on port 'gmem1' (../ip/ip6/conv_bn_relu.cpp:261) [298]  (7.3 ns)

 <State 61>: 7.3ns
The critical path consists of the following:
	bus request operation ('gmem1_load_req', ../ip/ip6/conv_bn_relu.cpp:261) on port 'gmem1' (../ip/ip6/conv_bn_relu.cpp:261) [298]  (7.3 ns)

 <State 62>: 7.3ns
The critical path consists of the following:
	bus request operation ('gmem1_load_req', ../ip/ip6/conv_bn_relu.cpp:261) on port 'gmem1' (../ip/ip6/conv_bn_relu.cpp:261) [298]  (7.3 ns)

 <State 63>: 7.3ns
The critical path consists of the following:
	bus request operation ('gmem1_load_req', ../ip/ip6/conv_bn_relu.cpp:261) on port 'gmem1' (../ip/ip6/conv_bn_relu.cpp:261) [298]  (7.3 ns)

 <State 64>: 7.3ns
The critical path consists of the following:
	bus request operation ('gmem1_load_req', ../ip/ip6/conv_bn_relu.cpp:261) on port 'gmem1' (../ip/ip6/conv_bn_relu.cpp:261) [298]  (7.3 ns)

 <State 65>: 7.3ns
The critical path consists of the following:
	bus read operation ('gmem1_addr_read', ../ip/ip6/conv_bn_relu.cpp:261) on port 'gmem1' (../ip/ip6/conv_bn_relu.cpp:261) [299]  (7.3 ns)

 <State 66>: 3.16ns
The critical path consists of the following:
	'fpext' operation ('conv9', ../ip/ip6/conv_bn_relu.cpp:261) [301]  (3.16 ns)

 <State 67>: 3.16ns
The critical path consists of the following:
	'fpext' operation ('conv9', ../ip/ip6/conv_bn_relu.cpp:261) [301]  (3.16 ns)

 <State 68>: 6.55ns
The critical path consists of the following:
	'dmul' operation ('mul3', ../ip/ip6/conv_bn_relu.cpp:261) [318]  (6.55 ns)

 <State 69>: 6.55ns
The critical path consists of the following:
	'dmul' operation ('mul3', ../ip/ip6/conv_bn_relu.cpp:261) [318]  (6.55 ns)

 <State 70>: 6.55ns
The critical path consists of the following:
	'dmul' operation ('mul3', ../ip/ip6/conv_bn_relu.cpp:261) [318]  (6.55 ns)

 <State 71>: 6.55ns
The critical path consists of the following:
	'dmul' operation ('mul3', ../ip/ip6/conv_bn_relu.cpp:261) [318]  (6.55 ns)

 <State 72>: 6.55ns
The critical path consists of the following:
	'dmul' operation ('mul3', ../ip/ip6/conv_bn_relu.cpp:261) [318]  (6.55 ns)

 <State 73>: 6.55ns
The critical path consists of the following:
	'dmul' operation ('mul3', ../ip/ip6/conv_bn_relu.cpp:261) [318]  (6.55 ns)

 <State 74>: 6.14ns
The critical path consists of the following:
	'dadd' operation ('sum', ../ip/ip6/conv_bn_relu.cpp:261) [319]  (6.14 ns)

 <State 75>: 6.14ns
The critical path consists of the following:
	'dadd' operation ('sum', ../ip/ip6/conv_bn_relu.cpp:261) [319]  (6.14 ns)

 <State 76>: 6.14ns
The critical path consists of the following:
	'dadd' operation ('sum', ../ip/ip6/conv_bn_relu.cpp:261) [319]  (6.14 ns)

 <State 77>: 6.14ns
The critical path consists of the following:
	'dadd' operation ('sum', ../ip/ip6/conv_bn_relu.cpp:261) [319]  (6.14 ns)

 <State 78>: 6.14ns
The critical path consists of the following:
	'dadd' operation ('sum', ../ip/ip6/conv_bn_relu.cpp:261) [319]  (6.14 ns)

 <State 79>: 6.14ns
The critical path consists of the following:
	'dadd' operation ('sum', ../ip/ip6/conv_bn_relu.cpp:261) [319]  (6.14 ns)

 <State 80>: 6.14ns
The critical path consists of the following:
	'dadd' operation ('sum', ../ip/ip6/conv_bn_relu.cpp:261) [319]  (6.14 ns)

 <State 81>: 1.3ns
The critical path consists of the following:
	multiplexor before 'phi' operation ('sum') with incoming values : ('sum', ../ip/ip6/conv_bn_relu.cpp:261) [322]  (1.3 ns)

 <State 82>: 0ns
The critical path consists of the following:

 <State 83>: 7.05ns
The critical path consists of the following:
	'mul' operation ('mul_ln541_1') [333]  (7.05 ns)

 <State 84>: 6.14ns
The critical path consists of the following:
	'dsub' operation ('val', ../ip/ip6/conv_bn_relu.cpp:267) [327]  (6.14 ns)

 <State 85>: 7.3ns
The critical path consists of the following:
	bus request operation ('gmem0_addr_req', ../ip/ip6/conv_bn_relu.cpp:276) on port 'gmem0' (../ip/ip6/conv_bn_relu.cpp:276) [341]  (7.3 ns)

 <State 86>: 6.14ns
The critical path consists of the following:
	'dsub' operation ('val', ../ip/ip6/conv_bn_relu.cpp:267) [327]  (6.14 ns)

 <State 87>: 6.14ns
The critical path consists of the following:
	'dsub' operation ('val', ../ip/ip6/conv_bn_relu.cpp:267) [327]  (6.14 ns)

 <State 88>: 6.14ns
The critical path consists of the following:
	'dsub' operation ('val', ../ip/ip6/conv_bn_relu.cpp:267) [327]  (6.14 ns)

 <State 89>: 6.55ns
The critical path consists of the following:
	'dmul' operation ('val', ../ip/ip6/conv_bn_relu.cpp:268) [328]  (6.55 ns)

 <State 90>: 6.55ns
The critical path consists of the following:
	'dmul' operation ('val', ../ip/ip6/conv_bn_relu.cpp:268) [328]  (6.55 ns)

 <State 91>: 6.55ns
The critical path consists of the following:
	'dmul' operation ('val', ../ip/ip6/conv_bn_relu.cpp:268) [328]  (6.55 ns)

 <State 92>: 6.55ns
The critical path consists of the following:
	'dmul' operation ('val', ../ip/ip6/conv_bn_relu.cpp:268) [328]  (6.55 ns)

 <State 93>: 6.55ns
The critical path consists of the following:
	'dmul' operation ('val', ../ip/ip6/conv_bn_relu.cpp:268) [328]  (6.55 ns)

 <State 94>: 6.55ns
The critical path consists of the following:
	'dmul' operation ('val', ../ip/ip6/conv_bn_relu.cpp:268) [328]  (6.55 ns)

 <State 95>: 6.14ns
The critical path consists of the following:
	'dadd' operation ('val', ../ip/ip6/conv_bn_relu.cpp:269) [329]  (6.14 ns)

 <State 96>: 6.14ns
The critical path consists of the following:
	'dadd' operation ('val', ../ip/ip6/conv_bn_relu.cpp:269) [329]  (6.14 ns)

 <State 97>: 6.14ns
The critical path consists of the following:
	'dadd' operation ('val', ../ip/ip6/conv_bn_relu.cpp:269) [329]  (6.14 ns)

 <State 98>: 6.14ns
The critical path consists of the following:
	'dadd' operation ('val', ../ip/ip6/conv_bn_relu.cpp:269) [329]  (6.14 ns)

 <State 99>: 6.14ns
The critical path consists of the following:
	'dadd' operation ('val', ../ip/ip6/conv_bn_relu.cpp:269) [329]  (6.14 ns)

 <State 100>: 6.14ns
The critical path consists of the following:
	'dadd' operation ('val', ../ip/ip6/conv_bn_relu.cpp:269) [329]  (6.14 ns)

 <State 101>: 6.14ns
The critical path consists of the following:
	'dadd' operation ('val', ../ip/ip6/conv_bn_relu.cpp:269) [329]  (6.14 ns)

 <State 102>: 4.35ns
The critical path consists of the following:
	'fptrunc' operation ('bn_val', ../ip/ip6/conv_bn_relu.cpp:272) [330]  (4.35 ns)

 <State 103>: 4.35ns
The critical path consists of the following:
	'fptrunc' operation ('bn_val', ../ip/ip6/conv_bn_relu.cpp:272) [330]  (4.35 ns)

 <State 104>: 7.3ns
The critical path consists of the following:
	bus write operation ('write_ln276', ../ip/ip6/conv_bn_relu.cpp:276) on port 'gmem0' (../ip/ip6/conv_bn_relu.cpp:276) [342]  (7.3 ns)

 <State 105>: 7.3ns
The critical path consists of the following:
	bus response operation ('gmem0_addr_resp', ../ip/ip6/conv_bn_relu.cpp:276) on port 'gmem0' (../ip/ip6/conv_bn_relu.cpp:276) [343]  (7.3 ns)

 <State 106>: 7.3ns
The critical path consists of the following:
	bus response operation ('gmem0_addr_resp', ../ip/ip6/conv_bn_relu.cpp:276) on port 'gmem0' (../ip/ip6/conv_bn_relu.cpp:276) [343]  (7.3 ns)

 <State 107>: 7.3ns
The critical path consists of the following:
	bus response operation ('gmem0_addr_resp', ../ip/ip6/conv_bn_relu.cpp:276) on port 'gmem0' (../ip/ip6/conv_bn_relu.cpp:276) [343]  (7.3 ns)

 <State 108>: 7.3ns
The critical path consists of the following:
	bus response operation ('gmem0_addr_resp', ../ip/ip6/conv_bn_relu.cpp:276) on port 'gmem0' (../ip/ip6/conv_bn_relu.cpp:276) [343]  (7.3 ns)

 <State 109>: 7.3ns
The critical path consists of the following:
	bus response operation ('gmem0_addr_resp', ../ip/ip6/conv_bn_relu.cpp:276) on port 'gmem0' (../ip/ip6/conv_bn_relu.cpp:276) [343]  (7.3 ns)

 <State 110>: 1.82ns
The critical path consists of the following:
	'mul' operation of DSP[386] ('mul_ln87_2', ../ip/ip6/conv_bn_relu.cpp:87) [386]  (1.82 ns)

 <State 111>: 1.82ns
The critical path consists of the following:
	'mul' operation of DSP[386] ('mul_ln87_2', ../ip/ip6/conv_bn_relu.cpp:87) [386]  (1.82 ns)

 <State 112>: 5.43ns
The critical path consists of the following:
	'mul' operation ('mul_ln87_4', ../ip/ip6/conv_bn_relu.cpp:87) [397]  (3.61 ns)
	'mul' operation of DSP[399] ('mul_ln87_5', ../ip/ip6/conv_bn_relu.cpp:87) [399]  (1.82 ns)

 <State 113>: 1.82ns
The critical path consists of the following:
	'mul' operation of DSP[370] ('mul_ln87', ../ip/ip6/conv_bn_relu.cpp:87) [370]  (1.82 ns)

 <State 114>: 1.82ns
The critical path consists of the following:
	'mul' operation of DSP[370] ('mul_ln87', ../ip/ip6/conv_bn_relu.cpp:87) [370]  (1.82 ns)

 <State 115>: 4.19ns
The critical path consists of the following:
	'add' operation ('add_ln87', ../ip/ip6/conv_bn_relu.cpp:87) [403]  (1.54 ns)
	'add' operation ('add_ln87_1', ../ip/ip6/conv_bn_relu.cpp:87) [407]  (2.64 ns)

 <State 116>: 6.38ns
The critical path consists of the following:
	'load' operation ('phi_ln1027_load', ../ip/ip6/conv_bn_relu.cpp:87) on local variable 'phi_ln1027' [435]  (0 ns)
	'mul' operation ('mul_ln1027') [443]  (6.38 ns)

 <State 117>: 3.67ns
The critical path consists of the following:
	'load' operation ('indvars_iv50_load_1', ../ip/ip6/conv_bn_relu.cpp:87) on local variable 'indvars_iv50' [460]  (0 ns)
	'icmp' operation ('icmp_ln87', ../ip/ip6/conv_bn_relu.cpp:87) [473]  (2.11 ns)
	'select' operation ('select_ln87', ../ip/ip6/conv_bn_relu.cpp:87) [474]  (0 ns)
	'add' operation ('add_ln93_2', ../ip/ip6/conv_bn_relu.cpp:93) [476]  (1.56 ns)

 <State 118>: 5.81ns
The critical path consists of the following:
	'mul' operation ('bound57', ../ip/ip6/conv_bn_relu.cpp:93) [479]  (5.81 ns)

 <State 119>: 5.81ns
The critical path consists of the following:
	'mul' operation ('bound57', ../ip/ip6/conv_bn_relu.cpp:93) [479]  (5.81 ns)

 <State 120>: 5.81ns
The critical path consists of the following:
	'mul' operation ('bound57', ../ip/ip6/conv_bn_relu.cpp:93) [479]  (5.81 ns)

 <State 121>: 5.81ns
The critical path consists of the following:
	'mul' operation ('bound57', ../ip/ip6/conv_bn_relu.cpp:93) [479]  (5.81 ns)

 <State 122>: 5.81ns
The critical path consists of the following:
	'mul' operation ('bound57', ../ip/ip6/conv_bn_relu.cpp:93) [479]  (5.81 ns)

 <State 123>: 7.05ns
The critical path consists of the following:
	'phi' operation ('h_out_blk', ../ip/ip6/conv_bn_relu.cpp:95) with incoming values : ('add_ln95', ../ip/ip6/conv_bn_relu.cpp:95) [484]  (0 ns)
	'mul' operation ('conv3_i_i_i10743540', ../ip/ip6/conv_bn_relu.cpp:95) [506]  (7.05 ns)

 <State 124>: 6.69ns
The critical path consists of the following:
	'add' operation ('add_ln99', ../ip/ip6/conv_bn_relu.cpp:99) [512]  (1.92 ns)
	'add' operation ('add_ln99_1', ../ip/ip6/conv_bn_relu.cpp:99) [514]  (1.92 ns)
	'icmp' operation ('icmp_ln1027_7') [515]  (2 ns)
	'select' operation ('select_ln115', ../ip/ip6/conv_bn_relu.cpp:115) [516]  (0.853 ns)

 <State 125>: 7.05ns
The critical path consists of the following:
	'phi' operation ('indvar3859', ../ip/ip6/conv_bn_relu.cpp:99) with incoming values : ('add_ln99_3', ../ip/ip6/conv_bn_relu.cpp:99) [522]  (0 ns)
	'mul' operation ('mul_ln105', ../ip/ip6/conv_bn_relu.cpp:105) [533]  (7.05 ns)

 <State 126>: 6.69ns
The critical path consists of the following:
	'add' operation ('add_ln115', ../ip/ip6/conv_bn_relu.cpp:115) [549]  (1.92 ns)
	'add' operation ('add_ln115_1', ../ip/ip6/conv_bn_relu.cpp:115) [551]  (1.92 ns)
	'icmp' operation ('icmp_ln1027_11') [552]  (2 ns)
	'select' operation ('select_ln116', ../ip/ip6/conv_bn_relu.cpp:116) [553]  (0.853 ns)

 <State 127>: 5.81ns
The critical path consists of the following:
	'mul' operation ('bound', ../ip/ip6/conv_bn_relu.cpp:116) [557]  (5.81 ns)

 <State 128>: 5.81ns
The critical path consists of the following:
	'mul' operation ('bound', ../ip/ip6/conv_bn_relu.cpp:116) [557]  (5.81 ns)

 <State 129>: 5.81ns
The critical path consists of the following:
	'mul' operation ('bound', ../ip/ip6/conv_bn_relu.cpp:116) [557]  (5.81 ns)

 <State 130>: 5.81ns
The critical path consists of the following:
	'mul' operation ('bound', ../ip/ip6/conv_bn_relu.cpp:116) [557]  (5.81 ns)

 <State 131>: 5.81ns
The critical path consists of the following:
	'mul' operation ('bound', ../ip/ip6/conv_bn_relu.cpp:116) [557]  (5.81 ns)

 <State 132>: 4.66ns
The critical path consists of the following:
	'phi' operation ('h_in_blk', ../ip/ip6/conv_bn_relu.cpp:115) with incoming values : ('add_ln115_2', ../ip/ip6/conv_bn_relu.cpp:115) [560]  (0 ns)
	'add' operation ('h_in_1') [574]  (1.9 ns)
	'icmp' operation ('cmp_i_i969') [577]  (1.97 ns)
	'and' operation ('tmp22') [580]  (0.8 ns)

 <State 133>: 0ns
The critical path consists of the following:

 <State 134>: 1.3ns
The critical path consists of the following:
	multiplexor before 'phi' operation ('indvar3870', ../ip/ip6/conv_bn_relu.cpp:153) with incoming values : ('add_ln153_1', ../ip/ip6/conv_bn_relu.cpp:153) [593]  (1.3 ns)

 <State 135>: 7.05ns
The critical path consists of the following:
	'phi' operation ('indvar3870', ../ip/ip6/conv_bn_relu.cpp:153) with incoming values : ('add_ln153_1', ../ip/ip6/conv_bn_relu.cpp:153) [593]  (0 ns)
	'mul' operation ('empty_185', ../ip/ip6/conv_bn_relu.cpp:153) [600]  (7.05 ns)

 <State 136>: 5.48ns
The critical path consists of the following:
	'phi' operation ('phi_mul617', ../ip/ip6/conv_bn_relu.cpp:154) with incoming values : ('add_ln154_1', ../ip/ip6/conv_bn_relu.cpp:154) [607]  (0 ns)
	'add' operation ('tmp26', ../ip/ip6/conv_bn_relu.cpp:154) [613]  (1.9 ns)
	'add' operation ('tmp25', ../ip/ip6/conv_bn_relu.cpp:154) [614]  (0 ns)
	'add' operation ('empty_187', ../ip/ip6/conv_bn_relu.cpp:154) [615]  (3.59 ns)

 <State 137>: 2.69ns
The critical path consists of the following:
	'add' operation ('empty_188', ../ip/ip6/conv_bn_relu.cpp:154) [618]  (2.69 ns)

 <State 138>: 7.3ns
The critical path consists of the following:
	bus request operation ('empty_190', ../ip/ip6/conv_bn_relu.cpp:155) on port 'gmem0' (../ip/ip6/conv_bn_relu.cpp:155) [625]  (7.3 ns)

 <State 139>: 2.69ns
The critical path consists of the following:
	'add' operation ('add_ln154', ../ip/ip6/conv_bn_relu.cpp:154) [782]  (2.69 ns)

 <State 140>: 2.69ns
The critical path consists of the following:
	'add' operation ('add_ln179', ../ip/ip6/conv_bn_relu.cpp:179) [740]  (2.69 ns)

 <State 141>: 4.05ns
The critical path consists of the following:
	'phi' operation ('kh', ../ip/ip6/conv_bn_relu.cpp:169) with incoming values : ('add_ln169', ../ip/ip6/conv_bn_relu.cpp:169) [656]  (0 ns)
	'add' operation ('empty_199', ../ip/ip6/conv_bn_relu.cpp:155) [673]  (1.28 ns)
	'getelementptr' operation ('local_conv_kernel_blk_addr', ../ip/ip6/conv_bn_relu.cpp:155) [675]  (0 ns)
	'load' operation ('local_conv_kernel_blk_load', ../ip/ip6/conv_bn_relu.cpp:155) on array 'local_conv_kernel_blk', ../ip/ip6/conv_bn_relu.cpp:106 [688]  (2.77 ns)

 <State 142>: 2.77ns
The critical path consists of the following:
	'load' operation ('local_conv_kernel_blk_load', ../ip/ip6/conv_bn_relu.cpp:155) on array 'local_conv_kernel_blk', ../ip/ip6/conv_bn_relu.cpp:106 [688]  (2.77 ns)

 <State 143>: 6.67ns
The critical path consists of the following:
	'phi' operation ('kw', ../ip/ip6/conv_bn_relu.cpp:170) with incoming values : ('add_ln170', ../ip/ip6/conv_bn_relu.cpp:170) [702]  (0 ns)
	'add' operation ('add_ln172', ../ip/ip6/conv_bn_relu.cpp:172) [711]  (1.28 ns)
	'add' operation ('add_ln172_1', ../ip/ip6/conv_bn_relu.cpp:172) [713]  (1.32 ns)
	'shl' operation ('shl_ln172', ../ip/ip6/conv_bn_relu.cpp:172) [714]  (0 ns)
	'add' operation ('add_ln172_2', ../ip/ip6/conv_bn_relu.cpp:172) [715]  (1.31 ns)
	'getelementptr' operation ('local_feature_in_blk_addr', ../ip/ip6/conv_bn_relu.cpp:172) [717]  (0 ns)
	'load' operation ('local_feature_in_blk_load', ../ip/ip6/conv_bn_relu.cpp:172) on array 'local_feature_in_blk', ../ip/ip6/conv_bn_relu.cpp:105 [719]  (2.77 ns)

 <State 144>: 7.23ns
The critical path consists of the following:
	'load' operation ('local_feature_in_blk_load', ../ip/ip6/conv_bn_relu.cpp:172) on array 'local_feature_in_blk', ../ip/ip6/conv_bn_relu.cpp:105 [719]  (2.77 ns)
	'mux' operation ('tmp_7', ../ip/ip6/conv_bn_relu.cpp:172) [721]  (1.3 ns)
	'fpext' operation ('conv2', ../ip/ip6/conv_bn_relu.cpp:172) [722]  (3.16 ns)

 <State 145>: 3.16ns
The critical path consists of the following:
	'fpext' operation ('conv2', ../ip/ip6/conv_bn_relu.cpp:172) [722]  (3.16 ns)

 <State 146>: 6.55ns
The critical path consists of the following:
	'dmul' operation ('mul5', ../ip/ip6/conv_bn_relu.cpp:172) [732]  (6.55 ns)

 <State 147>: 6.55ns
The critical path consists of the following:
	'dmul' operation ('mul5', ../ip/ip6/conv_bn_relu.cpp:172) [732]  (6.55 ns)

 <State 148>: 6.55ns
The critical path consists of the following:
	'dmul' operation ('mul5', ../ip/ip6/conv_bn_relu.cpp:172) [732]  (6.55 ns)

 <State 149>: 6.55ns
The critical path consists of the following:
	'dmul' operation ('mul5', ../ip/ip6/conv_bn_relu.cpp:172) [732]  (6.55 ns)

 <State 150>: 6.55ns
The critical path consists of the following:
	'dmul' operation ('mul5', ../ip/ip6/conv_bn_relu.cpp:172) [732]  (6.55 ns)

 <State 151>: 6.55ns
The critical path consists of the following:
	'dmul' operation ('mul5', ../ip/ip6/conv_bn_relu.cpp:172) [732]  (6.55 ns)

 <State 152>: 6.14ns
The critical path consists of the following:
	'dadd' operation ('sum', ../ip/ip6/conv_bn_relu.cpp:172) [733]  (6.14 ns)

 <State 153>: 6.14ns
The critical path consists of the following:
	'dadd' operation ('sum', ../ip/ip6/conv_bn_relu.cpp:172) [733]  (6.14 ns)

 <State 154>: 6.14ns
The critical path consists of the following:
	'dadd' operation ('sum', ../ip/ip6/conv_bn_relu.cpp:172) [733]  (6.14 ns)

 <State 155>: 6.14ns
The critical path consists of the following:
	'dadd' operation ('sum', ../ip/ip6/conv_bn_relu.cpp:172) [733]  (6.14 ns)

 <State 156>: 6.14ns
The critical path consists of the following:
	'dadd' operation ('sum', ../ip/ip6/conv_bn_relu.cpp:172) [733]  (6.14 ns)

 <State 157>: 6.14ns
The critical path consists of the following:
	'dadd' operation ('sum', ../ip/ip6/conv_bn_relu.cpp:172) [733]  (6.14 ns)

 <State 158>: 6.14ns
The critical path consists of the following:
	'dadd' operation ('sum', ../ip/ip6/conv_bn_relu.cpp:172) [733]  (6.14 ns)

 <State 159>: 7.3ns
The critical path consists of the following:
	bus request operation ('gmem3_load_6_req', ../ip/ip6/conv_bn_relu.cpp:179) on port 'gmem3' (../ip/ip6/conv_bn_relu.cpp:179) [742]  (7.3 ns)

 <State 160>: 7.3ns
The critical path consists of the following:
	bus request operation ('gmem3_load_6_req', ../ip/ip6/conv_bn_relu.cpp:179) on port 'gmem3' (../ip/ip6/conv_bn_relu.cpp:179) [742]  (7.3 ns)

 <State 161>: 7.3ns
The critical path consists of the following:
	bus request operation ('gmem3_load_6_req', ../ip/ip6/conv_bn_relu.cpp:179) on port 'gmem3' (../ip/ip6/conv_bn_relu.cpp:179) [742]  (7.3 ns)

 <State 162>: 7.3ns
The critical path consists of the following:
	bus request operation ('gmem3_load_6_req', ../ip/ip6/conv_bn_relu.cpp:179) on port 'gmem3' (../ip/ip6/conv_bn_relu.cpp:179) [742]  (7.3 ns)

 <State 163>: 7.3ns
The critical path consists of the following:
	bus request operation ('gmem3_load_6_req', ../ip/ip6/conv_bn_relu.cpp:179) on port 'gmem3' (../ip/ip6/conv_bn_relu.cpp:179) [742]  (7.3 ns)

 <State 164>: 7.3ns
The critical path consists of the following:
	bus request operation ('gmem3_load_6_req', ../ip/ip6/conv_bn_relu.cpp:179) on port 'gmem3' (../ip/ip6/conv_bn_relu.cpp:179) [742]  (7.3 ns)

 <State 165>: 7.3ns
The critical path consists of the following:
	bus request operation ('gmem3_load_6_req', ../ip/ip6/conv_bn_relu.cpp:179) on port 'gmem3' (../ip/ip6/conv_bn_relu.cpp:179) [742]  (7.3 ns)

 <State 166>: 7.3ns
The critical path consists of the following:
	bus read operation ('gmem3_addr_4_read', ../ip/ip6/conv_bn_relu.cpp:179) on port 'gmem3' (../ip/ip6/conv_bn_relu.cpp:179) [743]  (7.3 ns)

 <State 167>: 3.16ns
The critical path consists of the following:
	'fpext' operation ('conv', ../ip/ip6/conv_bn_relu.cpp:179) [745]  (3.16 ns)

 <State 168>: 3.16ns
The critical path consists of the following:
	'fpext' operation ('conv', ../ip/ip6/conv_bn_relu.cpp:179) [745]  (3.16 ns)

 <State 169>: 6.14ns
The critical path consists of the following:
	'dsub' operation ('val', ../ip/ip6/conv_bn_relu.cpp:179) [746]  (6.14 ns)

 <State 170>: 6.14ns
The critical path consists of the following:
	'dsub' operation ('val', ../ip/ip6/conv_bn_relu.cpp:179) [746]  (6.14 ns)

 <State 171>: 6.14ns
The critical path consists of the following:
	'dsub' operation ('val', ../ip/ip6/conv_bn_relu.cpp:179) [746]  (6.14 ns)

 <State 172>: 6.14ns
The critical path consists of the following:
	'dsub' operation ('val', ../ip/ip6/conv_bn_relu.cpp:179) [746]  (6.14 ns)

 <State 173>: 6.14ns
The critical path consists of the following:
	'dsub' operation ('val', ../ip/ip6/conv_bn_relu.cpp:179) [746]  (6.14 ns)

 <State 174>: 6.14ns
The critical path consists of the following:
	'dsub' operation ('val', ../ip/ip6/conv_bn_relu.cpp:179) [746]  (6.14 ns)

 <State 175>: 6.14ns
The critical path consists of the following:
	'dsub' operation ('val', ../ip/ip6/conv_bn_relu.cpp:179) [746]  (6.14 ns)

 <State 176>: 6.55ns
The critical path consists of the following:
	'dmul' operation ('val', ../ip/ip6/conv_bn_relu.cpp:180) [759]  (6.55 ns)

 <State 177>: 6.55ns
The critical path consists of the following:
	'dmul' operation ('val', ../ip/ip6/conv_bn_relu.cpp:180) [759]  (6.55 ns)

 <State 178>: 6.55ns
The critical path consists of the following:
	'dmul' operation ('val', ../ip/ip6/conv_bn_relu.cpp:180) [759]  (6.55 ns)

 <State 179>: 7.3ns
The critical path consists of the following:
	bus read operation ('gmem3_addr_5_read', ../ip/ip6/conv_bn_relu.cpp:181) on port 'gmem3' (../ip/ip6/conv_bn_relu.cpp:181) [763]  (7.3 ns)

 <State 180>: 6.55ns
The critical path consists of the following:
	'dmul' operation ('val', ../ip/ip6/conv_bn_relu.cpp:180) [759]  (6.55 ns)

 <State 181>: 6.55ns
The critical path consists of the following:
	'dmul' operation ('val', ../ip/ip6/conv_bn_relu.cpp:180) [759]  (6.55 ns)

 <State 182>: 6.14ns
The critical path consists of the following:
	'dadd' operation ('val', ../ip/ip6/conv_bn_relu.cpp:181) [766]  (6.14 ns)

 <State 183>: 6.14ns
The critical path consists of the following:
	'dadd' operation ('val', ../ip/ip6/conv_bn_relu.cpp:181) [766]  (6.14 ns)

 <State 184>: 6.14ns
The critical path consists of the following:
	'dadd' operation ('val', ../ip/ip6/conv_bn_relu.cpp:181) [766]  (6.14 ns)

 <State 185>: 6.14ns
The critical path consists of the following:
	'dadd' operation ('val', ../ip/ip6/conv_bn_relu.cpp:181) [766]  (6.14 ns)

 <State 186>: 6.14ns
The critical path consists of the following:
	'dadd' operation ('val', ../ip/ip6/conv_bn_relu.cpp:181) [766]  (6.14 ns)

 <State 187>: 6.14ns
The critical path consists of the following:
	'dadd' operation ('val', ../ip/ip6/conv_bn_relu.cpp:181) [766]  (6.14 ns)

 <State 188>: 6.14ns
The critical path consists of the following:
	'dadd' operation ('val', ../ip/ip6/conv_bn_relu.cpp:181) [766]  (6.14 ns)

 <State 189>: 4.35ns
The critical path consists of the following:
	'fptrunc' operation ('bn_val', ../ip/ip6/conv_bn_relu.cpp:184) [767]  (4.35 ns)

 <State 190>: 4.35ns
The critical path consists of the following:
	'fptrunc' operation ('bn_val', ../ip/ip6/conv_bn_relu.cpp:184) [767]  (4.35 ns)

 <State 191>: 4.2ns
The critical path consists of the following:
	'fcmp' operation ('tmp_15', ../ip/ip6/conv_bn_relu.cpp:185) [774]  (4.2 ns)

 <State 192>: 5ns
The critical path consists of the following:
	'fcmp' operation ('tmp_15', ../ip/ip6/conv_bn_relu.cpp:185) [774]  (4.2 ns)
	'and' operation ('and_ln185', ../ip/ip6/conv_bn_relu.cpp:185) [775]  (0 ns)
	'select' operation ('select_ln189', ../ip/ip6/conv_bn_relu.cpp:189) [776]  (0.8 ns)

 <State 193>: 7.3ns
The critical path consists of the following:
	bus write operation ('write_ln189', ../ip/ip6/conv_bn_relu.cpp:189) on port 'gmem0' (../ip/ip6/conv_bn_relu.cpp:189) [777]  (7.3 ns)

 <State 194>: 7.3ns
The critical path consists of the following:
	bus response operation ('empty_192', ../ip/ip6/conv_bn_relu.cpp:154) on port 'gmem0' (../ip/ip6/conv_bn_relu.cpp:154) [781]  (7.3 ns)

 <State 195>: 7.3ns
The critical path consists of the following:
	bus response operation ('empty_192', ../ip/ip6/conv_bn_relu.cpp:154) on port 'gmem0' (../ip/ip6/conv_bn_relu.cpp:154) [781]  (7.3 ns)

 <State 196>: 7.3ns
The critical path consists of the following:
	bus response operation ('empty_192', ../ip/ip6/conv_bn_relu.cpp:154) on port 'gmem0' (../ip/ip6/conv_bn_relu.cpp:154) [781]  (7.3 ns)

 <State 197>: 7.3ns
The critical path consists of the following:
	bus response operation ('empty_192', ../ip/ip6/conv_bn_relu.cpp:154) on port 'gmem0' (../ip/ip6/conv_bn_relu.cpp:154) [781]  (7.3 ns)

 <State 198>: 7.3ns
The critical path consists of the following:
	bus response operation ('empty_192', ../ip/ip6/conv_bn_relu.cpp:154) on port 'gmem0' (../ip/ip6/conv_bn_relu.cpp:154) [781]  (7.3 ns)


============================================================
+ Verbose Summary: Binding
============================================================
N/A
* FSMD analyzer results:
  - Output states:
 - Input state : 
  - Chain level:
	State 1
	State 2
	State 3
	State 4
	State 5
	State 6
	State 7
	State 8
	State 9
	State 10
	State 11
	State 12
	State 13
	State 14
	State 15
	State 16
	State 17
	State 18
	State 19
	State 20
	State 21
	State 22
	State 23
	State 24
	State 25
	State 26
	State 27
	State 28
	State 29
	State 30
	State 31
	State 32
	State 33
	State 34
	State 35
	State 36
	State 37
	State 38
	State 39
	State 40
	State 41
	State 42
	State 43
	State 44
	State 45
	State 46
	State 47
	State 48
	State 49
	State 50
	State 51
	State 52
	State 53
	State 54
	State 55
	State 56
	State 57
	State 58
	State 59
	State 60
	State 61
	State 62
	State 63
	State 64
	State 65
	State 66
	State 67
	State 68
	State 69
	State 70
	State 71
	State 72
	State 73
	State 74
	State 75
	State 76
	State 77
	State 78
	State 79
	State 80
	State 81
	State 82
	State 83
	State 84
	State 85
	State 86
	State 87
	State 88
	State 89
	State 90
	State 91
	State 92
	State 93
	State 94
	State 95
	State 96
	State 97
	State 98
	State 99
	State 100
	State 101
	State 102
	State 103
	State 104
	State 105
	State 106
	State 107
	State 108
	State 109
	State 110
	State 111
	State 112
	State 113
	State 114
	State 115
	State 116
	State 117
	State 118
	State 119
	State 120
	State 121
	State 122
	State 123
	State 124
	State 125
	State 126
	State 127
	State 128
	State 129
	State 130
	State 131
	State 132
	State 133
	State 134
	State 135
	State 136
	State 137
	State 138
	State 139
	State 140
	State 141
	State 142
	State 143
	State 144
	State 145
	State 146
	State 147
	State 148
	State 149
	State 150
	State 151
	State 152
	State 153
	State 154
	State 155
	State 156
	State 157
	State 158
	State 159
	State 160
	State 161
	State 162
	State 163
	State 164
	State 165
	State 166
	State 167
	State 168
	State 169
	State 170
	State 171
	State 172
	State 173
	State 174
	State 175
	State 176
	State 177
	State 178
	State 179
	State 180
	State 181
	State 182
	State 183
	State 184
	State 185
	State 186
	State 187
	State 188
	State 189
	State 190
	State 191
	State 192
	State 193
	State 194
	State 195
	State 196
	State 197
	State 198


============================================================
+ Verbose Summary: Datapath Resource usage 
============================================================
N/A
