

================================================================
== Vitis HLS Report for 'Block_entry352_proc1_Pipeline_VITIS_LOOP_117_7'
================================================================
* Date:           Thu Nov  6 12:00:38 2025

* Version:        2022.2 (Build 3670227 on Oct 13 2022)
* Project:        ip9
* Solution:       solution1 (Vivado IP Flow Target)
* Product family: zynq
* Target device:  xc7z020-clg400-2


================================================================
== Performance Estimates
================================================================
+ Timing: 
    * Summary: 
    +--------+----------+----------+------------+
    |  Clock |  Target  | Estimated| Uncertainty|
    +--------+----------+----------+------------+
    |ap_clk  |  10.00 ns|  7.300 ns|     2.70 ns|
    +--------+----------+----------+------------+

+ Latency: 
    * Summary: 
    +---------+---------+----------+----------+-----+-----+---------+
    |  Latency (cycles) |  Latency (absolute) |  Interval | Pipeline|
    |   min   |   max   |    min   |    max   | min | max |   Type  |
    +---------+---------+----------+----------+-----+-----+---------+
    |        ?|        ?|         ?|         ?|    ?|    ?|       no|
    +---------+---------+----------+----------+-----+-----+---------+

    + Detail: 
        * Instance: 
        N/A

        * Loop: 
        +-------------------------------------+---------+---------+----------+-----------+-----------+------+----------+
        |                                     |  Latency (cycles) | Iteration|  Initiation Interval  | Trip |          |
        |              Loop Name              |   min   |   max   |  Latency |  achieved |   target  | Count| Pipelined|
        +-------------------------------------+---------+---------+----------+-----------+-----------+------+----------+
        |- VITIS_LOOP_116_6_VITIS_LOOP_117_7  |        ?|        ?|        13|          1|          1|     ?|       yes|
        +-------------------------------------+---------+---------+----------+-----------+-----------+------+----------+



================================================================
== Utilization Estimates
================================================================
* Summary: 
+-----------------+---------+-----+--------+-------+-----+
|       Name      | BRAM_18K| DSP |   FF   |  LUT  | URAM|
+-----------------+---------+-----+--------+-------+-----+
|DSP              |        -|    -|       -|      -|    -|
|Expression       |        -|    -|       0|    584|    -|
|FIFO             |        -|    -|       -|      -|    -|
|Instance         |        -|    2|       0|     21|    -|
|Memory           |        -|    -|       -|      -|    -|
|Multiplexer      |        -|    -|       -|     81|    -|
|Register         |        -|    -|     792|    160|    -|
+-----------------+---------+-----+--------+-------+-----+
|Total            |        0|    2|     792|    846|    0|
+-----------------+---------+-----+--------+-------+-----+
|Available        |      280|  220|  106400|  53200|    0|
+-----------------+---------+-----+--------+-------+-----+
|Utilization (%)  |        0|   ~0|      ~0|      1|    0|
+-----------------+---------+-----+--------+-------+-----+

+ Detail: 
    * Instance: 
    +-------------------------+---------------------+---------+----+---+----+-----+
    |         Instance        |        Module       | BRAM_18K| DSP| FF| LUT| URAM|
    +-------------------------+---------------------+---------+----+---+----+-----+
    |mul_32s_16ns_32_1_1_U47  |mul_32s_16ns_32_1_1  |        0|   2|  0|  21|    0|
    +-------------------------+---------------------+---------+----+---+----+-----+
    |Total                    |                     |        0|   2|  0|  21|    0|
    +-------------------------+---------------------+---------+----+---+----+-----+

    * DSP: 
    N/A

    * Memory: 
    N/A

    * FIFO: 
    N/A

    * Expression: 
    +------------------------------------+----------+----+---+----+------------+------------+
    |            Variable Name           | Operation| DSP| FF| LUT| Bitwidth P0| Bitwidth P1|
    +------------------------------------+----------+----+---+----+------------+------------+
    |add_ln1027_3_fu_480_p2              |         +|   0|  0|  32|          32|          32|
    |add_ln1027_4_fu_484_p2              |         +|   0|  0|  32|          32|          32|
    |add_ln1027_5_fu_489_p2              |         +|   0|  0|  32|          32|          32|
    |add_ln1027_6_fu_505_p2              |         +|   0|  0|  64|          64|          64|
    |add_ln1027_fu_316_p2                |         +|   0|  0|  80|          80|           1|
    |add_ln116_1_fu_325_p2               |         +|   0|  0|  64|          64|           1|
    |add_ln117_fu_421_p2                 |         +|   0|  0|  16|          16|           1|
    |add_ln131_1_fu_411_p2               |         +|   0|  0|   8|           8|           8|
    |add_ln131_fu_387_p2                 |         +|   0|  0|   6|           6|           6|
    |w_in_1_mid1_fu_354_p2               |         +|   0|  0|  32|          32|          32|
    |w_in_fu_281_p2                      |         +|   0|  0|  32|          32|          32|
    |and_ln1027_fu_466_p2                |       and|   0|  0|   1|           1|           1|
    |ap_block_state13_pp0_stage0_iter12  |       and|   0|  0|   1|           1|           1|
    |ap_block_state6_io                  |       and|   0|  0|   1|           1|           1|
    |tmp23_fu_305_p2                     |       and|   0|  0|   1|           1|           1|
    |tmp23_mid1_fu_455_p2                |       and|   0|  0|   1|           1|           1|
    |cmp_i_i962_fu_300_p2                |      icmp|   0|  0|  12|          32|          32|
    |cmp_i_i962_mid1_fu_359_p2           |      icmp|   0|  0|  12|          32|          32|
    |icmp_ln1027_3_fu_331_p2             |      icmp|   0|  0|   7|          16|          16|
    |icmp_ln1027_fu_311_p2               |      icmp|   0|  0|  28|          80|          80|
    |ap_block_pp0_stage0_11001           |        or|   0|  0|   1|           1|           1|
    |or_ln1027_fu_336_p2                 |        or|   0|  0|   1|           1|           1|
    |select_ln1027_10_fu_342_p3          |    select|   0|  0|  16|           1|           1|
    |select_ln1027_11_fu_364_p3          |    select|   0|  0|  32|           1|          32|
    |select_ln1027_12_fu_372_p3          |    select|   0|  0|  64|           1|          64|
    |select_ln1027_fu_460_p3             |    select|   0|  0|   2|           1|           1|
    |ap_enable_pp0                       |       xor|   0|  0|   2|           1|           2|
    |rev21_fu_449_p2                     |       xor|   0|  0|   2|           1|           2|
    |rev_fu_294_p2                       |       xor|   0|  0|   2|           1|           2|
    +------------------------------------+----------+----+---+----+------------+------------+
    |Total                               |          |   0|  0| 584|         572|         512|
    +------------------------------------+----------+----+---+----+------------+------------+

    * Multiplexer: 
    +---------------------------------------+----+-----------+-----+-----------+
    |                  Name                 | LUT| Input Size| Bits| Total Bits|
    +---------------------------------------+----+-----------+-----+-----------+
    |ap_done_int                            |   9|          2|    1|          2|
    |ap_enable_reg_pp0_iter1                |   9|          2|    1|          2|
    |ap_enable_reg_pp0_iter2                |   9|          2|    1|          2|
    |ap_phi_mux_first_iter_0_phi_fu_240_p4  |   9|          2|    1|          2|
    |c_in_3_fu_110                          |   9|          2|   16|         32|
    |gmem1_blk_n_AR                         |   9|          2|    1|          2|
    |gmem1_blk_n_R                          |   9|          2|    1|          2|
    |indvar_flatten_fu_118                  |   9|          2|   80|        160|
    |w_in_blk_fu_114                        |   9|          2|   64|        128|
    +---------------------------------------+----+-----------+-----+-----------+
    |Total                                  |  81|         18|  166|        332|
    +---------------------------------------+----+-----------+-----+-----------+

    * Register: 
    +-------------------------------------+----+----+-----+-----------+
    |                 Name                | FF | LUT| Bits| Const Bits|
    +-------------------------------------+----+----+-----+-----------+
    |add_ln1027_5_reg_679                 |  32|   0|   32|          0|
    |add_ln131_1_reg_651                  |   8|   0|    8|          0|
    |and_ln1027_reg_660                   |   1|   0|    1|          0|
    |ap_CS_fsm                            |   1|   0|    1|          0|
    |ap_done_reg                          |   1|   0|    1|          0|
    |ap_enable_reg_pp0_iter1              |   1|   0|    1|          0|
    |ap_enable_reg_pp0_iter10             |   1|   0|    1|          0|
    |ap_enable_reg_pp0_iter11             |   1|   0|    1|          0|
    |ap_enable_reg_pp0_iter12             |   1|   0|    1|          0|
    |ap_enable_reg_pp0_iter13             |   1|   0|    1|          0|
    |ap_enable_reg_pp0_iter2              |   1|   0|    1|          0|
    |ap_enable_reg_pp0_iter3              |   1|   0|    1|          0|
    |ap_enable_reg_pp0_iter4              |   1|   0|    1|          0|
    |ap_enable_reg_pp0_iter5              |   1|   0|    1|          0|
    |ap_enable_reg_pp0_iter6              |   1|   0|    1|          0|
    |ap_enable_reg_pp0_iter7              |   1|   0|    1|          0|
    |ap_enable_reg_pp0_iter8              |   1|   0|    1|          0|
    |ap_enable_reg_pp0_iter9              |   1|   0|    1|          0|
    |ap_loop_exit_ready_pp0_iter10_reg    |   1|   0|    1|          0|
    |ap_loop_exit_ready_pp0_iter11_reg    |   1|   0|    1|          0|
    |ap_loop_exit_ready_pp0_iter12_reg    |   1|   0|    1|          0|
    |ap_loop_exit_ready_pp0_iter2_reg     |   1|   0|    1|          0|
    |ap_loop_exit_ready_pp0_iter3_reg     |   1|   0|    1|          0|
    |ap_loop_exit_ready_pp0_iter4_reg     |   1|   0|    1|          0|
    |ap_loop_exit_ready_pp0_iter5_reg     |   1|   0|    1|          0|
    |ap_loop_exit_ready_pp0_iter6_reg     |   1|   0|    1|          0|
    |ap_loop_exit_ready_pp0_iter7_reg     |   1|   0|    1|          0|
    |ap_loop_exit_ready_pp0_iter8_reg     |   1|   0|    1|          0|
    |ap_loop_exit_ready_pp0_iter9_reg     |   1|   0|    1|          0|
    |bitcast_ln128_reg_699                |  32|   0|   32|          0|
    |c_in_3_fu_110                        |  16|   0|   16|          0|
    |cmp_i_i962_mid1_reg_641              |   1|   0|    1|          0|
    |conv_i_i961_cast_reg_612             |  16|   0|   32|         16|
    |first_iter_0_reg_236                 |   1|   0|    1|          0|
    |icmp_ln1027_3_reg_627                |   1|   0|    1|          0|
    |icmp_ln1027_reg_623                  |   1|   0|    1|          0|
    |indvar_flatten_fu_118                |  80|   0|   80|          0|
    |local_feature_in_blk_1_addr_reg_674  |   8|   0|    8|          0|
    |local_feature_in_blk_addr_reg_669    |   8|   0|    8|          0|
    |mul_ln1027_reg_664                   |  32|   0|   32|          0|
    |or_ln1027_reg_632                    |   1|   0|    1|          0|
    |select_ln1027_11_reg_646             |  32|   0|   32|          0|
    |sext_ln117_mid2_v_reg_684            |  62|   0|   62|          0|
    |tmp23_reg_618                        |   1|   0|    1|          0|
    |trunc_ln131_2_reg_656                |   1|   0|    1|          0|
    |w_in_1_mid1_reg_636                  |  32|   0|   32|          0|
    |w_in_blk_fu_114                      |  64|   0|   64|          0|
    |zext_ln87_2_cast_reg_607             |  16|   0|   32|         16|
    |and_ln1027_reg_660                   |  64|  32|    1|          0|
    |local_feature_in_blk_1_addr_reg_674  |  64|  32|    8|          0|
    |local_feature_in_blk_addr_reg_669    |  64|  32|    8|          0|
    |or_ln1027_reg_632                    |  64|  32|    1|          0|
    |trunc_ln131_2_reg_656                |  64|  32|    1|          0|
    +-------------------------------------+----+----+-----+-----------+
    |Total                                | 792| 160|  523|         32|
    +-------------------------------------+----+----+-----+-----------+



================================================================
== Interface
================================================================
* Summary: 
+---------------------------------+-----+-----+------------+------------------------------------------------+--------------+
|            RTL Ports            | Dir | Bits|  Protocol  |                  Source Object                 |    C Type    |
+---------------------------------+-----+-----+------------+------------------------------------------------+--------------+
|ap_clk                           |   in|    1|  ap_ctrl_hs|  Block_entry352_proc1_Pipeline_VITIS_LOOP_117_7|  return value|
|ap_rst                           |   in|    1|  ap_ctrl_hs|  Block_entry352_proc1_Pipeline_VITIS_LOOP_117_7|  return value|
|ap_start                         |   in|    1|  ap_ctrl_hs|  Block_entry352_proc1_Pipeline_VITIS_LOOP_117_7|  return value|
|ap_done                          |  out|    1|  ap_ctrl_hs|  Block_entry352_proc1_Pipeline_VITIS_LOOP_117_7|  return value|
|ap_idle                          |  out|    1|  ap_ctrl_hs|  Block_entry352_proc1_Pipeline_VITIS_LOOP_117_7|  return value|
|ap_ready                         |  out|    1|  ap_ctrl_hs|  Block_entry352_proc1_Pipeline_VITIS_LOOP_117_7|  return value|
|m_axi_gmem1_AWVALID              |  out|    1|       m_axi|                                           gmem1|       pointer|
|m_axi_gmem1_AWREADY              |   in|    1|       m_axi|                                           gmem1|       pointer|
|m_axi_gmem1_AWADDR               |  out|   64|       m_axi|                                           gmem1|       pointer|
|m_axi_gmem1_AWID                 |  out|    1|       m_axi|                                           gmem1|       pointer|
|m_axi_gmem1_AWLEN                |  out|   32|       m_axi|                                           gmem1|       pointer|
|m_axi_gmem1_AWSIZE               |  out|    3|       m_axi|                                           gmem1|       pointer|
|m_axi_gmem1_AWBURST              |  out|    2|       m_axi|                                           gmem1|       pointer|
|m_axi_gmem1_AWLOCK               |  out|    2|       m_axi|                                           gmem1|       pointer|
|m_axi_gmem1_AWCACHE              |  out|    4|       m_axi|                                           gmem1|       pointer|
|m_axi_gmem1_AWPROT               |  out|    3|       m_axi|                                           gmem1|       pointer|
|m_axi_gmem1_AWQOS                |  out|    4|       m_axi|                                           gmem1|       pointer|
|m_axi_gmem1_AWREGION             |  out|    4|       m_axi|                                           gmem1|       pointer|
|m_axi_gmem1_AWUSER               |  out|    1|       m_axi|                                           gmem1|       pointer|
|m_axi_gmem1_WVALID               |  out|    1|       m_axi|                                           gmem1|       pointer|
|m_axi_gmem1_WREADY               |   in|    1|       m_axi|                                           gmem1|       pointer|
|m_axi_gmem1_WDATA                |  out|   32|       m_axi|                                           gmem1|       pointer|
|m_axi_gmem1_WSTRB                |  out|    4|       m_axi|                                           gmem1|       pointer|
|m_axi_gmem1_WLAST                |  out|    1|       m_axi|                                           gmem1|       pointer|
|m_axi_gmem1_WID                  |  out|    1|       m_axi|                                           gmem1|       pointer|
|m_axi_gmem1_WUSER                |  out|    1|       m_axi|                                           gmem1|       pointer|
|m_axi_gmem1_ARVALID              |  out|    1|       m_axi|                                           gmem1|       pointer|
|m_axi_gmem1_ARREADY              |   in|    1|       m_axi|                                           gmem1|       pointer|
|m_axi_gmem1_ARADDR               |  out|   64|       m_axi|                                           gmem1|       pointer|
|m_axi_gmem1_ARID                 |  out|    1|       m_axi|                                           gmem1|       pointer|
|m_axi_gmem1_ARLEN                |  out|   32|       m_axi|                                           gmem1|       pointer|
|m_axi_gmem1_ARSIZE               |  out|    3|       m_axi|                                           gmem1|       pointer|
|m_axi_gmem1_ARBURST              |  out|    2|       m_axi|                                           gmem1|       pointer|
|m_axi_gmem1_ARLOCK               |  out|    2|       m_axi|                                           gmem1|       pointer|
|m_axi_gmem1_ARCACHE              |  out|    4|       m_axi|                                           gmem1|       pointer|
|m_axi_gmem1_ARPROT               |  out|    3|       m_axi|                                           gmem1|       pointer|
|m_axi_gmem1_ARQOS                |  out|    4|       m_axi|                                           gmem1|       pointer|
|m_axi_gmem1_ARREGION             |  out|    4|       m_axi|                                           gmem1|       pointer|
|m_axi_gmem1_ARUSER               |  out|    1|       m_axi|                                           gmem1|       pointer|
|m_axi_gmem1_RVALID               |   in|    1|       m_axi|                                           gmem1|       pointer|
|m_axi_gmem1_RREADY               |  out|    1|       m_axi|                                           gmem1|       pointer|
|m_axi_gmem1_RDATA                |   in|   32|       m_axi|                                           gmem1|       pointer|
|m_axi_gmem1_RLAST                |   in|    1|       m_axi|                                           gmem1|       pointer|
|m_axi_gmem1_RID                  |   in|    1|       m_axi|                                           gmem1|       pointer|
|m_axi_gmem1_RFIFONUM             |   in|    9|       m_axi|                                           gmem1|       pointer|
|m_axi_gmem1_RUSER                |   in|    1|       m_axi|                                           gmem1|       pointer|
|m_axi_gmem1_RRESP                |   in|    2|       m_axi|                                           gmem1|       pointer|
|m_axi_gmem1_BVALID               |   in|    1|       m_axi|                                           gmem1|       pointer|
|m_axi_gmem1_BREADY               |  out|    1|       m_axi|                                           gmem1|       pointer|
|m_axi_gmem1_BRESP                |   in|    2|       m_axi|                                           gmem1|       pointer|
|m_axi_gmem1_BID                  |   in|    1|       m_axi|                                           gmem1|       pointer|
|m_axi_gmem1_BUSER                |   in|    1|       m_axi|                                           gmem1|       pointer|
|add_i_i1015                      |   in|   32|     ap_none|                                     add_i_i1015|        scalar|
|conv_i_i961                      |   in|   16|     ap_none|                                     conv_i_i961|        scalar|
|bound                            |   in|   80|     ap_none|                                           bound|        scalar|
|local_feature_in_blk_1_address0  |  out|    8|   ap_memory|                          local_feature_in_blk_1|         array|
|local_feature_in_blk_1_ce0       |  out|    1|   ap_memory|                          local_feature_in_blk_1|         array|
|local_feature_in_blk_1_we0       |  out|    1|   ap_memory|                          local_feature_in_blk_1|         array|
|local_feature_in_blk_1_d0        |  out|   32|   ap_memory|                          local_feature_in_blk_1|         array|
|local_feature_in_blk_1_address1  |  out|    8|   ap_memory|                          local_feature_in_blk_1|         array|
|local_feature_in_blk_1_ce1       |  out|    1|   ap_memory|                          local_feature_in_blk_1|         array|
|local_feature_in_blk_1_we1       |  out|    1|   ap_memory|                          local_feature_in_blk_1|         array|
|local_feature_in_blk_1_d1        |  out|   32|   ap_memory|                          local_feature_in_blk_1|         array|
|local_feature_in_blk_address0    |  out|    8|   ap_memory|                            local_feature_in_blk|         array|
|local_feature_in_blk_ce0         |  out|    1|   ap_memory|                            local_feature_in_blk|         array|
|local_feature_in_blk_we0         |  out|    1|   ap_memory|                            local_feature_in_blk|         array|
|local_feature_in_blk_d0          |  out|   32|   ap_memory|                            local_feature_in_blk|         array|
|local_feature_in_blk_address1    |  out|    8|   ap_memory|                            local_feature_in_blk|         array|
|local_feature_in_blk_ce1         |  out|    1|   ap_memory|                            local_feature_in_blk|         array|
|local_feature_in_blk_we1         |  out|    1|   ap_memory|                            local_feature_in_blk|         array|
|local_feature_in_blk_d1          |  out|   32|   ap_memory|                            local_feature_in_blk|         array|
|C_in                             |   in|   16|     ap_none|                                            C_in|        scalar|
|tmp22                            |   in|    1|     ap_none|                                           tmp22|        scalar|
|zext_ln87_2                      |   in|   16|     ap_none|                                     zext_ln87_2|        scalar|
|phi_mul594                       |   in|   32|     ap_none|                                      phi_mul594|        scalar|
|mul_ln105_1                      |   in|   32|     ap_none|                                     mul_ln105_1|        scalar|
|add_ln116                        |   in|   32|     ap_none|                                       add_ln116|        scalar|
|feature_in                       |   in|   64|     ap_none|                                      feature_in|        scalar|
|sub_ln131                        |   in|   62|     ap_none|                                       sub_ln131|        scalar|
+---------------------------------+-----+-----+------------+------------------------------------------------+--------------+

============================================================
+ Verbose Summary: Synthesis Manager
============================================================
InlineROM: 1
ExposeGlobal: 0
============================================================
+ Verbose Summary: CDFG Model
============================================================
IsTopModel: 0
ResetActiveHigh: 1
IsCombinational: 2
IsDatapathOnly: 2
HasWiredReturn: 1
HasMFsm: 2
HasVarLatency: 1
IsPipeline: 0
IsRtlPipelined: 0
IsInstanceOverlapped: 0
IsDontTouch: 0
HasImplIP: 0
IsGatedGlobalClock: 0

+ Individual pipeline summary: 
  * Pipeline-0: initiation interval (II) = 1, depth = 14


============================================================
+ Verbose Summary: Schedule
============================================================
* Number of FSM states : 14
* Pipeline : 1
  Pipeline-0 : II = 1, D = 14, States = { 1 2 3 4 5 6 7 8 9 10 11 12 13 14 }
* Dataflow Pipeline: 0

* FSM state transitions: 
1 --> 2 
2 --> 3 
3 --> 4 
4 --> 5 
5 --> 6 
6 --> 7 
7 --> 8 
8 --> 9 
9 --> 10 
10 --> 11 
11 --> 12 
12 --> 13 
13 --> 14 
14 --> 

* FSM state operations: 

State 1 <SV = 0> <Delay = 1.29>
ST_1 : Operation 16 [1/1] (0.00ns)   --->   "%c_in_3 = alloca i32 1"   --->   Operation 16 'alloca' 'c_in_3' <Predicate = true> <Delay = 0.00>
ST_1 : Operation 17 [1/1] (0.00ns)   --->   "%w_in_blk = alloca i32 1"   --->   Operation 17 'alloca' 'w_in_blk' <Predicate = true> <Delay = 0.00>
ST_1 : Operation 18 [1/1] (0.00ns)   --->   "%indvar_flatten = alloca i32 1"   --->   Operation 18 'alloca' 'indvar_flatten' <Predicate = true> <Delay = 0.00>
ST_1 : Operation 19 [1/1] (0.00ns)   --->   "%sub_ln131_read = read i62 @_ssdm_op_Read.ap_auto.i62, i62 %sub_ln131"   --->   Operation 19 'read' 'sub_ln131_read' <Predicate = true> <Delay = 0.00>
ST_1 : Operation 20 [1/1] (0.00ns)   --->   "%feature_in_read = read i64 @_ssdm_op_Read.ap_auto.i64, i64 %feature_in"   --->   Operation 20 'read' 'feature_in_read' <Predicate = true> <Delay = 0.00>
ST_1 : Operation 21 [1/1] (0.00ns)   --->   "%add_ln116_read = read i32 @_ssdm_op_Read.ap_auto.i32, i32 %add_ln116"   --->   Operation 21 'read' 'add_ln116_read' <Predicate = true> <Delay = 0.00>
ST_1 : Operation 22 [1/1] (0.00ns)   --->   "%mul_ln105_1_read = read i32 @_ssdm_op_Read.ap_auto.i32, i32 %mul_ln105_1"   --->   Operation 22 'read' 'mul_ln105_1_read' <Predicate = true> <Delay = 0.00>
ST_1 : Operation 23 [1/1] (0.00ns)   --->   "%phi_mul594_read = read i32 @_ssdm_op_Read.ap_auto.i32, i32 %phi_mul594"   --->   Operation 23 'read' 'phi_mul594_read' <Predicate = true> <Delay = 0.00>
ST_1 : Operation 24 [1/1] (0.00ns)   --->   "%zext_ln87_2_read = read i16 @_ssdm_op_Read.ap_auto.i16, i16 %zext_ln87_2"   --->   Operation 24 'read' 'zext_ln87_2_read' <Predicate = true> <Delay = 0.00>
ST_1 : Operation 25 [1/1] (0.00ns)   --->   "%tmp22_read = read i1 @_ssdm_op_Read.ap_auto.i1, i1 %tmp22"   --->   Operation 25 'read' 'tmp22_read' <Predicate = true> <Delay = 0.00>
ST_1 : Operation 26 [1/1] (0.00ns)   --->   "%C_in_read = read i16 @_ssdm_op_Read.ap_auto.i16, i16 %C_in"   --->   Operation 26 'read' 'C_in_read' <Predicate = true> <Delay = 0.00>
ST_1 : Operation 27 [1/1] (0.00ns)   --->   "%bound_read = read i80 @_ssdm_op_Read.ap_auto.i80, i80 %bound"   --->   Operation 27 'read' 'bound_read' <Predicate = true> <Delay = 0.00>
ST_1 : Operation 28 [1/1] (0.00ns)   --->   "%conv_i_i961_read = read i16 @_ssdm_op_Read.ap_auto.i16, i16 %conv_i_i961"   --->   Operation 28 'read' 'conv_i_i961_read' <Predicate = true> <Delay = 0.00>
ST_1 : Operation 29 [1/1] (0.00ns)   --->   "%add_i_i1015_read = read i32 @_ssdm_op_Read.ap_auto.i32, i32 %add_i_i1015"   --->   Operation 29 'read' 'add_i_i1015_read' <Predicate = true> <Delay = 0.00>
ST_1 : Operation 30 [1/1] (0.00ns)   --->   "%zext_ln87_2_cast = zext i16 %zext_ln87_2_read"   --->   Operation 30 'zext' 'zext_ln87_2_cast' <Predicate = true> <Delay = 0.00>
ST_1 : Operation 31 [1/1] (0.00ns)   --->   "%conv_i_i961_cast = zext i16 %conv_i_i961_read"   --->   Operation 31 'zext' 'conv_i_i961_cast' <Predicate = true> <Delay = 0.00>
ST_1 : Operation 32 [1/1] (0.00ns)   --->   "%specinterface_ln0 = specinterface void @_ssdm_op_SpecInterface, i32 %gmem1, void @empty_29, i32 0, i32 0, void @empty_43, i32 0, i32 2147483647, void @empty_44, void @empty_45, void @empty_43, i32 16, i32 16, i32 16, i32 16, void @empty_43, void @empty_43, i32 4294967295, i32 0"   --->   Operation 32 'specinterface' 'specinterface_ln0' <Predicate = true> <Delay = 0.00>
ST_1 : Operation 33 [1/1] (1.29ns)   --->   "%store_ln0 = store i80 0, i80 %indvar_flatten"   --->   Operation 33 'store' 'store_ln0' <Predicate = true> <Delay = 1.29>
ST_1 : Operation 34 [1/1] (1.29ns)   --->   "%store_ln0 = store i64 0, i64 %w_in_blk"   --->   Operation 34 'store' 'store_ln0' <Predicate = true> <Delay = 1.29>
ST_1 : Operation 35 [1/1] (1.29ns)   --->   "%store_ln0 = store i16 0, i16 %c_in_3"   --->   Operation 35 'store' 'store_ln0' <Predicate = true> <Delay = 1.29>
ST_1 : Operation 36 [1/1] (1.29ns)   --->   "%br_ln0 = br void %for.body82"   --->   Operation 36 'br' 'br_ln0' <Predicate = true> <Delay = 1.29>

State 2 <SV = 1> <Delay = 6.55>
ST_2 : Operation 37 [1/1] (0.00ns)   --->   "%first_iter_0 = phi i1 1, void %newFuncRoot, i1 0, void %for.inc119"   --->   Operation 37 'phi' 'first_iter_0' <Predicate = true> <Delay = 0.00>
ST_2 : Operation 38 [1/1] (0.00ns)   --->   "%w_in_blk_1 = load i64 %w_in_blk"   --->   Operation 38 'load' 'w_in_blk_1' <Predicate = true> <Delay = 0.00>
ST_2 : Operation 39 [1/1] (0.00ns)   --->   "%indvar_flatten_load = load i80 %indvar_flatten"   --->   Operation 39 'load' 'indvar_flatten_load' <Predicate = true> <Delay = 0.00>
ST_2 : Operation 40 [1/1] (0.00ns)   --->   "%trunc_ln1027 = trunc i64 %w_in_blk_1"   --->   Operation 40 'trunc' 'trunc_ln1027' <Predicate = true> <Delay = 0.00>
ST_2 : Operation 41 [1/1] (1.89ns)   --->   "%w_in = add i32 %trunc_ln1027, i32 %add_i_i1015_read"   --->   Operation 41 'add' 'w_in' <Predicate = true> <Delay = 1.89> <CoreInst = "Adder">   --->   Core 1 'Adder' <Latency = 0> <II = 1> <Delay = 1.89> <FuncUnit> <Opcode : 'add' 'sub'> <InPorts = 2> <OutPorts = 1>
ST_2 : Operation 42 [1/1] (0.00ns) (grouped into LUT with out node tmp23)   --->   "%tmp = bitselect i1 @_ssdm_op_BitSelect.i1.i32.i32, i32 %w_in, i32 31"   --->   Operation 42 'bitselect' 'tmp' <Predicate = true> <Delay = 0.00>
ST_2 : Operation 43 [1/1] (0.00ns) (grouped into LUT with out node tmp23)   --->   "%rev = xor i1 %tmp, i1 1"   --->   Operation 43 'xor' 'rev' <Predicate = true> <Delay = 0.00> <CoreInst = "LogicGate">   --->   Core 74 'LogicGate' <Latency = 0> <II = 1> <Delay = 0.80> <FuncUnit> <Opcode : 'and' 'or' 'xor'> <InPorts = 2> <OutPorts = 1>
ST_2 : Operation 44 [1/1] (1.96ns)   --->   "%cmp_i_i962 = icmp_slt  i32 %w_in, i32 %conv_i_i961_cast"   --->   Operation 44 'icmp' 'cmp_i_i962' <Predicate = true> <Delay = 1.96> <CoreInst = "Cmp">   --->   Core 9 'Cmp' <Latency = 0> <II = 1> <Delay = 1.96> <FuncUnit> <Opcode : 'icmp'> <InPorts = 2> <OutPorts = 1>
ST_2 : Operation 45 [1/1] (0.80ns) (out node of the LUT)   --->   "%tmp23 = and i1 %cmp_i_i962, i1 %rev"   --->   Operation 45 'and' 'tmp23' <Predicate = true> <Delay = 0.80> <CoreInst = "LogicGate">   --->   Core 74 'LogicGate' <Latency = 0> <II = 1> <Delay = 0.80> <FuncUnit> <Opcode : 'and' 'or' 'xor'> <InPorts = 2> <OutPorts = 1>
ST_2 : Operation 46 [1/1] (2.44ns)   --->   "%icmp_ln1027 = icmp_eq  i80 %indvar_flatten_load, i80 %bound_read"   --->   Operation 46 'icmp' 'icmp_ln1027' <Predicate = true> <Delay = 2.44> <CoreInst = "Cmp">   --->   Core 9 'Cmp' <Latency = 0> <II = 1> <Delay = 2.44> <FuncUnit> <Opcode : 'icmp'> <InPorts = 2> <OutPorts = 1>
ST_2 : Operation 47 [1/1] (2.94ns)   --->   "%add_ln1027 = add i80 %indvar_flatten_load, i80 1"   --->   Operation 47 'add' 'add_ln1027' <Predicate = true> <Delay = 2.94> <CoreInst = "Adder">   --->   Core 1 'Adder' <Latency = 0> <II = 1> <Delay = 2.94> <FuncUnit> <Opcode : 'add' 'sub'> <InPorts = 2> <OutPorts = 1>
ST_2 : Operation 48 [1/1] (0.00ns)   --->   "%br_ln1027 = br i1 %icmp_ln1027, void %for.inc122.loopexit, void %for.inc125.loopexit.exitStub"   --->   Operation 48 'br' 'br_ln1027' <Predicate = true> <Delay = 0.00>
ST_2 : Operation 49 [1/1] (0.00ns)   --->   "%c_in_3_load = load i16 %c_in_3"   --->   Operation 49 'load' 'c_in_3_load' <Predicate = (!icmp_ln1027)> <Delay = 0.00>
ST_2 : Operation 50 [1/1] (2.69ns)   --->   "%add_ln116_1 = add i64 %w_in_blk_1, i64 1" [../ip/ip6/conv_bn_relu.cpp:116]   --->   Operation 50 'add' 'add_ln116_1' <Predicate = (!icmp_ln1027)> <Delay = 2.69> <CoreInst = "Adder">   --->   Core 1 'Adder' <Latency = 0> <II = 1> <Delay = 2.69> <FuncUnit> <Opcode : 'add' 'sub'> <InPorts = 2> <OutPorts = 1>
ST_2 : Operation 51 [1/1] (2.13ns)   --->   "%icmp_ln1027_3 = icmp_eq  i16 %c_in_3_load, i16 %C_in_read"   --->   Operation 51 'icmp' 'icmp_ln1027_3' <Predicate = (!icmp_ln1027)> <Delay = 2.13> <CoreInst = "Cmp">   --->   Core 9 'Cmp' <Latency = 0> <II = 1> <Delay = 2.13> <FuncUnit> <Opcode : 'icmp'> <InPorts = 2> <OutPorts = 1>
ST_2 : Operation 52 [1/1] (0.80ns)   --->   "%or_ln1027 = or i1 %icmp_ln1027_3, i1 %first_iter_0"   --->   Operation 52 'or' 'or_ln1027' <Predicate = (!icmp_ln1027)> <Delay = 0.80> <CoreInst = "LogicGate">   --->   Core 74 'LogicGate' <Latency = 0> <II = 1> <Delay = 0.80> <FuncUnit> <Opcode : 'and' 'or' 'xor'> <InPorts = 2> <OutPorts = 1>
ST_2 : Operation 53 [1/1] (0.62ns)   --->   "%select_ln1027_10 = select i1 %icmp_ln1027_3, i16 0, i16 %c_in_3_load"   --->   Operation 53 'select' 'select_ln1027_10' <Predicate = (!icmp_ln1027)> <Delay = 0.62> <CoreInst = "Sel">   --->   Core 73 'Sel' <Latency = 0> <II = 1> <Delay = 0.62> <FuncUnit> <Opcode : 'select'> <InPorts = 3> <OutPorts = 1>
ST_2 : Operation 54 [1/1] (0.00ns)   --->   "%trunc_ln1027_1 = trunc i64 %add_ln116_1"   --->   Operation 54 'trunc' 'trunc_ln1027_1' <Predicate = (!icmp_ln1027)> <Delay = 0.00>
ST_2 : Operation 55 [1/1] (1.89ns)   --->   "%w_in_1_mid1 = add i32 %trunc_ln1027_1, i32 %add_i_i1015_read"   --->   Operation 55 'add' 'w_in_1_mid1' <Predicate = (!icmp_ln1027)> <Delay = 1.89> <CoreInst = "Adder">   --->   Core 1 'Adder' <Latency = 0> <II = 1> <Delay = 1.89> <FuncUnit> <Opcode : 'add' 'sub'> <InPorts = 2> <OutPorts = 1>
ST_2 : Operation 56 [1/1] (1.96ns)   --->   "%cmp_i_i962_mid1 = icmp_slt  i32 %w_in_1_mid1, i32 %conv_i_i961_cast"   --->   Operation 56 'icmp' 'cmp_i_i962_mid1' <Predicate = (!icmp_ln1027)> <Delay = 1.96> <CoreInst = "Cmp">   --->   Core 9 'Cmp' <Latency = 0> <II = 1> <Delay = 1.96> <FuncUnit> <Opcode : 'icmp'> <InPorts = 2> <OutPorts = 1>
ST_2 : Operation 57 [1/1] (0.70ns)   --->   "%select_ln1027_11 = select i1 %icmp_ln1027_3, i32 %trunc_ln1027_1, i32 %trunc_ln1027"   --->   Operation 57 'select' 'select_ln1027_11' <Predicate = (!icmp_ln1027)> <Delay = 0.70> <CoreInst = "Sel">   --->   Core 73 'Sel' <Latency = 0> <II = 1> <Delay = 0.70> <FuncUnit> <Opcode : 'select'> <InPorts = 3> <OutPorts = 1>
ST_2 : Operation 58 [1/1] (1.17ns)   --->   "%select_ln1027_12 = select i1 %icmp_ln1027_3, i64 %add_ln116_1, i64 %w_in_blk_1"   --->   Operation 58 'select' 'select_ln1027_12' <Predicate = (!icmp_ln1027)> <Delay = 1.17> <CoreInst = "Sel">   --->   Core 73 'Sel' <Latency = 0> <II = 1> <Delay = 1.17> <FuncUnit> <Opcode : 'select'> <InPorts = 3> <OutPorts = 1>
ST_2 : Operation 59 [1/1] (0.00ns)   --->   "%trunc_ln131 = trunc i62 %sub_ln131_read" [../ip/ip6/conv_bn_relu.cpp:131]   --->   Operation 59 'trunc' 'trunc_ln131' <Predicate = (!icmp_ln1027)> <Delay = 0.00>
ST_2 : Operation 60 [1/1] (0.00ns)   --->   "%trunc_ln131_1 = trunc i64 %select_ln1027_12" [../ip/ip6/conv_bn_relu.cpp:131]   --->   Operation 60 'trunc' 'trunc_ln131_1' <Predicate = (!icmp_ln1027)> <Delay = 0.00>
ST_2 : Operation 61 [1/1] (1.28ns)   --->   "%add_ln131 = add i6 %trunc_ln131, i6 %trunc_ln131_1" [../ip/ip6/conv_bn_relu.cpp:131]   --->   Operation 61 'add' 'add_ln131' <Predicate = (!icmp_ln1027)> <Delay = 1.28> <CoreInst = "Adder">   --->   Core 1 'Adder' <Latency = 0> <II = 1> <Delay = 1.28> <FuncUnit> <Opcode : 'add' 'sub'> <InPorts = 2> <OutPorts = 1>
ST_2 : Operation 62 [1/1] (0.00ns)   --->   "%tmp_s = bitconcatenate i8 @_ssdm_op_BitConcatenate.i8.i6.i2, i6 %add_ln131, i2 0" [../ip/ip6/conv_bn_relu.cpp:131]   --->   Operation 62 'bitconcatenate' 'tmp_s' <Predicate = (!icmp_ln1027)> <Delay = 0.00>
ST_2 : Operation 63 [1/1] (0.00ns)   --->   "%br_ln117 = br i1 %or_ln1027, void %for.body82.split, void %for.first.iter.for.body82" [../ip/ip6/conv_bn_relu.cpp:117]   --->   Operation 63 'br' 'br_ln117' <Predicate = (!icmp_ln1027)> <Delay = 0.00>
ST_2 : Operation 64 [1/1] (0.00ns)   --->   "%lshr_ln4 = partselect i8 @_ssdm_op_PartSelect.i8.i16.i32.i32, i16 %select_ln1027_10, i32 1, i32 8" [../ip/ip6/conv_bn_relu.cpp:131]   --->   Operation 64 'partselect' 'lshr_ln4' <Predicate = (!icmp_ln1027)> <Delay = 0.00>
ST_2 : Operation 65 [1/1] (1.30ns)   --->   "%add_ln131_1 = add i8 %tmp_s, i8 %lshr_ln4" [../ip/ip6/conv_bn_relu.cpp:131]   --->   Operation 65 'add' 'add_ln131_1' <Predicate = (!icmp_ln1027)> <Delay = 1.30> <CoreInst = "Adder">   --->   Core 1 'Adder' <Latency = 0> <II = 1> <Delay = 1.30> <FuncUnit> <Opcode : 'add' 'sub'> <InPorts = 2> <OutPorts = 1>
ST_2 : Operation 66 [1/1] (0.00ns)   --->   "%trunc_ln131_2 = trunc i16 %select_ln1027_10" [../ip/ip6/conv_bn_relu.cpp:131]   --->   Operation 66 'trunc' 'trunc_ln131_2' <Predicate = (!icmp_ln1027)> <Delay = 0.00>
ST_2 : Operation 67 [1/1] (1.54ns)   --->   "%add_ln117 = add i16 %select_ln1027_10, i16 1" [../ip/ip6/conv_bn_relu.cpp:117]   --->   Operation 67 'add' 'add_ln117' <Predicate = (!icmp_ln1027)> <Delay = 1.54> <CoreInst = "Adder">   --->   Core 1 'Adder' <Latency = 0> <II = 1> <Delay = 1.54> <FuncUnit> <Opcode : 'add' 'sub'> <InPorts = 2> <OutPorts = 1>
ST_2 : Operation 68 [1/1] (1.29ns)   --->   "%store_ln117 = store i80 %add_ln1027, i80 %indvar_flatten" [../ip/ip6/conv_bn_relu.cpp:117]   --->   Operation 68 'store' 'store_ln117' <Predicate = (!icmp_ln1027)> <Delay = 1.29>
ST_2 : Operation 69 [1/1] (1.29ns)   --->   "%store_ln117 = store i64 %select_ln1027_12, i64 %w_in_blk" [../ip/ip6/conv_bn_relu.cpp:117]   --->   Operation 69 'store' 'store_ln117' <Predicate = (!icmp_ln1027)> <Delay = 1.29>
ST_2 : Operation 70 [1/1] (1.29ns)   --->   "%store_ln117 = store i16 %add_ln117, i16 %c_in_3" [../ip/ip6/conv_bn_relu.cpp:117]   --->   Operation 70 'store' 'store_ln117' <Predicate = (!icmp_ln1027)> <Delay = 1.29>
ST_2 : Operation 71 [1/1] (0.00ns)   --->   "%br_ln117 = br void %for.body82" [../ip/ip6/conv_bn_relu.cpp:117]   --->   Operation 71 'br' 'br_ln117' <Predicate = (!icmp_ln1027)> <Delay = 0.00>

State 3 <SV = 2> <Delay = 7.05>
ST_3 : Operation 72 [1/1] (0.00ns) (grouped into LUT with out node and_ln1027)   --->   "%tmp_1 = bitselect i1 @_ssdm_op_BitSelect.i1.i32.i32, i32 %w_in_1_mid1, i32 31"   --->   Operation 72 'bitselect' 'tmp_1' <Predicate = (icmp_ln1027_3)> <Delay = 0.00>
ST_3 : Operation 73 [1/1] (0.00ns) (grouped into LUT with out node and_ln1027)   --->   "%rev21 = xor i1 %tmp_1, i1 1"   --->   Operation 73 'xor' 'rev21' <Predicate = (icmp_ln1027_3)> <Delay = 0.00> <CoreInst = "LogicGate">   --->   Core 74 'LogicGate' <Latency = 0> <II = 1> <Delay = 0.80> <FuncUnit> <Opcode : 'and' 'or' 'xor'> <InPorts = 2> <OutPorts = 1>
ST_3 : Operation 74 [1/1] (0.00ns) (grouped into LUT with out node and_ln1027)   --->   "%tmp23_mid1 = and i1 %cmp_i_i962_mid1, i1 %rev21"   --->   Operation 74 'and' 'tmp23_mid1' <Predicate = (icmp_ln1027_3)> <Delay = 0.00> <CoreInst = "LogicGate">   --->   Core 74 'LogicGate' <Latency = 0> <II = 1> <Delay = 0.80> <FuncUnit> <Opcode : 'and' 'or' 'xor'> <InPorts = 2> <OutPorts = 1>
ST_3 : Operation 75 [1/1] (0.00ns) (grouped into LUT with out node and_ln1027)   --->   "%select_ln1027 = select i1 %icmp_ln1027_3, i1 %tmp23_mid1, i1 %tmp23"   --->   Operation 75 'select' 'select_ln1027' <Predicate = true> <Delay = 0.00> <CoreInst = "Sel">   --->   Core 73 'Sel' <Latency = 0> <II = 1> <Delay = 0.81> <FuncUnit> <Opcode : 'select'> <InPorts = 3> <OutPorts = 1>
ST_3 : Operation 76 [1/1] (0.81ns) (out node of the LUT)   --->   "%and_ln1027 = and i1 %select_ln1027, i1 %tmp22_read"   --->   Operation 76 'and' 'and_ln1027' <Predicate = true> <Delay = 0.81> <CoreInst = "LogicGate">   --->   Core 74 'LogicGate' <Latency = 0> <II = 1> <Delay = 0.80> <FuncUnit> <Opcode : 'and' 'or' 'xor'> <InPorts = 2> <OutPorts = 1>
ST_3 : Operation 77 [1/1] (7.05ns)   --->   "%mul_ln1027 = mul i32 %select_ln1027_11, i32 %zext_ln87_2_cast"   --->   Operation 77 'mul' 'mul_ln1027' <Predicate = true> <Delay = 7.05> <CoreInst = "Multiplier">   --->   Core 3 'Multiplier' <Latency = 0> <II = 1> <Delay = 7.05> <FuncUnit> <Opcode : 'mul'> <InPorts = 2> <OutPorts = 1>
ST_3 : Operation 78 [1/1] (0.00ns)   --->   "%specpipeline_ln118 = specpipeline void @_ssdm_op_SpecPipeline, i32 1, i32 0, i32 0, i32 0, void @empty_43" [../ip/ip6/conv_bn_relu.cpp:118]   --->   Operation 78 'specpipeline' 'specpipeline_ln118' <Predicate = true> <Delay = 0.00>
ST_3 : Operation 79 [1/1] (0.00ns)   --->   "%specloopname_ln117 = specloopname void @_ssdm_op_SpecLoopName, void @empty_20" [../ip/ip6/conv_bn_relu.cpp:117]   --->   Operation 79 'specloopname' 'specloopname_ln117' <Predicate = true> <Delay = 0.00>
ST_3 : Operation 80 [1/1] (0.00ns)   --->   "%zext_ln131 = zext i8 %add_ln131_1" [../ip/ip6/conv_bn_relu.cpp:131]   --->   Operation 80 'zext' 'zext_ln131' <Predicate = true> <Delay = 0.00>
ST_3 : Operation 81 [1/1] (0.00ns)   --->   "%local_feature_in_blk_addr = getelementptr i32 %local_feature_in_blk, i64 0, i64 %zext_ln131" [../ip/ip6/conv_bn_relu.cpp:131]   --->   Operation 81 'getelementptr' 'local_feature_in_blk_addr' <Predicate = true> <Delay = 0.00>
ST_3 : Operation 82 [1/1] (0.00ns)   --->   "%local_feature_in_blk_1_addr = getelementptr i32 %local_feature_in_blk_1, i64 0, i64 %zext_ln131" [../ip/ip6/conv_bn_relu.cpp:131]   --->   Operation 82 'getelementptr' 'local_feature_in_blk_1_addr' <Predicate = true> <Delay = 0.00>
ST_3 : Operation 83 [1/1] (0.00ns)   --->   "%br_ln126 = br i1 %and_ln1027, void %if.else, void %if.then98" [../ip/ip6/conv_bn_relu.cpp:126]   --->   Operation 83 'br' 'br_ln126' <Predicate = true> <Delay = 0.00>
ST_3 : Operation 84 [1/1] (0.00ns)   --->   "%br_ln131 = br i1 %trunc_ln131_2, void %arrayidx11812.case.03770, void %arrayidx11812.case.13771" [../ip/ip6/conv_bn_relu.cpp:131]   --->   Operation 84 'br' 'br_ln131' <Predicate = (!and_ln1027)> <Delay = 0.00>
ST_3 : Operation 85 [1/1] (2.77ns)   --->   "%store_ln131 = store i32 0, i8 %local_feature_in_blk_addr" [../ip/ip6/conv_bn_relu.cpp:131]   --->   Operation 85 'store' 'store_ln131' <Predicate = (!and_ln1027 & !trunc_ln131_2)> <Delay = 2.77> <CoreInst = "RAM">   --->   Core 82 'RAM' <Latency = 1> <II = 1> <Delay = 2.77> <Storage> <Opcode : 'load' 'store'> <Ports = 2> <Width = 32> <Depth = 144> <RAM>
ST_3 : Operation 86 [1/1] (0.00ns)   --->   "%br_ln131 = br void %arrayidx11812.exit3769" [../ip/ip6/conv_bn_relu.cpp:131]   --->   Operation 86 'br' 'br_ln131' <Predicate = (!and_ln1027 & !trunc_ln131_2)> <Delay = 0.00>
ST_3 : Operation 87 [1/1] (2.77ns)   --->   "%store_ln131 = store i32 0, i8 %local_feature_in_blk_1_addr" [../ip/ip6/conv_bn_relu.cpp:131]   --->   Operation 87 'store' 'store_ln131' <Predicate = (!and_ln1027 & trunc_ln131_2)> <Delay = 2.77> <CoreInst = "RAM">   --->   Core 82 'RAM' <Latency = 1> <II = 1> <Delay = 2.77> <Storage> <Opcode : 'load' 'store'> <Ports = 2> <Width = 32> <Depth = 144> <RAM>
ST_3 : Operation 88 [1/1] (0.00ns)   --->   "%br_ln131 = br void %arrayidx11812.exit3769" [../ip/ip6/conv_bn_relu.cpp:131]   --->   Operation 88 'br' 'br_ln131' <Predicate = (!and_ln1027 & trunc_ln131_2)> <Delay = 0.00>
ST_3 : Operation 89 [1/1] (0.00ns)   --->   "%br_ln0 = br void %for.inc119"   --->   Operation 89 'br' 'br_ln0' <Predicate = (!and_ln1027)> <Delay = 0.00>
ST_3 : Operation 90 [1/1] (0.00ns)   --->   "%br_ln128 = br i1 %trunc_ln131_2, void %arrayidx11812.case.0, void %arrayidx11812.case.1" [../ip/ip6/conv_bn_relu.cpp:128]   --->   Operation 90 'br' 'br_ln128' <Predicate = (and_ln1027)> <Delay = 0.00>
ST_3 : Operation 91 [1/1] (0.00ns)   --->   "%br_ln129 = br void %for.inc119" [../ip/ip6/conv_bn_relu.cpp:129]   --->   Operation 91 'br' 'br_ln129' <Predicate = (and_ln1027)> <Delay = 0.00>

State 4 <SV = 3> <Delay = 5.48>
ST_4 : Operation 92 [1/1] (1.89ns)   --->   "%add_ln1027_3 = add i32 %phi_mul594_read, i32 %mul_ln1027"   --->   Operation 92 'add' 'add_ln1027_3' <Predicate = true> <Delay = 1.89> <CoreInst = "Adder">   --->   Core 1 'Adder' <Latency = 0> <II = 1> <Delay = 1.89> <FuncUnit> <Opcode : 'add' 'sub'> <InPorts = 2> <OutPorts = 1>
ST_4 : Operation 93 [1/1] (0.00ns) (grouped into TernaryAdder)   --->   "%add_ln1027_4 = add i32 %add_ln1027_3, i32 %mul_ln105_1_read"   --->   Operation 93 'add' 'add_ln1027_4' <Predicate = true> <Delay = 0.00> <CoreInst = "TAddSub">   --->   Core 10 'TAddSub' <Latency = 0> <II = 1> <Delay = 1.79> <IPBlock> <Opcode : 'add' 'sub'> <InPorts = 3> <OutPorts = 1> <Sync> <CReg>
ST_4 : Operation 94 [1/1] (3.58ns) (root node of TernaryAdder)   --->   "%add_ln1027_5 = add i32 %add_ln1027_4, i32 %add_ln116_read"   --->   Operation 94 'add' 'add_ln1027_5' <Predicate = true> <Delay = 3.58> <CoreInst = "TAddSub">   --->   Core 10 'TAddSub' <Latency = 0> <II = 1> <Delay = 1.79> <IPBlock> <Opcode : 'add' 'sub'> <InPorts = 3> <OutPorts = 1> <Sync> <CReg>

State 5 <SV = 4> <Delay = 2.69>
ST_5 : Operation 95 [1/1] (0.00ns)   --->   "%sext_ln117_mid2_v_v_v_v_v = bitconcatenate i34 @_ssdm_op_BitConcatenate.i34.i32.i2, i32 %add_ln1027_5, i2 0"   --->   Operation 95 'bitconcatenate' 'sext_ln117_mid2_v_v_v_v_v' <Predicate = true> <Delay = 0.00>
ST_5 : Operation 96 [1/1] (0.00ns)   --->   "%sext_ln1027 = sext i34 %sext_ln117_mid2_v_v_v_v_v"   --->   Operation 96 'sext' 'sext_ln1027' <Predicate = true> <Delay = 0.00>
ST_5 : Operation 97 [1/1] (2.69ns)   --->   "%add_ln1027_6 = add i64 %sext_ln1027, i64 %feature_in_read"   --->   Operation 97 'add' 'add_ln1027_6' <Predicate = true> <Delay = 2.69> <CoreInst = "Adder">   --->   Core 1 'Adder' <Latency = 0> <II = 1> <Delay = 2.69> <FuncUnit> <Opcode : 'add' 'sub'> <InPorts = 2> <OutPorts = 1>
ST_5 : Operation 98 [1/1] (0.00ns)   --->   "%sext_ln117_mid2_v = partselect i62 @_ssdm_op_PartSelect.i62.i64.i32.i32, i64 %add_ln1027_6, i32 2, i32 63"   --->   Operation 98 'partselect' 'sext_ln117_mid2_v' <Predicate = true> <Delay = 0.00>

State 6 <SV = 5> <Delay = 7.30>
ST_6 : Operation 99 [1/1] (0.00ns)   --->   "%specloopname_ln0 = specloopname void @_ssdm_op_SpecLoopName, void @VITIS_LOOP_116_6_VITIS_LOOP_117_7_str"   --->   Operation 99 'specloopname' 'specloopname_ln0' <Predicate = true> <Delay = 0.00>
ST_6 : Operation 100 [1/1] (0.00ns)   --->   "%sext_ln1027_2 = sext i62 %sext_ln117_mid2_v"   --->   Operation 100 'sext' 'sext_ln1027_2' <Predicate = true> <Delay = 0.00>
ST_6 : Operation 101 [1/1] (0.00ns)   --->   "%gmem1_addr = getelementptr i32 %gmem1, i64 %sext_ln1027_2" [../ip/ip6/conv_bn_relu.cpp:117]   --->   Operation 101 'getelementptr' 'gmem1_addr' <Predicate = (or_ln1027)> <Delay = 0.00>
ST_6 : Operation 102 [7/7] (7.30ns)   --->   "%empty = readreq i1 @_ssdm_op_ReadReq.m_axi.p1i32, i64 %gmem1_addr, i32 0" [../ip/ip6/conv_bn_relu.cpp:117]   --->   Operation 102 'readreq' 'empty' <Predicate = (or_ln1027)> <Delay = 7.30> <CoreInst = "m_axi">   --->   Core 113 'm_axi' <Latency = 0> <II = 1> <Delay = 1.00> <Adapter> <Opcode : 'read' 'write' 'readreq' 'writereq' 'writeresp'>
ST_6 : Operation 103 [1/1] (0.00ns)   --->   "%gmem1_addr_1 = getelementptr i32 %gmem1, i64 %sext_ln1027_2" [../ip/ip6/conv_bn_relu.cpp:117]   --->   Operation 103 'getelementptr' 'gmem1_addr_1' <Predicate = (and_ln1027)> <Delay = 0.00>

State 7 <SV = 6> <Delay = 7.30>
ST_7 : Operation 104 [6/7] (7.30ns)   --->   "%empty = readreq i1 @_ssdm_op_ReadReq.m_axi.p1i32, i64 %gmem1_addr, i32 0" [../ip/ip6/conv_bn_relu.cpp:117]   --->   Operation 104 'readreq' 'empty' <Predicate = (or_ln1027)> <Delay = 7.30> <CoreInst = "m_axi">   --->   Core 113 'm_axi' <Latency = 0> <II = 1> <Delay = 1.00> <Adapter> <Opcode : 'read' 'write' 'readreq' 'writereq' 'writeresp'>

State 8 <SV = 7> <Delay = 7.30>
ST_8 : Operation 105 [5/7] (7.30ns)   --->   "%empty = readreq i1 @_ssdm_op_ReadReq.m_axi.p1i32, i64 %gmem1_addr, i32 0" [../ip/ip6/conv_bn_relu.cpp:117]   --->   Operation 105 'readreq' 'empty' <Predicate = (or_ln1027)> <Delay = 7.30> <CoreInst = "m_axi">   --->   Core 113 'm_axi' <Latency = 0> <II = 1> <Delay = 1.00> <Adapter> <Opcode : 'read' 'write' 'readreq' 'writereq' 'writeresp'>

State 9 <SV = 8> <Delay = 7.30>
ST_9 : Operation 106 [4/7] (7.30ns)   --->   "%empty = readreq i1 @_ssdm_op_ReadReq.m_axi.p1i32, i64 %gmem1_addr, i32 0" [../ip/ip6/conv_bn_relu.cpp:117]   --->   Operation 106 'readreq' 'empty' <Predicate = (or_ln1027)> <Delay = 7.30> <CoreInst = "m_axi">   --->   Core 113 'm_axi' <Latency = 0> <II = 1> <Delay = 1.00> <Adapter> <Opcode : 'read' 'write' 'readreq' 'writereq' 'writeresp'>

State 10 <SV = 9> <Delay = 7.30>
ST_10 : Operation 107 [3/7] (7.30ns)   --->   "%empty = readreq i1 @_ssdm_op_ReadReq.m_axi.p1i32, i64 %gmem1_addr, i32 0" [../ip/ip6/conv_bn_relu.cpp:117]   --->   Operation 107 'readreq' 'empty' <Predicate = (or_ln1027)> <Delay = 7.30> <CoreInst = "m_axi">   --->   Core 113 'm_axi' <Latency = 0> <II = 1> <Delay = 1.00> <Adapter> <Opcode : 'read' 'write' 'readreq' 'writereq' 'writeresp'>

State 11 <SV = 10> <Delay = 7.30>
ST_11 : Operation 108 [2/7] (7.30ns)   --->   "%empty = readreq i1 @_ssdm_op_ReadReq.m_axi.p1i32, i64 %gmem1_addr, i32 0" [../ip/ip6/conv_bn_relu.cpp:117]   --->   Operation 108 'readreq' 'empty' <Predicate = (or_ln1027)> <Delay = 7.30> <CoreInst = "m_axi">   --->   Core 113 'm_axi' <Latency = 0> <II = 1> <Delay = 1.00> <Adapter> <Opcode : 'read' 'write' 'readreq' 'writereq' 'writeresp'>

State 12 <SV = 11> <Delay = 7.30>
ST_12 : Operation 109 [1/7] (7.30ns)   --->   "%empty = readreq i1 @_ssdm_op_ReadReq.m_axi.p1i32, i64 %gmem1_addr, i32 0" [../ip/ip6/conv_bn_relu.cpp:117]   --->   Operation 109 'readreq' 'empty' <Predicate = (or_ln1027)> <Delay = 7.30> <CoreInst = "m_axi">   --->   Core 113 'm_axi' <Latency = 0> <II = 1> <Delay = 1.00> <Adapter> <Opcode : 'read' 'write' 'readreq' 'writereq' 'writeresp'>
ST_12 : Operation 110 [1/1] (0.00ns)   --->   "%br_ln117 = br void %for.body82.split" [../ip/ip6/conv_bn_relu.cpp:117]   --->   Operation 110 'br' 'br_ln117' <Predicate = (or_ln1027)> <Delay = 0.00>

State 13 <SV = 12> <Delay = 7.30>
ST_13 : Operation 111 [1/1] (7.30ns)   --->   "%gmem1_addr_1_read = read i32 @_ssdm_op_Read.m_axi.p1i32, i64 %gmem1_addr_1" [../ip/ip6/conv_bn_relu.cpp:128]   --->   Operation 111 'read' 'gmem1_addr_1_read' <Predicate = (and_ln1027)> <Delay = 7.30> <CoreInst = "m_axi">   --->   Core 113 'm_axi' <Latency = 0> <II = 1> <Delay = 1.00> <Adapter> <Opcode : 'read' 'write' 'readreq' 'writereq' 'writeresp'>
ST_13 : Operation 112 [1/1] (0.00ns)   --->   "%bitcast_ln128 = bitcast i32 %gmem1_addr_1_read" [../ip/ip6/conv_bn_relu.cpp:128]   --->   Operation 112 'bitcast' 'bitcast_ln128' <Predicate = (and_ln1027)> <Delay = 0.00>
ST_13 : Operation 117 [1/1] (0.00ns)   --->   "%ret_ln0 = ret"   --->   Operation 117 'ret' 'ret_ln0' <Predicate = (icmp_ln1027)> <Delay = 0.00>

State 14 <SV = 13> <Delay = 2.77>
ST_14 : Operation 113 [1/1] (2.77ns)   --->   "%store_ln128 = store i32 %bitcast_ln128, i8 %local_feature_in_blk_addr" [../ip/ip6/conv_bn_relu.cpp:128]   --->   Operation 113 'store' 'store_ln128' <Predicate = (and_ln1027 & !trunc_ln131_2)> <Delay = 2.77> <CoreInst = "RAM">   --->   Core 82 'RAM' <Latency = 1> <II = 1> <Delay = 2.77> <Storage> <Opcode : 'load' 'store'> <Ports = 2> <Width = 32> <Depth = 144> <RAM>
ST_14 : Operation 114 [1/1] (0.00ns)   --->   "%br_ln128 = br void %arrayidx11812.exit" [../ip/ip6/conv_bn_relu.cpp:128]   --->   Operation 114 'br' 'br_ln128' <Predicate = (and_ln1027 & !trunc_ln131_2)> <Delay = 0.00>
ST_14 : Operation 115 [1/1] (2.77ns)   --->   "%store_ln128 = store i32 %bitcast_ln128, i8 %local_feature_in_blk_1_addr" [../ip/ip6/conv_bn_relu.cpp:128]   --->   Operation 115 'store' 'store_ln128' <Predicate = (and_ln1027 & trunc_ln131_2)> <Delay = 2.77> <CoreInst = "RAM">   --->   Core 82 'RAM' <Latency = 1> <II = 1> <Delay = 2.77> <Storage> <Opcode : 'load' 'store'> <Ports = 2> <Width = 32> <Depth = 144> <RAM>
ST_14 : Operation 116 [1/1] (0.00ns)   --->   "%br_ln128 = br void %arrayidx11812.exit" [../ip/ip6/conv_bn_relu.cpp:128]   --->   Operation 116 'br' 'br_ln128' <Predicate = (and_ln1027 & trunc_ln131_2)> <Delay = 0.00>


============================================================
+ Verbose Summary: Binding
============================================================
STG Binding: 
---------------- STG Properties BEGIN ----------------
- Is combinational: 0
- Is one-state seq: 0
- Is datapath-only: 0
- Is pipelined: 0
- Is top level: 0
Port [ Return ] is wired: 1; IO mode=ap_ctrl_hs:ce=0
Port [ add_i_i1015]:  wired=1; compound=0; hidden=0; nouse=0; global=0; static=0; extern=0; dir=0; type=0; pingpong=0; private_global=0; IO mode=ap_none:ce=0
Port [ conv_i_i961]:  wired=1; compound=0; hidden=0; nouse=0; global=0; static=0; extern=0; dir=0; type=0; pingpong=0; private_global=0; IO mode=ap_none:ce=0
Port [ bound]:  wired=1; compound=0; hidden=0; nouse=0; global=0; static=0; extern=0; dir=0; type=0; pingpong=0; private_global=0; IO mode=ap_none:ce=0
Port [ gmem1]:  wired=1; compound=1; hidden=0; nouse=0; global=0; static=0; extern=0; dir=0; type=4; pingpong=0; private_global=0; IO mode=m_axi:ce=0
Port [ local_feature_in_blk_1]:  wired=1; compound=1; hidden=0; nouse=0; global=0; static=0; extern=0; dir=1; type=1; pingpong=0; private_global=0; MemPort=[00]; IO mode=ap_memory:ce=0
Port [ local_feature_in_blk]:  wired=1; compound=1; hidden=0; nouse=0; global=0; static=0; extern=0; dir=1; type=1; pingpong=0; private_global=0; MemPort=[00]; IO mode=ap_memory:ce=0
Port [ C_in]:  wired=1; compound=0; hidden=0; nouse=0; global=0; static=0; extern=0; dir=0; type=0; pingpong=0; private_global=0; IO mode=ap_none:ce=0
Port [ tmp22]:  wired=1; compound=0; hidden=0; nouse=0; global=0; static=0; extern=0; dir=0; type=0; pingpong=0; private_global=0; IO mode=ap_none:ce=0
Port [ zext_ln87_2]:  wired=1; compound=0; hidden=0; nouse=0; global=0; static=0; extern=0; dir=0; type=0; pingpong=0; private_global=0; IO mode=ap_none:ce=0
Port [ phi_mul594]:  wired=1; compound=0; hidden=0; nouse=0; global=0; static=0; extern=0; dir=0; type=0; pingpong=0; private_global=0; IO mode=ap_none:ce=0
Port [ mul_ln105_1]:  wired=1; compound=0; hidden=0; nouse=0; global=0; static=0; extern=0; dir=0; type=0; pingpong=0; private_global=0; IO mode=ap_none:ce=0
Port [ add_ln116]:  wired=1; compound=0; hidden=0; nouse=0; global=0; static=0; extern=0; dir=0; type=0; pingpong=0; private_global=0; IO mode=ap_none:ce=0
Port [ feature_in]:  wired=1; compound=0; hidden=0; nouse=0; global=0; static=0; extern=0; dir=0; type=0; pingpong=0; private_global=0; IO mode=ap_none:ce=0
Port [ sub_ln131]:  wired=1; compound=0; hidden=0; nouse=0; global=0; static=0; extern=0; dir=0; type=0; pingpong=0; private_global=0; IO mode=ap_none:ce=0
---------------- STG Properties END ------------------

---------------- Datapath Model BEGIN ----------------

<LifeTime>
<method=bitvector/>
c_in_3                      (alloca        ) [ 011000000000000]
w_in_blk                    (alloca        ) [ 011000000000000]
indvar_flatten              (alloca        ) [ 011000000000000]
sub_ln131_read              (read          ) [ 011000000000000]
feature_in_read             (read          ) [ 011111000000000]
add_ln116_read              (read          ) [ 011110000000000]
mul_ln105_1_read            (read          ) [ 011110000000000]
phi_mul594_read             (read          ) [ 011110000000000]
zext_ln87_2_read            (read          ) [ 000000000000000]
tmp22_read                  (read          ) [ 011100000000000]
C_in_read                   (read          ) [ 011000000000000]
bound_read                  (read          ) [ 011000000000000]
conv_i_i961_read            (read          ) [ 000000000000000]
add_i_i1015_read            (read          ) [ 011000000000000]
zext_ln87_2_cast            (zext          ) [ 011100000000000]
conv_i_i961_cast            (zext          ) [ 011000000000000]
specinterface_ln0           (specinterface ) [ 000000000000000]
store_ln0                   (store         ) [ 000000000000000]
store_ln0                   (store         ) [ 000000000000000]
store_ln0                   (store         ) [ 000000000000000]
br_ln0                      (br            ) [ 011000000000000]
first_iter_0                (phi           ) [ 011000000000000]
w_in_blk_1                  (load          ) [ 000000000000000]
indvar_flatten_load         (load          ) [ 000000000000000]
trunc_ln1027                (trunc         ) [ 000000000000000]
w_in                        (add           ) [ 000000000000000]
tmp                         (bitselect     ) [ 000000000000000]
rev                         (xor           ) [ 000000000000000]
cmp_i_i962                  (icmp          ) [ 000000000000000]
tmp23                       (and           ) [ 010100000000000]
icmp_ln1027                 (icmp          ) [ 011111111111111]
add_ln1027                  (add           ) [ 000000000000000]
br_ln1027                   (br            ) [ 000000000000000]
c_in_3_load                 (load          ) [ 000000000000000]
add_ln116_1                 (add           ) [ 000000000000000]
icmp_ln1027_3               (icmp          ) [ 010100000000000]
or_ln1027                   (or            ) [ 010111111111100]
select_ln1027_10            (select        ) [ 000000000000000]
trunc_ln1027_1              (trunc         ) [ 000000000000000]
w_in_1_mid1                 (add           ) [ 010100000000000]
cmp_i_i962_mid1             (icmp          ) [ 010100000000000]
select_ln1027_11            (select        ) [ 010100000000000]
select_ln1027_12            (select        ) [ 000000000000000]
trunc_ln131                 (trunc         ) [ 000000000000000]
trunc_ln131_1               (trunc         ) [ 000000000000000]
add_ln131                   (add           ) [ 000000000000000]
tmp_s                       (bitconcatenate) [ 000000000000000]
br_ln117                    (br            ) [ 000000000000000]
lshr_ln4                    (partselect    ) [ 000000000000000]
add_ln131_1                 (add           ) [ 010100000000000]
trunc_ln131_2               (trunc         ) [ 010111111111111]
add_ln117                   (add           ) [ 000000000000000]
store_ln117                 (store         ) [ 000000000000000]
store_ln117                 (store         ) [ 000000000000000]
store_ln117                 (store         ) [ 000000000000000]
br_ln117                    (br            ) [ 011000000000000]
tmp_1                       (bitselect     ) [ 000000000000000]
rev21                       (xor           ) [ 000000000000000]
tmp23_mid1                  (and           ) [ 000000000000000]
select_ln1027               (select        ) [ 000000000000000]
and_ln1027                  (and           ) [ 010111111111111]
mul_ln1027                  (mul           ) [ 010010000000000]
specpipeline_ln118          (specpipeline  ) [ 000000000000000]
specloopname_ln117          (specloopname  ) [ 000000000000000]
zext_ln131                  (zext          ) [ 000000000000000]
local_feature_in_blk_addr   (getelementptr ) [ 010011111111111]
local_feature_in_blk_1_addr (getelementptr ) [ 010011111111111]
br_ln126                    (br            ) [ 000000000000000]
br_ln131                    (br            ) [ 000000000000000]
store_ln131                 (store         ) [ 000000000000000]
br_ln131                    (br            ) [ 000000000000000]
store_ln131                 (store         ) [ 000000000000000]
br_ln131                    (br            ) [ 000000000000000]
br_ln0                      (br            ) [ 000000000000000]
br_ln128                    (br            ) [ 000000000000000]
br_ln129                    (br            ) [ 000000000000000]
add_ln1027_3                (add           ) [ 000000000000000]
add_ln1027_4                (add           ) [ 000000000000000]
add_ln1027_5                (add           ) [ 010001000000000]
sext_ln117_mid2_v_v_v_v_v   (bitconcatenate) [ 000000000000000]
sext_ln1027                 (sext          ) [ 000000000000000]
add_ln1027_6                (add           ) [ 000000000000000]
sext_ln117_mid2_v           (partselect    ) [ 010000100000000]
specloopname_ln0            (specloopname  ) [ 000000000000000]
sext_ln1027_2               (sext          ) [ 000000000000000]
gmem1_addr                  (getelementptr ) [ 010000011111100]
gmem1_addr_1                (getelementptr ) [ 010000011111110]
empty                       (readreq       ) [ 000000000000000]
br_ln117                    (br            ) [ 000000000000000]
gmem1_addr_1_read           (read          ) [ 000000000000000]
bitcast_ln128               (bitcast       ) [ 010000000000001]
store_ln128                 (store         ) [ 000000000000000]
br_ln128                    (br            ) [ 000000000000000]
store_ln128                 (store         ) [ 000000000000000]
br_ln128                    (br            ) [ 000000000000000]
ret_ln0                     (ret           ) [ 000000000000000]
</LifeTime>

<model>

<comp_list>
<comp id="0" class="1000" name="add_i_i1015">
<pin_list>
<pin id="1" dir="1" index="0" bw="1" slack="0"/>
</pin_list>
<bind>
<StgValue><ssdm name="add_i_i1015"/></StgValue>
</bind>
</comp>

<comp id="2" class="1000" name="conv_i_i961">
<pin_list>
<pin id="3" dir="1" index="0" bw="1" slack="0"/>
</pin_list>
<bind>
<StgValue><ssdm name="conv_i_i961"/></StgValue>
</bind>
</comp>

<comp id="4" class="1000" name="bound">
<pin_list>
<pin id="5" dir="1" index="0" bw="1" slack="0"/>
</pin_list>
<bind>
<StgValue><ssdm name="bound"/></StgValue>
</bind>
</comp>

<comp id="6" class="1000" name="gmem1">
<pin_list>
<pin id="7" dir="1" index="0" bw="1" slack="0"/>
</pin_list>
<bind>
<StgValue><ssdm name="gmem1"/></StgValue>
</bind>
</comp>

<comp id="8" class="1000" name="local_feature_in_blk_1">
<pin_list>
<pin id="9" dir="1" index="0" bw="1" slack="0"/>
</pin_list>
<bind>
<StgValue><ssdm name="local_feature_in_blk_1"/><MemPortTyVec>0 0 </MemPortTyVec>
</StgValue>
</bind>
</comp>

<comp id="10" class="1000" name="local_feature_in_blk">
<pin_list>
<pin id="11" dir="1" index="0" bw="1" slack="0"/>
</pin_list>
<bind>
<StgValue><ssdm name="local_feature_in_blk"/><MemPortTyVec>0 0 </MemPortTyVec>
</StgValue>
</bind>
</comp>

<comp id="12" class="1000" name="C_in">
<pin_list>
<pin id="13" dir="1" index="0" bw="1" slack="0"/>
</pin_list>
<bind>
<StgValue><ssdm name="C_in"/></StgValue>
</bind>
</comp>

<comp id="14" class="1000" name="tmp22">
<pin_list>
<pin id="15" dir="1" index="0" bw="1" slack="0"/>
</pin_list>
<bind>
<StgValue><ssdm name="tmp22"/></StgValue>
</bind>
</comp>

<comp id="16" class="1000" name="zext_ln87_2">
<pin_list>
<pin id="17" dir="1" index="0" bw="1" slack="0"/>
</pin_list>
<bind>
<StgValue><ssdm name="zext_ln87_2"/></StgValue>
</bind>
</comp>

<comp id="18" class="1000" name="phi_mul594">
<pin_list>
<pin id="19" dir="1" index="0" bw="1" slack="0"/>
</pin_list>
<bind>
<StgValue><ssdm name="phi_mul594"/></StgValue>
</bind>
</comp>

<comp id="20" class="1000" name="mul_ln105_1">
<pin_list>
<pin id="21" dir="1" index="0" bw="1" slack="0"/>
</pin_list>
<bind>
<StgValue><ssdm name="mul_ln105_1"/></StgValue>
</bind>
</comp>

<comp id="22" class="1000" name="add_ln116">
<pin_list>
<pin id="23" dir="1" index="0" bw="1" slack="0"/>
</pin_list>
<bind>
<StgValue><ssdm name="add_ln116"/></StgValue>
</bind>
</comp>

<comp id="24" class="1000" name="feature_in">
<pin_list>
<pin id="25" dir="1" index="0" bw="1" slack="0"/>
</pin_list>
<bind>
<StgValue><ssdm name="feature_in"/></StgValue>
</bind>
</comp>

<comp id="26" class="1000" name="sub_ln131">
<pin_list>
<pin id="27" dir="1" index="0" bw="1" slack="0"/>
</pin_list>
<bind>
<StgValue><ssdm name="sub_ln131"/></StgValue>
</bind>
</comp>

<comp id="28" class="1001" name="const_28">
<pin_list>
<pin id="29" dir="1" index="0" bw="1" slack="0"/>
</pin_list>
<bind>
<StgValue><ssdm name=""/></StgValue>
</bind>
</comp>

<comp id="30" class="1001" name="const_30">
<pin_list>
<pin id="31" dir="1" index="0" bw="1" slack="0"/>
</pin_list>
<bind>
<StgValue><ssdm name="_ssdm_op_Read.ap_auto.i62"/></StgValue>
</bind>
</comp>

<comp id="32" class="1001" name="const_32">
<pin_list>
<pin id="33" dir="1" index="0" bw="1" slack="0"/>
</pin_list>
<bind>
<StgValue><ssdm name="_ssdm_op_Read.ap_auto.i64"/></StgValue>
</bind>
</comp>

<comp id="34" class="1001" name="const_34">
<pin_list>
<pin id="35" dir="1" index="0" bw="1" slack="0"/>
</pin_list>
<bind>
<StgValue><ssdm name="_ssdm_op_Read.ap_auto.i32"/></StgValue>
</bind>
</comp>

<comp id="36" class="1001" name="const_36">
<pin_list>
<pin id="37" dir="1" index="0" bw="1" slack="0"/>
</pin_list>
<bind>
<StgValue><ssdm name="_ssdm_op_Read.ap_auto.i16"/></StgValue>
</bind>
</comp>

<comp id="38" class="1001" name="const_38">
<pin_list>
<pin id="39" dir="1" index="0" bw="1" slack="0"/>
</pin_list>
<bind>
<StgValue><ssdm name="_ssdm_op_Read.ap_auto.i1"/></StgValue>
</bind>
</comp>

<comp id="40" class="1001" name="const_40">
<pin_list>
<pin id="41" dir="1" index="0" bw="1" slack="0"/>
</pin_list>
<bind>
<StgValue><ssdm name="_ssdm_op_Read.ap_auto.i80"/></StgValue>
</bind>
</comp>

<comp id="42" class="1001" name="const_42">
<pin_list>
<pin id="43" dir="1" index="0" bw="1" slack="2147483647"/>
</pin_list>
<bind>
<StgValue><ssdm name="_ssdm_op_SpecInterface"/></StgValue>
</bind>
</comp>

<comp id="44" class="1001" name="const_44">
<pin_list>
<pin id="45" dir="1" index="0" bw="1" slack="2147483647"/>
</pin_list>
<bind>
<StgValue><ssdm name="empty_29"/></StgValue>
</bind>
</comp>

<comp id="46" class="1001" name="const_46">
<pin_list>
<pin id="47" dir="1" index="0" bw="1" slack="0"/>
</pin_list>
<bind>
<StgValue><ssdm name=""/></StgValue>
</bind>
</comp>

<comp id="48" class="1001" name="const_48">
<pin_list>
<pin id="49" dir="1" index="0" bw="1" slack="2147483647"/>
</pin_list>
<bind>
<StgValue><ssdm name="empty_43"/></StgValue>
</bind>
</comp>

<comp id="50" class="1001" name="const_50">
<pin_list>
<pin id="51" dir="1" index="0" bw="1" slack="2147483647"/>
</pin_list>
<bind>
<StgValue><ssdm name=""/></StgValue>
</bind>
</comp>

<comp id="52" class="1001" name="const_52">
<pin_list>
<pin id="53" dir="1" index="0" bw="1" slack="2147483647"/>
</pin_list>
<bind>
<StgValue><ssdm name="empty_44"/></StgValue>
</bind>
</comp>

<comp id="54" class="1001" name="const_54">
<pin_list>
<pin id="55" dir="1" index="0" bw="1" slack="2147483647"/>
</pin_list>
<bind>
<StgValue><ssdm name="empty_45"/></StgValue>
</bind>
</comp>

<comp id="56" class="1001" name="const_56">
<pin_list>
<pin id="57" dir="1" index="0" bw="1" slack="2147483647"/>
</pin_list>
<bind>
<StgValue><ssdm name=""/></StgValue>
</bind>
</comp>

<comp id="58" class="1001" name="const_58">
<pin_list>
<pin id="59" dir="1" index="0" bw="1" slack="2147483647"/>
</pin_list>
<bind>
<StgValue><ssdm name=""/></StgValue>
</bind>
</comp>

<comp id="60" class="1001" name="const_60">
<pin_list>
<pin id="61" dir="1" index="0" bw="1" slack="0"/>
</pin_list>
<bind>
<StgValue><ssdm name=""/></StgValue>
</bind>
</comp>

<comp id="62" class="1001" name="const_62">
<pin_list>
<pin id="63" dir="1" index="0" bw="1" slack="0"/>
</pin_list>
<bind>
<StgValue><ssdm name=""/></StgValue>
</bind>
</comp>

<comp id="64" class="1001" name="const_64">
<pin_list>
<pin id="65" dir="1" index="0" bw="1" slack="0"/>
</pin_list>
<bind>
<StgValue><ssdm name=""/></StgValue>
</bind>
</comp>

<comp id="66" class="1001" name="const_66">
<pin_list>
<pin id="67" dir="1" index="0" bw="1" slack="0"/>
</pin_list>
<bind>
<StgValue><ssdm name=""/></StgValue>
</bind>
</comp>

<comp id="68" class="1001" name="const_68">
<pin_list>
<pin id="69" dir="1" index="0" bw="1" slack="0"/>
</pin_list>
<bind>
<StgValue><ssdm name=""/></StgValue>
</bind>
</comp>

<comp id="70" class="1001" name="const_70">
<pin_list>
<pin id="71" dir="1" index="0" bw="1" slack="0"/>
</pin_list>
<bind>
<StgValue><ssdm name="_ssdm_op_BitSelect.i1.i32.i32"/></StgValue>
</bind>
</comp>

<comp id="72" class="1001" name="const_72">
<pin_list>
<pin id="73" dir="1" index="0" bw="1" slack="0"/>
</pin_list>
<bind>
<StgValue><ssdm name=""/></StgValue>
</bind>
</comp>

<comp id="74" class="1001" name="const_74">
<pin_list>
<pin id="75" dir="1" index="0" bw="1" slack="0"/>
</pin_list>
<bind>
<StgValue><ssdm name=""/></StgValue>
</bind>
</comp>

<comp id="76" class="1001" name="const_76">
<pin_list>
<pin id="77" dir="1" index="0" bw="1" slack="0"/>
</pin_list>
<bind>
<StgValue><ssdm name=""/></StgValue>
</bind>
</comp>

<comp id="78" class="1001" name="const_78">
<pin_list>
<pin id="79" dir="1" index="0" bw="1" slack="0"/>
</pin_list>
<bind>
<StgValue><ssdm name="_ssdm_op_BitConcatenate.i8.i6.i2"/></StgValue>
</bind>
</comp>

<comp id="80" class="1001" name="const_80">
<pin_list>
<pin id="81" dir="1" index="0" bw="1" slack="0"/>
</pin_list>
<bind>
<StgValue><ssdm name=""/></StgValue>
</bind>
</comp>

<comp id="82" class="1001" name="const_82">
<pin_list>
<pin id="83" dir="1" index="0" bw="1" slack="0"/>
</pin_list>
<bind>
<StgValue><ssdm name="_ssdm_op_PartSelect.i8.i16.i32.i32"/></StgValue>
</bind>
</comp>

<comp id="84" class="1001" name="const_84">
<pin_list>
<pin id="85" dir="1" index="0" bw="1" slack="0"/>
</pin_list>
<bind>
<StgValue><ssdm name=""/></StgValue>
</bind>
</comp>

<comp id="86" class="1001" name="const_86">
<pin_list>
<pin id="87" dir="1" index="0" bw="1" slack="0"/>
</pin_list>
<bind>
<StgValue><ssdm name=""/></StgValue>
</bind>
</comp>

<comp id="88" class="1001" name="const_88">
<pin_list>
<pin id="89" dir="1" index="0" bw="1" slack="2147483647"/>
</pin_list>
<bind>
<StgValue><ssdm name="_ssdm_op_SpecPipeline"/></StgValue>
</bind>
</comp>

<comp id="90" class="1001" name="const_90">
<pin_list>
<pin id="91" dir="1" index="0" bw="1" slack="2147483647"/>
</pin_list>
<bind>
<StgValue><ssdm name="_ssdm_op_SpecLoopName"/></StgValue>
</bind>
</comp>

<comp id="92" class="1001" name="const_92">
<pin_list>
<pin id="93" dir="1" index="0" bw="1" slack="2147483647"/>
</pin_list>
<bind>
<StgValue><ssdm name="empty_20"/></StgValue>
</bind>
</comp>

<comp id="94" class="1001" name="const_94">
<pin_list>
<pin id="95" dir="1" index="0" bw="1" slack="0"/>
</pin_list>
<bind>
<StgValue><ssdm name=""/></StgValue>
</bind>
</comp>

<comp id="96" class="1001" name="const_96">
<pin_list>
<pin id="97" dir="1" index="0" bw="1" slack="0"/>
</pin_list>
<bind>
<StgValue><ssdm name="_ssdm_op_BitConcatenate.i34.i32.i2"/></StgValue>
</bind>
</comp>

<comp id="98" class="1001" name="const_98">
<pin_list>
<pin id="99" dir="1" index="0" bw="1" slack="0"/>
</pin_list>
<bind>
<StgValue><ssdm name="_ssdm_op_PartSelect.i62.i64.i32.i32"/></StgValue>
</bind>
</comp>

<comp id="100" class="1001" name="const_100">
<pin_list>
<pin id="101" dir="1" index="0" bw="1" slack="0"/>
</pin_list>
<bind>
<StgValue><ssdm name=""/></StgValue>
</bind>
</comp>

<comp id="102" class="1001" name="const_102">
<pin_list>
<pin id="103" dir="1" index="0" bw="1" slack="0"/>
</pin_list>
<bind>
<StgValue><ssdm name=""/></StgValue>
</bind>
</comp>

<comp id="104" class="1001" name="const_104">
<pin_list>
<pin id="105" dir="1" index="0" bw="1" slack="2147483647"/>
</pin_list>
<bind>
<StgValue><ssdm name="VITIS_LOOP_116_6_VITIS_LOOP_117_7_str"/></StgValue>
</bind>
</comp>

<comp id="106" class="1001" name="const_106">
<pin_list>
<pin id="107" dir="1" index="0" bw="1" slack="0"/>
</pin_list>
<bind>
<StgValue><ssdm name="_ssdm_op_ReadReq.m_axi.p1i32"/></StgValue>
</bind>
</comp>

<comp id="108" class="1001" name="const_108">
<pin_list>
<pin id="109" dir="1" index="0" bw="1" slack="0"/>
</pin_list>
<bind>
<StgValue><ssdm name="_ssdm_op_Read.m_axi.p1i32"/></StgValue>
</bind>
</comp>

<comp id="110" class="1004" name="c_in_3_fu_110">
<pin_list>
<pin id="111" dir="0" index="0" bw="1" slack="0"/>
<pin id="112" dir="1" index="1" bw="16" slack="0"/>
</pin_list>
<bind>
<opcode="alloca(26) " fcode="alloca"/>
<opset="c_in_3/1 "/>
</bind>
</comp>

<comp id="114" class="1004" name="w_in_blk_fu_114">
<pin_list>
<pin id="115" dir="0" index="0" bw="1" slack="0"/>
<pin id="116" dir="1" index="1" bw="64" slack="0"/>
</pin_list>
<bind>
<opcode="alloca(26) " fcode="alloca"/>
<opset="w_in_blk/1 "/>
</bind>
</comp>

<comp id="118" class="1004" name="indvar_flatten_fu_118">
<pin_list>
<pin id="119" dir="0" index="0" bw="1" slack="0"/>
<pin id="120" dir="1" index="1" bw="80" slack="0"/>
</pin_list>
<bind>
<opcode="alloca(26) " fcode="alloca"/>
<opset="indvar_flatten/1 "/>
</bind>
</comp>

<comp id="122" class="1004" name="sub_ln131_read_read_fu_122">
<pin_list>
<pin id="123" dir="0" index="0" bw="62" slack="0"/>
<pin id="124" dir="0" index="1" bw="62" slack="0"/>
<pin id="125" dir="1" index="2" bw="62" slack="1"/>
</pin_list>
<bind>
<opcode="read(1150) " fcode="read"/>
<opset="sub_ln131_read/1 "/>
</bind>
</comp>

<comp id="128" class="1004" name="feature_in_read_read_fu_128">
<pin_list>
<pin id="129" dir="0" index="0" bw="64" slack="0"/>
<pin id="130" dir="0" index="1" bw="64" slack="0"/>
<pin id="131" dir="1" index="2" bw="64" slack="4"/>
</pin_list>
<bind>
<opcode="read(1150) " fcode="read"/>
<opset="feature_in_read/1 "/>
</bind>
</comp>

<comp id="134" class="1004" name="add_ln116_read_read_fu_134">
<pin_list>
<pin id="135" dir="0" index="0" bw="32" slack="0"/>
<pin id="136" dir="0" index="1" bw="32" slack="0"/>
<pin id="137" dir="1" index="2" bw="32" slack="3"/>
</pin_list>
<bind>
<opcode="read(1150) " fcode="read"/>
<opset="add_ln116_read/1 "/>
</bind>
</comp>

<comp id="140" class="1004" name="mul_ln105_1_read_read_fu_140">
<pin_list>
<pin id="141" dir="0" index="0" bw="32" slack="0"/>
<pin id="142" dir="0" index="1" bw="32" slack="0"/>
<pin id="143" dir="1" index="2" bw="32" slack="3"/>
</pin_list>
<bind>
<opcode="read(1150) " fcode="read"/>
<opset="mul_ln105_1_read/1 "/>
</bind>
</comp>

<comp id="146" class="1004" name="phi_mul594_read_read_fu_146">
<pin_list>
<pin id="147" dir="0" index="0" bw="32" slack="0"/>
<pin id="148" dir="0" index="1" bw="32" slack="0"/>
<pin id="149" dir="1" index="2" bw="32" slack="3"/>
</pin_list>
<bind>
<opcode="read(1150) " fcode="read"/>
<opset="phi_mul594_read/1 "/>
</bind>
</comp>

<comp id="152" class="1004" name="zext_ln87_2_read_read_fu_152">
<pin_list>
<pin id="153" dir="0" index="0" bw="16" slack="0"/>
<pin id="154" dir="0" index="1" bw="16" slack="0"/>
<pin id="155" dir="1" index="2" bw="16" slack="0"/>
</pin_list>
<bind>
<opcode="read(1150) " fcode="read"/>
<opset="zext_ln87_2_read/1 "/>
</bind>
</comp>

<comp id="158" class="1004" name="tmp22_read_read_fu_158">
<pin_list>
<pin id="159" dir="0" index="0" bw="1" slack="0"/>
<pin id="160" dir="0" index="1" bw="1" slack="0"/>
<pin id="161" dir="1" index="2" bw="1" slack="2"/>
</pin_list>
<bind>
<opcode="read(1150) " fcode="read"/>
<opset="tmp22_read/1 "/>
</bind>
</comp>

<comp id="164" class="1004" name="C_in_read_read_fu_164">
<pin_list>
<pin id="165" dir="0" index="0" bw="16" slack="0"/>
<pin id="166" dir="0" index="1" bw="16" slack="0"/>
<pin id="167" dir="1" index="2" bw="16" slack="1"/>
</pin_list>
<bind>
<opcode="read(1150) " fcode="read"/>
<opset="C_in_read/1 "/>
</bind>
</comp>

<comp id="170" class="1004" name="bound_read_read_fu_170">
<pin_list>
<pin id="171" dir="0" index="0" bw="80" slack="0"/>
<pin id="172" dir="0" index="1" bw="80" slack="0"/>
<pin id="173" dir="1" index="2" bw="80" slack="1"/>
</pin_list>
<bind>
<opcode="read(1150) " fcode="read"/>
<opset="bound_read/1 "/>
</bind>
</comp>

<comp id="176" class="1004" name="conv_i_i961_read_read_fu_176">
<pin_list>
<pin id="177" dir="0" index="0" bw="16" slack="0"/>
<pin id="178" dir="0" index="1" bw="16" slack="0"/>
<pin id="179" dir="1" index="2" bw="16" slack="0"/>
</pin_list>
<bind>
<opcode="read(1150) " fcode="read"/>
<opset="conv_i_i961_read/1 "/>
</bind>
</comp>

<comp id="182" class="1004" name="add_i_i1015_read_read_fu_182">
<pin_list>
<pin id="183" dir="0" index="0" bw="32" slack="0"/>
<pin id="184" dir="0" index="1" bw="32" slack="0"/>
<pin id="185" dir="1" index="2" bw="32" slack="1"/>
</pin_list>
<bind>
<opcode="read(1150) " fcode="read"/>
<opset="add_i_i1015_read/1 "/>
</bind>
</comp>

<comp id="188" class="1004" name="grp_readreq_fu_188">
<pin_list>
<pin id="189" dir="0" index="0" bw="1" slack="0"/>
<pin id="190" dir="0" index="1" bw="32" slack="0"/>
<pin id="191" dir="0" index="2" bw="1" slack="0"/>
<pin id="192" dir="1" index="3" bw="1" slack="2147483647"/>
</pin_list>
<bind>
<opcode="readreq(1154) " fcode="readreq"/>
<opset="empty/6 "/>
</bind>
</comp>

<comp id="195" class="1004" name="gmem1_addr_1_read_read_fu_195">
<pin_list>
<pin id="196" dir="0" index="0" bw="32" slack="0"/>
<pin id="197" dir="0" index="1" bw="32" slack="7"/>
<pin id="198" dir="1" index="2" bw="32" slack="0"/>
</pin_list>
<bind>
<opcode="read(1150) " fcode="read"/>
<opset="gmem1_addr_1_read/13 "/>
</bind>
</comp>

<comp id="200" class="1004" name="local_feature_in_blk_addr_gep_fu_200">
<pin_list>
<pin id="201" dir="0" index="0" bw="32" slack="0"/>
<pin id="202" dir="0" index="1" bw="1" slack="0"/>
<pin id="203" dir="0" index="2" bw="8" slack="0"/>
<pin id="204" dir="1" index="3" bw="8" slack="0"/>
</pin_list>
<bind>
<opcode="getelementptr(29) " fcode="getelementptr"/>
<opset="local_feature_in_blk_addr/3 "/>
</bind>
</comp>

<comp id="207" class="1004" name="local_feature_in_blk_1_addr_gep_fu_207">
<pin_list>
<pin id="208" dir="0" index="0" bw="32" slack="0"/>
<pin id="209" dir="0" index="1" bw="1" slack="0"/>
<pin id="210" dir="0" index="2" bw="8" slack="0"/>
<pin id="211" dir="1" index="3" bw="8" slack="0"/>
</pin_list>
<bind>
<opcode="getelementptr(29) " fcode="getelementptr"/>
<opset="local_feature_in_blk_1_addr/3 "/>
</bind>
</comp>

<comp id="214" class="1004" name="grp_access_fu_214">
<pin_list>
<pin id="215" dir="0" index="0" bw="8" slack="11"/>
<pin id="216" dir="0" index="1" bw="32" slack="1"/>
<pin id="217" dir="0" index="2" bw="0" slack="0"/>
<pin id="219" dir="0" index="4" bw="8" slack="0"/>
<pin id="220" dir="0" index="5" bw="32" slack="2147483647"/>
<pin id="221" dir="0" index="6" bw="0" slack="2147483647"/>
<pin id="218" dir="1" index="3" bw="32" slack="2147483647"/>
<pin id="222" dir="1" index="7" bw="32" slack="2147483647"/>
</pin_list>
<bind>
<opcode="store(28) " fcode="store"/>
<opset="store_ln131/3 store_ln128/14 "/>
</bind>
</comp>

<comp id="225" class="1004" name="grp_access_fu_225">
<pin_list>
<pin id="226" dir="0" index="0" bw="8" slack="11"/>
<pin id="227" dir="0" index="1" bw="32" slack="1"/>
<pin id="228" dir="0" index="2" bw="0" slack="0"/>
<pin id="230" dir="0" index="4" bw="8" slack="0"/>
<pin id="231" dir="0" index="5" bw="32" slack="2147483647"/>
<pin id="232" dir="0" index="6" bw="0" slack="2147483647"/>
<pin id="229" dir="1" index="3" bw="32" slack="2147483647"/>
<pin id="233" dir="1" index="7" bw="32" slack="2147483647"/>
</pin_list>
<bind>
<opcode="store(28) " fcode="store"/>
<opset="store_ln131/3 store_ln128/14 "/>
</bind>
</comp>

<comp id="236" class="1005" name="first_iter_0_reg_236">
<pin_list>
<pin id="237" dir="0" index="0" bw="1" slack="1"/>
<pin id="238" dir="1" index="1" bw="1" slack="1"/>
</pin_list>
<bind>
<opset="first_iter_0 (phireg) "/>
</bind>
</comp>

<comp id="240" class="1004" name="first_iter_0_phi_fu_240">
<pin_list>
<pin id="241" dir="0" index="0" bw="1" slack="1"/>
<pin id="242" dir="0" index="1" bw="0" slack="2147483647"/>
<pin id="243" dir="0" index="2" bw="1" slack="0"/>
<pin id="244" dir="0" index="3" bw="0" slack="2147483647"/>
<pin id="245" dir="1" index="4" bw="1" slack="0"/>
</pin_list>
<bind>
<opcode="phi(47) " fcode="phi"/>
<opset="first_iter_0/2 "/>
</bind>
</comp>

<comp id="248" class="1004" name="zext_ln87_2_cast_fu_248">
<pin_list>
<pin id="249" dir="0" index="0" bw="16" slack="0"/>
<pin id="250" dir="1" index="1" bw="32" slack="2"/>
</pin_list>
<bind>
<opcode="zext(34) " fcode="zext"/>
<opset="zext_ln87_2_cast/1 "/>
</bind>
</comp>

<comp id="252" class="1004" name="conv_i_i961_cast_fu_252">
<pin_list>
<pin id="253" dir="0" index="0" bw="16" slack="0"/>
<pin id="254" dir="1" index="1" bw="32" slack="1"/>
</pin_list>
<bind>
<opcode="zext(34) " fcode="zext"/>
<opset="conv_i_i961_cast/1 "/>
</bind>
</comp>

<comp id="256" class="1004" name="store_ln0_store_fu_256">
<pin_list>
<pin id="257" dir="0" index="0" bw="1" slack="0"/>
<pin id="258" dir="0" index="1" bw="80" slack="0"/>
<pin id="259" dir="1" index="2" bw="0" slack="2147483647"/>
</pin_list>
<bind>
<opcode="store(28) " fcode="store"/>
<opset="store_ln0/1 "/>
</bind>
</comp>

<comp id="261" class="1004" name="store_ln0_store_fu_261">
<pin_list>
<pin id="262" dir="0" index="0" bw="1" slack="0"/>
<pin id="263" dir="0" index="1" bw="64" slack="0"/>
<pin id="264" dir="1" index="2" bw="0" slack="2147483647"/>
</pin_list>
<bind>
<opcode="store(28) " fcode="store"/>
<opset="store_ln0/1 "/>
</bind>
</comp>

<comp id="266" class="1004" name="store_ln0_store_fu_266">
<pin_list>
<pin id="267" dir="0" index="0" bw="1" slack="0"/>
<pin id="268" dir="0" index="1" bw="16" slack="0"/>
<pin id="269" dir="1" index="2" bw="0" slack="2147483647"/>
</pin_list>
<bind>
<opcode="store(28) " fcode="store"/>
<opset="store_ln0/1 "/>
</bind>
</comp>

<comp id="271" class="1004" name="w_in_blk_1_load_fu_271">
<pin_list>
<pin id="272" dir="0" index="0" bw="64" slack="1"/>
<pin id="273" dir="1" index="1" bw="64" slack="0"/>
</pin_list>
<bind>
<opcode="load(27) " fcode="load"/>
<opset="w_in_blk_1/2 "/>
</bind>
</comp>

<comp id="274" class="1004" name="indvar_flatten_load_load_fu_274">
<pin_list>
<pin id="275" dir="0" index="0" bw="80" slack="1"/>
<pin id="276" dir="1" index="1" bw="80" slack="0"/>
</pin_list>
<bind>
<opcode="load(27) " fcode="load"/>
<opset="indvar_flatten_load/2 "/>
</bind>
</comp>

<comp id="277" class="1004" name="trunc_ln1027_fu_277">
<pin_list>
<pin id="278" dir="0" index="0" bw="64" slack="0"/>
<pin id="279" dir="1" index="1" bw="32" slack="0"/>
</pin_list>
<bind>
<opcode="trunc(33) " fcode="trunc"/>
<opset="trunc_ln1027/2 "/>
</bind>
</comp>

<comp id="281" class="1004" name="w_in_fu_281">
<pin_list>
<pin id="282" dir="0" index="0" bw="32" slack="0"/>
<pin id="283" dir="0" index="1" bw="32" slack="1"/>
<pin id="284" dir="1" index="2" bw="32" slack="0"/>
</pin_list>
<bind>
<opcode="add(8) " fcode="add"/>
<opset="w_in/2 "/>
</bind>
</comp>

<comp id="286" class="1004" name="tmp_fu_286">
<pin_list>
<pin id="287" dir="0" index="0" bw="1" slack="0"/>
<pin id="288" dir="0" index="1" bw="32" slack="0"/>
<pin id="289" dir="0" index="2" bw="6" slack="0"/>
<pin id="290" dir="1" index="3" bw="1" slack="0"/>
</pin_list>
<bind>
<opcode="bitselect(1000) " fcode="bitselect"/>
<opset="tmp/2 "/>
</bind>
</comp>

<comp id="294" class="1004" name="rev_fu_294">
<pin_list>
<pin id="295" dir="0" index="0" bw="1" slack="0"/>
<pin id="296" dir="0" index="1" bw="1" slack="0"/>
<pin id="297" dir="1" index="2" bw="1" slack="0"/>
</pin_list>
<bind>
<opcode="xor(25) " fcode="xor"/>
<opset="rev/2 "/>
</bind>
</comp>

<comp id="300" class="1004" name="cmp_i_i962_fu_300">
<pin_list>
<pin id="301" dir="0" index="0" bw="32" slack="0"/>
<pin id="302" dir="0" index="1" bw="32" slack="1"/>
<pin id="303" dir="1" index="2" bw="1" slack="0"/>
</pin_list>
<bind>
<opcode="icmp(45) " fcode="icmp"/>
<opset="cmp_i_i962/2 "/>
</bind>
</comp>

<comp id="305" class="1004" name="tmp23_fu_305">
<pin_list>
<pin id="306" dir="0" index="0" bw="1" slack="0"/>
<pin id="307" dir="0" index="1" bw="1" slack="0"/>
<pin id="308" dir="1" index="2" bw="1" slack="1"/>
</pin_list>
<bind>
<opcode="and(23) " fcode="and"/>
<opset="tmp23/2 "/>
</bind>
</comp>

<comp id="311" class="1004" name="icmp_ln1027_fu_311">
<pin_list>
<pin id="312" dir="0" index="0" bw="80" slack="0"/>
<pin id="313" dir="0" index="1" bw="80" slack="1"/>
<pin id="314" dir="1" index="2" bw="1" slack="1"/>
</pin_list>
<bind>
<opcode="icmp(45) " fcode="icmp"/>
<opset="icmp_ln1027/2 "/>
</bind>
</comp>

<comp id="316" class="1004" name="add_ln1027_fu_316">
<pin_list>
<pin id="317" dir="0" index="0" bw="80" slack="0"/>
<pin id="318" dir="0" index="1" bw="1" slack="0"/>
<pin id="319" dir="1" index="2" bw="80" slack="0"/>
</pin_list>
<bind>
<opcode="add(8) " fcode="add"/>
<opset="add_ln1027/2 "/>
</bind>
</comp>

<comp id="322" class="1004" name="c_in_3_load_load_fu_322">
<pin_list>
<pin id="323" dir="0" index="0" bw="16" slack="1"/>
<pin id="324" dir="1" index="1" bw="16" slack="0"/>
</pin_list>
<bind>
<opcode="load(27) " fcode="load"/>
<opset="c_in_3_load/2 "/>
</bind>
</comp>

<comp id="325" class="1004" name="add_ln116_1_fu_325">
<pin_list>
<pin id="326" dir="0" index="0" bw="64" slack="0"/>
<pin id="327" dir="0" index="1" bw="1" slack="0"/>
<pin id="328" dir="1" index="2" bw="64" slack="0"/>
</pin_list>
<bind>
<opcode="add(8) " fcode="add"/>
<opset="add_ln116_1/2 "/>
</bind>
</comp>

<comp id="331" class="1004" name="icmp_ln1027_3_fu_331">
<pin_list>
<pin id="332" dir="0" index="0" bw="16" slack="0"/>
<pin id="333" dir="0" index="1" bw="16" slack="1"/>
<pin id="334" dir="1" index="2" bw="1" slack="0"/>
</pin_list>
<bind>
<opcode="icmp(45) " fcode="icmp"/>
<opset="icmp_ln1027_3/2 "/>
</bind>
</comp>

<comp id="336" class="1004" name="or_ln1027_fu_336">
<pin_list>
<pin id="337" dir="0" index="0" bw="1" slack="0"/>
<pin id="338" dir="0" index="1" bw="1" slack="0"/>
<pin id="339" dir="1" index="2" bw="1" slack="4"/>
</pin_list>
<bind>
<opcode="or(24) " fcode="or"/>
<opset="or_ln1027/2 "/>
</bind>
</comp>

<comp id="342" class="1004" name="select_ln1027_10_fu_342">
<pin_list>
<pin id="343" dir="0" index="0" bw="1" slack="0"/>
<pin id="344" dir="0" index="1" bw="16" slack="0"/>
<pin id="345" dir="0" index="2" bw="16" slack="0"/>
<pin id="346" dir="1" index="3" bw="16" slack="0"/>
</pin_list>
<bind>
<opcode="select(49) " fcode="select"/>
<opset="select_ln1027_10/2 "/>
</bind>
</comp>

<comp id="350" class="1004" name="trunc_ln1027_1_fu_350">
<pin_list>
<pin id="351" dir="0" index="0" bw="64" slack="0"/>
<pin id="352" dir="1" index="1" bw="32" slack="0"/>
</pin_list>
<bind>
<opcode="trunc(33) " fcode="trunc"/>
<opset="trunc_ln1027_1/2 "/>
</bind>
</comp>

<comp id="354" class="1004" name="w_in_1_mid1_fu_354">
<pin_list>
<pin id="355" dir="0" index="0" bw="32" slack="0"/>
<pin id="356" dir="0" index="1" bw="32" slack="1"/>
<pin id="357" dir="1" index="2" bw="32" slack="0"/>
</pin_list>
<bind>
<opcode="add(8) " fcode="add"/>
<opset="w_in_1_mid1/2 "/>
</bind>
</comp>

<comp id="359" class="1004" name="cmp_i_i962_mid1_fu_359">
<pin_list>
<pin id="360" dir="0" index="0" bw="32" slack="0"/>
<pin id="361" dir="0" index="1" bw="32" slack="1"/>
<pin id="362" dir="1" index="2" bw="1" slack="1"/>
</pin_list>
<bind>
<opcode="icmp(45) " fcode="icmp"/>
<opset="cmp_i_i962_mid1/2 "/>
</bind>
</comp>

<comp id="364" class="1004" name="select_ln1027_11_fu_364">
<pin_list>
<pin id="365" dir="0" index="0" bw="1" slack="0"/>
<pin id="366" dir="0" index="1" bw="32" slack="0"/>
<pin id="367" dir="0" index="2" bw="32" slack="0"/>
<pin id="368" dir="1" index="3" bw="32" slack="1"/>
</pin_list>
<bind>
<opcode="select(49) " fcode="select"/>
<opset="select_ln1027_11/2 "/>
</bind>
</comp>

<comp id="372" class="1004" name="select_ln1027_12_fu_372">
<pin_list>
<pin id="373" dir="0" index="0" bw="1" slack="0"/>
<pin id="374" dir="0" index="1" bw="64" slack="0"/>
<pin id="375" dir="0" index="2" bw="64" slack="0"/>
<pin id="376" dir="1" index="3" bw="64" slack="0"/>
</pin_list>
<bind>
<opcode="select(49) " fcode="select"/>
<opset="select_ln1027_12/2 "/>
</bind>
</comp>

<comp id="380" class="1004" name="trunc_ln131_fu_380">
<pin_list>
<pin id="381" dir="0" index="0" bw="62" slack="1"/>
<pin id="382" dir="1" index="1" bw="6" slack="0"/>
</pin_list>
<bind>
<opcode="trunc(33) " fcode="trunc"/>
<opset="trunc_ln131/2 "/>
</bind>
</comp>

<comp id="383" class="1004" name="trunc_ln131_1_fu_383">
<pin_list>
<pin id="384" dir="0" index="0" bw="64" slack="0"/>
<pin id="385" dir="1" index="1" bw="6" slack="0"/>
</pin_list>
<bind>
<opcode="trunc(33) " fcode="trunc"/>
<opset="trunc_ln131_1/2 "/>
</bind>
</comp>

<comp id="387" class="1004" name="add_ln131_fu_387">
<pin_list>
<pin id="388" dir="0" index="0" bw="6" slack="0"/>
<pin id="389" dir="0" index="1" bw="6" slack="0"/>
<pin id="390" dir="1" index="2" bw="6" slack="0"/>
</pin_list>
<bind>
<opcode="add(8) " fcode="add"/>
<opset="add_ln131/2 "/>
</bind>
</comp>

<comp id="393" class="1004" name="tmp_s_fu_393">
<pin_list>
<pin id="394" dir="0" index="0" bw="8" slack="0"/>
<pin id="395" dir="0" index="1" bw="6" slack="0"/>
<pin id="396" dir="0" index="2" bw="1" slack="0"/>
<pin id="397" dir="1" index="3" bw="8" slack="0"/>
</pin_list>
<bind>
<opcode="bitconcatenate(1004) " fcode="bitconcatenate"/>
<opset="tmp_s/2 "/>
</bind>
</comp>

<comp id="401" class="1004" name="lshr_ln4_fu_401">
<pin_list>
<pin id="402" dir="0" index="0" bw="8" slack="0"/>
<pin id="403" dir="0" index="1" bw="16" slack="0"/>
<pin id="404" dir="0" index="2" bw="1" slack="0"/>
<pin id="405" dir="0" index="3" bw="5" slack="0"/>
<pin id="406" dir="1" index="4" bw="8" slack="0"/>
</pin_list>
<bind>
<opcode="partselect(1002) " fcode="partselect"/>
<opset="lshr_ln4/2 "/>
</bind>
</comp>

<comp id="411" class="1004" name="add_ln131_1_fu_411">
<pin_list>
<pin id="412" dir="0" index="0" bw="8" slack="0"/>
<pin id="413" dir="0" index="1" bw="8" slack="0"/>
<pin id="414" dir="1" index="2" bw="8" slack="1"/>
</pin_list>
<bind>
<opcode="add(8) " fcode="add"/>
<opset="add_ln131_1/2 "/>
</bind>
</comp>

<comp id="417" class="1004" name="trunc_ln131_2_fu_417">
<pin_list>
<pin id="418" dir="0" index="0" bw="16" slack="0"/>
<pin id="419" dir="1" index="1" bw="1" slack="1"/>
</pin_list>
<bind>
<opcode="trunc(33) " fcode="trunc"/>
<opset="trunc_ln131_2/2 "/>
</bind>
</comp>

<comp id="421" class="1004" name="add_ln117_fu_421">
<pin_list>
<pin id="422" dir="0" index="0" bw="16" slack="0"/>
<pin id="423" dir="0" index="1" bw="1" slack="0"/>
<pin id="424" dir="1" index="2" bw="16" slack="0"/>
</pin_list>
<bind>
<opcode="add(8) " fcode="add"/>
<opset="add_ln117/2 "/>
</bind>
</comp>

<comp id="427" class="1004" name="store_ln117_store_fu_427">
<pin_list>
<pin id="428" dir="0" index="0" bw="80" slack="0"/>
<pin id="429" dir="0" index="1" bw="80" slack="1"/>
<pin id="430" dir="1" index="2" bw="0" slack="2147483647"/>
</pin_list>
<bind>
<opcode="store(28) " fcode="store"/>
<opset="store_ln117/2 "/>
</bind>
</comp>

<comp id="432" class="1004" name="store_ln117_store_fu_432">
<pin_list>
<pin id="433" dir="0" index="0" bw="64" slack="0"/>
<pin id="434" dir="0" index="1" bw="64" slack="1"/>
<pin id="435" dir="1" index="2" bw="0" slack="2147483647"/>
</pin_list>
<bind>
<opcode="store(28) " fcode="store"/>
<opset="store_ln117/2 "/>
</bind>
</comp>

<comp id="437" class="1004" name="store_ln117_store_fu_437">
<pin_list>
<pin id="438" dir="0" index="0" bw="16" slack="0"/>
<pin id="439" dir="0" index="1" bw="16" slack="1"/>
<pin id="440" dir="1" index="2" bw="0" slack="2147483647"/>
</pin_list>
<bind>
<opcode="store(28) " fcode="store"/>
<opset="store_ln117/2 "/>
</bind>
</comp>

<comp id="442" class="1004" name="tmp_1_fu_442">
<pin_list>
<pin id="443" dir="0" index="0" bw="1" slack="0"/>
<pin id="444" dir="0" index="1" bw="32" slack="1"/>
<pin id="445" dir="0" index="2" bw="6" slack="0"/>
<pin id="446" dir="1" index="3" bw="1" slack="0"/>
</pin_list>
<bind>
<opcode="bitselect(1000) " fcode="bitselect"/>
<opset="tmp_1/3 "/>
</bind>
</comp>

<comp id="449" class="1004" name="rev21_fu_449">
<pin_list>
<pin id="450" dir="0" index="0" bw="1" slack="0"/>
<pin id="451" dir="0" index="1" bw="1" slack="0"/>
<pin id="452" dir="1" index="2" bw="1" slack="0"/>
</pin_list>
<bind>
<opcode="xor(25) " fcode="xor"/>
<opset="rev21/3 "/>
</bind>
</comp>

<comp id="455" class="1004" name="tmp23_mid1_fu_455">
<pin_list>
<pin id="456" dir="0" index="0" bw="1" slack="1"/>
<pin id="457" dir="0" index="1" bw="1" slack="0"/>
<pin id="458" dir="1" index="2" bw="1" slack="0"/>
</pin_list>
<bind>
<opcode="and(23) " fcode="and"/>
<opset="tmp23_mid1/3 "/>
</bind>
</comp>

<comp id="460" class="1004" name="select_ln1027_fu_460">
<pin_list>
<pin id="461" dir="0" index="0" bw="1" slack="1"/>
<pin id="462" dir="0" index="1" bw="1" slack="0"/>
<pin id="463" dir="0" index="2" bw="1" slack="1"/>
<pin id="464" dir="1" index="3" bw="1" slack="0"/>
</pin_list>
<bind>
<opcode="select(49) " fcode="select"/>
<opset="select_ln1027/3 "/>
</bind>
</comp>

<comp id="466" class="1004" name="and_ln1027_fu_466">
<pin_list>
<pin id="467" dir="0" index="0" bw="1" slack="0"/>
<pin id="468" dir="0" index="1" bw="1" slack="2"/>
<pin id="469" dir="1" index="2" bw="1" slack="3"/>
</pin_list>
<bind>
<opcode="and(23) " fcode="and"/>
<opset="and_ln1027/3 "/>
</bind>
</comp>

<comp id="471" class="1004" name="mul_ln1027_fu_471">
<pin_list>
<pin id="472" dir="0" index="0" bw="32" slack="1"/>
<pin id="473" dir="0" index="1" bw="16" slack="2"/>
<pin id="474" dir="1" index="2" bw="32" slack="1"/>
</pin_list>
<bind>
<opcode="mul(12) " fcode="mul"/>
<opset="mul_ln1027/3 "/>
</bind>
</comp>

<comp id="475" class="1004" name="zext_ln131_fu_475">
<pin_list>
<pin id="476" dir="0" index="0" bw="8" slack="1"/>
<pin id="477" dir="1" index="1" bw="64" slack="0"/>
</pin_list>
<bind>
<opcode="zext(34) " fcode="zext"/>
<opset="zext_ln131/3 "/>
</bind>
</comp>

<comp id="480" class="1004" name="add_ln1027_3_fu_480">
<pin_list>
<pin id="481" dir="0" index="0" bw="32" slack="3"/>
<pin id="482" dir="0" index="1" bw="32" slack="1"/>
<pin id="483" dir="1" index="2" bw="32" slack="0"/>
</pin_list>
<bind>
<opcode="add(8) " fcode="add"/>
<opset="add_ln1027_3/4 "/>
</bind>
</comp>

<comp id="484" class="1004" name="add_ln1027_4_fu_484">
<pin_list>
<pin id="485" dir="0" index="0" bw="32" slack="0"/>
<pin id="486" dir="0" index="1" bw="32" slack="3"/>
<pin id="487" dir="1" index="2" bw="32" slack="0"/>
</pin_list>
<bind>
<opcode="add(8) " fcode="add"/>
<opset="add_ln1027_4/4 "/>
</bind>
</comp>

<comp id="489" class="1004" name="add_ln1027_5_fu_489">
<pin_list>
<pin id="490" dir="0" index="0" bw="32" slack="0"/>
<pin id="491" dir="0" index="1" bw="32" slack="3"/>
<pin id="492" dir="1" index="2" bw="32" slack="1"/>
</pin_list>
<bind>
<opcode="add(8) " fcode="add"/>
<opset="add_ln1027_5/4 "/>
</bind>
</comp>

<comp id="494" class="1004" name="sext_ln117_mid2_v_v_v_v_v_fu_494">
<pin_list>
<pin id="495" dir="0" index="0" bw="34" slack="0"/>
<pin id="496" dir="0" index="1" bw="32" slack="1"/>
<pin id="497" dir="0" index="2" bw="1" slack="0"/>
<pin id="498" dir="1" index="3" bw="34" slack="0"/>
</pin_list>
<bind>
<opcode="bitconcatenate(1004) " fcode="bitconcatenate"/>
<opset="sext_ln117_mid2_v_v_v_v_v/5 "/>
</bind>
</comp>

<comp id="501" class="1004" name="sext_ln1027_fu_501">
<pin_list>
<pin id="502" dir="0" index="0" bw="34" slack="0"/>
<pin id="503" dir="1" index="1" bw="64" slack="0"/>
</pin_list>
<bind>
<opcode="sext(35) " fcode="sext"/>
<opset="sext_ln1027/5 "/>
</bind>
</comp>

<comp id="505" class="1004" name="add_ln1027_6_fu_505">
<pin_list>
<pin id="506" dir="0" index="0" bw="34" slack="0"/>
<pin id="507" dir="0" index="1" bw="64" slack="4"/>
<pin id="508" dir="1" index="2" bw="64" slack="0"/>
</pin_list>
<bind>
<opcode="add(8) " fcode="add"/>
<opset="add_ln1027_6/5 "/>
</bind>
</comp>

<comp id="510" class="1004" name="sext_ln117_mid2_v_fu_510">
<pin_list>
<pin id="511" dir="0" index="0" bw="62" slack="0"/>
<pin id="512" dir="0" index="1" bw="64" slack="0"/>
<pin id="513" dir="0" index="2" bw="3" slack="0"/>
<pin id="514" dir="0" index="3" bw="7" slack="0"/>
<pin id="515" dir="1" index="4" bw="62" slack="1"/>
</pin_list>
<bind>
<opcode="partselect(1002) " fcode="partselect"/>
<opset="sext_ln117_mid2_v/5 "/>
</bind>
</comp>

<comp id="520" class="1004" name="sext_ln1027_2_fu_520">
<pin_list>
<pin id="521" dir="0" index="0" bw="62" slack="1"/>
<pin id="522" dir="1" index="1" bw="64" slack="0"/>
</pin_list>
<bind>
<opcode="sext(35) " fcode="sext"/>
<opset="sext_ln1027_2/6 "/>
</bind>
</comp>

<comp id="523" class="1004" name="gmem1_addr_fu_523">
<pin_list>
<pin id="524" dir="0" index="0" bw="64" slack="0"/>
<pin id="525" dir="0" index="1" bw="64" slack="0"/>
<pin id="526" dir="1" index="2" bw="64" slack="0"/>
</pin_list>
<bind>
<opcode="getelementptr(29) " fcode="getelementptr"/>
<opset="gmem1_addr/6 "/>
</bind>
</comp>

<comp id="530" class="1004" name="gmem1_addr_1_fu_530">
<pin_list>
<pin id="531" dir="0" index="0" bw="64" slack="0"/>
<pin id="532" dir="0" index="1" bw="64" slack="0"/>
<pin id="533" dir="1" index="2" bw="64" slack="7"/>
</pin_list>
<bind>
<opcode="getelementptr(29) " fcode="getelementptr"/>
<opset="gmem1_addr_1/6 "/>
</bind>
</comp>

<comp id="536" class="1004" name="bitcast_ln128_fu_536">
<pin_list>
<pin id="537" dir="0" index="0" bw="32" slack="0"/>
<pin id="538" dir="1" index="1" bw="32" slack="1"/>
</pin_list>
<bind>
<opcode="bitcast(44) " fcode="bitcast"/>
<opset="bitcast_ln128/13 "/>
</bind>
</comp>

<comp id="540" class="1005" name="c_in_3_reg_540">
<pin_list>
<pin id="541" dir="0" index="0" bw="16" slack="0"/>
<pin id="542" dir="1" index="1" bw="16" slack="0"/>
</pin_list>
<bind>
<opset="c_in_3 "/>
</bind>
</comp>

<comp id="547" class="1005" name="w_in_blk_reg_547">
<pin_list>
<pin id="548" dir="0" index="0" bw="64" slack="0"/>
<pin id="549" dir="1" index="1" bw="64" slack="0"/>
</pin_list>
<bind>
<opset="w_in_blk "/>
</bind>
</comp>

<comp id="554" class="1005" name="indvar_flatten_reg_554">
<pin_list>
<pin id="555" dir="0" index="0" bw="80" slack="0"/>
<pin id="556" dir="1" index="1" bw="80" slack="0"/>
</pin_list>
<bind>
<opset="indvar_flatten "/>
</bind>
</comp>

<comp id="561" class="1005" name="sub_ln131_read_reg_561">
<pin_list>
<pin id="562" dir="0" index="0" bw="62" slack="1"/>
<pin id="563" dir="1" index="1" bw="62" slack="1"/>
</pin_list>
<bind>
<opset="sub_ln131_read "/>
</bind>
</comp>

<comp id="566" class="1005" name="feature_in_read_reg_566">
<pin_list>
<pin id="567" dir="0" index="0" bw="64" slack="4"/>
<pin id="568" dir="1" index="1" bw="64" slack="4"/>
</pin_list>
<bind>
<opset="feature_in_read "/>
</bind>
</comp>

<comp id="571" class="1005" name="add_ln116_read_reg_571">
<pin_list>
<pin id="572" dir="0" index="0" bw="32" slack="3"/>
<pin id="573" dir="1" index="1" bw="32" slack="3"/>
</pin_list>
<bind>
<opset="add_ln116_read "/>
</bind>
</comp>

<comp id="576" class="1005" name="mul_ln105_1_read_reg_576">
<pin_list>
<pin id="577" dir="0" index="0" bw="32" slack="3"/>
<pin id="578" dir="1" index="1" bw="32" slack="3"/>
</pin_list>
<bind>
<opset="mul_ln105_1_read "/>
</bind>
</comp>

<comp id="581" class="1005" name="phi_mul594_read_reg_581">
<pin_list>
<pin id="582" dir="0" index="0" bw="32" slack="3"/>
<pin id="583" dir="1" index="1" bw="32" slack="3"/>
</pin_list>
<bind>
<opset="phi_mul594_read "/>
</bind>
</comp>

<comp id="586" class="1005" name="tmp22_read_reg_586">
<pin_list>
<pin id="587" dir="0" index="0" bw="1" slack="2"/>
<pin id="588" dir="1" index="1" bw="1" slack="2"/>
</pin_list>
<bind>
<opset="tmp22_read "/>
</bind>
</comp>

<comp id="591" class="1005" name="C_in_read_reg_591">
<pin_list>
<pin id="592" dir="0" index="0" bw="16" slack="1"/>
<pin id="593" dir="1" index="1" bw="16" slack="1"/>
</pin_list>
<bind>
<opset="C_in_read "/>
</bind>
</comp>

<comp id="596" class="1005" name="bound_read_reg_596">
<pin_list>
<pin id="597" dir="0" index="0" bw="80" slack="1"/>
<pin id="598" dir="1" index="1" bw="80" slack="1"/>
</pin_list>
<bind>
<opset="bound_read "/>
</bind>
</comp>

<comp id="601" class="1005" name="add_i_i1015_read_reg_601">
<pin_list>
<pin id="602" dir="0" index="0" bw="32" slack="1"/>
<pin id="603" dir="1" index="1" bw="32" slack="1"/>
</pin_list>
<bind>
<opset="add_i_i1015_read "/>
</bind>
</comp>

<comp id="607" class="1005" name="zext_ln87_2_cast_reg_607">
<pin_list>
<pin id="608" dir="0" index="0" bw="32" slack="2"/>
<pin id="609" dir="1" index="1" bw="32" slack="2"/>
</pin_list>
<bind>
<opset="zext_ln87_2_cast "/>
</bind>
</comp>

<comp id="612" class="1005" name="conv_i_i961_cast_reg_612">
<pin_list>
<pin id="613" dir="0" index="0" bw="32" slack="1"/>
<pin id="614" dir="1" index="1" bw="32" slack="1"/>
</pin_list>
<bind>
<opset="conv_i_i961_cast "/>
</bind>
</comp>

<comp id="618" class="1005" name="tmp23_reg_618">
<pin_list>
<pin id="619" dir="0" index="0" bw="1" slack="1"/>
<pin id="620" dir="1" index="1" bw="1" slack="1"/>
</pin_list>
<bind>
<opset="tmp23 "/>
</bind>
</comp>

<comp id="623" class="1005" name="icmp_ln1027_reg_623">
<pin_list>
<pin id="624" dir="0" index="0" bw="1" slack="1"/>
<pin id="625" dir="1" index="1" bw="1" slack="2147483647"/>
</pin_list>
<bind>
<opset="icmp_ln1027 "/>
</bind>
</comp>

<comp id="627" class="1005" name="icmp_ln1027_3_reg_627">
<pin_list>
<pin id="628" dir="0" index="0" bw="1" slack="1"/>
<pin id="629" dir="1" index="1" bw="1" slack="1"/>
</pin_list>
<bind>
<opset="icmp_ln1027_3 "/>
</bind>
</comp>

<comp id="632" class="1005" name="or_ln1027_reg_632">
<pin_list>
<pin id="633" dir="0" index="0" bw="1" slack="4"/>
<pin id="634" dir="1" index="1" bw="1" slack="2147483647"/>
</pin_list>
<bind>
<opset="or_ln1027 "/>
</bind>
</comp>

<comp id="636" class="1005" name="w_in_1_mid1_reg_636">
<pin_list>
<pin id="637" dir="0" index="0" bw="32" slack="1"/>
<pin id="638" dir="1" index="1" bw="32" slack="1"/>
</pin_list>
<bind>
<opset="w_in_1_mid1 "/>
</bind>
</comp>

<comp id="641" class="1005" name="cmp_i_i962_mid1_reg_641">
<pin_list>
<pin id="642" dir="0" index="0" bw="1" slack="1"/>
<pin id="643" dir="1" index="1" bw="1" slack="1"/>
</pin_list>
<bind>
<opset="cmp_i_i962_mid1 "/>
</bind>
</comp>

<comp id="646" class="1005" name="select_ln1027_11_reg_646">
<pin_list>
<pin id="647" dir="0" index="0" bw="32" slack="1"/>
<pin id="648" dir="1" index="1" bw="32" slack="1"/>
</pin_list>
<bind>
<opset="select_ln1027_11 "/>
</bind>
</comp>

<comp id="651" class="1005" name="add_ln131_1_reg_651">
<pin_list>
<pin id="652" dir="0" index="0" bw="8" slack="1"/>
<pin id="653" dir="1" index="1" bw="8" slack="1"/>
</pin_list>
<bind>
<opset="add_ln131_1 "/>
</bind>
</comp>

<comp id="656" class="1005" name="trunc_ln131_2_reg_656">
<pin_list>
<pin id="657" dir="0" index="0" bw="1" slack="1"/>
<pin id="658" dir="1" index="1" bw="1" slack="2147483647"/>
</pin_list>
<bind>
<opset="trunc_ln131_2 "/>
</bind>
</comp>

<comp id="660" class="1005" name="and_ln1027_reg_660">
<pin_list>
<pin id="661" dir="0" index="0" bw="1" slack="3"/>
<pin id="662" dir="1" index="1" bw="1" slack="2147483647"/>
</pin_list>
<bind>
<opset="and_ln1027 "/>
</bind>
</comp>

<comp id="664" class="1005" name="mul_ln1027_reg_664">
<pin_list>
<pin id="665" dir="0" index="0" bw="32" slack="1"/>
<pin id="666" dir="1" index="1" bw="32" slack="1"/>
</pin_list>
<bind>
<opset="mul_ln1027 "/>
</bind>
</comp>

<comp id="669" class="1005" name="local_feature_in_blk_addr_reg_669">
<pin_list>
<pin id="670" dir="0" index="0" bw="8" slack="11"/>
<pin id="671" dir="1" index="1" bw="8" slack="11"/>
</pin_list>
<bind>
<opset="local_feature_in_blk_addr "/>
</bind>
</comp>

<comp id="674" class="1005" name="local_feature_in_blk_1_addr_reg_674">
<pin_list>
<pin id="675" dir="0" index="0" bw="8" slack="11"/>
<pin id="676" dir="1" index="1" bw="8" slack="11"/>
</pin_list>
<bind>
<opset="local_feature_in_blk_1_addr "/>
</bind>
</comp>

<comp id="679" class="1005" name="add_ln1027_5_reg_679">
<pin_list>
<pin id="680" dir="0" index="0" bw="32" slack="1"/>
<pin id="681" dir="1" index="1" bw="32" slack="1"/>
</pin_list>
<bind>
<opset="add_ln1027_5 "/>
</bind>
</comp>

<comp id="684" class="1005" name="sext_ln117_mid2_v_reg_684">
<pin_list>
<pin id="685" dir="0" index="0" bw="62" slack="1"/>
<pin id="686" dir="1" index="1" bw="62" slack="1"/>
</pin_list>
<bind>
<opset="sext_ln117_mid2_v "/>
</bind>
</comp>

<comp id="689" class="1005" name="gmem1_addr_reg_689">
<pin_list>
<pin id="690" dir="0" index="0" bw="32" slack="1"/>
<pin id="691" dir="1" index="1" bw="32" slack="1"/>
</pin_list>
<bind>
<opset="gmem1_addr "/>
</bind>
</comp>

<comp id="694" class="1005" name="gmem1_addr_1_reg_694">
<pin_list>
<pin id="695" dir="0" index="0" bw="32" slack="7"/>
<pin id="696" dir="1" index="1" bw="32" slack="7"/>
</pin_list>
<bind>
<opset="gmem1_addr_1 "/>
</bind>
</comp>

<comp id="699" class="1005" name="bitcast_ln128_reg_699">
<pin_list>
<pin id="700" dir="0" index="0" bw="32" slack="1"/>
<pin id="701" dir="1" index="1" bw="32" slack="1"/>
</pin_list>
<bind>
<opset="bitcast_ln128 "/>
</bind>
</comp>

</comp_list>

<net_list>
<net id="113"><net_src comp="28" pin="0"/><net_sink comp="110" pin=0"/></net>

<net id="117"><net_src comp="28" pin="0"/><net_sink comp="114" pin=0"/></net>

<net id="121"><net_src comp="28" pin="0"/><net_sink comp="118" pin=0"/></net>

<net id="126"><net_src comp="30" pin="0"/><net_sink comp="122" pin=0"/></net>

<net id="127"><net_src comp="26" pin="0"/><net_sink comp="122" pin=1"/></net>

<net id="132"><net_src comp="32" pin="0"/><net_sink comp="128" pin=0"/></net>

<net id="133"><net_src comp="24" pin="0"/><net_sink comp="128" pin=1"/></net>

<net id="138"><net_src comp="34" pin="0"/><net_sink comp="134" pin=0"/></net>

<net id="139"><net_src comp="22" pin="0"/><net_sink comp="134" pin=1"/></net>

<net id="144"><net_src comp="34" pin="0"/><net_sink comp="140" pin=0"/></net>

<net id="145"><net_src comp="20" pin="0"/><net_sink comp="140" pin=1"/></net>

<net id="150"><net_src comp="34" pin="0"/><net_sink comp="146" pin=0"/></net>

<net id="151"><net_src comp="18" pin="0"/><net_sink comp="146" pin=1"/></net>

<net id="156"><net_src comp="36" pin="0"/><net_sink comp="152" pin=0"/></net>

<net id="157"><net_src comp="16" pin="0"/><net_sink comp="152" pin=1"/></net>

<net id="162"><net_src comp="38" pin="0"/><net_sink comp="158" pin=0"/></net>

<net id="163"><net_src comp="14" pin="0"/><net_sink comp="158" pin=1"/></net>

<net id="168"><net_src comp="36" pin="0"/><net_sink comp="164" pin=0"/></net>

<net id="169"><net_src comp="12" pin="0"/><net_sink comp="164" pin=1"/></net>

<net id="174"><net_src comp="40" pin="0"/><net_sink comp="170" pin=0"/></net>

<net id="175"><net_src comp="4" pin="0"/><net_sink comp="170" pin=1"/></net>

<net id="180"><net_src comp="36" pin="0"/><net_sink comp="176" pin=0"/></net>

<net id="181"><net_src comp="2" pin="0"/><net_sink comp="176" pin=1"/></net>

<net id="186"><net_src comp="34" pin="0"/><net_sink comp="182" pin=0"/></net>

<net id="187"><net_src comp="0" pin="0"/><net_sink comp="182" pin=1"/></net>

<net id="193"><net_src comp="106" pin="0"/><net_sink comp="188" pin=0"/></net>

<net id="194"><net_src comp="46" pin="0"/><net_sink comp="188" pin=2"/></net>

<net id="199"><net_src comp="108" pin="0"/><net_sink comp="195" pin=0"/></net>

<net id="205"><net_src comp="10" pin="0"/><net_sink comp="200" pin=0"/></net>

<net id="206"><net_src comp="62" pin="0"/><net_sink comp="200" pin=1"/></net>

<net id="212"><net_src comp="8" pin="0"/><net_sink comp="207" pin=0"/></net>

<net id="213"><net_src comp="62" pin="0"/><net_sink comp="207" pin=1"/></net>

<net id="223"><net_src comp="94" pin="0"/><net_sink comp="214" pin=4"/></net>

<net id="224"><net_src comp="200" pin="3"/><net_sink comp="214" pin=2"/></net>

<net id="234"><net_src comp="94" pin="0"/><net_sink comp="225" pin=4"/></net>

<net id="235"><net_src comp="207" pin="3"/><net_sink comp="225" pin=2"/></net>

<net id="239"><net_src comp="66" pin="0"/><net_sink comp="236" pin=0"/></net>

<net id="246"><net_src comp="236" pin="1"/><net_sink comp="240" pin=0"/></net>

<net id="247"><net_src comp="68" pin="0"/><net_sink comp="240" pin=2"/></net>

<net id="251"><net_src comp="152" pin="2"/><net_sink comp="248" pin=0"/></net>

<net id="255"><net_src comp="176" pin="2"/><net_sink comp="252" pin=0"/></net>

<net id="260"><net_src comp="60" pin="0"/><net_sink comp="256" pin=0"/></net>

<net id="265"><net_src comp="62" pin="0"/><net_sink comp="261" pin=0"/></net>

<net id="270"><net_src comp="64" pin="0"/><net_sink comp="266" pin=0"/></net>

<net id="280"><net_src comp="271" pin="1"/><net_sink comp="277" pin=0"/></net>

<net id="285"><net_src comp="277" pin="1"/><net_sink comp="281" pin=0"/></net>

<net id="291"><net_src comp="70" pin="0"/><net_sink comp="286" pin=0"/></net>

<net id="292"><net_src comp="281" pin="2"/><net_sink comp="286" pin=1"/></net>

<net id="293"><net_src comp="72" pin="0"/><net_sink comp="286" pin=2"/></net>

<net id="298"><net_src comp="286" pin="3"/><net_sink comp="294" pin=0"/></net>

<net id="299"><net_src comp="66" pin="0"/><net_sink comp="294" pin=1"/></net>

<net id="304"><net_src comp="281" pin="2"/><net_sink comp="300" pin=0"/></net>

<net id="309"><net_src comp="300" pin="2"/><net_sink comp="305" pin=0"/></net>

<net id="310"><net_src comp="294" pin="2"/><net_sink comp="305" pin=1"/></net>

<net id="315"><net_src comp="274" pin="1"/><net_sink comp="311" pin=0"/></net>

<net id="320"><net_src comp="274" pin="1"/><net_sink comp="316" pin=0"/></net>

<net id="321"><net_src comp="74" pin="0"/><net_sink comp="316" pin=1"/></net>

<net id="329"><net_src comp="271" pin="1"/><net_sink comp="325" pin=0"/></net>

<net id="330"><net_src comp="76" pin="0"/><net_sink comp="325" pin=1"/></net>

<net id="335"><net_src comp="322" pin="1"/><net_sink comp="331" pin=0"/></net>

<net id="340"><net_src comp="331" pin="2"/><net_sink comp="336" pin=0"/></net>

<net id="341"><net_src comp="240" pin="4"/><net_sink comp="336" pin=1"/></net>

<net id="347"><net_src comp="331" pin="2"/><net_sink comp="342" pin=0"/></net>

<net id="348"><net_src comp="64" pin="0"/><net_sink comp="342" pin=1"/></net>

<net id="349"><net_src comp="322" pin="1"/><net_sink comp="342" pin=2"/></net>

<net id="353"><net_src comp="325" pin="2"/><net_sink comp="350" pin=0"/></net>

<net id="358"><net_src comp="350" pin="1"/><net_sink comp="354" pin=0"/></net>

<net id="363"><net_src comp="354" pin="2"/><net_sink comp="359" pin=0"/></net>

<net id="369"><net_src comp="331" pin="2"/><net_sink comp="364" pin=0"/></net>

<net id="370"><net_src comp="350" pin="1"/><net_sink comp="364" pin=1"/></net>

<net id="371"><net_src comp="277" pin="1"/><net_sink comp="364" pin=2"/></net>

<net id="377"><net_src comp="331" pin="2"/><net_sink comp="372" pin=0"/></net>

<net id="378"><net_src comp="325" pin="2"/><net_sink comp="372" pin=1"/></net>

<net id="379"><net_src comp="271" pin="1"/><net_sink comp="372" pin=2"/></net>

<net id="386"><net_src comp="372" pin="3"/><net_sink comp="383" pin=0"/></net>

<net id="391"><net_src comp="380" pin="1"/><net_sink comp="387" pin=0"/></net>

<net id="392"><net_src comp="383" pin="1"/><net_sink comp="387" pin=1"/></net>

<net id="398"><net_src comp="78" pin="0"/><net_sink comp="393" pin=0"/></net>

<net id="399"><net_src comp="387" pin="2"/><net_sink comp="393" pin=1"/></net>

<net id="400"><net_src comp="80" pin="0"/><net_sink comp="393" pin=2"/></net>

<net id="407"><net_src comp="82" pin="0"/><net_sink comp="401" pin=0"/></net>

<net id="408"><net_src comp="342" pin="3"/><net_sink comp="401" pin=1"/></net>

<net id="409"><net_src comp="28" pin="0"/><net_sink comp="401" pin=2"/></net>

<net id="410"><net_src comp="84" pin="0"/><net_sink comp="401" pin=3"/></net>

<net id="415"><net_src comp="393" pin="3"/><net_sink comp="411" pin=0"/></net>

<net id="416"><net_src comp="401" pin="4"/><net_sink comp="411" pin=1"/></net>

<net id="420"><net_src comp="342" pin="3"/><net_sink comp="417" pin=0"/></net>

<net id="425"><net_src comp="342" pin="3"/><net_sink comp="421" pin=0"/></net>

<net id="426"><net_src comp="86" pin="0"/><net_sink comp="421" pin=1"/></net>

<net id="431"><net_src comp="316" pin="2"/><net_sink comp="427" pin=0"/></net>

<net id="436"><net_src comp="372" pin="3"/><net_sink comp="432" pin=0"/></net>

<net id="441"><net_src comp="421" pin="2"/><net_sink comp="437" pin=0"/></net>

<net id="447"><net_src comp="70" pin="0"/><net_sink comp="442" pin=0"/></net>

<net id="448"><net_src comp="72" pin="0"/><net_sink comp="442" pin=2"/></net>

<net id="453"><net_src comp="442" pin="3"/><net_sink comp="449" pin=0"/></net>

<net id="454"><net_src comp="66" pin="0"/><net_sink comp="449" pin=1"/></net>

<net id="459"><net_src comp="449" pin="2"/><net_sink comp="455" pin=1"/></net>

<net id="465"><net_src comp="455" pin="2"/><net_sink comp="460" pin=1"/></net>

<net id="470"><net_src comp="460" pin="3"/><net_sink comp="466" pin=0"/></net>

<net id="478"><net_src comp="475" pin="1"/><net_sink comp="200" pin=2"/></net>

<net id="479"><net_src comp="475" pin="1"/><net_sink comp="207" pin=2"/></net>

<net id="488"><net_src comp="480" pin="2"/><net_sink comp="484" pin=0"/></net>

<net id="493"><net_src comp="484" pin="2"/><net_sink comp="489" pin=0"/></net>

<net id="499"><net_src comp="96" pin="0"/><net_sink comp="494" pin=0"/></net>

<net id="500"><net_src comp="80" pin="0"/><net_sink comp="494" pin=2"/></net>

<net id="504"><net_src comp="494" pin="3"/><net_sink comp="501" pin=0"/></net>

<net id="509"><net_src comp="501" pin="1"/><net_sink comp="505" pin=0"/></net>

<net id="516"><net_src comp="98" pin="0"/><net_sink comp="510" pin=0"/></net>

<net id="517"><net_src comp="505" pin="2"/><net_sink comp="510" pin=1"/></net>

<net id="518"><net_src comp="100" pin="0"/><net_sink comp="510" pin=2"/></net>

<net id="519"><net_src comp="102" pin="0"/><net_sink comp="510" pin=3"/></net>

<net id="527"><net_src comp="6" pin="0"/><net_sink comp="523" pin=0"/></net>

<net id="528"><net_src comp="520" pin="1"/><net_sink comp="523" pin=1"/></net>

<net id="529"><net_src comp="523" pin="2"/><net_sink comp="188" pin=1"/></net>

<net id="534"><net_src comp="6" pin="0"/><net_sink comp="530" pin=0"/></net>

<net id="535"><net_src comp="520" pin="1"/><net_sink comp="530" pin=1"/></net>

<net id="539"><net_src comp="195" pin="2"/><net_sink comp="536" pin=0"/></net>

<net id="543"><net_src comp="110" pin="1"/><net_sink comp="540" pin=0"/></net>

<net id="544"><net_src comp="540" pin="1"/><net_sink comp="266" pin=1"/></net>

<net id="545"><net_src comp="540" pin="1"/><net_sink comp="322" pin=0"/></net>

<net id="546"><net_src comp="540" pin="1"/><net_sink comp="437" pin=1"/></net>

<net id="550"><net_src comp="114" pin="1"/><net_sink comp="547" pin=0"/></net>

<net id="551"><net_src comp="547" pin="1"/><net_sink comp="261" pin=1"/></net>

<net id="552"><net_src comp="547" pin="1"/><net_sink comp="271" pin=0"/></net>

<net id="553"><net_src comp="547" pin="1"/><net_sink comp="432" pin=1"/></net>

<net id="557"><net_src comp="118" pin="1"/><net_sink comp="554" pin=0"/></net>

<net id="558"><net_src comp="554" pin="1"/><net_sink comp="256" pin=1"/></net>

<net id="559"><net_src comp="554" pin="1"/><net_sink comp="274" pin=0"/></net>

<net id="560"><net_src comp="554" pin="1"/><net_sink comp="427" pin=1"/></net>

<net id="564"><net_src comp="122" pin="2"/><net_sink comp="561" pin=0"/></net>

<net id="565"><net_src comp="561" pin="1"/><net_sink comp="380" pin=0"/></net>

<net id="569"><net_src comp="128" pin="2"/><net_sink comp="566" pin=0"/></net>

<net id="570"><net_src comp="566" pin="1"/><net_sink comp="505" pin=1"/></net>

<net id="574"><net_src comp="134" pin="2"/><net_sink comp="571" pin=0"/></net>

<net id="575"><net_src comp="571" pin="1"/><net_sink comp="489" pin=1"/></net>

<net id="579"><net_src comp="140" pin="2"/><net_sink comp="576" pin=0"/></net>

<net id="580"><net_src comp="576" pin="1"/><net_sink comp="484" pin=1"/></net>

<net id="584"><net_src comp="146" pin="2"/><net_sink comp="581" pin=0"/></net>

<net id="585"><net_src comp="581" pin="1"/><net_sink comp="480" pin=0"/></net>

<net id="589"><net_src comp="158" pin="2"/><net_sink comp="586" pin=0"/></net>

<net id="590"><net_src comp="586" pin="1"/><net_sink comp="466" pin=1"/></net>

<net id="594"><net_src comp="164" pin="2"/><net_sink comp="591" pin=0"/></net>

<net id="595"><net_src comp="591" pin="1"/><net_sink comp="331" pin=1"/></net>

<net id="599"><net_src comp="170" pin="2"/><net_sink comp="596" pin=0"/></net>

<net id="600"><net_src comp="596" pin="1"/><net_sink comp="311" pin=1"/></net>

<net id="604"><net_src comp="182" pin="2"/><net_sink comp="601" pin=0"/></net>

<net id="605"><net_src comp="601" pin="1"/><net_sink comp="281" pin=1"/></net>

<net id="606"><net_src comp="601" pin="1"/><net_sink comp="354" pin=1"/></net>

<net id="610"><net_src comp="248" pin="1"/><net_sink comp="607" pin=0"/></net>

<net id="611"><net_src comp="607" pin="1"/><net_sink comp="471" pin=1"/></net>

<net id="615"><net_src comp="252" pin="1"/><net_sink comp="612" pin=0"/></net>

<net id="616"><net_src comp="612" pin="1"/><net_sink comp="300" pin=1"/></net>

<net id="617"><net_src comp="612" pin="1"/><net_sink comp="359" pin=1"/></net>

<net id="621"><net_src comp="305" pin="2"/><net_sink comp="618" pin=0"/></net>

<net id="622"><net_src comp="618" pin="1"/><net_sink comp="460" pin=2"/></net>

<net id="626"><net_src comp="311" pin="2"/><net_sink comp="623" pin=0"/></net>

<net id="630"><net_src comp="331" pin="2"/><net_sink comp="627" pin=0"/></net>

<net id="631"><net_src comp="627" pin="1"/><net_sink comp="460" pin=0"/></net>

<net id="635"><net_src comp="336" pin="2"/><net_sink comp="632" pin=0"/></net>

<net id="639"><net_src comp="354" pin="2"/><net_sink comp="636" pin=0"/></net>

<net id="640"><net_src comp="636" pin="1"/><net_sink comp="442" pin=1"/></net>

<net id="644"><net_src comp="359" pin="2"/><net_sink comp="641" pin=0"/></net>

<net id="645"><net_src comp="641" pin="1"/><net_sink comp="455" pin=0"/></net>

<net id="649"><net_src comp="364" pin="3"/><net_sink comp="646" pin=0"/></net>

<net id="650"><net_src comp="646" pin="1"/><net_sink comp="471" pin=0"/></net>

<net id="654"><net_src comp="411" pin="2"/><net_sink comp="651" pin=0"/></net>

<net id="655"><net_src comp="651" pin="1"/><net_sink comp="475" pin=0"/></net>

<net id="659"><net_src comp="417" pin="1"/><net_sink comp="656" pin=0"/></net>

<net id="663"><net_src comp="466" pin="2"/><net_sink comp="660" pin=0"/></net>

<net id="667"><net_src comp="471" pin="2"/><net_sink comp="664" pin=0"/></net>

<net id="668"><net_src comp="664" pin="1"/><net_sink comp="480" pin=1"/></net>

<net id="672"><net_src comp="200" pin="3"/><net_sink comp="669" pin=0"/></net>

<net id="673"><net_src comp="669" pin="1"/><net_sink comp="214" pin=0"/></net>

<net id="677"><net_src comp="207" pin="3"/><net_sink comp="674" pin=0"/></net>

<net id="678"><net_src comp="674" pin="1"/><net_sink comp="225" pin=0"/></net>

<net id="682"><net_src comp="489" pin="2"/><net_sink comp="679" pin=0"/></net>

<net id="683"><net_src comp="679" pin="1"/><net_sink comp="494" pin=1"/></net>

<net id="687"><net_src comp="510" pin="4"/><net_sink comp="684" pin=0"/></net>

<net id="688"><net_src comp="684" pin="1"/><net_sink comp="520" pin=0"/></net>

<net id="692"><net_src comp="523" pin="2"/><net_sink comp="689" pin=0"/></net>

<net id="693"><net_src comp="689" pin="1"/><net_sink comp="188" pin=1"/></net>

<net id="697"><net_src comp="530" pin="2"/><net_sink comp="694" pin=0"/></net>

<net id="698"><net_src comp="694" pin="1"/><net_sink comp="195" pin=1"/></net>

<net id="702"><net_src comp="536" pin="1"/><net_sink comp="699" pin=0"/></net>

<net id="703"><net_src comp="699" pin="1"/><net_sink comp="214" pin=1"/></net>

<net id="704"><net_src comp="699" pin="1"/><net_sink comp="225" pin=1"/></net>

</net_list>

</model> 
---------------- Datapath Model END ------------------

* FSMD analyzer results:
  - Output states:
	Port: gmem1 | {}
	Port: local_feature_in_blk_1 | {3 14 }
	Port: local_feature_in_blk | {3 14 }
 - Input state : 
	Port: Block_entry352_proc1_Pipeline_VITIS_LOOP_117_7 : add_i_i1015 | {1 }
	Port: Block_entry352_proc1_Pipeline_VITIS_LOOP_117_7 : conv_i_i961 | {1 }
	Port: Block_entry352_proc1_Pipeline_VITIS_LOOP_117_7 : bound | {1 }
	Port: Block_entry352_proc1_Pipeline_VITIS_LOOP_117_7 : gmem1 | {6 7 8 9 10 11 12 13 }
	Port: Block_entry352_proc1_Pipeline_VITIS_LOOP_117_7 : C_in | {1 }
	Port: Block_entry352_proc1_Pipeline_VITIS_LOOP_117_7 : tmp22 | {1 }
	Port: Block_entry352_proc1_Pipeline_VITIS_LOOP_117_7 : zext_ln87_2 | {1 }
	Port: Block_entry352_proc1_Pipeline_VITIS_LOOP_117_7 : phi_mul594 | {1 }
	Port: Block_entry352_proc1_Pipeline_VITIS_LOOP_117_7 : mul_ln105_1 | {1 }
	Port: Block_entry352_proc1_Pipeline_VITIS_LOOP_117_7 : add_ln116 | {1 }
	Port: Block_entry352_proc1_Pipeline_VITIS_LOOP_117_7 : feature_in | {1 }
	Port: Block_entry352_proc1_Pipeline_VITIS_LOOP_117_7 : sub_ln131 | {1 }
  - Chain level:
	State 1
		store_ln0 : 1
		store_ln0 : 1
		store_ln0 : 1
	State 2
		trunc_ln1027 : 1
		w_in : 2
		tmp : 3
		rev : 4
		cmp_i_i962 : 3
		tmp23 : 4
		icmp_ln1027 : 1
		add_ln1027 : 1
		br_ln1027 : 2
		add_ln116_1 : 1
		icmp_ln1027_3 : 1
		or_ln1027 : 2
		select_ln1027_10 : 2
		trunc_ln1027_1 : 2
		w_in_1_mid1 : 3
		cmp_i_i962_mid1 : 4
		select_ln1027_11 : 3
		select_ln1027_12 : 2
		trunc_ln131_1 : 3
		add_ln131 : 4
		tmp_s : 5
		br_ln117 : 2
		lshr_ln4 : 3
		add_ln131_1 : 6
		trunc_ln131_2 : 3
		add_ln117 : 3
		store_ln117 : 2
		store_ln117 : 3
		store_ln117 : 4
	State 3
		rev21 : 1
		tmp23_mid1 : 1
		select_ln1027 : 1
		and_ln1027 : 2
		local_feature_in_blk_addr : 1
		local_feature_in_blk_1_addr : 1
		br_ln126 : 2
		store_ln131 : 2
		store_ln131 : 2
	State 4
		add_ln1027_4 : 1
		add_ln1027_5 : 2
	State 5
		sext_ln1027 : 1
		add_ln1027_6 : 2
		sext_ln117_mid2_v : 3
	State 6
		gmem1_addr : 1
		empty : 2
		gmem1_addr_1 : 1
	State 7
	State 8
	State 9
	State 10
	State 11
	State 12
	State 13
	State 14


============================================================
+ Verbose Summary: Datapath Resource usage 
============================================================

* Functional unit list:
|----------|----------------------------------|---------|---------|---------|
| Operation|          Functional Unit         |   DSP   |    FF   |   LUT   |
|----------|----------------------------------|---------|---------|---------|
|          |            w_in_fu_281           |    0    |    0    |    32   |
|          |         add_ln1027_fu_316        |    0    |    0    |    80   |
|          |        add_ln116_1_fu_325        |    0    |    0    |    64   |
|          |        w_in_1_mid1_fu_354        |    0    |    0    |    32   |
|          |         add_ln131_fu_387         |    0    |    0    |    6    |
|    add   |        add_ln131_1_fu_411        |    0    |    0    |    8    |
|          |         add_ln117_fu_421         |    0    |    0    |    16   |
|          |        add_ln1027_3_fu_480       |    0    |    0    |    32   |
|          |        add_ln1027_4_fu_484       |    0    |    0    |    32   |
|          |        add_ln1027_5_fu_489       |    0    |    0    |    32   |
|          |        add_ln1027_6_fu_505       |    0    |    0    |    64   |
|----------|----------------------------------|---------|---------|---------|
|          |      select_ln1027_10_fu_342     |    0    |    0    |    16   |
|  select  |      select_ln1027_11_fu_364     |    0    |    0    |    32   |
|          |      select_ln1027_12_fu_372     |    0    |    0    |    64   |
|          |       select_ln1027_fu_460       |    0    |    0    |    2    |
|----------|----------------------------------|---------|---------|---------|
|          |         cmp_i_i962_fu_300        |    0    |    0    |    12   |
|   icmp   |        icmp_ln1027_fu_311        |    0    |    0    |    28   |
|          |       icmp_ln1027_3_fu_331       |    0    |    0    |    7    |
|          |      cmp_i_i962_mid1_fu_359      |    0    |    0    |    12   |
|----------|----------------------------------|---------|---------|---------|
|    mul   |         mul_ln1027_fu_471        |    2    |    0    |    21   |
|----------|----------------------------------|---------|---------|---------|
|          |           tmp23_fu_305           |    0    |    0    |    1    |
|    and   |         tmp23_mid1_fu_455        |    0    |    0    |    1    |
|          |         and_ln1027_fu_466        |    0    |    0    |    1    |
|----------|----------------------------------|---------|---------|---------|
|    xor   |            rev_fu_294            |    0    |    0    |    1    |
|          |           rev21_fu_449           |    0    |    0    |    1    |
|----------|----------------------------------|---------|---------|---------|
|    or    |         or_ln1027_fu_336         |    0    |    0    |    1    |
|----------|----------------------------------|---------|---------|---------|
|          |    sub_ln131_read_read_fu_122    |    0    |    0    |    0    |
|          |    feature_in_read_read_fu_128   |    0    |    0    |    0    |
|          |    add_ln116_read_read_fu_134    |    0    |    0    |    0    |
|          |   mul_ln105_1_read_read_fu_140   |    0    |    0    |    0    |
|          |    phi_mul594_read_read_fu_146   |    0    |    0    |    0    |
|   read   |   zext_ln87_2_read_read_fu_152   |    0    |    0    |    0    |
|          |      tmp22_read_read_fu_158      |    0    |    0    |    0    |
|          |       C_in_read_read_fu_164      |    0    |    0    |    0    |
|          |      bound_read_read_fu_170      |    0    |    0    |    0    |
|          |   conv_i_i961_read_read_fu_176   |    0    |    0    |    0    |
|          |   add_i_i1015_read_read_fu_182   |    0    |    0    |    0    |
|          |   gmem1_addr_1_read_read_fu_195  |    0    |    0    |    0    |
|----------|----------------------------------|---------|---------|---------|
|  readreq |        grp_readreq_fu_188        |    0    |    0    |    0    |
|----------|----------------------------------|---------|---------|---------|
|          |      zext_ln87_2_cast_fu_248     |    0    |    0    |    0    |
|   zext   |      conv_i_i961_cast_fu_252     |    0    |    0    |    0    |
|          |         zext_ln131_fu_475        |    0    |    0    |    0    |
|----------|----------------------------------|---------|---------|---------|
|          |        trunc_ln1027_fu_277       |    0    |    0    |    0    |
|          |       trunc_ln1027_1_fu_350      |    0    |    0    |    0    |
|   trunc  |        trunc_ln131_fu_380        |    0    |    0    |    0    |
|          |       trunc_ln131_1_fu_383       |    0    |    0    |    0    |
|          |       trunc_ln131_2_fu_417       |    0    |    0    |    0    |
|----------|----------------------------------|---------|---------|---------|
| bitselect|            tmp_fu_286            |    0    |    0    |    0    |
|          |           tmp_1_fu_442           |    0    |    0    |    0    |
|----------|----------------------------------|---------|---------|---------|
|bitconcatenate|           tmp_s_fu_393           |    0    |    0    |    0    |
|          | sext_ln117_mid2_v_v_v_v_v_fu_494 |    0    |    0    |    0    |
|----------|----------------------------------|---------|---------|---------|
|partselect|          lshr_ln4_fu_401         |    0    |    0    |    0    |
|          |     sext_ln117_mid2_v_fu_510     |    0    |    0    |    0    |
|----------|----------------------------------|---------|---------|---------|
|   sext   |        sext_ln1027_fu_501        |    0    |    0    |    0    |
|          |       sext_ln1027_2_fu_520       |    0    |    0    |    0    |
|----------|----------------------------------|---------|---------|---------|
|   Total  |                                  |    2    |    0    |   598   |
|----------|----------------------------------|---------|---------|---------|

Memories:
N/A

* Register list:
+-----------------------------------+--------+
|                                   |   FF   |
+-----------------------------------+--------+
|         C_in_read_reg_591         |   16   |
|      add_i_i1015_read_reg_601     |   32   |
|        add_ln1027_5_reg_679       |   32   |
|       add_ln116_read_reg_571      |   32   |
|        add_ln131_1_reg_651        |    8   |
|         and_ln1027_reg_660        |    1   |
|       bitcast_ln128_reg_699       |   32   |
|         bound_read_reg_596        |   80   |
|           c_in_3_reg_540          |   16   |
|      cmp_i_i962_mid1_reg_641      |    1   |
|      conv_i_i961_cast_reg_612     |   32   |
|      feature_in_read_reg_566      |   64   |
|        first_iter_0_reg_236       |    1   |
|        gmem1_addr_1_reg_694       |   32   |
|         gmem1_addr_reg_689        |   32   |
|       icmp_ln1027_3_reg_627       |    1   |
|        icmp_ln1027_reg_623        |    1   |
|       indvar_flatten_reg_554      |   80   |
|local_feature_in_blk_1_addr_reg_674|    8   |
| local_feature_in_blk_addr_reg_669 |    8   |
|         mul_ln1027_reg_664        |   32   |
|      mul_ln105_1_read_reg_576     |   32   |
|         or_ln1027_reg_632         |    1   |
|      phi_mul594_read_reg_581      |   32   |
|      select_ln1027_11_reg_646     |   32   |
|     sext_ln117_mid2_v_reg_684     |   62   |
|       sub_ln131_read_reg_561      |   62   |
|         tmp22_read_reg_586        |    1   |
|           tmp23_reg_618           |    1   |
|       trunc_ln131_2_reg_656       |    1   |
|        w_in_1_mid1_reg_636        |   32   |
|          w_in_blk_reg_547         |   64   |
|      zext_ln87_2_cast_reg_607     |   32   |
+-----------------------------------+--------+
|               Total               |   893  |
+-----------------------------------+--------+

* Multiplexer (MUX) list: 
|--------------------|------|------|------|--------||---------||---------|
|        Comp        |  Pin | Size |  BW  | S x BW ||  Delay  ||   LUT   |
|--------------------|------|------|------|--------||---------||---------|
| grp_readreq_fu_188 |  p1  |   2  |  32  |   64   ||    9    |
|--------------------|------|------|------|--------||---------||---------|
|        Total       |      |      |      |   64   ||  1.298  ||    9    |
|--------------------|------|------|------|--------||---------||---------|



* Summary:
+-----------+--------+--------+--------+--------+
|           |   DSP  |  Delay |   FF   |   LUT  |
+-----------+--------+--------+--------+--------+
|  Function |    2   |    -   |    0   |   598  |
|   Memory  |    -   |    -   |    -   |    -   |
|Multiplexer|    -   |    1   |    -   |    9   |
|  Register |    -   |    -   |   893  |    -   |
+-----------+--------+--------+--------+--------+
|   Total   |    2   |    1   |   893  |   607  |
+-----------+--------+--------+--------+--------+
