INFO-FLOW: Workspace C:/Users/11400/Desktop/shuffletest/HLS/ip8/solution1 opened at Tue Nov 04 14:30:33 +0800 2025
Execute     ap_set_clock -name default -period 10 -default=false 
INFO: [SYN 201-201] Setting up clock 'default' with a period of 10ns.
Execute     set_part xc7z020-clg400-2 
Execute       create_platform xc7z020-clg400-2 -board  
DBG:HLSDevice: Trying to load device library: D:/Xilinx/Vitis_HLS/2022.2\lib\win64.o\xv_hlsvwrap.dll
DBG:HLSDevice: first parts/arch.xml in RDI_DATADIR: D:/Xilinx/Vivado/2022.2/data/parts/arch.xml
DBG:HLSDevice: init success
INFO: [HLS 200-1611] Setting target device to 'xc7z020-clg400-2'
Command       create_platform done; 2.52 sec.
Execute       source D:/Xilinx/Vitis_HLS/2022.2/common/technology/xilinx/common/xilinx.gen 
Execute         source D:/Xilinx/Vitis_HLS/2022.2/common/technology/xilinx/interface/plb46.gen 
Execute         source D:/Xilinx/Vitis_HLS/2022.2/common/technology/xilinx/interface/axi4.gen 
Execute         source D:/Xilinx/Vitis_HLS/2022.2/common/technology/xilinx/interface/nativeAXI4.gen 
Execute           source D:/Xilinx/Vitis_HLS/2022.2/common/technology/xilinx/interface/saxilite.gen 
Execute         source D:/Xilinx/Vitis_HLS/2022.2/common/technology/xilinx/scripts/xilinxcoregen.gen 
Execute         source D:/Xilinx/Vitis_HLS/2022.2/common/technology/xilinx/interface/XilEDKCoreGen.gen 
Execute         source D:/Xilinx/Vitis_HLS/2022.2/common/technology/xilinx/ip/dds_compiler.gen 
Execute         source D:/Xilinx/Vitis_HLS/2022.2/common/technology/xilinx/ip/util.gen 
Execute         source D:/Xilinx/Vitis_HLS/2022.2/common/technology/xilinx/ip/xfft.gen 
Execute         source D:/Xilinx/Vitis_HLS/2022.2/common/technology/xilinx/ip/xfir.gen 
Execute         source D:/Xilinx/Vitis_HLS/2022.2/common/technology/xilinx/DSP48/dsp48.gen 
Command       ap_source done; 0.114 sec.
Execute       ap_part_info -name xc7z020-clg400-2 -data info 
Execute       config_compile -quiet -complex-mul-dsp=0 
Command     set_part done; 2.694 sec.
Execute     send_msg_by_id INFO @200-1505@%s%s  vivado 
INFO: [HLS 200-1505] Using flow_target 'vivado'
Execute     send_msg_by_id INFO @200-1464@%s config_export -format=ip_catalog 
INFO: [HLS 200-1464] Running solution command: config_export -format=ip_catalog
Execute     config_export -format=ip_catalog 
Execute     send_msg_by_id INFO @200-1464@%s config_export -rtl=verilog 
INFO: [HLS 200-1464] Running solution command: config_export -rtl=verilog
Execute     config_export -rtl=verilog 
Command   open_solution done; 2.862 sec.
Execute   set_part xc7z020clg400-2 
INFO: [HLS 200-1510] Running: set_part xc7z020clg400-2 
Execute     create_platform xc7z020clg400-2 -board  
Execute     source D:/Xilinx/Vitis_HLS/2022.2/common/technology/xilinx/common/xilinx.gen 
Execute       source D:/Xilinx/Vitis_HLS/2022.2/common/technology/xilinx/interface/plb46.gen 
Execute       source D:/Xilinx/Vitis_HLS/2022.2/common/technology/xilinx/interface/axi4.gen 
Execute       source D:/Xilinx/Vitis_HLS/2022.2/common/technology/xilinx/interface/nativeAXI4.gen 
Execute         source D:/Xilinx/Vitis_HLS/2022.2/common/technology/xilinx/interface/saxilite.gen 
Execute       source D:/Xilinx/Vitis_HLS/2022.2/common/technology/xilinx/scripts/xilinxcoregen.gen 
Execute       source D:/Xilinx/Vitis_HLS/2022.2/common/technology/xilinx/interface/XilEDKCoreGen.gen 
Execute       source D:/Xilinx/Vitis_HLS/2022.2/common/technology/xilinx/ip/dds_compiler.gen 
Execute       source D:/Xilinx/Vitis_HLS/2022.2/common/technology/xilinx/ip/util.gen 
Execute       source D:/Xilinx/Vitis_HLS/2022.2/common/technology/xilinx/ip/xfft.gen 
Execute       source D:/Xilinx/Vitis_HLS/2022.2/common/technology/xilinx/ip/xfir.gen 
Execute       source D:/Xilinx/Vitis_HLS/2022.2/common/technology/xilinx/DSP48/dsp48.gen 
Command     ap_source done; 0.117 sec.
Execute     ap_part_info -name xc7z020-clg400-2 -data info 
Execute     config_compile -quiet -complex-mul-dsp=0 
Command   set_part done; 0.263 sec.
Execute   create_clock -period 10 -name default 
INFO: [HLS 200-1510] Running: create_clock -period 10 -name default 
Execute   config_export -format ip_catalog -rtl verilog 
INFO: [HLS 200-1510] Running: config_export -format ip_catalog -rtl verilog 
Execute   source ./ip8/solution1/directives.tcl 
INFO: [HLS 200-1510] Running: source ./ip8/solution1/directives.tcl
Execute     set_directive_top -name pooling pooling 
INFO: [HLS 200-1510] Running: set_directive_top -name pooling pooling 
Execute   csynth_design 
INFO: [HLS 200-1510] Running: csynth_design 
Execute     elaborate -effort=medium -skip_syncheck=0 -keep_printf=0 -skip_cdt=0 -skip_transform=0 -ng=0 -g=0 -opt_fp=0 -from_csynth_design=1 
INFO: [HLS 200-111] Finished File checks and directory preparation: CPU user time: 0 seconds. CPU system time: 0 seconds. Elapsed time: 10.345 seconds; current allocated memory: 557.848 MB.
INFO: [HLS 200-10] Analyzing design file '../ip/ip6/pooling.cpp' ... 
INFO-FLOW: Compiling one TU...
INFO-FLOW: Handling ../ip/ip6/pooling.cpp as C++
Execute       ap_part_info -name xc7z020-clg400-2 -data info 
Command       ap_part_info done; 0.502 sec.
INFO-FLOW: Running: GCC PP 39
INFO-FLOW: Source preprocessing
Execute       ap_eval exec -ignorestderr D:/Xilinx/Vitis_HLS/2022.2/win64/tools/clang-3.9-csynth/bin/clang ../ip/ip6/pooling.cpp -foptimization-record-file=C:/Users/11400/Desktop/shuffletest/HLS/ip8/solution1/.autopilot/db/pooling.cpp.clang.diag.yml -mllvm -pass-remarks-missed=reflow|pasta|unroll -mllvm -pass-remarks=reflow|pasta|unroll|inline -fno-limit-debug-info --sysroot D:/Xilinx/Vitis_HLS/2022.2/tps/mingw/8.3.0/win64.o/nt -fhls -fno-exceptions -E -fno-math-errno -c -emit-llvm -mllvm -disable-llvm-optzns -Werror=implicit-function-declaration -Werror=implicit-hls-streams -Werror=return-type -Wpragmas -Wunused-parameter -Wdump-hls-pragmas -Wno-error=dump-hls-pragmas -fno-threadsafe-statics -fno-use-cxa-atexit -std=gnu++14 -target fpga64-xilinx-mingw32 -fno-threadsafe-statics -fno-use-cxa-atexit -D__VITIS_HLS__ -DAESL_SYN -D__SYNTHESIS__ -D__HLS_SYN__ -I D:/Xilinx/Vitis_HLS/2022.2/common/technology/autopilot -I D:/Xilinx/Vitis_HLS/2022.2/common/technology/autopilot/ap_sysc -include etc/autopilot_ssdm_op.h -D__DSP48E1__ -I /usr/include/x86_64-linux-gnu -o C:/Users/11400/Desktop/shuffletest/HLS/ip8/solution1/.autopilot/db/pooling.pp.0.cpp {-hls-platform-db-name=D:/Xilinx/Vitis_HLS/2022.2/common/technology\xilinx/common/platform.db} -hls-platform-name=zynq_medium -device-resource-info=BRAM_280.000000_DSP_220.000000_FF_106400.000000_LUT_53200.000000_SLICE_13300.000000_URAM_0.000000 -device-name-info=xc7z020clg400-2 > C:/Users/11400/Desktop/shuffletest/HLS/ip8/solution1/.autopilot/db/pooling.cpp.clang.out.log 2> C:/Users/11400/Desktop/shuffletest/HLS/ip8/solution1/.autopilot/db/pooling.cpp.clang.err.log 
Command       ap_eval done; 0.693 sec.
INFO-FLOW: Done: GCC PP 39 time: 0.7 seconds per iteration
Execute       set_directive_top pooling -name=pooling 
Execute       source D:/Xilinx/Vitis_HLS/2022.2/tps/tcl/tcllib1.11.1/yaml/huddle.tcl 
Execute       source D:/Xilinx/Vitis_HLS/2022.2/tps/tcl/tcllib1.11.1/yaml/json2huddle.tcl 
INFO-FLOW: Source syntax check for synthesis
Execute       ap_eval exec -ignorestderr D:/Xilinx/Vitis_HLS/2022.2/win64/tools/clang-3.9-csynth/bin/clang -foptimization-record-file=C:/Users/11400/Desktop/shuffletest/HLS/ip8/solution1/.autopilot/db/clang.diag.yml -mllvm -pass-remarks-missed=reflow|pasta|unroll -mllvm -pass-remarks=reflow|pasta|unroll|inline -fsyntax-only -fhls -target fpga64-xilinx-linux-gnu C:/Users/11400/Desktop/shuffletest/HLS/ip8/solution1/.autopilot/db/pooling.pp.0.cpp {-hls-platform-db-name=D:/Xilinx/Vitis_HLS/2022.2/common/technology\xilinx/common/platform.db} -hls-platform-name=zynq_medium -device-resource-info=BRAM_280.000000_DSP_220.000000_FF_106400.000000_LUT_53200.000000_SLICE_13300.000000_URAM_0.000000 -device-name-info=xc7z020clg400-2 > C:/Users/11400/Desktop/shuffletest/HLS/ip8/solution1/.autopilot/db/clang.out.log 2> C:/Users/11400/Desktop/shuffletest/HLS/ip8/solution1/.autopilot/db/clang.err.log 
Command       ap_eval done; 0.749 sec.
Execute       clang_tidy xilinx-systemc-detector -desc systemc-detector C:/Users/11400/Desktop/shuffletest/HLS/ip8/solution1/.autopilot/db/pooling.pp.0.cpp std=gnu++14 -target fpga  -directive=C:/Users/11400/Desktop/shuffletest/HLS/ip8/solution1/.autopilot/db/.systemc_flag 
INFO-FLOW: exec D:/Xilinx/Vitis_HLS/2022.2/win64/tools/clang-3.9-csynth/bin/clang-tidy -header-filter=.* --checks=-*,xilinx-systemc-detector -import-directive=C:/Users/11400/Desktop/shuffletest/HLS/ip8/solution1/.autopilot/db/.systemc_flag -fix-errors C:/Users/11400/Desktop/shuffletest/HLS/ip8/solution1/.autopilot/db/pooling.pp.0.cpp -- -std=gnu++14 -target fpga -fhls -ferror-limit=0
Command       clang_tidy done; 0.531 sec.
INFO-FLOW: Running: clang-tidy CDT preprocess 39
Execute       clang_tidy xilinx-directive2pragma -desc directive2pragma C:/Users/11400/Desktop/shuffletest/HLS/ip8/solution1/.autopilot/db/pooling.pp.0.cpp std=gnu++14 -target fpga  -directive=C:/Users/11400/Desktop/shuffletest/HLS/ip8/solution1/.autopilot/db/all.directive.json 
INFO-FLOW: exec D:/Xilinx/Vitis_HLS/2022.2/win64/tools/clang-3.9-csynth/bin/clang-tidy -header-filter=.* --checks=-*,xilinx-directive2pragma -import-directive=C:/Users/11400/Desktop/shuffletest/HLS/ip8/solution1/.autopilot/db/all.directive.json -fix-errors C:/Users/11400/Desktop/shuffletest/HLS/ip8/solution1/.autopilot/db/pooling.pp.0.cpp -- -std=gnu++14 -target fpga -fhls -ferror-limit=0
Command       clang_tidy done; 0.685 sec.
Execute       clang_tidy xilinx-remove-assert -desc remove-assert C:/Users/11400/Desktop/shuffletest/HLS/ip8/solution1/.autopilot/db/pooling.pp.0.cpp std=gnu++14 -target fpga  
INFO-FLOW: exec D:/Xilinx/Vitis_HLS/2022.2/win64/tools/clang-3.9-csynth/bin/clang-tidy -header-filter=.* --checks=-*,xilinx-remove-assert -fix-errors C:/Users/11400/Desktop/shuffletest/HLS/ip8/solution1/.autopilot/db/pooling.pp.0.cpp -- -std=gnu++14 -target fpga -fhls -ferror-limit=0
Command       clang_tidy done; 0.476 sec.
INFO-FLOW: Done: clang-tidy CDT preprocess 39 time: 1.2 seconds per iteration
INFO-FLOW: Calling xilinx-label-all-loops ... 
INFO-FLOW: Calling xilinx-aggregate-on-hls-vector ... 
Execute       clang_tidy -errorcheck -desc loop-label xilinx-label-all-loops,xilinx-aggregate-on-hls-vector,,xilinx-warn-mayneed-no-ctor-attribute C:/Users/11400/Desktop/shuffletest/HLS/ip8/solution1/.autopilot/db/pooling.pp.0.cpp std=gnu++14 -target fpga  
Execute         ap_eval exec -ignorestderr D:/Xilinx/Vitis_HLS/2022.2/win64/tools/clang-3.9-csynth/bin/clang-tidy -export-fixes=C:/Users/11400/Desktop/shuffletest/HLS/ip8/solution1/.autopilot/db/pooling.pp.0.cpp.clang-tidy.loop-label.diag.yml -header-filter=.* --checks=-*,xilinx-label-all-loops,xilinx-aggregate-on-hls-vector,,xilinx-warn-mayneed-no-ctor-attribute -fix-errors C:/Users/11400/Desktop/shuffletest/HLS/ip8/solution1/.autopilot/db/pooling.pp.0.cpp -- -std=gnu++14 -target fpga -fhls -ferror-limit=0 > C:/Users/11400/Desktop/shuffletest/HLS/ip8/solution1/.autopilot/db/pooling.pp.0.cpp.clang-tidy.loop-label.out.log 2> C:/Users/11400/Desktop/shuffletest/HLS/ip8/solution1/.autopilot/db/pooling.pp.0.cpp.clang-tidy.loop-label.err.log 
Command         ap_eval done; 0.954 sec.
Execute         source D:/Xilinx/Vitis_HLS/2022.2/tps/tcl/tcllib1.11.1/yaml/yaml.tcl 
Command       clang_tidy done; 1.354 sec.
Execute       ap_eval exec -ignorestderr D:/Xilinx/Vitis_HLS/2022.2/win64/tools/clang-3.9-csynth/bin/xilinx-dataflow-lawyer -export-fixes=C:/Users/11400/Desktop/shuffletest/HLS/ip8/solution1/.autopilot/db/pooling.pp.0.cpp.xilinx-dataflow-lawyer.diag.yml C:/Users/11400/Desktop/shuffletest/HLS/ip8/solution1/.autopilot/db/pooling.pp.0.cpp -- -std=gnu++14 -target fpga -fhls -ferror-limit=0 -fstrict-dataflow > C:/Users/11400/Desktop/shuffletest/HLS/ip8/solution1/.autopilot/db/pooling.pp.0.cpp.xilinx-dataflow-lawyer.out.log 2> C:/Users/11400/Desktop/shuffletest/HLS/ip8/solution1/.autopilot/db/pooling.pp.0.cpp.xilinx-dataflow-lawyer.err.log 
Command       ap_eval done; 0.382 sec.
Execute       ap_part_info -name xc7z020-clg400-2 -data info 
Command       ap_part_info done; 0.152 sec.
INFO-FLOW: compiling source code to llvm bc
Execute       ap_eval exec -ignorestderr D:/Xilinx/Vitis_HLS/2022.2/win64/tools/clang-3.9-csynth/bin/clang -foptimization-record-file=C:/Users/11400/Desktop/shuffletest/HLS/ip8/solution1/.autopilot/db/pooling.pp.0.cpp.clang.diag.yml -mllvm -pass-remarks-missed=reflow|pasta|unroll -mllvm -pass-remarks=reflow|pasta|unroll|inline -fno-limit-debug-info -fhls -flto -fno-exceptions -Wno-error=c++11-narrowing C:/Users/11400/Desktop/shuffletest/HLS/ip8/solution1/.autopilot/db/pooling.pp.0.cpp -fno-math-errno -c -emit-llvm -mllvm -disable-llvm-optzns -Werror=implicit-function-declaration -Werror=implicit-hls-streams -Werror=return-type -Wpragmas -Wunused-parameter -Wdump-hls-pragmas -Wno-error=dump-hls-pragmas -fno-threadsafe-statics -fno-use-cxa-atexit -std=gnu++14 -target fpga64-xilinx-linux-gnu -D__VITIS_HLS__ -DAESL_SYN -D__SYNTHESIS__ -D__HLS_SYN__ -I D:/Xilinx/Vitis_HLS/2022.2/common/technology/autopilot -I D:/Xilinx/Vitis_HLS/2022.2/common/technology/autopilot/ap_sysc -include etc/autopilot_ssdm_op.h -D__DSP48E1__ -g -o C:/Users/11400/Desktop/shuffletest/HLS/ip8/solution1/.autopilot/db/pooling.bc {-hls-platform-db-name=D:/Xilinx/Vitis_HLS/2022.2/common/technology\xilinx/common/platform.db} -hls-platform-name=zynq_medium -device-resource-info=BRAM_280.000000_DSP_220.000000_FF_106400.000000_LUT_53200.000000_SLICE_13300.000000_URAM_0.000000 -device-name-info=xc7z020clg400-2 > C:/Users/11400/Desktop/shuffletest/HLS/ip8/solution1/.autopilot/db/pooling.pp.0.cpp.clang.out.log 2> C:/Users/11400/Desktop/shuffletest/HLS/ip8/solution1/.autopilot/db/pooling.pp.0.cpp.clang.err.log 
Command       ap_eval done; 0.74 sec.
INFO: [HLS 200-111] Finished Source Code Analysis and Preprocessing: CPU user time: 1 seconds. CPU system time: 0 seconds. Elapsed time: 6.932 seconds; current allocated memory: 557.848 MB.
INFO-FLOW: Linking Debug ...
INFO-FLOW: Linking dut bc code.
Execute       run_link_or_opt -out C:/Users/11400/Desktop/shuffletest/HLS/ip8/solution1/.autopilot/db/a.g.ld.0.bc -args  "C:/Users/11400/Desktop/shuffletest/HLS/ip8/solution1/.autopilot/db/pooling.g.bc"  
Execute         ap_eval exec -ignorestderr D:/Xilinx/Vitis_HLS/2022.2/win64/tools/clang-3.9-csynth/bin/llvm-link C:/Users/11400/Desktop/shuffletest/HLS/ip8/solution1/.autopilot/db/pooling.g.bc -o C:/Users/11400/Desktop/shuffletest/HLS/ip8/solution1/.autopilot/db/a.g.ld.0.bc > C:/Users/11400/Desktop/shuffletest/HLS/ip8/solution1/.autopilot/db/a.g.ld.0.bc.llvm-link.out.log 2> C:/Users/11400/Desktop/shuffletest/HLS/ip8/solution1/.autopilot/db/a.g.ld.0.bc.llvm-link.err.log 
INFO-FLOW: 
Execute       run_link_or_opt -opt -out C:/Users/11400/Desktop/shuffletest/HLS/ip8/solution1/.autopilot/db/a.g.ld.1.lower.bc -args C:/Users/11400/Desktop/shuffletest/HLS/ip8/solution1/.autopilot/db/a.g.ld.0.bc -reflow-lower-math-intrinsics 
Execute         ap_eval exec -ignorestderr D:/Xilinx/Vitis_HLS/2022.2/win64/tools/clang-3.9-csynth/bin/opt -pass-remarks-missed=reflow|pasta|unroll -pass-remarks=reflow|pasta|unroll|inline -pass-remarks-output=C:/Users/11400/Desktop/shuffletest/HLS/ip8/solution1/.autopilot/db/a.g.ld.1.lower.bc.opt.diag.yml C:/Users/11400/Desktop/shuffletest/HLS/ip8/solution1/.autopilot/db/a.g.ld.0.bc -reflow-lower-math-intrinsics -o C:/Users/11400/Desktop/shuffletest/HLS/ip8/solution1/.autopilot/db/a.g.ld.1.lower.bc > C:/Users/11400/Desktop/shuffletest/HLS/ip8/solution1/.autopilot/db/a.g.ld.1.lower.bc.opt.out.log 2> C:/Users/11400/Desktop/shuffletest/HLS/ip8/solution1/.autopilot/db/a.g.ld.1.lower.bc.opt.err.log 
INFO-FLOW: 
INFO-FLOW: Linking math bc lib
Execute       run_link_or_opt -out C:/Users/11400/Desktop/shuffletest/HLS/ip8/solution1/.autopilot/db/a.g.ld.2.m1.bc -args C:/Users/11400/Desktop/shuffletest/HLS/ip8/solution1/.autopilot/db/a.g.ld.1.lower.bc -only-needed D:/Xilinx/Vitis_HLS/2022.2/win64/lib/libhlsm_39.bc D:/Xilinx/Vitis_HLS/2022.2/win64/lib/libhlsmc++_39.bc 
Execute         ap_eval exec -ignorestderr D:/Xilinx/Vitis_HLS/2022.2/win64/tools/clang-3.9-csynth/bin/llvm-link C:/Users/11400/Desktop/shuffletest/HLS/ip8/solution1/.autopilot/db/a.g.ld.1.lower.bc -only-needed D:/Xilinx/Vitis_HLS/2022.2/win64/lib/libhlsm_39.bc D:/Xilinx/Vitis_HLS/2022.2/win64/lib/libhlsmc++_39.bc -o C:/Users/11400/Desktop/shuffletest/HLS/ip8/solution1/.autopilot/db/a.g.ld.2.m1.bc > C:/Users/11400/Desktop/shuffletest/HLS/ip8/solution1/.autopilot/db/a.g.ld.2.m1.bc.llvm-link.out.log 2> C:/Users/11400/Desktop/shuffletest/HLS/ip8/solution1/.autopilot/db/a.g.ld.2.m1.bc.llvm-link.err.log 
Command         ap_eval done; 2.443 sec.
INFO-FLOW: 
Command       run_link_or_opt done; 2.456 sec.
Execute       run_link_or_opt -opt -out C:/Users/11400/Desktop/shuffletest/HLS/ip8/solution1/.autopilot/db/a.g.ld.3.fpc.bc -args C:/Users/11400/Desktop/shuffletest/HLS/ip8/solution1/.autopilot/db/a.g.ld.2.m1.bc -reflow-globaldce -hls-top-function-name=pooling -reflow-float-conversion 
Execute         ap_eval exec -ignorestderr D:/Xilinx/Vitis_HLS/2022.2/win64/tools/clang-3.9-csynth/bin/opt -pass-remarks-missed=reflow|pasta|unroll -pass-remarks=reflow|pasta|unroll|inline -pass-remarks-output=C:/Users/11400/Desktop/shuffletest/HLS/ip8/solution1/.autopilot/db/a.g.ld.3.fpc.bc.opt.diag.yml C:/Users/11400/Desktop/shuffletest/HLS/ip8/solution1/.autopilot/db/a.g.ld.2.m1.bc -reflow-globaldce -hls-top-function-name=pooling -reflow-float-conversion -o C:/Users/11400/Desktop/shuffletest/HLS/ip8/solution1/.autopilot/db/a.g.ld.3.fpc.bc > C:/Users/11400/Desktop/shuffletest/HLS/ip8/solution1/.autopilot/db/a.g.ld.3.fpc.bc.opt.out.log 2> C:/Users/11400/Desktop/shuffletest/HLS/ip8/solution1/.autopilot/db/a.g.ld.3.fpc.bc.opt.err.log 
Command         ap_eval done; 1.123 sec.
INFO-FLOW: 
Command       run_link_or_opt done; 1.142 sec.
Execute       run_link_or_opt -out C:/Users/11400/Desktop/shuffletest/HLS/ip8/solution1/.autopilot/db/a.g.ld.4.m2.bc -args C:/Users/11400/Desktop/shuffletest/HLS/ip8/solution1/.autopilot/db/a.g.ld.3.fpc.bc -only-needed D:/Xilinx/Vitis_HLS/2022.2/win64/lib/libfloatconversion_39.bc 
Execute         ap_eval exec -ignorestderr D:/Xilinx/Vitis_HLS/2022.2/win64/tools/clang-3.9-csynth/bin/llvm-link C:/Users/11400/Desktop/shuffletest/HLS/ip8/solution1/.autopilot/db/a.g.ld.3.fpc.bc -only-needed D:/Xilinx/Vitis_HLS/2022.2/win64/lib/libfloatconversion_39.bc -o C:/Users/11400/Desktop/shuffletest/HLS/ip8/solution1/.autopilot/db/a.g.ld.4.m2.bc > C:/Users/11400/Desktop/shuffletest/HLS/ip8/solution1/.autopilot/db/a.g.ld.4.m2.bc.llvm-link.out.log 2> C:/Users/11400/Desktop/shuffletest/HLS/ip8/solution1/.autopilot/db/a.g.ld.4.m2.bc.llvm-link.err.log 
Command         ap_eval done; 0.139 sec.
INFO-FLOW: 
Command       run_link_or_opt done; 0.184 sec.
Execute       run_link_or_opt -opt -out C:/Users/11400/Desktop/shuffletest/HLS/ip8/solution1/.autopilot/db/a.g.ld.5.gdce.bc -args C:/Users/11400/Desktop/shuffletest/HLS/ip8/solution1/.autopilot/db/a.g.ld.4.m2.bc -reflow-globaldce -hls-top-function-name=pooling 
Execute         ap_eval exec -ignorestderr D:/Xilinx/Vitis_HLS/2022.2/win64/tools/clang-3.9-csynth/bin/opt -pass-remarks-missed=reflow|pasta|unroll -pass-remarks=reflow|pasta|unroll|inline -pass-remarks-output=C:/Users/11400/Desktop/shuffletest/HLS/ip8/solution1/.autopilot/db/a.g.ld.5.gdce.bc.opt.diag.yml C:/Users/11400/Desktop/shuffletest/HLS/ip8/solution1/.autopilot/db/a.g.ld.4.m2.bc -reflow-globaldce -hls-top-function-name=pooling -o C:/Users/11400/Desktop/shuffletest/HLS/ip8/solution1/.autopilot/db/a.g.ld.5.gdce.bc > C:/Users/11400/Desktop/shuffletest/HLS/ip8/solution1/.autopilot/db/a.g.ld.5.gdce.bc.opt.out.log 2> C:/Users/11400/Desktop/shuffletest/HLS/ip8/solution1/.autopilot/db/a.g.ld.5.gdce.bc.opt.err.log 
Command         ap_eval done; 0.131 sec.
INFO-FLOW: 
Command       run_link_or_opt done; 0.15 sec.
Execute       send_msg_by_id INFO @200-777@%s Vivado 
INFO: [HLS 200-777] Using interface defaults for 'Vivado' flow target.
Execute       is_m_axi_addr64 
INFO-FLOW: Doing LTO.
Execute       ap_eval exec -ignorestderr D:/Xilinx/Vitis_HLS/2022.2/win64/tools/clang-3.9-csynth/bin/clang -foptimization-record-file=C:/Users/11400/Desktop/shuffletest/HLS/ip8/solution1/.autopilot/db/a.g.ld.0.bc.clang.diag.yml -mllvm -pass-remarks-missed=reflow|pasta|unroll -mllvm -pass-remarks=reflow|pasta|unroll|inline -fhls -mllvm -hls-top-function-name=pooling -mllvm -hls-db-dir -mllvm C:/Users/11400/Desktop/shuffletest/HLS/ip8/solution1/.autopilot/db -emit-llvm -c -target fpga64-xilinx-none -mllvm -xcl-xmlinfo=C:/Users/11400/Desktop/shuffletest/HLS/ip8/solution1/.autopilot/db/kernel.internal.xml -mllvm -top-io-mapping-info=C:/Users/11400/Desktop/shuffletest/HLS/ip8/solution1/.autopilot/db/top-io-fe.xml -mllvm -hls-bitcode-version=3.1 -mllvm -reflow-enable-slave-interface-default-setting=true -mllvm -gen-kernel-xml=false -mllvm -default-maxi-offset=slave -mllvm -maxi-latency=0 -mllvm -hls-maxi-data-size-in-bits=8 -mllvm -hls-maxi-max-data-size-in-bits=1024 -mllvm -hls-max-widen-size-in-bits=0 -mllvm -xcl-kernel-max-mem-ports=0 -mllvm -maxi-read-trans=16 -mllvm -maxi-write-trans=16 -mllvm -maxi-read-burst-len=16 -mllvm -maxi-write-burst-len=16 -mllvm -reflow-enable-saxi-64bits=0 -mllvm -reflow-basic-block-instr-threshold=200000 -mllvm -reflow-auto-pipeline-threshold=64 -mllvm -reflow-enable-maxi-auto-id-channel=0 -mllvm -assume-maxi-align=1 -mllvm -reflow-pipeline-style-llvm-setting=2 -mllvm -reflow-enable-dataflow-strict-mode-checking=1 -mllvm -reflow-auto-array-partition-mode=default -mllvm -reflow-enable-auto-array-partition=true -mllvm -reflow-enable-auto-parallel-performance-driven=true -mllvm -reflow-enable-partition-for-automation=true -mllvm -reflow-aggregate-bitwidth-threshold=4096 -mllvm -reflow-assume-no-address-wrap=true -mllvm -hls -mllvm -disable-inlined-alloca-merging=true -mllvm -default-clock-period=10 -x ir C:/Users/11400/Desktop/shuffletest/HLS/ip8/solution1/.autopilot/db/a.g.ld.5.gdce.bc -o C:/Users/11400/Desktop/shuffletest/HLS/ip8/solution1/.autopilot/db/a.g.lto.bc {-hls-platform-db-name=D:/Xilinx/Vitis_HLS/2022.2/common/technology\xilinx/common/platform.db} -hls-platform-name=zynq_medium -device-resource-info=BRAM_280.000000_DSP_220.000000_FF_106400.000000_LUT_53200.000000_SLICE_13300.000000_URAM_0.000000 -device-name-info=xc7z020clg400-2 > C:/Users/11400/Desktop/shuffletest/HLS/ip8/solution1/.autopilot/db/a.g.ld.0.bc.clang.out.log 2> C:/Users/11400/Desktop/shuffletest/HLS/ip8/solution1/.autopilot/db/a.g.ld.0.bc.clang.err.log 
Command       ap_eval done; 0.592 sec.
INFO: [HLS 214-131] Inlining function 'ssdm_int<32, true>::ssdm_int(int)' into 'ap_int_base<32, true>::ap_int_base(int)' (D:/Xilinx/Vitis_HLS/2022.2/common/technology/autopilot\ap_int_base.h:214:67)
INFO: [HLS 214-131] Inlining function '_ZN8ssdm_intILi40ELb1EEC2EDq40_i' into 'ap_int_base<40, true>::ap_int_base<32, true>(ap_int_base<32, true> const&)' (D:/Xilinx/Vitis_HLS/2022.2/common/technology/autopilot\ap_int_base.h:185:106)
INFO: [HLS 214-131] Inlining function '_ZN8ssdm_intILi40ELb1EEC2EDq40_i' into 'ap_int_base<40, true>::ap_int_base<8, false>(ap_int_base<8, false> const&)' (D:/Xilinx/Vitis_HLS/2022.2/common/technology/autopilot\ap_int_base.h:185:106)
INFO: [HLS 214-131] Inlining function '_ZN8ssdm_intILi40ELb1EEC2EDq40_i' into 'ap_int_base<40, true>::ap_int_base(int)' (D:/Xilinx/Vitis_HLS/2022.2/common/technology/autopilot\ap_int_base.h:214:67)
INFO: [HLS 214-131] Inlining function 'ap_int_base<40, true>::ap_int_base<32, true>(ap_int_base<32, true> const&)' into 'ap_int_base<32, true>::RType<8, false>::mult operator*<32, true, 8, false>(ap_int_base<32, true> const&, ap_int_base<8, false> const&)' (D:/Xilinx/Vitis_HLS/2022.2/common/technology/autopilot\ap_int_base.h:1494:339)
INFO: [HLS 214-131] Inlining function 'ap_int_base<40, true>::ap_int_base(int)' into 'ap_int_base<32, true>::RType<8, false>::mult operator*<32, true, 8, false>(ap_int_base<32, true> const&, ap_int_base<8, false> const&)' (D:/Xilinx/Vitis_HLS/2022.2/common/technology/autopilot\ap_int_base.h:1494:516)
INFO: [HLS 214-131] Inlining function 'ap_int_base<40, true>::ap_int_base<8, false>(ap_int_base<8, false> const&)' into 'ap_int_base<32, true>::RType<8, false>::mult operator*<32, true, 8, false>(ap_int_base<32, true> const&, ap_int_base<8, false> const&)' (D:/Xilinx/Vitis_HLS/2022.2/common/technology/autopilot\ap_int_base.h:1494:427)
INFO: [HLS 214-131] Inlining function 'ap_int_base<32, true>::ap_int_base(int)' into 'ap_int_base<8, false>::RType<($_0)32, true>::mult operator*<8, false>(int, ap_int_base<8, false> const&)' (D:/Xilinx/Vitis_HLS/2022.2/common/technology/autopilot\ap_int_base.h:1633:216)
INFO: [HLS 214-131] Inlining function 'ap_int_base<32, true>::RType<8, false>::mult operator*<32, true, 8, false>(ap_int_base<32, true> const&, ap_int_base<8, false> const&)' into 'ap_int_base<8, false>::RType<($_0)32, true>::mult operator*<8, false>(int, ap_int_base<8, false> const&)' (D:/Xilinx/Vitis_HLS/2022.2/common/technology/autopilot\ap_int_base.h:1633:254)
INFO: [HLS 214-131] Inlining function '_ZN8ssdm_intILi41ELb1EEC2EDq41_i' into 'ap_int_base<41, true>::ap_int_base<16, false>(ap_int_base<16, false> const&)' (D:/Xilinx/Vitis_HLS/2022.2/common/technology/autopilot\ap_int_base.h:185:106)
INFO: [HLS 214-131] Inlining function '_ZN8ssdm_intILi41ELb1EEC2EDq41_i' into 'ap_int_base<41, true>::ap_int_base<40, true>(ap_int_base<40, true> const&)' (D:/Xilinx/Vitis_HLS/2022.2/common/technology/autopilot\ap_int_base.h:185:106)
INFO: [HLS 214-131] Inlining function '_ZN8ssdm_intILi41ELb1EEC2EDq41_i' into 'ap_int_base<41, true>::ap_int_base(int)' (D:/Xilinx/Vitis_HLS/2022.2/common/technology/autopilot\ap_int_base.h:214:67)
INFO: [HLS 214-131] Inlining function 'ap_int_base<41, true>::ap_int_base<16, false>(ap_int_base<16, false> const&)' into 'ap_int_base<16, false>::RType<40, true>::plus operator+<16, false, 40, true>(ap_int_base<16, false> const&, ap_int_base<40, true> const&)' (D:/Xilinx/Vitis_HLS/2022.2/common/technology/autopilot\ap_int_base.h:1495:339)
INFO: [HLS 214-131] Inlining function 'ap_int_base<41, true>::ap_int_base(int)' into 'ap_int_base<16, false>::RType<40, true>::plus operator+<16, false, 40, true>(ap_int_base<16, false> const&, ap_int_base<40, true> const&)' (D:/Xilinx/Vitis_HLS/2022.2/common/technology/autopilot\ap_int_base.h:1495:516)
INFO: [HLS 214-131] Inlining function 'ap_int_base<41, true>::ap_int_base<40, true>(ap_int_base<40, true> const&)' into 'ap_int_base<16, false>::RType<40, true>::plus operator+<16, false, 40, true>(ap_int_base<16, false> const&, ap_int_base<40, true> const&)' (D:/Xilinx/Vitis_HLS/2022.2/common/technology/autopilot\ap_int_base.h:1495:427)
INFO: [HLS 214-131] Inlining function '_ZN8ssdm_intILi42ELb1EEC2EDq42_i' into 'ap_int_base<42, true>::ap_int_base<41, true>(ap_int_base<41, true> const&)' (D:/Xilinx/Vitis_HLS/2022.2/common/technology/autopilot\ap_int_base.h:185:106)
INFO: [HLS 214-131] Inlining function '_ZN8ssdm_intILi42ELb1EEC2EDq42_i' into 'ap_int_base<42, true>::ap_int_base<8, false>(ap_int_base<8, false> const&)' (D:/Xilinx/Vitis_HLS/2022.2/common/technology/autopilot\ap_int_base.h:185:106)
INFO: [HLS 214-131] Inlining function '_ZN8ssdm_intILi42ELb1EEC2EDq42_i' into 'ap_int_base<42, true>::ap_int_base(int)' (D:/Xilinx/Vitis_HLS/2022.2/common/technology/autopilot\ap_int_base.h:214:67)
INFO: [HLS 214-131] Inlining function 'ap_int_base<42, true>::ap_int_base<41, true>(ap_int_base<41, true> const&)' into 'ap_int_base<41, true>::RType<8, false>::minus operator-<41, true, 8, false>(ap_int_base<41, true> const&, ap_int_base<8, false> const&)' (D:/Xilinx/Vitis_HLS/2022.2/common/technology/autopilot\ap_int_base.h:1496:341)
INFO: [HLS 214-131] Inlining function 'ap_int_base<42, true>::ap_int_base(int)' into 'ap_int_base<41, true>::RType<8, false>::minus operator-<41, true, 8, false>(ap_int_base<41, true> const&, ap_int_base<8, false> const&)' (D:/Xilinx/Vitis_HLS/2022.2/common/technology/autopilot\ap_int_base.h:1496:520)
INFO: [HLS 214-131] Inlining function 'ap_int_base<42, true>::ap_int_base<8, false>(ap_int_base<8, false> const&)' into 'ap_int_base<41, true>::RType<8, false>::minus operator-<41, true, 8, false>(ap_int_base<41, true> const&, ap_int_base<8, false> const&)' (D:/Xilinx/Vitis_HLS/2022.2/common/technology/autopilot\ap_int_base.h:1496:430)
INFO: [HLS 214-131] Inlining function 'ap_int_base<42, true>::ap_int_base(int)' into 'ap_int_base<42, true>::RType<8, false>::div operator/<42, true, 8, false>(ap_int_base<42, true> const&, ap_int_base<8, false> const&)' (D:/Xilinx/Vitis_HLS/2022.2/common/technology/autopilot\ap_int_base.h:1513:337)
INFO: [HLS 214-131] Inlining function '_ZN8ssdm_intILi43ELb1EEC2EDq43_i' into 'ap_int_base<43, true>::ap_int_base<42, true>(ap_int_base<42, true> const&)' (D:/Xilinx/Vitis_HLS/2022.2/common/technology/autopilot\ap_int_base.h:185:106)
INFO: [HLS 214-131] Inlining function '_ZN8ssdm_intILi43ELb1EEC2EDq43_i' into 'ap_int_base<43, true>::ap_int_base<32, true>(ap_int_base<32, true> const&)' (D:/Xilinx/Vitis_HLS/2022.2/common/technology/autopilot\ap_int_base.h:185:106)
INFO: [HLS 214-131] Inlining function '_ZN8ssdm_intILi43ELb1EEC2EDq43_i' into 'ap_int_base<43, true>::ap_int_base(int)' (D:/Xilinx/Vitis_HLS/2022.2/common/technology/autopilot\ap_int_base.h:214:67)
INFO: [HLS 214-131] Inlining function 'ap_int_base<43, true>::ap_int_base<42, true>(ap_int_base<42, true> const&)' into 'ap_int_base<42, true>::RType<32, true>::plus operator+<42, true, 32, true>(ap_int_base<42, true> const&, ap_int_base<32, true> const&)' (D:/Xilinx/Vitis_HLS/2022.2/common/technology/autopilot\ap_int_base.h:1495:339)
INFO: [HLS 214-131] Inlining function 'ap_int_base<43, true>::ap_int_base(int)' into 'ap_int_base<42, true>::RType<32, true>::plus operator+<42, true, 32, true>(ap_int_base<42, true> const&, ap_int_base<32, true> const&)' (D:/Xilinx/Vitis_HLS/2022.2/common/technology/autopilot\ap_int_base.h:1495:516)
INFO: [HLS 214-131] Inlining function 'ap_int_base<43, true>::ap_int_base<32, true>(ap_int_base<32, true> const&)' into 'ap_int_base<42, true>::RType<32, true>::plus operator+<42, true, 32, true>(ap_int_base<42, true> const&, ap_int_base<32, true> const&)' (D:/Xilinx/Vitis_HLS/2022.2/common/technology/autopilot\ap_int_base.h:1495:427)
INFO: [HLS 214-131] Inlining function 'ap_int_base<32, true>::ap_int_base(int)' into 'ap_int_base<42, true>::RType<($_0)32, true>::plus operator+<42, true>(ap_int_base<42, true> const&, int)' (D:/Xilinx/Vitis_HLS/2022.2/common/technology/autopilot\ap_int_base.h:1633:1006)
INFO: [HLS 214-131] Inlining function 'ap_int_base<42, true>::RType<32, true>::plus operator+<42, true, 32, true>(ap_int_base<42, true> const&, ap_int_base<32, true> const&)' into 'ap_int_base<42, true>::RType<($_0)32, true>::plus operator+<42, true>(ap_int_base<42, true> const&, int)' (D:/Xilinx/Vitis_HLS/2022.2/common/technology/autopilot\ap_int_base.h:1633:1004)
INFO: [HLS 214-131] Inlining function 'ssdm_int<16, false>::ssdm_int(unsigned short)' into 'ap_int_base<16, false>::ap_int_base<43, true>(ap_int_base<43, true> const&)' (D:/Xilinx/Vitis_HLS/2022.2/common/technology/autopilot\ap_int_base.h:185:106)
INFO: [HLS 214-131] Inlining function 'ap_int_base<16, false>::ap_int_base<43, true>(ap_int_base<43, true> const&)' into 'ap_uint<16>::ap_uint<43>(ap_int<43> const&)'
INFO: [HLS 214-131] Inlining function 'ap_int_base<32, true>::ap_int_base(int)' into 'bool operator<<16, false>(int, ap_int_base<16, false> const&)' (D:/Xilinx/Vitis_HLS/2022.2/common/technology/autopilot\ap_int_base.h:1788:520)
INFO: [HLS 214-131] Inlining function 'bool ap_int_base<32, true>::operator<<16, false>(ap_int_base<16, false> const&) const' into 'bool operator<<16, false>(int, ap_int_base<16, false> const&)' (D:/Xilinx/Vitis_HLS/2022.2/common/technology/autopilot\ap_int_base.h:1788:558)
INFO: [HLS 214-131] Inlining function 'ap_int_base<32, true>::ap_int_base(int)' into 'bool operator==<1, false>(ap_int_base<1, false> const&, int)' (D:/Xilinx/Vitis_HLS/2022.2/common/technology/autopilot\ap_int_base.h:1788:1853)
INFO: [HLS 214-131] Inlining function 'bool ap_int_base<1, false>::operator==<32, true>(ap_int_base<32, true> const&) const' into 'bool operator==<1, false>(ap_int_base<1, false> const&, int)' (D:/Xilinx/Vitis_HLS/2022.2/common/technology/autopilot\ap_int_base.h:1788:1850)
INFO: [HLS 214-131] Inlining function 'ap_int_base<32, true>::ap_int_base(int)' into 'bool operator<<8, false>(int, ap_int_base<8, false> const&)' (D:/Xilinx/Vitis_HLS/2022.2/common/technology/autopilot\ap_int_base.h:1788:520)
INFO: [HLS 214-131] Inlining function 'bool ap_int_base<32, true>::operator<<8, false>(ap_int_base<8, false> const&) const' into 'bool operator<<8, false>(int, ap_int_base<8, false> const&)' (D:/Xilinx/Vitis_HLS/2022.2/common/technology/autopilot\ap_int_base.h:1788:558)
INFO: [HLS 214-131] Inlining function '_ZN8ssdm_intILi41ELb1EEC2EDq41_i' into 'ap_int_base<41, true>::ap_int_base<32, true>(ap_int_base<32, true> const&)' (D:/Xilinx/Vitis_HLS/2022.2/common/technology/autopilot\ap_int_base.h:185:106)
INFO: [HLS 214-131] Inlining function 'ap_int_base<41, true>::ap_int_base<40, true>(ap_int_base<40, true> const&)' into 'ap_int_base<40, true>::RType<32, true>::plus operator+<40, true, 32, true>(ap_int_base<40, true> const&, ap_int_base<32, true> const&)' (D:/Xilinx/Vitis_HLS/2022.2/common/technology/autopilot\ap_int_base.h:1495:339)
INFO: [HLS 214-131] Inlining function 'ap_int_base<41, true>::ap_int_base(int)' into 'ap_int_base<40, true>::RType<32, true>::plus operator+<40, true, 32, true>(ap_int_base<40, true> const&, ap_int_base<32, true> const&)' (D:/Xilinx/Vitis_HLS/2022.2/common/technology/autopilot\ap_int_base.h:1495:516)
INFO: [HLS 214-131] Inlining function 'ap_int_base<41, true>::ap_int_base<32, true>(ap_int_base<32, true> const&)' into 'ap_int_base<40, true>::RType<32, true>::plus operator+<40, true, 32, true>(ap_int_base<40, true> const&, ap_int_base<32, true> const&)' (D:/Xilinx/Vitis_HLS/2022.2/common/technology/autopilot\ap_int_base.h:1495:427)
INFO: [HLS 214-131] Inlining function 'ap_int_base<32, true>::ap_int_base(int)' into 'ap_int_base<40, true>::RType<($_0)32, true>::plus operator+<40, true>(ap_int_base<40, true> const&, int)' (D:/Xilinx/Vitis_HLS/2022.2/common/technology/autopilot\ap_int_base.h:1633:1006)
INFO: [HLS 214-131] Inlining function 'ap_int_base<40, true>::RType<32, true>::plus operator+<40, true, 32, true>(ap_int_base<40, true> const&, ap_int_base<32, true> const&)' into 'ap_int_base<40, true>::RType<($_0)32, true>::plus operator+<40, true>(ap_int_base<40, true> const&, int)' (D:/Xilinx/Vitis_HLS/2022.2/common/technology/autopilot\ap_int_base.h:1633:1004)
INFO: [HLS 214-131] Inlining function '_ZN8ssdm_intILi48ELb1EEC2EDq48_i' into 'ap_int_base<48, true>::ap_int_base<32, true>(ap_int_base<32, true> const&)' (D:/Xilinx/Vitis_HLS/2022.2/common/technology/autopilot\ap_int_base.h:185:106)
INFO: [HLS 214-131] Inlining function '_ZN8ssdm_intILi48ELb1EEC2EDq48_i' into 'ap_int_base<48, true>::ap_int_base<16, false>(ap_int_base<16, false> const&)' (D:/Xilinx/Vitis_HLS/2022.2/common/technology/autopilot\ap_int_base.h:185:106)
INFO: [HLS 214-131] Inlining function '_ZN8ssdm_intILi48ELb1EEC2EDq48_i' into 'ap_int_base<48, true>::ap_int_base(int)' (D:/Xilinx/Vitis_HLS/2022.2/common/technology/autopilot\ap_int_base.h:214:67)
INFO: [HLS 214-131] Inlining function 'ap_int_base<48, true>::ap_int_base<32, true>(ap_int_base<32, true> const&)' into 'ap_int_base<32, true>::RType<16, false>::mult operator*<32, true, 16, false>(ap_int_base<32, true> const&, ap_int_base<16, false> const&)' (D:/Xilinx/Vitis_HLS/2022.2/common/technology/autopilot\ap_int_base.h:1494:339)
INFO: [HLS 214-131] Inlining function 'ap_int_base<48, true>::ap_int_base(int)' into 'ap_int_base<32, true>::RType<16, false>::mult operator*<32, true, 16, false>(ap_int_base<32, true> const&, ap_int_base<16, false> const&)' (D:/Xilinx/Vitis_HLS/2022.2/common/technology/autopilot\ap_int_base.h:1494:516)
INFO: [HLS 214-131] Inlining function 'ap_int_base<48, true>::ap_int_base<16, false>(ap_int_base<16, false> const&)' into 'ap_int_base<32, true>::RType<16, false>::mult operator*<32, true, 16, false>(ap_int_base<32, true> const&, ap_int_base<16, false> const&)' (D:/Xilinx/Vitis_HLS/2022.2/common/technology/autopilot\ap_int_base.h:1494:427)
INFO: [HLS 214-131] Inlining function 'ap_int_base<32, true>::ap_int_base(int)' into 'ap_int_base<16, false>::RType<($_0)32, true>::mult operator*<16, false>(int, ap_int_base<16, false> const&)' (D:/Xilinx/Vitis_HLS/2022.2/common/technology/autopilot\ap_int_base.h:1633:216)
INFO: [HLS 214-131] Inlining function 'ap_int_base<32, true>::RType<16, false>::mult operator*<32, true, 16, false>(ap_int_base<32, true> const&, ap_int_base<16, false> const&)' into 'ap_int_base<16, false>::RType<($_0)32, true>::mult operator*<16, false>(int, ap_int_base<16, false> const&)' (D:/Xilinx/Vitis_HLS/2022.2/common/technology/autopilot\ap_int_base.h:1633:254)
INFO: [HLS 214-131] Inlining function '_ZN8ssdm_intILi49ELb1EEC2EDq49_i' into 'ap_int_base<49, true>::ap_int_base<48, true>(ap_int_base<48, true> const&)' (D:/Xilinx/Vitis_HLS/2022.2/common/technology/autopilot\ap_int_base.h:185:106)
INFO: [HLS 214-131] Inlining function '_ZN8ssdm_intILi49ELb1EEC2EDq49_i' into 'ap_int_base<49, true>::ap_int_base<32, true>(ap_int_base<32, true> const&)' (D:/Xilinx/Vitis_HLS/2022.2/common/technology/autopilot\ap_int_base.h:185:106)
INFO: [HLS 214-131] Inlining function '_ZN8ssdm_intILi49ELb1EEC2EDq49_i' into 'ap_int_base<49, true>::ap_int_base(int)' (D:/Xilinx/Vitis_HLS/2022.2/common/technology/autopilot\ap_int_base.h:214:67)
INFO: [HLS 214-131] Inlining function 'ap_int_base<49, true>::ap_int_base<48, true>(ap_int_base<48, true> const&)' into 'ap_int_base<48, true>::RType<32, true>::plus operator+<48, true, 32, true>(ap_int_base<48, true> const&, ap_int_base<32, true> const&)' (D:/Xilinx/Vitis_HLS/2022.2/common/technology/autopilot\ap_int_base.h:1495:339)
INFO: [HLS 214-131] Inlining function 'ap_int_base<49, true>::ap_int_base(int)' into 'ap_int_base<48, true>::RType<32, true>::plus operator+<48, true, 32, true>(ap_int_base<48, true> const&, ap_int_base<32, true> const&)' (D:/Xilinx/Vitis_HLS/2022.2/common/technology/autopilot\ap_int_base.h:1495:516)
INFO: [HLS 214-131] Inlining function 'ap_int_base<49, true>::ap_int_base<32, true>(ap_int_base<32, true> const&)' into 'ap_int_base<48, true>::RType<32, true>::plus operator+<48, true, 32, true>(ap_int_base<48, true> const&, ap_int_base<32, true> const&)' (D:/Xilinx/Vitis_HLS/2022.2/common/technology/autopilot\ap_int_base.h:1495:427)
INFO: [HLS 214-131] Inlining function 'ap_int_base<32, true>::ap_int_base(int)' into 'ap_int_base<48, true>::RType<($_0)32, true>::plus operator+<48, true>(ap_int_base<48, true> const&, int)' (D:/Xilinx/Vitis_HLS/2022.2/common/technology/autopilot\ap_int_base.h:1633:1006)
INFO: [HLS 214-131] Inlining function 'ap_int_base<48, true>::RType<32, true>::plus operator+<48, true, 32, true>(ap_int_base<48, true> const&, ap_int_base<32, true> const&)' into 'ap_int_base<48, true>::RType<($_0)32, true>::plus operator+<48, true>(ap_int_base<48, true> const&, int)' (D:/Xilinx/Vitis_HLS/2022.2/common/technology/autopilot\ap_int_base.h:1633:1004)
INFO: [HLS 214-131] Inlining function '_ZN8ssdm_intILi65ELb1EEC2EDq65_i' into 'ap_int_base<65, true>::ap_int_base<49, true>(ap_int_base<49, true> const&)' (D:/Xilinx/Vitis_HLS/2022.2/common/technology/autopilot\ap_int_base.h:185:106)
INFO: [HLS 214-131] Inlining function '_ZN8ssdm_intILi65ELb1EEC2EDq65_i' into 'ap_int_base<65, true>::ap_int_base<16, false>(ap_int_base<16, false> const&)' (D:/Xilinx/Vitis_HLS/2022.2/common/technology/autopilot\ap_int_base.h:185:106)
INFO: [HLS 214-131] Inlining function '_ZN8ssdm_intILi65ELb1EEC2EDq65_i' into 'ap_int_base<65, true>::ap_int_base(int)' (D:/Xilinx/Vitis_HLS/2022.2/common/technology/autopilot\ap_int_base.h:214:67)
INFO: [HLS 214-131] Inlining function 'ap_int_base<65, true>::ap_int_base<49, true>(ap_int_base<49, true> const&)' into 'ap_int_base<49, true>::RType<16, false>::mult operator*<49, true, 16, false>(ap_int_base<49, true> const&, ap_int_base<16, false> const&)' (D:/Xilinx/Vitis_HLS/2022.2/common/technology/autopilot\ap_int_base.h:1494:339)
INFO: [HLS 214-131] Inlining function 'ap_int_base<65, true>::ap_int_base(int)' into 'ap_int_base<49, true>::RType<16, false>::mult operator*<49, true, 16, false>(ap_int_base<49, true> const&, ap_int_base<16, false> const&)' (D:/Xilinx/Vitis_HLS/2022.2/common/technology/autopilot\ap_int_base.h:1494:516)
INFO: [HLS 214-131] Inlining function 'ap_int_base<65, true>::ap_int_base<16, false>(ap_int_base<16, false> const&)' into 'ap_int_base<49, true>::RType<16, false>::mult operator*<49, true, 16, false>(ap_int_base<49, true> const&, ap_int_base<16, false> const&)' (D:/Xilinx/Vitis_HLS/2022.2/common/technology/autopilot\ap_int_base.h:1494:427)
INFO: [HLS 214-131] Inlining function '_ZN8ssdm_intILi66ELb1EEC2EDq66_i' into 'ap_int_base<66, true>::ap_int_base<65, true>(ap_int_base<65, true> const&)' (D:/Xilinx/Vitis_HLS/2022.2/common/technology/autopilot\ap_int_base.h:185:106)
INFO: [HLS 214-131] Inlining function '_ZN8ssdm_intILi66ELb1EEC2EDq66_i' into 'ap_int_base<66, true>::ap_int_base<32, true>(ap_int_base<32, true> const&)' (D:/Xilinx/Vitis_HLS/2022.2/common/technology/autopilot\ap_int_base.h:185:106)
INFO: [HLS 214-131] Inlining function '_ZN8ssdm_intILi66ELb1EEC2EDq66_i' into 'ap_int_base<66, true>::ap_int_base(int)' (D:/Xilinx/Vitis_HLS/2022.2/common/technology/autopilot\ap_int_base.h:214:67)
INFO: [HLS 214-131] Inlining function 'ap_int_base<66, true>::ap_int_base<65, true>(ap_int_base<65, true> const&)' into 'ap_int_base<65, true>::RType<32, true>::plus operator+<65, true, 32, true>(ap_int_base<65, true> const&, ap_int_base<32, true> const&)' (D:/Xilinx/Vitis_HLS/2022.2/common/technology/autopilot\ap_int_base.h:1495:339)
INFO: [HLS 214-131] Inlining function 'ap_int_base<66, true>::ap_int_base(int)' into 'ap_int_base<65, true>::RType<32, true>::plus operator+<65, true, 32, true>(ap_int_base<65, true> const&, ap_int_base<32, true> const&)' (D:/Xilinx/Vitis_HLS/2022.2/common/technology/autopilot\ap_int_base.h:1495:516)
INFO: [HLS 214-131] Inlining function 'ap_int_base<66, true>::ap_int_base<32, true>(ap_int_base<32, true> const&)' into 'ap_int_base<65, true>::RType<32, true>::plus operator+<65, true, 32, true>(ap_int_base<65, true> const&, ap_int_base<32, true> const&)' (D:/Xilinx/Vitis_HLS/2022.2/common/technology/autopilot\ap_int_base.h:1495:427)
INFO: [HLS 214-131] Inlining function 'ap_int_base<32, true>::ap_int_base(int)' into 'ap_int_base<65, true>::RType<($_0)32, true>::plus operator+<65, true>(ap_int_base<65, true> const&, int)' (D:/Xilinx/Vitis_HLS/2022.2/common/technology/autopilot\ap_int_base.h:1633:1006)
INFO: [HLS 214-131] Inlining function 'ap_int_base<65, true>::RType<32, true>::plus operator+<65, true, 32, true>(ap_int_base<65, true> const&, ap_int_base<32, true> const&)' into 'ap_int_base<65, true>::RType<($_0)32, true>::plus operator+<65, true>(ap_int_base<65, true> const&, int)' (D:/Xilinx/Vitis_HLS/2022.2/common/technology/autopilot\ap_int_base.h:1633:1004)
INFO: [HLS 214-131] Inlining function 'ap_int_base<8, false>::RType<($_0)32, true>::mult operator*<8, false>(int, ap_int_base<8, false> const&)' into 'pooling(ap_uint<16>, ap_uint<16>, ap_uint<16>, ap_uint<8>, ap_uint<8>, ap_uint<8>, ap_uint<1>, float*, float*)' (../ip/ip6/pooling.cpp:30:35)
INFO: [HLS 214-131] Inlining function 'ap_int_base<66, true>::operator long long() const' into 'pooling(ap_uint<16>, ap_uint<16>, ap_uint<16>, ap_uint<8>, ap_uint<8>, ap_uint<8>, ap_uint<1>, float*, float*)' (../ip/ip6/pooling.cpp:105:38)
INFO: [HLS 214-131] Inlining function 'ap_int_base<65, true>::RType<($_0)32, true>::plus operator+<65, true>(ap_int_base<65, true> const&, int)' into 'pooling(ap_uint<16>, ap_uint<16>, ap_uint<16>, ap_uint<8>, ap_uint<8>, ap_uint<8>, ap_uint<1>, float*, float*)' (../ip/ip6/pooling.cpp:105:69)
INFO: [HLS 214-131] Inlining function 'ap_int_base<49, true>::RType<16, false>::mult operator*<49, true, 16, false>(ap_int_base<49, true> const&, ap_int_base<16, false> const&)' into 'pooling(ap_uint<16>, ap_uint<16>, ap_uint<16>, ap_uint<8>, ap_uint<8>, ap_uint<8>, ap_uint<1>, float*, float*)' (../ip/ip6/pooling.cpp:105:62)
INFO: [HLS 214-131] Inlining function 'ap_int_base<48, true>::RType<($_0)32, true>::plus operator+<48, true>(ap_int_base<48, true> const&, int)' into 'pooling(ap_uint<16>, ap_uint<16>, ap_uint<16>, ap_uint<8>, ap_uint<8>, ap_uint<8>, ap_uint<1>, float*, float*)' (../ip/ip6/pooling.cpp:105:53)
INFO: [HLS 214-131] Inlining function 'ap_int_base<16, false>::RType<($_0)32, true>::mult operator*<16, false>(int, ap_int_base<16, false> const&)' into 'pooling(ap_uint<16>, ap_uint<16>, ap_uint<16>, ap_uint<8>, ap_uint<8>, ap_uint<8>, ap_uint<1>, float*, float*)' (../ip/ip6/pooling.cpp:105:45)
INFO: [HLS 214-131] Inlining function 'ap_int_base<66, true>::operator long long() const' into 'pooling(ap_uint<16>, ap_uint<16>, ap_uint<16>, ap_uint<8>, ap_uint<8>, ap_uint<8>, ap_uint<1>, float*, float*)' (../ip/ip6/pooling.cpp:94:49)
INFO: [HLS 214-131] Inlining function 'ap_int_base<65, true>::RType<($_0)32, true>::plus operator+<65, true>(ap_int_base<65, true> const&, int)' into 'pooling(ap_uint<16>, ap_uint<16>, ap_uint<16>, ap_uint<8>, ap_uint<8>, ap_uint<8>, ap_uint<1>, float*, float*)' (../ip/ip6/pooling.cpp:94:77)
INFO: [HLS 214-131] Inlining function 'ap_int_base<49, true>::RType<16, false>::mult operator*<49, true, 16, false>(ap_int_base<49, true> const&, ap_int_base<16, false> const&)' into 'pooling(ap_uint<16>, ap_uint<16>, ap_uint<16>, ap_uint<8>, ap_uint<8>, ap_uint<8>, ap_uint<1>, float*, float*)' (../ip/ip6/pooling.cpp:94:70)
INFO: [HLS 214-131] Inlining function 'ap_int_base<48, true>::RType<($_0)32, true>::plus operator+<48, true>(ap_int_base<48, true> const&, int)' into 'pooling(ap_uint<16>, ap_uint<16>, ap_uint<16>, ap_uint<8>, ap_uint<8>, ap_uint<8>, ap_uint<1>, float*, float*)' (../ip/ip6/pooling.cpp:94:62)
INFO: [HLS 214-131] Inlining function 'ap_int_base<16, false>::RType<($_0)32, true>::mult operator*<16, false>(int, ap_int_base<16, false> const&)' into 'pooling(ap_uint<16>, ap_uint<16>, ap_uint<16>, ap_uint<8>, ap_uint<8>, ap_uint<8>, ap_uint<1>, float*, float*)' (../ip/ip6/pooling.cpp:94:55)
INFO: [HLS 214-131] Inlining function 'bool operator<<16, false>(int, ap_int_base<16, false> const&)' into 'pooling(ap_uint<16>, ap_uint<16>, ap_uint<16>, ap_uint<8>, ap_uint<8>, ap_uint<8>, ap_uint<1>, float*, float*)' (../ip/ip6/pooling.cpp:92:79)
INFO: [HLS 214-131] Inlining function 'bool operator<<16, false>(int, ap_int_base<16, false> const&)' into 'pooling(ap_uint<16>, ap_uint<16>, ap_uint<16>, ap_uint<8>, ap_uint<8>, ap_uint<8>, ap_uint<1>, float*, float*)' (../ip/ip6/pooling.cpp:92:51)
INFO: [HLS 214-131] Inlining function 'ap_int_base<42, true>::operator long long() const' into 'pooling(ap_uint<16>, ap_uint<16>, ap_uint<16>, ap_uint<8>, ap_uint<8>, ap_uint<8>, ap_uint<1>, float*, float*)' (../ip/ip6/pooling.cpp:89:40)
INFO: [HLS 214-131] Inlining function 'ap_int_base<41, true>::RType<8, false>::minus operator-<41, true, 8, false>(ap_int_base<41, true> const&, ap_int_base<8, false> const&)' into 'pooling(ap_uint<16>, ap_uint<16>, ap_uint<16>, ap_uint<8>, ap_uint<8>, ap_uint<8>, ap_uint<1>, float*, float*)' (../ip/ip6/pooling.cpp:89:60)
INFO: [HLS 214-131] Inlining function 'ap_int_base<40, true>::RType<($_0)32, true>::plus operator+<40, true>(ap_int_base<40, true> const&, int)' into 'pooling(ap_uint<16>, ap_uint<16>, ap_uint<16>, ap_uint<8>, ap_uint<8>, ap_uint<8>, ap_uint<1>, float*, float*)' (../ip/ip6/pooling.cpp:89:55)
INFO: [HLS 214-131] Inlining function 'ap_int_base<8, false>::RType<($_0)32, true>::mult operator*<8, false>(int, ap_int_base<8, false> const&)' into 'pooling(ap_uint<16>, ap_uint<16>, ap_uint<16>, ap_uint<8>, ap_uint<8>, ap_uint<8>, ap_uint<1>, float*, float*)' (../ip/ip6/pooling.cpp:89:46)
INFO: [HLS 214-131] Inlining function 'ap_int_base<42, true>::operator long long() const' into 'pooling(ap_uint<16>, ap_uint<16>, ap_uint<16>, ap_uint<8>, ap_uint<8>, ap_uint<8>, ap_uint<1>, float*, float*)' (../ip/ip6/pooling.cpp:88:40)
INFO: [HLS 214-131] Inlining function 'ap_int_base<41, true>::RType<8, false>::minus operator-<41, true, 8, false>(ap_int_base<41, true> const&, ap_int_base<8, false> const&)' into 'pooling(ap_uint<16>, ap_uint<16>, ap_uint<16>, ap_uint<8>, ap_uint<8>, ap_uint<8>, ap_uint<1>, float*, float*)' (../ip/ip6/pooling.cpp:88:60)
INFO: [HLS 214-131] Inlining function 'ap_int_base<40, true>::RType<($_0)32, true>::plus operator+<40, true>(ap_int_base<40, true> const&, int)' into 'pooling(ap_uint<16>, ap_uint<16>, ap_uint<16>, ap_uint<8>, ap_uint<8>, ap_uint<8>, ap_uint<1>, float*, float*)' (../ip/ip6/pooling.cpp:88:55)
INFO: [HLS 214-131] Inlining function 'ap_int_base<8, false>::RType<($_0)32, true>::mult operator*<8, false>(int, ap_int_base<8, false> const&)' into 'pooling(ap_uint<16>, ap_uint<16>, ap_uint<16>, ap_uint<8>, ap_uint<8>, ap_uint<8>, ap_uint<1>, float*, float*)' (../ip/ip6/pooling.cpp:88:46)
INFO: [HLS 214-131] Inlining function 'bool operator<<8, false>(int, ap_int_base<8, false> const&)' into 'pooling(ap_uint<16>, ap_uint<16>, ap_uint<16>, ap_uint<8>, ap_uint<8>, ap_uint<8>, ap_uint<1>, float*, float*)' (../ip/ip6/pooling.cpp:86:62)
INFO: [HLS 214-131] Inlining function 'bool operator<<8, false>(int, ap_int_base<8, false> const&)' into 'pooling(ap_uint<16>, ap_uint<16>, ap_uint<16>, ap_uint<8>, ap_uint<8>, ap_uint<8>, ap_uint<1>, float*, float*)' (../ip/ip6/pooling.cpp:85:58)
INFO: [HLS 214-131] Inlining function 'ap_int_base<66, true>::operator long long() const' into 'pooling(ap_uint<16>, ap_uint<16>, ap_uint<16>, ap_uint<8>, ap_uint<8>, ap_uint<8>, ap_uint<1>, float*, float*)' (../ip/ip6/pooling.cpp:77:38)
INFO: [HLS 214-131] Inlining function 'ap_int_base<65, true>::RType<($_0)32, true>::plus operator+<65, true>(ap_int_base<65, true> const&, int)' into 'pooling(ap_uint<16>, ap_uint<16>, ap_uint<16>, ap_uint<8>, ap_uint<8>, ap_uint<8>, ap_uint<1>, float*, float*)' (../ip/ip6/pooling.cpp:77:69)
INFO: [HLS 214-131] Inlining function 'ap_int_base<49, true>::RType<16, false>::mult operator*<49, true, 16, false>(ap_int_base<49, true> const&, ap_int_base<16, false> const&)' into 'pooling(ap_uint<16>, ap_uint<16>, ap_uint<16>, ap_uint<8>, ap_uint<8>, ap_uint<8>, ap_uint<1>, float*, float*)' (../ip/ip6/pooling.cpp:77:62)
INFO: [HLS 214-131] Inlining function 'ap_int_base<48, true>::RType<($_0)32, true>::plus operator+<48, true>(ap_int_base<48, true> const&, int)' into 'pooling(ap_uint<16>, ap_uint<16>, ap_uint<16>, ap_uint<8>, ap_uint<8>, ap_uint<8>, ap_uint<1>, float*, float*)' (../ip/ip6/pooling.cpp:77:53)
INFO: [HLS 214-131] Inlining function 'ap_int_base<16, false>::RType<($_0)32, true>::mult operator*<16, false>(int, ap_int_base<16, false> const&)' into 'pooling(ap_uint<16>, ap_uint<16>, ap_uint<16>, ap_uint<8>, ap_uint<8>, ap_uint<8>, ap_uint<1>, float*, float*)' (../ip/ip6/pooling.cpp:77:45)
INFO: [HLS 214-131] Inlining function 'ap_int_base<66, true>::operator long long() const' into 'pooling(ap_uint<16>, ap_uint<16>, ap_uint<16>, ap_uint<8>, ap_uint<8>, ap_uint<8>, ap_uint<1>, float*, float*)' (../ip/ip6/pooling.cpp:66:49)
INFO: [HLS 214-131] Inlining function 'ap_int_base<65, true>::RType<($_0)32, true>::plus operator+<65, true>(ap_int_base<65, true> const&, int)' into 'pooling(ap_uint<16>, ap_uint<16>, ap_uint<16>, ap_uint<8>, ap_uint<8>, ap_uint<8>, ap_uint<1>, float*, float*)' (../ip/ip6/pooling.cpp:66:77)
INFO: [HLS 214-131] Inlining function 'ap_int_base<49, true>::RType<16, false>::mult operator*<49, true, 16, false>(ap_int_base<49, true> const&, ap_int_base<16, false> const&)' into 'pooling(ap_uint<16>, ap_uint<16>, ap_uint<16>, ap_uint<8>, ap_uint<8>, ap_uint<8>, ap_uint<1>, float*, float*)' (../ip/ip6/pooling.cpp:66:70)
INFO: [HLS 214-131] Inlining function 'ap_int_base<48, true>::RType<($_0)32, true>::plus operator+<48, true>(ap_int_base<48, true> const&, int)' into 'pooling(ap_uint<16>, ap_uint<16>, ap_uint<16>, ap_uint<8>, ap_uint<8>, ap_uint<8>, ap_uint<1>, float*, float*)' (../ip/ip6/pooling.cpp:66:62)
INFO: [HLS 214-131] Inlining function 'ap_int_base<16, false>::RType<($_0)32, true>::mult operator*<16, false>(int, ap_int_base<16, false> const&)' into 'pooling(ap_uint<16>, ap_uint<16>, ap_uint<16>, ap_uint<8>, ap_uint<8>, ap_uint<8>, ap_uint<1>, float*, float*)' (../ip/ip6/pooling.cpp:66:55)
INFO: [HLS 214-131] Inlining function 'bool operator<<16, false>(int, ap_int_base<16, false> const&)' into 'pooling(ap_uint<16>, ap_uint<16>, ap_uint<16>, ap_uint<8>, ap_uint<8>, ap_uint<8>, ap_uint<1>, float*, float*)' (../ip/ip6/pooling.cpp:64:79)
INFO: [HLS 214-131] Inlining function 'bool operator<<16, false>(int, ap_int_base<16, false> const&)' into 'pooling(ap_uint<16>, ap_uint<16>, ap_uint<16>, ap_uint<8>, ap_uint<8>, ap_uint<8>, ap_uint<1>, float*, float*)' (../ip/ip6/pooling.cpp:64:51)
INFO: [HLS 214-131] Inlining function 'ap_int_base<42, true>::operator long long() const' into 'pooling(ap_uint<16>, ap_uint<16>, ap_uint<16>, ap_uint<8>, ap_uint<8>, ap_uint<8>, ap_uint<1>, float*, float*)' (../ip/ip6/pooling.cpp:61:40)
INFO: [HLS 214-131] Inlining function 'ap_int_base<41, true>::RType<8, false>::minus operator-<41, true, 8, false>(ap_int_base<41, true> const&, ap_int_base<8, false> const&)' into 'pooling(ap_uint<16>, ap_uint<16>, ap_uint<16>, ap_uint<8>, ap_uint<8>, ap_uint<8>, ap_uint<1>, float*, float*)' (../ip/ip6/pooling.cpp:61:60)
INFO: [HLS 214-131] Inlining function 'ap_int_base<40, true>::RType<($_0)32, true>::plus operator+<40, true>(ap_int_base<40, true> const&, int)' into 'pooling(ap_uint<16>, ap_uint<16>, ap_uint<16>, ap_uint<8>, ap_uint<8>, ap_uint<8>, ap_uint<1>, float*, float*)' (../ip/ip6/pooling.cpp:61:55)
INFO: [HLS 214-131] Inlining function 'ap_int_base<8, false>::RType<($_0)32, true>::mult operator*<8, false>(int, ap_int_base<8, false> const&)' into 'pooling(ap_uint<16>, ap_uint<16>, ap_uint<16>, ap_uint<8>, ap_uint<8>, ap_uint<8>, ap_uint<1>, float*, float*)' (../ip/ip6/pooling.cpp:61:46)
INFO: [HLS 214-131] Inlining function 'ap_int_base<42, true>::operator long long() const' into 'pooling(ap_uint<16>, ap_uint<16>, ap_uint<16>, ap_uint<8>, ap_uint<8>, ap_uint<8>, ap_uint<1>, float*, float*)' (../ip/ip6/pooling.cpp:60:40)
INFO: [HLS 214-131] Inlining function 'ap_int_base<41, true>::RType<8, false>::minus operator-<41, true, 8, false>(ap_int_base<41, true> const&, ap_int_base<8, false> const&)' into 'pooling(ap_uint<16>, ap_uint<16>, ap_uint<16>, ap_uint<8>, ap_uint<8>, ap_uint<8>, ap_uint<1>, float*, float*)' (../ip/ip6/pooling.cpp:60:60)
INFO: [HLS 214-131] Inlining function 'ap_int_base<40, true>::RType<($_0)32, true>::plus operator+<40, true>(ap_int_base<40, true> const&, int)' into 'pooling(ap_uint<16>, ap_uint<16>, ap_uint<16>, ap_uint<8>, ap_uint<8>, ap_uint<8>, ap_uint<1>, float*, float*)' (../ip/ip6/pooling.cpp:60:55)
INFO: [HLS 214-131] Inlining function 'ap_int_base<8, false>::RType<($_0)32, true>::mult operator*<8, false>(int, ap_int_base<8, false> const&)' into 'pooling(ap_uint<16>, ap_uint<16>, ap_uint<16>, ap_uint<8>, ap_uint<8>, ap_uint<8>, ap_uint<1>, float*, float*)' (../ip/ip6/pooling.cpp:60:46)
INFO: [HLS 214-131] Inlining function 'bool operator<<8, false>(int, ap_int_base<8, false> const&)' into 'pooling(ap_uint<16>, ap_uint<16>, ap_uint<16>, ap_uint<8>, ap_uint<8>, ap_uint<8>, ap_uint<1>, float*, float*)' (../ip/ip6/pooling.cpp:58:62)
INFO: [HLS 214-131] Inlining function 'bool operator<<8, false>(int, ap_int_base<8, false> const&)' into 'pooling(ap_uint<16>, ap_uint<16>, ap_uint<16>, ap_uint<8>, ap_uint<8>, ap_uint<8>, ap_uint<1>, float*, float*)' (../ip/ip6/pooling.cpp:57:58)
INFO: [HLS 214-131] Inlining function 'bool operator==<1, false>(ap_int_base<1, false> const&, int)' into 'pooling(ap_uint<16>, ap_uint<16>, ap_uint<16>, ap_uint<8>, ap_uint<8>, ap_uint<8>, ap_uint<1>, float*, float*)' (../ip/ip6/pooling.cpp:52:31)
INFO: [HLS 214-131] Inlining function 'bool operator<<16, false>(int, ap_int_base<16, false> const&)' into 'pooling(ap_uint<16>, ap_uint<16>, ap_uint<16>, ap_uint<8>, ap_uint<8>, ap_uint<8>, ap_uint<1>, float*, float*)' (../ip/ip6/pooling.cpp:51:56)
INFO: [HLS 214-131] Inlining function 'bool operator<<16, false>(int, ap_int_base<16, false> const&)' into 'pooling(ap_uint<16>, ap_uint<16>, ap_uint<16>, ap_uint<8>, ap_uint<8>, ap_uint<8>, ap_uint<1>, float*, float*)' (../ip/ip6/pooling.cpp:50:52)
INFO: [HLS 214-131] Inlining function 'bool operator<<16, false>(int, ap_int_base<16, false> const&)' into 'pooling(ap_uint<16>, ap_uint<16>, ap_uint<16>, ap_uint<8>, ap_uint<8>, ap_uint<8>, ap_uint<1>, float*, float*)' (../ip/ip6/pooling.cpp:48:37)
INFO: [HLS 214-131] Inlining function 'ap_int_base<42, true>::RType<($_0)32, true>::plus operator+<42, true>(ap_int_base<42, true> const&, int)' into 'pooling(ap_uint<16>, ap_uint<16>, ap_uint<16>, ap_uint<8>, ap_uint<8>, ap_uint<8>, ap_uint<1>, float*, float*)' (../ip/ip6/pooling.cpp:31:69)
INFO: [HLS 214-131] Inlining function 'ap_int_base<42, true>::RType<8, false>::div operator/<42, true, 8, false>(ap_int_base<42, true> const&, ap_int_base<8, false> const&)' into 'pooling(ap_uint<16>, ap_uint<16>, ap_uint<16>, ap_uint<8>, ap_uint<8>, ap_uint<8>, ap_uint<1>, float*, float*)' (../ip/ip6/pooling.cpp:31:60)
INFO: [HLS 214-131] Inlining function 'ap_int_base<41, true>::RType<8, false>::minus operator-<41, true, 8, false>(ap_int_base<41, true> const&, ap_int_base<8, false> const&)' into 'pooling(ap_uint<16>, ap_uint<16>, ap_uint<16>, ap_uint<8>, ap_uint<8>, ap_uint<8>, ap_uint<1>, float*, float*)' (../ip/ip6/pooling.cpp:31:45)
INFO: [HLS 214-131] Inlining function 'ap_int_base<16, false>::RType<40, true>::plus operator+<16, false, 40, true>(ap_int_base<16, false> const&, ap_int_base<40, true> const&)' into 'pooling(ap_uint<16>, ap_uint<16>, ap_uint<16>, ap_uint<8>, ap_uint<8>, ap_uint<8>, ap_uint<1>, float*, float*)' (../ip/ip6/pooling.cpp:31:31)
INFO: [HLS 214-131] Inlining function 'ap_int_base<8, false>::RType<($_0)32, true>::mult operator*<8, false>(int, ap_int_base<8, false> const&)' into 'pooling(ap_uint<16>, ap_uint<16>, ap_uint<16>, ap_uint<8>, ap_uint<8>, ap_uint<8>, ap_uint<1>, float*, float*)' (../ip/ip6/pooling.cpp:31:35)
INFO: [HLS 214-131] Inlining function 'ap_int_base<42, true>::RType<($_0)32, true>::plus operator+<42, true>(ap_int_base<42, true> const&, int)' into 'pooling(ap_uint<16>, ap_uint<16>, ap_uint<16>, ap_uint<8>, ap_uint<8>, ap_uint<8>, ap_uint<1>, float*, float*)' (../ip/ip6/pooling.cpp:30:69)
INFO: [HLS 214-131] Inlining function 'ap_int_base<42, true>::RType<8, false>::div operator/<42, true, 8, false>(ap_int_base<42, true> const&, ap_int_base<8, false> const&)' into 'pooling(ap_uint<16>, ap_uint<16>, ap_uint<16>, ap_uint<8>, ap_uint<8>, ap_uint<8>, ap_uint<1>, float*, float*)' (../ip/ip6/pooling.cpp:30:60)
INFO: [HLS 214-131] Inlining function 'ap_int_base<41, true>::RType<8, false>::minus operator-<41, true, 8, false>(ap_int_base<41, true> const&, ap_int_base<8, false> const&)' into 'pooling(ap_uint<16>, ap_uint<16>, ap_uint<16>, ap_uint<8>, ap_uint<8>, ap_uint<8>, ap_uint<1>, float*, float*)' (../ip/ip6/pooling.cpp:30:45)
INFO: [HLS 214-131] Inlining function 'ap_int_base<16, false>::RType<40, true>::plus operator+<16, false, 40, true>(ap_int_base<16, false> const&, ap_int_base<40, true> const&)' into 'pooling(ap_uint<16>, ap_uint<16>, ap_uint<16>, ap_uint<8>, ap_uint<8>, ap_uint<8>, ap_uint<1>, float*, float*)' (../ip/ip6/pooling.cpp:30:31)
WARNING: [HLS 214-203] Replacing invalid offset value '20' with '48' for s_axilite port 'H_in'. (../ip/ip6/pooling.cpp:17:17)
WARNING: [HLS 214-203] Replacing invalid offset value '28' with '56' for s_axilite port 'kernel_size'. (../ip/ip6/pooling.cpp:17:17)
WARNING: [HLS 214-203] Replacing invalid offset value '36' with '64' for s_axilite port 'padding'. (../ip/ip6/pooling.cpp:17:17)
INFO-FLOW: DBG:PUTS: copy_raw_kernel_xml ap_link_39: kernel.xml not generated: C:/Users/11400/Desktop/shuffletest/HLS/ip8/solution1/.autopilot/db/kernel.internal.xml
INFO: [HLS 200-111] Finished Compiling Optimization and Transform: CPU user time: 2 seconds. CPU system time: 1 seconds. Elapsed time: 20.721 seconds; current allocated memory: 557.848 MB.
INFO: [HLS 200-111] Finished Checking Pragmas: CPU user time: 0 seconds. CPU system time: 0 seconds. Elapsed time: 0.056 seconds; current allocated memory: 557.848 MB.
Execute       opt_and_import_c a -opt_level=2 -skip_syncheck=0 -ng=0 -keep_printf=0 
Execute         cleanup_all_models 
INFO: [HLS 200-10] Starting code transformations ...
INFO-FLOW: Running Standard Transforms...
Execute         transform -hls -share-std-xform -demangle-name -inline-byval-memcpy -always-inline -promote-dbg-pointer -interface-preproc -mem2reg -scalarrepl -mem2reg -keep-read-access -instcombine -dce -promote-dbg-pointer -bitop-raise -loop-simplify -indvarspre -indvars -loop-simplify -xunroll -constprop -instcombine -simplifycfg -indvars -simplifycfg -dce -globaldce -basicaa -simplifycfg -mem2reg -globalopt -global-constprop -deadargelim -instcombine -simplifycfg -scalarrepl -instcombine -reassociate -licm -simplifycfg -loop-simplify -indvars -instcombine -simplifycfg -mem2reg -loop-simplify -indvars -instcombine -gvn -gvn -instcombine -adce -break-crit-edges -simplifycfg -loop-delete -global-array-opt -dce -dse -adce -find-syn-modules -top pooling -deadargelim -mem2reg -instcombine -dce -presyn-prepare -auto-rom-infer -interface-preproc -syn-check -check-rec-only -find-region -simplifycfg -func-extr -function-inline -globaldce -mem2reg -instcombine -dce -gvn -globaldce -adce -adse -constprop -instcombine -bit-constprop -instcombine -dce -simplifycfg -bitop-raise -simplifycfg -dce -loop-delete -reassociate -globalopt -global-privatize -mem2reg -dce -global-constprop -pointer-simplify -constprop -dce -auto-shift-reg-idiom -promote-dbg-pointer -norm-name C:/Users/11400/Desktop/shuffletest/HLS/ip8/solution1/.autopilot/db/a.g.0.bc -o C:/Users/11400/Desktop/shuffletest/HLS/ip8/solution1/.autopilot/db/a.g.1.bc -f -phase std-opt 
INFO: [HLS 200-111] Finished Standard Transforms: CPU user time: 0 seconds. CPU system time: 0 seconds. Elapsed time: 0.279 seconds; current allocated memory: 557.848 MB.
INFO: [HLS 200-10] Checking synthesizability ...
INFO-FLOW: Checking Synthesizability 1/2..
Execute         transform -hls -syn-check -check-rec-only -scalarrepl -norm-name -dce -mem2reg -instcombine -directive-preproc -mem2reg -dse -dce -auto-rom-infer -dce -pag -array-normalize -instcombine -dce -array-seg-normalize -instcombine -dce -data-pack -instcombine -dce -inst-simplify -array-flatten -instcombine -dce -array-burst -dce -deadargelim -promote-global-argument -simplifycfg -mem2reg -globaldce -dce -deadargelim -dce -instcombine -function-inline -globaldce -dce -doublePtrSimplify -doublePtrElim -dce -doublePtrSimplify -promote-dbg-pointer -dce -scalarrepl -dse -adse -instcombine -ptrLegalization -simplifycfg -dce -instcombine -pointer-simplify -ptrArgReplace -dce -instcombine -resolve-double-ptr -scalarrepl -norm-name -dce -mem2reg -instcombine -ptrLegalization -simplifycfg -deadargelim -instcombine -dce -inst-simplify -directive-preproc -mem2reg -dse -dce -globaldce C:/Users/11400/Desktop/shuffletest/HLS/ip8/solution1/.autopilot/db/a.g.1.bc -o C:/Users/11400/Desktop/shuffletest/HLS/ip8/solution1/.autopilot/db/a.g.2.prechk.bc -f 
INFO-FLOW: Checking Synthesizability 2/2..
Execute         transform -syn-check C:/Users/11400/Desktop/shuffletest/HLS/ip8/solution1/.autopilot/db/a.g.2.prechk.bc -o C:/Users/11400/Desktop/shuffletest/HLS/ip8/solution1/.autopilot/db/a.g.2.bc -f -phase syn-check 
INFO: [HLS 200-111] Finished Checking Synthesizability: CPU user time: 0 seconds. CPU system time: 0 seconds. Elapsed time: 0.204 seconds; current allocated memory: 557.848 MB.
INFO-FLOW: Compiler optimizing ...
INFO-FLOW: Share syncheck's 1.bc for syn flow: copy C:/Users/11400/Desktop/shuffletest/HLS/ip8/solution1/.autopilot/db/a.g.1.bc to C:/Users/11400/Desktop/shuffletest/HLS/ip8/solution1/.autopilot/db/a.o.1.bc
INFO-FLOW: Presyn 1...
Execute         transform -hls -tmp C:/Users/11400/Desktop/shuffletest/HLS/ip8/solution1/.autopilot/db -interface-port-rename -directive-preproc -mem2reg -dse -dce -scalarrepl -norm-name -deadargelim -mem2reg -instcombine -dce -simplifycfg -auto-rom-infer -dce -resource-proc -clib-intrinsic-prepare -dce -func-buffer -dce -pag -array-normalize -func-legal -instcombine -gvn -constprop -dce -simplifycfg -mem2reg -globaldce -resolve-double-ptr -dce -deadargelim -dce -instcombine -ptrArgReplace -mem2reg -dce -array-seg-normalize -deadargelim -instcombine -dce -directive-preproc -mem2reg -dse -dce -pointer-simplify -dce -port-alignment -dce -interface-preproc -data-pack -instcombine -dce -basicaa -aggr-aa -aggrmodref-aa -aggr-aa -gvn -gvn -basicaa -aggr-aa -aggrmodref-aa -aggr-aa -dse -adse -adce -loop-simplify -indvars -instcombine -gvn -loop-simplify -mem2reg -dce -find-region -instcombine -auto-loop-pipeline -inst-simplify -interface-preproc -cfgopt -instcombine -indvars -auto-loop-unroll -loop-simplify -loop-bound -xunroll -constprop -instcombine -simplifycfg -indvars -simplifycfg -dce -globaldce -clean-region -attach-range -gvn -inst-simplify -constprop -simplifycfg -dce -pointer-simplify -dce -globalopt -constprop -dce -array-promote -scalar-auto-dep-elim -constprop -dce -ptrArgReplace -mem2reg -simplifycfg -dce -instcombine -dce -array-transform-check -array-reshape -instcombine -simplifycfg -dce -ptrArgReplace -deadargelim -mem2reg -instcombine -simplifycfg -dce -indvars -loop-simplify -loop-bound -xunroll -constprop -instcombine -simplifycfg -indvars -simplifycfg -dce -globaldce -basicaa -aggr-aa -aggrmodref-aa -aggr-aa -dse -duplicate-dataflow-processes -globaldce -instcombine -array-partition -prepare-dynamic-array-partition -instcombine -simplifycfg -dce -ptrArgReplace -global-constprop -deadargelim -mem2reg -func-legal -dce -global-constprop -deadargelim -mem2reg -simplifycfg -dce -merge-param -deadargelim -globalopt -constprop -dce -array-promote -scalar-auto-dep-elim -constprop -dce -ptrArgReplace -mem2reg -simplifycfg -dce -mem-intrinsic-preproc -dce -global-internalize -global-privatize -mem2reg -globaldce -promote-global-argument -ptrArgReplace -mem2reg -dce -globalopt -mergereturn -simplify-global-access -mem2reg -dce -pointer-simplify -dce -functionattrs -basicaa -aggr-aa -aggrmodref-aa -aggr-aa -gvn -gvn -basicaa -aggr-aa -aggrmodref-aa -aggr-aa -dse -adse -adce -dce -norm-name -basicaa -aggr-aa -aggrmodref-aa -aggr-aa -accesses-merge -function-inline -complex-op-raise -inst-simplify -globaldce -func-legal -dce -loop-bound -arraycheck -bitwidthmin2 -bitwidthmin2 -on-by-dataflow -loop-delete -instcombine -simplifycfg -globaldce -dce -gvn -deadargelim -dce -loop-simplify -clean-region -simplifycfg -propagate-stable-arguments -loop-stream -instcombine -simplifycfg -dce -globaldce -duplicate-dataflow-processes -stream-intrinsic-preproc -dce -check-ap-stream -loop-simplify -eliminate-keepreads -extract-dataflow-in-loop -loop-simplify -dce -gvn -deadargelim -dse -duplicate-dataflow-processes -check-dataflow-syntax -legalize-stream-variable -globaldce -legalize-global -extract-subproc -dce -dead-channel-elimination -canonicalize-gep -globaldce -dce -gvn -hls-dead-arg-elim -deadargelim -directive-preproc -canonicalize-dataflow -dce -globaldce -scalar-preprocessing -scalar-propagation2 -deadargelim -globaldce -mem2reg -check-dataflow-channels -function-stream -dce -globaldce -prop-fifo-spec -internal-stream-gen -canonicalize-gep -globaldce -dce -gvn -deadargelim -mergereturn -indvars -loop-simplify -instcombine -array-stream -array-seg-normalize -array-partition -func-legal -instcombine -simplifycfg -dce -bundle-memfifo-ops -deadargelim -directive-preproc -mem2reg -dse -dce -group-axi-access -licm -simplifycfg -dce -loop-delete -hls-display -norm-name C:/Users/11400/Desktop/shuffletest/HLS/ip8/solution1/.autopilot/db/a.o.1.bc -o C:/Users/11400/Desktop/shuffletest/HLS/ip8/solution1/.autopilot/db/a.o.1.tmp.bc -f 
INFO: [XFORM 203-510] Pipelining loop 'VITIS_LOOP_58_5' (../ip/ip6/pooling.cpp:58) in function 'pooling' automatically.
INFO: [XFORM 203-510] Pipelining loop 'VITIS_LOOP_86_7' (../ip/ip6/pooling.cpp:81) in function 'pooling' automatically.
Command         transform done; 0.191 sec.
INFO-FLOW: Presyn 2...
Execute         transform -hls -keep-callgraph -scalarrepl -mem2reg -port-alignment -attach-range -dce -pipe-mux-gen -indvars -loop-bound -inst-simplify -instcombine -dce -merge-array-access -mem2reg -dce -clean-region -mergereturn -if-conv -instcombine -dce -constprop -basicaa -aggr-aa -aggrmodref-aa -aggr-aa -gvn -gvn -basicaa -aggr-aa -aggrmodref-aa -aggr-aa -dse -adse -adce -scalarrepl -mem2reg -global-constprop -deadargelim -deadargelim -instcombine -dce -simplifycfg -ptrArgReplace -mem2reg -function-inline -globaldce -mem2reg -instcombine -dce -expr-balance -instcombine -dce -bitwidthmin2 -bitwidthmin2 -interface-preproc -directive-preproc -inst-rectify -instcombine -dce -functionattrs -constprop -instcombine -bit-constprop -simplify-global-access -globalopt -globaldce -inst-simplify -instcombine -elimdeaddata -dce -loop-delete -simplifycfg -loop-simplify -barrier -norm-name C:/Users/11400/Desktop/shuffletest/HLS/ip8/solution1/.autopilot/db/a.o.1.tmp.bc -o C:/Users/11400/Desktop/shuffletest/HLS/ip8/solution1/.autopilot/db/a.o.2.bc -f -phase presyn 
INFO: [HLS 200-111] Finished Loop, function and other optimizations: CPU user time: 0 seconds. CPU system time: 0 seconds. Elapsed time: 0.278 seconds; current allocated memory: 557.848 MB.
INFO-FLOW: Building ssdm...
Execute         transform -hls -auto-function-inline -globaldce -ptrArgReplace -mem2reg -dce -reset-lda -loop-simplify -indvars -aggr-aa -licm -loop-dep -loop-bound -licm -loop-simplify -loop-sink-hoist -flattenloopnest -array-flatten -gvn -instcombine -dce -array-map -dce -func-legal -gvn -adce -instcombine -cfgopt -simplifycfg -loop-simplify -array-burst -promote-global-argument -dce -array-seg-normalize -basicaa -aggrmodref-aa -globalsmodref-aa -aggr-aa -gvn -gvn -basicaa -aggrmodref-aa -globalsmodref-aa -aggr-aa -dse -adse -adce -licm -inst-simplify -dce -globaldce -instcombine -array-stream -eliminate-keepreads -instcombine -dce -deadargelim -doublePtrSimplify -doublePtrElim -dce -doublePtrSimplify -promote-dbg-pointer -dce -scalarrepl -mem2reg -norm-name -mem2reg -instcombine -dse -adse -adce -ptrLegalization -dce -auto-rom-infer -array-flatten -dce -instcombine -check-doubleptr -loop-rot -constprop -cfgopt -simplifycfg -loop-simplify -indvars -pointer-simplify -dce -loop-bound -loop-simplify -loop-preproc -constprop -global-constprop -gvn -mem2reg -instcombine -dce -loop-bound -loop-merge -dce -deadargelim -dce -canonicalize-dataflow -dce -deadargelim -globaldce -mem2reg -bram-byte-enable -load-elim -read-loop-dep -loop-simplify -loop-extract-inner -directive-preproc -bitwidthmin2 -bitwidthmin2 -read-loop-dep -interface-preproc -directive-preproc -interface-gen -bram-byte-enable-spec-prop -deadargelim -inst-simplify -dce -gvn -mem2reg -instcombine -dce -adse -loop-bound -instcombine -cfgopt -simplifycfg -loop-simplify -clean-region -io-protocol -find-region -mem2reg -bitop-raise -complex-op-raise -inst-simplify -inst-rectify -instcombine -adce -deadargelim -float-op-raise -loop-simplify -phi-opt -bitop-raise -cfgopt -simplifycfg -strip-dead-prototypes -interface-lower -bitop-lower -intrinsic-lower -auto-function-inline -basicaa -aggrmodref-aa -globalsmodref-aa -aggr-aa -inst-simplify -simplifycfg -loop-simplify -mergereturn -inst-simplify -inst-rectify -dce -load-elim -bitop-lower -float-op-raise -fma-raise -loop-rewind -pointer-simplify -dce -cfgopt -dce -loop-bound -loop-dep -read-loop-dep -dce -dyn-mem-reuse -dce -recurrence-min -dce -share-scalar-alloca -deadargelim -dce -check-stream -norm-name -legalize -validate-dataflow -inst-clarity -bitwidth -dump-loop-dep-to-ir -check-all-ssdm -cdfg-build C:/Users/11400/Desktop/shuffletest/HLS/ip8/solution1/.autopilot/db/a.o.2.bc -o C:/Users/11400/Desktop/shuffletest/HLS/ip8/solution1/.autopilot/db/a.o.3.bc -f -phase build-ssdm 
INFO: [XFORM 203-541] Flattening a loop nest 'VITIS_LOOP_57_4' (../ip/ip6/pooling.cpp:57:47) in function 'pooling'.
INFO: [XFORM 203-541] Flattening a loop nest 'VITIS_LOOP_85_6' (../ip/ip6/pooling.cpp:81:31) in function 'pooling'.
WARNING: [HLS 200-960] Cannot flatten loop 'VITIS_LOOP_51_3' (../ip/ip6/pooling.cpp:51:39) in function 'pooling' more than one sub loop.
INFO: [XFORM 203-541] Flattening a loop nest 'VITIS_LOOP_50_2' (../ip/ip6/pooling.cpp:50:35) in function 'pooling'.
INFO: [XFORM 203-541] Flattening a loop nest 'VITIS_LOOP_48_1' (../ip/ip6/pooling.cpp:48:28) in function 'pooling'.
Command         transform done; 0.263 sec.
INFO: [HLS 200-111] Finished Architecture Synthesis: CPU user time: 0 seconds. CPU system time: 0 seconds. Elapsed time: 0.266 seconds; current allocated memory: 557.848 MB.
INFO-FLOW: Finish building internal data model.
Command       opt_and_import_c done; 1.038 sec.
Command     elaborate done; 28.98 sec.
Execute     ap_eval exec zip -j C:/Users/11400/Desktop/shuffletest/HLS/ip8/solution1/.autopilot/db/dut.hcp $dbDir/a.o.3.bc $dbDir/${topname}.rtl_wrap.cfg.tcl $dbDir/apatb_${topname}.cpp $dbDir/apatb_${topname}_util.cpp $dbDir/apatb_${topname}_ir.ll $dbDir/mapper_${topname}.cpp $dbDir/top-io-fe.xml $dbDir/kernel.internal.xml $workdir/../hls.app 
Command     ap_eval done; 0.177 sec.
Execute     autosyn -from_csynth_design=1 
INFO: [HLS 200-10] Starting hardware synthesis ...
INFO-FLOW: Synthesizing C/C++ design ...
INFO: [HLS 200-10] Synthesizing 'pooling' ...
Execute       ap_set_top_model pooling 
Execute       get_model_list pooling -filter all-wo-channel -topdown 
Execute       preproc_iomode -model pooling 
Execute       preproc_iomode -model pooling_Pipeline_VITIS_LOOP_85_6_VITIS_LOOP_86_7 
Execute       preproc_iomode -model pooling_Pipeline_VITIS_LOOP_57_4_VITIS_LOOP_58_5 
Execute       get_model_list pooling -filter all-wo-channel 
INFO-FLOW: Model list for configure: pooling_Pipeline_VITIS_LOOP_57_4_VITIS_LOOP_58_5 pooling_Pipeline_VITIS_LOOP_85_6_VITIS_LOOP_86_7 pooling
INFO-FLOW: Configuring Module : pooling_Pipeline_VITIS_LOOP_57_4_VITIS_LOOP_58_5 ...
Execute       set_default_model pooling_Pipeline_VITIS_LOOP_57_4_VITIS_LOOP_58_5 
Execute       apply_spec_resource_limit pooling_Pipeline_VITIS_LOOP_57_4_VITIS_LOOP_58_5 
INFO-FLOW: Configuring Module : pooling_Pipeline_VITIS_LOOP_85_6_VITIS_LOOP_86_7 ...
Execute       set_default_model pooling_Pipeline_VITIS_LOOP_85_6_VITIS_LOOP_86_7 
Execute       apply_spec_resource_limit pooling_Pipeline_VITIS_LOOP_85_6_VITIS_LOOP_86_7 
INFO-FLOW: Configuring Module : pooling ...
Execute       set_default_model pooling 
Execute       apply_spec_resource_limit pooling 
INFO-FLOW: Model list for preprocess: pooling_Pipeline_VITIS_LOOP_57_4_VITIS_LOOP_58_5 pooling_Pipeline_VITIS_LOOP_85_6_VITIS_LOOP_86_7 pooling
INFO-FLOW: Preprocessing Module: pooling_Pipeline_VITIS_LOOP_57_4_VITIS_LOOP_58_5 ...
Execute       set_default_model pooling_Pipeline_VITIS_LOOP_57_4_VITIS_LOOP_58_5 
Execute       cdfg_preprocess -model pooling_Pipeline_VITIS_LOOP_57_4_VITIS_LOOP_58_5 
Execute       rtl_gen_preprocess pooling_Pipeline_VITIS_LOOP_57_4_VITIS_LOOP_58_5 
INFO-FLOW: Preprocessing Module: pooling_Pipeline_VITIS_LOOP_85_6_VITIS_LOOP_86_7 ...
Execute       set_default_model pooling_Pipeline_VITIS_LOOP_85_6_VITIS_LOOP_86_7 
Execute       cdfg_preprocess -model pooling_Pipeline_VITIS_LOOP_85_6_VITIS_LOOP_86_7 
Execute       rtl_gen_preprocess pooling_Pipeline_VITIS_LOOP_85_6_VITIS_LOOP_86_7 
INFO-FLOW: Preprocessing Module: pooling ...
Execute       set_default_model pooling 
Execute       cdfg_preprocess -model pooling 
Execute       rtl_gen_preprocess pooling 
INFO-FLOW: Model list for synthesis: pooling_Pipeline_VITIS_LOOP_57_4_VITIS_LOOP_58_5 pooling_Pipeline_VITIS_LOOP_85_6_VITIS_LOOP_86_7 pooling
INFO: [HLS 200-10] ----------------------------------------------------------------
INFO: [HLS 200-42] -- Implementing module 'pooling_Pipeline_VITIS_LOOP_57_4_VITIS_LOOP_58_5' 
INFO: [HLS 200-10] ----------------------------------------------------------------
Execute       set_default_model pooling_Pipeline_VITIS_LOOP_57_4_VITIS_LOOP_58_5 
Execute       schedule -model pooling_Pipeline_VITIS_LOOP_57_4_VITIS_LOOP_58_5 
INFO: [SCHED 204-11] Starting scheduling ...
INFO: [HLS 200-486] Changing DSP latency (root=mul_ln1027) to 3 in order to utilize available DSP registers.
INFO: [SCHED 204-61] Pipelining loop 'VITIS_LOOP_57_4_VITIS_LOOP_58_5'.
INFO: [HLS 200-1470] Pipelining result : Target II = NA, Final II = 1, Depth = 16, loop 'VITIS_LOOP_57_4_VITIS_LOOP_58_5'
INFO: [SCHED 204-11] Finished scheduling.
Command       schedule done; 0.153 sec.
INFO: [HLS 200-111] Finished Scheduling: CPU user time: 0 seconds. CPU system time: 0 seconds. Elapsed time: 0.449 seconds; current allocated memory: 557.848 MB.
Execute       syn_report -verbosereport -o C:/Users/11400/Desktop/shuffletest/HLS/ip8/solution1/.autopilot/db/pooling_Pipeline_VITIS_LOOP_57_4_VITIS_LOOP_58_5.verbose.sched.rpt 
Execute         AP::get_flow_target_display_name
Execute       db_write -o C:/Users/11400/Desktop/shuffletest/HLS/ip8/solution1/.autopilot/db/pooling_Pipeline_VITIS_LOOP_57_4_VITIS_LOOP_58_5.sched.adb -f 
INFO-FLOW: Finish scheduling pooling_Pipeline_VITIS_LOOP_57_4_VITIS_LOOP_58_5.
Execute       set_default_model pooling_Pipeline_VITIS_LOOP_57_4_VITIS_LOOP_58_5 
Execute       bind -model pooling_Pipeline_VITIS_LOOP_57_4_VITIS_LOOP_58_5 
INFO: [BIND 205-100] Starting micro-architecture generation ...
INFO: [BIND 205-101] Performing variable lifetime analysis.
INFO: [BIND 205-101] Exploring resource sharing.
INFO: [BIND 205-101] Binding ...
INFO: [BIND 205-100] Finished micro-architecture generation.
Command       bind done; 0.148 sec.
INFO: [HLS 200-111] Finished Binding: CPU user time: 0 seconds. CPU system time: 0 seconds. Elapsed time: 0.215 seconds; current allocated memory: 557.848 MB.
Execute       syn_report -verbosereport -o C:/Users/11400/Desktop/shuffletest/HLS/ip8/solution1/.autopilot/db/pooling_Pipeline_VITIS_LOOP_57_4_VITIS_LOOP_58_5.verbose.bind.rpt 
Execute         AP::get_flow_target_display_name
Execute       db_write -o C:/Users/11400/Desktop/shuffletest/HLS/ip8/solution1/.autopilot/db/pooling_Pipeline_VITIS_LOOP_57_4_VITIS_LOOP_58_5.bind.adb -f 
INFO-FLOW: Finish binding pooling_Pipeline_VITIS_LOOP_57_4_VITIS_LOOP_58_5.
INFO: [HLS 200-10] ----------------------------------------------------------------
INFO: [HLS 200-42] -- Implementing module 'pooling_Pipeline_VITIS_LOOP_85_6_VITIS_LOOP_86_7' 
INFO: [HLS 200-10] ----------------------------------------------------------------
Execute       set_default_model pooling_Pipeline_VITIS_LOOP_85_6_VITIS_LOOP_86_7 
Execute       schedule -model pooling_Pipeline_VITIS_LOOP_85_6_VITIS_LOOP_86_7 
INFO: [SCHED 204-11] Starting scheduling ...
INFO: [HLS 200-486] Changing DSP latency (root=mul_ln1027) to 3 in order to utilize available DSP registers.
INFO: [SCHED 204-61] Pipelining loop 'VITIS_LOOP_85_6_VITIS_LOOP_86_7'.
WARNING: [HLS 200-880] The II Violation in module 'pooling_Pipeline_VITIS_LOOP_85_6_VITIS_LOOP_86_7' (loop 'VITIS_LOOP_85_6_VITIS_LOOP_86_7'): Unable to enforce a carried dependence constraint (II = 1, distance = 1, offset = 0) between 'store' operation ('sum_write_ln99', ../ip/ip6/pooling.cpp:99) of variable 'sum', ../ip/ip6/pooling.cpp:97 on local variable 'sum' and 'load' operation ('sum_load_1', ../ip/ip6/pooling.cpp:97) on local variable 'sum'.
WARNING: [HLS 200-880] The II Violation in module 'pooling_Pipeline_VITIS_LOOP_85_6_VITIS_LOOP_86_7' (loop 'VITIS_LOOP_85_6_VITIS_LOOP_86_7'): Unable to enforce a carried dependence constraint (II = 2, distance = 1, offset = 0) between 'store' operation ('sum_write_ln99', ../ip/ip6/pooling.cpp:99) of variable 'sum', ../ip/ip6/pooling.cpp:97 on local variable 'sum' and 'load' operation ('sum_load_1', ../ip/ip6/pooling.cpp:97) on local variable 'sum'.
WARNING: [HLS 200-880] The II Violation in module 'pooling_Pipeline_VITIS_LOOP_85_6_VITIS_LOOP_86_7' (loop 'VITIS_LOOP_85_6_VITIS_LOOP_86_7'): Unable to enforce a carried dependence constraint (II = 3, distance = 1, offset = 0) between 'store' operation ('sum_write_ln99', ../ip/ip6/pooling.cpp:99) of variable 'sum', ../ip/ip6/pooling.cpp:97 on local variable 'sum' and 'load' operation ('sum_load_1', ../ip/ip6/pooling.cpp:97) on local variable 'sum'.
WARNING: [HLS 200-880] The II Violation in module 'pooling_Pipeline_VITIS_LOOP_85_6_VITIS_LOOP_86_7' (loop 'VITIS_LOOP_85_6_VITIS_LOOP_86_7'): Unable to enforce a carried dependence constraint (II = 4, distance = 1, offset = 0) between 'store' operation ('sum_write_ln99', ../ip/ip6/pooling.cpp:99) of variable 'sum', ../ip/ip6/pooling.cpp:97 on local variable 'sum' and 'load' operation ('sum_load_1', ../ip/ip6/pooling.cpp:97) on local variable 'sum'.
INFO: [HLS 200-1470] Pipelining result : Target II = NA, Final II = 5, Depth = 20, loop 'VITIS_LOOP_85_6_VITIS_LOOP_86_7'
INFO: [SCHED 204-11] Finished scheduling.
Command       schedule done; 0.241 sec.
INFO: [HLS 200-111] Finished Scheduling: CPU user time: 1 seconds. CPU system time: 0 seconds. Elapsed time: 0.43 seconds; current allocated memory: 557.848 MB.
Execute       syn_report -verbosereport -o C:/Users/11400/Desktop/shuffletest/HLS/ip8/solution1/.autopilot/db/pooling_Pipeline_VITIS_LOOP_85_6_VITIS_LOOP_86_7.verbose.sched.rpt 
Execute         AP::get_flow_target_display_name
Execute       db_write -o C:/Users/11400/Desktop/shuffletest/HLS/ip8/solution1/.autopilot/db/pooling_Pipeline_VITIS_LOOP_85_6_VITIS_LOOP_86_7.sched.adb -f 
INFO-FLOW: Finish scheduling pooling_Pipeline_VITIS_LOOP_85_6_VITIS_LOOP_86_7.
Execute       set_default_model pooling_Pipeline_VITIS_LOOP_85_6_VITIS_LOOP_86_7 
Execute       bind -model pooling_Pipeline_VITIS_LOOP_85_6_VITIS_LOOP_86_7 
INFO: [BIND 205-100] Starting micro-architecture generation ...
INFO: [BIND 205-101] Performing variable lifetime analysis.
INFO: [BIND 205-101] Exploring resource sharing.
INFO: [BIND 205-101] Binding ...
INFO: [BIND 205-100] Finished micro-architecture generation.
Command       bind done; 0.116 sec.
INFO: [HLS 200-111] Finished Binding: CPU user time: 0 seconds. CPU system time: 0 seconds. Elapsed time: 0.17 seconds; current allocated memory: 557.848 MB.
Execute       syn_report -verbosereport -o C:/Users/11400/Desktop/shuffletest/HLS/ip8/solution1/.autopilot/db/pooling_Pipeline_VITIS_LOOP_85_6_VITIS_LOOP_86_7.verbose.bind.rpt 
Execute         AP::get_flow_target_display_name
Execute       db_write -o C:/Users/11400/Desktop/shuffletest/HLS/ip8/solution1/.autopilot/db/pooling_Pipeline_VITIS_LOOP_85_6_VITIS_LOOP_86_7.bind.adb -f 
INFO-FLOW: Finish binding pooling_Pipeline_VITIS_LOOP_85_6_VITIS_LOOP_86_7.
INFO: [HLS 200-10] ----------------------------------------------------------------
INFO: [HLS 200-42] -- Implementing module 'pooling' 
INFO: [HLS 200-10] ----------------------------------------------------------------
Execute       set_default_model pooling 
Execute       schedule -model pooling 
INFO: [SCHED 204-11] Starting scheduling ...
INFO: [HLS 200-486] Changing DSP latency (root=mul_ln15_1) to 3 in order to utilize available DSP registers.
INFO: [HLS 200-486] Changing DSP latency (root=empty) to 3 in order to utilize available DSP registers.
INFO: [HLS 200-486] Changing DSP latency (root=mul_ln1494) to 3 in order to utilize available DSP registers.
INFO: [HLS 200-486] Changing DSP latency (root=mul_ln1495) to 3 in order to utilize available DSP registers.
INFO: [HLS 200-486] Changing DSP latency (root=p_mid1) to 3 in order to utilize available DSP registers.
INFO: [HLS 200-486] Changing DSP latency (root=mul_ln1494_1) to 3 in order to utilize available DSP registers.
INFO: [SCHED 204-11] Finished scheduling.
Command       schedule done; 1.327 sec.
INFO: [HLS 200-111] Finished Scheduling: CPU user time: 0 seconds. CPU system time: 0 seconds. Elapsed time: 1.512 seconds; current allocated memory: 557.848 MB.
Execute       syn_report -verbosereport -o C:/Users/11400/Desktop/shuffletest/HLS/ip8/solution1/.autopilot/db/pooling.verbose.sched.rpt 
Execute         AP::get_flow_target_display_name
Command       syn_report done; 0.185 sec.
Execute       db_write -o C:/Users/11400/Desktop/shuffletest/HLS/ip8/solution1/.autopilot/db/pooling.sched.adb -f 
INFO-FLOW: Finish scheduling pooling.
Execute       set_default_model pooling 
Execute       bind -model pooling 
INFO: [BIND 205-100] Starting micro-architecture generation ...
INFO: [BIND 205-101] Performing variable lifetime analysis.
INFO: [BIND 205-101] Exploring resource sharing.
INFO: [BIND 205-101] Binding ...
INFO: [BIND 205-100] Finished micro-architecture generation.
Command       bind done; 0.467 sec.
INFO: [HLS 200-111] Finished Binding: CPU user time: 0 seconds. CPU system time: 0 seconds. Elapsed time: 0.668 seconds; current allocated memory: 557.848 MB.
Execute       syn_report -verbosereport -o C:/Users/11400/Desktop/shuffletest/HLS/ip8/solution1/.autopilot/db/pooling.verbose.bind.rpt 
Execute         AP::get_flow_target_display_name
Command       syn_report done; 0.235 sec.
Execute       db_write -o C:/Users/11400/Desktop/shuffletest/HLS/ip8/solution1/.autopilot/db/pooling.bind.adb -f 
INFO-FLOW: Finish binding pooling.
Execute       get_model_list pooling -filter all-wo-channel 
INFO-FLOW: Preprocessing for RTLGen ...
Execute       rtl_gen_preprocess pooling_Pipeline_VITIS_LOOP_57_4_VITIS_LOOP_58_5 
Execute       rtl_gen_preprocess pooling_Pipeline_VITIS_LOOP_85_6_VITIS_LOOP_86_7 
Execute       rtl_gen_preprocess pooling 
INFO-FLOW: Model list for RTL generation: pooling_Pipeline_VITIS_LOOP_57_4_VITIS_LOOP_58_5 pooling_Pipeline_VITIS_LOOP_85_6_VITIS_LOOP_86_7 pooling
INFO: [HLS 200-10] ----------------------------------------------------------------
INFO: [HLS 200-10] -- Generating RTL for module 'pooling_Pipeline_VITIS_LOOP_57_4_VITIS_LOOP_58_5' 
INFO: [HLS 200-10] ----------------------------------------------------------------
Execute       create_rtl_model pooling_Pipeline_VITIS_LOOP_57_4_VITIS_LOOP_58_5 -top_prefix pooling_ -sub_prefix pooling_ -mg_file C:/Users/11400/Desktop/shuffletest/HLS/ip8/solution1/.autopilot/db/pooling_Pipeline_VITIS_LOOP_57_4_VITIS_LOOP_58_5.compgen.tcl 
INFO: [HLS 200-1030] Apply Unified Pipeline Control on module 'pooling_Pipeline_VITIS_LOOP_57_4_VITIS_LOOP_58_5' pipeline 'VITIS_LOOP_57_4_VITIS_LOOP_58_5' pipeline type 'loop pipeline'
INFO: [RTGEN 206-100] Generating core module 'fcmp_32ns_32ns_1_2_no_dsp_1': 1 instance(s).
INFO: [RTGEN 206-100] Generating core module 'mul_32s_16ns_32_1_1': 1 instance(s).
INFO: [RTGEN 206-100] Generating core module 'mul_mul_25s_16ns_32_4_1': 1 instance(s).
INFO: [RTGEN 206-100] Finished creating RTL model for 'pooling_Pipeline_VITIS_LOOP_57_4_VITIS_LOOP_58_5'.
Command       create_rtl_model done; 0.161 sec.
INFO: [HLS 200-111] Finished Creating RTL model: CPU user time: 1 seconds. CPU system time: 0 seconds. Elapsed time: 0.476 seconds; current allocated memory: 557.848 MB.
Execute       source C:/Users/11400/Desktop/shuffletest/HLS/ip8/solution1/.autopilot/db/pooling.rtl_wrap.cfg.tcl 
Execute       gen_rtl pooling_Pipeline_VITIS_LOOP_57_4_VITIS_LOOP_58_5 -style xilinx -f -lang vhdl -o C:/Users/11400/Desktop/shuffletest/HLS/ip8/solution1/syn/vhdl/pooling_pooling_Pipeline_VITIS_LOOP_57_4_VITIS_LOOP_58_5 
Execute       gen_rtl pooling_Pipeline_VITIS_LOOP_57_4_VITIS_LOOP_58_5 -style xilinx -f -lang vlog -o C:/Users/11400/Desktop/shuffletest/HLS/ip8/solution1/syn/verilog/pooling_pooling_Pipeline_VITIS_LOOP_57_4_VITIS_LOOP_58_5 
Execute       syn_report -csynth -model pooling_Pipeline_VITIS_LOOP_57_4_VITIS_LOOP_58_5 -o C:/Users/11400/Desktop/shuffletest/HLS/ip8/solution1/syn/report/pooling_Pipeline_VITIS_LOOP_57_4_VITIS_LOOP_58_5_csynth.rpt 
Execute         AP::get_flow_target_display_name
Execute       syn_report -rtlxml -model pooling_Pipeline_VITIS_LOOP_57_4_VITIS_LOOP_58_5 -o C:/Users/11400/Desktop/shuffletest/HLS/ip8/solution1/syn/report/pooling_Pipeline_VITIS_LOOP_57_4_VITIS_LOOP_58_5_csynth.xml 
Execute       syn_report -verbosereport -model pooling_Pipeline_VITIS_LOOP_57_4_VITIS_LOOP_58_5 -o C:/Users/11400/Desktop/shuffletest/HLS/ip8/solution1/.autopilot/db/pooling_Pipeline_VITIS_LOOP_57_4_VITIS_LOOP_58_5.verbose.rpt 
Execute         AP::get_flow_target_display_name
Command       syn_report done; 0.106 sec.
Execute       db_write -model pooling_Pipeline_VITIS_LOOP_57_4_VITIS_LOOP_58_5 -f -o C:/Users/11400/Desktop/shuffletest/HLS/ip8/solution1/.autopilot/db/pooling_Pipeline_VITIS_LOOP_57_4_VITIS_LOOP_58_5.adb 
Execute       db_write -model pooling_Pipeline_VITIS_LOOP_57_4_VITIS_LOOP_58_5 -bindview -o C:/Users/11400/Desktop/shuffletest/HLS/ip8/solution1/.autopilot/db/design.bindinfo.xml 
Execute       gen_tb_info pooling_Pipeline_VITIS_LOOP_57_4_VITIS_LOOP_58_5 -p C:/Users/11400/Desktop/shuffletest/HLS/ip8/solution1/.autopilot/db -o C:/Users/11400/Desktop/shuffletest/HLS/ip8/solution1/.autopilot/db/pooling_Pipeline_VITIS_LOOP_57_4_VITIS_LOOP_58_5 
INFO: [HLS 200-10] ----------------------------------------------------------------
INFO: [HLS 200-10] -- Generating RTL for module 'pooling_Pipeline_VITIS_LOOP_85_6_VITIS_LOOP_86_7' 
INFO: [HLS 200-10] ----------------------------------------------------------------
Execute       create_rtl_model pooling_Pipeline_VITIS_LOOP_85_6_VITIS_LOOP_86_7 -top_prefix pooling_ -sub_prefix pooling_ -mg_file C:/Users/11400/Desktop/shuffletest/HLS/ip8/solution1/.autopilot/db/pooling_Pipeline_VITIS_LOOP_85_6_VITIS_LOOP_86_7.compgen.tcl 
INFO: [HLS 200-1030] Apply Unified Pipeline Control on module 'pooling_Pipeline_VITIS_LOOP_85_6_VITIS_LOOP_86_7' pipeline 'VITIS_LOOP_85_6_VITIS_LOOP_86_7' pipeline type 'loop pipeline'
INFO: [RTGEN 206-100] Generating core module 'fadd_32ns_32ns_32_5_full_dsp_1': 1 instance(s).
INFO: [RTGEN 206-100] Generating core module 'mul_32s_16ns_32_1_1': 1 instance(s).
INFO: [RTGEN 206-100] Generating core module 'mul_mul_25s_16ns_32_4_1': 1 instance(s).
INFO: [RTGEN 206-100] Finished creating RTL model for 'pooling_Pipeline_VITIS_LOOP_85_6_VITIS_LOOP_86_7'.
Command       create_rtl_model done; 0.166 sec.
INFO: [HLS 200-111] Finished Creating RTL model: CPU user time: 0 seconds. CPU system time: 0 seconds. Elapsed time: 0.614 seconds; current allocated memory: 557.848 MB.
Execute       source C:/Users/11400/Desktop/shuffletest/HLS/ip8/solution1/.autopilot/db/pooling.rtl_wrap.cfg.tcl 
Execute       gen_rtl pooling_Pipeline_VITIS_LOOP_85_6_VITIS_LOOP_86_7 -style xilinx -f -lang vhdl -o C:/Users/11400/Desktop/shuffletest/HLS/ip8/solution1/syn/vhdl/pooling_pooling_Pipeline_VITIS_LOOP_85_6_VITIS_LOOP_86_7 
Execute       gen_rtl pooling_Pipeline_VITIS_LOOP_85_6_VITIS_LOOP_86_7 -style xilinx -f -lang vlog -o C:/Users/11400/Desktop/shuffletest/HLS/ip8/solution1/syn/verilog/pooling_pooling_Pipeline_VITIS_LOOP_85_6_VITIS_LOOP_86_7 
Execute       syn_report -csynth -model pooling_Pipeline_VITIS_LOOP_85_6_VITIS_LOOP_86_7 -o C:/Users/11400/Desktop/shuffletest/HLS/ip8/solution1/syn/report/pooling_Pipeline_VITIS_LOOP_85_6_VITIS_LOOP_86_7_csynth.rpt 
Execute         AP::get_flow_target_display_name
Execute       syn_report -rtlxml -model pooling_Pipeline_VITIS_LOOP_85_6_VITIS_LOOP_86_7 -o C:/Users/11400/Desktop/shuffletest/HLS/ip8/solution1/syn/report/pooling_Pipeline_VITIS_LOOP_85_6_VITIS_LOOP_86_7_csynth.xml 
Execute       syn_report -verbosereport -model pooling_Pipeline_VITIS_LOOP_85_6_VITIS_LOOP_86_7 -o C:/Users/11400/Desktop/shuffletest/HLS/ip8/solution1/.autopilot/db/pooling_Pipeline_VITIS_LOOP_85_6_VITIS_LOOP_86_7.verbose.rpt 
Execute         AP::get_flow_target_display_name
Execute       db_write -model pooling_Pipeline_VITIS_LOOP_85_6_VITIS_LOOP_86_7 -f -o C:/Users/11400/Desktop/shuffletest/HLS/ip8/solution1/.autopilot/db/pooling_Pipeline_VITIS_LOOP_85_6_VITIS_LOOP_86_7.adb 
Execute       db_write -model pooling_Pipeline_VITIS_LOOP_85_6_VITIS_LOOP_86_7 -bindview -o C:/Users/11400/Desktop/shuffletest/HLS/ip8/solution1/.autopilot/db/design.bindinfo.xml 
Execute       gen_tb_info pooling_Pipeline_VITIS_LOOP_85_6_VITIS_LOOP_86_7 -p C:/Users/11400/Desktop/shuffletest/HLS/ip8/solution1/.autopilot/db -o C:/Users/11400/Desktop/shuffletest/HLS/ip8/solution1/.autopilot/db/pooling_Pipeline_VITIS_LOOP_85_6_VITIS_LOOP_86_7 
INFO: [HLS 200-10] ----------------------------------------------------------------
INFO: [HLS 200-10] -- Generating RTL for module 'pooling' 
INFO: [HLS 200-10] ----------------------------------------------------------------
Execute       create_rtl_model pooling -top_prefix  -sub_prefix pooling_ -mg_file C:/Users/11400/Desktop/shuffletest/HLS/ip8/solution1/.autopilot/db/pooling.compgen.tcl 
WARNING: [RTGEN 206-101] Design contains AXI ports. Reset is fixed to synchronous and active low.
INFO: [RTGEN 206-500] Setting interface mode on port 'pooling/gmem0' to 'm_axi'.
INFO: [RTGEN 206-500] Setting interface mode on port 'pooling/C_in' to 's_axilite & ap_none'.
INFO: [RTGEN 206-500] Setting interface mode on port 'pooling/H_in' to 's_axilite & ap_none'.
INFO: [RTGEN 206-500] Setting interface mode on port 'pooling/W_in' to 's_axilite & ap_none'.
INFO: [RTGEN 206-500] Setting interface mode on port 'pooling/kernel_size' to 's_axilite & ap_none'.
INFO: [RTGEN 206-500] Setting interface mode on port 'pooling/stride' to 's_axilite & ap_none'.
INFO: [RTGEN 206-500] Setting interface mode on port 'pooling/padding' to 's_axilite & ap_none'.
INFO: [RTGEN 206-500] Setting interface mode on port 'pooling/pool_type' to 's_axilite & ap_none'.
INFO: [RTGEN 206-500] Setting interface mode on port 'pooling/feature_in' to 's_axilite & ap_none'.
INFO: [RTGEN 206-500] Setting interface mode on port 'pooling/feature_out' to 's_axilite & ap_none'.
INFO: [RTGEN 206-500] Setting interface mode on function 'pooling' to 's_axilite & ap_ctrl_hs'.
INFO: [RTGEN 206-100] Bundling port 'C_in', 'W_in', 'stride', 'pool_type', 'H_in', 'kernel_size', 'padding', 'feature_in', 'feature_out' to AXI-Lite port control.
INFO: [RTGEN 206-100] Generating core module 'fdiv_32ns_32ns_32_12_no_dsp_1': 1 instance(s).
INFO: [RTGEN 206-100] Generating core module 'mac_mul_sub_16ns_8ns_8ns_25_4_1': 1 instance(s).
INFO: [RTGEN 206-100] Generating core module 'mul_16ns_32ns_48_1_1': 1 instance(s).
INFO: [RTGEN 206-100] Generating core module 'mul_32s_16ns_32_1_1': 1 instance(s).
INFO: [RTGEN 206-100] Generating core module 'mul_8ns_8ns_16_1_1': 1 instance(s).
INFO: [RTGEN 206-100] Generating core module 'mul_mul_16ns_16ns_32_4_1': 3 instance(s).
INFO: [RTGEN 206-100] Generating core module 'mul_mul_16ns_8ns_24_4_1': 2 instance(s).
INFO: [RTGEN 206-100] Generating core module 'sdiv_18ns_9ns_16_22_seq_1': 2 instance(s).
INFO: [RTGEN 206-100] Generating core module 'sitofp_32ns_32_5_no_dsp_1': 1 instance(s).
INFO: [RTGEN 206-100] Finished creating RTL model for 'pooling'.
Command       create_rtl_model done; 0.786 sec.
INFO: [HLS 200-111] Finished Creating RTL model: CPU user time: 0 seconds. CPU system time: 0 seconds. Elapsed time: 1.157 seconds; current allocated memory: 557.848 MB.
Execute       source C:/Users/11400/Desktop/shuffletest/HLS/ip8/solution1/.autopilot/db/pooling.rtl_wrap.cfg.tcl 
Execute       gen_rtl pooling -istop -style xilinx -f -lang vhdl -o C:/Users/11400/Desktop/shuffletest/HLS/ip8/solution1/syn/vhdl/pooling 
Execute       gen_rtl pooling -istop -style xilinx -f -lang vlog -o C:/Users/11400/Desktop/shuffletest/HLS/ip8/solution1/syn/verilog/pooling 
Execute       syn_report -csynth -model pooling -o C:/Users/11400/Desktop/shuffletest/HLS/ip8/solution1/syn/report/pooling_csynth.rpt 
Execute         AP::get_flow_target_display_name
Execute       syn_report -rtlxml -model pooling -o C:/Users/11400/Desktop/shuffletest/HLS/ip8/solution1/syn/report/pooling_csynth.xml 
Execute       syn_report -verbosereport -model pooling -o C:/Users/11400/Desktop/shuffletest/HLS/ip8/solution1/.autopilot/db/pooling.verbose.rpt 
Execute         AP::get_flow_target_display_name
Command       syn_report done; 0.249 sec.
Execute       db_write -model pooling -f -o C:/Users/11400/Desktop/shuffletest/HLS/ip8/solution1/.autopilot/db/pooling.adb 
Execute       db_write -model pooling -bindview -o C:/Users/11400/Desktop/shuffletest/HLS/ip8/solution1/.autopilot/db/design.bindinfo.xml 
Execute       gen_tb_info pooling -p C:/Users/11400/Desktop/shuffletest/HLS/ip8/solution1/.autopilot/db -o C:/Users/11400/Desktop/shuffletest/HLS/ip8/solution1/.autopilot/db/pooling 
Execute       export_constraint_db -f -tool general -o C:/Users/11400/Desktop/shuffletest/HLS/ip8/solution1/.autopilot/db/pooling.constraint.tcl 
Execute       syn_report -designview -model pooling -o C:/Users/11400/Desktop/shuffletest/HLS/ip8/solution1/.autopilot/db/pooling.design.xml 
Command       syn_report done; 0.12 sec.
Execute       syn_report -csynthDesign -model pooling -o C:/Users/11400/Desktop/shuffletest/HLS/ip8/solution1/syn/report/csynth.rpt 
Execute         AP::get_flow_target_display_name
Execute       syn_report -wcfg -model pooling -o C:/Users/11400/Desktop/shuffletest/HLS/ip8/solution1/.autopilot/db/pooling_dataflow_ana.wcfg 
Execute       syn_report -protoinst -model pooling -o C:/Users/11400/Desktop/shuffletest/HLS/ip8/solution1/.autopilot/db/pooling.protoinst 
Execute       sc_get_clocks pooling 
Execute       sc_get_portdomain pooling 
INFO-FLOW: Model list for RTL component generation: pooling_Pipeline_VITIS_LOOP_57_4_VITIS_LOOP_58_5 pooling_Pipeline_VITIS_LOOP_85_6_VITIS_LOOP_86_7 pooling
INFO-FLOW: Handling components in module [pooling_Pipeline_VITIS_LOOP_57_4_VITIS_LOOP_58_5] ... 
Execute       source C:/Users/11400/Desktop/shuffletest/HLS/ip8/solution1/.autopilot/db/pooling_Pipeline_VITIS_LOOP_57_4_VITIS_LOOP_58_5.compgen.tcl 
INFO-FLOW: Found component pooling_fcmp_32ns_32ns_1_2_no_dsp_1.
INFO-FLOW: Append model pooling_fcmp_32ns_32ns_1_2_no_dsp_1
INFO-FLOW: Found component pooling_mul_32s_16ns_32_1_1.
INFO-FLOW: Append model pooling_mul_32s_16ns_32_1_1
INFO-FLOW: Found component pooling_mul_mul_25s_16ns_32_4_1.
INFO-FLOW: Append model pooling_mul_mul_25s_16ns_32_4_1
INFO-FLOW: Found component pooling_flow_control_loop_pipe_sequential_init.
INFO-FLOW: Append model pooling_flow_control_loop_pipe_sequential_init
INFO-FLOW: Handling components in module [pooling_Pipeline_VITIS_LOOP_85_6_VITIS_LOOP_86_7] ... 
Execute       source C:/Users/11400/Desktop/shuffletest/HLS/ip8/solution1/.autopilot/db/pooling_Pipeline_VITIS_LOOP_85_6_VITIS_LOOP_86_7.compgen.tcl 
INFO-FLOW: Found component pooling_fadd_32ns_32ns_32_5_full_dsp_1.
INFO-FLOW: Append model pooling_fadd_32ns_32ns_32_5_full_dsp_1
INFO-FLOW: Found component pooling_flow_control_loop_pipe_sequential_init.
INFO-FLOW: Append model pooling_flow_control_loop_pipe_sequential_init
INFO-FLOW: Handling components in module [pooling] ... 
Execute       source C:/Users/11400/Desktop/shuffletest/HLS/ip8/solution1/.autopilot/db/pooling.compgen.tcl 
INFO-FLOW: Found component pooling_fdiv_32ns_32ns_32_12_no_dsp_1.
INFO-FLOW: Append model pooling_fdiv_32ns_32ns_32_12_no_dsp_1
INFO-FLOW: Found component pooling_sitofp_32ns_32_5_no_dsp_1.
INFO-FLOW: Append model pooling_sitofp_32ns_32_5_no_dsp_1
INFO-FLOW: Found component pooling_sdiv_18ns_9ns_16_22_seq_1.
INFO-FLOW: Append model pooling_sdiv_18ns_9ns_16_22_seq_1
INFO-FLOW: Found component pooling_mul_8ns_8ns_16_1_1.
INFO-FLOW: Append model pooling_mul_8ns_8ns_16_1_1
INFO-FLOW: Found component pooling_mul_16ns_32ns_48_1_1.
INFO-FLOW: Append model pooling_mul_16ns_32ns_48_1_1
INFO-FLOW: Found component pooling_mul_mul_16ns_16ns_32_4_1.
INFO-FLOW: Append model pooling_mul_mul_16ns_16ns_32_4_1
INFO-FLOW: Found component pooling_mul_mul_16ns_8ns_24_4_1.
INFO-FLOW: Append model pooling_mul_mul_16ns_8ns_24_4_1
INFO-FLOW: Found component pooling_mac_mul_sub_16ns_8ns_8ns_25_4_1.
INFO-FLOW: Append model pooling_mac_mul_sub_16ns_8ns_8ns_25_4_1
INFO-FLOW: Found component pooling_gmem0_m_axi.
INFO-FLOW: Append model pooling_gmem0_m_axi
INFO-FLOW: Found component pooling_control_s_axi.
INFO-FLOW: Append model pooling_control_s_axi
INFO-FLOW: Append model pooling_Pipeline_VITIS_LOOP_57_4_VITIS_LOOP_58_5
INFO-FLOW: Append model pooling_Pipeline_VITIS_LOOP_85_6_VITIS_LOOP_86_7
INFO-FLOW: Append model pooling
INFO-FLOW: Generating RTL model list ...
INFO-FLOW: All models in this session: pooling_fcmp_32ns_32ns_1_2_no_dsp_1 pooling_mul_32s_16ns_32_1_1 pooling_mul_mul_25s_16ns_32_4_1 pooling_flow_control_loop_pipe_sequential_init pooling_fadd_32ns_32ns_32_5_full_dsp_1 pooling_flow_control_loop_pipe_sequential_init pooling_fdiv_32ns_32ns_32_12_no_dsp_1 pooling_sitofp_32ns_32_5_no_dsp_1 pooling_sdiv_18ns_9ns_16_22_seq_1 pooling_mul_8ns_8ns_16_1_1 pooling_mul_16ns_32ns_48_1_1 pooling_mul_mul_16ns_16ns_32_4_1 pooling_mul_mul_16ns_8ns_24_4_1 pooling_mac_mul_sub_16ns_8ns_8ns_25_4_1 pooling_gmem0_m_axi pooling_control_s_axi pooling_Pipeline_VITIS_LOOP_57_4_VITIS_LOOP_58_5 pooling_Pipeline_VITIS_LOOP_85_6_VITIS_LOOP_86_7 pooling
INFO-FLOW: Generating C:/Users/11400/Desktop/shuffletest/HLS/ip8/solution1/.autopilot/db/autopilot.rtl.models.txt file...
INFO-FLOW: To file: write model pooling_fcmp_32ns_32ns_1_2_no_dsp_1
INFO-FLOW: To file: write model pooling_mul_32s_16ns_32_1_1
INFO-FLOW: To file: write model pooling_mul_mul_25s_16ns_32_4_1
INFO-FLOW: To file: write model pooling_flow_control_loop_pipe_sequential_init
INFO-FLOW: To file: write model pooling_fadd_32ns_32ns_32_5_full_dsp_1
INFO-FLOW: To file: write model pooling_flow_control_loop_pipe_sequential_init
INFO-FLOW: To file: write model pooling_fdiv_32ns_32ns_32_12_no_dsp_1
INFO-FLOW: To file: write model pooling_sitofp_32ns_32_5_no_dsp_1
INFO-FLOW: To file: write model pooling_sdiv_18ns_9ns_16_22_seq_1
INFO-FLOW: To file: write model pooling_mul_8ns_8ns_16_1_1
INFO-FLOW: To file: write model pooling_mul_16ns_32ns_48_1_1
INFO-FLOW: To file: write model pooling_mul_mul_16ns_16ns_32_4_1
INFO-FLOW: To file: write model pooling_mul_mul_16ns_8ns_24_4_1
INFO-FLOW: To file: write model pooling_mac_mul_sub_16ns_8ns_8ns_25_4_1
INFO-FLOW: To file: write model pooling_gmem0_m_axi
INFO-FLOW: To file: write model pooling_control_s_axi
INFO-FLOW: To file: write model pooling_Pipeline_VITIS_LOOP_57_4_VITIS_LOOP_58_5
INFO-FLOW: To file: write model pooling_Pipeline_VITIS_LOOP_85_6_VITIS_LOOP_86_7
INFO-FLOW: To file: write model pooling
INFO-FLOW: Generating C:/Users/11400/Desktop/shuffletest/HLS/ip8/solution1/.autopilot/db/autopilot.rtl.models.tcl file...
INFO-FLOW: Finished generating RTL model list.


INFO-FLOW: RTL Generation done.
INFO-FLOW: CAS Generation done.
INFO-FLOW: CBC Generation done.
INFO-FLOW: DBG:PROC: ::AESL_AUTOMG::auto_generate_csynth_design
INFO-FLOW: DBG:PUTS: read_platform_lib C:/Users/11400/Desktop/shuffletest/HLS/ip8/solution1/.autopilot/db/global.setting.tcl
Execute       source D:/Xilinx/Vitis_HLS/2022.2/common/technology/generic/autopilot/common.gen 
Execute         source D:/Xilinx/Vitis_HLS/2022.2/common/technology/generic/autopilot/APCoreGen.gen 
Execute       source D:/Xilinx/Vitis_HLS/2022.2/common/technology/generic/autopilot/op.gen 
Execute       source D:/Xilinx/Vitis_HLS/2022.2/common/technology/generic/autopilot/op_simcore.gen 
Execute       source D:/Xilinx/Vitis_HLS/2022.2/common/technology/generic/autopilot/interface.gen 
Execute       source C:/Users/11400/Desktop/shuffletest/HLS/ip8/solution1/.autopilot/db/global.setting.tcl 
Execute       source D:/Xilinx/Vitis_HLS/2022.2/common/technology/xilinx/common/xilinx.gen 
Execute         source D:/Xilinx/Vitis_HLS/2022.2/common/technology/xilinx/interface/plb46.gen 
Execute         source D:/Xilinx/Vitis_HLS/2022.2/common/technology/xilinx/interface/axi4.gen 
Execute         source D:/Xilinx/Vitis_HLS/2022.2/common/technology/xilinx/interface/nativeAXI4.gen 
Execute           source D:/Xilinx/Vitis_HLS/2022.2/common/technology/xilinx/interface/saxilite.gen 
Execute         source D:/Xilinx/Vitis_HLS/2022.2/common/technology/xilinx/scripts/xilinxcoregen.gen 
Execute         source D:/Xilinx/Vitis_HLS/2022.2/common/technology/xilinx/interface/XilEDKCoreGen.gen 
Execute         source D:/Xilinx/Vitis_HLS/2022.2/common/technology/xilinx/ip/dds_compiler.gen 
Execute         source D:/Xilinx/Vitis_HLS/2022.2/common/technology/xilinx/ip/util.gen 
Execute         source D:/Xilinx/Vitis_HLS/2022.2/common/technology/xilinx/ip/xfft.gen 
Execute         source D:/Xilinx/Vitis_HLS/2022.2/common/technology/xilinx/ip/xfir.gen 
Execute         source D:/Xilinx/Vitis_HLS/2022.2/common/technology/xilinx/DSP48/dsp48.gen 
INFO-FLOW: DBG:PUTS:   using AESL_AUTOCG::g_clock_period=10.000 (was NA)
INFO-FLOW: DBG:PROC: ::AESL_AUTOMG::generate_ip_cores gen_sim_model='1' gen_fp_models='0' gen_for_export='0' dstSCDir='' dstVhdlDir='C:/Users/11400/Desktop/shuffletest/HLS/ip8/solution1/.autopilot/db/vhdl' dstVlogDir='C:/Users/11400/Desktop/shuffletest/HLS/ip8/solution1/.autopilot/db/vlog' tclDir='C:/Users/11400/Desktop/shuffletest/HLS/ip8/solution1/.autopilot/db' modelList='pooling_fcmp_32ns_32ns_1_2_no_dsp_1
pooling_mul_32s_16ns_32_1_1
pooling_mul_mul_25s_16ns_32_4_1
pooling_flow_control_loop_pipe_sequential_init
pooling_fadd_32ns_32ns_32_5_full_dsp_1
pooling_flow_control_loop_pipe_sequential_init
pooling_fdiv_32ns_32ns_32_12_no_dsp_1
pooling_sitofp_32ns_32_5_no_dsp_1
pooling_sdiv_18ns_9ns_16_22_seq_1
pooling_mul_8ns_8ns_16_1_1
pooling_mul_16ns_32ns_48_1_1
pooling_mul_mul_16ns_16ns_32_4_1
pooling_mul_mul_16ns_8ns_24_4_1
pooling_mac_mul_sub_16ns_8ns_8ns_25_4_1
pooling_gmem0_m_axi
pooling_control_s_axi
pooling_Pipeline_VITIS_LOOP_57_4_VITIS_LOOP_58_5
pooling_Pipeline_VITIS_LOOP_85_6_VITIS_LOOP_86_7
pooling
' expOnly='0'
Execute       source C:/Users/11400/Desktop/shuffletest/HLS/ip8/solution1/.autopilot/db/global.setting.tcl 
Execute       ap_part_info -name xc7z020-clg400-2 -data names -quiet 
Execute       ap_part_info -name xc7z020-clg400-2 -data info -quiet 
Execute       source C:/Users/11400/Desktop/shuffletest/HLS/ip8/solution1/.autopilot/db/global.setting.tcl 
Execute       source C:/Users/11400/Desktop/shuffletest/HLS/ip8/solution1/.autopilot/db/global.setting.tcl 
Execute       source C:/Users/11400/Desktop/shuffletest/HLS/ip8/solution1/.autopilot/db/pooling_Pipeline_VITIS_LOOP_57_4_VITIS_LOOP_58_5.compgen.tcl 
Execute         ap_part_info -name xc7z020-clg400-2 -data names -quiet 
Execute         ap_part_info -name xc7z020-clg400-2 -data info -quiet 
Execute       source C:/Users/11400/Desktop/shuffletest/HLS/ip8/solution1/.autopilot/db/pooling_Pipeline_VITIS_LOOP_85_6_VITIS_LOOP_86_7.compgen.tcl 
Execute       source C:/Users/11400/Desktop/shuffletest/HLS/ip8/solution1/.autopilot/db/pooling.compgen.tcl 
Execute         ap_part_info -name xc7z020-clg400-2 -data names -quiet 
Execute         ap_part_info -name xc7z020-clg400-2 -data info -quiet 
Execute         ap_part_info -name xc7z020-clg400-2 -data names -quiet 
Execute         ap_part_info -name xc7z020-clg400-2 -data info -quiet 
Execute         ap_part_info -name xc7z020-clg400-2 -data names -quiet 
Execute         ap_part_info -name xc7z020-clg400-2 -data info -quiet 
Execute         ap_part_info -name xc7z020-clg400-2 -data info 
Execute         source ./control.slave.tcl 
Command       ap_source done; 0.231 sec.
INFO: [HLS 200-111] Finished Generating all RTL models: CPU user time: 1 seconds. CPU system time: 0 seconds. Elapsed time: 2.116 seconds; current allocated memory: 557.848 MB.
INFO-FLOW: DBG:PROC: ::HLSREPORTS::create_csynth_xml bind_info_var='bind_info' RtlSubPrefix='pooling_' outfile=''
INFO-FLOW: Running: create_csynth_xml read xml data
INFO-FLOW: Done: create_csynth_xml read xml data time: 0 seconds per iteration
INFO-FLOW: Running: create_csynth_xml bind info
INFO-FLOW: Done: create_csynth_xml bind info time: 0 seconds per iteration
INFO-FLOW: Running: create_csynth_xml config info
INFO-FLOW: Done: create_csynth_xml config info time: 0.2 seconds per iteration
INFO-FLOW: Running: create_csynth_xml write xml
INFO-FLOW: Done: create_csynth_xml write xml time: 0 seconds per iteration
INFO-FLOW: DBG:PUTS:      create_csynth_xml wrote csynth_xml=C:/Users/11400/Desktop/shuffletest/HLS/ip8/solution1/syn/report/csynth.xml
INFO-FLOW: DBG:PROC: ::AP::DESIGN_DATA::generate_json generate_bd_files='0' generate_xo_files='0' modelList='pooling_fcmp_32ns_32ns_1_2_no_dsp_1
pooling_mul_32s_16ns_32_1_1
pooling_mul_mul_25s_16ns_32_4_1
pooling_flow_control_loop_pipe_sequential_init
pooling_fadd_32ns_32ns_32_5_full_dsp_1
pooling_flow_control_loop_pipe_sequential_init
pooling_fdiv_32ns_32ns_32_12_no_dsp_1
pooling_sitofp_32ns_32_5_no_dsp_1
pooling_sdiv_18ns_9ns_16_22_seq_1
pooling_mul_8ns_8ns_16_1_1
pooling_mul_16ns_32ns_48_1_1
pooling_mul_mul_16ns_16ns_32_4_1
pooling_mul_mul_16ns_8ns_24_4_1
pooling_mac_mul_sub_16ns_8ns_8ns_25_4_1
pooling_gmem0_m_axi
pooling_control_s_axi
pooling_Pipeline_VITIS_LOOP_57_4_VITIS_LOOP_58_5
pooling_Pipeline_VITIS_LOOP_85_6_VITIS_LOOP_86_7
pooling
' rtl_lang='both' bootstrap_tcl='false' outdir='' outfilename=''
Execute       source C:/Users/11400/Desktop/shuffletest/HLS/ip8/solution1/.autopilot/db/global.setting.tcl 
Execute       source C:/Users/11400/Desktop/shuffletest/HLS/ip8/solution1/.autopilot/db/global.setting.tcl 
Execute       source C:/Users/11400/Desktop/shuffletest/HLS/ip8/solution1/.autopilot/db/top-io-be.tcl 
Execute       source C:/Users/11400/Desktop/shuffletest/HLS/ip8/solution1/.autopilot/db/pooling.tbgen.tcl 
Execute       source C:/Users/11400/Desktop/shuffletest/HLS/ip8/solution1/.autopilot/db/pooling.compgen.dataonly.tcl 
Execute       source C:/Users/11400/Desktop/shuffletest/HLS/ip8/solution1/.autopilot/db/pooling.compgen.dataonly.tcl 
Execute       source C:/Users/11400/Desktop/shuffletest/HLS/ip8/solution1/.autopilot/db/pooling.rtl_wrap.cfg.tcl 
Execute       source C:/Users/11400/Desktop/shuffletest/HLS/ip8/solution1/.autopilot/db/pooling.compgen.dataonly.tcl 
Execute       source C:/Users/11400/Desktop/shuffletest/HLS/ip8/solution1/.autopilot/db/pooling_Pipeline_VITIS_LOOP_57_4_VITIS_LOOP_58_5.tbgen.tcl 
Execute       source C:/Users/11400/Desktop/shuffletest/HLS/ip8/solution1/.autopilot/db/pooling_Pipeline_VITIS_LOOP_85_6_VITIS_LOOP_86_7.tbgen.tcl 
Execute       source C:/Users/11400/Desktop/shuffletest/HLS/ip8/solution1/.autopilot/db/pooling.tbgen.tcl 
Execute       source C:/Users/11400/Desktop/shuffletest/HLS/ip8/solution1/.autopilot/db/global.setting.tcl 
Execute       ap_part_info -name xc7z020-clg400-2 -data names -quiet 
Execute       ap_part_info -name xc7z020-clg400-2 -data info -quiet 
Execute       source C:/Users/11400/Desktop/shuffletest/HLS/ip8/solution1/.autopilot/db/pooling.constraint.tcl 
Execute       sc_get_clocks pooling 
Execute       source C:/Users/11400/Desktop/shuffletest/HLS/ip8/solution1/.autopilot/db/global.setting.tcl 
Execute       source C:/Users/11400/Desktop/shuffletest/HLS/ip8/solution1/impl/misc/pooling_fadd_32ns_32ns_32_5_full_dsp_1_ip.tcl 
Execute       source C:/Users/11400/Desktop/shuffletest/HLS/ip8/solution1/impl/misc/pooling_fcmp_32ns_32ns_1_2_no_dsp_1_ip.tcl 
Execute       source C:/Users/11400/Desktop/shuffletest/HLS/ip8/solution1/impl/misc/pooling_fdiv_32ns_32ns_32_12_no_dsp_1_ip.tcl 
Execute       source C:/Users/11400/Desktop/shuffletest/HLS/ip8/solution1/impl/misc/pooling_sitofp_32ns_32_5_no_dsp_1_ip.tcl 
INFO-FLOW: DBG:PROC: ::HLSREPORTS::add_csynth_report_sections bind_info_dict='adapter_nodes {{BINDTYPE adapter DISPLAY {bind_adapter axilite} ID {} IMPL {} LATENCY {} OPTYPE {} PRAGMA yes RTLNAME control_s_axi_U SOURCE {} VARIABLE {} MODULE pooling LOOP {} BUNDLEDNAME control DSP 0 BRAM 0 URAM 0} {BINDTYPE adapter DISPLAY {bind_adapter axi_master} ID {} IMPL {} LATENCY {} OPTYPE {} PRAGMA yes RTLNAME gmem0_m_axi_U SOURCE {} VARIABLE {} MODULE pooling LOOP {} BUNDLEDNAME gmem0 DSP 0 BRAM 0 URAM 0}} report_dict {TOPINST pooling MODULE2INSTS {pooling pooling pooling_Pipeline_VITIS_LOOP_57_4_VITIS_LOOP_58_5 grp_pooling_Pipeline_VITIS_LOOP_57_4_VITIS_LOOP_58_5_fu_257 pooling_Pipeline_VITIS_LOOP_85_6_VITIS_LOOP_86_7 grp_pooling_Pipeline_VITIS_LOOP_85_6_VITIS_LOOP_86_7_fu_274} INST2MODULE {pooling pooling grp_pooling_Pipeline_VITIS_LOOP_57_4_VITIS_LOOP_58_5_fu_257 pooling_Pipeline_VITIS_LOOP_57_4_VITIS_LOOP_58_5 grp_pooling_Pipeline_VITIS_LOOP_85_6_VITIS_LOOP_86_7_fu_274 pooling_Pipeline_VITIS_LOOP_85_6_VITIS_LOOP_86_7} INSTDATA {pooling {DEPTH 1 CHILDREN {grp_pooling_Pipeline_VITIS_LOOP_57_4_VITIS_LOOP_58_5_fu_257 grp_pooling_Pipeline_VITIS_LOOP_85_6_VITIS_LOOP_86_7_fu_274}} grp_pooling_Pipeline_VITIS_LOOP_57_4_VITIS_LOOP_58_5_fu_257 {DEPTH 2 CHILDREN {}} grp_pooling_Pipeline_VITIS_LOOP_85_6_VITIS_LOOP_86_7_fu_274 {DEPTH 2 CHILDREN {}}} MODULEDATA {pooling_Pipeline_VITIS_LOOP_57_4_VITIS_LOOP_58_5 {BINDINFO {{BINDTYPE op ID {} IMPL fabric LATENCY 0 OPTYPE add PRAGMA {} RTLNAME h_in_fu_272_p2 SOURCE {D:/Xilinx/Vitis_HLS/2022.2/common/technology/autopilot\ap_int_base.h:1027} VARIABLE h_in LOOP VITIS_LOOP_57_4_VITIS_LOOP_58_5 BUNDLEDNAME {} DSP 0 BRAM 0 URAM 0 DISPNAME {bind_op add}} {BINDTYPE op ID {} IMPL fabric LATENCY 0 OPTYPE add PRAGMA {} RTLNAME add_ln1027_fu_298_p2 SOURCE {D:/Xilinx/Vitis_HLS/2022.2/common/technology/autopilot\ap_int_base.h:1027} VARIABLE add_ln1027 LOOP VITIS_LOOP_57_4_VITIS_LOOP_58_5 BUNDLEDNAME {} DSP 0 BRAM 0 URAM 0 DISPNAME {bind_op add}} {BINDTYPE op ID {} IMPL fabric LATENCY 0 OPTYPE add PRAGMA {} RTLNAME add_ln57_fu_321_p2 SOURCE ../ip/ip6/pooling.cpp:57 VARIABLE add_ln57 LOOP VITIS_LOOP_57_4_VITIS_LOOP_58_5 BUNDLEDNAME {} DSP 0 BRAM 0 URAM 0 DISPNAME {bind_op add}} {BINDTYPE op ID {} IMPL fabric LATENCY 0 OPTYPE add PRAGMA {} RTLNAME h_in_1_mid1_fu_331_p2 SOURCE {D:/Xilinx/Vitis_HLS/2022.2/common/technology/autopilot\ap_int_base.h:1027} VARIABLE h_in_1_mid1 LOOP VITIS_LOOP_57_4_VITIS_LOOP_58_5 BUNDLEDNAME {} DSP 0 BRAM 0 URAM 0 DISPNAME {bind_op add}} {BINDTYPE op ID {} IMPL dsp48 LATENCY 3 OPTYPE mul PRAGMA {} RTLNAME mul_mul_25s_16ns_32_4_1_U3 SOURCE {D:/Xilinx/Vitis_HLS/2022.2/common/technology/autopilot\ap_int_base.h:1027} VARIABLE mul_ln1027 LOOP VITIS_LOOP_57_4_VITIS_LOOP_58_5 BUNDLEDNAME {} DSP 1 BRAM 0 URAM 0 DISPNAME {bind_op mul}} {BINDTYPE op ID {} IMPL fabric LATENCY 0 OPTYPE add PRAGMA {} RTLNAME w_in_fu_397_p2 SOURCE ../ip/ip6/pooling.cpp:61 VARIABLE w_in LOOP VITIS_LOOP_57_4_VITIS_LOOP_58_5 BUNDLEDNAME {} DSP 0 BRAM 0 URAM 0 DISPNAME {bind_op add}} {BINDTYPE op ID {} IMPL fabric LATENCY 0 OPTYPE add PRAGMA {} RTLNAME add_ln1494_fu_445_p2 SOURCE {D:/Xilinx/Vitis_HLS/2022.2/common/technology/autopilot\ap_int_base.h:1494} VARIABLE add_ln1494 LOOP VITIS_LOOP_57_4_VITIS_LOOP_58_5 BUNDLEDNAME {} DSP 0 BRAM 0 URAM 0 DISPNAME {bind_op add}} {BINDTYPE op ID {} IMPL auto LATENCY 0 OPTYPE mul PRAGMA {} RTLNAME mul_32s_16ns_32_1_1_U2 SOURCE ../ip/ip6/pooling.cpp:66 VARIABLE mul_ln66 LOOP VITIS_LOOP_57_4_VITIS_LOOP_58_5 BUNDLEDNAME {} DSP 2 BRAM 0 URAM 0 DISPNAME {bind_op mul}} {BINDTYPE op ID {} IMPL fabric LATENCY 0 OPTYPE add PRAGMA {} RTLNAME in_offset_fu_454_p2 SOURCE ../ip/ip6/pooling.cpp:66 VARIABLE in_offset LOOP VITIS_LOOP_57_4_VITIS_LOOP_58_5 BUNDLEDNAME {} DSP 0 BRAM 0 URAM 0 DISPNAME {bind_op add}} {BINDTYPE op ID {} IMPL fabric LATENCY 0 OPTYPE add PRAGMA {} RTLNAME add_ln69_fu_470_p2 SOURCE ../ip/ip6/pooling.cpp:69 VARIABLE add_ln69 LOOP VITIS_LOOP_57_4_VITIS_LOOP_58_5 BUNDLEDNAME {} DSP 0 BRAM 0 URAM 0 DISPNAME {bind_op add}} {BINDTYPE op ID {} IMPL fabric LATENCY 0 OPTYPE add PRAGMA {} RTLNAME kw_1_fu_421_p2 SOURCE ../ip/ip6/pooling.cpp:58 VARIABLE kw_1 LOOP VITIS_LOOP_57_4_VITIS_LOOP_58_5 BUNDLEDNAME {} DSP 0 BRAM 0 URAM 0 DISPNAME {bind_op add}}} AREA {DSP 3 BRAM 0 URAM 0}} pooling_Pipeline_VITIS_LOOP_85_6_VITIS_LOOP_86_7 {BINDINFO {{BINDTYPE op ID {} IMPL fabric LATENCY 0 OPTYPE add PRAGMA {} RTLNAME h_in_fu_265_p2 SOURCE {D:/Xilinx/Vitis_HLS/2022.2/common/technology/autopilot\ap_int_base.h:1027} VARIABLE h_in LOOP VITIS_LOOP_85_6_VITIS_LOOP_86_7 BUNDLEDNAME {} DSP 0 BRAM 0 URAM 0 DISPNAME {bind_op add}} {BINDTYPE op ID {} IMPL fabric LATENCY 0 OPTYPE add PRAGMA {} RTLNAME add_ln1027_fu_291_p2 SOURCE {D:/Xilinx/Vitis_HLS/2022.2/common/technology/autopilot\ap_int_base.h:1027} VARIABLE add_ln1027 LOOP VITIS_LOOP_85_6_VITIS_LOOP_86_7 BUNDLEDNAME {} DSP 0 BRAM 0 URAM 0 DISPNAME {bind_op add}} {BINDTYPE op ID {} IMPL fabric LATENCY 0 OPTYPE add PRAGMA {} RTLNAME add_ln85_fu_306_p2 SOURCE ../ip/ip6/pooling.cpp:85 VARIABLE add_ln85 LOOP VITIS_LOOP_85_6_VITIS_LOOP_86_7 BUNDLEDNAME {} DSP 0 BRAM 0 URAM 0 DISPNAME {bind_op add}} {BINDTYPE op ID {} IMPL fabric LATENCY 0 OPTYPE add PRAGMA {} RTLNAME h_in_mid1_fu_316_p2 SOURCE {D:/Xilinx/Vitis_HLS/2022.2/common/technology/autopilot\ap_int_base.h:1027} VARIABLE h_in_mid1 LOOP VITIS_LOOP_85_6_VITIS_LOOP_86_7 BUNDLEDNAME {} DSP 0 BRAM 0 URAM 0 DISPNAME {bind_op add}} {BINDTYPE op ID {} IMPL dsp48 LATENCY 3 OPTYPE mul PRAGMA {} RTLNAME mul_mul_25s_16ns_32_4_1_U21 SOURCE {D:/Xilinx/Vitis_HLS/2022.2/common/technology/autopilot\ap_int_base.h:1027} VARIABLE mul_ln1027 LOOP VITIS_LOOP_85_6_VITIS_LOOP_86_7 BUNDLEDNAME {} DSP 1 BRAM 0 URAM 0 DISPNAME {bind_op mul}} {BINDTYPE op ID {} IMPL fabric LATENCY 0 OPTYPE add PRAGMA {} RTLNAME w_in_fu_391_p2 SOURCE ../ip/ip6/pooling.cpp:89 VARIABLE w_in LOOP VITIS_LOOP_85_6_VITIS_LOOP_86_7 BUNDLEDNAME {} DSP 0 BRAM 0 URAM 0 DISPNAME {bind_op add}} {BINDTYPE op ID {} IMPL fabric LATENCY 0 OPTYPE add PRAGMA {} RTLNAME add_ln1494_fu_413_p2 SOURCE {D:/Xilinx/Vitis_HLS/2022.2/common/technology/autopilot\ap_int_base.h:1494} VARIABLE add_ln1494 LOOP VITIS_LOOP_85_6_VITIS_LOOP_86_7 BUNDLEDNAME {} DSP 0 BRAM 0 URAM 0 DISPNAME {bind_op add}} {BINDTYPE op ID {} IMPL auto LATENCY 0 OPTYPE mul PRAGMA {} RTLNAME mul_32s_16ns_32_1_1_U20 SOURCE ../ip/ip6/pooling.cpp:94 VARIABLE mul_ln94 LOOP VITIS_LOOP_85_6_VITIS_LOOP_86_7 BUNDLEDNAME {} DSP 2 BRAM 0 URAM 0 DISPNAME {bind_op mul}} {BINDTYPE op ID {} IMPL fabric LATENCY 0 OPTYPE add PRAGMA {} RTLNAME in_offset_fu_451_p2 SOURCE ../ip/ip6/pooling.cpp:94 VARIABLE in_offset LOOP VITIS_LOOP_85_6_VITIS_LOOP_86_7 BUNDLEDNAME {} DSP 0 BRAM 0 URAM 0 DISPNAME {bind_op add}} {BINDTYPE op ID {} IMPL fabric LATENCY 0 OPTYPE add PRAGMA {} RTLNAME add_ln97_fu_467_p2 SOURCE ../ip/ip6/pooling.cpp:97 VARIABLE add_ln97 LOOP VITIS_LOOP_85_6_VITIS_LOOP_86_7 BUNDLEDNAME {} DSP 0 BRAM 0 URAM 0 DISPNAME {bind_op add}} {BINDTYPE op ID {} IMPL fulldsp LATENCY 4 OPTYPE fadd PRAGMA {} RTLNAME fadd_32ns_32ns_32_5_full_dsp_1_U19 SOURCE ../ip/ip6/pooling.cpp:97 VARIABLE sum_1 LOOP VITIS_LOOP_85_6_VITIS_LOOP_86_7 BUNDLEDNAME {} DSP 2 BRAM 0 URAM 0 DISPNAME {bind_op fadd}} {BINDTYPE op ID {} IMPL fabric LATENCY 0 OPTYPE add PRAGMA {} RTLNAME count_1_fu_418_p2 SOURCE ../ip/ip6/pooling.cpp:98 VARIABLE count_1 LOOP VITIS_LOOP_85_6_VITIS_LOOP_86_7 BUNDLEDNAME {} DSP 0 BRAM 0 URAM 0 DISPNAME {bind_op add}} {BINDTYPE op ID {} IMPL fabric LATENCY 0 OPTYPE add PRAGMA {} RTLNAME kw_fu_433_p2 SOURCE ../ip/ip6/pooling.cpp:86 VARIABLE kw LOOP VITIS_LOOP_85_6_VITIS_LOOP_86_7 BUNDLEDNAME {} DSP 0 BRAM 0 URAM 0 DISPNAME {bind_op add}}} AREA {DSP 5 BRAM 0 URAM 0}} pooling {BINDINFO {{BINDTYPE op ID {} IMPL fabric LATENCY 0 OPTYPE add PRAGMA {} RTLNAME add_ln1496_fu_318_p2 SOURCE {D:/Xilinx/Vitis_HLS/2022.2/common/technology/autopilot\ap_int_base.h:1496} VARIABLE add_ln1496 LOOP {} BUNDLEDNAME {} DSP 0 BRAM 0 URAM 0 DISPNAME {bind_op add}} {BINDTYPE op ID {} IMPL fabric LATENCY 0 OPTYPE sub PRAGMA {} RTLNAME grp_fu_342_p0 SOURCE {D:/Xilinx/Vitis_HLS/2022.2/common/technology/autopilot\ap_int_base.h:1513} VARIABLE sub_ln1513 LOOP {} BUNDLEDNAME {} DSP 0 BRAM 0 URAM 0 DISPNAME {bind_op sub}} {BINDTYPE op ID {} IMPL fabric LATENCY 0 OPTYPE add PRAGMA {} RTLNAME H_out_V_fu_403_p2 SOURCE {D:/Xilinx/Vitis_HLS/2022.2/common/technology/autopilot\ap_int_base.h:186} VARIABLE H_out_V LOOP {} BUNDLEDNAME {} DSP 0 BRAM 0 URAM 0 DISPNAME {bind_op add}} {BINDTYPE op ID {} IMPL fabric LATENCY 0 OPTYPE add PRAGMA {} RTLNAME add_ln1496_1_fu_352_p2 SOURCE {D:/Xilinx/Vitis_HLS/2022.2/common/technology/autopilot\ap_int_base.h:1496} VARIABLE add_ln1496_1 LOOP {} BUNDLEDNAME {} DSP 0 BRAM 0 URAM 0 DISPNAME {bind_op add}} {BINDTYPE op ID {} IMPL fabric LATENCY 0 OPTYPE sub PRAGMA {} RTLNAME grp_fu_368_p0 SOURCE {D:/Xilinx/Vitis_HLS/2022.2/common/technology/autopilot\ap_int_base.h:1513} VARIABLE sub_ln1513_1 LOOP {} BUNDLEDNAME {} DSP 0 BRAM 0 URAM 0 DISPNAME {bind_op sub}} {BINDTYPE op ID {} IMPL fabric LATENCY 0 OPTYPE add PRAGMA {} RTLNAME W_out_V_fu_413_p2 SOURCE {D:/Xilinx/Vitis_HLS/2022.2/common/technology/autopilot\ap_int_base.h:186} VARIABLE W_out_V LOOP {} BUNDLEDNAME {} DSP 0 BRAM 0 URAM 0 DISPNAME {bind_op add}} {BINDTYPE op ID {} IMPL auto LATENCY 0 OPTYPE mul PRAGMA {} RTLNAME mul_8ns_8ns_16_1_1_U40 SOURCE ../ip/ip6/pooling.cpp:15 VARIABLE mul_ln15 LOOP {} BUNDLEDNAME {} DSP 0 BRAM 0 URAM 0 DISPNAME {bind_op mul}} {BINDTYPE op ID {} IMPL dsp48 LATENCY 3 OPTYPE mul PRAGMA {} RTLNAME mul_mul_16ns_16ns_32_4_1_U43 SOURCE ../ip/ip6/pooling.cpp:15 VARIABLE mul_ln15_1 LOOP {} BUNDLEDNAME {} DSP 1 BRAM 0 URAM 0 DISPNAME {bind_op mul}} {BINDTYPE op ID {} IMPL auto LATENCY 0 OPTYPE mul PRAGMA {} RTLNAME mul_16ns_32ns_48_1_1_U41 SOURCE ../ip/ip6/pooling.cpp:15 VARIABLE mul_ln15_2 LOOP {} BUNDLEDNAME {} DSP 2 BRAM 0 URAM 0 DISPNAME {bind_op mul}} {BINDTYPE op ID {} IMPL dsp48 LATENCY 3 OPTYPE mul PRAGMA {} RTLNAME mul_mul_16ns_16ns_32_4_1_U44 SOURCE {D:/Xilinx/Vitis_HLS/2022.2/common/technology/autopilot\ap_int_base.h:1494} VARIABLE mul_ln1494 LOOP VITIS_LOOP_48_1_VITIS_LOOP_50_2_VITIS_LOOP_51_3 BUNDLEDNAME {} DSP 1 BRAM 0 URAM 0 DISPNAME {bind_op mul}} {BINDTYPE op ID {} IMPL dsp48 LATENCY 3 OPTYPE mul PRAGMA {} RTLNAME mul_mul_16ns_8ns_24_4_1_U45 SOURCE {D:/Xilinx/Vitis_HLS/2022.2/common/technology/autopilot\ap_int_base.h:1027} VARIABLE empty LOOP VITIS_LOOP_48_1_VITIS_LOOP_50_2_VITIS_LOOP_51_3 BUNDLEDNAME {} DSP 1 BRAM 0 URAM 0 DISPNAME {bind_op mul}} {BINDTYPE op ID {} IMPL fabric LATENCY 0 OPTYPE add PRAGMA {} RTLNAME add_ln1027_fu_481_p2 SOURCE {D:/Xilinx/Vitis_HLS/2022.2/common/technology/autopilot\ap_int_base.h:1027} VARIABLE add_ln1027 LOOP VITIS_LOOP_48_1_VITIS_LOOP_50_2_VITIS_LOOP_51_3 BUNDLEDNAME {} DSP 0 BRAM 0 URAM 0 DISPNAME {bind_op add}} {BINDTYPE op ID {} IMPL fabric LATENCY 0 OPTYPE add PRAGMA {} RTLNAME add_ln48_fu_594_p2 SOURCE ../ip/ip6/pooling.cpp:48 VARIABLE add_ln48 LOOP VITIS_LOOP_48_1_VITIS_LOOP_50_2_VITIS_LOOP_51_3 BUNDLEDNAME {} DSP 0 BRAM 0 URAM 0 DISPNAME {bind_op add}} {BINDTYPE op ID {} IMPL fabric LATENCY 0 OPTYPE add PRAGMA {} RTLNAME h_out_3_fu_513_p2 SOURCE ../ip/ip6/pooling.cpp:50 VARIABLE h_out_3 LOOP VITIS_LOOP_48_1_VITIS_LOOP_50_2_VITIS_LOOP_51_3 BUNDLEDNAME {} DSP 0 BRAM 0 URAM 0 DISPNAME {bind_op add}} {BINDTYPE op ID {} IMPL dsp48 LATENCY 3 OPTYPE mul PRAGMA {} RTLNAME mul_mul_16ns_16ns_32_4_1_U46 SOURCE {D:/Xilinx/Vitis_HLS/2022.2/common/technology/autopilot\ap_int_base.h:1494} VARIABLE mul_ln1494_1 LOOP VITIS_LOOP_48_1_VITIS_LOOP_50_2_VITIS_LOOP_51_3 BUNDLEDNAME {} DSP 1 BRAM 0 URAM 0 DISPNAME {bind_op mul}} {BINDTYPE op ID {} IMPL dsp48 LATENCY 3 OPTYPE mul PRAGMA {} RTLNAME mul_mul_16ns_8ns_24_4_1_U47 SOURCE {D:/Xilinx/Vitis_HLS/2022.2/common/technology/autopilot\ap_int_base.h:1027} VARIABLE p_mid1 LOOP VITIS_LOOP_48_1_VITIS_LOOP_50_2_VITIS_LOOP_51_3 BUNDLEDNAME {} DSP 1 BRAM 0 URAM 0 DISPNAME {bind_op mul}} {BINDTYPE op ID {} IMPL fabric LATENCY 0 OPTYPE sub PRAGMA {} RTLNAME sub_ln1027_fu_577_p2 SOURCE {D:/Xilinx/Vitis_HLS/2022.2/common/technology/autopilot\ap_int_base.h:1027} VARIABLE sub_ln1027 LOOP VITIS_LOOP_48_1_VITIS_LOOP_50_2_VITIS_LOOP_51_3 BUNDLEDNAME {} DSP 0 BRAM 0 URAM 0 DISPNAME {bind_op sub}} {BINDTYPE op ID {} IMPL dsp48 LATENCY 3 OPTYPE mul PRAGMA {} RTLNAME mac_mul_sub_16ns_8ns_8ns_25_4_1_U48 SOURCE {D:/Xilinx/Vitis_HLS/2022.2/common/technology/autopilot\ap_int_base.h:1495} VARIABLE mul_ln1495 LOOP VITIS_LOOP_48_1_VITIS_LOOP_50_2_VITIS_LOOP_51_3 BUNDLEDNAME {} DSP 1 BRAM 0 URAM 0 DISPNAME {bind_op mul}} {BINDTYPE op ID {} IMPL fabric LATENCY 0 OPTYPE add PRAGMA {} RTLNAME add_ln1494_fu_585_p2 SOURCE {D:/Xilinx/Vitis_HLS/2022.2/common/technology/autopilot\ap_int_base.h:1494} VARIABLE add_ln1494 LOOP VITIS_LOOP_48_1_VITIS_LOOP_50_2_VITIS_LOOP_51_3 BUNDLEDNAME {} DSP 0 BRAM 0 URAM 0 DISPNAME {bind_op add}} {BINDTYPE op ID {} IMPL auto LATENCY 0 OPTYPE mul PRAGMA {} RTLNAME mul_32s_16ns_32_1_1_U42 SOURCE ../ip/ip6/pooling.cpp:105 VARIABLE mul_ln105 LOOP VITIS_LOOP_48_1_VITIS_LOOP_50_2_VITIS_LOOP_51_3 BUNDLEDNAME {} DSP 2 BRAM 0 URAM 0 DISPNAME {bind_op mul}} {BINDTYPE op ID {} IMPL fabric LATENCY 0 OPTYPE add PRAGMA {} RTLNAME out_offset_fu_614_p2 SOURCE ../ip/ip6/pooling.cpp:105 VARIABLE out_offset LOOP VITIS_LOOP_48_1_VITIS_LOOP_50_2_VITIS_LOOP_51_3 BUNDLEDNAME {} DSP 0 BRAM 0 URAM 0 DISPNAME {bind_op add}} {BINDTYPE op ID {} IMPL fabric LATENCY 0 OPTYPE add PRAGMA {} RTLNAME add_ln106_fu_631_p2 SOURCE ../ip/ip6/pooling.cpp:106 VARIABLE add_ln106 LOOP VITIS_LOOP_48_1_VITIS_LOOP_50_2_VITIS_LOOP_51_3 BUNDLEDNAME {} DSP 0 BRAM 0 URAM 0 DISPNAME {bind_op add}} {BINDTYPE op ID {} IMPL dsp48 LATENCY 3 OPTYPE sub PRAGMA {} RTLNAME mac_mul_sub_16ns_8ns_8ns_25_4_1_U48 SOURCE {D:/Xilinx/Vitis_HLS/2022.2/common/technology/autopilot\ap_int_base.h:1496} VARIABLE sub_ln1496 LOOP VITIS_LOOP_48_1_VITIS_LOOP_50_2_VITIS_LOOP_51_3 BUNDLEDNAME {} DSP 1 BRAM 0 URAM 0 DISPNAME {bind_op sub}} {BINDTYPE op ID {} IMPL fabric LATENCY 11 OPTYPE fdiv PRAGMA {} RTLNAME fdiv_32ns_32ns_32_12_no_dsp_1_U36 SOURCE ../ip/ip6/pooling.cpp:104 VARIABLE div LOOP VITIS_LOOP_48_1_VITIS_LOOP_50_2_VITIS_LOOP_51_3 BUNDLEDNAME {} DSP 0 BRAM 0 URAM 0 DISPNAME {bind_op fdiv}} {BINDTYPE op ID {} IMPL fabric LATENCY 0 OPTYPE add PRAGMA {} RTLNAME w_out_fu_663_p2 SOURCE ../ip/ip6/pooling.cpp:51 VARIABLE w_out LOOP VITIS_LOOP_48_1_VITIS_LOOP_50_2_VITIS_LOOP_51_3 BUNDLEDNAME {} DSP 0 BRAM 0 URAM 0 DISPNAME {bind_op add}} {BINDTYPE op ID {} IMPL fabric LATENCY 0 OPTYPE add PRAGMA {} RTLNAME add_ln1027_1_fu_668_p2 SOURCE {D:/Xilinx/Vitis_HLS/2022.2/common/technology/autopilot\ap_int_base.h:1027} VARIABLE add_ln1027_1 LOOP VITIS_LOOP_48_1_VITIS_LOOP_50_2_VITIS_LOOP_51_3 BUNDLEDNAME {} DSP 0 BRAM 0 URAM 0 DISPNAME {bind_op add}}} AREA {DSP 18 BRAM 0 URAM 0}}}}'
INFO-FLOW: DBG:PUTS:      update_csynth_reports json2rpt_hw_sw_interfaces
INFO-FLOW: Running: gen_csynth_sec_pragma
INFO-FLOW: Done: gen_csynth_sec_pragma time: 0 seconds per iteration
INFO-FLOW: DBG:PUTS:      update_csynth_reports wrote xml
INFO-FLOW: DBG:PUTS:      update_csynth_reports appended to csynth rpt file
INFO: [HLS 200-111] Finished Updating report files: CPU user time: 1 seconds. CPU system time: 1 seconds. Elapsed time: 1.566 seconds; current allocated memory: 557.848 MB.
INFO: [VHDL 208-304] Generating VHDL RTL for pooling.
INFO: [VLOG 209-307] Generating Verilog RTL for pooling.
Execute       syn_report -model pooling -printsummary 
INFO: [HLS 200-790] **** Loop Constraint Status: All loop constraints were NOT satisfied.
INFO: [HLS 200-789] **** Estimated Fmax: 136.99 MHz
Command     autosyn done; 9.538 sec.
Command   csynth_design done; 38.756 sec.
INFO: [HLS 200-111] Finished Command csynth_design CPU user time: 7 seconds. CPU system time: 2 seconds. Elapsed time: 38.756 seconds; current allocated memory: 0.000 MB.
Command ap_source done; 52.172 sec.
Execute cleanup_all 
INFO-FLOW: Workspace C:/Users/11400/Desktop/shuffletest/HLS/ip8/solution1 opened at Tue Nov 04 14:33:19 +0800 2025
Execute     ap_set_clock -name default -period 10 -default=false 
INFO: [SYN 201-201] Setting up clock 'default' with a period of 10ns.
Execute     set_part xc7z020clg400-2 
Execute       create_platform xc7z020clg400-2 -board  
DBG:HLSDevice: Trying to load device library: D:/Xilinx/Vitis_HLS/2022.2\lib\win64.o\xv_hlsvwrap.dll
DBG:HLSDevice: first parts/arch.xml in RDI_DATADIR: D:/Xilinx/Vivado/2022.2/data/parts/arch.xml
DBG:HLSDevice: init success
INFO: [HLS 200-1611] Setting target device to 'xc7z020-clg400-2'
Command       create_platform done; 2.665 sec.
Execute       source D:/Xilinx/Vitis_HLS/2022.2/common/technology/xilinx/common/xilinx.gen 
Execute         source D:/Xilinx/Vitis_HLS/2022.2/common/technology/xilinx/interface/plb46.gen 
Execute         source D:/Xilinx/Vitis_HLS/2022.2/common/technology/xilinx/interface/axi4.gen 
Execute         source D:/Xilinx/Vitis_HLS/2022.2/common/technology/xilinx/interface/nativeAXI4.gen 
Execute           source D:/Xilinx/Vitis_HLS/2022.2/common/technology/xilinx/interface/saxilite.gen 
Execute         source D:/Xilinx/Vitis_HLS/2022.2/common/technology/xilinx/scripts/xilinxcoregen.gen 
Execute         source D:/Xilinx/Vitis_HLS/2022.2/common/technology/xilinx/interface/XilEDKCoreGen.gen 
Execute         source D:/Xilinx/Vitis_HLS/2022.2/common/technology/xilinx/ip/dds_compiler.gen 
Execute         source D:/Xilinx/Vitis_HLS/2022.2/common/technology/xilinx/ip/util.gen 
Execute         source D:/Xilinx/Vitis_HLS/2022.2/common/technology/xilinx/ip/xfft.gen 
Execute         source D:/Xilinx/Vitis_HLS/2022.2/common/technology/xilinx/ip/xfir.gen 
Execute         source D:/Xilinx/Vitis_HLS/2022.2/common/technology/xilinx/DSP48/dsp48.gen 
Command       ap_source done; 0.121 sec.
Execute       ap_part_info -name xc7z020-clg400-2 -data info 
Execute       config_compile -quiet -complex-mul-dsp=0 
Command     set_part done; 2.864 sec.
Execute     send_msg_by_id INFO @200-1505@%s%s  vivado 
INFO: [HLS 200-1505] Using flow_target 'vivado'
Execute     send_msg_by_id INFO @200-1464@%s config_export -format=ip_catalog 
INFO: [HLS 200-1464] Running solution command: config_export -format=ip_catalog
Execute     config_export -format=ip_catalog 
Execute     send_msg_by_id INFO @200-1464@%s config_export -rtl=verilog 
INFO: [HLS 200-1464] Running solution command: config_export -rtl=verilog
Execute     config_export -rtl=verilog 
Command   open_solution done; 3.002 sec.
Execute   set_part xc7z020clg400-2 
INFO: [HLS 200-1510] Running: set_part xc7z020clg400-2 
Execute     create_platform xc7z020clg400-2 -board  
Execute     source D:/Xilinx/Vitis_HLS/2022.2/common/technology/xilinx/common/xilinx.gen 
Execute       source D:/Xilinx/Vitis_HLS/2022.2/common/technology/xilinx/interface/plb46.gen 
Execute       source D:/Xilinx/Vitis_HLS/2022.2/common/technology/xilinx/interface/axi4.gen 
Execute       source D:/Xilinx/Vitis_HLS/2022.2/common/technology/xilinx/interface/nativeAXI4.gen 
Execute         source D:/Xilinx/Vitis_HLS/2022.2/common/technology/xilinx/interface/saxilite.gen 
Execute       source D:/Xilinx/Vitis_HLS/2022.2/common/technology/xilinx/scripts/xilinxcoregen.gen 
Execute       source D:/Xilinx/Vitis_HLS/2022.2/common/technology/xilinx/interface/XilEDKCoreGen.gen 
Execute       source D:/Xilinx/Vitis_HLS/2022.2/common/technology/xilinx/ip/dds_compiler.gen 
Execute       source D:/Xilinx/Vitis_HLS/2022.2/common/technology/xilinx/ip/util.gen 
Execute       source D:/Xilinx/Vitis_HLS/2022.2/common/technology/xilinx/ip/xfft.gen 
Execute       source D:/Xilinx/Vitis_HLS/2022.2/common/technology/xilinx/ip/xfir.gen 
Execute       source D:/Xilinx/Vitis_HLS/2022.2/common/technology/xilinx/DSP48/dsp48.gen 
Execute     ap_part_info -name xc7z020-clg400-2 -data info 
Execute     config_compile -quiet -complex-mul-dsp=0 
Command   set_part done; 0.163 sec.
Execute   create_clock -period 10 -name default 
INFO: [HLS 200-1510] Running: create_clock -period 10 -name default 
Execute     ap_set_clock -name default -period 10 -default=false 
INFO: [SYN 201-201] Setting up clock 'default' with a period of 10ns.
Execute   config_export -format ip_catalog -rtl verilog 
INFO: [HLS 200-1510] Running: config_export -format ip_catalog -rtl verilog 
Execute   source ./ip8/solution1/directives.tcl 
INFO: [HLS 200-1510] Running: source ./ip8/solution1/directives.tcl
Execute     set_directive_top -name pooling pooling 
INFO: [HLS 200-1510] Running: set_directive_top -name pooling pooling 
Execute   export_design -rtl verilog -format ip_catalog 
INFO: [HLS 200-1510] Running: export_design -rtl verilog -format ip_catalog 
Execute     config_export -format=ip_catalog -rtl=verilog 
INFO-FLOW: DBG:PUTS: export_design_wrap: -format ip_catalog -rtl verilog
Execute     source C:/Users/11400/Desktop/shuffletest/HLS/ip8/solution1/.autopilot/db/global.setting.tcl 
INFO-FLOW: DBG:PUTS:   auto_impl: pack: -export -rtl verilog
INFO-FLOW: DBG:PROC: ::AESL_AUTOIMPL::auto_impl args='-export -rtl verilog'
Execute     source C:/Users/11400/Desktop/shuffletest/HLS/ip8/solution1/.autopilot/db/global.setting.tcl 
INFO: [IMPL 213-8] Exporting RTL as a Vivado IP.
Execute     source C:/Users/11400/Desktop/shuffletest/HLS/ip8/solution1/.autopilot/db/global.setting.tcl 
INFO-FLOW: DBG:PUTS: automg_wrap -export -pcore_version 1.00.a -rtl vlog -tool Vivado -impltomg_flag
INFO-FLOW: DBG:PROC: ::AESL_AUTOMG::auto_generate args='-export -pcore_version 1.00.a -rtl vlog -tool Vivado -impltomg_flag'
INFO-FLOW: DBG:PUTS:     auto_generate -export -pcore_version 1.00.a -rtl vlog -tool Vivado -impltomg_flag
Execute     source C:/Users/11400/Desktop/shuffletest/HLS/ip8/solution1/.autopilot/db/global.setting.tcl 
INFO-FLOW: DBG:PUTS: read_platform_lib C:/Users/11400/Desktop/shuffletest/HLS/ip8/solution1/.autopilot/db/global.setting.tcl
Execute     source D:/Xilinx/Vitis_HLS/2022.2/common/technology/generic/autopilot/common.gen 
Execute       source D:/Xilinx/Vitis_HLS/2022.2/common/technology/generic/autopilot/APCoreGen.gen 
Execute     source D:/Xilinx/Vitis_HLS/2022.2/common/technology/generic/autopilot/op.gen 
Execute     source D:/Xilinx/Vitis_HLS/2022.2/common/technology/generic/autopilot/op_simcore.gen 
Execute     source D:/Xilinx/Vitis_HLS/2022.2/common/technology/generic/autopilot/interface.gen 
Execute     source C:/Users/11400/Desktop/shuffletest/HLS/ip8/solution1/.autopilot/db/global.setting.tcl 
Execute     source D:/Xilinx/Vitis_HLS/2022.2/common/technology/xilinx/common/xilinx.gen 
Execute       source D:/Xilinx/Vitis_HLS/2022.2/common/technology/xilinx/interface/plb46.gen 
Execute       source D:/Xilinx/Vitis_HLS/2022.2/common/technology/xilinx/interface/axi4.gen 
Execute       source D:/Xilinx/Vitis_HLS/2022.2/common/technology/xilinx/interface/nativeAXI4.gen 
Execute         source D:/Xilinx/Vitis_HLS/2022.2/common/technology/xilinx/interface/saxilite.gen 
Execute       source D:/Xilinx/Vitis_HLS/2022.2/common/technology/xilinx/scripts/xilinxcoregen.gen 
Execute       source D:/Xilinx/Vitis_HLS/2022.2/common/technology/xilinx/interface/XilEDKCoreGen.gen 
Execute       source D:/Xilinx/Vitis_HLS/2022.2/common/technology/xilinx/ip/dds_compiler.gen 
Execute       source D:/Xilinx/Vitis_HLS/2022.2/common/technology/xilinx/ip/util.gen 
Execute       source D:/Xilinx/Vitis_HLS/2022.2/common/technology/xilinx/ip/xfft.gen 
Command       ap_source done; 0.139 sec.
Execute       source D:/Xilinx/Vitis_HLS/2022.2/common/technology/xilinx/ip/xfir.gen 
Execute       source D:/Xilinx/Vitis_HLS/2022.2/common/technology/xilinx/DSP48/dsp48.gen 
Command     ap_source done; 0.201 sec.
INFO-FLOW: DBG:PUTS:   using AESL_AUTOCG::g_clock_period=10.000 (was NA)
INFO-FLOW: DBG:PUTS:       initCTypeInfo top_module=pooling xml_exists=0
Execute     source C:/Users/11400/Desktop/shuffletest/HLS/ip8/solution1/.autopilot/db/pooling.rtl_wrap.cfg.tcl 
Execute     source C:/Users/11400/Desktop/shuffletest/HLS/ip8/solution1/.autopilot/db/pooling.rtl_wrap.cfg.tcl 
Execute     source C:/Users/11400/Desktop/shuffletest/HLS/ip8/solution1/.autopilot/db/pooling.rtl_wrap.cfg.tcl 
Execute     source C:/Users/11400/Desktop/shuffletest/HLS/ip8/solution1/.autopilot/db/pooling.tbgen.tcl 
Execute     source C:/Users/11400/Desktop/shuffletest/HLS/ip8/solution1/.autopilot/db/pooling.tbgen.tcl 
Execute     source C:/Users/11400/Desktop/shuffletest/HLS/ip8/solution1/.autopilot/db/global.setting.tcl 
Execute     source C:/Users/11400/Desktop/shuffletest/HLS/ip8/solution1/.autopilot/db/pooling.tbgen.tcl 
INFO-FLOW: DBG:PUTS:       cosim_export_main adding deadlock detection to pooling
INFO-FLOW: DBG:PUTS: Skipping loadAnalyze_DB, #g_database=10
INFO-FLOW: DBG:PUTS:       generate_json generate_bd_files=0 generate_xo_files=false #modelList=19 #gSsdmPorts=0
INFO-FLOW: DBG:PROC: ::AP::DESIGN_DATA::generate_json generate_bd_files='0' generate_xo_files='false' modelList='pooling_fcmp_32ns_32ns_1_2_no_dsp_1
pooling_mul_32s_16ns_32_1_1
pooling_mul_mul_25s_16ns_32_4_1
pooling_flow_control_loop_pipe_sequential_init
pooling_fadd_32ns_32ns_32_5_full_dsp_1
pooling_flow_control_loop_pipe_sequential_init
pooling_fdiv_32ns_32ns_32_12_no_dsp_1
pooling_sitofp_32ns_32_5_no_dsp_1
pooling_sdiv_18ns_9ns_16_22_seq_1
pooling_mul_8ns_8ns_16_1_1
pooling_mul_16ns_32ns_48_1_1
pooling_mul_mul_16ns_16ns_32_4_1
pooling_mul_mul_16ns_8ns_24_4_1
pooling_mac_mul_sub_16ns_8ns_8ns_25_4_1
pooling_gmem0_m_axi
pooling_control_s_axi
pooling_Pipeline_VITIS_LOOP_57_4_VITIS_LOOP_58_5
pooling_Pipeline_VITIS_LOOP_85_6_VITIS_LOOP_86_7
pooling
' rtl_lang='vlog' bootstrap_tcl='false' outdir='' outfilename=''
Execute     source D:/Xilinx/Vitis_HLS/2022.2/tps/tcl/tcllib1.11.1/yaml/huddle.tcl 
Execute     source D:/Xilinx/Vitis_HLS/2022.2/tps/tcl/tcllib1.11.1/yaml/json2huddle.tcl 
Execute     source C:/Users/11400/Desktop/shuffletest/HLS/ip8/solution1/.autopilot/db/global.setting.tcl 
Execute     source C:/Users/11400/Desktop/shuffletest/HLS/ip8/solution1/.autopilot/db/global.setting.tcl 
Execute     source C:/Users/11400/Desktop/shuffletest/HLS/ip8/solution1/.autopilot/db/top-io-be.tcl 
Execute     source C:/Users/11400/Desktop/shuffletest/HLS/ip8/solution1/.autopilot/db/pooling.tbgen.tcl 
Execute     source C:/Users/11400/Desktop/shuffletest/HLS/ip8/solution1/.autopilot/db/pooling.compgen.dataonly.tcl 
Execute     source C:/Users/11400/Desktop/shuffletest/HLS/ip8/solution1/.autopilot/db/pooling.compgen.dataonly.tcl 
Execute     source C:/Users/11400/Desktop/shuffletest/HLS/ip8/solution1/.autopilot/db/pooling.rtl_wrap.cfg.tcl 
Execute     source C:/Users/11400/Desktop/shuffletest/HLS/ip8/solution1/.autopilot/db/pooling.compgen.dataonly.tcl 
Execute     source C:/Users/11400/Desktop/shuffletest/HLS/ip8/solution1/.autopilot/db/pooling_Pipeline_VITIS_LOOP_57_4_VITIS_LOOP_58_5.tbgen.tcl 
Execute     source C:/Users/11400/Desktop/shuffletest/HLS/ip8/solution1/.autopilot/db/pooling_Pipeline_VITIS_LOOP_85_6_VITIS_LOOP_86_7.tbgen.tcl 
Execute     source C:/Users/11400/Desktop/shuffletest/HLS/ip8/solution1/.autopilot/db/pooling.tbgen.tcl 
Execute     source C:/Users/11400/Desktop/shuffletest/HLS/ip8/solution1/.autopilot/db/global.setting.tcl 
Execute     ap_part_info -name xc7z020-clg400-2 -data names -quiet 
Execute     ap_part_info -name xc7z020-clg400-2 -data info -quiet 
Execute     source C:/Users/11400/Desktop/shuffletest/HLS/ip8/solution1/.autopilot/db/pooling.constraint.tcl 
Execute     sc_get_clocks pooling 
Execute     source C:/Users/11400/Desktop/shuffletest/HLS/ip8/solution1/.autopilot/db/global.setting.tcl 
Execute     source C:/Users/11400/Desktop/shuffletest/HLS/ip8/solution1/impl/misc/pooling_fadd_32ns_32ns_32_5_full_dsp_1_ip.tcl 
Execute     source C:/Users/11400/Desktop/shuffletest/HLS/ip8/solution1/impl/misc/pooling_fcmp_32ns_32ns_1_2_no_dsp_1_ip.tcl 
Execute     source C:/Users/11400/Desktop/shuffletest/HLS/ip8/solution1/impl/misc/pooling_fdiv_32ns_32ns_32_12_no_dsp_1_ip.tcl 
Execute     source C:/Users/11400/Desktop/shuffletest/HLS/ip8/solution1/impl/misc/pooling_sitofp_32ns_32_5_no_dsp_1_ip.tcl 
Execute     source C:/Users/11400/Desktop/shuffletest/HLS/ip8/solution1/.autopilot/db/global.setting.tcl 
Execute     source C:/Users/11400/Desktop/shuffletest/HLS/ip8/solution1/.autopilot/db/pooling.tbgen.tcl 
INFO-FLOW: DBG:PUTS:       cosim_export_main adding deadlock detection to pooling
INFO-FLOW: DBG:PUTS:       copy ip_driver_dir 1_0 C:/Users/11400/Desktop/shuffletest/HLS/ip8/solution1/.autopilot/db/driver
INFO-FLOW: DBG:PUTS:       generate_ip_script #gSsdmPorts=0 g_lang=vlog is_sdaccel=false is_sdsoc=true xo_file=
Execute     ap_part_info -name xc7z020-clg400-2 -data names -quiet 
Execute     ap_part_info -name xc7z020-clg400-2 -data info -quiet 
Execute     ap_part_info -name xc7z020-clg400-2 -data names -quiet 
Execute     ap_part_info -name xc7z020-clg400-2 -data info -quiet 
Execute     source C:/Users/11400/Desktop/shuffletest/HLS/ip8/solution1/.autopilot/db/pooling.tbgen.tcl 
Execute     source C:/Users/11400/Desktop/shuffletest/HLS/ip8/solution1/.autopilot/db/pooling.compgen.dataonly.tcl 
Execute     source C:/Users/11400/Desktop/shuffletest/HLS/ip8/solution1/.autopilot/db/pooling.compgen.dataonly.tcl 
Execute     source C:/Users/11400/Desktop/shuffletest/HLS/ip8/solution1/.autopilot/db/global.setting.tcl 
INFO-FLOW: DBG:PUTS:       generate_top_info
INFO-FLOW: DBG:PUTS:       prepArgInfo -> loadAnalyze_DB top_module=pooling
Execute     source C:/Users/11400/Desktop/shuffletest/HLS/ip8/solution1/.autopilot/db/pooling.rtl_wrap.cfg.tcl 
Execute     source C:/Users/11400/Desktop/shuffletest/HLS/ip8/solution1/.autopilot/db/pooling.rtl_wrap.cfg.tcl 
Execute     source C:/Users/11400/Desktop/shuffletest/HLS/ip8/solution1/.autopilot/db/pooling.rtl_wrap.cfg.tcl 
Execute     source C:/Users/11400/Desktop/shuffletest/HLS/ip8/solution1/.autopilot/db/pooling.tbgen.tcl 
Execute     source C:/Users/11400/Desktop/shuffletest/HLS/ip8/solution1/.autopilot/db/pooling.tbgen.tcl 
Execute     ap_part_info -name xc7z020-clg400-2 -data names -quiet 
Execute     ap_part_info -name xc7z020-clg400-2 -data info -quiet 
Execute     source C:/Users/11400/Desktop/shuffletest/HLS/ip8/solution1/.autopilot/db/global.setting.tcl 
Execute     ap_part_info -name xc7z020-clg400-2 -data names -quiet 
Execute     ap_part_info -name xc7z020-clg400-2 -data info -quiet 
Execute     ap_part_info -name xc7z020-clg400-2 -data names -quiet 
Execute     ap_part_info -name xc7z020-clg400-2 -data info -quiet 
Execute     source C:/Users/11400/Desktop/shuffletest/HLS/ip8/solution1/.autopilot/db/pooling.tbgen.tcl 
Execute     source C:/Users/11400/Desktop/shuffletest/HLS/ip8/solution1/.autopilot/db/global.setting.tcl 
Execute     source C:/Users/11400/Desktop/shuffletest/HLS/ip8/solution1/.autopilot/db/pooling.constraint.tcl 
INFO-FLOW: DBG:PUTS:       generate_ipi_example_script
Execute     ap_part_info -name xc7z020-clg400-2 -data names -quiet 
Execute     ap_part_info -name xc7z020-clg400-2 -data info -quiet 
Command     ap_part_info done; 0.137 sec.
Execute     ap_part_info -name xc7z020-clg400-2 -data names -quiet 
Execute     ap_part_info -name xc7z020-clg400-2 -data info -quiet 
Command     ap_part_info done; 0.217 sec.
INFO-FLOW: DBG:PUTS:       generate_syn_sh
Execute     ap_part_info -name xc7z020-clg400-2 -data names -quiet 
Execute     ap_part_info -name xc7z020-clg400-2 -data info -quiet 
Command     ap_part_info done; 0.223 sec.
Execute     source C:/Users/11400/Desktop/shuffletest/HLS/ip8/solution1/.autopilot/db/global.setting.tcl 
INFO-FLOW: DBG:PUTS:       generate_imp_constraints
Execute     ap_part_info -name xc7z020-clg400-2 -data names -quiet 
Execute     ap_part_info -name xc7z020-clg400-2 -data info -quiet 
Execute     source C:/Users/11400/Desktop/shuffletest/HLS/ip8/solution1/.autopilot/db/pooling.constraint.tcl 
Execute     source C:/Users/11400/Desktop/shuffletest/HLS/ip8/solution1/.autopilot/db/pooling.tbgen.tcl 
INFO-FLOW: DBG:PUTS:       delete-temp-dirs (skipped for debug)
Execute     ap_part_info -name xc7z020-clg400-2 -data names -quiet 
Execute     ap_part_info -name xc7z020-clg400-2 -data info -quiet 
INFO-FLOW: DBG:PUTS: read_platform_lib C:/Users/11400/Desktop/shuffletest/HLS/ip8/solution1/.autopilot/db/global.setting.tcl
Execute     source D:/Xilinx/Vitis_HLS/2022.2/common/technology/generic/autopilot/common.gen 
Execute       source D:/Xilinx/Vitis_HLS/2022.2/common/technology/generic/autopilot/APCoreGen.gen 
Execute     source D:/Xilinx/Vitis_HLS/2022.2/common/technology/generic/autopilot/op.gen 
Execute     source D:/Xilinx/Vitis_HLS/2022.2/common/technology/generic/autopilot/op_simcore.gen 
Execute     source D:/Xilinx/Vitis_HLS/2022.2/common/technology/generic/autopilot/interface.gen 
Execute     source C:/Users/11400/Desktop/shuffletest/HLS/ip8/solution1/.autopilot/db/global.setting.tcl 
Execute     source D:/Xilinx/Vitis_HLS/2022.2/common/technology/xilinx/common/xilinx.gen 
Execute       source D:/Xilinx/Vitis_HLS/2022.2/common/technology/xilinx/interface/plb46.gen 
Execute       source D:/Xilinx/Vitis_HLS/2022.2/common/technology/xilinx/interface/axi4.gen 
Execute       source D:/Xilinx/Vitis_HLS/2022.2/common/technology/xilinx/interface/nativeAXI4.gen 
Execute         source D:/Xilinx/Vitis_HLS/2022.2/common/technology/xilinx/interface/saxilite.gen 
Execute       source D:/Xilinx/Vitis_HLS/2022.2/common/technology/xilinx/scripts/xilinxcoregen.gen 
Execute       source D:/Xilinx/Vitis_HLS/2022.2/common/technology/xilinx/interface/XilEDKCoreGen.gen 
Execute       source D:/Xilinx/Vitis_HLS/2022.2/common/technology/xilinx/ip/dds_compiler.gen 
Execute       source D:/Xilinx/Vitis_HLS/2022.2/common/technology/xilinx/ip/util.gen 
Execute       source D:/Xilinx/Vitis_HLS/2022.2/common/technology/xilinx/ip/xfft.gen 
Command       ap_source done; 0.154 sec.
Execute       source D:/Xilinx/Vitis_HLS/2022.2/common/technology/xilinx/ip/xfir.gen 
Execute       source D:/Xilinx/Vitis_HLS/2022.2/common/technology/xilinx/DSP48/dsp48.gen 
Command     ap_source done; 0.221 sec.
INFO-FLOW: DBG:PUTS:     IP package: exec C:/Users/11400/Desktop/shuffletest/HLS/ip8/solution1/impl/ip/pack.bat
INFO-FLOW: DBG:PUTS:     IP package: success C:/Users/11400/Desktop/shuffletest/HLS/ip8/solution1/impl/ip/pack.bat
Execute     send_msg_by_id INFO @200-802@%s ip8/solution1/impl/export.zip 
INFO: [HLS 200-802] Generated output file ip8/solution1/impl/export.zip
Command   export_design done; 66.604 sec.
INFO: [HLS 200-111] Finished Command export_design CPU user time: 3 seconds. CPU system time: 1 seconds. Elapsed time: 66.605 seconds; current allocated memory: 9.621 MB.
Command ap_source done; 79.912 sec.
Execute cleanup_all 
