

================================================================
== Vitis HLS Report for 'shufflenet_block'
================================================================
* Date:           Thu Oct 30 14:51:57 2025

* Version:        2022.2 (Build 3670227 on Oct 13 2022)
* Project:        ip2
* Solution:       solution1 (Vivado IP Flow Target)
* Product family: zynq
* Target device:  xc7z020-clg400-2


================================================================
== Performance Estimates
================================================================
+ Timing: 
    * Summary: 
    +--------+----------+----------+------------+
    |  Clock |  Target  | Estimated| Uncertainty|
    +--------+----------+----------+------------+
    |ap_clk  |  10.00 ns|  7.300 ns|     2.70 ns|
    +--------+----------+----------+------------+

+ Latency: 
    * Summary: 
    +---------+---------+----------+----------+-----+-----+---------+
    |  Latency (cycles) |  Latency (absolute) |  Interval | Pipeline|
    |   min   |   max   |    min   |    max   | min | max |   Type  |
    +---------+---------+----------+----------+-----+-----+---------+
    |        ?|        ?|         ?|         ?|    ?|    ?|       no|
    +---------+---------+----------+----------+-----+-----+---------+

    + Detail: 
        * Instance: 
        N/A

        * Loop: 
        +---------------------------------------+---------+-------------+-----------------+-----------+-----------+--------------+----------+
        |                                       |    Latency (cycles)   |    Iteration    |  Initiation Interval  |     Trip     |          |
        |               Loop Name               |   min   |     max     |     Latency     |  achieved |   target  |     Count    | Pipelined|
        +---------------------------------------+---------+-------------+-----------------+-----------+-----------+--------------+----------+
        |- VITIS_LOOP_188_4_VITIS_LOOP_189_5    |        ?|            ?|                ?|          -|          -|  0 ~ 33553920|        no|
        | + VITIS_LOOP_193_6                    |        ?|            ?|  5 ~ 27917582344|          -|          -|             ?|        no|
        |  ++ VITIS_LOOP_196_7                  |       24|  27917582325|      24 ~ 425995|          -|          -|     1 ~ 65535|        no|
        |   +++ VITIS_LOOP_200_8                |        0|       425971|               13|          -|          -|     0 ~ 32767|        no|
        |- VITIS_LOOP_228_9_VITIS_LOOP_229_10   |        ?|            ?|                ?|          -|          -|  0 ~ 33553920|        no|
        | + VITIS_LOOP_233_11                   |        ?|            ?|                ?|          -|          -|      0 ~ 4095|        no|
        |  ++ VITIS_LOOP_236_12                 |        ?|            ?|         27 ~ 112|          -|          -|             ?|        no|
        |- VITIS_LOOP_309_16_VITIS_LOOP_310_17  |        ?|            ?|                ?|          -|          -|  0 ~ 33553920|        no|
        | + VITIS_LOOP_314_18                   |        ?|            ?|                ?|          -|          -|     0 ~ 16383|        no|
        |  ++ VITIS_LOOP_318_19                 |        ?|            ?|                9|          -|          -|             ?|        no|
        |  ++ VITIS_LOOP_324_20                 |        ?|            ?|                ?|          -|          -|             ?|        no|
        |   +++ VITIS_LOOP_327_21               |        ?|            ?|                ?|          -|          -|             ?|        no|
        |    ++++ VITIS_LOOP_333_22             |        ?|            ?|               20|          -|          -|             ?|        no|
        |  ++ VITIS_LOOP_342_23                 |        ?|            ?|               30|          -|          -|             ?|        no|
        |- VITIS_LOOP_372_24_VITIS_LOOP_373_25  |        ?|            ?|                ?|          -|          -|  0 ~ 33553920|        no|
        | + VITIS_LOOP_377_26                   |        ?|            ?|                ?|          -|          -|      0 ~ 2047|        no|
        |  ++ VITIS_LOOP_382_27                 |        ?|            ?|               11|          -|          -|             ?|        no|
        |  ++ VITIS_LOOP_388_28                 |        ?|            ?|          38 ~ 45|          -|          -|             ?|        no|
        +---------------------------------------+---------+-------------+-----------------+-----------+-----------+--------------+----------+

============================================================
+ Verbose Summary: Synthesis Manager
============================================================
InlineROM: 1
ExposeGlobal: 0
============================================================
+ Verbose Summary: CDFG Model
============================================================
IsTopModel: 1
ResetActiveHigh: 1
IsCombinational: 0
IsDatapathOnly: 0
HasWiredReturn: 1
HasMFsm: 0
HasVarLatency: 1
IsPipeline: 0
IsRtlPipelined: 0
IsInstanceOverlapped: 0
IsDontTouch: 0
HasImplIP: 0
IsGatedGlobalClock: 0


============================================================
+ Verbose Summary: Schedule
============================================================
* Number of FSM states : 352
* Pipeline : 0
* Dataflow Pipeline: 0

* FSM state transitions: 
1 --> 2 
2 --> 3 
3 --> 4 
4 --> 5 
5 --> 6 
6 --> 7 
7 --> 8 65 
8 --> 9 
9 --> 10 
10 --> 11 
11 --> 12 7 
12 --> 13 
13 --> 14 
14 --> 15 29 
15 --> 16 
16 --> 17 
17 --> 18 
18 --> 19 
19 --> 20 
20 --> 21 
21 --> 22 
22 --> 23 
23 --> 24 
24 --> 25 
25 --> 26 
26 --> 27 
27 --> 28 
28 --> 29 
29 --> 30 11 
30 --> 31 43 
31 --> 32 
32 --> 33 
33 --> 34 
34 --> 35 
35 --> 36 
36 --> 37 
37 --> 38 
38 --> 39 
39 --> 40 
40 --> 41 
41 --> 42 
42 --> 30 
43 --> 44 
44 --> 45 
45 --> 46 
46 --> 47 
47 --> 48 
48 --> 49 
49 --> 50 
50 --> 51 
51 --> 52 
52 --> 53 
53 --> 54 
54 --> 55 
55 --> 56 
56 --> 57 
57 --> 58 
58 --> 59 
59 --> 60 
60 --> 61 
61 --> 62 
62 --> 63 
63 --> 64 
64 --> 29 
65 --> 66 
66 --> 67 
67 --> 68 
68 --> 69 
69 --> 70 
70 --> 71 
71 --> 72 
72 --> 73 
73 --> 74 
74 --> 75 
75 --> 76 
76 --> 77 211 
77 --> 78 
78 --> 79 76 
79 --> 80 
80 --> 81 
81 --> 82 
82 --> 83 
83 --> 84 
84 --> 85 
85 --> 86 
86 --> 87 
87 --> 88 
88 --> 89 
89 --> 90 
90 --> 91 
91 --> 92 
92 --> 93 
93 --> 94 
94 --> 95 
95 --> 96 
96 --> 97 
97 --> 98 
98 --> 99 
99 --> 100 108 78 
100 --> 101 
101 --> 102 
102 --> 103 
103 --> 104 
104 --> 105 
105 --> 106 
106 --> 107 
107 --> 108 
108 --> 109 120 
109 --> 110 
110 --> 111 
111 --> 112 
112 --> 113 
113 --> 114 
114 --> 115 
115 --> 116 
116 --> 117 
117 --> 118 
118 --> 119 
119 --> 120 
120 --> 121 132 
121 --> 122 
122 --> 123 
123 --> 124 
124 --> 125 
125 --> 126 
126 --> 127 
127 --> 128 
128 --> 129 
129 --> 130 
130 --> 131 
131 --> 132 
132 --> 133 144 
133 --> 134 
134 --> 135 
135 --> 136 
136 --> 137 
137 --> 138 
138 --> 139 
139 --> 140 
140 --> 141 
141 --> 142 
142 --> 143 
143 --> 144 
144 --> 145 
145 --> 146 
146 --> 147 
147 --> 148 
148 --> 149 
149 --> 150 
150 --> 151 
151 --> 152 
152 --> 153 
153 --> 154 
154 --> 155 
155 --> 156 
156 --> 157 168 
157 --> 158 
158 --> 159 
159 --> 160 
160 --> 161 
161 --> 162 
162 --> 163 
163 --> 164 
164 --> 165 
165 --> 166 
166 --> 167 
167 --> 168 
168 --> 169 180 
169 --> 170 
170 --> 171 
171 --> 172 
172 --> 173 
173 --> 174 
174 --> 175 
175 --> 176 
176 --> 177 
177 --> 178 
178 --> 179 
179 --> 180 
180 --> 181 192 
181 --> 182 
182 --> 183 
183 --> 184 
184 --> 185 
185 --> 186 
186 --> 187 
187 --> 188 
188 --> 189 
189 --> 190 
190 --> 191 
191 --> 192 
192 --> 193 204 
193 --> 194 
194 --> 195 
195 --> 196 
196 --> 197 
197 --> 198 
198 --> 199 
199 --> 200 
200 --> 201 
201 --> 202 
202 --> 203 
203 --> 204 
204 --> 205 
205 --> 206 
206 --> 207 
207 --> 208 
208 --> 209 
209 --> 210 
210 --> 99 
211 --> 212 
212 --> 213 
213 --> 214 
214 --> 215 
215 --> 216 
216 --> 217 
217 --> 218 
218 --> 219 
219 --> 220 
220 --> 221 
221 --> 222 
222 --> 223 292 
223 --> 224 
224 --> 225 
225 --> 226 
226 --> 227 222 
227 --> 228 236 
228 --> 229 
229 --> 230 
230 --> 231 
231 --> 232 
232 --> 233 
233 --> 234 
234 --> 235 
235 --> 227 
236 --> 237 262 
237 --> 238 236 
238 --> 239 
239 --> 240 
240 --> 241 
241 --> 242 
242 --> 243 237 
243 --> 244 
244 --> 245 
245 --> 246 
246 --> 247 
247 --> 248 
248 --> 249 
249 --> 250 
250 --> 251 
251 --> 252 
252 --> 253 
253 --> 254 
254 --> 255 
255 --> 256 
256 --> 257 
257 --> 258 
258 --> 259 
259 --> 260 
260 --> 261 
261 --> 242 
262 --> 263 226 
263 --> 264 
264 --> 265 
265 --> 266 
266 --> 267 
267 --> 268 
268 --> 269 
269 --> 270 
270 --> 271 
271 --> 272 
272 --> 273 
273 --> 274 
274 --> 275 
275 --> 276 
276 --> 277 
277 --> 278 
278 --> 279 
279 --> 280 
280 --> 281 
281 --> 282 
282 --> 283 
283 --> 284 
284 --> 285 
285 --> 286 
286 --> 287 
287 --> 288 
288 --> 289 
289 --> 290 
290 --> 291 
291 --> 262 
292 --> 293 
293 --> 294 
294 --> 295 
295 --> 296 
296 --> 308 297 292 
297 --> 298 308 
298 --> 299 
299 --> 300 
300 --> 301 
301 --> 302 
302 --> 303 
303 --> 304 
304 --> 305 
305 --> 306 
306 --> 307 
307 --> 297 
308 --> 309 296 
309 --> 310 
310 --> 311 
311 --> 312 
312 --> 313 
313 --> 314 
314 --> 315 
315 --> 316 
316 --> 317 
317 --> 318 
318 --> 319 
319 --> 320 
320 --> 321 
321 --> 322 
322 --> 323 
323 --> 324 
324 --> 325 
325 --> 326 
326 --> 327 
327 --> 328 
328 --> 329 
329 --> 330 
330 --> 331 
331 --> 332 
332 --> 333 
333 --> 334 
334 --> 335 
335 --> 336 
336 --> 337 
337 --> 338 
338 --> 339 
339 --> 340 
340 --> 341 
341 --> 342 
342 --> 343 
343 --> 344 
344 --> 345 352 
345 --> 346 
346 --> 347 
347 --> 348 
348 --> 349 
349 --> 350 
350 --> 351 
351 --> 352 
352 --> 308 

* FSM state operations: 

State 1 <SV = 0> <Delay = 4.68>
ST_1 : Operation 353 [1/1] (0.00ns)   --->   "%w_V_1 = alloca i32 1"   --->   Operation 353 'alloca' 'w_V_1' <Predicate = true> <Delay = 0.00>
ST_1 : Operation 354 [1/1] (0.00ns)   --->   "%h_V = alloca i32 1"   --->   Operation 354 'alloca' 'h_V' <Predicate = true> <Delay = 0.00>
ST_1 : Operation 355 [1/1] (0.00ns)   --->   "%indvar_flatten49 = alloca i32 1"   --->   Operation 355 'alloca' 'indvar_flatten49' <Predicate = true> <Delay = 0.00>
ST_1 : Operation 356 [1/1] (1.00ns)   --->   "%c_reduce_read = read i16 @_ssdm_op_Read.s_axilite.i16, i16 %c_reduce" [../../ip/ip2/channel_shuffle.cpp:101]   --->   Operation 356 'read' 'c_reduce_read' <Predicate = true> <Delay = 1.00> <CoreInst = "s_axilite">   --->   Core 114 's_axilite' <Latency = 0> <II = 1> <Delay = 1.00> <Adapter> <Opcode : 'read' 'write'>
ST_1 : Operation 357 [1/1] (1.00ns)   --->   "%h_w_read = read i16 @_ssdm_op_Read.s_axilite.i16, i16 %h_w" [../../ip/ip2/channel_shuffle.cpp:101]   --->   Operation 357 'read' 'h_w_read' <Predicate = true> <Delay = 1.00> <CoreInst = "s_axilite">   --->   Core 114 's_axilite' <Latency = 0> <II = 1> <Delay = 1.00> <Adapter> <Opcode : 'read' 'write'>
ST_1 : Operation 358 [1/1] (1.00ns)   --->   "%c_out_read = read i16 @_ssdm_op_Read.s_axilite.i16, i16 %c_out" [../../ip/ip2/channel_shuffle.cpp:101]   --->   Operation 358 'read' 'c_out_read' <Predicate = true> <Delay = 1.00> <CoreInst = "s_axilite">   --->   Core 114 's_axilite' <Latency = 0> <II = 1> <Delay = 1.00> <Adapter> <Opcode : 'read' 'write'>
ST_1 : Operation 359 [1/1] (1.00ns)   --->   "%c_in_read = read i16 @_ssdm_op_Read.s_axilite.i16, i16 %c_in" [../../ip/ip2/channel_shuffle.cpp:101]   --->   Operation 359 'read' 'c_in_read' <Predicate = true> <Delay = 1.00> <CoreInst = "s_axilite">   --->   Core 114 's_axilite' <Latency = 0> <II = 1> <Delay = 1.00> <Adapter> <Opcode : 'read' 'write'>
ST_1 : Operation 360 [1/1] (1.00ns)   --->   "%out_r_read = read i64 @_ssdm_op_Read.s_axilite.i64, i64 %out_r" [../../ip/ip2/channel_shuffle.cpp:101]   --->   Operation 360 'read' 'out_r_read' <Predicate = true> <Delay = 1.00> <CoreInst = "s_axilite">   --->   Core 114 's_axilite' <Latency = 0> <II = 1> <Delay = 1.00> <Adapter> <Opcode : 'read' 'write'>
ST_1 : Operation 361 [1/1] (1.00ns)   --->   "%bn3_beta_read = read i64 @_ssdm_op_Read.s_axilite.i64, i64 %bn3_beta" [../../ip/ip2/channel_shuffle.cpp:101]   --->   Operation 361 'read' 'bn3_beta_read' <Predicate = true> <Delay = 1.00> <CoreInst = "s_axilite">   --->   Core 114 's_axilite' <Latency = 0> <II = 1> <Delay = 1.00> <Adapter> <Opcode : 'read' 'write'>
ST_1 : Operation 362 [1/1] (1.00ns)   --->   "%bn3_gamma_read = read i64 @_ssdm_op_Read.s_axilite.i64, i64 %bn3_gamma" [../../ip/ip2/channel_shuffle.cpp:101]   --->   Operation 362 'read' 'bn3_gamma_read' <Predicate = true> <Delay = 1.00> <CoreInst = "s_axilite">   --->   Core 114 's_axilite' <Latency = 0> <II = 1> <Delay = 1.00> <Adapter> <Opcode : 'read' 'write'>
ST_1 : Operation 363 [1/1] (1.00ns)   --->   "%bn3_var_read = read i64 @_ssdm_op_Read.s_axilite.i64, i64 %bn3_var" [../../ip/ip2/channel_shuffle.cpp:101]   --->   Operation 363 'read' 'bn3_var_read' <Predicate = true> <Delay = 1.00> <CoreInst = "s_axilite">   --->   Core 114 's_axilite' <Latency = 0> <II = 1> <Delay = 1.00> <Adapter> <Opcode : 'read' 'write'>
ST_1 : Operation 364 [1/1] (1.00ns)   --->   "%bn3_mean_read = read i64 @_ssdm_op_Read.s_axilite.i64, i64 %bn3_mean" [../../ip/ip2/channel_shuffle.cpp:101]   --->   Operation 364 'read' 'bn3_mean_read' <Predicate = true> <Delay = 1.00> <CoreInst = "s_axilite">   --->   Core 114 's_axilite' <Latency = 0> <II = 1> <Delay = 1.00> <Adapter> <Opcode : 'read' 'write'>
ST_1 : Operation 365 [1/1] (1.00ns)   --->   "%bn2_beta_read = read i64 @_ssdm_op_Read.s_axilite.i64, i64 %bn2_beta" [../../ip/ip2/channel_shuffle.cpp:101]   --->   Operation 365 'read' 'bn2_beta_read' <Predicate = true> <Delay = 1.00> <CoreInst = "s_axilite">   --->   Core 114 's_axilite' <Latency = 0> <II = 1> <Delay = 1.00> <Adapter> <Opcode : 'read' 'write'>
ST_1 : Operation 366 [1/1] (1.00ns)   --->   "%bn2_gamma_read = read i64 @_ssdm_op_Read.s_axilite.i64, i64 %bn2_gamma" [../../ip/ip2/channel_shuffle.cpp:101]   --->   Operation 366 'read' 'bn2_gamma_read' <Predicate = true> <Delay = 1.00> <CoreInst = "s_axilite">   --->   Core 114 's_axilite' <Latency = 0> <II = 1> <Delay = 1.00> <Adapter> <Opcode : 'read' 'write'>
ST_1 : Operation 367 [1/1] (1.00ns)   --->   "%bn2_var_read = read i64 @_ssdm_op_Read.s_axilite.i64, i64 %bn2_var" [../../ip/ip2/channel_shuffle.cpp:101]   --->   Operation 367 'read' 'bn2_var_read' <Predicate = true> <Delay = 1.00> <CoreInst = "s_axilite">   --->   Core 114 's_axilite' <Latency = 0> <II = 1> <Delay = 1.00> <Adapter> <Opcode : 'read' 'write'>
ST_1 : Operation 368 [1/1] (1.00ns)   --->   "%bn2_mean_read = read i64 @_ssdm_op_Read.s_axilite.i64, i64 %bn2_mean" [../../ip/ip2/channel_shuffle.cpp:101]   --->   Operation 368 'read' 'bn2_mean_read' <Predicate = true> <Delay = 1.00> <CoreInst = "s_axilite">   --->   Core 114 's_axilite' <Latency = 0> <II = 1> <Delay = 1.00> <Adapter> <Opcode : 'read' 'write'>
ST_1 : Operation 369 [1/1] (1.00ns)   --->   "%bn1_beta_read = read i64 @_ssdm_op_Read.s_axilite.i64, i64 %bn1_beta" [../../ip/ip2/channel_shuffle.cpp:101]   --->   Operation 369 'read' 'bn1_beta_read' <Predicate = true> <Delay = 1.00> <CoreInst = "s_axilite">   --->   Core 114 's_axilite' <Latency = 0> <II = 1> <Delay = 1.00> <Adapter> <Opcode : 'read' 'write'>
ST_1 : Operation 370 [1/1] (1.00ns)   --->   "%bn1_gamma_read = read i64 @_ssdm_op_Read.s_axilite.i64, i64 %bn1_gamma" [../../ip/ip2/channel_shuffle.cpp:101]   --->   Operation 370 'read' 'bn1_gamma_read' <Predicate = true> <Delay = 1.00> <CoreInst = "s_axilite">   --->   Core 114 's_axilite' <Latency = 0> <II = 1> <Delay = 1.00> <Adapter> <Opcode : 'read' 'write'>
ST_1 : Operation 371 [1/1] (1.00ns)   --->   "%bn1_var_read = read i64 @_ssdm_op_Read.s_axilite.i64, i64 %bn1_var" [../../ip/ip2/channel_shuffle.cpp:101]   --->   Operation 371 'read' 'bn1_var_read' <Predicate = true> <Delay = 1.00> <CoreInst = "s_axilite">   --->   Core 114 's_axilite' <Latency = 0> <II = 1> <Delay = 1.00> <Adapter> <Opcode : 'read' 'write'>
ST_1 : Operation 372 [1/1] (1.00ns)   --->   "%bn1_mean_read = read i64 @_ssdm_op_Read.s_axilite.i64, i64 %bn1_mean" [../../ip/ip2/channel_shuffle.cpp:101]   --->   Operation 372 'read' 'bn1_mean_read' <Predicate = true> <Delay = 1.00> <CoreInst = "s_axilite">   --->   Core 114 's_axilite' <Latency = 0> <II = 1> <Delay = 1.00> <Adapter> <Opcode : 'read' 'write'>
ST_1 : Operation 373 [1/1] (1.00ns)   --->   "%conv2_kernel_read = read i64 @_ssdm_op_Read.s_axilite.i64, i64 %conv2_kernel" [../../ip/ip2/channel_shuffle.cpp:101]   --->   Operation 373 'read' 'conv2_kernel_read' <Predicate = true> <Delay = 1.00> <CoreInst = "s_axilite">   --->   Core 114 's_axilite' <Latency = 0> <II = 1> <Delay = 1.00> <Adapter> <Opcode : 'read' 'write'>
ST_1 : Operation 374 [1/1] (1.00ns)   --->   "%dw_kernel_read = read i64 @_ssdm_op_Read.s_axilite.i64, i64 %dw_kernel" [../../ip/ip2/channel_shuffle.cpp:101]   --->   Operation 374 'read' 'dw_kernel_read' <Predicate = true> <Delay = 1.00> <CoreInst = "s_axilite">   --->   Core 114 's_axilite' <Latency = 0> <II = 1> <Delay = 1.00> <Adapter> <Opcode : 'read' 'write'>
ST_1 : Operation 375 [1/1] (1.00ns)   --->   "%conv1_kernel_read = read i64 @_ssdm_op_Read.s_axilite.i64, i64 %conv1_kernel" [../../ip/ip2/channel_shuffle.cpp:101]   --->   Operation 375 'read' 'conv1_kernel_read' <Predicate = true> <Delay = 1.00> <CoreInst = "s_axilite">   --->   Core 114 's_axilite' <Latency = 0> <II = 1> <Delay = 1.00> <Adapter> <Opcode : 'read' 'write'>
ST_1 : Operation 376 [1/1] (1.00ns)   --->   "%in_r_read = read i64 @_ssdm_op_Read.s_axilite.i64, i64 %in_r" [../../ip/ip2/channel_shuffle.cpp:101]   --->   Operation 376 'read' 'in_r_read' <Predicate = true> <Delay = 1.00> <CoreInst = "s_axilite">   --->   Core 114 's_axilite' <Latency = 0> <II = 1> <Delay = 1.00> <Adapter> <Opcode : 'read' 'write'>
ST_1 : Operation 377 [1/1] (0.00ns)   --->   "%trunc_ln101 = trunc i16 %h_w_read" [../../ip/ip2/channel_shuffle.cpp:101]   --->   Operation 377 'trunc' 'trunc_ln101' <Predicate = true> <Delay = 0.00>
ST_1 : Operation 378 [1/1] (0.00ns)   --->   "%shuffle_temp_V = alloca i64 1" [../../ip/ip2/channel_shuffle.cpp:368]   --->   Operation 378 'alloca' 'shuffle_temp_V' <Predicate = true> <Delay = 0.00> <CoreInst = "RAM_S2P_BRAM">   --->   Core 93 'RAM_S2P_BRAM' <Latency = 1> <II = 1> <Delay = 2.77> <Storage> <Opcode : 'load' 'store'> <Ports = 2> <Width = 8> <Depth = 32> <RAM>
ST_1 : Operation 379 [1/1] (0.00ns)   --->   "%c_in_half_V = partselect i15 @_ssdm_op_PartSelect.i15.i16.i32.i32, i16 %c_in_read, i32 1, i32 15"   --->   Operation 379 'partselect' 'c_in_half_V' <Predicate = true> <Delay = 0.00>
ST_1 : Operation 380 [1/1] (0.00ns)   --->   "%zext_ln186 = zext i15 %c_in_half_V"   --->   Operation 380 'zext' 'zext_ln186' <Predicate = true> <Delay = 0.00>
ST_1 : Operation 381 [1/1] (0.00ns)   --->   "%zext_ln162_1 = zext i15 %c_in_half_V" [../../ip/ip2/channel_shuffle.cpp:162]   --->   Operation 381 'zext' 'zext_ln162_1' <Predicate = true> <Delay = 0.00>
ST_1 : Operation 382 [1/1] (2.13ns)   --->   "%empty = icmp_ult  i16 %zext_ln186, i16 %c_in_read"   --->   Operation 382 'icmp' 'empty' <Predicate = true> <Delay = 2.13> <CoreInst = "Cmp">   --->   Core 9 'Cmp' <Latency = 0> <II = 1> <Delay = 2.13> <FuncUnit> <Opcode : 'icmp'> <InPorts = 2> <OutPorts = 1>
ST_1 : Operation 383 [1/1] (0.00ns) (grouped into LUT with out node sub_ln162)   --->   "%empty_74 = select i1 %empty, i16 %c_in_read, i16 %zext_ln186"   --->   Operation 383 'select' 'empty_74' <Predicate = true> <Delay = 0.00> <CoreInst = "Sel">   --->   Core 73 'Sel' <Latency = 0> <II = 1> <Delay = 0.62> <FuncUnit> <Opcode : 'select'> <InPorts = 3> <OutPorts = 1>
ST_1 : Operation 384 [1/1] (0.00ns) (grouped into LUT with out node sub_ln162)   --->   "%zext_ln162_2 = zext i16 %empty_74" [../../ip/ip2/channel_shuffle.cpp:162]   --->   Operation 384 'zext' 'zext_ln162_2' <Predicate = true> <Delay = 0.00>
ST_1 : Operation 385 [1/1] (1.54ns) (out node of the LUT)   --->   "%sub_ln162 = sub i17 %zext_ln162_2, i17 %zext_ln162_1" [../../ip/ip2/channel_shuffle.cpp:162]   --->   Operation 385 'sub' 'sub_ln162' <Predicate = true> <Delay = 1.54> <CoreInst = "Adder">   --->   Core 1 'Adder' <Latency = 0> <II = 1> <Delay = 1.54> <FuncUnit> <Opcode : 'add' 'sub'> <InPorts = 2> <OutPorts = 1>
ST_1 : Operation 386 [1/1] (0.00ns)   --->   "%gmem_bn1_addr = getelementptr i8 %gmem_bn1, i64 %bn1_mean_read" [../../ip/ip2/channel_shuffle.cpp:101]   --->   Operation 386 'getelementptr' 'gmem_bn1_addr' <Predicate = true> <Delay = 0.00>
ST_1 : Operation 387 [1/1] (0.00ns)   --->   "%gmem_bn1_addr_1 = getelementptr i8 %gmem_bn1, i64 %bn1_var_read" [../../ip/ip2/channel_shuffle.cpp:101]   --->   Operation 387 'getelementptr' 'gmem_bn1_addr_1' <Predicate = true> <Delay = 0.00>
ST_1 : Operation 388 [1/1] (0.00ns)   --->   "%gmem_bn1_addr_2 = getelementptr i8 %gmem_bn1, i64 %bn1_gamma_read" [../../ip/ip2/channel_shuffle.cpp:101]   --->   Operation 388 'getelementptr' 'gmem_bn1_addr_2' <Predicate = true> <Delay = 0.00>
ST_1 : Operation 389 [1/1] (0.00ns)   --->   "%gmem_bn1_addr_3 = getelementptr i8 %gmem_bn1, i64 %bn1_beta_read" [../../ip/ip2/channel_shuffle.cpp:101]   --->   Operation 389 'getelementptr' 'gmem_bn1_addr_3' <Predicate = true> <Delay = 0.00>
ST_1 : Operation 390 [1/1] (1.29ns)   --->   "%store_ln188 = store i32 0, i32 %indvar_flatten49" [../../ip/ip2/channel_shuffle.cpp:188]   --->   Operation 390 'store' 'store_ln188' <Predicate = true> <Delay = 1.29>
ST_1 : Operation 391 [1/1] (1.29ns)   --->   "%store_ln188 = store i16 0, i16 %h_V" [../../ip/ip2/channel_shuffle.cpp:188]   --->   Operation 391 'store' 'store_ln188' <Predicate = true> <Delay = 1.29>
ST_1 : Operation 392 [1/1] (1.29ns)   --->   "%store_ln188 = store i16 0, i16 %w_V_1" [../../ip/ip2/channel_shuffle.cpp:188]   --->   Operation 392 'store' 'store_ln188' <Predicate = true> <Delay = 1.29>

State 2 <SV = 1> <Delay = 7.05>
ST_2 : Operation 393 [1/1] (0.00ns)   --->   "%zext_ln101 = zext i16 %h_w_read" [../../ip/ip2/channel_shuffle.cpp:101]   --->   Operation 393 'zext' 'zext_ln101' <Predicate = true> <Delay = 0.00>
ST_2 : Operation 394 [1/1] (0.00ns)   --->   "%sext_ln101 = sext i17 %sub_ln162" [../../ip/ip2/channel_shuffle.cpp:101]   --->   Operation 394 'sext' 'sext_ln101' <Predicate = true> <Delay = 0.00>
ST_2 : Operation 395 [1/1] (0.00ns)   --->   "%zext_ln101_1 = zext i32 %sext_ln101" [../../ip/ip2/channel_shuffle.cpp:101]   --->   Operation 395 'zext' 'zext_ln101_1' <Predicate = true> <Delay = 0.00>
ST_2 : Operation 396 [1/1] (7.05ns)   --->   "%mul_ln101 = mul i48 %zext_ln101, i48 %zext_ln101_1" [../../ip/ip2/channel_shuffle.cpp:101]   --->   Operation 396 'mul' 'mul_ln101' <Predicate = true> <Delay = 7.05> <CoreInst = "Multiplier">   --->   Core 3 'Multiplier' <Latency = 0> <II = 1> <Delay = 7.05> <FuncUnit> <Opcode : 'mul'> <InPorts = 2> <OutPorts = 1>

State 3 <SV = 2> <Delay = 7.22>
ST_3 : Operation 397 [1/1] (0.00ns)   --->   "%rhs_6 = zext i16 %h_w_read" [../../ip/ip2/channel_shuffle.cpp:101]   --->   Operation 397 'zext' 'rhs_6' <Predicate = true> <Delay = 0.00>
ST_3 : Operation 398 [1/1] (0.00ns)   --->   "%zext_ln101_2 = zext i16 %h_w_read" [../../ip/ip2/channel_shuffle.cpp:101]   --->   Operation 398 'zext' 'zext_ln101_2' <Predicate = true> <Delay = 0.00>
ST_3 : Operation 399 [1/1] (0.00ns)   --->   "%zext_ln101_3 = zext i48 %mul_ln101" [../../ip/ip2/channel_shuffle.cpp:101]   --->   Operation 399 'zext' 'zext_ln101_3' <Predicate = true> <Delay = 0.00>
ST_3 : Operation 400 [2/2] (7.22ns)   --->   "%mul_ln101_1 = mul i64 %zext_ln101_2, i64 %zext_ln101_3" [../../ip/ip2/channel_shuffle.cpp:101]   --->   Operation 400 'mul' 'mul_ln101_1' <Predicate = true> <Delay = 7.22> <CoreInst = "Multiplier">   --->   Core 3 'Multiplier' <Latency = 1> <II = 1> <Delay = 7.22> <FuncUnit> <Opcode : 'mul'> <InPorts = 2> <OutPorts = 1>
ST_3 : Operation 401 [4/4] (1.82ns) (root node of the DSP)   --->   "%ret_V_11 = mul i32 %rhs_6, i32 %rhs_6"   --->   Operation 401 'mul' 'ret_V_11' <Predicate = true> <Delay = 1.82> <CoreInst = "DSP48">   --->   Core 119 'DSP48' <Latency = 3> <II = 1> <Delay = 1.82> <IPBlock> <Opcode : 'mul' 'add' 'sub' 'select'> <InPorts = 0> <OutPorts = 1> <Sync> <CReg>

State 4 <SV = 3> <Delay = 7.22>
ST_4 : Operation 402 [1/2] (7.22ns)   --->   "%mul_ln101_1 = mul i64 %zext_ln101_2, i64 %zext_ln101_3" [../../ip/ip2/channel_shuffle.cpp:101]   --->   Operation 402 'mul' 'mul_ln101_1' <Predicate = true> <Delay = 7.22> <CoreInst = "Multiplier">   --->   Core 3 'Multiplier' <Latency = 1> <II = 1> <Delay = 7.22> <FuncUnit> <Opcode : 'mul'> <InPorts = 2> <OutPorts = 1>
ST_4 : Operation 403 [3/4] (1.82ns) (root node of the DSP)   --->   "%ret_V_11 = mul i32 %rhs_6, i32 %rhs_6"   --->   Operation 403 'mul' 'ret_V_11' <Predicate = true> <Delay = 1.82> <CoreInst = "DSP48">   --->   Core 119 'DSP48' <Latency = 3> <II = 1> <Delay = 1.82> <IPBlock> <Opcode : 'mul' 'add' 'sub' 'select'> <InPorts = 0> <OutPorts = 1> <Sync> <CReg>

State 5 <SV = 4> <Delay = 1.82>
ST_5 : Operation 404 [2/2] (1.29ns)   --->   "%call_ln186 = call void @shufflenet_block_Pipeline_VITIS_LOOP_162_1_VITIS_LOOP_163_2_VITIS_LOOP_165_3, i15 %c_in_half_V, i8 %gmem_out, i8 %gmem_in, i64 %mul_ln101_1, i48 %mul_ln101, i16 %c_in_read, i1 %empty, i16 %h_w_read, i64 %in_r_read, i64 %out_r_read"   --->   Operation 404 'call' 'call_ln186' <Predicate = true> <Delay = 1.29> <CoreType = "Generic">   --->   Core 0 '' <Latency = 0> <II = 1> <Delay = 1.00> <Generic> <Opcode : >
ST_5 : Operation 405 [2/4] (1.82ns) (root node of the DSP)   --->   "%ret_V_11 = mul i32 %rhs_6, i32 %rhs_6"   --->   Operation 405 'mul' 'ret_V_11' <Predicate = true> <Delay = 1.82> <CoreInst = "DSP48">   --->   Core 119 'DSP48' <Latency = 3> <II = 1> <Delay = 1.82> <IPBlock> <Opcode : 'mul' 'add' 'sub' 'select'> <InPorts = 0> <OutPorts = 1> <Sync> <CReg>

State 6 <SV = 5> <Delay = 3.29>
ST_6 : Operation 406 [1/1] (0.00ns)   --->   "%spectopmodule_ln101 = spectopmodule void @_ssdm_op_SpecTopModule, void @empty_26" [../../ip/ip2/channel_shuffle.cpp:101]   --->   Operation 406 'spectopmodule' 'spectopmodule_ln101' <Predicate = true> <Delay = 0.00>
ST_6 : Operation 407 [1/1] (0.00ns)   --->   "%specinterface_ln0 = specinterface void @_ssdm_op_SpecInterface, i8 %gmem_in, void @empty_46, i32 0, i32 0, void @empty_47, i32 0, i32 1073741824, void @empty_49, void @empty_50, void @empty_47, i32 16, i32 16, i32 16, i32 16, void @empty_47, void @empty_47, i32 4294967295, i32 0"   --->   Operation 407 'specinterface' 'specinterface_ln0' <Predicate = true> <Delay = 0.00>
ST_6 : Operation 408 [1/1] (0.00ns)   --->   "%specbitsmap_ln0 = specbitsmap void @_ssdm_op_SpecBitsMap, i8 %gmem_in"   --->   Operation 408 'specbitsmap' 'specbitsmap_ln0' <Predicate = true> <Delay = 0.00>
ST_6 : Operation 409 [1/1] (0.00ns)   --->   "%specinterface_ln0 = specinterface void @_ssdm_op_SpecInterface, i8 %gmem_weights1, void @empty_46, i32 0, i32 0, void @empty_47, i32 0, i32 1073741824, void @empty_51, void @empty_50, void @empty_47, i32 16, i32 16, i32 16, i32 16, void @empty_47, void @empty_47, i32 4294967295, i32 0"   --->   Operation 409 'specinterface' 'specinterface_ln0' <Predicate = true> <Delay = 0.00>
ST_6 : Operation 410 [1/1] (0.00ns)   --->   "%specbitsmap_ln0 = specbitsmap void @_ssdm_op_SpecBitsMap, i8 %gmem_weights1"   --->   Operation 410 'specbitsmap' 'specbitsmap_ln0' <Predicate = true> <Delay = 0.00>
ST_6 : Operation 411 [1/1] (0.00ns)   --->   "%specinterface_ln0 = specinterface void @_ssdm_op_SpecInterface, i8 %gmem_weights2, void @empty_46, i32 0, i32 0, void @empty_47, i32 0, i32 1073741824, void @empty_52, void @empty_50, void @empty_47, i32 16, i32 16, i32 16, i32 16, void @empty_47, void @empty_47, i32 4294967295, i32 0"   --->   Operation 411 'specinterface' 'specinterface_ln0' <Predicate = true> <Delay = 0.00>
ST_6 : Operation 412 [1/1] (0.00ns)   --->   "%specbitsmap_ln0 = specbitsmap void @_ssdm_op_SpecBitsMap, i8 %gmem_weights2"   --->   Operation 412 'specbitsmap' 'specbitsmap_ln0' <Predicate = true> <Delay = 0.00>
ST_6 : Operation 413 [1/1] (0.00ns)   --->   "%specinterface_ln0 = specinterface void @_ssdm_op_SpecInterface, i8 %gmem_weights3, void @empty_46, i32 0, i32 0, void @empty_47, i32 0, i32 1073741824, void @empty_53, void @empty_50, void @empty_47, i32 16, i32 16, i32 16, i32 16, void @empty_47, void @empty_47, i32 4294967295, i32 0"   --->   Operation 413 'specinterface' 'specinterface_ln0' <Predicate = true> <Delay = 0.00>
ST_6 : Operation 414 [1/1] (0.00ns)   --->   "%specbitsmap_ln0 = specbitsmap void @_ssdm_op_SpecBitsMap, i8 %gmem_weights3"   --->   Operation 414 'specbitsmap' 'specbitsmap_ln0' <Predicate = true> <Delay = 0.00>
ST_6 : Operation 415 [1/1] (0.00ns)   --->   "%specinterface_ln0 = specinterface void @_ssdm_op_SpecInterface, i8 %gmem_bn1, void @empty_46, i32 0, i32 0, void @empty_47, i32 0, i32 1048576, void @empty_4, void @empty_50, void @empty_47, i32 16, i32 16, i32 16, i32 16, void @empty_47, void @empty_47, i32 4294967295, i32 0"   --->   Operation 415 'specinterface' 'specinterface_ln0' <Predicate = true> <Delay = 0.00>
ST_6 : Operation 416 [1/1] (0.00ns)   --->   "%specbitsmap_ln0 = specbitsmap void @_ssdm_op_SpecBitsMap, i8 %gmem_bn1"   --->   Operation 416 'specbitsmap' 'specbitsmap_ln0' <Predicate = true> <Delay = 0.00>
ST_6 : Operation 417 [1/1] (0.00ns)   --->   "%specinterface_ln0 = specinterface void @_ssdm_op_SpecInterface, i8 %gmem_bn2, void @empty_46, i32 0, i32 0, void @empty_47, i32 0, i32 1048576, void @empty_55, void @empty_50, void @empty_47, i32 16, i32 16, i32 16, i32 16, void @empty_47, void @empty_47, i32 4294967295, i32 0"   --->   Operation 417 'specinterface' 'specinterface_ln0' <Predicate = true> <Delay = 0.00>
ST_6 : Operation 418 [1/1] (0.00ns)   --->   "%specbitsmap_ln0 = specbitsmap void @_ssdm_op_SpecBitsMap, i8 %gmem_bn2"   --->   Operation 418 'specbitsmap' 'specbitsmap_ln0' <Predicate = true> <Delay = 0.00>
ST_6 : Operation 419 [1/1] (0.00ns)   --->   "%specinterface_ln0 = specinterface void @_ssdm_op_SpecInterface, i8 %gmem_bn3, void @empty_46, i32 0, i32 0, void @empty_47, i32 0, i32 1048576, void @empty_37, void @empty_50, void @empty_47, i32 16, i32 16, i32 16, i32 16, void @empty_47, void @empty_47, i32 4294967295, i32 0"   --->   Operation 419 'specinterface' 'specinterface_ln0' <Predicate = true> <Delay = 0.00>
ST_6 : Operation 420 [1/1] (0.00ns)   --->   "%specbitsmap_ln0 = specbitsmap void @_ssdm_op_SpecBitsMap, i8 %gmem_bn3"   --->   Operation 420 'specbitsmap' 'specbitsmap_ln0' <Predicate = true> <Delay = 0.00>
ST_6 : Operation 421 [1/1] (0.00ns)   --->   "%specinterface_ln0 = specinterface void @_ssdm_op_SpecInterface, i8 %gmem_out, void @empty_46, i32 0, i32 0, void @empty_47, i32 0, i32 1073741824, void @empty, void @empty_50, void @empty_47, i32 16, i32 16, i32 16, i32 16, void @empty_47, void @empty_47, i32 4294967295, i32 0"   --->   Operation 421 'specinterface' 'specinterface_ln0' <Predicate = true> <Delay = 0.00>
ST_6 : Operation 422 [1/1] (0.00ns)   --->   "%specbitsmap_ln0 = specbitsmap void @_ssdm_op_SpecBitsMap, i8 %gmem_out"   --->   Operation 422 'specbitsmap' 'specbitsmap_ln0' <Predicate = true> <Delay = 0.00>
ST_6 : Operation 423 [1/1] (0.00ns)   --->   "%specinterface_ln0 = specinterface void @_ssdm_op_SpecInterface, i64 %in_r, void @empty_0, i32 0, i32 0, void @empty_47, i32 0, i32 0, void @empty_1, void @empty_2, void @empty_47, i32 0, i32 0, i32 0, i32 0, void @empty_47, void @empty_3, i32 4294967295, i32 0"   --->   Operation 423 'specinterface' 'specinterface_ln0' <Predicate = true> <Delay = 0.00>
ST_6 : Operation 424 [1/1] (0.00ns)   --->   "%specinterface_ln0 = specinterface void @_ssdm_op_SpecInterface, i64 %in_r, void @empty_41, i32 0, i32 0, void @empty_47, i32 0, i32 0, void @empty_47, void @empty_47, void @empty_47, i32 0, i32 0, i32 0, i32 0, void @empty_47, void @empty_3, i32 4294967295, i32 0"   --->   Operation 424 'specinterface' 'specinterface_ln0' <Predicate = true> <Delay = 0.00>
ST_6 : Operation 425 [1/1] (0.00ns)   --->   "%specinterface_ln0 = specinterface void @_ssdm_op_SpecInterface, i64 %conv1_kernel, void @empty_0, i32 0, i32 0, void @empty_47, i32 0, i32 0, void @empty_1, void @empty_5, void @empty_47, i32 0, i32 0, i32 0, i32 0, void @empty_47, void @empty_3, i32 4294967295, i32 0"   --->   Operation 425 'specinterface' 'specinterface_ln0' <Predicate = true> <Delay = 0.00>
ST_6 : Operation 426 [1/1] (0.00ns)   --->   "%specinterface_ln0 = specinterface void @_ssdm_op_SpecInterface, i64 %conv1_kernel, void @empty_41, i32 0, i32 0, void @empty_47, i32 0, i32 0, void @empty_47, void @empty_47, void @empty_47, i32 0, i32 0, i32 0, i32 0, void @empty_47, void @empty_3, i32 4294967295, i32 0"   --->   Operation 426 'specinterface' 'specinterface_ln0' <Predicate = true> <Delay = 0.00>
ST_6 : Operation 427 [1/1] (0.00ns)   --->   "%specinterface_ln0 = specinterface void @_ssdm_op_SpecInterface, i64 %dw_kernel, void @empty_0, i32 0, i32 0, void @empty_47, i32 0, i32 0, void @empty_1, void @empty_56, void @empty_47, i32 0, i32 0, i32 0, i32 0, void @empty_47, void @empty_3, i32 4294967295, i32 0"   --->   Operation 427 'specinterface' 'specinterface_ln0' <Predicate = true> <Delay = 0.00>
ST_6 : Operation 428 [1/1] (0.00ns)   --->   "%specinterface_ln0 = specinterface void @_ssdm_op_SpecInterface, i64 %dw_kernel, void @empty_41, i32 0, i32 0, void @empty_47, i32 0, i32 0, void @empty_47, void @empty_47, void @empty_47, i32 0, i32 0, i32 0, i32 0, void @empty_47, void @empty_3, i32 4294967295, i32 0"   --->   Operation 428 'specinterface' 'specinterface_ln0' <Predicate = true> <Delay = 0.00>
ST_6 : Operation 429 [1/1] (0.00ns)   --->   "%specinterface_ln0 = specinterface void @_ssdm_op_SpecInterface, i64 %conv2_kernel, void @empty_0, i32 0, i32 0, void @empty_47, i32 0, i32 0, void @empty_1, void @empty_7, void @empty_47, i32 0, i32 0, i32 0, i32 0, void @empty_47, void @empty_3, i32 4294967295, i32 0"   --->   Operation 429 'specinterface' 'specinterface_ln0' <Predicate = true> <Delay = 0.00>
ST_6 : Operation 430 [1/1] (0.00ns)   --->   "%specinterface_ln0 = specinterface void @_ssdm_op_SpecInterface, i64 %conv2_kernel, void @empty_41, i32 0, i32 0, void @empty_47, i32 0, i32 0, void @empty_47, void @empty_47, void @empty_47, i32 0, i32 0, i32 0, i32 0, void @empty_47, void @empty_3, i32 4294967295, i32 0"   --->   Operation 430 'specinterface' 'specinterface_ln0' <Predicate = true> <Delay = 0.00>
ST_6 : Operation 431 [1/1] (0.00ns)   --->   "%specinterface_ln0 = specinterface void @_ssdm_op_SpecInterface, i64 %bn1_mean, void @empty_0, i32 0, i32 0, void @empty_47, i32 0, i32 0, void @empty_1, void @empty_8, void @empty_47, i32 0, i32 0, i32 0, i32 0, void @empty_47, void @empty_3, i32 4294967295, i32 0"   --->   Operation 431 'specinterface' 'specinterface_ln0' <Predicate = true> <Delay = 0.00>
ST_6 : Operation 432 [1/1] (0.00ns)   --->   "%specinterface_ln0 = specinterface void @_ssdm_op_SpecInterface, i64 %bn1_mean, void @empty_41, i32 0, i32 0, void @empty_47, i32 0, i32 0, void @empty_47, void @empty_47, void @empty_47, i32 0, i32 0, i32 0, i32 0, void @empty_47, void @empty_3, i32 4294967295, i32 0"   --->   Operation 432 'specinterface' 'specinterface_ln0' <Predicate = true> <Delay = 0.00>
ST_6 : Operation 433 [1/1] (0.00ns)   --->   "%specinterface_ln0 = specinterface void @_ssdm_op_SpecInterface, i64 %bn1_var, void @empty_0, i32 0, i32 0, void @empty_47, i32 0, i32 0, void @empty_1, void @empty_9, void @empty_47, i32 0, i32 0, i32 0, i32 0, void @empty_47, void @empty_3, i32 4294967295, i32 0"   --->   Operation 433 'specinterface' 'specinterface_ln0' <Predicate = true> <Delay = 0.00>
ST_6 : Operation 434 [1/1] (0.00ns)   --->   "%specinterface_ln0 = specinterface void @_ssdm_op_SpecInterface, i64 %bn1_var, void @empty_41, i32 0, i32 0, void @empty_47, i32 0, i32 0, void @empty_47, void @empty_47, void @empty_47, i32 0, i32 0, i32 0, i32 0, void @empty_47, void @empty_3, i32 4294967295, i32 0"   --->   Operation 434 'specinterface' 'specinterface_ln0' <Predicate = true> <Delay = 0.00>
ST_6 : Operation 435 [1/1] (0.00ns)   --->   "%specinterface_ln0 = specinterface void @_ssdm_op_SpecInterface, i64 %bn1_gamma, void @empty_0, i32 0, i32 0, void @empty_47, i32 0, i32 0, void @empty_1, void @empty_10, void @empty_47, i32 0, i32 0, i32 0, i32 0, void @empty_47, void @empty_3, i32 4294967295, i32 0"   --->   Operation 435 'specinterface' 'specinterface_ln0' <Predicate = true> <Delay = 0.00>
ST_6 : Operation 436 [1/1] (0.00ns)   --->   "%specinterface_ln0 = specinterface void @_ssdm_op_SpecInterface, i64 %bn1_gamma, void @empty_41, i32 0, i32 0, void @empty_47, i32 0, i32 0, void @empty_47, void @empty_47, void @empty_47, i32 0, i32 0, i32 0, i32 0, void @empty_47, void @empty_3, i32 4294967295, i32 0"   --->   Operation 436 'specinterface' 'specinterface_ln0' <Predicate = true> <Delay = 0.00>
ST_6 : Operation 437 [1/1] (0.00ns)   --->   "%specinterface_ln0 = specinterface void @_ssdm_op_SpecInterface, i64 %bn1_beta, void @empty_0, i32 0, i32 0, void @empty_47, i32 0, i32 0, void @empty_1, void @empty_11, void @empty_47, i32 0, i32 0, i32 0, i32 0, void @empty_47, void @empty_3, i32 4294967295, i32 0"   --->   Operation 437 'specinterface' 'specinterface_ln0' <Predicate = true> <Delay = 0.00>
ST_6 : Operation 438 [1/1] (0.00ns)   --->   "%specinterface_ln0 = specinterface void @_ssdm_op_SpecInterface, i64 %bn1_beta, void @empty_41, i32 0, i32 0, void @empty_47, i32 0, i32 0, void @empty_47, void @empty_47, void @empty_47, i32 0, i32 0, i32 0, i32 0, void @empty_47, void @empty_3, i32 4294967295, i32 0"   --->   Operation 438 'specinterface' 'specinterface_ln0' <Predicate = true> <Delay = 0.00>
ST_6 : Operation 439 [1/1] (0.00ns)   --->   "%specinterface_ln0 = specinterface void @_ssdm_op_SpecInterface, i64 %bn2_mean, void @empty_0, i32 0, i32 0, void @empty_47, i32 0, i32 0, void @empty_1, void @empty_12, void @empty_47, i32 0, i32 0, i32 0, i32 0, void @empty_47, void @empty_3, i32 4294967295, i32 0"   --->   Operation 439 'specinterface' 'specinterface_ln0' <Predicate = true> <Delay = 0.00>
ST_6 : Operation 440 [1/1] (0.00ns)   --->   "%specinterface_ln0 = specinterface void @_ssdm_op_SpecInterface, i64 %bn2_mean, void @empty_41, i32 0, i32 0, void @empty_47, i32 0, i32 0, void @empty_47, void @empty_47, void @empty_47, i32 0, i32 0, i32 0, i32 0, void @empty_47, void @empty_3, i32 4294967295, i32 0"   --->   Operation 440 'specinterface' 'specinterface_ln0' <Predicate = true> <Delay = 0.00>
ST_6 : Operation 441 [1/1] (0.00ns)   --->   "%specinterface_ln0 = specinterface void @_ssdm_op_SpecInterface, i64 %bn2_var, void @empty_0, i32 0, i32 0, void @empty_47, i32 0, i32 0, void @empty_1, void @empty_13, void @empty_47, i32 0, i32 0, i32 0, i32 0, void @empty_47, void @empty_3, i32 4294967295, i32 0"   --->   Operation 441 'specinterface' 'specinterface_ln0' <Predicate = true> <Delay = 0.00>
ST_6 : Operation 442 [1/1] (0.00ns)   --->   "%specinterface_ln0 = specinterface void @_ssdm_op_SpecInterface, i64 %bn2_var, void @empty_41, i32 0, i32 0, void @empty_47, i32 0, i32 0, void @empty_47, void @empty_47, void @empty_47, i32 0, i32 0, i32 0, i32 0, void @empty_47, void @empty_3, i32 4294967295, i32 0"   --->   Operation 442 'specinterface' 'specinterface_ln0' <Predicate = true> <Delay = 0.00>
ST_6 : Operation 443 [1/1] (0.00ns)   --->   "%specinterface_ln0 = specinterface void @_ssdm_op_SpecInterface, i64 %bn2_gamma, void @empty_0, i32 0, i32 0, void @empty_47, i32 0, i32 0, void @empty_1, void @empty_14, void @empty_47, i32 0, i32 0, i32 0, i32 0, void @empty_47, void @empty_3, i32 4294967295, i32 0"   --->   Operation 443 'specinterface' 'specinterface_ln0' <Predicate = true> <Delay = 0.00>
ST_6 : Operation 444 [1/1] (0.00ns)   --->   "%specinterface_ln0 = specinterface void @_ssdm_op_SpecInterface, i64 %bn2_gamma, void @empty_41, i32 0, i32 0, void @empty_47, i32 0, i32 0, void @empty_47, void @empty_47, void @empty_47, i32 0, i32 0, i32 0, i32 0, void @empty_47, void @empty_3, i32 4294967295, i32 0"   --->   Operation 444 'specinterface' 'specinterface_ln0' <Predicate = true> <Delay = 0.00>
ST_6 : Operation 445 [1/1] (0.00ns)   --->   "%specinterface_ln0 = specinterface void @_ssdm_op_SpecInterface, i64 %bn2_beta, void @empty_0, i32 0, i32 0, void @empty_47, i32 0, i32 0, void @empty_1, void @empty_15, void @empty_47, i32 0, i32 0, i32 0, i32 0, void @empty_47, void @empty_3, i32 4294967295, i32 0"   --->   Operation 445 'specinterface' 'specinterface_ln0' <Predicate = true> <Delay = 0.00>
ST_6 : Operation 446 [1/1] (0.00ns)   --->   "%specinterface_ln0 = specinterface void @_ssdm_op_SpecInterface, i64 %bn2_beta, void @empty_41, i32 0, i32 0, void @empty_47, i32 0, i32 0, void @empty_47, void @empty_47, void @empty_47, i32 0, i32 0, i32 0, i32 0, void @empty_47, void @empty_3, i32 4294967295, i32 0"   --->   Operation 446 'specinterface' 'specinterface_ln0' <Predicate = true> <Delay = 0.00>
ST_6 : Operation 447 [1/1] (0.00ns)   --->   "%specinterface_ln0 = specinterface void @_ssdm_op_SpecInterface, i64 %bn3_mean, void @empty_0, i32 0, i32 0, void @empty_47, i32 0, i32 0, void @empty_1, void @empty_16, void @empty_47, i32 0, i32 0, i32 0, i32 0, void @empty_47, void @empty_3, i32 4294967295, i32 0"   --->   Operation 447 'specinterface' 'specinterface_ln0' <Predicate = true> <Delay = 0.00>
ST_6 : Operation 448 [1/1] (0.00ns)   --->   "%specinterface_ln0 = specinterface void @_ssdm_op_SpecInterface, i64 %bn3_mean, void @empty_41, i32 0, i32 0, void @empty_47, i32 0, i32 0, void @empty_47, void @empty_47, void @empty_47, i32 0, i32 0, i32 0, i32 0, void @empty_47, void @empty_3, i32 4294967295, i32 0"   --->   Operation 448 'specinterface' 'specinterface_ln0' <Predicate = true> <Delay = 0.00>
ST_6 : Operation 449 [1/1] (0.00ns)   --->   "%specinterface_ln0 = specinterface void @_ssdm_op_SpecInterface, i64 %bn3_var, void @empty_0, i32 0, i32 0, void @empty_47, i32 0, i32 0, void @empty_1, void @empty_17, void @empty_47, i32 0, i32 0, i32 0, i32 0, void @empty_47, void @empty_3, i32 4294967295, i32 0"   --->   Operation 449 'specinterface' 'specinterface_ln0' <Predicate = true> <Delay = 0.00>
ST_6 : Operation 450 [1/1] (0.00ns)   --->   "%specinterface_ln0 = specinterface void @_ssdm_op_SpecInterface, i64 %bn3_var, void @empty_41, i32 0, i32 0, void @empty_47, i32 0, i32 0, void @empty_47, void @empty_47, void @empty_47, i32 0, i32 0, i32 0, i32 0, void @empty_47, void @empty_3, i32 4294967295, i32 0"   --->   Operation 450 'specinterface' 'specinterface_ln0' <Predicate = true> <Delay = 0.00>
ST_6 : Operation 451 [1/1] (0.00ns)   --->   "%specinterface_ln0 = specinterface void @_ssdm_op_SpecInterface, i64 %bn3_gamma, void @empty_0, i32 0, i32 0, void @empty_47, i32 0, i32 0, void @empty_1, void @empty_18, void @empty_47, i32 0, i32 0, i32 0, i32 0, void @empty_47, void @empty_3, i32 4294967295, i32 0"   --->   Operation 451 'specinterface' 'specinterface_ln0' <Predicate = true> <Delay = 0.00>
ST_6 : Operation 452 [1/1] (0.00ns)   --->   "%specinterface_ln0 = specinterface void @_ssdm_op_SpecInterface, i64 %bn3_gamma, void @empty_41, i32 0, i32 0, void @empty_47, i32 0, i32 0, void @empty_47, void @empty_47, void @empty_47, i32 0, i32 0, i32 0, i32 0, void @empty_47, void @empty_3, i32 4294967295, i32 0"   --->   Operation 452 'specinterface' 'specinterface_ln0' <Predicate = true> <Delay = 0.00>
ST_6 : Operation 453 [1/1] (0.00ns)   --->   "%specinterface_ln0 = specinterface void @_ssdm_op_SpecInterface, i64 %bn3_beta, void @empty_0, i32 0, i32 0, void @empty_47, i32 0, i32 0, void @empty_1, void @empty_19, void @empty_47, i32 0, i32 0, i32 0, i32 0, void @empty_47, void @empty_3, i32 4294967295, i32 0"   --->   Operation 453 'specinterface' 'specinterface_ln0' <Predicate = true> <Delay = 0.00>
ST_6 : Operation 454 [1/1] (0.00ns)   --->   "%specinterface_ln0 = specinterface void @_ssdm_op_SpecInterface, i64 %bn3_beta, void @empty_41, i32 0, i32 0, void @empty_47, i32 0, i32 0, void @empty_47, void @empty_47, void @empty_47, i32 0, i32 0, i32 0, i32 0, void @empty_47, void @empty_3, i32 4294967295, i32 0"   --->   Operation 454 'specinterface' 'specinterface_ln0' <Predicate = true> <Delay = 0.00>
ST_6 : Operation 455 [1/1] (0.00ns)   --->   "%specinterface_ln0 = specinterface void @_ssdm_op_SpecInterface, i64 %out_r, void @empty_0, i32 0, i32 0, void @empty_47, i32 0, i32 0, void @empty_1, void @empty_20, void @empty_47, i32 0, i32 0, i32 0, i32 0, void @empty_47, void @empty_3, i32 4294967295, i32 0"   --->   Operation 455 'specinterface' 'specinterface_ln0' <Predicate = true> <Delay = 0.00>
ST_6 : Operation 456 [1/1] (0.00ns)   --->   "%specinterface_ln0 = specinterface void @_ssdm_op_SpecInterface, i64 %out_r, void @empty_41, i32 0, i32 0, void @empty_47, i32 0, i32 0, void @empty_47, void @empty_47, void @empty_47, i32 0, i32 0, i32 0, i32 0, void @empty_47, void @empty_3, i32 4294967295, i32 0"   --->   Operation 456 'specinterface' 'specinterface_ln0' <Predicate = true> <Delay = 0.00>
ST_6 : Operation 457 [1/1] (0.00ns)   --->   "%specbitsmap_ln0 = specbitsmap void @_ssdm_op_SpecBitsMap, i16 %c_in"   --->   Operation 457 'specbitsmap' 'specbitsmap_ln0' <Predicate = true> <Delay = 0.00>
ST_6 : Operation 458 [1/1] (0.00ns)   --->   "%specinterface_ln0 = specinterface void @_ssdm_op_SpecInterface, i16 %c_in, void @empty_0, i32 0, i32 0, void @empty_47, i32 0, i32 0, void @empty_1, void @empty_21, void @empty_47, i32 0, i32 0, i32 0, i32 0, void @empty_47, void @empty_47, i32 4294967295, i32 0"   --->   Operation 458 'specinterface' 'specinterface_ln0' <Predicate = true> <Delay = 0.00>
ST_6 : Operation 459 [1/1] (0.00ns)   --->   "%specinterface_ln0 = specinterface void @_ssdm_op_SpecInterface, i16 %c_in, void @empty_41, i32 0, i32 0, void @empty_47, i32 0, i32 0, void @empty_47, void @empty_47, void @empty_47, i32 0, i32 0, i32 0, i32 0, void @empty_47, void @empty_47, i32 4294967295, i32 0"   --->   Operation 459 'specinterface' 'specinterface_ln0' <Predicate = true> <Delay = 0.00>
ST_6 : Operation 460 [1/1] (0.00ns)   --->   "%specbitsmap_ln0 = specbitsmap void @_ssdm_op_SpecBitsMap, i16 %c_out"   --->   Operation 460 'specbitsmap' 'specbitsmap_ln0' <Predicate = true> <Delay = 0.00>
ST_6 : Operation 461 [1/1] (0.00ns)   --->   "%specinterface_ln0 = specinterface void @_ssdm_op_SpecInterface, i16 %c_out, void @empty_0, i32 0, i32 0, void @empty_47, i32 0, i32 0, void @empty_1, void @empty_22, void @empty_47, i32 0, i32 0, i32 0, i32 0, void @empty_47, void @empty_47, i32 4294967295, i32 0"   --->   Operation 461 'specinterface' 'specinterface_ln0' <Predicate = true> <Delay = 0.00>
ST_6 : Operation 462 [1/1] (0.00ns)   --->   "%specinterface_ln0 = specinterface void @_ssdm_op_SpecInterface, i16 %c_out, void @empty_41, i32 0, i32 0, void @empty_47, i32 0, i32 0, void @empty_47, void @empty_47, void @empty_47, i32 0, i32 0, i32 0, i32 0, void @empty_47, void @empty_47, i32 4294967295, i32 0"   --->   Operation 462 'specinterface' 'specinterface_ln0' <Predicate = true> <Delay = 0.00>
ST_6 : Operation 463 [1/1] (0.00ns)   --->   "%specbitsmap_ln0 = specbitsmap void @_ssdm_op_SpecBitsMap, i16 %h_w"   --->   Operation 463 'specbitsmap' 'specbitsmap_ln0' <Predicate = true> <Delay = 0.00>
ST_6 : Operation 464 [1/1] (0.00ns)   --->   "%specinterface_ln0 = specinterface void @_ssdm_op_SpecInterface, i16 %h_w, void @empty_0, i32 0, i32 0, void @empty_47, i32 0, i32 0, void @empty_1, void @empty_48, void @empty_47, i32 0, i32 0, i32 0, i32 0, void @empty_47, void @empty_47, i32 4294967295, i32 0"   --->   Operation 464 'specinterface' 'specinterface_ln0' <Predicate = true> <Delay = 0.00>
ST_6 : Operation 465 [1/1] (0.00ns)   --->   "%specinterface_ln0 = specinterface void @_ssdm_op_SpecInterface, i16 %h_w, void @empty_41, i32 0, i32 0, void @empty_47, i32 0, i32 0, void @empty_47, void @empty_47, void @empty_47, i32 0, i32 0, i32 0, i32 0, void @empty_47, void @empty_47, i32 4294967295, i32 0"   --->   Operation 465 'specinterface' 'specinterface_ln0' <Predicate = true> <Delay = 0.00>
ST_6 : Operation 466 [1/1] (0.00ns)   --->   "%specbitsmap_ln0 = specbitsmap void @_ssdm_op_SpecBitsMap, i16 %c_reduce"   --->   Operation 466 'specbitsmap' 'specbitsmap_ln0' <Predicate = true> <Delay = 0.00>
ST_6 : Operation 467 [1/1] (0.00ns)   --->   "%specinterface_ln0 = specinterface void @_ssdm_op_SpecInterface, i16 %c_reduce, void @empty_0, i32 0, i32 0, void @empty_47, i32 0, i32 0, void @empty_1, void @empty_24, void @empty_47, i32 0, i32 0, i32 0, i32 0, void @empty_47, void @empty_47, i32 4294967295, i32 0"   --->   Operation 467 'specinterface' 'specinterface_ln0' <Predicate = true> <Delay = 0.00>
ST_6 : Operation 468 [1/1] (0.00ns)   --->   "%specinterface_ln0 = specinterface void @_ssdm_op_SpecInterface, i16 %c_reduce, void @empty_41, i32 0, i32 0, void @empty_47, i32 0, i32 0, void @empty_47, void @empty_47, void @empty_47, i32 0, i32 0, i32 0, i32 0, void @empty_47, void @empty_47, i32 4294967295, i32 0"   --->   Operation 468 'specinterface' 'specinterface_ln0' <Predicate = true> <Delay = 0.00>
ST_6 : Operation 469 [1/1] (0.00ns)   --->   "%specbitsmap_ln0 = specbitsmap void @_ssdm_op_SpecBitsMap, i8 %stride"   --->   Operation 469 'specbitsmap' 'specbitsmap_ln0' <Predicate = true> <Delay = 0.00>
ST_6 : Operation 470 [1/1] (0.00ns)   --->   "%specinterface_ln0 = specinterface void @_ssdm_op_SpecInterface, i8 %stride, void @empty_0, i32 0, i32 0, void @empty_47, i32 0, i32 0, void @empty_1, void @empty_25, void @empty_47, i32 0, i32 0, i32 0, i32 0, void @empty_47, void @empty_47, i32 4294967295, i32 0"   --->   Operation 470 'specinterface' 'specinterface_ln0' <Predicate = true> <Delay = 0.00>
ST_6 : Operation 471 [1/1] (0.00ns)   --->   "%specinterface_ln0 = specinterface void @_ssdm_op_SpecInterface, i8 %stride, void @empty_41, i32 0, i32 0, void @empty_47, i32 0, i32 0, void @empty_47, void @empty_47, void @empty_47, i32 0, i32 0, i32 0, i32 0, void @empty_47, void @empty_47, i32 4294967295, i32 0"   --->   Operation 471 'specinterface' 'specinterface_ln0' <Predicate = true> <Delay = 0.00>
ST_6 : Operation 472 [1/1] (0.00ns)   --->   "%specinterface_ln0 = specinterface void @_ssdm_op_SpecInterface, i32 0, void @empty_0, i32 0, i32 0, void @empty_47, i32 0, i32 0, void @empty_1, void @empty_47, void @empty_47, i32 0, i32 0, i32 0, i32 0, void @empty_47, void @empty_47, i32 4294967295, i32 0"   --->   Operation 472 'specinterface' 'specinterface_ln0' <Predicate = true> <Delay = 0.00>
ST_6 : Operation 473 [1/1] (2.13ns)   --->   "%icmp_ln1027 = icmp_ne  i16 %h_w_read, i16 0"   --->   Operation 473 'icmp' 'icmp_ln1027' <Predicate = true> <Delay = 2.13> <CoreInst = "Cmp">   --->   Core 9 'Cmp' <Latency = 0> <II = 1> <Delay = 2.13> <FuncUnit> <Opcode : 'icmp'> <InPorts = 2> <OutPorts = 1>
ST_6 : Operation 474 [1/1] (0.00ns)   --->   "%zext_ln162 = zext i15 %c_in_half_V" [../../ip/ip2/channel_shuffle.cpp:162]   --->   Operation 474 'zext' 'zext_ln162' <Predicate = true> <Delay = 0.00>
ST_6 : Operation 475 [1/2] (0.00ns)   --->   "%call_ln186 = call void @shufflenet_block_Pipeline_VITIS_LOOP_162_1_VITIS_LOOP_163_2_VITIS_LOOP_165_3, i15 %c_in_half_V, i8 %gmem_out, i8 %gmem_in, i64 %mul_ln101_1, i48 %mul_ln101, i16 %c_in_read, i1 %empty, i16 %h_w_read, i64 %in_r_read, i64 %out_r_read"   --->   Operation 475 'call' 'call_ln186' <Predicate = true> <Delay = 0.00> <CoreType = "Generic">   --->   Core 0 '' <Latency = 0> <II = 1> <Delay = 1.00> <Generic> <Opcode : >
ST_6 : Operation 476 [1/1] (0.00ns)   --->   "%specmemcore_ln179 = specmemcore void @_ssdm_op_SpecMemCore, i8 %conv_branch_V, i64 666, i64 211, i64 18446744073709551615" [../../ip/ip2/channel_shuffle.cpp:179]   --->   Operation 476 'specmemcore' 'specmemcore_ln179' <Predicate = true> <Delay = 0.00>
ST_6 : Operation 477 [1/1] (0.00ns)   --->   "%c_reduce_cast = zext i16 %c_reduce_read" [../../ip/ip2/channel_shuffle.cpp:101]   --->   Operation 477 'zext' 'c_reduce_cast' <Predicate = true> <Delay = 0.00>
ST_6 : Operation 478 [1/1] (0.00ns)   --->   "%zext_ln1027 = zext i16 %h_w_read"   --->   Operation 478 'zext' 'zext_ln1027' <Predicate = true> <Delay = 0.00>
ST_6 : Operation 479 [1/1] (2.06ns)   --->   "%icmp_ln1027_2 = icmp_ne  i15 %c_in_half_V, i15 0"   --->   Operation 479 'icmp' 'icmp_ln1027_2' <Predicate = true> <Delay = 2.06> <CoreInst = "Cmp">   --->   Core 9 'Cmp' <Latency = 0> <II = 1> <Delay = 2.06> <FuncUnit> <Opcode : 'icmp'> <InPorts = 2> <OutPorts = 1>
ST_6 : Operation 480 [1/4] (0.00ns) (root node of the DSP)   --->   "%ret_V_11 = mul i32 %rhs_6, i32 %rhs_6"   --->   Operation 480 'mul' 'ret_V_11' <Predicate = true> <Delay = 0.00> <CoreInst = "DSP48">   --->   Core 119 'DSP48' <Latency = 3> <II = 1> <Delay = 1.82> <IPBlock> <Opcode : 'mul' 'add' 'sub' 'select'> <InPorts = 0> <OutPorts = 1> <Sync> <CReg>
ST_6 : Operation 481 [1/1] (3.29ns)   --->   "%mul_ln186 = mul i6 %trunc_ln101, i6 %trunc_ln101"   --->   Operation 481 'mul' 'mul_ln186' <Predicate = true> <Delay = 3.29> <CoreInst = "Multiplier">   --->   Core 3 'Multiplier' <Latency = 0> <II = 1> <Delay = 3.29> <FuncUnit> <Opcode : 'mul'> <InPorts = 2> <OutPorts = 1>
ST_6 : Operation 482 [1/1] (0.00ns)   --->   "%br_ln188 = br void %VITIS_LOOP_193_6" [../../ip/ip2/channel_shuffle.cpp:188]   --->   Operation 482 'br' 'br_ln188' <Predicate = true> <Delay = 0.00>

State 7 <SV = 6> <Delay = 4.58>
ST_7 : Operation 483 [1/1] (0.00ns)   --->   "%indvar_flatten49_load = load i32 %indvar_flatten49"   --->   Operation 483 'load' 'indvar_flatten49_load' <Predicate = true> <Delay = 0.00>
ST_7 : Operation 484 [1/1] (1.96ns)   --->   "%icmp_ln1027_5 = icmp_eq  i32 %indvar_flatten49_load, i32 %ret_V_11"   --->   Operation 484 'icmp' 'icmp_ln1027_5' <Predicate = true> <Delay = 1.96> <CoreInst = "Cmp">   --->   Core 9 'Cmp' <Latency = 0> <II = 1> <Delay = 1.96> <FuncUnit> <Opcode : 'icmp'> <InPorts = 2> <OutPorts = 1>
ST_7 : Operation 485 [1/1] (1.89ns)   --->   "%add_ln1027 = add i32 %indvar_flatten49_load, i32 1"   --->   Operation 485 'add' 'add_ln1027' <Predicate = true> <Delay = 1.89> <CoreInst = "Adder">   --->   Core 1 'Adder' <Latency = 0> <II = 1> <Delay = 1.89> <FuncUnit> <Opcode : 'add' 'sub'> <InPorts = 2> <OutPorts = 1>
ST_7 : Operation 486 [1/1] (0.00ns)   --->   "%br_ln1027 = br i1 %icmp_ln1027_5, void %for.inc111, void %VITIS_LOOP_228_9.loopexit"   --->   Operation 486 'br' 'br_ln1027' <Predicate = true> <Delay = 0.00>
ST_7 : Operation 487 [1/1] (0.00ns)   --->   "%w_V_1_load = load i16 %w_V_1"   --->   Operation 487 'load' 'w_V_1_load' <Predicate = (!icmp_ln1027_5)> <Delay = 0.00>
ST_7 : Operation 488 [1/1] (0.00ns)   --->   "%h_V_load = load i16 %h_V"   --->   Operation 488 'load' 'h_V_load' <Predicate = (!icmp_ln1027_5)> <Delay = 0.00>
ST_7 : Operation 489 [1/1] (2.13ns)   --->   "%icmp_ln1027_6 = icmp_eq  i16 %w_V_1_load, i16 %h_w_read"   --->   Operation 489 'icmp' 'icmp_ln1027_6' <Predicate = (!icmp_ln1027_5)> <Delay = 2.13> <CoreInst = "Cmp">   --->   Core 9 'Cmp' <Latency = 0> <II = 1> <Delay = 2.13> <FuncUnit> <Opcode : 'icmp'> <InPorts = 2> <OutPorts = 1>
ST_7 : Operation 490 [1/1] (1.54ns)   --->   "%add_ln840 = add i16 %h_V_load, i16 1"   --->   Operation 490 'add' 'add_ln840' <Predicate = (!icmp_ln1027_5)> <Delay = 1.54> <CoreInst = "Adder">   --->   Core 1 'Adder' <Latency = 0> <II = 1> <Delay = 1.54> <FuncUnit> <Opcode : 'add' 'sub'> <InPorts = 2> <OutPorts = 1>
ST_7 : Operation 491 [1/1] (0.62ns)   --->   "%select_ln1027_5 = select i1 %icmp_ln1027_6, i16 %add_ln840, i16 %h_V_load"   --->   Operation 491 'select' 'select_ln1027_5' <Predicate = (!icmp_ln1027_5)> <Delay = 0.62> <CoreInst = "Sel">   --->   Core 73 'Sel' <Latency = 0> <II = 1> <Delay = 0.62> <FuncUnit> <Opcode : 'select'> <InPorts = 3> <OutPorts = 1>
ST_7 : Operation 492 [1/1] (0.00ns)   --->   "%zext_ln1027_2 = zext i16 %select_ln1027_5"   --->   Operation 492 'zext' 'zext_ln1027_2' <Predicate = (!icmp_ln1027_5)> <Delay = 0.00>
ST_7 : Operation 493 [4/4] (1.82ns) (root node of the DSP)   --->   "%mul_ln1027 = mul i32 %zext_ln1027_2, i32 %rhs_6"   --->   Operation 493 'mul' 'mul_ln1027' <Predicate = (!icmp_ln1027_5)> <Delay = 1.82> <CoreInst = "DSP48">   --->   Core 119 'DSP48' <Latency = 3> <II = 1> <Delay = 1.82> <IPBlock> <Opcode : 'mul' 'add' 'sub' 'select'> <InPorts = 0> <OutPorts = 1> <Sync> <CReg>
ST_7 : Operation 494 [1/1] (0.00ns)   --->   "%lhs_V = alloca i32 1"   --->   Operation 494 'alloca' 'lhs_V' <Predicate = (icmp_ln1027_5)> <Delay = 0.00>
ST_7 : Operation 495 [1/1] (0.00ns)   --->   "%h_V_1 = alloca i32 1"   --->   Operation 495 'alloca' 'h_V_1' <Predicate = (icmp_ln1027_5)> <Delay = 0.00>
ST_7 : Operation 496 [1/1] (0.00ns)   --->   "%indvar_flatten58 = alloca i32 1"   --->   Operation 496 'alloca' 'indvar_flatten58' <Predicate = (icmp_ln1027_5)> <Delay = 0.00>
ST_7 : Operation 497 [1/1] (0.00ns)   --->   "%gmem_bn2_addr = getelementptr i8 %gmem_bn2, i64 %bn2_mean_read" [../../ip/ip2/channel_shuffle.cpp:101]   --->   Operation 497 'getelementptr' 'gmem_bn2_addr' <Predicate = (icmp_ln1027_5)> <Delay = 0.00>
ST_7 : Operation 498 [1/1] (0.00ns)   --->   "%gmem_bn2_addr_1 = getelementptr i8 %gmem_bn2, i64 %bn2_var_read" [../../ip/ip2/channel_shuffle.cpp:101]   --->   Operation 498 'getelementptr' 'gmem_bn2_addr_1' <Predicate = (icmp_ln1027_5)> <Delay = 0.00>
ST_7 : Operation 499 [1/1] (0.00ns)   --->   "%gmem_bn2_addr_2 = getelementptr i8 %gmem_bn2, i64 %bn2_gamma_read" [../../ip/ip2/channel_shuffle.cpp:101]   --->   Operation 499 'getelementptr' 'gmem_bn2_addr_2' <Predicate = (icmp_ln1027_5)> <Delay = 0.00>
ST_7 : Operation 500 [1/1] (0.00ns)   --->   "%gmem_bn2_addr_3 = getelementptr i8 %gmem_bn2, i64 %bn2_beta_read" [../../ip/ip2/channel_shuffle.cpp:101]   --->   Operation 500 'getelementptr' 'gmem_bn2_addr_3' <Predicate = (icmp_ln1027_5)> <Delay = 0.00>
ST_7 : Operation 501 [1/1] (1.29ns)   --->   "%store_ln228 = store i32 0, i32 %indvar_flatten58" [../../ip/ip2/channel_shuffle.cpp:228]   --->   Operation 501 'store' 'store_ln228' <Predicate = (icmp_ln1027_5)> <Delay = 1.29>
ST_7 : Operation 502 [1/1] (1.29ns)   --->   "%store_ln228 = store i16 0, i16 %h_V_1" [../../ip/ip2/channel_shuffle.cpp:228]   --->   Operation 502 'store' 'store_ln228' <Predicate = (icmp_ln1027_5)> <Delay = 1.29>
ST_7 : Operation 503 [1/1] (1.29ns)   --->   "%store_ln228 = store i16 0, i16 %lhs_V" [../../ip/ip2/channel_shuffle.cpp:228]   --->   Operation 503 'store' 'store_ln228' <Predicate = (icmp_ln1027_5)> <Delay = 1.29>

State 8 <SV = 7> <Delay = 1.82>
ST_8 : Operation 504 [3/4] (1.82ns) (root node of the DSP)   --->   "%mul_ln1027 = mul i32 %zext_ln1027_2, i32 %rhs_6"   --->   Operation 504 'mul' 'mul_ln1027' <Predicate = true> <Delay = 1.82> <CoreInst = "DSP48">   --->   Core 119 'DSP48' <Latency = 3> <II = 1> <Delay = 1.82> <IPBlock> <Opcode : 'mul' 'add' 'sub' 'select'> <InPorts = 0> <OutPorts = 1> <Sync> <CReg>

State 9 <SV = 8> <Delay = 1.82>
ST_9 : Operation 505 [2/4] (1.82ns) (root node of the DSP)   --->   "%mul_ln1027 = mul i32 %zext_ln1027_2, i32 %rhs_6"   --->   Operation 505 'mul' 'mul_ln1027' <Predicate = true> <Delay = 1.82> <CoreInst = "DSP48">   --->   Core 119 'DSP48' <Latency = 3> <II = 1> <Delay = 1.82> <IPBlock> <Opcode : 'mul' 'add' 'sub' 'select'> <InPorts = 0> <OutPorts = 1> <Sync> <CReg>

State 10 <SV = 9> <Delay = 2.52>
ST_10 : Operation 506 [1/1] (0.00ns)   --->   "%specloopname_ln0 = specloopname void @_ssdm_op_SpecLoopName, void @VITIS_LOOP_188_4_VITIS_LOOP_189_5_str"   --->   Operation 506 'specloopname' 'specloopname_ln0' <Predicate = true> <Delay = 0.00>
ST_10 : Operation 507 [1/1] (0.00ns)   --->   "%speclooptripcount_ln0 = speclooptripcount void @_ssdm_op_SpecLoopTripCount, i64 0, i64 33553920, i64 0"   --->   Operation 507 'speclooptripcount' 'speclooptripcount_ln0' <Predicate = true> <Delay = 0.00>
ST_10 : Operation 508 [1/1] (0.62ns)   --->   "%select_ln1027 = select i1 %icmp_ln1027_6, i16 0, i16 %w_V_1_load"   --->   Operation 508 'select' 'select_ln1027' <Predicate = true> <Delay = 0.62> <CoreInst = "Sel">   --->   Core 73 'Sel' <Latency = 0> <II = 1> <Delay = 0.62> <FuncUnit> <Opcode : 'select'> <InPorts = 3> <OutPorts = 1>
ST_10 : Operation 509 [1/4] (0.00ns) (root node of the DSP)   --->   "%mul_ln1027 = mul i32 %zext_ln1027_2, i32 %rhs_6"   --->   Operation 509 'mul' 'mul_ln1027' <Predicate = true> <Delay = 0.00> <CoreInst = "DSP48">   --->   Core 119 'DSP48' <Latency = 3> <II = 1> <Delay = 1.82> <IPBlock> <Opcode : 'mul' 'add' 'sub' 'select'> <InPorts = 0> <OutPorts = 1> <Sync> <CReg>
ST_10 : Operation 510 [1/1] (0.00ns)   --->   "%trunc_ln1027 = trunc i32 %mul_ln1027"   --->   Operation 510 'trunc' 'trunc_ln1027' <Predicate = true> <Delay = 0.00>
ST_10 : Operation 511 [1/1] (0.00ns)   --->   "%trunc_ln1027_1 = trunc i16 %select_ln1027"   --->   Operation 511 'trunc' 'trunc_ln1027_1' <Predicate = true> <Delay = 0.00>
ST_10 : Operation 512 [1/1] (0.00ns)   --->   "%specpipeline_ln190 = specpipeline void @_ssdm_op_SpecPipeline, i32 1, i32 0, i32 0, i32 0, void @empty_47" [../../ip/ip2/channel_shuffle.cpp:190]   --->   Operation 512 'specpipeline' 'specpipeline_ln190' <Predicate = true> <Delay = 0.00>
ST_10 : Operation 513 [1/1] (0.00ns)   --->   "%specloopname_ln189 = specloopname void @_ssdm_op_SpecLoopName, void @empty_44" [../../ip/ip2/channel_shuffle.cpp:189]   --->   Operation 513 'specloopname' 'specloopname_ln189' <Predicate = true> <Delay = 0.00>
ST_10 : Operation 514 [1/1] (0.00ns)   --->   "%zext_ln186_1 = zext i16 %select_ln1027"   --->   Operation 514 'zext' 'zext_ln186_1' <Predicate = true> <Delay = 0.00>
ST_10 : Operation 515 [1/1] (1.89ns)   --->   "%add_ln186_1 = add i32 %mul_ln1027, i32 %zext_ln186_1"   --->   Operation 515 'add' 'add_ln186_1' <Predicate = true> <Delay = 1.89> <CoreInst = "Adder">   --->   Core 1 'Adder' <Latency = 0> <II = 1> <Delay = 1.89> <FuncUnit> <Opcode : 'add' 'sub'> <InPorts = 2> <OutPorts = 1>
ST_10 : Operation 516 [1/1] (1.29ns)   --->   "%br_ln193 = br void %for.body54" [../../ip/ip2/channel_shuffle.cpp:193]   --->   Operation 516 'br' 'br_ln193' <Predicate = true> <Delay = 1.29>

State 11 <SV = 10> <Delay = 3.43>
ST_11 : Operation 517 [1/1] (0.00ns)   --->   "%indvars_iv64 = phi i16 %add_ln193_1, void %for.inc105, i16 0, void %for.inc111" [../../ip/ip2/channel_shuffle.cpp:193]   --->   Operation 517 'phi' 'indvars_iv64' <Predicate = true> <Delay = 0.00>
ST_11 : Operation 518 [1/1] (0.00ns)   --->   "%indvar = phi i16 %add_ln193, void %for.inc105, i16 0, void %for.inc111" [../../ip/ip2/channel_shuffle.cpp:193]   --->   Operation 518 'phi' 'indvar' <Predicate = true> <Delay = 0.00>
ST_11 : Operation 519 [1/1] (0.00ns)   --->   "%cr_group_V_5 = phi i16 %cr_end_V, void %for.inc105, i16 0, void %for.inc111"   --->   Operation 519 'phi' 'cr_group_V_5' <Predicate = true> <Delay = 0.00>
ST_11 : Operation 520 [1/1] (2.13ns)   --->   "%icmp_ln1027_8 = icmp_ult  i16 %cr_group_V_5, i16 %c_reduce_read"   --->   Operation 520 'icmp' 'icmp_ln1027_8' <Predicate = true> <Delay = 2.13> <CoreInst = "Cmp">   --->   Core 9 'Cmp' <Latency = 0> <II = 1> <Delay = 2.13> <FuncUnit> <Opcode : 'icmp'> <InPorts = 2> <OutPorts = 1>
ST_11 : Operation 521 [1/1] (1.54ns)   --->   "%add_ln193 = add i16 %indvar, i16 1" [../../ip/ip2/channel_shuffle.cpp:193]   --->   Operation 521 'add' 'add_ln193' <Predicate = true> <Delay = 1.54> <CoreInst = "Adder">   --->   Core 1 'Adder' <Latency = 0> <II = 1> <Delay = 1.54> <FuncUnit> <Opcode : 'add' 'sub'> <InPorts = 2> <OutPorts = 1>
ST_11 : Operation 522 [1/1] (0.00ns)   --->   "%br_ln193 = br i1 %icmp_ln1027_8, void %for.inc108.loopexit, void %for.body54.split" [../../ip/ip2/channel_shuffle.cpp:193]   --->   Operation 522 'br' 'br_ln193' <Predicate = true> <Delay = 0.00>
ST_11 : Operation 523 [1/1] (0.00ns)   --->   "%zext_ln186_5 = zext i16 %cr_group_V_5"   --->   Operation 523 'zext' 'zext_ln186_5' <Predicate = (icmp_ln1027_8)> <Delay = 0.00>
ST_11 : Operation 524 [4/4] (1.82ns) (root node of the DSP)   --->   "%mul_ln186_1 = mul i31 %zext_ln186_5, i31 %zext_ln162"   --->   Operation 524 'mul' 'mul_ln186_1' <Predicate = (icmp_ln1027_8)> <Delay = 1.82> <CoreInst = "DSP48">   --->   Core 119 'DSP48' <Latency = 3> <II = 1> <Delay = 1.82> <IPBlock> <Opcode : 'mul' 'add' 'sub' 'select'> <InPorts = 0> <OutPorts = 1> <Sync> <CReg>
ST_11 : Operation 525 [1/1] (1.54ns)   --->   "%w_V_5 = add i16 %select_ln1027, i16 1"   --->   Operation 525 'add' 'w_V_5' <Predicate = (!icmp_ln1027_8)> <Delay = 1.54> <CoreInst = "Adder">   --->   Core 1 'Adder' <Latency = 0> <II = 1> <Delay = 1.54> <FuncUnit> <Opcode : 'add' 'sub'> <InPorts = 2> <OutPorts = 1>
ST_11 : Operation 526 [1/1] (1.29ns)   --->   "%store_ln189 = store i32 %add_ln1027, i32 %indvar_flatten49" [../../ip/ip2/channel_shuffle.cpp:189]   --->   Operation 526 'store' 'store_ln189' <Predicate = (!icmp_ln1027_8)> <Delay = 1.29>
ST_11 : Operation 527 [1/1] (1.29ns)   --->   "%store_ln189 = store i16 %select_ln1027_5, i16 %h_V" [../../ip/ip2/channel_shuffle.cpp:189]   --->   Operation 527 'store' 'store_ln189' <Predicate = (!icmp_ln1027_8)> <Delay = 1.29>
ST_11 : Operation 528 [1/1] (1.29ns)   --->   "%store_ln189 = store i16 %w_V_5, i16 %w_V_1" [../../ip/ip2/channel_shuffle.cpp:189]   --->   Operation 528 'store' 'store_ln189' <Predicate = (!icmp_ln1027_8)> <Delay = 1.29>
ST_11 : Operation 529 [1/1] (0.00ns)   --->   "%br_ln189 = br void %VITIS_LOOP_193_6" [../../ip/ip2/channel_shuffle.cpp:189]   --->   Operation 529 'br' 'br_ln189' <Predicate = (!icmp_ln1027_8)> <Delay = 0.00>

State 12 <SV = 11> <Delay = 1.82>
ST_12 : Operation 530 [3/4] (1.82ns) (root node of the DSP)   --->   "%mul_ln186_1 = mul i31 %zext_ln186_5, i31 %zext_ln162"   --->   Operation 530 'mul' 'mul_ln186_1' <Predicate = true> <Delay = 1.82> <CoreInst = "DSP48">   --->   Core 119 'DSP48' <Latency = 3> <II = 1> <Delay = 1.82> <IPBlock> <Opcode : 'mul' 'add' 'sub' 'select'> <InPorts = 0> <OutPorts = 1> <Sync> <CReg>

State 13 <SV = 12> <Delay = 3.65>
ST_13 : Operation 531 [1/1] (0.00ns)   --->   "%zext_ln186_4 = zext i16 %cr_group_V_5"   --->   Operation 531 'zext' 'zext_ln186_4' <Predicate = true> <Delay = 0.00>
ST_13 : Operation 532 [2/4] (1.82ns) (root node of the DSP)   --->   "%mul_ln186_1 = mul i31 %zext_ln186_5, i31 %zext_ln162"   --->   Operation 532 'mul' 'mul_ln186_1' <Predicate = true> <Delay = 1.82> <CoreInst = "DSP48">   --->   Core 119 'DSP48' <Latency = 3> <II = 1> <Delay = 1.82> <IPBlock> <Opcode : 'mul' 'add' 'sub' 'select'> <InPorts = 0> <OutPorts = 1> <Sync> <CReg>
ST_13 : Operation 533 [1/1] (1.54ns)   --->   "%ret_V = add i17 %zext_ln186_4, i17 16"   --->   Operation 533 'add' 'ret_V' <Predicate = true> <Delay = 1.54> <CoreInst = "Adder">   --->   Core 1 'Adder' <Latency = 0> <II = 1> <Delay = 1.54> <FuncUnit> <Opcode : 'add' 'sub'> <InPorts = 2> <OutPorts = 1>
ST_13 : Operation 534 [1/1] (2.11ns)   --->   "%icmp_ln1035 = icmp_ugt  i17 %ret_V, i17 %c_reduce_cast"   --->   Operation 534 'icmp' 'icmp_ln1035' <Predicate = true> <Delay = 2.11> <CoreInst = "Cmp">   --->   Core 9 'Cmp' <Latency = 0> <II = 1> <Delay = 2.11> <FuncUnit> <Opcode : 'icmp'> <InPorts = 2> <OutPorts = 1>

State 14 <SV = 13> <Delay = 5.53>
ST_14 : Operation 535 [1/1] (0.00ns)   --->   "%specloopname_ln193 = specloopname void @_ssdm_op_SpecLoopName, void @empty_43" [../../ip/ip2/channel_shuffle.cpp:193]   --->   Operation 535 'specloopname' 'specloopname_ln193' <Predicate = true> <Delay = 0.00>
ST_14 : Operation 536 [1/1] (0.00ns)   --->   "%shl_ln186 = shl i16 %indvar, i16 4"   --->   Operation 536 'shl' 'shl_ln186' <Predicate = (icmp_ln1027_2)> <Delay = 0.00>
ST_14 : Operation 537 [1/4] (0.00ns) (root node of the DSP)   --->   "%mul_ln186_1 = mul i31 %zext_ln186_5, i31 %zext_ln162"   --->   Operation 537 'mul' 'mul_ln186_1' <Predicate = true> <Delay = 0.00> <CoreInst = "DSP48">   --->   Core 119 'DSP48' <Latency = 3> <II = 1> <Delay = 1.82> <IPBlock> <Opcode : 'mul' 'add' 'sub' 'select'> <InPorts = 0> <OutPorts = 1> <Sync> <CReg>
ST_14 : Operation 538 [1/1] (0.00ns)   --->   "%zext_ln186_3 = zext i31 %mul_ln186_1"   --->   Operation 538 'zext' 'zext_ln186_3' <Predicate = true> <Delay = 0.00>
ST_14 : Operation 539 [1/1] (2.69ns)   --->   "%add_ln186_2 = add i64 %zext_ln186_3, i64 %conv1_kernel_read"   --->   Operation 539 'add' 'add_ln186_2' <Predicate = true> <Delay = 2.69> <CoreInst = "Adder">   --->   Core 1 'Adder' <Latency = 0> <II = 1> <Delay = 2.69> <FuncUnit> <Opcode : 'add' 'sub'> <InPorts = 2> <OutPorts = 1>
ST_14 : Operation 540 [1/1] (1.54ns)   --->   "%cr_end_V = add i16 %cr_group_V_5, i16 16"   --->   Operation 540 'add' 'cr_end_V' <Predicate = true> <Delay = 1.54> <CoreInst = "Adder">   --->   Core 1 'Adder' <Latency = 0> <II = 1> <Delay = 1.54> <FuncUnit> <Opcode : 'add' 'sub'> <InPorts = 2> <OutPorts = 1>
ST_14 : Operation 541 [1/1] (0.62ns)   --->   "%cr_end_V_1 = select i1 %icmp_ln1035, i16 %c_reduce_read, i16 %cr_end_V" [../../ip/ip2/channel_shuffle.cpp:194]   --->   Operation 541 'select' 'cr_end_V_1' <Predicate = true> <Delay = 0.62> <CoreInst = "Sel">   --->   Core 73 'Sel' <Latency = 0> <II = 1> <Delay = 0.62> <FuncUnit> <Opcode : 'select'> <InPorts = 3> <OutPorts = 1>
ST_14 : Operation 542 [1/1] (2.13ns)   --->   "%icmp_ln1027_10 = icmp_ult  i16 %cr_group_V_5, i16 %cr_end_V_1"   --->   Operation 542 'icmp' 'icmp_ln1027_10' <Predicate = true> <Delay = 2.13> <CoreInst = "Cmp">   --->   Core 9 'Cmp' <Latency = 0> <II = 1> <Delay = 2.13> <FuncUnit> <Opcode : 'icmp'> <InPorts = 2> <OutPorts = 1>
ST_14 : Operation 543 [1/1] (0.00ns)   --->   "%br_ln196 = br i1 %icmp_ln1027_10, void %for.inc105, void %for.body61.lr.ph" [../../ip/ip2/channel_shuffle.cpp:196]   --->   Operation 543 'br' 'br_ln196' <Predicate = true> <Delay = 0.00>
ST_14 : Operation 544 [1/1] (1.54ns)   --->   "%sub_ln196 = sub i16 %cr_end_V_1, i16 %shl_ln186" [../../ip/ip2/channel_shuffle.cpp:196]   --->   Operation 544 'sub' 'sub_ln196' <Predicate = (icmp_ln1027_10 & icmp_ln1027_2)> <Delay = 1.54> <CoreInst = "Adder">   --->   Core 1 'Adder' <Latency = 0> <II = 1> <Delay = 1.54> <FuncUnit> <Opcode : 'add' 'sub'> <InPorts = 2> <OutPorts = 1>
ST_14 : Operation 545 [1/1] (0.00ns)   --->   "%zext_ln196 = zext i16 %sub_ln196" [../../ip/ip2/channel_shuffle.cpp:196]   --->   Operation 545 'zext' 'zext_ln196' <Predicate = (icmp_ln1027_10 & icmp_ln1027_2)> <Delay = 0.00>
ST_14 : Operation 546 [4/4] (1.82ns) (root node of the DSP)   --->   "%mul_ln196 = mul i31 %zext_ln196, i31 %zext_ln162" [../../ip/ip2/channel_shuffle.cpp:196]   --->   Operation 546 'mul' 'mul_ln196' <Predicate = (icmp_ln1027_10 & icmp_ln1027_2)> <Delay = 1.82> <CoreInst = "DSP48">   --->   Core 119 'DSP48' <Latency = 3> <II = 1> <Delay = 1.82> <IPBlock> <Opcode : 'mul' 'add' 'sub' 'select'> <InPorts = 0> <OutPorts = 1> <Sync> <CReg>
ST_14 : Operation 547 [1/1] (0.00ns)   --->   "%gmem_weights1_addr = getelementptr i8 %gmem_weights1, i64 %add_ln186_2" [../../ip/ip2/channel_shuffle.cpp:196]   --->   Operation 547 'getelementptr' 'gmem_weights1_addr' <Predicate = (icmp_ln1027_10)> <Delay = 0.00>

State 15 <SV = 14> <Delay = 1.82>
ST_15 : Operation 548 [3/4] (1.82ns) (root node of the DSP)   --->   "%mul_ln196 = mul i31 %zext_ln196, i31 %zext_ln162" [../../ip/ip2/channel_shuffle.cpp:196]   --->   Operation 548 'mul' 'mul_ln196' <Predicate = (icmp_ln1027_2)> <Delay = 1.82> <CoreInst = "DSP48">   --->   Core 119 'DSP48' <Latency = 3> <II = 1> <Delay = 1.82> <IPBlock> <Opcode : 'mul' 'add' 'sub' 'select'> <InPorts = 0> <OutPorts = 1> <Sync> <CReg>

State 16 <SV = 15> <Delay = 1.82>
ST_16 : Operation 549 [2/4] (1.82ns) (root node of the DSP)   --->   "%mul_ln196 = mul i31 %zext_ln196, i31 %zext_ln162" [../../ip/ip2/channel_shuffle.cpp:196]   --->   Operation 549 'mul' 'mul_ln196' <Predicate = (icmp_ln1027_2)> <Delay = 1.82> <CoreInst = "DSP48">   --->   Core 119 'DSP48' <Latency = 3> <II = 1> <Delay = 1.82> <IPBlock> <Opcode : 'mul' 'add' 'sub' 'select'> <InPorts = 0> <OutPorts = 1> <Sync> <CReg>

State 17 <SV = 16> <Delay = 0.71>
ST_17 : Operation 550 [1/4] (0.00ns) (root node of the DSP)   --->   "%mul_ln196 = mul i31 %zext_ln196, i31 %zext_ln162" [../../ip/ip2/channel_shuffle.cpp:196]   --->   Operation 550 'mul' 'mul_ln196' <Predicate = (icmp_ln1027_2)> <Delay = 0.00> <CoreInst = "DSP48">   --->   Core 119 'DSP48' <Latency = 3> <II = 1> <Delay = 1.82> <IPBlock> <Opcode : 'mul' 'add' 'sub' 'select'> <InPorts = 0> <OutPorts = 1> <Sync> <CReg>
ST_17 : Operation 551 [1/1] (0.71ns)   --->   "%select_ln196 = select i1 %icmp_ln1027_2, i31 %mul_ln196, i31 0" [../../ip/ip2/channel_shuffle.cpp:196]   --->   Operation 551 'select' 'select_ln196' <Predicate = true> <Delay = 0.71> <CoreInst = "Sel">   --->   Core 73 'Sel' <Latency = 0> <II = 1> <Delay = 0.71> <FuncUnit> <Opcode : 'select'> <InPorts = 3> <OutPorts = 1>

State 18 <SV = 17> <Delay = 7.30>
ST_18 : Operation 552 [7/7] (7.30ns)   --->   "%gmem_bn1_load_req = readreq i1 @_ssdm_op_ReadReq.m_axi.i8P1A, i8 %gmem_bn1_addr, i32 1" [../../ip/ip2/channel_shuffle.cpp:101]   --->   Operation 552 'readreq' 'gmem_bn1_load_req' <Predicate = true> <Delay = 7.30> <CoreInst = "m_axi">   --->   Core 113 'm_axi' <Latency = 0> <II = 1> <Delay = 1.00> <Adapter> <Opcode : 'read' 'write' 'readreq' 'writereq' 'writeresp'>
ST_18 : Operation 553 [1/1] (0.00ns)   --->   "%zext_ln196_1 = zext i31 %select_ln196" [../../ip/ip2/channel_shuffle.cpp:196]   --->   Operation 553 'zext' 'zext_ln196_1' <Predicate = true> <Delay = 0.00>
ST_18 : Operation 554 [7/7] (7.30ns)   --->   "%empty_75 = readreq i1 @_ssdm_op_ReadReq.m_axi.p1i8, i8 %gmem_weights1_addr, i32 %zext_ln196_1" [../../ip/ip2/channel_shuffle.cpp:196]   --->   Operation 554 'readreq' 'empty_75' <Predicate = true> <Delay = 7.30> <CoreInst = "m_axi">   --->   Core 113 'm_axi' <Latency = 0> <II = 1> <Delay = 1.00> <Adapter> <Opcode : 'read' 'write' 'readreq' 'writereq' 'writeresp'>

State 19 <SV = 18> <Delay = 7.30>
ST_19 : Operation 555 [6/7] (7.30ns)   --->   "%gmem_bn1_load_req = readreq i1 @_ssdm_op_ReadReq.m_axi.i8P1A, i8 %gmem_bn1_addr, i32 1" [../../ip/ip2/channel_shuffle.cpp:101]   --->   Operation 555 'readreq' 'gmem_bn1_load_req' <Predicate = true> <Delay = 7.30> <CoreInst = "m_axi">   --->   Core 113 'm_axi' <Latency = 0> <II = 1> <Delay = 1.00> <Adapter> <Opcode : 'read' 'write' 'readreq' 'writereq' 'writeresp'>
ST_19 : Operation 556 [7/7] (7.30ns)   --->   "%gmem_bn1_load_1_req = readreq i1 @_ssdm_op_ReadReq.m_axi.i8P1A, i8 %gmem_bn1_addr_1, i32 1" [../../ip/ip2/channel_shuffle.cpp:101]   --->   Operation 556 'readreq' 'gmem_bn1_load_1_req' <Predicate = true> <Delay = 7.30> <CoreInst = "m_axi">   --->   Core 113 'm_axi' <Latency = 0> <II = 1> <Delay = 1.00> <Adapter> <Opcode : 'read' 'write' 'readreq' 'writereq' 'writeresp'>
ST_19 : Operation 557 [6/7] (7.30ns)   --->   "%empty_75 = readreq i1 @_ssdm_op_ReadReq.m_axi.p1i8, i8 %gmem_weights1_addr, i32 %zext_ln196_1" [../../ip/ip2/channel_shuffle.cpp:196]   --->   Operation 557 'readreq' 'empty_75' <Predicate = true> <Delay = 7.30> <CoreInst = "m_axi">   --->   Core 113 'm_axi' <Latency = 0> <II = 1> <Delay = 1.00> <Adapter> <Opcode : 'read' 'write' 'readreq' 'writereq' 'writeresp'>

State 20 <SV = 19> <Delay = 7.30>
ST_20 : Operation 558 [5/7] (7.30ns)   --->   "%gmem_bn1_load_req = readreq i1 @_ssdm_op_ReadReq.m_axi.i8P1A, i8 %gmem_bn1_addr, i32 1" [../../ip/ip2/channel_shuffle.cpp:101]   --->   Operation 558 'readreq' 'gmem_bn1_load_req' <Predicate = true> <Delay = 7.30> <CoreInst = "m_axi">   --->   Core 113 'm_axi' <Latency = 0> <II = 1> <Delay = 1.00> <Adapter> <Opcode : 'read' 'write' 'readreq' 'writereq' 'writeresp'>
ST_20 : Operation 559 [6/7] (7.30ns)   --->   "%gmem_bn1_load_1_req = readreq i1 @_ssdm_op_ReadReq.m_axi.i8P1A, i8 %gmem_bn1_addr_1, i32 1" [../../ip/ip2/channel_shuffle.cpp:101]   --->   Operation 559 'readreq' 'gmem_bn1_load_1_req' <Predicate = true> <Delay = 7.30> <CoreInst = "m_axi">   --->   Core 113 'm_axi' <Latency = 0> <II = 1> <Delay = 1.00> <Adapter> <Opcode : 'read' 'write' 'readreq' 'writereq' 'writeresp'>
ST_20 : Operation 560 [7/7] (7.30ns)   --->   "%gamma_V_1_req = readreq i1 @_ssdm_op_ReadReq.m_axi.i8P1A, i8 %gmem_bn1_addr_2, i32 1" [../../ip/ip2/channel_shuffle.cpp:101]   --->   Operation 560 'readreq' 'gamma_V_1_req' <Predicate = true> <Delay = 7.30> <CoreInst = "m_axi">   --->   Core 113 'm_axi' <Latency = 0> <II = 1> <Delay = 1.00> <Adapter> <Opcode : 'read' 'write' 'readreq' 'writereq' 'writeresp'>
ST_20 : Operation 561 [5/7] (7.30ns)   --->   "%empty_75 = readreq i1 @_ssdm_op_ReadReq.m_axi.p1i8, i8 %gmem_weights1_addr, i32 %zext_ln196_1" [../../ip/ip2/channel_shuffle.cpp:196]   --->   Operation 561 'readreq' 'empty_75' <Predicate = true> <Delay = 7.30> <CoreInst = "m_axi">   --->   Core 113 'm_axi' <Latency = 0> <II = 1> <Delay = 1.00> <Adapter> <Opcode : 'read' 'write' 'readreq' 'writereq' 'writeresp'>

State 21 <SV = 20> <Delay = 7.30>
ST_21 : Operation 562 [4/7] (7.30ns)   --->   "%gmem_bn1_load_req = readreq i1 @_ssdm_op_ReadReq.m_axi.i8P1A, i8 %gmem_bn1_addr, i32 1" [../../ip/ip2/channel_shuffle.cpp:101]   --->   Operation 562 'readreq' 'gmem_bn1_load_req' <Predicate = true> <Delay = 7.30> <CoreInst = "m_axi">   --->   Core 113 'm_axi' <Latency = 0> <II = 1> <Delay = 1.00> <Adapter> <Opcode : 'read' 'write' 'readreq' 'writereq' 'writeresp'>
ST_21 : Operation 563 [5/7] (7.30ns)   --->   "%gmem_bn1_load_1_req = readreq i1 @_ssdm_op_ReadReq.m_axi.i8P1A, i8 %gmem_bn1_addr_1, i32 1" [../../ip/ip2/channel_shuffle.cpp:101]   --->   Operation 563 'readreq' 'gmem_bn1_load_1_req' <Predicate = true> <Delay = 7.30> <CoreInst = "m_axi">   --->   Core 113 'm_axi' <Latency = 0> <II = 1> <Delay = 1.00> <Adapter> <Opcode : 'read' 'write' 'readreq' 'writereq' 'writeresp'>
ST_21 : Operation 564 [6/7] (7.30ns)   --->   "%gamma_V_1_req = readreq i1 @_ssdm_op_ReadReq.m_axi.i8P1A, i8 %gmem_bn1_addr_2, i32 1" [../../ip/ip2/channel_shuffle.cpp:101]   --->   Operation 564 'readreq' 'gamma_V_1_req' <Predicate = true> <Delay = 7.30> <CoreInst = "m_axi">   --->   Core 113 'm_axi' <Latency = 0> <II = 1> <Delay = 1.00> <Adapter> <Opcode : 'read' 'write' 'readreq' 'writereq' 'writeresp'>
ST_21 : Operation 565 [7/7] (7.30ns)   --->   "%beta_V_2_req = readreq i1 @_ssdm_op_ReadReq.m_axi.i8P1A, i8 %gmem_bn1_addr_3, i32 1" [../../ip/ip2/channel_shuffle.cpp:101]   --->   Operation 565 'readreq' 'beta_V_2_req' <Predicate = true> <Delay = 7.30> <CoreInst = "m_axi">   --->   Core 113 'm_axi' <Latency = 0> <II = 1> <Delay = 1.00> <Adapter> <Opcode : 'read' 'write' 'readreq' 'writereq' 'writeresp'>
ST_21 : Operation 566 [4/7] (7.30ns)   --->   "%empty_75 = readreq i1 @_ssdm_op_ReadReq.m_axi.p1i8, i8 %gmem_weights1_addr, i32 %zext_ln196_1" [../../ip/ip2/channel_shuffle.cpp:196]   --->   Operation 566 'readreq' 'empty_75' <Predicate = true> <Delay = 7.30> <CoreInst = "m_axi">   --->   Core 113 'm_axi' <Latency = 0> <II = 1> <Delay = 1.00> <Adapter> <Opcode : 'read' 'write' 'readreq' 'writereq' 'writeresp'>

State 22 <SV = 21> <Delay = 7.30>
ST_22 : Operation 567 [3/7] (7.30ns)   --->   "%gmem_bn1_load_req = readreq i1 @_ssdm_op_ReadReq.m_axi.i8P1A, i8 %gmem_bn1_addr, i32 1" [../../ip/ip2/channel_shuffle.cpp:101]   --->   Operation 567 'readreq' 'gmem_bn1_load_req' <Predicate = true> <Delay = 7.30> <CoreInst = "m_axi">   --->   Core 113 'm_axi' <Latency = 0> <II = 1> <Delay = 1.00> <Adapter> <Opcode : 'read' 'write' 'readreq' 'writereq' 'writeresp'>
ST_22 : Operation 568 [4/7] (7.30ns)   --->   "%gmem_bn1_load_1_req = readreq i1 @_ssdm_op_ReadReq.m_axi.i8P1A, i8 %gmem_bn1_addr_1, i32 1" [../../ip/ip2/channel_shuffle.cpp:101]   --->   Operation 568 'readreq' 'gmem_bn1_load_1_req' <Predicate = true> <Delay = 7.30> <CoreInst = "m_axi">   --->   Core 113 'm_axi' <Latency = 0> <II = 1> <Delay = 1.00> <Adapter> <Opcode : 'read' 'write' 'readreq' 'writereq' 'writeresp'>
ST_22 : Operation 569 [5/7] (7.30ns)   --->   "%gamma_V_1_req = readreq i1 @_ssdm_op_ReadReq.m_axi.i8P1A, i8 %gmem_bn1_addr_2, i32 1" [../../ip/ip2/channel_shuffle.cpp:101]   --->   Operation 569 'readreq' 'gamma_V_1_req' <Predicate = true> <Delay = 7.30> <CoreInst = "m_axi">   --->   Core 113 'm_axi' <Latency = 0> <II = 1> <Delay = 1.00> <Adapter> <Opcode : 'read' 'write' 'readreq' 'writereq' 'writeresp'>
ST_22 : Operation 570 [6/7] (7.30ns)   --->   "%beta_V_2_req = readreq i1 @_ssdm_op_ReadReq.m_axi.i8P1A, i8 %gmem_bn1_addr_3, i32 1" [../../ip/ip2/channel_shuffle.cpp:101]   --->   Operation 570 'readreq' 'beta_V_2_req' <Predicate = true> <Delay = 7.30> <CoreInst = "m_axi">   --->   Core 113 'm_axi' <Latency = 0> <II = 1> <Delay = 1.00> <Adapter> <Opcode : 'read' 'write' 'readreq' 'writereq' 'writeresp'>
ST_22 : Operation 571 [3/7] (7.30ns)   --->   "%empty_75 = readreq i1 @_ssdm_op_ReadReq.m_axi.p1i8, i8 %gmem_weights1_addr, i32 %zext_ln196_1" [../../ip/ip2/channel_shuffle.cpp:196]   --->   Operation 571 'readreq' 'empty_75' <Predicate = true> <Delay = 7.30> <CoreInst = "m_axi">   --->   Core 113 'm_axi' <Latency = 0> <II = 1> <Delay = 1.00> <Adapter> <Opcode : 'read' 'write' 'readreq' 'writereq' 'writeresp'>

State 23 <SV = 22> <Delay = 7.30>
ST_23 : Operation 572 [2/7] (7.30ns)   --->   "%gmem_bn1_load_req = readreq i1 @_ssdm_op_ReadReq.m_axi.i8P1A, i8 %gmem_bn1_addr, i32 1" [../../ip/ip2/channel_shuffle.cpp:101]   --->   Operation 572 'readreq' 'gmem_bn1_load_req' <Predicate = true> <Delay = 7.30> <CoreInst = "m_axi">   --->   Core 113 'm_axi' <Latency = 0> <II = 1> <Delay = 1.00> <Adapter> <Opcode : 'read' 'write' 'readreq' 'writereq' 'writeresp'>
ST_23 : Operation 573 [3/7] (7.30ns)   --->   "%gmem_bn1_load_1_req = readreq i1 @_ssdm_op_ReadReq.m_axi.i8P1A, i8 %gmem_bn1_addr_1, i32 1" [../../ip/ip2/channel_shuffle.cpp:101]   --->   Operation 573 'readreq' 'gmem_bn1_load_1_req' <Predicate = true> <Delay = 7.30> <CoreInst = "m_axi">   --->   Core 113 'm_axi' <Latency = 0> <II = 1> <Delay = 1.00> <Adapter> <Opcode : 'read' 'write' 'readreq' 'writereq' 'writeresp'>
ST_23 : Operation 574 [4/7] (7.30ns)   --->   "%gamma_V_1_req = readreq i1 @_ssdm_op_ReadReq.m_axi.i8P1A, i8 %gmem_bn1_addr_2, i32 1" [../../ip/ip2/channel_shuffle.cpp:101]   --->   Operation 574 'readreq' 'gamma_V_1_req' <Predicate = true> <Delay = 7.30> <CoreInst = "m_axi">   --->   Core 113 'm_axi' <Latency = 0> <II = 1> <Delay = 1.00> <Adapter> <Opcode : 'read' 'write' 'readreq' 'writereq' 'writeresp'>
ST_23 : Operation 575 [5/7] (7.30ns)   --->   "%beta_V_2_req = readreq i1 @_ssdm_op_ReadReq.m_axi.i8P1A, i8 %gmem_bn1_addr_3, i32 1" [../../ip/ip2/channel_shuffle.cpp:101]   --->   Operation 575 'readreq' 'beta_V_2_req' <Predicate = true> <Delay = 7.30> <CoreInst = "m_axi">   --->   Core 113 'm_axi' <Latency = 0> <II = 1> <Delay = 1.00> <Adapter> <Opcode : 'read' 'write' 'readreq' 'writereq' 'writeresp'>
ST_23 : Operation 576 [2/7] (7.30ns)   --->   "%empty_75 = readreq i1 @_ssdm_op_ReadReq.m_axi.p1i8, i8 %gmem_weights1_addr, i32 %zext_ln196_1" [../../ip/ip2/channel_shuffle.cpp:196]   --->   Operation 576 'readreq' 'empty_75' <Predicate = true> <Delay = 7.30> <CoreInst = "m_axi">   --->   Core 113 'm_axi' <Latency = 0> <II = 1> <Delay = 1.00> <Adapter> <Opcode : 'read' 'write' 'readreq' 'writereq' 'writeresp'>

State 24 <SV = 23> <Delay = 7.30>
ST_24 : Operation 577 [1/7] (7.30ns)   --->   "%gmem_bn1_load_req = readreq i1 @_ssdm_op_ReadReq.m_axi.i8P1A, i8 %gmem_bn1_addr, i32 1" [../../ip/ip2/channel_shuffle.cpp:101]   --->   Operation 577 'readreq' 'gmem_bn1_load_req' <Predicate = true> <Delay = 7.30> <CoreInst = "m_axi">   --->   Core 113 'm_axi' <Latency = 0> <II = 1> <Delay = 1.00> <Adapter> <Opcode : 'read' 'write' 'readreq' 'writereq' 'writeresp'>
ST_24 : Operation 578 [2/7] (7.30ns)   --->   "%gmem_bn1_load_1_req = readreq i1 @_ssdm_op_ReadReq.m_axi.i8P1A, i8 %gmem_bn1_addr_1, i32 1" [../../ip/ip2/channel_shuffle.cpp:101]   --->   Operation 578 'readreq' 'gmem_bn1_load_1_req' <Predicate = true> <Delay = 7.30> <CoreInst = "m_axi">   --->   Core 113 'm_axi' <Latency = 0> <II = 1> <Delay = 1.00> <Adapter> <Opcode : 'read' 'write' 'readreq' 'writereq' 'writeresp'>
ST_24 : Operation 579 [3/7] (7.30ns)   --->   "%gamma_V_1_req = readreq i1 @_ssdm_op_ReadReq.m_axi.i8P1A, i8 %gmem_bn1_addr_2, i32 1" [../../ip/ip2/channel_shuffle.cpp:101]   --->   Operation 579 'readreq' 'gamma_V_1_req' <Predicate = true> <Delay = 7.30> <CoreInst = "m_axi">   --->   Core 113 'm_axi' <Latency = 0> <II = 1> <Delay = 1.00> <Adapter> <Opcode : 'read' 'write' 'readreq' 'writereq' 'writeresp'>
ST_24 : Operation 580 [4/7] (7.30ns)   --->   "%beta_V_2_req = readreq i1 @_ssdm_op_ReadReq.m_axi.i8P1A, i8 %gmem_bn1_addr_3, i32 1" [../../ip/ip2/channel_shuffle.cpp:101]   --->   Operation 580 'readreq' 'beta_V_2_req' <Predicate = true> <Delay = 7.30> <CoreInst = "m_axi">   --->   Core 113 'm_axi' <Latency = 0> <II = 1> <Delay = 1.00> <Adapter> <Opcode : 'read' 'write' 'readreq' 'writereq' 'writeresp'>
ST_24 : Operation 581 [1/7] (7.30ns)   --->   "%empty_75 = readreq i1 @_ssdm_op_ReadReq.m_axi.p1i8, i8 %gmem_weights1_addr, i32 %zext_ln196_1" [../../ip/ip2/channel_shuffle.cpp:196]   --->   Operation 581 'readreq' 'empty_75' <Predicate = true> <Delay = 7.30> <CoreInst = "m_axi">   --->   Core 113 'm_axi' <Latency = 0> <II = 1> <Delay = 1.00> <Adapter> <Opcode : 'read' 'write' 'readreq' 'writereq' 'writeresp'>

State 25 <SV = 24> <Delay = 7.30>
ST_25 : Operation 582 [1/1] (7.30ns)   --->   "%gmem_bn1_addr_read = read i8 @_ssdm_op_Read.m_axi.i8P1A, i8 %gmem_bn1_addr" [../../ip/ip2/channel_shuffle.cpp:101]   --->   Operation 582 'read' 'gmem_bn1_addr_read' <Predicate = true> <Delay = 7.30> <CoreInst = "m_axi">   --->   Core 113 'm_axi' <Latency = 0> <II = 1> <Delay = 1.00> <Adapter> <Opcode : 'read' 'write' 'readreq' 'writereq' 'writeresp'>
ST_25 : Operation 583 [1/7] (7.30ns)   --->   "%gmem_bn1_load_1_req = readreq i1 @_ssdm_op_ReadReq.m_axi.i8P1A, i8 %gmem_bn1_addr_1, i32 1" [../../ip/ip2/channel_shuffle.cpp:101]   --->   Operation 583 'readreq' 'gmem_bn1_load_1_req' <Predicate = true> <Delay = 7.30> <CoreInst = "m_axi">   --->   Core 113 'm_axi' <Latency = 0> <II = 1> <Delay = 1.00> <Adapter> <Opcode : 'read' 'write' 'readreq' 'writereq' 'writeresp'>
ST_25 : Operation 584 [2/7] (7.30ns)   --->   "%gamma_V_1_req = readreq i1 @_ssdm_op_ReadReq.m_axi.i8P1A, i8 %gmem_bn1_addr_2, i32 1" [../../ip/ip2/channel_shuffle.cpp:101]   --->   Operation 584 'readreq' 'gamma_V_1_req' <Predicate = true> <Delay = 7.30> <CoreInst = "m_axi">   --->   Core 113 'm_axi' <Latency = 0> <II = 1> <Delay = 1.00> <Adapter> <Opcode : 'read' 'write' 'readreq' 'writereq' 'writeresp'>
ST_25 : Operation 585 [3/7] (7.30ns)   --->   "%beta_V_2_req = readreq i1 @_ssdm_op_ReadReq.m_axi.i8P1A, i8 %gmem_bn1_addr_3, i32 1" [../../ip/ip2/channel_shuffle.cpp:101]   --->   Operation 585 'readreq' 'beta_V_2_req' <Predicate = true> <Delay = 7.30> <CoreInst = "m_axi">   --->   Core 113 'm_axi' <Latency = 0> <II = 1> <Delay = 1.00> <Adapter> <Opcode : 'read' 'write' 'readreq' 'writereq' 'writeresp'>

State 26 <SV = 25> <Delay = 7.30>
ST_26 : Operation 586 [1/1] (7.30ns)   --->   "%gmem_bn1_addr_1_read = read i8 @_ssdm_op_Read.m_axi.i8P1A, i8 %gmem_bn1_addr_1" [../../ip/ip2/channel_shuffle.cpp:101]   --->   Operation 586 'read' 'gmem_bn1_addr_1_read' <Predicate = true> <Delay = 7.30> <CoreInst = "m_axi">   --->   Core 113 'm_axi' <Latency = 0> <II = 1> <Delay = 1.00> <Adapter> <Opcode : 'read' 'write' 'readreq' 'writereq' 'writeresp'>
ST_26 : Operation 587 [1/7] (7.30ns)   --->   "%gamma_V_1_req = readreq i1 @_ssdm_op_ReadReq.m_axi.i8P1A, i8 %gmem_bn1_addr_2, i32 1" [../../ip/ip2/channel_shuffle.cpp:101]   --->   Operation 587 'readreq' 'gamma_V_1_req' <Predicate = true> <Delay = 7.30> <CoreInst = "m_axi">   --->   Core 113 'm_axi' <Latency = 0> <II = 1> <Delay = 1.00> <Adapter> <Opcode : 'read' 'write' 'readreq' 'writereq' 'writeresp'>
ST_26 : Operation 588 [2/7] (7.30ns)   --->   "%beta_V_2_req = readreq i1 @_ssdm_op_ReadReq.m_axi.i8P1A, i8 %gmem_bn1_addr_3, i32 1" [../../ip/ip2/channel_shuffle.cpp:101]   --->   Operation 588 'readreq' 'beta_V_2_req' <Predicate = true> <Delay = 7.30> <CoreInst = "m_axi">   --->   Core 113 'm_axi' <Latency = 0> <II = 1> <Delay = 1.00> <Adapter> <Opcode : 'read' 'write' 'readreq' 'writereq' 'writeresp'>

State 27 <SV = 26> <Delay = 7.30>
ST_27 : Operation 589 [1/1] (7.30ns)   --->   "%gamma_V = read i8 @_ssdm_op_Read.m_axi.i8P1A, i8 %gmem_bn1_addr_2" [../../ip/ip2/channel_shuffle.cpp:101]   --->   Operation 589 'read' 'gamma_V' <Predicate = true> <Delay = 7.30> <CoreInst = "m_axi">   --->   Core 113 'm_axi' <Latency = 0> <II = 1> <Delay = 1.00> <Adapter> <Opcode : 'read' 'write' 'readreq' 'writereq' 'writeresp'>
ST_27 : Operation 590 [1/7] (7.30ns)   --->   "%beta_V_2_req = readreq i1 @_ssdm_op_ReadReq.m_axi.i8P1A, i8 %gmem_bn1_addr_3, i32 1" [../../ip/ip2/channel_shuffle.cpp:101]   --->   Operation 590 'readreq' 'beta_V_2_req' <Predicate = true> <Delay = 7.30> <CoreInst = "m_axi">   --->   Core 113 'm_axi' <Latency = 0> <II = 1> <Delay = 1.00> <Adapter> <Opcode : 'read' 'write' 'readreq' 'writereq' 'writeresp'>

State 28 <SV = 27> <Delay = 7.30>
ST_28 : Operation 591 [1/1] (0.00ns)   --->   "%gamma_V_1_cast = sext i8 %gamma_V" [../../ip/ip2/channel_shuffle.cpp:101]   --->   Operation 591 'sext' 'gamma_V_1_cast' <Predicate = true> <Delay = 0.00>
ST_28 : Operation 592 [1/1] (7.30ns)   --->   "%beta_V_1 = read i8 @_ssdm_op_Read.m_axi.i8P1A, i8 %gmem_bn1_addr_3" [../../ip/ip2/channel_shuffle.cpp:101]   --->   Operation 592 'read' 'beta_V_1' <Predicate = true> <Delay = 7.30> <CoreInst = "m_axi">   --->   Core 113 'm_axi' <Latency = 0> <II = 1> <Delay = 1.00> <Adapter> <Opcode : 'read' 'write' 'readreq' 'writereq' 'writeresp'>
ST_28 : Operation 593 [1/1] (0.00ns)   --->   "%beta_V = sext i8 %beta_V_1" [../../ip/ip2/channel_shuffle.cpp:101]   --->   Operation 593 'sext' 'beta_V' <Predicate = true> <Delay = 0.00>
ST_28 : Operation 594 [1/1] (1.54ns)   --->   "%add_ln196 = add i16 %cr_end_V_1, i16 %indvars_iv64" [../../ip/ip2/channel_shuffle.cpp:196]   --->   Operation 594 'add' 'add_ln196' <Predicate = true> <Delay = 1.54> <CoreInst = "Adder">   --->   Core 1 'Adder' <Latency = 0> <II = 1> <Delay = 1.54> <FuncUnit> <Opcode : 'add' 'sub'> <InPorts = 2> <OutPorts = 1>
ST_28 : Operation 595 [1/1] (0.00ns)   --->   "%tmp = partselect i15 @_ssdm_op_PartSelect.i15.i16.i32.i32, i16 %add_ln196, i32 1, i32 15" [../../ip/ip2/channel_shuffle.cpp:193]   --->   Operation 595 'partselect' 'tmp' <Predicate = true> <Delay = 0.00>
ST_28 : Operation 596 [1/1] (2.06ns)   --->   "%icmp_ln193 = icmp_ne  i15 %tmp, i15 0" [../../ip/ip2/channel_shuffle.cpp:193]   --->   Operation 596 'icmp' 'icmp_ln193' <Predicate = true> <Delay = 2.06> <CoreInst = "Cmp">   --->   Core 9 'Cmp' <Latency = 0> <II = 1> <Delay = 2.06> <FuncUnit> <Opcode : 'icmp'> <InPorts = 2> <OutPorts = 1>
ST_28 : Operation 597 [1/1] (0.62ns)   --->   "%select_ln193 = select i1 %icmp_ln193, i16 %add_ln196, i16 1" [../../ip/ip2/channel_shuffle.cpp:193]   --->   Operation 597 'select' 'select_ln193' <Predicate = true> <Delay = 0.62> <CoreInst = "Sel">   --->   Core 73 'Sel' <Latency = 0> <II = 1> <Delay = 0.62> <FuncUnit> <Opcode : 'select'> <InPorts = 3> <OutPorts = 1>
ST_28 : Operation 598 [1/1] (0.00ns)   --->   "%sext_ln1513_2 = sext i8 %gmem_bn1_addr_read"   --->   Operation 598 'sext' 'sext_ln1513_2' <Predicate = true> <Delay = 0.00>
ST_28 : Operation 599 [1/1] (0.80ns)   --->   "%xor_ln1513_1 = xor i8 %gmem_bn1_addr_1_read, i8 128"   --->   Operation 599 'xor' 'xor_ln1513_1' <Predicate = true> <Delay = 0.80> <CoreInst = "LogicGate">   --->   Core 74 'LogicGate' <Latency = 0> <II = 1> <Delay = 0.80> <FuncUnit> <Opcode : 'and' 'or' 'xor'> <InPorts = 2> <OutPorts = 1>
ST_28 : Operation 600 [1/1] (0.00ns)   --->   "%zext_ln196_2 = zext i8 %xor_ln1513_1" [../../ip/ip2/channel_shuffle.cpp:196]   --->   Operation 600 'zext' 'zext_ln196_2' <Predicate = true> <Delay = 0.00>
ST_28 : Operation 601 [1/1] (0.00ns)   --->   "%sext_ln840 = sext i8 %beta_V_1"   --->   Operation 601 'sext' 'sext_ln840' <Predicate = true> <Delay = 0.00>
ST_28 : Operation 602 [1/1] (1.29ns)   --->   "%br_ln196 = br void %VITIS_LOOP_200_8" [../../ip/ip2/channel_shuffle.cpp:196]   --->   Operation 602 'br' 'br_ln196' <Predicate = true> <Delay = 1.29>

State 29 <SV = 28> <Delay = 2.13>
ST_29 : Operation 603 [1/1] (0.00ns)   --->   "%indvar181 = phi i16 %add_ln196_1, void %for.inc102.loopexit, i16 0, void %for.body61.lr.ph" [../../ip/ip2/channel_shuffle.cpp:196]   --->   Operation 603 'phi' 'indvar181' <Predicate = (icmp_ln1027_10)> <Delay = 0.00>
ST_29 : Operation 604 [1/1] (0.00ns)   --->   "%cr_V = phi i17 %add_ln840_10, void %for.inc102.loopexit, i17 %zext_ln186_4, void %for.body61.lr.ph"   --->   Operation 604 'phi' 'cr_V' <Predicate = (icmp_ln1027_10)> <Delay = 0.00>
ST_29 : Operation 605 [1/1] (2.13ns)   --->   "%icmp_ln196 = icmp_eq  i16 %indvar181, i16 %select_ln193" [../../ip/ip2/channel_shuffle.cpp:196]   --->   Operation 605 'icmp' 'icmp_ln196' <Predicate = (icmp_ln1027_10)> <Delay = 2.13> <CoreInst = "Cmp">   --->   Core 9 'Cmp' <Latency = 0> <II = 1> <Delay = 2.13> <FuncUnit> <Opcode : 'icmp'> <InPorts = 2> <OutPorts = 1>
ST_29 : Operation 606 [1/1] (0.00ns)   --->   "%speclooptripcount_ln0 = speclooptripcount void @_ssdm_op_SpecLoopTripCount, i64 1, i64 65535, i64 0"   --->   Operation 606 'speclooptripcount' 'speclooptripcount_ln0' <Predicate = (icmp_ln1027_10)> <Delay = 0.00>
ST_29 : Operation 607 [1/1] (1.54ns)   --->   "%add_ln196_1 = add i16 %indvar181, i16 1" [../../ip/ip2/channel_shuffle.cpp:196]   --->   Operation 607 'add' 'add_ln196_1' <Predicate = (icmp_ln1027_10)> <Delay = 1.54> <CoreInst = "Adder">   --->   Core 1 'Adder' <Latency = 0> <II = 1> <Delay = 1.54> <FuncUnit> <Opcode : 'add' 'sub'> <InPorts = 2> <OutPorts = 1>
ST_29 : Operation 608 [1/1] (0.00ns)   --->   "%br_ln196 = br i1 %icmp_ln196, void %VITIS_LOOP_200_8.split, void %for.inc105.loopexit" [../../ip/ip2/channel_shuffle.cpp:196]   --->   Operation 608 'br' 'br_ln196' <Predicate = (icmp_ln1027_10)> <Delay = 0.00>
ST_29 : Operation 609 [1/1] (0.00ns)   --->   "%specloopname_ln196 = specloopname void @_ssdm_op_SpecLoopName, void @empty_23" [../../ip/ip2/channel_shuffle.cpp:196]   --->   Operation 609 'specloopname' 'specloopname_ln196' <Predicate = (icmp_ln1027_10 & !icmp_ln196)> <Delay = 0.00>
ST_29 : Operation 610 [1/1] (1.29ns)   --->   "%br_ln200 = br void %for.inc80" [../../ip/ip2/channel_shuffle.cpp:200]   --->   Operation 610 'br' 'br_ln200' <Predicate = (icmp_ln1027_10 & !icmp_ln196)> <Delay = 1.29>
ST_29 : Operation 611 [1/1] (0.00ns)   --->   "%br_ln0 = br void %for.inc105"   --->   Operation 611 'br' 'br_ln0' <Predicate = (icmp_ln1027_10 & icmp_ln196)> <Delay = 0.00>
ST_29 : Operation 612 [1/1] (1.54ns)   --->   "%add_ln193_1 = add i16 %indvars_iv64, i16 65520" [../../ip/ip2/channel_shuffle.cpp:193]   --->   Operation 612 'add' 'add_ln193_1' <Predicate = (icmp_ln196) | (!icmp_ln1027_10)> <Delay = 1.54> <CoreInst = "Adder">   --->   Core 1 'Adder' <Latency = 0> <II = 1> <Delay = 1.54> <FuncUnit> <Opcode : 'add' 'sub'> <InPorts = 2> <OutPorts = 1>
ST_29 : Operation 613 [1/1] (0.00ns)   --->   "%br_ln193 = br void %for.body54" [../../ip/ip2/channel_shuffle.cpp:193]   --->   Operation 613 'br' 'br_ln193' <Predicate = (icmp_ln196) | (!icmp_ln1027_10)> <Delay = 0.00>

State 30 <SV = 29> <Delay = 4.58>
ST_30 : Operation 614 [1/1] (0.00ns)   --->   "%c_in_conv_V = phi i15 %add_ln200, void %for.inc80.split, i15 0, void %VITIS_LOOP_200_8.split" [../../ip/ip2/channel_shuffle.cpp:200]   --->   Operation 614 'phi' 'c_in_conv_V' <Predicate = true> <Delay = 0.00>
ST_30 : Operation 615 [1/1] (0.00ns)   --->   "%conv1_sum_V = phi i30 %conv1_sum_V_1, void %for.inc80.split, i30 0, void %VITIS_LOOP_200_8.split"   --->   Operation 615 'phi' 'conv1_sum_V' <Predicate = true> <Delay = 0.00>
ST_30 : Operation 616 [1/1] (0.00ns)   --->   "%phi_mul = phi i32 %add_ln186_16, void %for.inc80.split, i32 0, void %VITIS_LOOP_200_8.split"   --->   Operation 616 'phi' 'phi_mul' <Predicate = true> <Delay = 0.00>
ST_30 : Operation 617 [1/1] (2.06ns)   --->   "%icmp_ln200 = icmp_eq  i15 %c_in_conv_V, i15 %c_in_half_V" [../../ip/ip2/channel_shuffle.cpp:200]   --->   Operation 617 'icmp' 'icmp_ln200' <Predicate = true> <Delay = 2.06> <CoreInst = "Cmp">   --->   Core 9 'Cmp' <Latency = 0> <II = 1> <Delay = 2.06> <FuncUnit> <Opcode : 'icmp'> <InPorts = 2> <OutPorts = 1>
ST_30 : Operation 618 [1/1] (0.00ns)   --->   "%speclooptripcount_ln0 = speclooptripcount void @_ssdm_op_SpecLoopTripCount, i64 0, i64 32767, i64 0"   --->   Operation 618 'speclooptripcount' 'speclooptripcount_ln0' <Predicate = true> <Delay = 0.00>
ST_30 : Operation 619 [1/1] (1.53ns)   --->   "%add_ln200 = add i15 %c_in_conv_V, i15 1" [../../ip/ip2/channel_shuffle.cpp:200]   --->   Operation 619 'add' 'add_ln200' <Predicate = true> <Delay = 1.53> <CoreInst = "Adder">   --->   Core 1 'Adder' <Latency = 0> <II = 1> <Delay = 1.53> <FuncUnit> <Opcode : 'add' 'sub'> <InPorts = 2> <OutPorts = 1>
ST_30 : Operation 620 [1/1] (0.00ns)   --->   "%br_ln200 = br i1 %icmp_ln200, void %for.inc80.split, void %for.inc102.loopexit" [../../ip/ip2/channel_shuffle.cpp:200]   --->   Operation 620 'br' 'br_ln200' <Predicate = true> <Delay = 0.00>
ST_30 : Operation 621 [1/1] (1.89ns)   --->   "%add_ln186_16 = add i32 %phi_mul, i32 %ret_V_11"   --->   Operation 621 'add' 'add_ln186_16' <Predicate = (!icmp_ln200)> <Delay = 1.89> <CoreInst = "Adder">   --->   Core 1 'Adder' <Latency = 0> <II = 1> <Delay = 1.89> <FuncUnit> <Opcode : 'add' 'sub'> <InPorts = 2> <OutPorts = 1>
ST_30 : Operation 622 [1/1] (1.89ns)   --->   "%in_idx_V = add i32 %add_ln186_1, i32 %phi_mul"   --->   Operation 622 'add' 'in_idx_V' <Predicate = (!icmp_ln200)> <Delay = 1.89> <CoreInst = "Adder">   --->   Core 1 'Adder' <Latency = 0> <II = 1> <Delay = 1.89> <FuncUnit> <Opcode : 'add' 'sub'> <InPorts = 2> <OutPorts = 1>
ST_30 : Operation 623 [1/1] (0.00ns)   --->   "%zext_ln541_3 = zext i32 %in_idx_V"   --->   Operation 623 'zext' 'zext_ln541_3' <Predicate = (!icmp_ln200)> <Delay = 0.00>
ST_30 : Operation 624 [1/1] (2.69ns)   --->   "%add_ln186_9 = add i64 %zext_ln541_3, i64 %in_r_read"   --->   Operation 624 'add' 'add_ln186_9' <Predicate = (!icmp_ln200)> <Delay = 2.69> <CoreInst = "Adder">   --->   Core 1 'Adder' <Latency = 0> <II = 1> <Delay = 2.69> <FuncUnit> <Opcode : 'add' 'sub'> <InPorts = 2> <OutPorts = 1>
ST_30 : Operation 625 [1/1] (0.00ns)   --->   "%gmem_in_addr = getelementptr i8 %gmem_in, i64 %add_ln186_9"   --->   Operation 625 'getelementptr' 'gmem_in_addr' <Predicate = (!icmp_ln200)> <Delay = 0.00>
ST_30 : Operation 626 [1/1] (0.00ns)   --->   "%trunc_ln3 = partselect i22 @_ssdm_op_PartSelect.i22.i30.i32.i32, i30 %conv1_sum_V, i32 8, i32 29"   --->   Operation 626 'partselect' 'trunc_ln3' <Predicate = (icmp_ln200)> <Delay = 0.00>
ST_30 : Operation 627 [1/1] (0.00ns)   --->   "%sext_ln186_21 = sext i22 %trunc_ln3"   --->   Operation 627 'sext' 'sext_ln186_21' <Predicate = (icmp_ln200)> <Delay = 0.00>
ST_30 : Operation 628 [1/1] (0.00ns)   --->   "%trunc_ln186 = trunc i17 %cr_V"   --->   Operation 628 'trunc' 'trunc_ln186' <Predicate = (icmp_ln200)> <Delay = 0.00>
ST_30 : Operation 629 [1/1] (0.00ns)   --->   "%trunc_ln1027_8 = trunc i16 %cr_group_V_5"   --->   Operation 629 'trunc' 'trunc_ln1027_8' <Predicate = (icmp_ln200)> <Delay = 0.00>
ST_30 : Operation 630 [1/1] (1.58ns) (grouped into DSP with root node add_ln186_10)   --->   "%sub_ln186_1 = sub i6 %trunc_ln186, i6 %trunc_ln1027_8"   --->   Operation 630 'sub' 'sub_ln186_1' <Predicate = (icmp_ln200)> <Delay = 1.58> <CoreInst = "DSP48">   --->   Core 119 'DSP48' <Latency = 3> <II = 1> <Delay = 1.82> <IPBlock> <Opcode : 'mul' 'add' 'sub' 'select'> <InPorts = 0> <OutPorts = 1> <Sync> <CReg>
ST_30 : Operation 631 [3/3] (0.98ns) (grouped into DSP with root node add_ln186_10)   --->   "%mul_ln186_3 = mul i6 %sub_ln186_1, i6 %mul_ln186"   --->   Operation 631 'mul' 'mul_ln186_3' <Predicate = (icmp_ln200)> <Delay = 0.98> <CoreInst = "DSP48">   --->   Core 119 'DSP48' <Latency = 3> <II = 1> <Delay = 1.82> <IPBlock> <Opcode : 'mul' 'add' 'sub' 'select'> <InPorts = 0> <OutPorts = 1> <Sync> <CReg>
ST_30 : Operation 632 [21/21] (3.18ns)   --->   "%rhs = udiv i17 65536, i17 %zext_ln196_2"   --->   Operation 632 'udiv' 'rhs' <Predicate = (icmp_ln200)> <Delay = 3.18> <CoreInst = "Divider">   --->   Core 6 'Divider' <Latency = 20> <II = 1> <Delay = 3.18> <FuncUnit> <Opcode : 'sdiv' 'srem' 'udiv' 'urem'> <InPorts = 2> <OutPorts = 1>
ST_30 : Operation 633 [1/1] (2.18ns) (grouped into DSP with root node lhs)   --->   "%sub_ln27 = sub i23 %sext_ln186_21, i23 %sext_ln1513_2" [../../ip/ip2/channel_shuffle.cpp:27]   --->   Operation 633 'sub' 'sub_ln27' <Predicate = (icmp_ln200)> <Delay = 2.18> <CoreInst = "DSP48">   --->   Core 119 'DSP48' <Latency = 3> <II = 1> <Delay = 1.82> <IPBlock> <Opcode : 'mul' 'add' 'sub' 'select'> <InPorts = 0> <OutPorts = 1> <Sync> <CReg>
ST_30 : Operation 634 [1/1] (0.00ns) (grouped into DSP with root node lhs)   --->   "%sext_ln27 = sext i23 %sub_ln27" [../../ip/ip2/channel_shuffle.cpp:27]   --->   Operation 634 'sext' 'sext_ln27' <Predicate = (icmp_ln200)> <Delay = 0.00>
ST_30 : Operation 635 [4/4] (0.98ns) (root node of the DSP)   --->   "%lhs = mul i31 %sext_ln27, i31 %gamma_V_1_cast" [../../ip/ip2/channel_shuffle.cpp:27]   --->   Operation 635 'mul' 'lhs' <Predicate = (icmp_ln200)> <Delay = 0.98> <CoreInst = "DSP48">   --->   Core 119 'DSP48' <Latency = 3> <II = 1> <Delay = 1.82> <IPBlock> <Opcode : 'mul' 'add' 'sub' 'select'> <InPorts = 0> <OutPorts = 1> <Sync> <CReg>
ST_30 : Operation 636 [1/1] (1.55ns)   --->   "%add_ln840_10 = add i17 %cr_V, i17 1"   --->   Operation 636 'add' 'add_ln840_10' <Predicate = (icmp_ln200)> <Delay = 1.55> <CoreInst = "Adder">   --->   Core 1 'Adder' <Latency = 0> <II = 1> <Delay = 1.55> <FuncUnit> <Opcode : 'add' 'sub'> <InPorts = 2> <OutPorts = 1>

State 31 <SV = 30> <Delay = 7.30>
ST_31 : Operation 637 [7/7] (7.30ns)   --->   "%lhs_V_13_req = readreq i1 @_ssdm_op_ReadReq.m_axi.i8P1A, i8 %gmem_in_addr, i32 1"   --->   Operation 637 'readreq' 'lhs_V_13_req' <Predicate = true> <Delay = 7.30> <CoreInst = "m_axi">   --->   Core 113 'm_axi' <Latency = 0> <II = 1> <Delay = 1.00> <Adapter> <Opcode : 'read' 'write' 'readreq' 'writereq' 'writeresp'>

State 32 <SV = 31> <Delay = 7.30>
ST_32 : Operation 638 [6/7] (7.30ns)   --->   "%lhs_V_13_req = readreq i1 @_ssdm_op_ReadReq.m_axi.i8P1A, i8 %gmem_in_addr, i32 1"   --->   Operation 638 'readreq' 'lhs_V_13_req' <Predicate = true> <Delay = 7.30> <CoreInst = "m_axi">   --->   Core 113 'm_axi' <Latency = 0> <II = 1> <Delay = 1.00> <Adapter> <Opcode : 'read' 'write' 'readreq' 'writereq' 'writeresp'>

State 33 <SV = 32> <Delay = 7.30>
ST_33 : Operation 639 [5/7] (7.30ns)   --->   "%lhs_V_13_req = readreq i1 @_ssdm_op_ReadReq.m_axi.i8P1A, i8 %gmem_in_addr, i32 1"   --->   Operation 639 'readreq' 'lhs_V_13_req' <Predicate = true> <Delay = 7.30> <CoreInst = "m_axi">   --->   Core 113 'm_axi' <Latency = 0> <II = 1> <Delay = 1.00> <Adapter> <Opcode : 'read' 'write' 'readreq' 'writereq' 'writeresp'>

State 34 <SV = 33> <Delay = 7.30>
ST_34 : Operation 640 [4/7] (7.30ns)   --->   "%lhs_V_13_req = readreq i1 @_ssdm_op_ReadReq.m_axi.i8P1A, i8 %gmem_in_addr, i32 1"   --->   Operation 640 'readreq' 'lhs_V_13_req' <Predicate = true> <Delay = 7.30> <CoreInst = "m_axi">   --->   Core 113 'm_axi' <Latency = 0> <II = 1> <Delay = 1.00> <Adapter> <Opcode : 'read' 'write' 'readreq' 'writereq' 'writeresp'>

State 35 <SV = 34> <Delay = 7.30>
ST_35 : Operation 641 [3/7] (7.30ns)   --->   "%lhs_V_13_req = readreq i1 @_ssdm_op_ReadReq.m_axi.i8P1A, i8 %gmem_in_addr, i32 1"   --->   Operation 641 'readreq' 'lhs_V_13_req' <Predicate = true> <Delay = 7.30> <CoreInst = "m_axi">   --->   Core 113 'm_axi' <Latency = 0> <II = 1> <Delay = 1.00> <Adapter> <Opcode : 'read' 'write' 'readreq' 'writereq' 'writeresp'>

State 36 <SV = 35> <Delay = 7.30>
ST_36 : Operation 642 [2/7] (7.30ns)   --->   "%lhs_V_13_req = readreq i1 @_ssdm_op_ReadReq.m_axi.i8P1A, i8 %gmem_in_addr, i32 1"   --->   Operation 642 'readreq' 'lhs_V_13_req' <Predicate = true> <Delay = 7.30> <CoreInst = "m_axi">   --->   Core 113 'm_axi' <Latency = 0> <II = 1> <Delay = 1.00> <Adapter> <Opcode : 'read' 'write' 'readreq' 'writereq' 'writeresp'>

State 37 <SV = 36> <Delay = 7.30>
ST_37 : Operation 643 [1/7] (7.30ns)   --->   "%lhs_V_13_req = readreq i1 @_ssdm_op_ReadReq.m_axi.i8P1A, i8 %gmem_in_addr, i32 1"   --->   Operation 643 'readreq' 'lhs_V_13_req' <Predicate = true> <Delay = 7.30> <CoreInst = "m_axi">   --->   Core 113 'm_axi' <Latency = 0> <II = 1> <Delay = 1.00> <Adapter> <Opcode : 'read' 'write' 'readreq' 'writereq' 'writeresp'>

State 38 <SV = 37> <Delay = 7.30>
ST_38 : Operation 644 [1/1] (7.30ns)   --->   "%lhs_V_9 = read i8 @_ssdm_op_Read.m_axi.i8P1A, i8 %gmem_in_addr"   --->   Operation 644 'read' 'lhs_V_9' <Predicate = true> <Delay = 7.30> <CoreInst = "m_axi">   --->   Core 113 'm_axi' <Latency = 0> <II = 1> <Delay = 1.00> <Adapter> <Opcode : 'read' 'write' 'readreq' 'writereq' 'writeresp'>
ST_38 : Operation 645 [1/1] (7.30ns)   --->   "%rhs_V_2 = read i8 @_ssdm_op_Read.m_axi.p1i8, i8 %gmem_weights1_addr"   --->   Operation 645 'read' 'rhs_V_2' <Predicate = true> <Delay = 7.30> <CoreInst = "m_axi">   --->   Core 113 'm_axi' <Latency = 0> <II = 1> <Delay = 1.00> <Adapter> <Opcode : 'read' 'write' 'readreq' 'writereq' 'writeresp'>

State 39 <SV = 38> <Delay = 0.98>
ST_39 : Operation 646 [1/1] (0.00ns)   --->   "%sext_ln186_2 = sext i8 %lhs_V_9"   --->   Operation 646 'sext' 'sext_ln186_2' <Predicate = true> <Delay = 0.00>
ST_39 : Operation 647 [1/1] (0.00ns)   --->   "%sext_ln186_3 = sext i8 %rhs_V_2"   --->   Operation 647 'sext' 'sext_ln186_3' <Predicate = true> <Delay = 0.00>
ST_39 : Operation 648 [3/3] (0.98ns) (grouped into DSP with root node conv1_sum_V_1)   --->   "%ret_V_12 = mul i16 %sext_ln186_3, i16 %sext_ln186_2"   --->   Operation 648 'mul' 'ret_V_12' <Predicate = true> <Delay = 0.98> <CoreInst = "DSP48">   --->   Core 119 'DSP48' <Latency = 3> <II = 1> <Delay = 1.82> <IPBlock> <Opcode : 'mul' 'add' 'sub' 'select'> <InPorts = 0> <OutPorts = 1> <Sync> <CReg>

State 40 <SV = 39> <Delay = 0.98>
ST_40 : Operation 649 [2/3] (0.98ns) (grouped into DSP with root node conv1_sum_V_1)   --->   "%ret_V_12 = mul i16 %sext_ln186_3, i16 %sext_ln186_2"   --->   Operation 649 'mul' 'ret_V_12' <Predicate = true> <Delay = 0.98> <CoreInst = "DSP48">   --->   Core 119 'DSP48' <Latency = 3> <II = 1> <Delay = 1.82> <IPBlock> <Opcode : 'mul' 'add' 'sub' 'select'> <InPorts = 0> <OutPorts = 1> <Sync> <CReg>

State 41 <SV = 40> <Delay = 1.76>
ST_41 : Operation 650 [1/3] (0.00ns) (grouped into DSP with root node conv1_sum_V_1)   --->   "%ret_V_12 = mul i16 %sext_ln186_3, i16 %sext_ln186_2"   --->   Operation 650 'mul' 'ret_V_12' <Predicate = true> <Delay = 0.00> <CoreInst = "DSP48">   --->   Core 119 'DSP48' <Latency = 3> <II = 1> <Delay = 1.82> <IPBlock> <Opcode : 'mul' 'add' 'sub' 'select'> <InPorts = 0> <OutPorts = 1> <Sync> <CReg>
ST_41 : Operation 651 [1/1] (0.00ns) (grouped into DSP with root node conv1_sum_V_1)   --->   "%sext_ln840_1 = sext i16 %ret_V_12"   --->   Operation 651 'sext' 'sext_ln840_1' <Predicate = true> <Delay = 0.00>
ST_41 : Operation 652 [2/2] (1.76ns) (root node of the DSP)   --->   "%conv1_sum_V_1 = add i30 %sext_ln840_1, i30 %conv1_sum_V"   --->   Operation 652 'add' 'conv1_sum_V_1' <Predicate = true> <Delay = 1.76> <CoreInst = "DSP48">   --->   Core 119 'DSP48' <Latency = 3> <II = 1> <Delay = 1.82> <IPBlock> <Opcode : 'mul' 'add' 'sub' 'select'> <InPorts = 0> <OutPorts = 1> <Sync> <CReg>

State 42 <SV = 41> <Delay = 1.76>
ST_42 : Operation 653 [1/1] (0.00ns)   --->   "%specloopname_ln198 = specloopname void @_ssdm_op_SpecLoopName, void @empty_42" [../../ip/ip2/channel_shuffle.cpp:198]   --->   Operation 653 'specloopname' 'specloopname_ln198' <Predicate = true> <Delay = 0.00>
ST_42 : Operation 654 [1/2] (1.76ns) (root node of the DSP)   --->   "%conv1_sum_V_1 = add i30 %sext_ln840_1, i30 %conv1_sum_V"   --->   Operation 654 'add' 'conv1_sum_V_1' <Predicate = true> <Delay = 1.76> <CoreInst = "DSP48">   --->   Core 119 'DSP48' <Latency = 3> <II = 1> <Delay = 1.82> <IPBlock> <Opcode : 'mul' 'add' 'sub' 'select'> <InPorts = 0> <OutPorts = 1> <Sync> <CReg>
ST_42 : Operation 655 [1/1] (0.00ns)   --->   "%br_ln200 = br void %for.inc80" [../../ip/ip2/channel_shuffle.cpp:200]   --->   Operation 655 'br' 'br_ln200' <Predicate = true> <Delay = 0.00>

State 43 <SV = 30> <Delay = 3.18>
ST_43 : Operation 656 [2/3] (0.98ns) (grouped into DSP with root node add_ln186_10)   --->   "%mul_ln186_3 = mul i6 %sub_ln186_1, i6 %mul_ln186"   --->   Operation 656 'mul' 'mul_ln186_3' <Predicate = true> <Delay = 0.98> <CoreInst = "DSP48">   --->   Core 119 'DSP48' <Latency = 3> <II = 1> <Delay = 1.82> <IPBlock> <Opcode : 'mul' 'add' 'sub' 'select'> <InPorts = 0> <OutPorts = 1> <Sync> <CReg>
ST_43 : Operation 657 [20/21] (3.18ns)   --->   "%rhs = udiv i17 65536, i17 %zext_ln196_2"   --->   Operation 657 'udiv' 'rhs' <Predicate = true> <Delay = 3.18> <CoreInst = "Divider">   --->   Core 6 'Divider' <Latency = 20> <II = 1> <Delay = 3.18> <FuncUnit> <Opcode : 'sdiv' 'srem' 'udiv' 'urem'> <InPorts = 2> <OutPorts = 1>
ST_43 : Operation 658 [3/4] (0.98ns) (root node of the DSP)   --->   "%lhs = mul i31 %sext_ln27, i31 %gamma_V_1_cast" [../../ip/ip2/channel_shuffle.cpp:27]   --->   Operation 658 'mul' 'lhs' <Predicate = true> <Delay = 0.98> <CoreInst = "DSP48">   --->   Core 119 'DSP48' <Latency = 3> <II = 1> <Delay = 1.82> <IPBlock> <Opcode : 'mul' 'add' 'sub' 'select'> <InPorts = 0> <OutPorts = 1> <Sync> <CReg>

State 44 <SV = 31> <Delay = 3.18>
ST_44 : Operation 659 [1/3] (0.00ns) (grouped into DSP with root node add_ln186_10)   --->   "%mul_ln186_3 = mul i6 %sub_ln186_1, i6 %mul_ln186"   --->   Operation 659 'mul' 'mul_ln186_3' <Predicate = true> <Delay = 0.00> <CoreInst = "DSP48">   --->   Core 119 'DSP48' <Latency = 3> <II = 1> <Delay = 1.82> <IPBlock> <Opcode : 'mul' 'add' 'sub' 'select'> <InPorts = 0> <OutPorts = 1> <Sync> <CReg>
ST_44 : Operation 660 [2/2] (1.76ns) (root node of the DSP)   --->   "%add_ln186_10 = add i6 %trunc_ln1027, i6 %mul_ln186_3"   --->   Operation 660 'add' 'add_ln186_10' <Predicate = true> <Delay = 1.76> <CoreInst = "DSP48">   --->   Core 119 'DSP48' <Latency = 3> <II = 1> <Delay = 1.82> <IPBlock> <Opcode : 'mul' 'add' 'sub' 'select'> <InPorts = 0> <OutPorts = 1> <Sync> <CReg>
ST_44 : Operation 661 [19/21] (3.18ns)   --->   "%rhs = udiv i17 65536, i17 %zext_ln196_2"   --->   Operation 661 'udiv' 'rhs' <Predicate = true> <Delay = 3.18> <CoreInst = "Divider">   --->   Core 6 'Divider' <Latency = 20> <II = 1> <Delay = 3.18> <FuncUnit> <Opcode : 'sdiv' 'srem' 'udiv' 'urem'> <InPorts = 2> <OutPorts = 1>
ST_44 : Operation 662 [2/4] (0.98ns) (root node of the DSP)   --->   "%lhs = mul i31 %sext_ln27, i31 %gamma_V_1_cast" [../../ip/ip2/channel_shuffle.cpp:27]   --->   Operation 662 'mul' 'lhs' <Predicate = true> <Delay = 0.98> <CoreInst = "DSP48">   --->   Core 119 'DSP48' <Latency = 3> <II = 1> <Delay = 1.82> <IPBlock> <Opcode : 'mul' 'add' 'sub' 'select'> <InPorts = 0> <OutPorts = 1> <Sync> <CReg>

State 45 <SV = 32> <Delay = 3.18>
ST_45 : Operation 663 [1/2] (1.76ns) (root node of the DSP)   --->   "%add_ln186_10 = add i6 %trunc_ln1027, i6 %mul_ln186_3"   --->   Operation 663 'add' 'add_ln186_10' <Predicate = true> <Delay = 1.76> <CoreInst = "DSP48">   --->   Core 119 'DSP48' <Latency = 3> <II = 1> <Delay = 1.82> <IPBlock> <Opcode : 'mul' 'add' 'sub' 'select'> <InPorts = 0> <OutPorts = 1> <Sync> <CReg>
ST_45 : Operation 664 [1/1] (1.28ns)   --->   "%buf_idx_V = add i6 %add_ln186_10, i6 %trunc_ln1027_1"   --->   Operation 664 'add' 'buf_idx_V' <Predicate = true> <Delay = 1.28> <CoreInst = "Adder">   --->   Core 1 'Adder' <Latency = 0> <II = 1> <Delay = 1.28> <FuncUnit> <Opcode : 'add' 'sub'> <InPorts = 2> <OutPorts = 1>
ST_45 : Operation 665 [18/21] (3.18ns)   --->   "%rhs = udiv i17 65536, i17 %zext_ln196_2"   --->   Operation 665 'udiv' 'rhs' <Predicate = true> <Delay = 3.18> <CoreInst = "Divider">   --->   Core 6 'Divider' <Latency = 20> <II = 1> <Delay = 3.18> <FuncUnit> <Opcode : 'sdiv' 'srem' 'udiv' 'urem'> <InPorts = 2> <OutPorts = 1>
ST_45 : Operation 666 [1/4] (0.00ns) (root node of the DSP)   --->   "%lhs = mul i31 %sext_ln27, i31 %gamma_V_1_cast" [../../ip/ip2/channel_shuffle.cpp:27]   --->   Operation 666 'mul' 'lhs' <Predicate = true> <Delay = 0.00> <CoreInst = "DSP48">   --->   Core 119 'DSP48' <Latency = 3> <II = 1> <Delay = 1.82> <IPBlock> <Opcode : 'mul' 'add' 'sub' 'select'> <InPorts = 0> <OutPorts = 1> <Sync> <CReg>

State 46 <SV = 33> <Delay = 3.18>
ST_46 : Operation 667 [17/21] (3.18ns)   --->   "%rhs = udiv i17 65536, i17 %zext_ln196_2"   --->   Operation 667 'udiv' 'rhs' <Predicate = true> <Delay = 3.18> <CoreInst = "Divider">   --->   Core 6 'Divider' <Latency = 20> <II = 1> <Delay = 3.18> <FuncUnit> <Opcode : 'sdiv' 'srem' 'udiv' 'urem'> <InPorts = 2> <OutPorts = 1>

State 47 <SV = 34> <Delay = 3.18>
ST_47 : Operation 668 [16/21] (3.18ns)   --->   "%rhs = udiv i17 65536, i17 %zext_ln196_2"   --->   Operation 668 'udiv' 'rhs' <Predicate = true> <Delay = 3.18> <CoreInst = "Divider">   --->   Core 6 'Divider' <Latency = 20> <II = 1> <Delay = 3.18> <FuncUnit> <Opcode : 'sdiv' 'srem' 'udiv' 'urem'> <InPorts = 2> <OutPorts = 1>

State 48 <SV = 35> <Delay = 3.18>
ST_48 : Operation 669 [15/21] (3.18ns)   --->   "%rhs = udiv i17 65536, i17 %zext_ln196_2"   --->   Operation 669 'udiv' 'rhs' <Predicate = true> <Delay = 3.18> <CoreInst = "Divider">   --->   Core 6 'Divider' <Latency = 20> <II = 1> <Delay = 3.18> <FuncUnit> <Opcode : 'sdiv' 'srem' 'udiv' 'urem'> <InPorts = 2> <OutPorts = 1>

State 49 <SV = 36> <Delay = 3.18>
ST_49 : Operation 670 [14/21] (3.18ns)   --->   "%rhs = udiv i17 65536, i17 %zext_ln196_2"   --->   Operation 670 'udiv' 'rhs' <Predicate = true> <Delay = 3.18> <CoreInst = "Divider">   --->   Core 6 'Divider' <Latency = 20> <II = 1> <Delay = 3.18> <FuncUnit> <Opcode : 'sdiv' 'srem' 'udiv' 'urem'> <InPorts = 2> <OutPorts = 1>

State 50 <SV = 37> <Delay = 3.18>
ST_50 : Operation 671 [13/21] (3.18ns)   --->   "%rhs = udiv i17 65536, i17 %zext_ln196_2"   --->   Operation 671 'udiv' 'rhs' <Predicate = true> <Delay = 3.18> <CoreInst = "Divider">   --->   Core 6 'Divider' <Latency = 20> <II = 1> <Delay = 3.18> <FuncUnit> <Opcode : 'sdiv' 'srem' 'udiv' 'urem'> <InPorts = 2> <OutPorts = 1>

State 51 <SV = 38> <Delay = 3.18>
ST_51 : Operation 672 [12/21] (3.18ns)   --->   "%rhs = udiv i17 65536, i17 %zext_ln196_2"   --->   Operation 672 'udiv' 'rhs' <Predicate = true> <Delay = 3.18> <CoreInst = "Divider">   --->   Core 6 'Divider' <Latency = 20> <II = 1> <Delay = 3.18> <FuncUnit> <Opcode : 'sdiv' 'srem' 'udiv' 'urem'> <InPorts = 2> <OutPorts = 1>

State 52 <SV = 39> <Delay = 3.18>
ST_52 : Operation 673 [11/21] (3.18ns)   --->   "%rhs = udiv i17 65536, i17 %zext_ln196_2"   --->   Operation 673 'udiv' 'rhs' <Predicate = true> <Delay = 3.18> <CoreInst = "Divider">   --->   Core 6 'Divider' <Latency = 20> <II = 1> <Delay = 3.18> <FuncUnit> <Opcode : 'sdiv' 'srem' 'udiv' 'urem'> <InPorts = 2> <OutPorts = 1>

State 53 <SV = 40> <Delay = 3.18>
ST_53 : Operation 674 [10/21] (3.18ns)   --->   "%rhs = udiv i17 65536, i17 %zext_ln196_2"   --->   Operation 674 'udiv' 'rhs' <Predicate = true> <Delay = 3.18> <CoreInst = "Divider">   --->   Core 6 'Divider' <Latency = 20> <II = 1> <Delay = 3.18> <FuncUnit> <Opcode : 'sdiv' 'srem' 'udiv' 'urem'> <InPorts = 2> <OutPorts = 1>

State 54 <SV = 41> <Delay = 3.18>
ST_54 : Operation 675 [9/21] (3.18ns)   --->   "%rhs = udiv i17 65536, i17 %zext_ln196_2"   --->   Operation 675 'udiv' 'rhs' <Predicate = true> <Delay = 3.18> <CoreInst = "Divider">   --->   Core 6 'Divider' <Latency = 20> <II = 1> <Delay = 3.18> <FuncUnit> <Opcode : 'sdiv' 'srem' 'udiv' 'urem'> <InPorts = 2> <OutPorts = 1>

State 55 <SV = 42> <Delay = 3.18>
ST_55 : Operation 676 [8/21] (3.18ns)   --->   "%rhs = udiv i17 65536, i17 %zext_ln196_2"   --->   Operation 676 'udiv' 'rhs' <Predicate = true> <Delay = 3.18> <CoreInst = "Divider">   --->   Core 6 'Divider' <Latency = 20> <II = 1> <Delay = 3.18> <FuncUnit> <Opcode : 'sdiv' 'srem' 'udiv' 'urem'> <InPorts = 2> <OutPorts = 1>

State 56 <SV = 43> <Delay = 3.18>
ST_56 : Operation 677 [7/21] (3.18ns)   --->   "%rhs = udiv i17 65536, i17 %zext_ln196_2"   --->   Operation 677 'udiv' 'rhs' <Predicate = true> <Delay = 3.18> <CoreInst = "Divider">   --->   Core 6 'Divider' <Latency = 20> <II = 1> <Delay = 3.18> <FuncUnit> <Opcode : 'sdiv' 'srem' 'udiv' 'urem'> <InPorts = 2> <OutPorts = 1>

State 57 <SV = 44> <Delay = 3.18>
ST_57 : Operation 678 [6/21] (3.18ns)   --->   "%rhs = udiv i17 65536, i17 %zext_ln196_2"   --->   Operation 678 'udiv' 'rhs' <Predicate = true> <Delay = 3.18> <CoreInst = "Divider">   --->   Core 6 'Divider' <Latency = 20> <II = 1> <Delay = 3.18> <FuncUnit> <Opcode : 'sdiv' 'srem' 'udiv' 'urem'> <InPorts = 2> <OutPorts = 1>

State 58 <SV = 45> <Delay = 3.18>
ST_58 : Operation 679 [5/21] (3.18ns)   --->   "%rhs = udiv i17 65536, i17 %zext_ln196_2"   --->   Operation 679 'udiv' 'rhs' <Predicate = true> <Delay = 3.18> <CoreInst = "Divider">   --->   Core 6 'Divider' <Latency = 20> <II = 1> <Delay = 3.18> <FuncUnit> <Opcode : 'sdiv' 'srem' 'udiv' 'urem'> <InPorts = 2> <OutPorts = 1>

State 59 <SV = 46> <Delay = 3.18>
ST_59 : Operation 680 [4/21] (3.18ns)   --->   "%rhs = udiv i17 65536, i17 %zext_ln196_2"   --->   Operation 680 'udiv' 'rhs' <Predicate = true> <Delay = 3.18> <CoreInst = "Divider">   --->   Core 6 'Divider' <Latency = 20> <II = 1> <Delay = 3.18> <FuncUnit> <Opcode : 'sdiv' 'srem' 'udiv' 'urem'> <InPorts = 2> <OutPorts = 1>

State 60 <SV = 47> <Delay = 3.18>
ST_60 : Operation 681 [3/21] (3.18ns)   --->   "%rhs = udiv i17 65536, i17 %zext_ln196_2"   --->   Operation 681 'udiv' 'rhs' <Predicate = true> <Delay = 3.18> <CoreInst = "Divider">   --->   Core 6 'Divider' <Latency = 20> <II = 1> <Delay = 3.18> <FuncUnit> <Opcode : 'sdiv' 'srem' 'udiv' 'urem'> <InPorts = 2> <OutPorts = 1>

State 61 <SV = 48> <Delay = 3.18>
ST_61 : Operation 682 [2/21] (3.18ns)   --->   "%rhs = udiv i17 65536, i17 %zext_ln196_2"   --->   Operation 682 'udiv' 'rhs' <Predicate = true> <Delay = 3.18> <CoreInst = "Divider">   --->   Core 6 'Divider' <Latency = 20> <II = 1> <Delay = 3.18> <FuncUnit> <Opcode : 'sdiv' 'srem' 'udiv' 'urem'> <InPorts = 2> <OutPorts = 1>

State 62 <SV = 49> <Delay = 3.18>
ST_62 : Operation 683 [1/21] (3.18ns)   --->   "%rhs = udiv i17 65536, i17 %zext_ln196_2"   --->   Operation 683 'udiv' 'rhs' <Predicate = true> <Delay = 3.18> <CoreInst = "Divider">   --->   Core 6 'Divider' <Latency = 20> <II = 1> <Delay = 3.18> <FuncUnit> <Opcode : 'sdiv' 'srem' 'udiv' 'urem'> <InPorts = 2> <OutPorts = 1>

State 63 <SV = 50> <Delay = 6.82>
ST_63 : Operation 684 [1/1] (0.00ns)   --->   "%sext_ln1494 = sext i31 %lhs"   --->   Operation 684 'sext' 'sext_ln1494' <Predicate = true> <Delay = 0.00>
ST_63 : Operation 685 [1/1] (0.00ns)   --->   "%zext_ln1494_3 = zext i17 %rhs"   --->   Operation 685 'zext' 'zext_ln1494_3' <Predicate = true> <Delay = 0.00>
ST_63 : Operation 686 [1/1] (6.82ns)   --->   "%mul_ln1494_2 = mul i47 %sext_ln1494, i47 %zext_ln1494_3"   --->   Operation 686 'mul' 'mul_ln1494_2' <Predicate = true> <Delay = 6.82> <CoreInst = "Multiplier">   --->   Core 3 'Multiplier' <Latency = 0> <II = 1> <Delay = 6.82> <FuncUnit> <Opcode : 'mul'> <InPorts = 2> <OutPorts = 1>
ST_63 : Operation 687 [1/1] (0.00ns)   --->   "%tmp_2 = partselect i31 @_ssdm_op_PartSelect.i31.i47.i32.i32, i47 %mul_ln1494_2, i32 16, i32 46" [../../ip/ip2/channel_shuffle.cpp:28]   --->   Operation 687 'partselect' 'tmp_2' <Predicate = true> <Delay = 0.00>
ST_63 : Operation 688 [1/1] (0.00ns)   --->   "%trunc_ln5 = partselect i16 @_ssdm_op_PartSelect.i16.i47.i32.i32, i47 %mul_ln1494_2, i32 16, i32 31"   --->   Operation 688 'partselect' 'trunc_ln5' <Predicate = true> <Delay = 0.00>

State 64 <SV = 51> <Delay = 7.05>
ST_64 : Operation 689 [1/1] (0.00ns)   --->   "%sext_ln28 = sext i31 %tmp_2" [../../ip/ip2/channel_shuffle.cpp:28]   --->   Operation 689 'sext' 'sext_ln28' <Predicate = true> <Delay = 0.00>
ST_64 : Operation 690 [1/1] (1.87ns)   --->   "%bn_val_V = add i32 %sext_ln28, i32 %beta_V"   --->   Operation 690 'add' 'bn_val_V' <Predicate = true> <Delay = 1.87> <CoreInst = "Adder">   --->   Core 1 'Adder' <Latency = 0> <II = 1> <Delay = 1.87> <FuncUnit> <Opcode : 'add' 'sub'> <InPorts = 2> <OutPorts = 1>
ST_64 : Operation 691 [1/1] (1.54ns)   --->   "%add_ln27 = add i16 %trunc_ln5, i16 %sext_ln840" [../../ip/ip2/channel_shuffle.cpp:27]   --->   Operation 691 'add' 'add_ln27' <Predicate = true> <Delay = 1.54> <CoreInst = "Adder">   --->   Core 1 'Adder' <Latency = 0> <II = 1> <Delay = 1.54> <FuncUnit> <Opcode : 'add' 'sub'> <InPorts = 2> <OutPorts = 1>
ST_64 : Operation 692 [1/1] (1.96ns)   --->   "%icmp_ln1035_2 = icmp_sgt  i32 %bn_val_V, i32 0"   --->   Operation 692 'icmp' 'icmp_ln1035_2' <Predicate = true> <Delay = 1.96> <CoreInst = "Cmp">   --->   Core 9 'Cmp' <Latency = 0> <II = 1> <Delay = 1.96> <FuncUnit> <Opcode : 'icmp'> <InPorts = 2> <OutPorts = 1>
ST_64 : Operation 693 [1/1] (0.00ns)   --->   "%trunc_ln6 = partselect i8 @_ssdm_op_PartSelect.i8.i16.i32.i32, i16 %add_ln27, i32 8, i32 15" [../../ip/ip2/channel_shuffle.cpp:54]   --->   Operation 693 'partselect' 'trunc_ln6' <Predicate = true> <Delay = 0.00>
ST_64 : Operation 694 [1/1] (0.44ns)   --->   "%select_ln54 = select i1 %icmp_ln1035_2, i8 %trunc_ln6, i8 0" [../../ip/ip2/channel_shuffle.cpp:54]   --->   Operation 694 'select' 'select_ln54' <Predicate = true> <Delay = 0.44> <CoreInst = "Sel">   --->   Core 73 'Sel' <Latency = 0> <II = 1> <Delay = 0.44> <FuncUnit> <Opcode : 'select'> <InPorts = 3> <OutPorts = 1>
ST_64 : Operation 695 [1/1] (0.00ns)   --->   "%ret_V_8 = bitconcatenate i10 @_ssdm_op_BitConcatenate.i10.i6.i4, i6 %buf_idx_V, i4 0"   --->   Operation 695 'bitconcatenate' 'ret_V_8' <Predicate = true> <Delay = 0.00>
ST_64 : Operation 696 [1/1] (0.00ns)   --->   "%zext_ln541_2 = zext i10 %ret_V_8"   --->   Operation 696 'zext' 'zext_ln541_2' <Predicate = true> <Delay = 0.00>
ST_64 : Operation 697 [1/1] (0.00ns)   --->   "%conv_branch_V_addr_1 = getelementptr i8 %conv_branch_V, i64 0, i64 %zext_ln541_2" [../../ip/ip2/channel_shuffle.cpp:209]   --->   Operation 697 'getelementptr' 'conv_branch_V_addr_1' <Predicate = true> <Delay = 0.00>
ST_64 : Operation 698 [1/1] (2.77ns)   --->   "%store_ln209 = store i8 %select_ln54, i10 %conv_branch_V_addr_1" [../../ip/ip2/channel_shuffle.cpp:209]   --->   Operation 698 'store' 'store_ln209' <Predicate = true> <Delay = 2.77> <CoreInst = "RAM_S2P_BRAM">   --->   Core 93 'RAM_S2P_BRAM' <Latency = 1> <II = 1> <Delay = 2.77> <Storage> <Opcode : 'load' 'store'> <Ports = 2> <Width = 8> <Depth = 1024> <RAM>
ST_64 : Operation 699 [1/1] (0.00ns)   --->   "%br_ln196 = br void %VITIS_LOOP_200_8" [../../ip/ip2/channel_shuffle.cpp:196]   --->   Operation 699 'br' 'br_ln196' <Predicate = true> <Delay = 0.00>

State 65 <SV = 7> <Delay = 7.30>
ST_65 : Operation 700 [7/7] (7.30ns)   --->   "%gmem_bn2_load_req = readreq i1 @_ssdm_op_ReadReq.m_axi.i8P1A, i8 %gmem_bn2_addr, i32 1" [../../ip/ip2/channel_shuffle.cpp:101]   --->   Operation 700 'readreq' 'gmem_bn2_load_req' <Predicate = true> <Delay = 7.30> <CoreInst = "m_axi">   --->   Core 113 'm_axi' <Latency = 0> <II = 1> <Delay = 1.00> <Adapter> <Opcode : 'read' 'write' 'readreq' 'writereq' 'writeresp'>

State 66 <SV = 8> <Delay = 7.30>
ST_66 : Operation 701 [6/7] (7.30ns)   --->   "%gmem_bn2_load_req = readreq i1 @_ssdm_op_ReadReq.m_axi.i8P1A, i8 %gmem_bn2_addr, i32 1" [../../ip/ip2/channel_shuffle.cpp:101]   --->   Operation 701 'readreq' 'gmem_bn2_load_req' <Predicate = true> <Delay = 7.30> <CoreInst = "m_axi">   --->   Core 113 'm_axi' <Latency = 0> <II = 1> <Delay = 1.00> <Adapter> <Opcode : 'read' 'write' 'readreq' 'writereq' 'writeresp'>
ST_66 : Operation 702 [7/7] (7.30ns)   --->   "%gmem_bn2_load_1_req = readreq i1 @_ssdm_op_ReadReq.m_axi.i8P1A, i8 %gmem_bn2_addr_1, i32 1" [../../ip/ip2/channel_shuffle.cpp:101]   --->   Operation 702 'readreq' 'gmem_bn2_load_1_req' <Predicate = true> <Delay = 7.30> <CoreInst = "m_axi">   --->   Core 113 'm_axi' <Latency = 0> <II = 1> <Delay = 1.00> <Adapter> <Opcode : 'read' 'write' 'readreq' 'writereq' 'writeresp'>

State 67 <SV = 9> <Delay = 7.30>
ST_67 : Operation 703 [5/7] (7.30ns)   --->   "%gmem_bn2_load_req = readreq i1 @_ssdm_op_ReadReq.m_axi.i8P1A, i8 %gmem_bn2_addr, i32 1" [../../ip/ip2/channel_shuffle.cpp:101]   --->   Operation 703 'readreq' 'gmem_bn2_load_req' <Predicate = true> <Delay = 7.30> <CoreInst = "m_axi">   --->   Core 113 'm_axi' <Latency = 0> <II = 1> <Delay = 1.00> <Adapter> <Opcode : 'read' 'write' 'readreq' 'writereq' 'writeresp'>
ST_67 : Operation 704 [6/7] (7.30ns)   --->   "%gmem_bn2_load_1_req = readreq i1 @_ssdm_op_ReadReq.m_axi.i8P1A, i8 %gmem_bn2_addr_1, i32 1" [../../ip/ip2/channel_shuffle.cpp:101]   --->   Operation 704 'readreq' 'gmem_bn2_load_1_req' <Predicate = true> <Delay = 7.30> <CoreInst = "m_axi">   --->   Core 113 'm_axi' <Latency = 0> <II = 1> <Delay = 1.00> <Adapter> <Opcode : 'read' 'write' 'readreq' 'writereq' 'writeresp'>
ST_67 : Operation 705 [7/7] (7.30ns)   --->   "%gamma_V_4_req = readreq i1 @_ssdm_op_ReadReq.m_axi.i8P1A, i8 %gmem_bn2_addr_2, i32 1" [../../ip/ip2/channel_shuffle.cpp:101]   --->   Operation 705 'readreq' 'gamma_V_4_req' <Predicate = true> <Delay = 7.30> <CoreInst = "m_axi">   --->   Core 113 'm_axi' <Latency = 0> <II = 1> <Delay = 1.00> <Adapter> <Opcode : 'read' 'write' 'readreq' 'writereq' 'writeresp'>

State 68 <SV = 10> <Delay = 7.30>
ST_68 : Operation 706 [4/7] (7.30ns)   --->   "%gmem_bn2_load_req = readreq i1 @_ssdm_op_ReadReq.m_axi.i8P1A, i8 %gmem_bn2_addr, i32 1" [../../ip/ip2/channel_shuffle.cpp:101]   --->   Operation 706 'readreq' 'gmem_bn2_load_req' <Predicate = true> <Delay = 7.30> <CoreInst = "m_axi">   --->   Core 113 'm_axi' <Latency = 0> <II = 1> <Delay = 1.00> <Adapter> <Opcode : 'read' 'write' 'readreq' 'writereq' 'writeresp'>
ST_68 : Operation 707 [5/7] (7.30ns)   --->   "%gmem_bn2_load_1_req = readreq i1 @_ssdm_op_ReadReq.m_axi.i8P1A, i8 %gmem_bn2_addr_1, i32 1" [../../ip/ip2/channel_shuffle.cpp:101]   --->   Operation 707 'readreq' 'gmem_bn2_load_1_req' <Predicate = true> <Delay = 7.30> <CoreInst = "m_axi">   --->   Core 113 'm_axi' <Latency = 0> <II = 1> <Delay = 1.00> <Adapter> <Opcode : 'read' 'write' 'readreq' 'writereq' 'writeresp'>
ST_68 : Operation 708 [6/7] (7.30ns)   --->   "%gamma_V_4_req = readreq i1 @_ssdm_op_ReadReq.m_axi.i8P1A, i8 %gmem_bn2_addr_2, i32 1" [../../ip/ip2/channel_shuffle.cpp:101]   --->   Operation 708 'readreq' 'gamma_V_4_req' <Predicate = true> <Delay = 7.30> <CoreInst = "m_axi">   --->   Core 113 'm_axi' <Latency = 0> <II = 1> <Delay = 1.00> <Adapter> <Opcode : 'read' 'write' 'readreq' 'writereq' 'writeresp'>
ST_68 : Operation 709 [7/7] (7.30ns)   --->   "%beta_V_4_req = readreq i1 @_ssdm_op_ReadReq.m_axi.i8P1A, i8 %gmem_bn2_addr_3, i32 1" [../../ip/ip2/channel_shuffle.cpp:101]   --->   Operation 709 'readreq' 'beta_V_4_req' <Predicate = true> <Delay = 7.30> <CoreInst = "m_axi">   --->   Core 113 'm_axi' <Latency = 0> <II = 1> <Delay = 1.00> <Adapter> <Opcode : 'read' 'write' 'readreq' 'writereq' 'writeresp'>

State 69 <SV = 11> <Delay = 7.30>
ST_69 : Operation 710 [3/7] (7.30ns)   --->   "%gmem_bn2_load_req = readreq i1 @_ssdm_op_ReadReq.m_axi.i8P1A, i8 %gmem_bn2_addr, i32 1" [../../ip/ip2/channel_shuffle.cpp:101]   --->   Operation 710 'readreq' 'gmem_bn2_load_req' <Predicate = true> <Delay = 7.30> <CoreInst = "m_axi">   --->   Core 113 'm_axi' <Latency = 0> <II = 1> <Delay = 1.00> <Adapter> <Opcode : 'read' 'write' 'readreq' 'writereq' 'writeresp'>
ST_69 : Operation 711 [4/7] (7.30ns)   --->   "%gmem_bn2_load_1_req = readreq i1 @_ssdm_op_ReadReq.m_axi.i8P1A, i8 %gmem_bn2_addr_1, i32 1" [../../ip/ip2/channel_shuffle.cpp:101]   --->   Operation 711 'readreq' 'gmem_bn2_load_1_req' <Predicate = true> <Delay = 7.30> <CoreInst = "m_axi">   --->   Core 113 'm_axi' <Latency = 0> <II = 1> <Delay = 1.00> <Adapter> <Opcode : 'read' 'write' 'readreq' 'writereq' 'writeresp'>
ST_69 : Operation 712 [5/7] (7.30ns)   --->   "%gamma_V_4_req = readreq i1 @_ssdm_op_ReadReq.m_axi.i8P1A, i8 %gmem_bn2_addr_2, i32 1" [../../ip/ip2/channel_shuffle.cpp:101]   --->   Operation 712 'readreq' 'gamma_V_4_req' <Predicate = true> <Delay = 7.30> <CoreInst = "m_axi">   --->   Core 113 'm_axi' <Latency = 0> <II = 1> <Delay = 1.00> <Adapter> <Opcode : 'read' 'write' 'readreq' 'writereq' 'writeresp'>
ST_69 : Operation 713 [6/7] (7.30ns)   --->   "%beta_V_4_req = readreq i1 @_ssdm_op_ReadReq.m_axi.i8P1A, i8 %gmem_bn2_addr_3, i32 1" [../../ip/ip2/channel_shuffle.cpp:101]   --->   Operation 713 'readreq' 'beta_V_4_req' <Predicate = true> <Delay = 7.30> <CoreInst = "m_axi">   --->   Core 113 'm_axi' <Latency = 0> <II = 1> <Delay = 1.00> <Adapter> <Opcode : 'read' 'write' 'readreq' 'writereq' 'writeresp'>

State 70 <SV = 12> <Delay = 7.30>
ST_70 : Operation 714 [2/7] (7.30ns)   --->   "%gmem_bn2_load_req = readreq i1 @_ssdm_op_ReadReq.m_axi.i8P1A, i8 %gmem_bn2_addr, i32 1" [../../ip/ip2/channel_shuffle.cpp:101]   --->   Operation 714 'readreq' 'gmem_bn2_load_req' <Predicate = true> <Delay = 7.30> <CoreInst = "m_axi">   --->   Core 113 'm_axi' <Latency = 0> <II = 1> <Delay = 1.00> <Adapter> <Opcode : 'read' 'write' 'readreq' 'writereq' 'writeresp'>
ST_70 : Operation 715 [3/7] (7.30ns)   --->   "%gmem_bn2_load_1_req = readreq i1 @_ssdm_op_ReadReq.m_axi.i8P1A, i8 %gmem_bn2_addr_1, i32 1" [../../ip/ip2/channel_shuffle.cpp:101]   --->   Operation 715 'readreq' 'gmem_bn2_load_1_req' <Predicate = true> <Delay = 7.30> <CoreInst = "m_axi">   --->   Core 113 'm_axi' <Latency = 0> <II = 1> <Delay = 1.00> <Adapter> <Opcode : 'read' 'write' 'readreq' 'writereq' 'writeresp'>
ST_70 : Operation 716 [4/7] (7.30ns)   --->   "%gamma_V_4_req = readreq i1 @_ssdm_op_ReadReq.m_axi.i8P1A, i8 %gmem_bn2_addr_2, i32 1" [../../ip/ip2/channel_shuffle.cpp:101]   --->   Operation 716 'readreq' 'gamma_V_4_req' <Predicate = true> <Delay = 7.30> <CoreInst = "m_axi">   --->   Core 113 'm_axi' <Latency = 0> <II = 1> <Delay = 1.00> <Adapter> <Opcode : 'read' 'write' 'readreq' 'writereq' 'writeresp'>
ST_70 : Operation 717 [5/7] (7.30ns)   --->   "%beta_V_4_req = readreq i1 @_ssdm_op_ReadReq.m_axi.i8P1A, i8 %gmem_bn2_addr_3, i32 1" [../../ip/ip2/channel_shuffle.cpp:101]   --->   Operation 717 'readreq' 'beta_V_4_req' <Predicate = true> <Delay = 7.30> <CoreInst = "m_axi">   --->   Core 113 'm_axi' <Latency = 0> <II = 1> <Delay = 1.00> <Adapter> <Opcode : 'read' 'write' 'readreq' 'writereq' 'writeresp'>

State 71 <SV = 13> <Delay = 7.30>
ST_71 : Operation 718 [1/7] (7.30ns)   --->   "%gmem_bn2_load_req = readreq i1 @_ssdm_op_ReadReq.m_axi.i8P1A, i8 %gmem_bn2_addr, i32 1" [../../ip/ip2/channel_shuffle.cpp:101]   --->   Operation 718 'readreq' 'gmem_bn2_load_req' <Predicate = true> <Delay = 7.30> <CoreInst = "m_axi">   --->   Core 113 'm_axi' <Latency = 0> <II = 1> <Delay = 1.00> <Adapter> <Opcode : 'read' 'write' 'readreq' 'writereq' 'writeresp'>
ST_71 : Operation 719 [2/7] (7.30ns)   --->   "%gmem_bn2_load_1_req = readreq i1 @_ssdm_op_ReadReq.m_axi.i8P1A, i8 %gmem_bn2_addr_1, i32 1" [../../ip/ip2/channel_shuffle.cpp:101]   --->   Operation 719 'readreq' 'gmem_bn2_load_1_req' <Predicate = true> <Delay = 7.30> <CoreInst = "m_axi">   --->   Core 113 'm_axi' <Latency = 0> <II = 1> <Delay = 1.00> <Adapter> <Opcode : 'read' 'write' 'readreq' 'writereq' 'writeresp'>
ST_71 : Operation 720 [3/7] (7.30ns)   --->   "%gamma_V_4_req = readreq i1 @_ssdm_op_ReadReq.m_axi.i8P1A, i8 %gmem_bn2_addr_2, i32 1" [../../ip/ip2/channel_shuffle.cpp:101]   --->   Operation 720 'readreq' 'gamma_V_4_req' <Predicate = true> <Delay = 7.30> <CoreInst = "m_axi">   --->   Core 113 'm_axi' <Latency = 0> <II = 1> <Delay = 1.00> <Adapter> <Opcode : 'read' 'write' 'readreq' 'writereq' 'writeresp'>
ST_71 : Operation 721 [4/7] (7.30ns)   --->   "%beta_V_4_req = readreq i1 @_ssdm_op_ReadReq.m_axi.i8P1A, i8 %gmem_bn2_addr_3, i32 1" [../../ip/ip2/channel_shuffle.cpp:101]   --->   Operation 721 'readreq' 'beta_V_4_req' <Predicate = true> <Delay = 7.30> <CoreInst = "m_axi">   --->   Core 113 'm_axi' <Latency = 0> <II = 1> <Delay = 1.00> <Adapter> <Opcode : 'read' 'write' 'readreq' 'writereq' 'writeresp'>

State 72 <SV = 14> <Delay = 7.30>
ST_72 : Operation 722 [1/1] (7.30ns)   --->   "%gmem_bn2_addr_read = read i8 @_ssdm_op_Read.m_axi.i8P1A, i8 %gmem_bn2_addr" [../../ip/ip2/channel_shuffle.cpp:101]   --->   Operation 722 'read' 'gmem_bn2_addr_read' <Predicate = true> <Delay = 7.30> <CoreInst = "m_axi">   --->   Core 113 'm_axi' <Latency = 0> <II = 1> <Delay = 1.00> <Adapter> <Opcode : 'read' 'write' 'readreq' 'writereq' 'writeresp'>
ST_72 : Operation 723 [1/7] (7.30ns)   --->   "%gmem_bn2_load_1_req = readreq i1 @_ssdm_op_ReadReq.m_axi.i8P1A, i8 %gmem_bn2_addr_1, i32 1" [../../ip/ip2/channel_shuffle.cpp:101]   --->   Operation 723 'readreq' 'gmem_bn2_load_1_req' <Predicate = true> <Delay = 7.30> <CoreInst = "m_axi">   --->   Core 113 'm_axi' <Latency = 0> <II = 1> <Delay = 1.00> <Adapter> <Opcode : 'read' 'write' 'readreq' 'writereq' 'writeresp'>
ST_72 : Operation 724 [2/7] (7.30ns)   --->   "%gamma_V_4_req = readreq i1 @_ssdm_op_ReadReq.m_axi.i8P1A, i8 %gmem_bn2_addr_2, i32 1" [../../ip/ip2/channel_shuffle.cpp:101]   --->   Operation 724 'readreq' 'gamma_V_4_req' <Predicate = true> <Delay = 7.30> <CoreInst = "m_axi">   --->   Core 113 'm_axi' <Latency = 0> <II = 1> <Delay = 1.00> <Adapter> <Opcode : 'read' 'write' 'readreq' 'writereq' 'writeresp'>
ST_72 : Operation 725 [3/7] (7.30ns)   --->   "%beta_V_4_req = readreq i1 @_ssdm_op_ReadReq.m_axi.i8P1A, i8 %gmem_bn2_addr_3, i32 1" [../../ip/ip2/channel_shuffle.cpp:101]   --->   Operation 725 'readreq' 'beta_V_4_req' <Predicate = true> <Delay = 7.30> <CoreInst = "m_axi">   --->   Core 113 'm_axi' <Latency = 0> <II = 1> <Delay = 1.00> <Adapter> <Opcode : 'read' 'write' 'readreq' 'writereq' 'writeresp'>

State 73 <SV = 15> <Delay = 7.30>
ST_73 : Operation 726 [1/1] (7.30ns)   --->   "%gmem_bn2_addr_1_read = read i8 @_ssdm_op_Read.m_axi.i8P1A, i8 %gmem_bn2_addr_1" [../../ip/ip2/channel_shuffle.cpp:101]   --->   Operation 726 'read' 'gmem_bn2_addr_1_read' <Predicate = true> <Delay = 7.30> <CoreInst = "m_axi">   --->   Core 113 'm_axi' <Latency = 0> <II = 1> <Delay = 1.00> <Adapter> <Opcode : 'read' 'write' 'readreq' 'writereq' 'writeresp'>
ST_73 : Operation 727 [1/7] (7.30ns)   --->   "%gamma_V_4_req = readreq i1 @_ssdm_op_ReadReq.m_axi.i8P1A, i8 %gmem_bn2_addr_2, i32 1" [../../ip/ip2/channel_shuffle.cpp:101]   --->   Operation 727 'readreq' 'gamma_V_4_req' <Predicate = true> <Delay = 7.30> <CoreInst = "m_axi">   --->   Core 113 'm_axi' <Latency = 0> <II = 1> <Delay = 1.00> <Adapter> <Opcode : 'read' 'write' 'readreq' 'writereq' 'writeresp'>
ST_73 : Operation 728 [2/7] (7.30ns)   --->   "%beta_V_4_req = readreq i1 @_ssdm_op_ReadReq.m_axi.i8P1A, i8 %gmem_bn2_addr_3, i32 1" [../../ip/ip2/channel_shuffle.cpp:101]   --->   Operation 728 'readreq' 'beta_V_4_req' <Predicate = true> <Delay = 7.30> <CoreInst = "m_axi">   --->   Core 113 'm_axi' <Latency = 0> <II = 1> <Delay = 1.00> <Adapter> <Opcode : 'read' 'write' 'readreq' 'writereq' 'writeresp'>

State 74 <SV = 16> <Delay = 7.30>
ST_74 : Operation 729 [1/1] (7.30ns)   --->   "%gamma_V_2 = read i8 @_ssdm_op_Read.m_axi.i8P1A, i8 %gmem_bn2_addr_2" [../../ip/ip2/channel_shuffle.cpp:101]   --->   Operation 729 'read' 'gamma_V_2' <Predicate = true> <Delay = 7.30> <CoreInst = "m_axi">   --->   Core 113 'm_axi' <Latency = 0> <II = 1> <Delay = 1.00> <Adapter> <Opcode : 'read' 'write' 'readreq' 'writereq' 'writeresp'>
ST_74 : Operation 730 [1/7] (7.30ns)   --->   "%beta_V_4_req = readreq i1 @_ssdm_op_ReadReq.m_axi.i8P1A, i8 %gmem_bn2_addr_3, i32 1" [../../ip/ip2/channel_shuffle.cpp:101]   --->   Operation 730 'readreq' 'beta_V_4_req' <Predicate = true> <Delay = 7.30> <CoreInst = "m_axi">   --->   Core 113 'm_axi' <Latency = 0> <II = 1> <Delay = 1.00> <Adapter> <Opcode : 'read' 'write' 'readreq' 'writereq' 'writeresp'>

State 75 <SV = 17> <Delay = 7.30>
ST_75 : Operation 731 [1/1] (1.54ns)   --->   "%sub_i_i3401 = add i17 %zext_ln1027, i17 131071"   --->   Operation 731 'add' 'sub_i_i3401' <Predicate = true> <Delay = 1.54> <CoreInst = "Adder">   --->   Core 1 'Adder' <Latency = 0> <II = 1> <Delay = 1.54> <FuncUnit> <Opcode : 'add' 'sub'> <InPorts = 2> <OutPorts = 1>
ST_75 : Operation 732 [1/1] (0.00ns)   --->   "%gamma_V_4_cast = sext i8 %gamma_V_2" [../../ip/ip2/channel_shuffle.cpp:101]   --->   Operation 732 'sext' 'gamma_V_4_cast' <Predicate = true> <Delay = 0.00>
ST_75 : Operation 733 [1/1] (7.30ns)   --->   "%beta_V_3 = read i8 @_ssdm_op_Read.m_axi.i8P1A, i8 %gmem_bn2_addr_3" [../../ip/ip2/channel_shuffle.cpp:101]   --->   Operation 733 'read' 'beta_V_3' <Predicate = true> <Delay = 7.30> <CoreInst = "m_axi">   --->   Core 113 'm_axi' <Latency = 0> <II = 1> <Delay = 1.00> <Adapter> <Opcode : 'read' 'write' 'readreq' 'writereq' 'writeresp'>
ST_75 : Operation 734 [1/1] (0.00ns)   --->   "%gmem_bn2_load_3_cast = sext i8 %beta_V_3" [../../ip/ip2/channel_shuffle.cpp:101]   --->   Operation 734 'sext' 'gmem_bn2_load_3_cast' <Predicate = true> <Delay = 0.00>
ST_75 : Operation 735 [1/1] (0.80ns)   --->   "%var_term_2_tr = xor i8 %gmem_bn2_addr_1_read, i8 128" [../../ip/ip2/channel_shuffle.cpp:101]   --->   Operation 735 'xor' 'var_term_2_tr' <Predicate = true> <Delay = 0.80> <CoreInst = "LogicGate">   --->   Core 74 'LogicGate' <Latency = 0> <II = 1> <Delay = 0.80> <FuncUnit> <Opcode : 'and' 'or' 'xor'> <InPorts = 2> <OutPorts = 1>
ST_75 : Operation 736 [1/1] (0.00ns)   --->   "%zext_ln27 = zext i8 %var_term_2_tr" [../../ip/ip2/channel_shuffle.cpp:27]   --->   Operation 736 'zext' 'zext_ln27' <Predicate = true> <Delay = 0.00>
ST_75 : Operation 737 [1/1] (0.00ns)   --->   "%sext_ln1027 = sext i8 %gmem_bn2_addr_read"   --->   Operation 737 'sext' 'sext_ln1027' <Predicate = true> <Delay = 0.00>
ST_75 : Operation 738 [1/1] (1.54ns)   --->   "%add_ln1027_2 = add i16 %c_reduce_read, i16 15"   --->   Operation 738 'add' 'add_ln1027_2' <Predicate = true> <Delay = 1.54> <CoreInst = "Adder">   --->   Core 1 'Adder' <Latency = 0> <II = 1> <Delay = 1.54> <FuncUnit> <Opcode : 'add' 'sub'> <InPorts = 2> <OutPorts = 1>
ST_75 : Operation 739 [1/1] (0.00ns)   --->   "%c_reduce1 = partselect i12 @_ssdm_op_PartSelect.i12.i16.i32.i32, i16 %add_ln1027_2, i32 4, i32 15"   --->   Operation 739 'partselect' 'c_reduce1' <Predicate = true> <Delay = 0.00>
ST_75 : Operation 740 [1/1] (0.00ns)   --->   "%br_ln228 = br void %VITIS_LOOP_233_11" [../../ip/ip2/channel_shuffle.cpp:228]   --->   Operation 740 'br' 'br_ln228' <Predicate = true> <Delay = 0.00>

State 76 <SV = 18> <Delay = 7.05>
ST_76 : Operation 741 [1/1] (0.00ns)   --->   "%h_V_5 = load i16 %h_V_1"   --->   Operation 741 'load' 'h_V_5' <Predicate = true> <Delay = 0.00>
ST_76 : Operation 742 [1/1] (0.00ns)   --->   "%indvar_flatten58_load = load i32 %indvar_flatten58"   --->   Operation 742 'load' 'indvar_flatten58_load' <Predicate = true> <Delay = 0.00>
ST_76 : Operation 743 [1/1] (2.13ns)   --->   "%cmp_i_i3874 = icmp_ne  i16 %h_V_5, i16 0"   --->   Operation 743 'icmp' 'cmp_i_i3874' <Predicate = true> <Delay = 2.13> <CoreInst = "Cmp">   --->   Core 9 'Cmp' <Latency = 0> <II = 1> <Delay = 2.13> <FuncUnit> <Opcode : 'icmp'> <InPorts = 2> <OutPorts = 1>
ST_76 : Operation 744 [1/1] (0.00ns)   --->   "%h_V_5_cast14 = zext i16 %h_V_5"   --->   Operation 744 'zext' 'h_V_5_cast14' <Predicate = true> <Delay = 0.00>
ST_76 : Operation 745 [1/1] (2.11ns)   --->   "%cmp_i2475 = icmp_sgt  i17 %sub_i_i3401, i17 %h_V_5_cast14"   --->   Operation 745 'icmp' 'cmp_i2475' <Predicate = true> <Delay = 2.11> <CoreInst = "Cmp">   --->   Core 9 'Cmp' <Latency = 0> <II = 1> <Delay = 2.11> <FuncUnit> <Opcode : 'icmp'> <InPorts = 2> <OutPorts = 1>
ST_76 : Operation 746 [1/1] (1.96ns)   --->   "%icmp_ln1027_7 = icmp_eq  i32 %indvar_flatten58_load, i32 %ret_V_11"   --->   Operation 746 'icmp' 'icmp_ln1027_7' <Predicate = true> <Delay = 1.96> <CoreInst = "Cmp">   --->   Core 9 'Cmp' <Latency = 0> <II = 1> <Delay = 1.96> <FuncUnit> <Opcode : 'icmp'> <InPorts = 2> <OutPorts = 1>
ST_76 : Operation 747 [1/1] (1.89ns)   --->   "%add_ln1027_3 = add i32 %indvar_flatten58_load, i32 1"   --->   Operation 747 'add' 'add_ln1027_3' <Predicate = true> <Delay = 1.89> <CoreInst = "Adder">   --->   Core 1 'Adder' <Latency = 0> <II = 1> <Delay = 1.89> <FuncUnit> <Opcode : 'add' 'sub'> <InPorts = 2> <OutPorts = 1>
ST_76 : Operation 748 [1/1] (0.00ns)   --->   "%br_ln1027 = br i1 %icmp_ln1027_7, void %for.inc354, void %VITIS_LOOP_297_13.loopexit"   --->   Operation 748 'br' 'br_ln1027' <Predicate = true> <Delay = 0.00>
ST_76 : Operation 749 [1/1] (0.00ns)   --->   "%lhs_V_load = load i16 %lhs_V"   --->   Operation 749 'load' 'lhs_V_load' <Predicate = (!icmp_ln1027_7)> <Delay = 0.00>
ST_76 : Operation 750 [1/1] (2.13ns)   --->   "%icmp_ln1027_9 = icmp_eq  i16 %lhs_V_load, i16 %h_w_read"   --->   Operation 750 'icmp' 'icmp_ln1027_9' <Predicate = (!icmp_ln1027_7)> <Delay = 2.13> <CoreInst = "Cmp">   --->   Core 9 'Cmp' <Latency = 0> <II = 1> <Delay = 2.13> <FuncUnit> <Opcode : 'icmp'> <InPorts = 2> <OutPorts = 1>
ST_76 : Operation 751 [1/1] (0.62ns)   --->   "%select_ln228 = select i1 %icmp_ln1027_9, i16 0, i16 %lhs_V_load" [../../ip/ip2/channel_shuffle.cpp:228]   --->   Operation 751 'select' 'select_ln228' <Predicate = (!icmp_ln1027_7)> <Delay = 0.62> <CoreInst = "Sel">   --->   Core 73 'Sel' <Latency = 0> <II = 1> <Delay = 0.62> <FuncUnit> <Opcode : 'select'> <InPorts = 3> <OutPorts = 1>
ST_76 : Operation 752 [1/1] (1.54ns)   --->   "%add_ln840_4 = add i16 %h_V_5, i16 1"   --->   Operation 752 'add' 'add_ln840_4' <Predicate = (!icmp_ln1027_7)> <Delay = 1.54> <CoreInst = "Adder">   --->   Core 1 'Adder' <Latency = 0> <II = 1> <Delay = 1.54> <FuncUnit> <Opcode : 'add' 'sub'> <InPorts = 2> <OutPorts = 1>
ST_76 : Operation 753 [1/1] (2.13ns)   --->   "%cmp_i_i3874_mid1 = icmp_ne  i16 %add_ln840_4, i16 0"   --->   Operation 753 'icmp' 'cmp_i_i3874_mid1' <Predicate = (!icmp_ln1027_7)> <Delay = 2.13> <CoreInst = "Cmp">   --->   Core 9 'Cmp' <Latency = 0> <II = 1> <Delay = 2.13> <FuncUnit> <Opcode : 'icmp'> <InPorts = 2> <OutPorts = 1>
ST_76 : Operation 754 [1/1] (0.81ns)   --->   "%select_ln228_1 = select i1 %icmp_ln1027_9, i1 %cmp_i_i3874_mid1, i1 %cmp_i_i3874" [../../ip/ip2/channel_shuffle.cpp:228]   --->   Operation 754 'select' 'select_ln228_1' <Predicate = (!icmp_ln1027_7)> <Delay = 0.81> <CoreInst = "Sel">   --->   Core 73 'Sel' <Latency = 0> <II = 1> <Delay = 0.81> <FuncUnit> <Opcode : 'select'> <InPorts = 3> <OutPorts = 1>
ST_76 : Operation 755 [1/1] (0.00ns)   --->   "%h_V_5_cast14_mid1 = zext i16 %add_ln840_4"   --->   Operation 755 'zext' 'h_V_5_cast14_mid1' <Predicate = (!icmp_ln1027_7)> <Delay = 0.00>
ST_76 : Operation 756 [1/1] (0.62ns)   --->   "%select_ln228_2 = select i1 %icmp_ln1027_9, i16 %add_ln840_4, i16 %h_V_5" [../../ip/ip2/channel_shuffle.cpp:228]   --->   Operation 756 'select' 'select_ln228_2' <Predicate = (!icmp_ln1027_7)> <Delay = 0.62> <CoreInst = "Sel">   --->   Core 73 'Sel' <Latency = 0> <II = 1> <Delay = 0.62> <FuncUnit> <Opcode : 'select'> <InPorts = 3> <OutPorts = 1>
ST_76 : Operation 757 [1/1] (0.00ns)   --->   "%trunc_ln228 = trunc i16 %select_ln228_2" [../../ip/ip2/channel_shuffle.cpp:228]   --->   Operation 757 'trunc' 'trunc_ln228' <Predicate = (!icmp_ln1027_7)> <Delay = 0.00>
ST_76 : Operation 758 [1/1] (2.11ns)   --->   "%cmp_i2475_mid1 = icmp_sgt  i17 %sub_i_i3401, i17 %h_V_5_cast14_mid1"   --->   Operation 758 'icmp' 'cmp_i2475_mid1' <Predicate = (!icmp_ln1027_7)> <Delay = 2.11> <CoreInst = "Cmp">   --->   Core 9 'Cmp' <Latency = 0> <II = 1> <Delay = 2.11> <FuncUnit> <Opcode : 'icmp'> <InPorts = 2> <OutPorts = 1>
ST_76 : Operation 759 [1/1] (0.81ns)   --->   "%select_ln228_3 = select i1 %icmp_ln1027_9, i1 %cmp_i2475_mid1, i1 %cmp_i2475" [../../ip/ip2/channel_shuffle.cpp:228]   --->   Operation 759 'select' 'select_ln228_3' <Predicate = (!icmp_ln1027_7)> <Delay = 0.81> <CoreInst = "Sel">   --->   Core 73 'Sel' <Latency = 0> <II = 1> <Delay = 0.81> <FuncUnit> <Opcode : 'select'> <InPorts = 3> <OutPorts = 1>
ST_76 : Operation 760 [1/1] (0.00ns)   --->   "%trunc_ln1027_2 = trunc i16 %select_ln228"   --->   Operation 760 'trunc' 'trunc_ln1027_2' <Predicate = (!icmp_ln1027_7)> <Delay = 0.00>
ST_76 : Operation 761 [1/1] (0.00ns)   --->   "%zext_ln186_2 = zext i16 %select_ln228"   --->   Operation 761 'zext' 'zext_ln186_2' <Predicate = (!icmp_ln1027_7)> <Delay = 0.00>
ST_76 : Operation 762 [1/1] (2.11ns)   --->   "%cmp_i3378 = icmp_sgt  i17 %sub_i_i3401, i17 %zext_ln186_2"   --->   Operation 762 'icmp' 'cmp_i3378' <Predicate = (!icmp_ln1027_7)> <Delay = 2.11> <CoreInst = "Cmp">   --->   Core 9 'Cmp' <Latency = 0> <II = 1> <Delay = 2.11> <FuncUnit> <Opcode : 'icmp'> <InPorts = 2> <OutPorts = 1>
ST_76 : Operation 763 [1/1] (0.00ns)   --->   "%w_V = alloca i32 1"   --->   Operation 763 'alloca' 'w_V' <Predicate = (icmp_ln1027_7)> <Delay = 0.00>
ST_76 : Operation 764 [1/1] (0.00ns)   --->   "%h_V_3 = alloca i32 1"   --->   Operation 764 'alloca' 'h_V_3' <Predicate = (icmp_ln1027_7)> <Delay = 0.00>
ST_76 : Operation 765 [1/1] (0.00ns)   --->   "%indvar_flatten94 = alloca i32 1"   --->   Operation 765 'alloca' 'indvar_flatten94' <Predicate = (icmp_ln1027_7)> <Delay = 0.00>
ST_76 : Operation 766 [1/1] (0.00ns)   --->   "%cast71 = zext i15 %c_in_half_V"   --->   Operation 766 'zext' 'cast71' <Predicate = (icmp_ln1027_7)> <Delay = 0.00>
ST_76 : Operation 767 [1/1] (0.00ns)   --->   "%cast72 = zext i32 %ret_V_11"   --->   Operation 767 'zext' 'cast72' <Predicate = (icmp_ln1027_7)> <Delay = 0.00>
ST_76 : Operation 768 [1/1] (7.05ns)   --->   "%bound73 = mul i47 %cast71, i47 %cast72"   --->   Operation 768 'mul' 'bound73' <Predicate = (icmp_ln1027_7)> <Delay = 7.05> <CoreInst = "Multiplier">   --->   Core 3 'Multiplier' <Latency = 0> <II = 1> <Delay = 7.05> <FuncUnit> <Opcode : 'mul'> <InPorts = 2> <OutPorts = 1>
ST_76 : Operation 769 [1/1] (0.00ns)   --->   "%gmem_bn3_addr = getelementptr i8 %gmem_bn3, i64 %bn3_mean_read" [../../ip/ip2/channel_shuffle.cpp:101]   --->   Operation 769 'getelementptr' 'gmem_bn3_addr' <Predicate = (icmp_ln1027_7)> <Delay = 0.00>
ST_76 : Operation 770 [1/1] (0.00ns)   --->   "%gmem_bn3_addr_1 = getelementptr i8 %gmem_bn3, i64 %bn3_var_read" [../../ip/ip2/channel_shuffle.cpp:101]   --->   Operation 770 'getelementptr' 'gmem_bn3_addr_1' <Predicate = (icmp_ln1027_7)> <Delay = 0.00>
ST_76 : Operation 771 [1/1] (0.00ns)   --->   "%gmem_bn3_addr_2 = getelementptr i8 %gmem_bn3, i64 %bn3_gamma_read" [../../ip/ip2/channel_shuffle.cpp:101]   --->   Operation 771 'getelementptr' 'gmem_bn3_addr_2' <Predicate = (icmp_ln1027_7)> <Delay = 0.00>
ST_76 : Operation 772 [1/1] (0.00ns)   --->   "%gmem_bn3_addr_3 = getelementptr i8 %gmem_bn3, i64 %bn3_beta_read" [../../ip/ip2/channel_shuffle.cpp:101]   --->   Operation 772 'getelementptr' 'gmem_bn3_addr_3' <Predicate = (icmp_ln1027_7)> <Delay = 0.00>
ST_76 : Operation 773 [1/1] (1.29ns)   --->   "%store_ln309 = store i32 0, i32 %indvar_flatten94" [../../ip/ip2/channel_shuffle.cpp:309]   --->   Operation 773 'store' 'store_ln309' <Predicate = (icmp_ln1027_7)> <Delay = 1.29>
ST_76 : Operation 774 [1/1] (1.29ns)   --->   "%store_ln309 = store i16 0, i16 %h_V_3" [../../ip/ip2/channel_shuffle.cpp:309]   --->   Operation 774 'store' 'store_ln309' <Predicate = (icmp_ln1027_7)> <Delay = 1.29>
ST_76 : Operation 775 [1/1] (1.29ns)   --->   "%store_ln309 = store i16 0, i16 %w_V" [../../ip/ip2/channel_shuffle.cpp:309]   --->   Operation 775 'store' 'store_ln309' <Predicate = (icmp_ln1027_7)> <Delay = 1.29>

State 77 <SV = 19> <Delay = 4.57>
ST_77 : Operation 776 [1/1] (0.00ns)   --->   "%specloopname_ln0 = specloopname void @_ssdm_op_SpecLoopName, void @VITIS_LOOP_228_9_VITIS_LOOP_229_10_str"   --->   Operation 776 'specloopname' 'specloopname_ln0' <Predicate = true> <Delay = 0.00>
ST_77 : Operation 777 [1/1] (0.00ns)   --->   "%speclooptripcount_ln0 = speclooptripcount void @_ssdm_op_SpecLoopTripCount, i64 0, i64 33553920, i64 0"   --->   Operation 777 'speclooptripcount' 'speclooptripcount_ln0' <Predicate = true> <Delay = 0.00>
ST_77 : Operation 778 [1/1] (1.28ns)   --->   "%add_ln228 = add i6 %trunc_ln228, i6 63" [../../ip/ip2/channel_shuffle.cpp:228]   --->   Operation 778 'add' 'add_ln228' <Predicate = true> <Delay = 1.28> <CoreInst = "Adder">   --->   Core 1 'Adder' <Latency = 0> <II = 1> <Delay = 1.28> <FuncUnit> <Opcode : 'add' 'sub'> <InPorts = 2> <OutPorts = 1>
ST_77 : Operation 779 [1/1] (3.29ns)   --->   "%mul_ln228 = mul i6 %add_ln228, i6 %trunc_ln101" [../../ip/ip2/channel_shuffle.cpp:228]   --->   Operation 779 'mul' 'mul_ln228' <Predicate = true> <Delay = 3.29> <CoreInst = "Multiplier">   --->   Core 3 'Multiplier' <Latency = 0> <II = 1> <Delay = 3.29> <FuncUnit> <Opcode : 'mul'> <InPorts = 2> <OutPorts = 1>
ST_77 : Operation 780 [1/1] (1.28ns)   --->   "%add_ln228_1 = add i6 %trunc_ln228, i6 1" [../../ip/ip2/channel_shuffle.cpp:228]   --->   Operation 780 'add' 'add_ln228_1' <Predicate = true> <Delay = 1.28> <CoreInst = "Adder">   --->   Core 1 'Adder' <Latency = 0> <II = 1> <Delay = 1.28> <FuncUnit> <Opcode : 'add' 'sub'> <InPorts = 2> <OutPorts = 1>
ST_77 : Operation 781 [1/1] (3.29ns)   --->   "%mul_ln228_1 = mul i6 %add_ln228_1, i6 %trunc_ln101" [../../ip/ip2/channel_shuffle.cpp:228]   --->   Operation 781 'mul' 'mul_ln228_1' <Predicate = true> <Delay = 3.29> <CoreInst = "Multiplier">   --->   Core 3 'Multiplier' <Latency = 0> <II = 1> <Delay = 3.29> <FuncUnit> <Opcode : 'mul'> <InPorts = 2> <OutPorts = 1>
ST_77 : Operation 782 [1/1] (3.29ns)   --->   "%mul_ln228_2 = mul i6 %trunc_ln228, i6 %trunc_ln101" [../../ip/ip2/channel_shuffle.cpp:228]   --->   Operation 782 'mul' 'mul_ln228_2' <Predicate = true> <Delay = 3.29> <CoreInst = "Multiplier">   --->   Core 3 'Multiplier' <Latency = 0> <II = 1> <Delay = 3.29> <FuncUnit> <Opcode : 'mul'> <InPorts = 2> <OutPorts = 1>
ST_77 : Operation 783 [1/1] (0.00ns)   --->   "%specpipeline_ln230 = specpipeline void @_ssdm_op_SpecPipeline, i32 1, i32 0, i32 0, i32 0, void @empty_47" [../../ip/ip2/channel_shuffle.cpp:230]   --->   Operation 783 'specpipeline' 'specpipeline_ln230' <Predicate = true> <Delay = 0.00>
ST_77 : Operation 784 [1/1] (0.00ns)   --->   "%specloopname_ln229 = specloopname void @_ssdm_op_SpecLoopName, void @empty_6" [../../ip/ip2/channel_shuffle.cpp:229]   --->   Operation 784 'specloopname' 'specloopname_ln229' <Predicate = true> <Delay = 0.00>
ST_77 : Operation 785 [1/1] (2.13ns)   --->   "%cmp_i_i3867 = icmp_ne  i16 %select_ln228, i16 0" [../../ip/ip2/channel_shuffle.cpp:228]   --->   Operation 785 'icmp' 'cmp_i_i3867' <Predicate = true> <Delay = 2.13> <CoreInst = "Cmp">   --->   Core 9 'Cmp' <Latency = 0> <II = 1> <Delay = 2.13> <FuncUnit> <Opcode : 'icmp'> <InPorts = 2> <OutPorts = 1>
ST_77 : Operation 786 [1/1] (1.28ns)   --->   "%add_ln186 = add i6 %trunc_ln1027_2, i6 63"   --->   Operation 786 'add' 'add_ln186' <Predicate = true> <Delay = 1.28> <CoreInst = "Adder">   --->   Core 1 'Adder' <Latency = 0> <II = 1> <Delay = 1.28> <FuncUnit> <Opcode : 'add' 'sub'> <InPorts = 2> <OutPorts = 1>
ST_77 : Operation 787 [1/1] (1.54ns)   --->   "%w_V_7 = add i16 %select_ln228, i16 1"   --->   Operation 787 'add' 'w_V_7' <Predicate = true> <Delay = 1.54> <CoreInst = "Adder">   --->   Core 1 'Adder' <Latency = 0> <II = 1> <Delay = 1.54> <FuncUnit> <Opcode : 'add' 'sub'> <InPorts = 2> <OutPorts = 1>
ST_77 : Operation 788 [1/1] (1.28ns)   --->   "%w_V_5_cast = add i6 %trunc_ln1027_2, i6 1"   --->   Operation 788 'add' 'w_V_5_cast' <Predicate = true> <Delay = 1.28> <CoreInst = "Adder">   --->   Core 1 'Adder' <Latency = 0> <II = 1> <Delay = 1.28> <FuncUnit> <Opcode : 'add' 'sub'> <InPorts = 2> <OutPorts = 1>
ST_77 : Operation 789 [1/1] (0.80ns)   --->   "%brmerge_demorgan = and i1 %select_ln228_1, i1 %cmp_i_i3867" [../../ip/ip2/channel_shuffle.cpp:228]   --->   Operation 789 'and' 'brmerge_demorgan' <Predicate = true> <Delay = 0.80> <CoreInst = "LogicGate">   --->   Core 74 'LogicGate' <Latency = 0> <II = 1> <Delay = 0.80> <FuncUnit> <Opcode : 'and' 'or' 'xor'> <InPorts = 2> <OutPorts = 1>
ST_77 : Operation 790 [1/1] (0.80ns)   --->   "%spec_select87 = and i1 %select_ln228_1, i1 %cmp_i3378" [../../ip/ip2/channel_shuffle.cpp:228]   --->   Operation 790 'and' 'spec_select87' <Predicate = true> <Delay = 0.80> <CoreInst = "LogicGate">   --->   Core 74 'LogicGate' <Latency = 0> <II = 1> <Delay = 0.80> <FuncUnit> <Opcode : 'and' 'or' 'xor'> <InPorts = 2> <OutPorts = 1>
ST_77 : Operation 791 [1/1] (0.80ns)   --->   "%spec_select88 = and i1 %select_ln228_3, i1 %cmp_i_i3867" [../../ip/ip2/channel_shuffle.cpp:228]   --->   Operation 791 'and' 'spec_select88' <Predicate = true> <Delay = 0.80> <CoreInst = "LogicGate">   --->   Core 74 'LogicGate' <Latency = 0> <II = 1> <Delay = 0.80> <FuncUnit> <Opcode : 'and' 'or' 'xor'> <InPorts = 2> <OutPorts = 1>
ST_77 : Operation 792 [1/1] (0.80ns)   --->   "%spec_select90 = and i1 %select_ln228_3, i1 %cmp_i3378" [../../ip/ip2/channel_shuffle.cpp:228]   --->   Operation 792 'and' 'spec_select90' <Predicate = true> <Delay = 0.80> <CoreInst = "LogicGate">   --->   Core 74 'LogicGate' <Latency = 0> <II = 1> <Delay = 0.80> <FuncUnit> <Opcode : 'and' 'or' 'xor'> <InPorts = 2> <OutPorts = 1>
ST_77 : Operation 793 [1/1] (1.28ns)   --->   "%add_ln186_5 = add i6 %mul_ln228_2, i6 %add_ln186"   --->   Operation 793 'add' 'add_ln186_5' <Predicate = true> <Delay = 1.28> <CoreInst = "Adder">   --->   Core 1 'Adder' <Latency = 0> <II = 1> <Delay = 1.28> <FuncUnit> <Opcode : 'add' 'sub'> <InPorts = 2> <OutPorts = 1>
ST_77 : Operation 794 [1/1] (1.29ns)   --->   "%br_ln233 = br void %for.body128" [../../ip/ip2/channel_shuffle.cpp:233]   --->   Operation 794 'br' 'br_ln233' <Predicate = true> <Delay = 1.29>

State 78 <SV = 20> <Delay = 3.18>
ST_78 : Operation 795 [1/1] (0.00ns)   --->   "%empty_76 = phi i12 0, void %for.inc354, i12 %add_ln1027_4, void %for.inc348.loopexit"   --->   Operation 795 'phi' 'empty_76' <Predicate = true> <Delay = 0.00>
ST_78 : Operation 796 [1/1] (0.00ns)   --->   "%cr_group_V_6 = phi i16 0, void %for.inc354, i16 %cr_end_V_5, void %for.inc348.loopexit"   --->   Operation 796 'phi' 'cr_group_V_6' <Predicate = true> <Delay = 0.00>
ST_78 : Operation 797 [1/1] (1.82ns)   --->   "%icmp_ln233 = icmp_eq  i12 %empty_76, i12 %c_reduce1" [../../ip/ip2/channel_shuffle.cpp:233]   --->   Operation 797 'icmp' 'icmp_ln233' <Predicate = true> <Delay = 1.82> <CoreInst = "Cmp">   --->   Core 9 'Cmp' <Latency = 0> <II = 1> <Delay = 1.82> <FuncUnit> <Opcode : 'icmp'> <InPorts = 2> <OutPorts = 1>
ST_78 : Operation 798 [1/1] (0.00ns)   --->   "%speclooptripcount_ln0 = speclooptripcount void @_ssdm_op_SpecLoopTripCount, i64 0, i64 4095, i64 0"   --->   Operation 798 'speclooptripcount' 'speclooptripcount_ln0' <Predicate = true> <Delay = 0.00>
ST_78 : Operation 799 [1/1] (1.54ns)   --->   "%add_ln1027_4 = add i12 %empty_76, i12 1"   --->   Operation 799 'add' 'add_ln1027_4' <Predicate = true> <Delay = 1.54> <CoreInst = "Adder">   --->   Core 1 'Adder' <Latency = 0> <II = 1> <Delay = 1.54> <FuncUnit> <Opcode : 'add' 'sub'> <InPorts = 2> <OutPorts = 1>
ST_78 : Operation 800 [1/1] (0.00ns)   --->   "%br_ln233 = br i1 %icmp_ln233, void %for.body128.split, void %for.inc351.loopexit" [../../ip/ip2/channel_shuffle.cpp:233]   --->   Operation 800 'br' 'br_ln233' <Predicate = true> <Delay = 0.00>
ST_78 : Operation 801 [21/21] (3.18ns)   --->   "%rhs_2 = udiv i17 65536, i17 %zext_ln27" [../../ip/ip2/channel_shuffle.cpp:27]   --->   Operation 801 'udiv' 'rhs_2' <Predicate = (!icmp_ln233)> <Delay = 3.18> <CoreInst = "Divider">   --->   Core 6 'Divider' <Latency = 20> <II = 1> <Delay = 3.18> <FuncUnit> <Opcode : 'sdiv' 'srem' 'udiv' 'urem'> <InPorts = 2> <OutPorts = 1>
ST_78 : Operation 802 [1/1] (1.29ns)   --->   "%store_ln229 = store i32 %add_ln1027_3, i32 %indvar_flatten58" [../../ip/ip2/channel_shuffle.cpp:229]   --->   Operation 802 'store' 'store_ln229' <Predicate = (icmp_ln233)> <Delay = 1.29>
ST_78 : Operation 803 [1/1] (1.29ns)   --->   "%store_ln229 = store i16 %select_ln228_2, i16 %h_V_1" [../../ip/ip2/channel_shuffle.cpp:229]   --->   Operation 803 'store' 'store_ln229' <Predicate = (icmp_ln233)> <Delay = 1.29>
ST_78 : Operation 804 [1/1] (1.29ns)   --->   "%store_ln229 = store i16 %w_V_7, i16 %lhs_V" [../../ip/ip2/channel_shuffle.cpp:229]   --->   Operation 804 'store' 'store_ln229' <Predicate = (icmp_ln233)> <Delay = 1.29>
ST_78 : Operation 805 [1/1] (0.00ns)   --->   "%br_ln229 = br void %VITIS_LOOP_233_11" [../../ip/ip2/channel_shuffle.cpp:229]   --->   Operation 805 'br' 'br_ln229' <Predicate = (icmp_ln233)> <Delay = 0.00>

State 79 <SV = 21> <Delay = 3.18>
ST_79 : Operation 806 [20/21] (3.18ns)   --->   "%rhs_2 = udiv i17 65536, i17 %zext_ln27" [../../ip/ip2/channel_shuffle.cpp:27]   --->   Operation 806 'udiv' 'rhs_2' <Predicate = true> <Delay = 3.18> <CoreInst = "Divider">   --->   Core 6 'Divider' <Latency = 20> <II = 1> <Delay = 3.18> <FuncUnit> <Opcode : 'sdiv' 'srem' 'udiv' 'urem'> <InPorts = 2> <OutPorts = 1>

State 80 <SV = 22> <Delay = 3.18>
ST_80 : Operation 807 [19/21] (3.18ns)   --->   "%rhs_2 = udiv i17 65536, i17 %zext_ln27" [../../ip/ip2/channel_shuffle.cpp:27]   --->   Operation 807 'udiv' 'rhs_2' <Predicate = true> <Delay = 3.18> <CoreInst = "Divider">   --->   Core 6 'Divider' <Latency = 20> <II = 1> <Delay = 3.18> <FuncUnit> <Opcode : 'sdiv' 'srem' 'udiv' 'urem'> <InPorts = 2> <OutPorts = 1>

State 81 <SV = 23> <Delay = 3.18>
ST_81 : Operation 808 [18/21] (3.18ns)   --->   "%rhs_2 = udiv i17 65536, i17 %zext_ln27" [../../ip/ip2/channel_shuffle.cpp:27]   --->   Operation 808 'udiv' 'rhs_2' <Predicate = true> <Delay = 3.18> <CoreInst = "Divider">   --->   Core 6 'Divider' <Latency = 20> <II = 1> <Delay = 3.18> <FuncUnit> <Opcode : 'sdiv' 'srem' 'udiv' 'urem'> <InPorts = 2> <OutPorts = 1>

State 82 <SV = 24> <Delay = 3.18>
ST_82 : Operation 809 [17/21] (3.18ns)   --->   "%rhs_2 = udiv i17 65536, i17 %zext_ln27" [../../ip/ip2/channel_shuffle.cpp:27]   --->   Operation 809 'udiv' 'rhs_2' <Predicate = true> <Delay = 3.18> <CoreInst = "Divider">   --->   Core 6 'Divider' <Latency = 20> <II = 1> <Delay = 3.18> <FuncUnit> <Opcode : 'sdiv' 'srem' 'udiv' 'urem'> <InPorts = 2> <OutPorts = 1>

State 83 <SV = 25> <Delay = 3.18>
ST_83 : Operation 810 [16/21] (3.18ns)   --->   "%rhs_2 = udiv i17 65536, i17 %zext_ln27" [../../ip/ip2/channel_shuffle.cpp:27]   --->   Operation 810 'udiv' 'rhs_2' <Predicate = true> <Delay = 3.18> <CoreInst = "Divider">   --->   Core 6 'Divider' <Latency = 20> <II = 1> <Delay = 3.18> <FuncUnit> <Opcode : 'sdiv' 'srem' 'udiv' 'urem'> <InPorts = 2> <OutPorts = 1>

State 84 <SV = 26> <Delay = 3.18>
ST_84 : Operation 811 [15/21] (3.18ns)   --->   "%rhs_2 = udiv i17 65536, i17 %zext_ln27" [../../ip/ip2/channel_shuffle.cpp:27]   --->   Operation 811 'udiv' 'rhs_2' <Predicate = true> <Delay = 3.18> <CoreInst = "Divider">   --->   Core 6 'Divider' <Latency = 20> <II = 1> <Delay = 3.18> <FuncUnit> <Opcode : 'sdiv' 'srem' 'udiv' 'urem'> <InPorts = 2> <OutPorts = 1>

State 85 <SV = 27> <Delay = 3.18>
ST_85 : Operation 812 [14/21] (3.18ns)   --->   "%rhs_2 = udiv i17 65536, i17 %zext_ln27" [../../ip/ip2/channel_shuffle.cpp:27]   --->   Operation 812 'udiv' 'rhs_2' <Predicate = true> <Delay = 3.18> <CoreInst = "Divider">   --->   Core 6 'Divider' <Latency = 20> <II = 1> <Delay = 3.18> <FuncUnit> <Opcode : 'sdiv' 'srem' 'udiv' 'urem'> <InPorts = 2> <OutPorts = 1>

State 86 <SV = 28> <Delay = 3.18>
ST_86 : Operation 813 [13/21] (3.18ns)   --->   "%rhs_2 = udiv i17 65536, i17 %zext_ln27" [../../ip/ip2/channel_shuffle.cpp:27]   --->   Operation 813 'udiv' 'rhs_2' <Predicate = true> <Delay = 3.18> <CoreInst = "Divider">   --->   Core 6 'Divider' <Latency = 20> <II = 1> <Delay = 3.18> <FuncUnit> <Opcode : 'sdiv' 'srem' 'udiv' 'urem'> <InPorts = 2> <OutPorts = 1>

State 87 <SV = 29> <Delay = 3.18>
ST_87 : Operation 814 [12/21] (3.18ns)   --->   "%rhs_2 = udiv i17 65536, i17 %zext_ln27" [../../ip/ip2/channel_shuffle.cpp:27]   --->   Operation 814 'udiv' 'rhs_2' <Predicate = true> <Delay = 3.18> <CoreInst = "Divider">   --->   Core 6 'Divider' <Latency = 20> <II = 1> <Delay = 3.18> <FuncUnit> <Opcode : 'sdiv' 'srem' 'udiv' 'urem'> <InPorts = 2> <OutPorts = 1>

State 88 <SV = 30> <Delay = 3.18>
ST_88 : Operation 815 [11/21] (3.18ns)   --->   "%rhs_2 = udiv i17 65536, i17 %zext_ln27" [../../ip/ip2/channel_shuffle.cpp:27]   --->   Operation 815 'udiv' 'rhs_2' <Predicate = true> <Delay = 3.18> <CoreInst = "Divider">   --->   Core 6 'Divider' <Latency = 20> <II = 1> <Delay = 3.18> <FuncUnit> <Opcode : 'sdiv' 'srem' 'udiv' 'urem'> <InPorts = 2> <OutPorts = 1>

State 89 <SV = 31> <Delay = 3.18>
ST_89 : Operation 816 [10/21] (3.18ns)   --->   "%rhs_2 = udiv i17 65536, i17 %zext_ln27" [../../ip/ip2/channel_shuffle.cpp:27]   --->   Operation 816 'udiv' 'rhs_2' <Predicate = true> <Delay = 3.18> <CoreInst = "Divider">   --->   Core 6 'Divider' <Latency = 20> <II = 1> <Delay = 3.18> <FuncUnit> <Opcode : 'sdiv' 'srem' 'udiv' 'urem'> <InPorts = 2> <OutPorts = 1>

State 90 <SV = 32> <Delay = 3.18>
ST_90 : Operation 817 [9/21] (3.18ns)   --->   "%rhs_2 = udiv i17 65536, i17 %zext_ln27" [../../ip/ip2/channel_shuffle.cpp:27]   --->   Operation 817 'udiv' 'rhs_2' <Predicate = true> <Delay = 3.18> <CoreInst = "Divider">   --->   Core 6 'Divider' <Latency = 20> <II = 1> <Delay = 3.18> <FuncUnit> <Opcode : 'sdiv' 'srem' 'udiv' 'urem'> <InPorts = 2> <OutPorts = 1>

State 91 <SV = 33> <Delay = 3.18>
ST_91 : Operation 818 [8/21] (3.18ns)   --->   "%rhs_2 = udiv i17 65536, i17 %zext_ln27" [../../ip/ip2/channel_shuffle.cpp:27]   --->   Operation 818 'udiv' 'rhs_2' <Predicate = true> <Delay = 3.18> <CoreInst = "Divider">   --->   Core 6 'Divider' <Latency = 20> <II = 1> <Delay = 3.18> <FuncUnit> <Opcode : 'sdiv' 'srem' 'udiv' 'urem'> <InPorts = 2> <OutPorts = 1>

State 92 <SV = 34> <Delay = 3.18>
ST_92 : Operation 819 [7/21] (3.18ns)   --->   "%rhs_2 = udiv i17 65536, i17 %zext_ln27" [../../ip/ip2/channel_shuffle.cpp:27]   --->   Operation 819 'udiv' 'rhs_2' <Predicate = true> <Delay = 3.18> <CoreInst = "Divider">   --->   Core 6 'Divider' <Latency = 20> <II = 1> <Delay = 3.18> <FuncUnit> <Opcode : 'sdiv' 'srem' 'udiv' 'urem'> <InPorts = 2> <OutPorts = 1>

State 93 <SV = 35> <Delay = 3.18>
ST_93 : Operation 820 [6/21] (3.18ns)   --->   "%rhs_2 = udiv i17 65536, i17 %zext_ln27" [../../ip/ip2/channel_shuffle.cpp:27]   --->   Operation 820 'udiv' 'rhs_2' <Predicate = true> <Delay = 3.18> <CoreInst = "Divider">   --->   Core 6 'Divider' <Latency = 20> <II = 1> <Delay = 3.18> <FuncUnit> <Opcode : 'sdiv' 'srem' 'udiv' 'urem'> <InPorts = 2> <OutPorts = 1>

State 94 <SV = 36> <Delay = 4.28>
ST_94 : Operation 821 [1/1] (0.00ns)   --->   "%zext_ln1495_2 = zext i16 %cr_group_V_6"   --->   Operation 821 'zext' 'zext_ln1495_2' <Predicate = true> <Delay = 0.00>
ST_94 : Operation 822 [1/1] (1.54ns)   --->   "%ret_V_1 = add i17 %zext_ln1495_2, i17 16"   --->   Operation 822 'add' 'ret_V_1' <Predicate = true> <Delay = 1.54> <CoreInst = "Adder">   --->   Core 1 'Adder' <Latency = 0> <II = 1> <Delay = 1.54> <FuncUnit> <Opcode : 'add' 'sub'> <InPorts = 2> <OutPorts = 1>
ST_94 : Operation 823 [1/1] (2.11ns)   --->   "%icmp_ln1035_1 = icmp_ugt  i17 %ret_V_1, i17 %c_reduce_cast"   --->   Operation 823 'icmp' 'icmp_ln1035_1' <Predicate = true> <Delay = 2.11> <CoreInst = "Cmp">   --->   Core 9 'Cmp' <Latency = 0> <II = 1> <Delay = 2.11> <FuncUnit> <Opcode : 'icmp'> <InPorts = 2> <OutPorts = 1>
ST_94 : Operation 824 [1/1] (1.54ns)   --->   "%cr_end_V_5 = add i16 %cr_group_V_6, i16 16"   --->   Operation 824 'add' 'cr_end_V_5' <Predicate = true> <Delay = 1.54> <CoreInst = "Adder">   --->   Core 1 'Adder' <Latency = 0> <II = 1> <Delay = 1.54> <FuncUnit> <Opcode : 'add' 'sub'> <InPorts = 2> <OutPorts = 1>
ST_94 : Operation 825 [1/1] (0.62ns)   --->   "%cr_end_V_3 = select i1 %icmp_ln1035_1, i16 %c_reduce_read, i16 %cr_end_V_5" [../../ip/ip2/channel_shuffle.cpp:234]   --->   Operation 825 'select' 'cr_end_V_3' <Predicate = true> <Delay = 0.62> <CoreInst = "Sel">   --->   Core 73 'Sel' <Latency = 0> <II = 1> <Delay = 0.62> <FuncUnit> <Opcode : 'select'> <InPorts = 3> <OutPorts = 1>
ST_94 : Operation 826 [5/21] (3.18ns)   --->   "%rhs_2 = udiv i17 65536, i17 %zext_ln27" [../../ip/ip2/channel_shuffle.cpp:27]   --->   Operation 826 'udiv' 'rhs_2' <Predicate = true> <Delay = 3.18> <CoreInst = "Divider">   --->   Core 6 'Divider' <Latency = 20> <II = 1> <Delay = 3.18> <FuncUnit> <Opcode : 'sdiv' 'srem' 'udiv' 'urem'> <InPorts = 2> <OutPorts = 1>

State 95 <SV = 37> <Delay = 3.18>
ST_95 : Operation 827 [4/21] (3.18ns)   --->   "%rhs_2 = udiv i17 65536, i17 %zext_ln27" [../../ip/ip2/channel_shuffle.cpp:27]   --->   Operation 827 'udiv' 'rhs_2' <Predicate = true> <Delay = 3.18> <CoreInst = "Divider">   --->   Core 6 'Divider' <Latency = 20> <II = 1> <Delay = 3.18> <FuncUnit> <Opcode : 'sdiv' 'srem' 'udiv' 'urem'> <InPorts = 2> <OutPorts = 1>

State 96 <SV = 38> <Delay = 3.18>
ST_96 : Operation 828 [3/21] (3.18ns)   --->   "%rhs_2 = udiv i17 65536, i17 %zext_ln27" [../../ip/ip2/channel_shuffle.cpp:27]   --->   Operation 828 'udiv' 'rhs_2' <Predicate = true> <Delay = 3.18> <CoreInst = "Divider">   --->   Core 6 'Divider' <Latency = 20> <II = 1> <Delay = 3.18> <FuncUnit> <Opcode : 'sdiv' 'srem' 'udiv' 'urem'> <InPorts = 2> <OutPorts = 1>

State 97 <SV = 39> <Delay = 3.18>
ST_97 : Operation 829 [2/21] (3.18ns)   --->   "%rhs_2 = udiv i17 65536, i17 %zext_ln27" [../../ip/ip2/channel_shuffle.cpp:27]   --->   Operation 829 'udiv' 'rhs_2' <Predicate = true> <Delay = 3.18> <CoreInst = "Divider">   --->   Core 6 'Divider' <Latency = 20> <II = 1> <Delay = 3.18> <FuncUnit> <Opcode : 'sdiv' 'srem' 'udiv' 'urem'> <InPorts = 2> <OutPorts = 1>

State 98 <SV = 40> <Delay = 3.18>
ST_98 : Operation 830 [1/1] (0.00ns)   --->   "%specloopname_ln233 = specloopname void @_ssdm_op_SpecLoopName, void @empty_39" [../../ip/ip2/channel_shuffle.cpp:233]   --->   Operation 830 'specloopname' 'specloopname_ln233' <Predicate = true> <Delay = 0.00>
ST_98 : Operation 831 [1/21] (3.18ns)   --->   "%rhs_2 = udiv i17 65536, i17 %zext_ln27" [../../ip/ip2/channel_shuffle.cpp:27]   --->   Operation 831 'udiv' 'rhs_2' <Predicate = true> <Delay = 3.18> <CoreInst = "Divider">   --->   Core 6 'Divider' <Latency = 20> <II = 1> <Delay = 3.18> <FuncUnit> <Opcode : 'sdiv' 'srem' 'udiv' 'urem'> <InPorts = 2> <OutPorts = 1>
ST_98 : Operation 832 [1/1] (0.00ns)   --->   "%zext_ln1494 = zext i17 %rhs_2"   --->   Operation 832 'zext' 'zext_ln1494' <Predicate = true> <Delay = 0.00>
ST_98 : Operation 833 [1/1] (1.29ns)   --->   "%br_ln236 = br void %for.body144" [../../ip/ip2/channel_shuffle.cpp:236]   --->   Operation 833 'br' 'br_ln236' <Predicate = true> <Delay = 1.29>

State 99 <SV = 41> <Delay = 4.57>
ST_99 : Operation 834 [1/1] (0.00ns)   --->   "%cr_V_10 = phi i16 %cr_group_V_6, void %for.body128.split, i16 %cr_V_9, void %for.inc345"   --->   Operation 834 'phi' 'cr_V_10' <Predicate = true> <Delay = 0.00>
ST_99 : Operation 835 [1/1] (2.13ns)   --->   "%icmp_ln1027_14 = icmp_ult  i16 %cr_V_10, i16 %cr_end_V_3"   --->   Operation 835 'icmp' 'icmp_ln1027_14' <Predicate = true> <Delay = 2.13> <CoreInst = "Cmp">   --->   Core 9 'Cmp' <Latency = 0> <II = 1> <Delay = 2.13> <FuncUnit> <Opcode : 'icmp'> <InPorts = 2> <OutPorts = 1>
ST_99 : Operation 836 [1/1] (0.00ns)   --->   "%br_ln236 = br i1 %icmp_ln1027_14, void %for.inc348.loopexit, void %for.body144.split" [../../ip/ip2/channel_shuffle.cpp:236]   --->   Operation 836 'br' 'br_ln236' <Predicate = true> <Delay = 0.00>
ST_99 : Operation 837 [1/1] (0.00ns)   --->   "%specloopname_ln236 = specloopname void @_ssdm_op_SpecLoopName, void @empty_38" [../../ip/ip2/channel_shuffle.cpp:236]   --->   Operation 837 'specloopname' 'specloopname_ln236' <Predicate = (icmp_ln1027_14)> <Delay = 0.00>
ST_99 : Operation 838 [1/1] (0.00ns)   --->   "%trunc_ln1027_5 = trunc i16 %cr_V_10"   --->   Operation 838 'trunc' 'trunc_ln1027_5' <Predicate = (icmp_ln1027_14)> <Delay = 0.00>
ST_99 : Operation 839 [1/1] (0.00ns)   --->   "%trunc_ln1027_6 = trunc i16 %cr_group_V_6"   --->   Operation 839 'trunc' 'trunc_ln1027_6' <Predicate = (icmp_ln1027_14)> <Delay = 0.00>
ST_99 : Operation 840 [1/1] (1.28ns)   --->   "%sub_ln186 = sub i6 %trunc_ln1027_5, i6 %trunc_ln1027_6"   --->   Operation 840 'sub' 'sub_ln186' <Predicate = (icmp_ln1027_14)> <Delay = 1.28> <CoreInst = "Adder">   --->   Core 1 'Adder' <Latency = 0> <II = 1> <Delay = 1.28> <FuncUnit> <Opcode : 'add' 'sub'> <InPorts = 2> <OutPorts = 1>
ST_99 : Operation 841 [1/1] (3.29ns)   --->   "%buf_idx_base_V = mul i6 %sub_ln186, i6 %mul_ln186"   --->   Operation 841 'mul' 'buf_idx_base_V' <Predicate = (icmp_ln1027_14)> <Delay = 3.29> <CoreInst = "Multiplier">   --->   Core 3 'Multiplier' <Latency = 0> <II = 1> <Delay = 3.29> <FuncUnit> <Opcode : 'mul'> <InPorts = 2> <OutPorts = 1>
ST_99 : Operation 842 [1/1] (0.00ns)   --->   "%zext_ln1494_1 = zext i16 %cr_V_10"   --->   Operation 842 'zext' 'zext_ln1494_1' <Predicate = (icmp_ln1027_14)> <Delay = 0.00>
ST_99 : Operation 843 [1/1] (0.00ns)   --->   "%shl_ln1 = bitconcatenate i19 @_ssdm_op_BitConcatenate.i19.i16.i3, i16 %cr_V_10, i3 0"   --->   Operation 843 'bitconcatenate' 'shl_ln1' <Predicate = (icmp_ln1027_14)> <Delay = 0.00>
ST_99 : Operation 844 [1/1] (0.00ns)   --->   "%zext_ln1494_2 = zext i19 %shl_ln1"   --->   Operation 844 'zext' 'zext_ln1494_2' <Predicate = (icmp_ln1027_14)> <Delay = 0.00>
ST_99 : Operation 845 [1/1] (1.57ns)   --->   "%ret_V_92 = add i20 %zext_ln1494_2, i20 %zext_ln1494_1"   --->   Operation 845 'add' 'ret_V_92' <Predicate = (icmp_ln1027_14)> <Delay = 1.57> <CoreInst = "Adder">   --->   Core 1 'Adder' <Latency = 0> <II = 1> <Delay = 1.57> <FuncUnit> <Opcode : 'add' 'sub'> <InPorts = 2> <OutPorts = 1>
ST_99 : Operation 846 [1/1] (1.29ns)   --->   "%br_ln243 = br i1 %brmerge_demorgan, void %if.end, void %if.then" [../../ip/ip2/channel_shuffle.cpp:243]   --->   Operation 846 'br' 'br_ln243' <Predicate = (icmp_ln1027_14)> <Delay = 1.29>
ST_99 : Operation 847 [1/1] (0.00ns)   --->   "%zext_ln541_1 = zext i20 %ret_V_92"   --->   Operation 847 'zext' 'zext_ln541_1' <Predicate = (icmp_ln1027_14 & brmerge_demorgan)> <Delay = 0.00>
ST_99 : Operation 848 [1/1] (2.69ns)   --->   "%add_ln186_4 = add i64 %zext_ln541_1, i64 %dw_kernel_read"   --->   Operation 848 'add' 'add_ln186_4' <Predicate = (icmp_ln1027_14 & brmerge_demorgan)> <Delay = 2.69> <CoreInst = "Adder">   --->   Core 1 'Adder' <Latency = 0> <II = 1> <Delay = 2.69> <FuncUnit> <Opcode : 'add' 'sub'> <InPorts = 2> <OutPorts = 1>
ST_99 : Operation 849 [1/1] (0.00ns)   --->   "%gmem_weights2_addr = getelementptr i8 %gmem_weights2, i64 %add_ln186_4"   --->   Operation 849 'getelementptr' 'gmem_weights2_addr' <Predicate = (icmp_ln1027_14 & brmerge_demorgan)> <Delay = 0.00>
ST_99 : Operation 850 [1/1] (0.00ns)   --->   "%br_ln233 = br void %for.body128" [../../ip/ip2/channel_shuffle.cpp:233]   --->   Operation 850 'br' 'br_ln233' <Predicate = (!icmp_ln1027_14)> <Delay = 0.00>

State 100 <SV = 42> <Delay = 7.30>
ST_100 : Operation 851 [7/7] (7.30ns)   --->   "%rhs_V_req = readreq i1 @_ssdm_op_ReadReq.m_axi.i8P1A, i8 %gmem_weights2_addr, i32 1"   --->   Operation 851 'readreq' 'rhs_V_req' <Predicate = true> <Delay = 7.30> <CoreInst = "m_axi">   --->   Core 113 'm_axi' <Latency = 0> <II = 1> <Delay = 1.00> <Adapter> <Opcode : 'read' 'write' 'readreq' 'writereq' 'writeresp'>

State 101 <SV = 43> <Delay = 7.30>
ST_101 : Operation 852 [6/7] (7.30ns)   --->   "%rhs_V_req = readreq i1 @_ssdm_op_ReadReq.m_axi.i8P1A, i8 %gmem_weights2_addr, i32 1"   --->   Operation 852 'readreq' 'rhs_V_req' <Predicate = true> <Delay = 7.30> <CoreInst = "m_axi">   --->   Core 113 'm_axi' <Latency = 0> <II = 1> <Delay = 1.00> <Adapter> <Opcode : 'read' 'write' 'readreq' 'writereq' 'writeresp'>

State 102 <SV = 44> <Delay = 7.30>
ST_102 : Operation 853 [5/7] (7.30ns)   --->   "%rhs_V_req = readreq i1 @_ssdm_op_ReadReq.m_axi.i8P1A, i8 %gmem_weights2_addr, i32 1"   --->   Operation 853 'readreq' 'rhs_V_req' <Predicate = true> <Delay = 7.30> <CoreInst = "m_axi">   --->   Core 113 'm_axi' <Latency = 0> <II = 1> <Delay = 1.00> <Adapter> <Opcode : 'read' 'write' 'readreq' 'writereq' 'writeresp'>

State 103 <SV = 45> <Delay = 7.30>
ST_103 : Operation 854 [4/7] (7.30ns)   --->   "%rhs_V_req = readreq i1 @_ssdm_op_ReadReq.m_axi.i8P1A, i8 %gmem_weights2_addr, i32 1"   --->   Operation 854 'readreq' 'rhs_V_req' <Predicate = true> <Delay = 7.30> <CoreInst = "m_axi">   --->   Core 113 'm_axi' <Latency = 0> <II = 1> <Delay = 1.00> <Adapter> <Opcode : 'read' 'write' 'readreq' 'writereq' 'writeresp'>

State 104 <SV = 46> <Delay = 7.30>
ST_104 : Operation 855 [3/7] (7.30ns)   --->   "%rhs_V_req = readreq i1 @_ssdm_op_ReadReq.m_axi.i8P1A, i8 %gmem_weights2_addr, i32 1"   --->   Operation 855 'readreq' 'rhs_V_req' <Predicate = true> <Delay = 7.30> <CoreInst = "m_axi">   --->   Core 113 'm_axi' <Latency = 0> <II = 1> <Delay = 1.00> <Adapter> <Opcode : 'read' 'write' 'readreq' 'writereq' 'writeresp'>

State 105 <SV = 47> <Delay = 7.30>
ST_105 : Operation 856 [2/7] (7.30ns)   --->   "%rhs_V_req = readreq i1 @_ssdm_op_ReadReq.m_axi.i8P1A, i8 %gmem_weights2_addr, i32 1"   --->   Operation 856 'readreq' 'rhs_V_req' <Predicate = true> <Delay = 7.30> <CoreInst = "m_axi">   --->   Core 113 'm_axi' <Latency = 0> <II = 1> <Delay = 1.00> <Adapter> <Opcode : 'read' 'write' 'readreq' 'writereq' 'writeresp'>

State 106 <SV = 48> <Delay = 7.30>
ST_106 : Operation 857 [1/1] (0.00ns) (grouped into TernaryAdder)   --->   "%add_ln186_7 = add i6 %mul_ln228, i6 %buf_idx_base_V"   --->   Operation 857 'add' 'add_ln186_7' <Predicate = true> <Delay = 0.00> <CoreInst = "TAddSub">   --->   Core 10 'TAddSub' <Latency = 0> <II = 1> <Delay = 1.42> <IPBlock> <Opcode : 'add' 'sub'> <InPorts = 3> <OutPorts = 1> <Sync> <CReg>
ST_106 : Operation 858 [1/1] (2.84ns) (root node of TernaryAdder)   --->   "%buf_idx_V_2 = add i6 %add_ln186_7, i6 %add_ln186"   --->   Operation 858 'add' 'buf_idx_V_2' <Predicate = true> <Delay = 2.84> <CoreInst = "TAddSub">   --->   Core 10 'TAddSub' <Latency = 0> <II = 1> <Delay = 1.42> <IPBlock> <Opcode : 'add' 'sub'> <InPorts = 3> <OutPorts = 1> <Sync> <CReg>
ST_106 : Operation 859 [1/1] (0.00ns)   --->   "%ret_V_3 = bitconcatenate i10 @_ssdm_op_BitConcatenate.i10.i6.i4, i6 %buf_idx_V_2, i4 0"   --->   Operation 859 'bitconcatenate' 'ret_V_3' <Predicate = true> <Delay = 0.00>
ST_106 : Operation 860 [1/1] (0.00ns)   --->   "%zext_ln541 = zext i10 %ret_V_3"   --->   Operation 860 'zext' 'zext_ln541' <Predicate = true> <Delay = 0.00>
ST_106 : Operation 861 [1/1] (0.00ns)   --->   "%conv_branch_V_addr = getelementptr i8 %conv_branch_V, i64 0, i64 %zext_ln541"   --->   Operation 861 'getelementptr' 'conv_branch_V_addr' <Predicate = true> <Delay = 0.00>
ST_106 : Operation 862 [2/2] (2.77ns)   --->   "%lhs_V_5 = load i10 %conv_branch_V_addr"   --->   Operation 862 'load' 'lhs_V_5' <Predicate = true> <Delay = 2.77> <CoreInst = "RAM_S2P_BRAM">   --->   Core 93 'RAM_S2P_BRAM' <Latency = 1> <II = 1> <Delay = 2.77> <Storage> <Opcode : 'load' 'store'> <Ports = 2> <Width = 8> <Depth = 1024> <RAM>
ST_106 : Operation 863 [1/7] (7.30ns)   --->   "%rhs_V_req = readreq i1 @_ssdm_op_ReadReq.m_axi.i8P1A, i8 %gmem_weights2_addr, i32 1"   --->   Operation 863 'readreq' 'rhs_V_req' <Predicate = true> <Delay = 7.30> <CoreInst = "m_axi">   --->   Core 113 'm_axi' <Latency = 0> <II = 1> <Delay = 1.00> <Adapter> <Opcode : 'read' 'write' 'readreq' 'writereq' 'writeresp'>

State 107 <SV = 49> <Delay = 7.30>
ST_107 : Operation 864 [1/2] (2.77ns)   --->   "%lhs_V_5 = load i10 %conv_branch_V_addr"   --->   Operation 864 'load' 'lhs_V_5' <Predicate = true> <Delay = 2.77> <CoreInst = "RAM_S2P_BRAM">   --->   Core 93 'RAM_S2P_BRAM' <Latency = 1> <II = 1> <Delay = 2.77> <Storage> <Opcode : 'load' 'store'> <Ports = 2> <Width = 8> <Depth = 1024> <RAM>
ST_107 : Operation 865 [1/1] (7.30ns)   --->   "%rhs_V = read i8 @_ssdm_op_Read.m_axi.i8P1A, i8 %gmem_weights2_addr"   --->   Operation 865 'read' 'rhs_V' <Predicate = true> <Delay = 7.30> <CoreInst = "m_axi">   --->   Core 113 'm_axi' <Latency = 0> <II = 1> <Delay = 1.00> <Adapter> <Opcode : 'read' 'write' 'readreq' 'writereq' 'writeresp'>

State 108 <SV = 50> <Delay = 4.90>
ST_108 : Operation 866 [1/1] (0.00ns)   --->   "%sext_ln186 = sext i8 %lhs_V_5"   --->   Operation 866 'sext' 'sext_ln186' <Predicate = (brmerge_demorgan)> <Delay = 0.00>
ST_108 : Operation 867 [1/1] (0.00ns)   --->   "%sext_ln186_1 = sext i8 %rhs_V"   --->   Operation 867 'sext' 'sext_ln186_1' <Predicate = (brmerge_demorgan)> <Delay = 0.00>
ST_108 : Operation 868 [1/1] (3.61ns)   --->   "%ret_V_93 = mul i16 %sext_ln186_1, i16 %sext_ln186"   --->   Operation 868 'mul' 'ret_V_93' <Predicate = (brmerge_demorgan)> <Delay = 3.61> <CoreInst = "Multiplier">   --->   Core 3 'Multiplier' <Latency = 0> <II = 1> <Delay = 3.61> <FuncUnit> <Opcode : 'mul'> <InPorts = 2> <OutPorts = 1>
ST_108 : Operation 869 [1/1] (1.29ns)   --->   "%br_ln246 = br void %if.end" [../../ip/ip2/channel_shuffle.cpp:246]   --->   Operation 869 'br' 'br_ln246' <Predicate = (brmerge_demorgan)> <Delay = 1.29>
ST_108 : Operation 870 [1/1] (0.00ns)   --->   "%dw_sum_V_1 = phi i16 %ret_V_93, void %if.then, i16 0, void %for.body144.split"   --->   Operation 870 'phi' 'dw_sum_V_1' <Predicate = true> <Delay = 0.00>
ST_108 : Operation 871 [1/1] (0.00ns)   --->   "%sext_ln238 = sext i16 %dw_sum_V_1" [../../ip/ip2/channel_shuffle.cpp:238]   --->   Operation 871 'sext' 'sext_ln238' <Predicate = true> <Delay = 0.00>
ST_108 : Operation 872 [1/1] (1.29ns)   --->   "%br_ln247 = br i1 %select_ln228_1, void %if.end183, void %if.then167" [../../ip/ip2/channel_shuffle.cpp:247]   --->   Operation 872 'br' 'br_ln247' <Predicate = true> <Delay = 1.29>
ST_108 : Operation 873 [1/1] (1.58ns)   --->   "%ret_V_22 = add i20 %ret_V_92, i20 1"   --->   Operation 873 'add' 'ret_V_22' <Predicate = (select_ln228_1)> <Delay = 1.58> <CoreInst = "Adder">   --->   Core 1 'Adder' <Latency = 0> <II = 1> <Delay = 1.58> <FuncUnit> <Opcode : 'add' 'sub'> <InPorts = 2> <OutPorts = 1>
ST_108 : Operation 874 [1/1] (0.00ns)   --->   "%zext_ln541_6 = zext i20 %ret_V_22"   --->   Operation 874 'zext' 'zext_ln541_6' <Predicate = (select_ln228_1)> <Delay = 0.00>
ST_108 : Operation 875 [1/1] (2.69ns)   --->   "%add_ln186_12 = add i64 %zext_ln541_6, i64 %dw_kernel_read"   --->   Operation 875 'add' 'add_ln186_12' <Predicate = (select_ln228_1)> <Delay = 2.69> <CoreInst = "Adder">   --->   Core 1 'Adder' <Latency = 0> <II = 1> <Delay = 2.69> <FuncUnit> <Opcode : 'add' 'sub'> <InPorts = 2> <OutPorts = 1>
ST_108 : Operation 876 [1/1] (0.00ns)   --->   "%gmem_weights2_addr_1 = getelementptr i8 %gmem_weights2, i64 %add_ln186_12"   --->   Operation 876 'getelementptr' 'gmem_weights2_addr_1' <Predicate = (select_ln228_1)> <Delay = 0.00>

State 109 <SV = 51> <Delay = 7.30>
ST_109 : Operation 877 [7/7] (7.30ns)   --->   "%rhs_V_4_req = readreq i1 @_ssdm_op_ReadReq.m_axi.i8P1A, i8 %gmem_weights2_addr_1, i32 1"   --->   Operation 877 'readreq' 'rhs_V_4_req' <Predicate = true> <Delay = 7.30> <CoreInst = "m_axi">   --->   Core 113 'm_axi' <Latency = 0> <II = 1> <Delay = 1.00> <Adapter> <Opcode : 'read' 'write' 'readreq' 'writereq' 'writeresp'>

State 110 <SV = 52> <Delay = 7.30>
ST_110 : Operation 878 [6/7] (7.30ns)   --->   "%rhs_V_4_req = readreq i1 @_ssdm_op_ReadReq.m_axi.i8P1A, i8 %gmem_weights2_addr_1, i32 1"   --->   Operation 878 'readreq' 'rhs_V_4_req' <Predicate = true> <Delay = 7.30> <CoreInst = "m_axi">   --->   Core 113 'm_axi' <Latency = 0> <II = 1> <Delay = 1.00> <Adapter> <Opcode : 'read' 'write' 'readreq' 'writereq' 'writeresp'>

State 111 <SV = 53> <Delay = 7.30>
ST_111 : Operation 879 [5/7] (7.30ns)   --->   "%rhs_V_4_req = readreq i1 @_ssdm_op_ReadReq.m_axi.i8P1A, i8 %gmem_weights2_addr_1, i32 1"   --->   Operation 879 'readreq' 'rhs_V_4_req' <Predicate = true> <Delay = 7.30> <CoreInst = "m_axi">   --->   Core 113 'm_axi' <Latency = 0> <II = 1> <Delay = 1.00> <Adapter> <Opcode : 'read' 'write' 'readreq' 'writereq' 'writeresp'>

State 112 <SV = 54> <Delay = 7.30>
ST_112 : Operation 880 [4/7] (7.30ns)   --->   "%rhs_V_4_req = readreq i1 @_ssdm_op_ReadReq.m_axi.i8P1A, i8 %gmem_weights2_addr_1, i32 1"   --->   Operation 880 'readreq' 'rhs_V_4_req' <Predicate = true> <Delay = 7.30> <CoreInst = "m_axi">   --->   Core 113 'm_axi' <Latency = 0> <II = 1> <Delay = 1.00> <Adapter> <Opcode : 'read' 'write' 'readreq' 'writereq' 'writeresp'>

State 113 <SV = 55> <Delay = 7.30>
ST_113 : Operation 881 [3/7] (7.30ns)   --->   "%rhs_V_4_req = readreq i1 @_ssdm_op_ReadReq.m_axi.i8P1A, i8 %gmem_weights2_addr_1, i32 1"   --->   Operation 881 'readreq' 'rhs_V_4_req' <Predicate = true> <Delay = 7.30> <CoreInst = "m_axi">   --->   Core 113 'm_axi' <Latency = 0> <II = 1> <Delay = 1.00> <Adapter> <Opcode : 'read' 'write' 'readreq' 'writereq' 'writeresp'>

State 114 <SV = 56> <Delay = 7.30>
ST_114 : Operation 882 [2/7] (7.30ns)   --->   "%rhs_V_4_req = readreq i1 @_ssdm_op_ReadReq.m_axi.i8P1A, i8 %gmem_weights2_addr_1, i32 1"   --->   Operation 882 'readreq' 'rhs_V_4_req' <Predicate = true> <Delay = 7.30> <CoreInst = "m_axi">   --->   Core 113 'm_axi' <Latency = 0> <II = 1> <Delay = 1.00> <Adapter> <Opcode : 'read' 'write' 'readreq' 'writereq' 'writeresp'>

State 115 <SV = 57> <Delay = 7.30>
ST_115 : Operation 883 [1/7] (7.30ns)   --->   "%rhs_V_4_req = readreq i1 @_ssdm_op_ReadReq.m_axi.i8P1A, i8 %gmem_weights2_addr_1, i32 1"   --->   Operation 883 'readreq' 'rhs_V_4_req' <Predicate = true> <Delay = 7.30> <CoreInst = "m_axi">   --->   Core 113 'm_axi' <Latency = 0> <II = 1> <Delay = 1.00> <Adapter> <Opcode : 'read' 'write' 'readreq' 'writereq' 'writeresp'>

State 116 <SV = 58> <Delay = 7.30>
ST_116 : Operation 884 [1/1] (0.00ns) (grouped into TernaryAdder)   --->   "%add_ln186_18 = add i6 %mul_ln228, i6 %buf_idx_base_V"   --->   Operation 884 'add' 'add_ln186_18' <Predicate = true> <Delay = 0.00> <CoreInst = "TAddSub">   --->   Core 10 'TAddSub' <Latency = 0> <II = 1> <Delay = 1.42> <IPBlock> <Opcode : 'add' 'sub'> <InPorts = 3> <OutPorts = 1> <Sync> <CReg>
ST_116 : Operation 885 [1/1] (2.84ns) (root node of TernaryAdder)   --->   "%buf_idx_V_3 = add i6 %add_ln186_18, i6 %trunc_ln1027_2"   --->   Operation 885 'add' 'buf_idx_V_3' <Predicate = true> <Delay = 2.84> <CoreInst = "TAddSub">   --->   Core 10 'TAddSub' <Latency = 0> <II = 1> <Delay = 1.42> <IPBlock> <Opcode : 'add' 'sub'> <InPorts = 3> <OutPorts = 1> <Sync> <CReg>
ST_116 : Operation 886 [1/1] (0.00ns)   --->   "%ret_V_21 = bitconcatenate i10 @_ssdm_op_BitConcatenate.i10.i6.i4, i6 %buf_idx_V_3, i4 0"   --->   Operation 886 'bitconcatenate' 'ret_V_21' <Predicate = true> <Delay = 0.00>
ST_116 : Operation 887 [1/1] (0.00ns)   --->   "%zext_ln541_5 = zext i10 %ret_V_21"   --->   Operation 887 'zext' 'zext_ln541_5' <Predicate = true> <Delay = 0.00>
ST_116 : Operation 888 [1/1] (0.00ns)   --->   "%conv_branch_V_addr_2 = getelementptr i8 %conv_branch_V, i64 0, i64 %zext_ln541_5"   --->   Operation 888 'getelementptr' 'conv_branch_V_addr_2' <Predicate = true> <Delay = 0.00>
ST_116 : Operation 889 [2/2] (2.77ns)   --->   "%lhs_V_14 = load i10 %conv_branch_V_addr_2"   --->   Operation 889 'load' 'lhs_V_14' <Predicate = true> <Delay = 2.77> <CoreInst = "RAM_S2P_BRAM">   --->   Core 93 'RAM_S2P_BRAM' <Latency = 1> <II = 1> <Delay = 2.77> <Storage> <Opcode : 'load' 'store'> <Ports = 2> <Width = 8> <Depth = 1024> <RAM>
ST_116 : Operation 890 [1/1] (7.30ns)   --->   "%rhs_V_3 = read i8 @_ssdm_op_Read.m_axi.i8P1A, i8 %gmem_weights2_addr_1"   --->   Operation 890 'read' 'rhs_V_3' <Predicate = true> <Delay = 7.30> <CoreInst = "m_axi">   --->   Core 113 'm_axi' <Latency = 0> <II = 1> <Delay = 1.00> <Adapter> <Opcode : 'read' 'write' 'readreq' 'writereq' 'writeresp'>

State 117 <SV = 59> <Delay = 3.75>
ST_117 : Operation 891 [1/2] (2.77ns)   --->   "%lhs_V_14 = load i10 %conv_branch_V_addr_2"   --->   Operation 891 'load' 'lhs_V_14' <Predicate = true> <Delay = 2.77> <CoreInst = "RAM_S2P_BRAM">   --->   Core 93 'RAM_S2P_BRAM' <Latency = 1> <II = 1> <Delay = 2.77> <Storage> <Opcode : 'load' 'store'> <Ports = 2> <Width = 8> <Depth = 1024> <RAM>
ST_117 : Operation 892 [1/1] (0.00ns)   --->   "%sext_ln186_4 = sext i8 %lhs_V_14"   --->   Operation 892 'sext' 'sext_ln186_4' <Predicate = true> <Delay = 0.00>
ST_117 : Operation 893 [1/1] (0.00ns)   --->   "%sext_ln186_5 = sext i8 %rhs_V_3"   --->   Operation 893 'sext' 'sext_ln186_5' <Predicate = true> <Delay = 0.00>
ST_117 : Operation 894 [3/3] (0.98ns) (grouped into DSP with root node dw_sum_V_2)   --->   "%ret_V_24 = mul i16 %sext_ln186_5, i16 %sext_ln186_4"   --->   Operation 894 'mul' 'ret_V_24' <Predicate = true> <Delay = 0.98> <CoreInst = "DSP48">   --->   Core 119 'DSP48' <Latency = 3> <II = 1> <Delay = 1.82> <IPBlock> <Opcode : 'mul' 'add' 'sub' 'select'> <InPorts = 0> <OutPorts = 1> <Sync> <CReg>

State 118 <SV = 60> <Delay = 0.98>
ST_118 : Operation 895 [2/3] (0.98ns) (grouped into DSP with root node dw_sum_V_2)   --->   "%ret_V_24 = mul i16 %sext_ln186_5, i16 %sext_ln186_4"   --->   Operation 895 'mul' 'ret_V_24' <Predicate = true> <Delay = 0.98> <CoreInst = "DSP48">   --->   Core 119 'DSP48' <Latency = 3> <II = 1> <Delay = 1.82> <IPBlock> <Opcode : 'mul' 'add' 'sub' 'select'> <InPorts = 0> <OutPorts = 1> <Sync> <CReg>

State 119 <SV = 61> <Delay = 1.76>
ST_119 : Operation 896 [1/3] (0.00ns) (grouped into DSP with root node dw_sum_V_2)   --->   "%ret_V_24 = mul i16 %sext_ln186_5, i16 %sext_ln186_4"   --->   Operation 896 'mul' 'ret_V_24' <Predicate = true> <Delay = 0.00> <CoreInst = "DSP48">   --->   Core 119 'DSP48' <Latency = 3> <II = 1> <Delay = 1.82> <IPBlock> <Opcode : 'mul' 'add' 'sub' 'select'> <InPorts = 0> <OutPorts = 1> <Sync> <CReg>
ST_119 : Operation 897 [1/1] (0.00ns) (grouped into DSP with root node dw_sum_V_2)   --->   "%sext_ln840_2 = sext i16 %ret_V_24"   --->   Operation 897 'sext' 'sext_ln840_2' <Predicate = true> <Delay = 0.00>
ST_119 : Operation 898 [2/2] (1.76ns) (root node of the DSP)   --->   "%dw_sum_V_2 = add i17 %sext_ln238, i17 %sext_ln840_2"   --->   Operation 898 'add' 'dw_sum_V_2' <Predicate = true> <Delay = 1.76> <CoreInst = "DSP48">   --->   Core 119 'DSP48' <Latency = 3> <II = 1> <Delay = 1.82> <IPBlock> <Opcode : 'mul' 'add' 'sub' 'select'> <InPorts = 0> <OutPorts = 1> <Sync> <CReg>

State 120 <SV = 62> <Delay = 4.27>
ST_120 : Operation 899 [1/2] (1.76ns) (root node of the DSP)   --->   "%dw_sum_V_2 = add i17 %sext_ln238, i17 %sext_ln840_2"   --->   Operation 899 'add' 'dw_sum_V_2' <Predicate = (select_ln228_1)> <Delay = 1.76> <CoreInst = "DSP48">   --->   Core 119 'DSP48' <Latency = 3> <II = 1> <Delay = 1.82> <IPBlock> <Opcode : 'mul' 'add' 'sub' 'select'> <InPorts = 0> <OutPorts = 1> <Sync> <CReg>
ST_120 : Operation 900 [1/1] (1.29ns)   --->   "%br_ln250 = br void %if.end183" [../../ip/ip2/channel_shuffle.cpp:250]   --->   Operation 900 'br' 'br_ln250' <Predicate = (select_ln228_1)> <Delay = 1.29>
ST_120 : Operation 901 [1/1] (0.00ns)   --->   "%dw_sum_V_3 = phi i17 %dw_sum_V_2, void %if.then167, i17 %sext_ln238, void %if.end"   --->   Operation 901 'phi' 'dw_sum_V_3' <Predicate = true> <Delay = 0.00>
ST_120 : Operation 902 [1/1] (1.29ns)   --->   "%br_ln251 = br i1 %spec_select87, void %if.end208, void %if.then191" [../../ip/ip2/channel_shuffle.cpp:251]   --->   Operation 902 'br' 'br_ln251' <Predicate = true> <Delay = 1.29>
ST_120 : Operation 903 [1/1] (1.58ns)   --->   "%ret_V_34 = add i20 %ret_V_92, i20 2"   --->   Operation 903 'add' 'ret_V_34' <Predicate = (spec_select87)> <Delay = 1.58> <CoreInst = "Adder">   --->   Core 1 'Adder' <Latency = 0> <II = 1> <Delay = 1.58> <FuncUnit> <Opcode : 'add' 'sub'> <InPorts = 2> <OutPorts = 1>
ST_120 : Operation 904 [1/1] (0.00ns)   --->   "%zext_ln541_8 = zext i20 %ret_V_34"   --->   Operation 904 'zext' 'zext_ln541_8' <Predicate = (spec_select87)> <Delay = 0.00>
ST_120 : Operation 905 [1/1] (2.69ns)   --->   "%add_ln186_14 = add i64 %zext_ln541_8, i64 %dw_kernel_read"   --->   Operation 905 'add' 'add_ln186_14' <Predicate = (spec_select87)> <Delay = 2.69> <CoreInst = "Adder">   --->   Core 1 'Adder' <Latency = 0> <II = 1> <Delay = 2.69> <FuncUnit> <Opcode : 'add' 'sub'> <InPorts = 2> <OutPorts = 1>
ST_120 : Operation 906 [1/1] (0.00ns)   --->   "%gmem_weights2_addr_2 = getelementptr i8 %gmem_weights2, i64 %add_ln186_14"   --->   Operation 906 'getelementptr' 'gmem_weights2_addr_2' <Predicate = (spec_select87)> <Delay = 0.00>

State 121 <SV = 63> <Delay = 7.30>
ST_121 : Operation 907 [7/7] (7.30ns)   --->   "%rhs_V_5_req = readreq i1 @_ssdm_op_ReadReq.m_axi.i8P1A, i8 %gmem_weights2_addr_2, i32 1"   --->   Operation 907 'readreq' 'rhs_V_5_req' <Predicate = true> <Delay = 7.30> <CoreInst = "m_axi">   --->   Core 113 'm_axi' <Latency = 0> <II = 1> <Delay = 1.00> <Adapter> <Opcode : 'read' 'write' 'readreq' 'writereq' 'writeresp'>

State 122 <SV = 64> <Delay = 7.30>
ST_122 : Operation 908 [6/7] (7.30ns)   --->   "%rhs_V_5_req = readreq i1 @_ssdm_op_ReadReq.m_axi.i8P1A, i8 %gmem_weights2_addr_2, i32 1"   --->   Operation 908 'readreq' 'rhs_V_5_req' <Predicate = true> <Delay = 7.30> <CoreInst = "m_axi">   --->   Core 113 'm_axi' <Latency = 0> <II = 1> <Delay = 1.00> <Adapter> <Opcode : 'read' 'write' 'readreq' 'writereq' 'writeresp'>

State 123 <SV = 65> <Delay = 7.30>
ST_123 : Operation 909 [5/7] (7.30ns)   --->   "%rhs_V_5_req = readreq i1 @_ssdm_op_ReadReq.m_axi.i8P1A, i8 %gmem_weights2_addr_2, i32 1"   --->   Operation 909 'readreq' 'rhs_V_5_req' <Predicate = true> <Delay = 7.30> <CoreInst = "m_axi">   --->   Core 113 'm_axi' <Latency = 0> <II = 1> <Delay = 1.00> <Adapter> <Opcode : 'read' 'write' 'readreq' 'writereq' 'writeresp'>

State 124 <SV = 66> <Delay = 7.30>
ST_124 : Operation 910 [4/7] (7.30ns)   --->   "%rhs_V_5_req = readreq i1 @_ssdm_op_ReadReq.m_axi.i8P1A, i8 %gmem_weights2_addr_2, i32 1"   --->   Operation 910 'readreq' 'rhs_V_5_req' <Predicate = true> <Delay = 7.30> <CoreInst = "m_axi">   --->   Core 113 'm_axi' <Latency = 0> <II = 1> <Delay = 1.00> <Adapter> <Opcode : 'read' 'write' 'readreq' 'writereq' 'writeresp'>

State 125 <SV = 67> <Delay = 7.30>
ST_125 : Operation 911 [3/7] (7.30ns)   --->   "%rhs_V_5_req = readreq i1 @_ssdm_op_ReadReq.m_axi.i8P1A, i8 %gmem_weights2_addr_2, i32 1"   --->   Operation 911 'readreq' 'rhs_V_5_req' <Predicate = true> <Delay = 7.30> <CoreInst = "m_axi">   --->   Core 113 'm_axi' <Latency = 0> <II = 1> <Delay = 1.00> <Adapter> <Opcode : 'read' 'write' 'readreq' 'writereq' 'writeresp'>

State 126 <SV = 68> <Delay = 7.30>
ST_126 : Operation 912 [2/7] (7.30ns)   --->   "%rhs_V_5_req = readreq i1 @_ssdm_op_ReadReq.m_axi.i8P1A, i8 %gmem_weights2_addr_2, i32 1"   --->   Operation 912 'readreq' 'rhs_V_5_req' <Predicate = true> <Delay = 7.30> <CoreInst = "m_axi">   --->   Core 113 'm_axi' <Latency = 0> <II = 1> <Delay = 1.00> <Adapter> <Opcode : 'read' 'write' 'readreq' 'writereq' 'writeresp'>

State 127 <SV = 69> <Delay = 7.30>
ST_127 : Operation 913 [1/7] (7.30ns)   --->   "%rhs_V_5_req = readreq i1 @_ssdm_op_ReadReq.m_axi.i8P1A, i8 %gmem_weights2_addr_2, i32 1"   --->   Operation 913 'readreq' 'rhs_V_5_req' <Predicate = true> <Delay = 7.30> <CoreInst = "m_axi">   --->   Core 113 'm_axi' <Latency = 0> <II = 1> <Delay = 1.00> <Adapter> <Opcode : 'read' 'write' 'readreq' 'writereq' 'writeresp'>

State 128 <SV = 70> <Delay = 7.30>
ST_128 : Operation 914 [1/1] (0.00ns) (grouped into TernaryAdder)   --->   "%add_ln186_22 = add i6 %mul_ln228, i6 %buf_idx_base_V"   --->   Operation 914 'add' 'add_ln186_22' <Predicate = true> <Delay = 0.00> <CoreInst = "TAddSub">   --->   Core 10 'TAddSub' <Latency = 0> <II = 1> <Delay = 1.42> <IPBlock> <Opcode : 'add' 'sub'> <InPorts = 3> <OutPorts = 1> <Sync> <CReg>
ST_128 : Operation 915 [1/1] (2.84ns) (root node of TernaryAdder)   --->   "%buf_idx_V_4 = add i6 %add_ln186_22, i6 %w_V_5_cast"   --->   Operation 915 'add' 'buf_idx_V_4' <Predicate = true> <Delay = 2.84> <CoreInst = "TAddSub">   --->   Core 10 'TAddSub' <Latency = 0> <II = 1> <Delay = 1.42> <IPBlock> <Opcode : 'add' 'sub'> <InPorts = 3> <OutPorts = 1> <Sync> <CReg>
ST_128 : Operation 916 [1/1] (0.00ns)   --->   "%ret_V_29 = bitconcatenate i10 @_ssdm_op_BitConcatenate.i10.i6.i4, i6 %buf_idx_V_4, i4 0"   --->   Operation 916 'bitconcatenate' 'ret_V_29' <Predicate = true> <Delay = 0.00>
ST_128 : Operation 917 [1/1] (0.00ns)   --->   "%zext_ln541_7 = zext i10 %ret_V_29"   --->   Operation 917 'zext' 'zext_ln541_7' <Predicate = true> <Delay = 0.00>
ST_128 : Operation 918 [1/1] (0.00ns)   --->   "%conv_branch_V_addr_3 = getelementptr i8 %conv_branch_V, i64 0, i64 %zext_ln541_7"   --->   Operation 918 'getelementptr' 'conv_branch_V_addr_3' <Predicate = true> <Delay = 0.00>
ST_128 : Operation 919 [2/2] (2.77ns)   --->   "%lhs_V_17 = load i10 %conv_branch_V_addr_3"   --->   Operation 919 'load' 'lhs_V_17' <Predicate = true> <Delay = 2.77> <CoreInst = "RAM_S2P_BRAM">   --->   Core 93 'RAM_S2P_BRAM' <Latency = 1> <II = 1> <Delay = 2.77> <Storage> <Opcode : 'load' 'store'> <Ports = 2> <Width = 8> <Depth = 1024> <RAM>
ST_128 : Operation 920 [1/1] (7.30ns)   --->   "%rhs_V_4 = read i8 @_ssdm_op_Read.m_axi.i8P1A, i8 %gmem_weights2_addr_2"   --->   Operation 920 'read' 'rhs_V_4' <Predicate = true> <Delay = 7.30> <CoreInst = "m_axi">   --->   Core 113 'm_axi' <Latency = 0> <II = 1> <Delay = 1.00> <Adapter> <Opcode : 'read' 'write' 'readreq' 'writereq' 'writeresp'>

State 129 <SV = 71> <Delay = 3.75>
ST_129 : Operation 921 [1/2] (2.77ns)   --->   "%lhs_V_17 = load i10 %conv_branch_V_addr_3"   --->   Operation 921 'load' 'lhs_V_17' <Predicate = true> <Delay = 2.77> <CoreInst = "RAM_S2P_BRAM">   --->   Core 93 'RAM_S2P_BRAM' <Latency = 1> <II = 1> <Delay = 2.77> <Storage> <Opcode : 'load' 'store'> <Ports = 2> <Width = 8> <Depth = 1024> <RAM>
ST_129 : Operation 922 [1/1] (0.00ns)   --->   "%sext_ln186_6 = sext i8 %lhs_V_17"   --->   Operation 922 'sext' 'sext_ln186_6' <Predicate = true> <Delay = 0.00>
ST_129 : Operation 923 [1/1] (0.00ns)   --->   "%sext_ln186_7 = sext i8 %rhs_V_4"   --->   Operation 923 'sext' 'sext_ln186_7' <Predicate = true> <Delay = 0.00>
ST_129 : Operation 924 [3/3] (0.98ns) (grouped into DSP with root node dw_sum_V_4)   --->   "%ret_V_38 = mul i16 %sext_ln186_7, i16 %sext_ln186_6"   --->   Operation 924 'mul' 'ret_V_38' <Predicate = true> <Delay = 0.98> <CoreInst = "DSP48">   --->   Core 119 'DSP48' <Latency = 3> <II = 1> <Delay = 1.82> <IPBlock> <Opcode : 'mul' 'add' 'sub' 'select'> <InPorts = 0> <OutPorts = 1> <Sync> <CReg>

State 130 <SV = 72> <Delay = 0.98>
ST_130 : Operation 925 [2/3] (0.98ns) (grouped into DSP with root node dw_sum_V_4)   --->   "%ret_V_38 = mul i16 %sext_ln186_7, i16 %sext_ln186_6"   --->   Operation 925 'mul' 'ret_V_38' <Predicate = true> <Delay = 0.98> <CoreInst = "DSP48">   --->   Core 119 'DSP48' <Latency = 3> <II = 1> <Delay = 1.82> <IPBlock> <Opcode : 'mul' 'add' 'sub' 'select'> <InPorts = 0> <OutPorts = 1> <Sync> <CReg>

State 131 <SV = 73> <Delay = 1.76>
ST_131 : Operation 926 [1/3] (0.00ns) (grouped into DSP with root node dw_sum_V_4)   --->   "%ret_V_38 = mul i16 %sext_ln186_7, i16 %sext_ln186_6"   --->   Operation 926 'mul' 'ret_V_38' <Predicate = true> <Delay = 0.00> <CoreInst = "DSP48">   --->   Core 119 'DSP48' <Latency = 3> <II = 1> <Delay = 1.82> <IPBlock> <Opcode : 'mul' 'add' 'sub' 'select'> <InPorts = 0> <OutPorts = 1> <Sync> <CReg>
ST_131 : Operation 927 [1/1] (0.00ns) (grouped into DSP with root node dw_sum_V_4)   --->   "%sext_ln840_3 = sext i16 %ret_V_38"   --->   Operation 927 'sext' 'sext_ln840_3' <Predicate = true> <Delay = 0.00>
ST_131 : Operation 928 [2/2] (1.76ns) (root node of the DSP)   --->   "%dw_sum_V_4 = add i17 %dw_sum_V_3, i17 %sext_ln840_3"   --->   Operation 928 'add' 'dw_sum_V_4' <Predicate = true> <Delay = 1.76> <CoreInst = "DSP48">   --->   Core 119 'DSP48' <Latency = 3> <II = 1> <Delay = 1.82> <IPBlock> <Opcode : 'mul' 'add' 'sub' 'select'> <InPorts = 0> <OutPorts = 1> <Sync> <CReg>

State 132 <SV = 74> <Delay = 4.27>
ST_132 : Operation 929 [1/2] (1.76ns) (root node of the DSP)   --->   "%dw_sum_V_4 = add i17 %dw_sum_V_3, i17 %sext_ln840_3"   --->   Operation 929 'add' 'dw_sum_V_4' <Predicate = (spec_select87)> <Delay = 1.76> <CoreInst = "DSP48">   --->   Core 119 'DSP48' <Latency = 3> <II = 1> <Delay = 1.82> <IPBlock> <Opcode : 'mul' 'add' 'sub' 'select'> <InPorts = 0> <OutPorts = 1> <Sync> <CReg>
ST_132 : Operation 930 [1/1] (1.29ns)   --->   "%br_ln254 = br void %if.end208" [../../ip/ip2/channel_shuffle.cpp:254]   --->   Operation 930 'br' 'br_ln254' <Predicate = (spec_select87)> <Delay = 1.29>
ST_132 : Operation 931 [1/1] (0.00ns)   --->   "%dw_sum_V_5 = phi i17 %dw_sum_V_4, void %if.then191, i17 %dw_sum_V_3, void %if.end183"   --->   Operation 931 'phi' 'dw_sum_V_5' <Predicate = true> <Delay = 0.00>
ST_132 : Operation 932 [1/1] (0.00ns)   --->   "%sext_ln238_1 = sext i17 %dw_sum_V_5" [../../ip/ip2/channel_shuffle.cpp:238]   --->   Operation 932 'sext' 'sext_ln238_1' <Predicate = true> <Delay = 0.00>
ST_132 : Operation 933 [1/1] (1.29ns)   --->   "%br_ln255 = br i1 %cmp_i_i3867, void %if.end226, void %if.then210" [../../ip/ip2/channel_shuffle.cpp:255]   --->   Operation 933 'br' 'br_ln255' <Predicate = true> <Delay = 1.29>
ST_132 : Operation 934 [1/1] (1.58ns)   --->   "%ret_V_49 = add i20 %ret_V_92, i20 3"   --->   Operation 934 'add' 'ret_V_49' <Predicate = (cmp_i_i3867)> <Delay = 1.58> <CoreInst = "Adder">   --->   Core 1 'Adder' <Latency = 0> <II = 1> <Delay = 1.58> <FuncUnit> <Opcode : 'add' 'sub'> <InPorts = 2> <OutPorts = 1>
ST_132 : Operation 935 [1/1] (0.00ns)   --->   "%zext_ln541_10 = zext i20 %ret_V_49"   --->   Operation 935 'zext' 'zext_ln541_10' <Predicate = (cmp_i_i3867)> <Delay = 0.00>
ST_132 : Operation 936 [1/1] (2.69ns)   --->   "%add_ln186_17 = add i64 %zext_ln541_10, i64 %dw_kernel_read"   --->   Operation 936 'add' 'add_ln186_17' <Predicate = (cmp_i_i3867)> <Delay = 2.69> <CoreInst = "Adder">   --->   Core 1 'Adder' <Latency = 0> <II = 1> <Delay = 2.69> <FuncUnit> <Opcode : 'add' 'sub'> <InPorts = 2> <OutPorts = 1>
ST_132 : Operation 937 [1/1] (0.00ns)   --->   "%gmem_weights2_addr_3 = getelementptr i8 %gmem_weights2, i64 %add_ln186_17"   --->   Operation 937 'getelementptr' 'gmem_weights2_addr_3' <Predicate = (cmp_i_i3867)> <Delay = 0.00>

State 133 <SV = 75> <Delay = 7.30>
ST_133 : Operation 938 [7/7] (7.30ns)   --->   "%rhs_V_6_req = readreq i1 @_ssdm_op_ReadReq.m_axi.i8P1A, i8 %gmem_weights2_addr_3, i32 1"   --->   Operation 938 'readreq' 'rhs_V_6_req' <Predicate = true> <Delay = 7.30> <CoreInst = "m_axi">   --->   Core 113 'm_axi' <Latency = 0> <II = 1> <Delay = 1.00> <Adapter> <Opcode : 'read' 'write' 'readreq' 'writereq' 'writeresp'>

State 134 <SV = 76> <Delay = 7.30>
ST_134 : Operation 939 [6/7] (7.30ns)   --->   "%rhs_V_6_req = readreq i1 @_ssdm_op_ReadReq.m_axi.i8P1A, i8 %gmem_weights2_addr_3, i32 1"   --->   Operation 939 'readreq' 'rhs_V_6_req' <Predicate = true> <Delay = 7.30> <CoreInst = "m_axi">   --->   Core 113 'm_axi' <Latency = 0> <II = 1> <Delay = 1.00> <Adapter> <Opcode : 'read' 'write' 'readreq' 'writereq' 'writeresp'>

State 135 <SV = 77> <Delay = 7.30>
ST_135 : Operation 940 [5/7] (7.30ns)   --->   "%rhs_V_6_req = readreq i1 @_ssdm_op_ReadReq.m_axi.i8P1A, i8 %gmem_weights2_addr_3, i32 1"   --->   Operation 940 'readreq' 'rhs_V_6_req' <Predicate = true> <Delay = 7.30> <CoreInst = "m_axi">   --->   Core 113 'm_axi' <Latency = 0> <II = 1> <Delay = 1.00> <Adapter> <Opcode : 'read' 'write' 'readreq' 'writereq' 'writeresp'>

State 136 <SV = 78> <Delay = 7.30>
ST_136 : Operation 941 [4/7] (7.30ns)   --->   "%rhs_V_6_req = readreq i1 @_ssdm_op_ReadReq.m_axi.i8P1A, i8 %gmem_weights2_addr_3, i32 1"   --->   Operation 941 'readreq' 'rhs_V_6_req' <Predicate = true> <Delay = 7.30> <CoreInst = "m_axi">   --->   Core 113 'm_axi' <Latency = 0> <II = 1> <Delay = 1.00> <Adapter> <Opcode : 'read' 'write' 'readreq' 'writereq' 'writeresp'>

State 137 <SV = 79> <Delay = 7.30>
ST_137 : Operation 942 [3/7] (7.30ns)   --->   "%rhs_V_6_req = readreq i1 @_ssdm_op_ReadReq.m_axi.i8P1A, i8 %gmem_weights2_addr_3, i32 1"   --->   Operation 942 'readreq' 'rhs_V_6_req' <Predicate = true> <Delay = 7.30> <CoreInst = "m_axi">   --->   Core 113 'm_axi' <Latency = 0> <II = 1> <Delay = 1.00> <Adapter> <Opcode : 'read' 'write' 'readreq' 'writereq' 'writeresp'>

State 138 <SV = 80> <Delay = 7.30>
ST_138 : Operation 943 [2/7] (7.30ns)   --->   "%rhs_V_6_req = readreq i1 @_ssdm_op_ReadReq.m_axi.i8P1A, i8 %gmem_weights2_addr_3, i32 1"   --->   Operation 943 'readreq' 'rhs_V_6_req' <Predicate = true> <Delay = 7.30> <CoreInst = "m_axi">   --->   Core 113 'm_axi' <Latency = 0> <II = 1> <Delay = 1.00> <Adapter> <Opcode : 'read' 'write' 'readreq' 'writereq' 'writeresp'>

State 139 <SV = 81> <Delay = 7.30>
ST_139 : Operation 944 [1/7] (7.30ns)   --->   "%rhs_V_6_req = readreq i1 @_ssdm_op_ReadReq.m_axi.i8P1A, i8 %gmem_weights2_addr_3, i32 1"   --->   Operation 944 'readreq' 'rhs_V_6_req' <Predicate = true> <Delay = 7.30> <CoreInst = "m_axi">   --->   Core 113 'm_axi' <Latency = 0> <II = 1> <Delay = 1.00> <Adapter> <Opcode : 'read' 'write' 'readreq' 'writereq' 'writeresp'>

State 140 <SV = 82> <Delay = 7.30>
ST_140 : Operation 945 [1/1] (1.28ns)   --->   "%buf_idx_V_5 = add i6 %add_ln186_5, i6 %buf_idx_base_V"   --->   Operation 945 'add' 'buf_idx_V_5' <Predicate = true> <Delay = 1.28> <CoreInst = "Adder">   --->   Core 1 'Adder' <Latency = 0> <II = 1> <Delay = 1.28> <FuncUnit> <Opcode : 'add' 'sub'> <InPorts = 2> <OutPorts = 1>
ST_140 : Operation 946 [1/1] (0.00ns)   --->   "%ret_V_44 = bitconcatenate i10 @_ssdm_op_BitConcatenate.i10.i6.i4, i6 %buf_idx_V_5, i4 0"   --->   Operation 946 'bitconcatenate' 'ret_V_44' <Predicate = true> <Delay = 0.00>
ST_140 : Operation 947 [1/1] (0.00ns)   --->   "%zext_ln541_9 = zext i10 %ret_V_44"   --->   Operation 947 'zext' 'zext_ln541_9' <Predicate = true> <Delay = 0.00>
ST_140 : Operation 948 [1/1] (0.00ns)   --->   "%conv_branch_V_addr_4 = getelementptr i8 %conv_branch_V, i64 0, i64 %zext_ln541_9"   --->   Operation 948 'getelementptr' 'conv_branch_V_addr_4' <Predicate = true> <Delay = 0.00>
ST_140 : Operation 949 [2/2] (2.77ns)   --->   "%lhs_V_22 = load i10 %conv_branch_V_addr_4"   --->   Operation 949 'load' 'lhs_V_22' <Predicate = true> <Delay = 2.77> <CoreInst = "RAM_S2P_BRAM">   --->   Core 93 'RAM_S2P_BRAM' <Latency = 1> <II = 1> <Delay = 2.77> <Storage> <Opcode : 'load' 'store'> <Ports = 2> <Width = 8> <Depth = 1024> <RAM>
ST_140 : Operation 950 [1/1] (7.30ns)   --->   "%rhs_V_5 = read i8 @_ssdm_op_Read.m_axi.i8P1A, i8 %gmem_weights2_addr_3"   --->   Operation 950 'read' 'rhs_V_5' <Predicate = true> <Delay = 7.30> <CoreInst = "m_axi">   --->   Core 113 'm_axi' <Latency = 0> <II = 1> <Delay = 1.00> <Adapter> <Opcode : 'read' 'write' 'readreq' 'writereq' 'writeresp'>

State 141 <SV = 83> <Delay = 3.75>
ST_141 : Operation 951 [1/2] (2.77ns)   --->   "%lhs_V_22 = load i10 %conv_branch_V_addr_4"   --->   Operation 951 'load' 'lhs_V_22' <Predicate = true> <Delay = 2.77> <CoreInst = "RAM_S2P_BRAM">   --->   Core 93 'RAM_S2P_BRAM' <Latency = 1> <II = 1> <Delay = 2.77> <Storage> <Opcode : 'load' 'store'> <Ports = 2> <Width = 8> <Depth = 1024> <RAM>
ST_141 : Operation 952 [1/1] (0.00ns)   --->   "%sext_ln186_8 = sext i8 %lhs_V_22"   --->   Operation 952 'sext' 'sext_ln186_8' <Predicate = true> <Delay = 0.00>
ST_141 : Operation 953 [1/1] (0.00ns)   --->   "%sext_ln186_9 = sext i8 %rhs_V_5"   --->   Operation 953 'sext' 'sext_ln186_9' <Predicate = true> <Delay = 0.00>
ST_141 : Operation 954 [3/3] (0.98ns) (grouped into DSP with root node dw_sum_V_6)   --->   "%ret_V_52 = mul i16 %sext_ln186_9, i16 %sext_ln186_8"   --->   Operation 954 'mul' 'ret_V_52' <Predicate = true> <Delay = 0.98> <CoreInst = "DSP48">   --->   Core 119 'DSP48' <Latency = 3> <II = 1> <Delay = 1.82> <IPBlock> <Opcode : 'mul' 'add' 'sub' 'select'> <InPorts = 0> <OutPorts = 1> <Sync> <CReg>

State 142 <SV = 84> <Delay = 0.98>
ST_142 : Operation 955 [2/3] (0.98ns) (grouped into DSP with root node dw_sum_V_6)   --->   "%ret_V_52 = mul i16 %sext_ln186_9, i16 %sext_ln186_8"   --->   Operation 955 'mul' 'ret_V_52' <Predicate = true> <Delay = 0.98> <CoreInst = "DSP48">   --->   Core 119 'DSP48' <Latency = 3> <II = 1> <Delay = 1.82> <IPBlock> <Opcode : 'mul' 'add' 'sub' 'select'> <InPorts = 0> <OutPorts = 1> <Sync> <CReg>

State 143 <SV = 85> <Delay = 1.76>
ST_143 : Operation 956 [1/3] (0.00ns) (grouped into DSP with root node dw_sum_V_6)   --->   "%ret_V_52 = mul i16 %sext_ln186_9, i16 %sext_ln186_8"   --->   Operation 956 'mul' 'ret_V_52' <Predicate = true> <Delay = 0.00> <CoreInst = "DSP48">   --->   Core 119 'DSP48' <Latency = 3> <II = 1> <Delay = 1.82> <IPBlock> <Opcode : 'mul' 'add' 'sub' 'select'> <InPorts = 0> <OutPorts = 1> <Sync> <CReg>
ST_143 : Operation 957 [1/1] (0.00ns) (grouped into DSP with root node dw_sum_V_6)   --->   "%sext_ln840_4 = sext i16 %ret_V_52"   --->   Operation 957 'sext' 'sext_ln840_4' <Predicate = true> <Delay = 0.00>
ST_143 : Operation 958 [2/2] (1.76ns) (root node of the DSP)   --->   "%dw_sum_V_6 = add i18 %sext_ln238_1, i18 %sext_ln840_4"   --->   Operation 958 'add' 'dw_sum_V_6' <Predicate = true> <Delay = 1.76> <CoreInst = "DSP48">   --->   Core 119 'DSP48' <Latency = 3> <II = 1> <Delay = 1.82> <IPBlock> <Opcode : 'mul' 'add' 'sub' 'select'> <InPorts = 0> <OutPorts = 1> <Sync> <CReg>

State 144 <SV = 86> <Delay = 4.27>
ST_144 : Operation 959 [1/2] (1.76ns) (root node of the DSP)   --->   "%dw_sum_V_6 = add i18 %sext_ln238_1, i18 %sext_ln840_4"   --->   Operation 959 'add' 'dw_sum_V_6' <Predicate = (cmp_i_i3867)> <Delay = 1.76> <CoreInst = "DSP48">   --->   Core 119 'DSP48' <Latency = 3> <II = 1> <Delay = 1.82> <IPBlock> <Opcode : 'mul' 'add' 'sub' 'select'> <InPorts = 0> <OutPorts = 1> <Sync> <CReg>
ST_144 : Operation 960 [1/1] (1.29ns)   --->   "%br_ln258 = br void %if.end226" [../../ip/ip2/channel_shuffle.cpp:258]   --->   Operation 960 'br' 'br_ln258' <Predicate = (cmp_i_i3867)> <Delay = 1.29>
ST_144 : Operation 961 [1/1] (1.58ns)   --->   "%ret_V_59 = add i20 %ret_V_92, i20 4"   --->   Operation 961 'add' 'ret_V_59' <Predicate = true> <Delay = 1.58> <CoreInst = "Adder">   --->   Core 1 'Adder' <Latency = 0> <II = 1> <Delay = 1.58> <FuncUnit> <Opcode : 'add' 'sub'> <InPorts = 2> <OutPorts = 1>
ST_144 : Operation 962 [1/1] (0.00ns)   --->   "%zext_ln541_12 = zext i20 %ret_V_59"   --->   Operation 962 'zext' 'zext_ln541_12' <Predicate = true> <Delay = 0.00>
ST_144 : Operation 963 [1/1] (2.69ns)   --->   "%add_ln186_19 = add i64 %zext_ln541_12, i64 %dw_kernel_read"   --->   Operation 963 'add' 'add_ln186_19' <Predicate = true> <Delay = 2.69> <CoreInst = "Adder">   --->   Core 1 'Adder' <Latency = 0> <II = 1> <Delay = 2.69> <FuncUnit> <Opcode : 'add' 'sub'> <InPorts = 2> <OutPorts = 1>
ST_144 : Operation 964 [1/1] (0.00ns)   --->   "%gmem_weights2_addr_4 = getelementptr i8 %gmem_weights2, i64 %add_ln186_19"   --->   Operation 964 'getelementptr' 'gmem_weights2_addr_4' <Predicate = true> <Delay = 0.00>

State 145 <SV = 87> <Delay = 7.30>
ST_145 : Operation 965 [1/1] (0.00ns)   --->   "%dw_sum_V_7 = phi i18 %dw_sum_V_6, void %if.then210, i18 %sext_ln238_1, void %if.end208"   --->   Operation 965 'phi' 'dw_sum_V_7' <Predicate = true> <Delay = 0.00>
ST_145 : Operation 966 [7/7] (7.30ns)   --->   "%rhs_V_7_req = readreq i1 @_ssdm_op_ReadReq.m_axi.i8P1A, i8 %gmem_weights2_addr_4, i32 1"   --->   Operation 966 'readreq' 'rhs_V_7_req' <Predicate = true> <Delay = 7.30> <CoreInst = "m_axi">   --->   Core 113 'm_axi' <Latency = 0> <II = 1> <Delay = 1.00> <Adapter> <Opcode : 'read' 'write' 'readreq' 'writereq' 'writeresp'>

State 146 <SV = 88> <Delay = 7.30>
ST_146 : Operation 967 [6/7] (7.30ns)   --->   "%rhs_V_7_req = readreq i1 @_ssdm_op_ReadReq.m_axi.i8P1A, i8 %gmem_weights2_addr_4, i32 1"   --->   Operation 967 'readreq' 'rhs_V_7_req' <Predicate = true> <Delay = 7.30> <CoreInst = "m_axi">   --->   Core 113 'm_axi' <Latency = 0> <II = 1> <Delay = 1.00> <Adapter> <Opcode : 'read' 'write' 'readreq' 'writereq' 'writeresp'>

State 147 <SV = 89> <Delay = 7.30>
ST_147 : Operation 968 [5/7] (7.30ns)   --->   "%rhs_V_7_req = readreq i1 @_ssdm_op_ReadReq.m_axi.i8P1A, i8 %gmem_weights2_addr_4, i32 1"   --->   Operation 968 'readreq' 'rhs_V_7_req' <Predicate = true> <Delay = 7.30> <CoreInst = "m_axi">   --->   Core 113 'm_axi' <Latency = 0> <II = 1> <Delay = 1.00> <Adapter> <Opcode : 'read' 'write' 'readreq' 'writereq' 'writeresp'>

State 148 <SV = 90> <Delay = 7.30>
ST_148 : Operation 969 [4/7] (7.30ns)   --->   "%rhs_V_7_req = readreq i1 @_ssdm_op_ReadReq.m_axi.i8P1A, i8 %gmem_weights2_addr_4, i32 1"   --->   Operation 969 'readreq' 'rhs_V_7_req' <Predicate = true> <Delay = 7.30> <CoreInst = "m_axi">   --->   Core 113 'm_axi' <Latency = 0> <II = 1> <Delay = 1.00> <Adapter> <Opcode : 'read' 'write' 'readreq' 'writereq' 'writeresp'>

State 149 <SV = 91> <Delay = 7.30>
ST_149 : Operation 970 [3/7] (7.30ns)   --->   "%rhs_V_7_req = readreq i1 @_ssdm_op_ReadReq.m_axi.i8P1A, i8 %gmem_weights2_addr_4, i32 1"   --->   Operation 970 'readreq' 'rhs_V_7_req' <Predicate = true> <Delay = 7.30> <CoreInst = "m_axi">   --->   Core 113 'm_axi' <Latency = 0> <II = 1> <Delay = 1.00> <Adapter> <Opcode : 'read' 'write' 'readreq' 'writereq' 'writeresp'>

State 150 <SV = 92> <Delay = 7.30>
ST_150 : Operation 971 [2/7] (7.30ns)   --->   "%rhs_V_7_req = readreq i1 @_ssdm_op_ReadReq.m_axi.i8P1A, i8 %gmem_weights2_addr_4, i32 1"   --->   Operation 971 'readreq' 'rhs_V_7_req' <Predicate = true> <Delay = 7.30> <CoreInst = "m_axi">   --->   Core 113 'm_axi' <Latency = 0> <II = 1> <Delay = 1.00> <Adapter> <Opcode : 'read' 'write' 'readreq' 'writereq' 'writeresp'>

State 151 <SV = 93> <Delay = 7.30>
ST_151 : Operation 972 [1/7] (7.30ns)   --->   "%rhs_V_7_req = readreq i1 @_ssdm_op_ReadReq.m_axi.i8P1A, i8 %gmem_weights2_addr_4, i32 1"   --->   Operation 972 'readreq' 'rhs_V_7_req' <Predicate = true> <Delay = 7.30> <CoreInst = "m_axi">   --->   Core 113 'm_axi' <Latency = 0> <II = 1> <Delay = 1.00> <Adapter> <Opcode : 'read' 'write' 'readreq' 'writereq' 'writeresp'>

State 152 <SV = 94> <Delay = 7.30>
ST_152 : Operation 973 [1/1] (1.28ns)   --->   "%add_ln186_30 = add i6 %buf_idx_base_V, i6 %mul_ln228_2"   --->   Operation 973 'add' 'add_ln186_30' <Predicate = true> <Delay = 1.28> <CoreInst = "Adder">   --->   Core 1 'Adder' <Latency = 0> <II = 1> <Delay = 1.28> <FuncUnit> <Opcode : 'add' 'sub'> <InPorts = 2> <OutPorts = 1>
ST_152 : Operation 974 [1/1] (1.28ns)   --->   "%buf_idx_V_6 = add i6 %add_ln186_30, i6 %trunc_ln1027_2"   --->   Operation 974 'add' 'buf_idx_V_6' <Predicate = true> <Delay = 1.28> <CoreInst = "Adder">   --->   Core 1 'Adder' <Latency = 0> <II = 1> <Delay = 1.28> <FuncUnit> <Opcode : 'add' 'sub'> <InPorts = 2> <OutPorts = 1>
ST_152 : Operation 975 [1/1] (0.00ns)   --->   "%ret_V_57 = bitconcatenate i10 @_ssdm_op_BitConcatenate.i10.i6.i4, i6 %buf_idx_V_6, i4 0"   --->   Operation 975 'bitconcatenate' 'ret_V_57' <Predicate = true> <Delay = 0.00>
ST_152 : Operation 976 [1/1] (0.00ns)   --->   "%zext_ln541_11 = zext i10 %ret_V_57"   --->   Operation 976 'zext' 'zext_ln541_11' <Predicate = true> <Delay = 0.00>
ST_152 : Operation 977 [1/1] (0.00ns)   --->   "%conv_branch_V_addr_5 = getelementptr i8 %conv_branch_V, i64 0, i64 %zext_ln541_11"   --->   Operation 977 'getelementptr' 'conv_branch_V_addr_5' <Predicate = true> <Delay = 0.00>
ST_152 : Operation 978 [2/2] (2.77ns)   --->   "%lhs_V_25 = load i10 %conv_branch_V_addr_5"   --->   Operation 978 'load' 'lhs_V_25' <Predicate = true> <Delay = 2.77> <CoreInst = "RAM_S2P_BRAM">   --->   Core 93 'RAM_S2P_BRAM' <Latency = 1> <II = 1> <Delay = 2.77> <Storage> <Opcode : 'load' 'store'> <Ports = 2> <Width = 8> <Depth = 1024> <RAM>
ST_152 : Operation 979 [1/1] (7.30ns)   --->   "%rhs_V_6 = read i8 @_ssdm_op_Read.m_axi.i8P1A, i8 %gmem_weights2_addr_4"   --->   Operation 979 'read' 'rhs_V_6' <Predicate = true> <Delay = 7.30> <CoreInst = "m_axi">   --->   Core 113 'm_axi' <Latency = 0> <II = 1> <Delay = 1.00> <Adapter> <Opcode : 'read' 'write' 'readreq' 'writereq' 'writeresp'>

State 153 <SV = 95> <Delay = 3.75>
ST_153 : Operation 980 [1/2] (2.77ns)   --->   "%lhs_V_25 = load i10 %conv_branch_V_addr_5"   --->   Operation 980 'load' 'lhs_V_25' <Predicate = true> <Delay = 2.77> <CoreInst = "RAM_S2P_BRAM">   --->   Core 93 'RAM_S2P_BRAM' <Latency = 1> <II = 1> <Delay = 2.77> <Storage> <Opcode : 'load' 'store'> <Ports = 2> <Width = 8> <Depth = 1024> <RAM>
ST_153 : Operation 981 [1/1] (0.00ns)   --->   "%sext_ln186_10 = sext i8 %lhs_V_25"   --->   Operation 981 'sext' 'sext_ln186_10' <Predicate = true> <Delay = 0.00>
ST_153 : Operation 982 [1/1] (0.00ns)   --->   "%sext_ln186_11 = sext i8 %rhs_V_6"   --->   Operation 982 'sext' 'sext_ln186_11' <Predicate = true> <Delay = 0.00>
ST_153 : Operation 983 [3/3] (0.98ns) (grouped into DSP with root node dw_sum_V_8)   --->   "%ret_V_62 = mul i16 %sext_ln186_11, i16 %sext_ln186_10"   --->   Operation 983 'mul' 'ret_V_62' <Predicate = true> <Delay = 0.98> <CoreInst = "DSP48">   --->   Core 119 'DSP48' <Latency = 3> <II = 1> <Delay = 1.82> <IPBlock> <Opcode : 'mul' 'add' 'sub' 'select'> <InPorts = 0> <OutPorts = 1> <Sync> <CReg>

State 154 <SV = 96> <Delay = 0.98>
ST_154 : Operation 984 [2/3] (0.98ns) (grouped into DSP with root node dw_sum_V_8)   --->   "%ret_V_62 = mul i16 %sext_ln186_11, i16 %sext_ln186_10"   --->   Operation 984 'mul' 'ret_V_62' <Predicate = true> <Delay = 0.98> <CoreInst = "DSP48">   --->   Core 119 'DSP48' <Latency = 3> <II = 1> <Delay = 1.82> <IPBlock> <Opcode : 'mul' 'add' 'sub' 'select'> <InPorts = 0> <OutPorts = 1> <Sync> <CReg>

State 155 <SV = 97> <Delay = 1.76>
ST_155 : Operation 985 [1/3] (0.00ns) (grouped into DSP with root node dw_sum_V_8)   --->   "%ret_V_62 = mul i16 %sext_ln186_11, i16 %sext_ln186_10"   --->   Operation 985 'mul' 'ret_V_62' <Predicate = true> <Delay = 0.00> <CoreInst = "DSP48">   --->   Core 119 'DSP48' <Latency = 3> <II = 1> <Delay = 1.82> <IPBlock> <Opcode : 'mul' 'add' 'sub' 'select'> <InPorts = 0> <OutPorts = 1> <Sync> <CReg>
ST_155 : Operation 986 [1/1] (0.00ns) (grouped into DSP with root node dw_sum_V_8)   --->   "%sext_ln840_5 = sext i16 %ret_V_62"   --->   Operation 986 'sext' 'sext_ln840_5' <Predicate = true> <Delay = 0.00>
ST_155 : Operation 987 [2/2] (1.76ns) (root node of the DSP)   --->   "%dw_sum_V_8 = add i18 %dw_sum_V_7, i18 %sext_ln840_5"   --->   Operation 987 'add' 'dw_sum_V_8' <Predicate = true> <Delay = 1.76> <CoreInst = "DSP48">   --->   Core 119 'DSP48' <Latency = 3> <II = 1> <Delay = 1.82> <IPBlock> <Opcode : 'mul' 'add' 'sub' 'select'> <InPorts = 0> <OutPorts = 1> <Sync> <CReg>

State 156 <SV = 98> <Delay = 4.27>
ST_156 : Operation 988 [1/2] (1.76ns) (root node of the DSP)   --->   "%dw_sum_V_8 = add i18 %dw_sum_V_7, i18 %sext_ln840_5"   --->   Operation 988 'add' 'dw_sum_V_8' <Predicate = true> <Delay = 1.76> <CoreInst = "DSP48">   --->   Core 119 'DSP48' <Latency = 3> <II = 1> <Delay = 1.82> <IPBlock> <Opcode : 'mul' 'add' 'sub' 'select'> <InPorts = 0> <OutPorts = 1> <Sync> <CReg>
ST_156 : Operation 989 [1/1] (1.29ns)   --->   "%br_ln262 = br i1 %cmp_i3378, void %if.end259, void %if.then243" [../../ip/ip2/channel_shuffle.cpp:262]   --->   Operation 989 'br' 'br_ln262' <Predicate = true> <Delay = 1.29>
ST_156 : Operation 990 [1/1] (1.58ns)   --->   "%ret_V_68 = add i20 %ret_V_92, i20 5"   --->   Operation 990 'add' 'ret_V_68' <Predicate = (cmp_i3378)> <Delay = 1.58> <CoreInst = "Adder">   --->   Core 1 'Adder' <Latency = 0> <II = 1> <Delay = 1.58> <FuncUnit> <Opcode : 'add' 'sub'> <InPorts = 2> <OutPorts = 1>
ST_156 : Operation 991 [1/1] (0.00ns)   --->   "%zext_ln541_15 = zext i20 %ret_V_68"   --->   Operation 991 'zext' 'zext_ln541_15' <Predicate = (cmp_i3378)> <Delay = 0.00>
ST_156 : Operation 992 [1/1] (2.69ns)   --->   "%add_ln186_21 = add i64 %zext_ln541_15, i64 %dw_kernel_read"   --->   Operation 992 'add' 'add_ln186_21' <Predicate = (cmp_i3378)> <Delay = 2.69> <CoreInst = "Adder">   --->   Core 1 'Adder' <Latency = 0> <II = 1> <Delay = 2.69> <FuncUnit> <Opcode : 'add' 'sub'> <InPorts = 2> <OutPorts = 1>
ST_156 : Operation 993 [1/1] (0.00ns)   --->   "%gmem_weights2_addr_5 = getelementptr i8 %gmem_weights2, i64 %add_ln186_21"   --->   Operation 993 'getelementptr' 'gmem_weights2_addr_5' <Predicate = (cmp_i3378)> <Delay = 0.00>

State 157 <SV = 99> <Delay = 7.30>
ST_157 : Operation 994 [7/7] (7.30ns)   --->   "%rhs_V_8_req = readreq i1 @_ssdm_op_ReadReq.m_axi.i8P1A, i8 %gmem_weights2_addr_5, i32 1"   --->   Operation 994 'readreq' 'rhs_V_8_req' <Predicate = true> <Delay = 7.30> <CoreInst = "m_axi">   --->   Core 113 'm_axi' <Latency = 0> <II = 1> <Delay = 1.00> <Adapter> <Opcode : 'read' 'write' 'readreq' 'writereq' 'writeresp'>

State 158 <SV = 100> <Delay = 7.30>
ST_158 : Operation 995 [6/7] (7.30ns)   --->   "%rhs_V_8_req = readreq i1 @_ssdm_op_ReadReq.m_axi.i8P1A, i8 %gmem_weights2_addr_5, i32 1"   --->   Operation 995 'readreq' 'rhs_V_8_req' <Predicate = true> <Delay = 7.30> <CoreInst = "m_axi">   --->   Core 113 'm_axi' <Latency = 0> <II = 1> <Delay = 1.00> <Adapter> <Opcode : 'read' 'write' 'readreq' 'writereq' 'writeresp'>

State 159 <SV = 101> <Delay = 7.30>
ST_159 : Operation 996 [5/7] (7.30ns)   --->   "%rhs_V_8_req = readreq i1 @_ssdm_op_ReadReq.m_axi.i8P1A, i8 %gmem_weights2_addr_5, i32 1"   --->   Operation 996 'readreq' 'rhs_V_8_req' <Predicate = true> <Delay = 7.30> <CoreInst = "m_axi">   --->   Core 113 'm_axi' <Latency = 0> <II = 1> <Delay = 1.00> <Adapter> <Opcode : 'read' 'write' 'readreq' 'writereq' 'writeresp'>

State 160 <SV = 102> <Delay = 7.30>
ST_160 : Operation 997 [4/7] (7.30ns)   --->   "%rhs_V_8_req = readreq i1 @_ssdm_op_ReadReq.m_axi.i8P1A, i8 %gmem_weights2_addr_5, i32 1"   --->   Operation 997 'readreq' 'rhs_V_8_req' <Predicate = true> <Delay = 7.30> <CoreInst = "m_axi">   --->   Core 113 'm_axi' <Latency = 0> <II = 1> <Delay = 1.00> <Adapter> <Opcode : 'read' 'write' 'readreq' 'writereq' 'writeresp'>

State 161 <SV = 103> <Delay = 7.30>
ST_161 : Operation 998 [3/7] (7.30ns)   --->   "%rhs_V_8_req = readreq i1 @_ssdm_op_ReadReq.m_axi.i8P1A, i8 %gmem_weights2_addr_5, i32 1"   --->   Operation 998 'readreq' 'rhs_V_8_req' <Predicate = true> <Delay = 7.30> <CoreInst = "m_axi">   --->   Core 113 'm_axi' <Latency = 0> <II = 1> <Delay = 1.00> <Adapter> <Opcode : 'read' 'write' 'readreq' 'writereq' 'writeresp'>

State 162 <SV = 104> <Delay = 7.30>
ST_162 : Operation 999 [2/7] (7.30ns)   --->   "%rhs_V_8_req = readreq i1 @_ssdm_op_ReadReq.m_axi.i8P1A, i8 %gmem_weights2_addr_5, i32 1"   --->   Operation 999 'readreq' 'rhs_V_8_req' <Predicate = true> <Delay = 7.30> <CoreInst = "m_axi">   --->   Core 113 'm_axi' <Latency = 0> <II = 1> <Delay = 1.00> <Adapter> <Opcode : 'read' 'write' 'readreq' 'writereq' 'writeresp'>

State 163 <SV = 105> <Delay = 7.30>
ST_163 : Operation 1000 [1/7] (7.30ns)   --->   "%rhs_V_8_req = readreq i1 @_ssdm_op_ReadReq.m_axi.i8P1A, i8 %gmem_weights2_addr_5, i32 1"   --->   Operation 1000 'readreq' 'rhs_V_8_req' <Predicate = true> <Delay = 7.30> <CoreInst = "m_axi">   --->   Core 113 'm_axi' <Latency = 0> <II = 1> <Delay = 1.00> <Adapter> <Opcode : 'read' 'write' 'readreq' 'writereq' 'writeresp'>

State 164 <SV = 106> <Delay = 7.30>
ST_164 : Operation 1001 [1/1] (1.28ns)   --->   "%buf_idx_V_7 = add i6 %add_ln186_30, i6 %w_V_5_cast"   --->   Operation 1001 'add' 'buf_idx_V_7' <Predicate = true> <Delay = 1.28> <CoreInst = "Adder">   --->   Core 1 'Adder' <Latency = 0> <II = 1> <Delay = 1.28> <FuncUnit> <Opcode : 'add' 'sub'> <InPorts = 2> <OutPorts = 1>
ST_164 : Operation 1002 [1/1] (0.00ns)   --->   "%ret_V_66 = bitconcatenate i10 @_ssdm_op_BitConcatenate.i10.i6.i4, i6 %buf_idx_V_7, i4 0"   --->   Operation 1002 'bitconcatenate' 'ret_V_66' <Predicate = true> <Delay = 0.00>
ST_164 : Operation 1003 [1/1] (0.00ns)   --->   "%zext_ln541_14 = zext i10 %ret_V_66"   --->   Operation 1003 'zext' 'zext_ln541_14' <Predicate = true> <Delay = 0.00>
ST_164 : Operation 1004 [1/1] (0.00ns)   --->   "%conv_branch_V_addr_6 = getelementptr i8 %conv_branch_V, i64 0, i64 %zext_ln541_14"   --->   Operation 1004 'getelementptr' 'conv_branch_V_addr_6' <Predicate = true> <Delay = 0.00>
ST_164 : Operation 1005 [2/2] (2.77ns)   --->   "%lhs_V_30 = load i10 %conv_branch_V_addr_6"   --->   Operation 1005 'load' 'lhs_V_30' <Predicate = true> <Delay = 2.77> <CoreInst = "RAM_S2P_BRAM">   --->   Core 93 'RAM_S2P_BRAM' <Latency = 1> <II = 1> <Delay = 2.77> <Storage> <Opcode : 'load' 'store'> <Ports = 2> <Width = 8> <Depth = 1024> <RAM>
ST_164 : Operation 1006 [1/1] (7.30ns)   --->   "%rhs_V_7 = read i8 @_ssdm_op_Read.m_axi.i8P1A, i8 %gmem_weights2_addr_5"   --->   Operation 1006 'read' 'rhs_V_7' <Predicate = true> <Delay = 7.30> <CoreInst = "m_axi">   --->   Core 113 'm_axi' <Latency = 0> <II = 1> <Delay = 1.00> <Adapter> <Opcode : 'read' 'write' 'readreq' 'writereq' 'writeresp'>

State 165 <SV = 107> <Delay = 3.75>
ST_165 : Operation 1007 [1/2] (2.77ns)   --->   "%lhs_V_30 = load i10 %conv_branch_V_addr_6"   --->   Operation 1007 'load' 'lhs_V_30' <Predicate = true> <Delay = 2.77> <CoreInst = "RAM_S2P_BRAM">   --->   Core 93 'RAM_S2P_BRAM' <Latency = 1> <II = 1> <Delay = 2.77> <Storage> <Opcode : 'load' 'store'> <Ports = 2> <Width = 8> <Depth = 1024> <RAM>
ST_165 : Operation 1008 [1/1] (0.00ns)   --->   "%sext_ln186_12 = sext i8 %lhs_V_30"   --->   Operation 1008 'sext' 'sext_ln186_12' <Predicate = true> <Delay = 0.00>
ST_165 : Operation 1009 [1/1] (0.00ns)   --->   "%sext_ln186_13 = sext i8 %rhs_V_7"   --->   Operation 1009 'sext' 'sext_ln186_13' <Predicate = true> <Delay = 0.00>
ST_165 : Operation 1010 [3/3] (0.98ns) (grouped into DSP with root node dw_sum_V_9)   --->   "%ret_V_69 = mul i16 %sext_ln186_13, i16 %sext_ln186_12"   --->   Operation 1010 'mul' 'ret_V_69' <Predicate = true> <Delay = 0.98> <CoreInst = "DSP48">   --->   Core 119 'DSP48' <Latency = 3> <II = 1> <Delay = 1.82> <IPBlock> <Opcode : 'mul' 'add' 'sub' 'select'> <InPorts = 0> <OutPorts = 1> <Sync> <CReg>

State 166 <SV = 108> <Delay = 0.98>
ST_166 : Operation 1011 [2/3] (0.98ns) (grouped into DSP with root node dw_sum_V_9)   --->   "%ret_V_69 = mul i16 %sext_ln186_13, i16 %sext_ln186_12"   --->   Operation 1011 'mul' 'ret_V_69' <Predicate = true> <Delay = 0.98> <CoreInst = "DSP48">   --->   Core 119 'DSP48' <Latency = 3> <II = 1> <Delay = 1.82> <IPBlock> <Opcode : 'mul' 'add' 'sub' 'select'> <InPorts = 0> <OutPorts = 1> <Sync> <CReg>

State 167 <SV = 109> <Delay = 1.76>
ST_167 : Operation 1012 [1/3] (0.00ns) (grouped into DSP with root node dw_sum_V_9)   --->   "%ret_V_69 = mul i16 %sext_ln186_13, i16 %sext_ln186_12"   --->   Operation 1012 'mul' 'ret_V_69' <Predicate = true> <Delay = 0.00> <CoreInst = "DSP48">   --->   Core 119 'DSP48' <Latency = 3> <II = 1> <Delay = 1.82> <IPBlock> <Opcode : 'mul' 'add' 'sub' 'select'> <InPorts = 0> <OutPorts = 1> <Sync> <CReg>
ST_167 : Operation 1013 [1/1] (0.00ns) (grouped into DSP with root node dw_sum_V_9)   --->   "%sext_ln840_6 = sext i16 %ret_V_69"   --->   Operation 1013 'sext' 'sext_ln840_6' <Predicate = true> <Delay = 0.00>
ST_167 : Operation 1014 [2/2] (1.76ns) (root node of the DSP)   --->   "%dw_sum_V_9 = add i18 %dw_sum_V_8, i18 %sext_ln840_6"   --->   Operation 1014 'add' 'dw_sum_V_9' <Predicate = true> <Delay = 1.76> <CoreInst = "DSP48">   --->   Core 119 'DSP48' <Latency = 3> <II = 1> <Delay = 1.82> <IPBlock> <Opcode : 'mul' 'add' 'sub' 'select'> <InPorts = 0> <OutPorts = 1> <Sync> <CReg>

State 168 <SV = 110> <Delay = 4.27>
ST_168 : Operation 1015 [1/2] (1.76ns) (root node of the DSP)   --->   "%dw_sum_V_9 = add i18 %dw_sum_V_8, i18 %sext_ln840_6"   --->   Operation 1015 'add' 'dw_sum_V_9' <Predicate = (cmp_i3378)> <Delay = 1.76> <CoreInst = "DSP48">   --->   Core 119 'DSP48' <Latency = 3> <II = 1> <Delay = 1.82> <IPBlock> <Opcode : 'mul' 'add' 'sub' 'select'> <InPorts = 0> <OutPorts = 1> <Sync> <CReg>
ST_168 : Operation 1016 [1/1] (1.29ns)   --->   "%br_ln265 = br void %if.end259" [../../ip/ip2/channel_shuffle.cpp:265]   --->   Operation 1016 'br' 'br_ln265' <Predicate = (cmp_i3378)> <Delay = 1.29>
ST_168 : Operation 1017 [1/1] (0.00ns)   --->   "%dw_sum_V_10 = phi i18 %dw_sum_V_9, void %if.then243, i18 %dw_sum_V_8, void %if.end226"   --->   Operation 1017 'phi' 'dw_sum_V_10' <Predicate = true> <Delay = 0.00>
ST_168 : Operation 1018 [1/1] (1.29ns)   --->   "%br_ln266 = br i1 %spec_select88, void %if.end282, void %if.then265" [../../ip/ip2/channel_shuffle.cpp:266]   --->   Operation 1018 'br' 'br_ln266' <Predicate = true> <Delay = 1.29>
ST_168 : Operation 1019 [1/1] (1.58ns)   --->   "%ret_V_76 = add i20 %ret_V_92, i20 6"   --->   Operation 1019 'add' 'ret_V_76' <Predicate = (spec_select88)> <Delay = 1.58> <CoreInst = "Adder">   --->   Core 1 'Adder' <Latency = 0> <II = 1> <Delay = 1.58> <FuncUnit> <Opcode : 'add' 'sub'> <InPorts = 2> <OutPorts = 1>
ST_168 : Operation 1020 [1/1] (0.00ns)   --->   "%zext_ln541_17 = zext i20 %ret_V_76"   --->   Operation 1020 'zext' 'zext_ln541_17' <Predicate = (spec_select88)> <Delay = 0.00>
ST_168 : Operation 1021 [1/1] (2.69ns)   --->   "%add_ln186_23 = add i64 %zext_ln541_17, i64 %dw_kernel_read"   --->   Operation 1021 'add' 'add_ln186_23' <Predicate = (spec_select88)> <Delay = 2.69> <CoreInst = "Adder">   --->   Core 1 'Adder' <Latency = 0> <II = 1> <Delay = 2.69> <FuncUnit> <Opcode : 'add' 'sub'> <InPorts = 2> <OutPorts = 1>
ST_168 : Operation 1022 [1/1] (0.00ns)   --->   "%gmem_weights2_addr_6 = getelementptr i8 %gmem_weights2, i64 %add_ln186_23"   --->   Operation 1022 'getelementptr' 'gmem_weights2_addr_6' <Predicate = (spec_select88)> <Delay = 0.00>

State 169 <SV = 111> <Delay = 7.30>
ST_169 : Operation 1023 [7/7] (7.30ns)   --->   "%rhs_V_9_req = readreq i1 @_ssdm_op_ReadReq.m_axi.i8P1A, i8 %gmem_weights2_addr_6, i32 1"   --->   Operation 1023 'readreq' 'rhs_V_9_req' <Predicate = true> <Delay = 7.30> <CoreInst = "m_axi">   --->   Core 113 'm_axi' <Latency = 0> <II = 1> <Delay = 1.00> <Adapter> <Opcode : 'read' 'write' 'readreq' 'writereq' 'writeresp'>

State 170 <SV = 112> <Delay = 7.30>
ST_170 : Operation 1024 [6/7] (7.30ns)   --->   "%rhs_V_9_req = readreq i1 @_ssdm_op_ReadReq.m_axi.i8P1A, i8 %gmem_weights2_addr_6, i32 1"   --->   Operation 1024 'readreq' 'rhs_V_9_req' <Predicate = true> <Delay = 7.30> <CoreInst = "m_axi">   --->   Core 113 'm_axi' <Latency = 0> <II = 1> <Delay = 1.00> <Adapter> <Opcode : 'read' 'write' 'readreq' 'writereq' 'writeresp'>

State 171 <SV = 113> <Delay = 7.30>
ST_171 : Operation 1025 [5/7] (7.30ns)   --->   "%rhs_V_9_req = readreq i1 @_ssdm_op_ReadReq.m_axi.i8P1A, i8 %gmem_weights2_addr_6, i32 1"   --->   Operation 1025 'readreq' 'rhs_V_9_req' <Predicate = true> <Delay = 7.30> <CoreInst = "m_axi">   --->   Core 113 'm_axi' <Latency = 0> <II = 1> <Delay = 1.00> <Adapter> <Opcode : 'read' 'write' 'readreq' 'writereq' 'writeresp'>

State 172 <SV = 114> <Delay = 7.30>
ST_172 : Operation 1026 [4/7] (7.30ns)   --->   "%rhs_V_9_req = readreq i1 @_ssdm_op_ReadReq.m_axi.i8P1A, i8 %gmem_weights2_addr_6, i32 1"   --->   Operation 1026 'readreq' 'rhs_V_9_req' <Predicate = true> <Delay = 7.30> <CoreInst = "m_axi">   --->   Core 113 'm_axi' <Latency = 0> <II = 1> <Delay = 1.00> <Adapter> <Opcode : 'read' 'write' 'readreq' 'writereq' 'writeresp'>

State 173 <SV = 115> <Delay = 7.30>
ST_173 : Operation 1027 [3/7] (7.30ns)   --->   "%rhs_V_9_req = readreq i1 @_ssdm_op_ReadReq.m_axi.i8P1A, i8 %gmem_weights2_addr_6, i32 1"   --->   Operation 1027 'readreq' 'rhs_V_9_req' <Predicate = true> <Delay = 7.30> <CoreInst = "m_axi">   --->   Core 113 'm_axi' <Latency = 0> <II = 1> <Delay = 1.00> <Adapter> <Opcode : 'read' 'write' 'readreq' 'writereq' 'writeresp'>

State 174 <SV = 116> <Delay = 7.30>
ST_174 : Operation 1028 [2/7] (7.30ns)   --->   "%rhs_V_9_req = readreq i1 @_ssdm_op_ReadReq.m_axi.i8P1A, i8 %gmem_weights2_addr_6, i32 1"   --->   Operation 1028 'readreq' 'rhs_V_9_req' <Predicate = true> <Delay = 7.30> <CoreInst = "m_axi">   --->   Core 113 'm_axi' <Latency = 0> <II = 1> <Delay = 1.00> <Adapter> <Opcode : 'read' 'write' 'readreq' 'writereq' 'writeresp'>

State 175 <SV = 117> <Delay = 7.30>
ST_175 : Operation 1029 [1/7] (7.30ns)   --->   "%rhs_V_9_req = readreq i1 @_ssdm_op_ReadReq.m_axi.i8P1A, i8 %gmem_weights2_addr_6, i32 1"   --->   Operation 1029 'readreq' 'rhs_V_9_req' <Predicate = true> <Delay = 7.30> <CoreInst = "m_axi">   --->   Core 113 'm_axi' <Latency = 0> <II = 1> <Delay = 1.00> <Adapter> <Opcode : 'read' 'write' 'readreq' 'writereq' 'writeresp'>

State 176 <SV = 118> <Delay = 7.30>
ST_176 : Operation 1030 [1/1] (0.00ns) (grouped into TernaryAdder)   --->   "%add_ln186_35 = add i6 %mul_ln228_1, i6 %buf_idx_base_V"   --->   Operation 1030 'add' 'add_ln186_35' <Predicate = true> <Delay = 0.00> <CoreInst = "TAddSub">   --->   Core 10 'TAddSub' <Latency = 0> <II = 1> <Delay = 1.42> <IPBlock> <Opcode : 'add' 'sub'> <InPorts = 3> <OutPorts = 1> <Sync> <CReg>
ST_176 : Operation 1031 [1/1] (2.84ns) (root node of TernaryAdder)   --->   "%buf_idx_V_8 = add i6 %add_ln186_35, i6 %add_ln186"   --->   Operation 1031 'add' 'buf_idx_V_8' <Predicate = true> <Delay = 2.84> <CoreInst = "TAddSub">   --->   Core 10 'TAddSub' <Latency = 0> <II = 1> <Delay = 1.42> <IPBlock> <Opcode : 'add' 'sub'> <InPorts = 3> <OutPorts = 1> <Sync> <CReg>
ST_176 : Operation 1032 [1/1] (0.00ns)   --->   "%ret_V_74 = bitconcatenate i10 @_ssdm_op_BitConcatenate.i10.i6.i4, i6 %buf_idx_V_8, i4 0"   --->   Operation 1032 'bitconcatenate' 'ret_V_74' <Predicate = true> <Delay = 0.00>
ST_176 : Operation 1033 [1/1] (0.00ns)   --->   "%zext_ln541_16 = zext i10 %ret_V_74"   --->   Operation 1033 'zext' 'zext_ln541_16' <Predicate = true> <Delay = 0.00>
ST_176 : Operation 1034 [1/1] (0.00ns)   --->   "%conv_branch_V_addr_7 = getelementptr i8 %conv_branch_V, i64 0, i64 %zext_ln541_16"   --->   Operation 1034 'getelementptr' 'conv_branch_V_addr_7' <Predicate = true> <Delay = 0.00>
ST_176 : Operation 1035 [2/2] (2.77ns)   --->   "%lhs_V_35 = load i10 %conv_branch_V_addr_7"   --->   Operation 1035 'load' 'lhs_V_35' <Predicate = true> <Delay = 2.77> <CoreInst = "RAM_S2P_BRAM">   --->   Core 93 'RAM_S2P_BRAM' <Latency = 1> <II = 1> <Delay = 2.77> <Storage> <Opcode : 'load' 'store'> <Ports = 2> <Width = 8> <Depth = 1024> <RAM>
ST_176 : Operation 1036 [1/1] (7.30ns)   --->   "%rhs_V_8 = read i8 @_ssdm_op_Read.m_axi.i8P1A, i8 %gmem_weights2_addr_6"   --->   Operation 1036 'read' 'rhs_V_8' <Predicate = true> <Delay = 7.30> <CoreInst = "m_axi">   --->   Core 113 'm_axi' <Latency = 0> <II = 1> <Delay = 1.00> <Adapter> <Opcode : 'read' 'write' 'readreq' 'writereq' 'writeresp'>

State 177 <SV = 119> <Delay = 3.75>
ST_177 : Operation 1037 [1/2] (2.77ns)   --->   "%lhs_V_35 = load i10 %conv_branch_V_addr_7"   --->   Operation 1037 'load' 'lhs_V_35' <Predicate = true> <Delay = 2.77> <CoreInst = "RAM_S2P_BRAM">   --->   Core 93 'RAM_S2P_BRAM' <Latency = 1> <II = 1> <Delay = 2.77> <Storage> <Opcode : 'load' 'store'> <Ports = 2> <Width = 8> <Depth = 1024> <RAM>
ST_177 : Operation 1038 [1/1] (0.00ns)   --->   "%sext_ln186_14 = sext i8 %lhs_V_35"   --->   Operation 1038 'sext' 'sext_ln186_14' <Predicate = true> <Delay = 0.00>
ST_177 : Operation 1039 [1/1] (0.00ns)   --->   "%sext_ln186_15 = sext i8 %rhs_V_8"   --->   Operation 1039 'sext' 'sext_ln186_15' <Predicate = true> <Delay = 0.00>
ST_177 : Operation 1040 [3/3] (0.98ns) (grouped into DSP with root node dw_sum_V_11)   --->   "%ret_V_77 = mul i16 %sext_ln186_15, i16 %sext_ln186_14"   --->   Operation 1040 'mul' 'ret_V_77' <Predicate = true> <Delay = 0.98> <CoreInst = "DSP48">   --->   Core 119 'DSP48' <Latency = 3> <II = 1> <Delay = 1.82> <IPBlock> <Opcode : 'mul' 'add' 'sub' 'select'> <InPorts = 0> <OutPorts = 1> <Sync> <CReg>

State 178 <SV = 120> <Delay = 0.98>
ST_178 : Operation 1041 [2/3] (0.98ns) (grouped into DSP with root node dw_sum_V_11)   --->   "%ret_V_77 = mul i16 %sext_ln186_15, i16 %sext_ln186_14"   --->   Operation 1041 'mul' 'ret_V_77' <Predicate = true> <Delay = 0.98> <CoreInst = "DSP48">   --->   Core 119 'DSP48' <Latency = 3> <II = 1> <Delay = 1.82> <IPBlock> <Opcode : 'mul' 'add' 'sub' 'select'> <InPorts = 0> <OutPorts = 1> <Sync> <CReg>

State 179 <SV = 121> <Delay = 1.76>
ST_179 : Operation 1042 [1/3] (0.00ns) (grouped into DSP with root node dw_sum_V_11)   --->   "%ret_V_77 = mul i16 %sext_ln186_15, i16 %sext_ln186_14"   --->   Operation 1042 'mul' 'ret_V_77' <Predicate = true> <Delay = 0.00> <CoreInst = "DSP48">   --->   Core 119 'DSP48' <Latency = 3> <II = 1> <Delay = 1.82> <IPBlock> <Opcode : 'mul' 'add' 'sub' 'select'> <InPorts = 0> <OutPorts = 1> <Sync> <CReg>
ST_179 : Operation 1043 [1/1] (0.00ns) (grouped into DSP with root node dw_sum_V_11)   --->   "%sext_ln840_7 = sext i16 %ret_V_77"   --->   Operation 1043 'sext' 'sext_ln840_7' <Predicate = true> <Delay = 0.00>
ST_179 : Operation 1044 [2/2] (1.76ns) (root node of the DSP)   --->   "%dw_sum_V_11 = add i18 %dw_sum_V_10, i18 %sext_ln840_7"   --->   Operation 1044 'add' 'dw_sum_V_11' <Predicate = true> <Delay = 1.76> <CoreInst = "DSP48">   --->   Core 119 'DSP48' <Latency = 3> <II = 1> <Delay = 1.82> <IPBlock> <Opcode : 'mul' 'add' 'sub' 'select'> <InPorts = 0> <OutPorts = 1> <Sync> <CReg>

State 180 <SV = 122> <Delay = 4.27>
ST_180 : Operation 1045 [1/2] (1.76ns) (root node of the DSP)   --->   "%dw_sum_V_11 = add i18 %dw_sum_V_10, i18 %sext_ln840_7"   --->   Operation 1045 'add' 'dw_sum_V_11' <Predicate = (spec_select88)> <Delay = 1.76> <CoreInst = "DSP48">   --->   Core 119 'DSP48' <Latency = 3> <II = 1> <Delay = 1.82> <IPBlock> <Opcode : 'mul' 'add' 'sub' 'select'> <InPorts = 0> <OutPorts = 1> <Sync> <CReg>
ST_180 : Operation 1046 [1/1] (1.29ns)   --->   "%br_ln269 = br void %if.end282" [../../ip/ip2/channel_shuffle.cpp:269]   --->   Operation 1046 'br' 'br_ln269' <Predicate = (spec_select88)> <Delay = 1.29>
ST_180 : Operation 1047 [1/1] (0.00ns)   --->   "%dw_sum_V_12 = phi i18 %dw_sum_V_11, void %if.then265, i18 %dw_sum_V_10, void %if.end259"   --->   Operation 1047 'phi' 'dw_sum_V_12' <Predicate = true> <Delay = 0.00>
ST_180 : Operation 1048 [1/1] (0.00ns)   --->   "%sext_ln238_2 = sext i18 %dw_sum_V_12" [../../ip/ip2/channel_shuffle.cpp:238]   --->   Operation 1048 'sext' 'sext_ln238_2' <Predicate = true> <Delay = 0.00>
ST_180 : Operation 1049 [1/1] (1.29ns)   --->   "%br_ln270 = br i1 %select_ln228_3, void %if.end301, void %if.then285" [../../ip/ip2/channel_shuffle.cpp:270]   --->   Operation 1049 'br' 'br_ln270' <Predicate = true> <Delay = 1.29>
ST_180 : Operation 1050 [1/1] (1.58ns)   --->   "%ret_V_82 = add i20 %ret_V_92, i20 7"   --->   Operation 1050 'add' 'ret_V_82' <Predicate = (select_ln228_3)> <Delay = 1.58> <CoreInst = "Adder">   --->   Core 1 'Adder' <Latency = 0> <II = 1> <Delay = 1.58> <FuncUnit> <Opcode : 'add' 'sub'> <InPorts = 2> <OutPorts = 1>
ST_180 : Operation 1051 [1/1] (0.00ns)   --->   "%zext_ln541_20 = zext i20 %ret_V_82"   --->   Operation 1051 'zext' 'zext_ln541_20' <Predicate = (select_ln228_3)> <Delay = 0.00>
ST_180 : Operation 1052 [1/1] (2.69ns)   --->   "%add_ln186_27 = add i64 %zext_ln541_20, i64 %dw_kernel_read"   --->   Operation 1052 'add' 'add_ln186_27' <Predicate = (select_ln228_3)> <Delay = 2.69> <CoreInst = "Adder">   --->   Core 1 'Adder' <Latency = 0> <II = 1> <Delay = 2.69> <FuncUnit> <Opcode : 'add' 'sub'> <InPorts = 2> <OutPorts = 1>
ST_180 : Operation 1053 [1/1] (0.00ns)   --->   "%gmem_weights2_addr_7 = getelementptr i8 %gmem_weights2, i64 %add_ln186_27"   --->   Operation 1053 'getelementptr' 'gmem_weights2_addr_7' <Predicate = (select_ln228_3)> <Delay = 0.00>

State 181 <SV = 123> <Delay = 7.30>
ST_181 : Operation 1054 [7/7] (7.30ns)   --->   "%rhs_V_10_req = readreq i1 @_ssdm_op_ReadReq.m_axi.i8P1A, i8 %gmem_weights2_addr_7, i32 1"   --->   Operation 1054 'readreq' 'rhs_V_10_req' <Predicate = true> <Delay = 7.30> <CoreInst = "m_axi">   --->   Core 113 'm_axi' <Latency = 0> <II = 1> <Delay = 1.00> <Adapter> <Opcode : 'read' 'write' 'readreq' 'writereq' 'writeresp'>

State 182 <SV = 124> <Delay = 7.30>
ST_182 : Operation 1055 [6/7] (7.30ns)   --->   "%rhs_V_10_req = readreq i1 @_ssdm_op_ReadReq.m_axi.i8P1A, i8 %gmem_weights2_addr_7, i32 1"   --->   Operation 1055 'readreq' 'rhs_V_10_req' <Predicate = true> <Delay = 7.30> <CoreInst = "m_axi">   --->   Core 113 'm_axi' <Latency = 0> <II = 1> <Delay = 1.00> <Adapter> <Opcode : 'read' 'write' 'readreq' 'writereq' 'writeresp'>

State 183 <SV = 125> <Delay = 7.30>
ST_183 : Operation 1056 [5/7] (7.30ns)   --->   "%rhs_V_10_req = readreq i1 @_ssdm_op_ReadReq.m_axi.i8P1A, i8 %gmem_weights2_addr_7, i32 1"   --->   Operation 1056 'readreq' 'rhs_V_10_req' <Predicate = true> <Delay = 7.30> <CoreInst = "m_axi">   --->   Core 113 'm_axi' <Latency = 0> <II = 1> <Delay = 1.00> <Adapter> <Opcode : 'read' 'write' 'readreq' 'writereq' 'writeresp'>

State 184 <SV = 126> <Delay = 7.30>
ST_184 : Operation 1057 [4/7] (7.30ns)   --->   "%rhs_V_10_req = readreq i1 @_ssdm_op_ReadReq.m_axi.i8P1A, i8 %gmem_weights2_addr_7, i32 1"   --->   Operation 1057 'readreq' 'rhs_V_10_req' <Predicate = true> <Delay = 7.30> <CoreInst = "m_axi">   --->   Core 113 'm_axi' <Latency = 0> <II = 1> <Delay = 1.00> <Adapter> <Opcode : 'read' 'write' 'readreq' 'writereq' 'writeresp'>

State 185 <SV = 127> <Delay = 7.30>
ST_185 : Operation 1058 [3/7] (7.30ns)   --->   "%rhs_V_10_req = readreq i1 @_ssdm_op_ReadReq.m_axi.i8P1A, i8 %gmem_weights2_addr_7, i32 1"   --->   Operation 1058 'readreq' 'rhs_V_10_req' <Predicate = true> <Delay = 7.30> <CoreInst = "m_axi">   --->   Core 113 'm_axi' <Latency = 0> <II = 1> <Delay = 1.00> <Adapter> <Opcode : 'read' 'write' 'readreq' 'writereq' 'writeresp'>

State 186 <SV = 128> <Delay = 7.30>
ST_186 : Operation 1059 [2/7] (7.30ns)   --->   "%rhs_V_10_req = readreq i1 @_ssdm_op_ReadReq.m_axi.i8P1A, i8 %gmem_weights2_addr_7, i32 1"   --->   Operation 1059 'readreq' 'rhs_V_10_req' <Predicate = true> <Delay = 7.30> <CoreInst = "m_axi">   --->   Core 113 'm_axi' <Latency = 0> <II = 1> <Delay = 1.00> <Adapter> <Opcode : 'read' 'write' 'readreq' 'writereq' 'writeresp'>

State 187 <SV = 129> <Delay = 7.30>
ST_187 : Operation 1060 [1/7] (7.30ns)   --->   "%rhs_V_10_req = readreq i1 @_ssdm_op_ReadReq.m_axi.i8P1A, i8 %gmem_weights2_addr_7, i32 1"   --->   Operation 1060 'readreq' 'rhs_V_10_req' <Predicate = true> <Delay = 7.30> <CoreInst = "m_axi">   --->   Core 113 'm_axi' <Latency = 0> <II = 1> <Delay = 1.00> <Adapter> <Opcode : 'read' 'write' 'readreq' 'writereq' 'writeresp'>

State 188 <SV = 130> <Delay = 7.30>
ST_188 : Operation 1061 [1/1] (0.00ns) (grouped into TernaryAdder)   --->   "%add_ln186_39 = add i6 %mul_ln228_1, i6 %buf_idx_base_V"   --->   Operation 1061 'add' 'add_ln186_39' <Predicate = true> <Delay = 0.00> <CoreInst = "TAddSub">   --->   Core 10 'TAddSub' <Latency = 0> <II = 1> <Delay = 1.42> <IPBlock> <Opcode : 'add' 'sub'> <InPorts = 3> <OutPorts = 1> <Sync> <CReg>
ST_188 : Operation 1062 [1/1] (2.84ns) (root node of TernaryAdder)   --->   "%buf_idx_V_9 = add i6 %add_ln186_39, i6 %trunc_ln1027_2"   --->   Operation 1062 'add' 'buf_idx_V_9' <Predicate = true> <Delay = 2.84> <CoreInst = "TAddSub">   --->   Core 10 'TAddSub' <Latency = 0> <II = 1> <Delay = 1.42> <IPBlock> <Opcode : 'add' 'sub'> <InPorts = 3> <OutPorts = 1> <Sync> <CReg>
ST_188 : Operation 1063 [1/1] (0.00ns)   --->   "%ret_V_80 = bitconcatenate i10 @_ssdm_op_BitConcatenate.i10.i6.i4, i6 %buf_idx_V_9, i4 0"   --->   Operation 1063 'bitconcatenate' 'ret_V_80' <Predicate = true> <Delay = 0.00>
ST_188 : Operation 1064 [1/1] (0.00ns)   --->   "%zext_ln541_19 = zext i10 %ret_V_80"   --->   Operation 1064 'zext' 'zext_ln541_19' <Predicate = true> <Delay = 0.00>
ST_188 : Operation 1065 [1/1] (0.00ns)   --->   "%conv_branch_V_addr_8 = getelementptr i8 %conv_branch_V, i64 0, i64 %zext_ln541_19"   --->   Operation 1065 'getelementptr' 'conv_branch_V_addr_8' <Predicate = true> <Delay = 0.00>
ST_188 : Operation 1066 [2/2] (2.77ns)   --->   "%lhs_V_38 = load i10 %conv_branch_V_addr_8"   --->   Operation 1066 'load' 'lhs_V_38' <Predicate = true> <Delay = 2.77> <CoreInst = "RAM_S2P_BRAM">   --->   Core 93 'RAM_S2P_BRAM' <Latency = 1> <II = 1> <Delay = 2.77> <Storage> <Opcode : 'load' 'store'> <Ports = 2> <Width = 8> <Depth = 1024> <RAM>
ST_188 : Operation 1067 [1/1] (7.30ns)   --->   "%rhs_V_9 = read i8 @_ssdm_op_Read.m_axi.i8P1A, i8 %gmem_weights2_addr_7"   --->   Operation 1067 'read' 'rhs_V_9' <Predicate = true> <Delay = 7.30> <CoreInst = "m_axi">   --->   Core 113 'm_axi' <Latency = 0> <II = 1> <Delay = 1.00> <Adapter> <Opcode : 'read' 'write' 'readreq' 'writereq' 'writeresp'>

State 189 <SV = 131> <Delay = 3.75>
ST_189 : Operation 1068 [1/2] (2.77ns)   --->   "%lhs_V_38 = load i10 %conv_branch_V_addr_8"   --->   Operation 1068 'load' 'lhs_V_38' <Predicate = true> <Delay = 2.77> <CoreInst = "RAM_S2P_BRAM">   --->   Core 93 'RAM_S2P_BRAM' <Latency = 1> <II = 1> <Delay = 2.77> <Storage> <Opcode : 'load' 'store'> <Ports = 2> <Width = 8> <Depth = 1024> <RAM>
ST_189 : Operation 1069 [1/1] (0.00ns)   --->   "%sext_ln186_16 = sext i8 %lhs_V_38"   --->   Operation 1069 'sext' 'sext_ln186_16' <Predicate = true> <Delay = 0.00>
ST_189 : Operation 1070 [1/1] (0.00ns)   --->   "%sext_ln186_17 = sext i8 %rhs_V_9"   --->   Operation 1070 'sext' 'sext_ln186_17' <Predicate = true> <Delay = 0.00>
ST_189 : Operation 1071 [3/3] (0.98ns) (grouped into DSP with root node dw_sum_V_13)   --->   "%ret_V_83 = mul i16 %sext_ln186_17, i16 %sext_ln186_16"   --->   Operation 1071 'mul' 'ret_V_83' <Predicate = true> <Delay = 0.98> <CoreInst = "DSP48">   --->   Core 119 'DSP48' <Latency = 3> <II = 1> <Delay = 1.82> <IPBlock> <Opcode : 'mul' 'add' 'sub' 'select'> <InPorts = 0> <OutPorts = 1> <Sync> <CReg>

State 190 <SV = 132> <Delay = 0.98>
ST_190 : Operation 1072 [2/3] (0.98ns) (grouped into DSP with root node dw_sum_V_13)   --->   "%ret_V_83 = mul i16 %sext_ln186_17, i16 %sext_ln186_16"   --->   Operation 1072 'mul' 'ret_V_83' <Predicate = true> <Delay = 0.98> <CoreInst = "DSP48">   --->   Core 119 'DSP48' <Latency = 3> <II = 1> <Delay = 1.82> <IPBlock> <Opcode : 'mul' 'add' 'sub' 'select'> <InPorts = 0> <OutPorts = 1> <Sync> <CReg>

State 191 <SV = 133> <Delay = 1.76>
ST_191 : Operation 1073 [1/3] (0.00ns) (grouped into DSP with root node dw_sum_V_13)   --->   "%ret_V_83 = mul i16 %sext_ln186_17, i16 %sext_ln186_16"   --->   Operation 1073 'mul' 'ret_V_83' <Predicate = true> <Delay = 0.00> <CoreInst = "DSP48">   --->   Core 119 'DSP48' <Latency = 3> <II = 1> <Delay = 1.82> <IPBlock> <Opcode : 'mul' 'add' 'sub' 'select'> <InPorts = 0> <OutPorts = 1> <Sync> <CReg>
ST_191 : Operation 1074 [1/1] (0.00ns) (grouped into DSP with root node dw_sum_V_13)   --->   "%sext_ln840_8 = sext i16 %ret_V_83"   --->   Operation 1074 'sext' 'sext_ln840_8' <Predicate = true> <Delay = 0.00>
ST_191 : Operation 1075 [2/2] (1.76ns) (root node of the DSP)   --->   "%dw_sum_V_13 = add i19 %sext_ln238_2, i19 %sext_ln840_8"   --->   Operation 1075 'add' 'dw_sum_V_13' <Predicate = true> <Delay = 1.76> <CoreInst = "DSP48">   --->   Core 119 'DSP48' <Latency = 3> <II = 1> <Delay = 1.82> <IPBlock> <Opcode : 'mul' 'add' 'sub' 'select'> <InPorts = 0> <OutPorts = 1> <Sync> <CReg>

State 192 <SV = 134> <Delay = 4.27>
ST_192 : Operation 1076 [1/2] (1.76ns) (root node of the DSP)   --->   "%dw_sum_V_13 = add i19 %sext_ln238_2, i19 %sext_ln840_8"   --->   Operation 1076 'add' 'dw_sum_V_13' <Predicate = (select_ln228_3)> <Delay = 1.76> <CoreInst = "DSP48">   --->   Core 119 'DSP48' <Latency = 3> <II = 1> <Delay = 1.82> <IPBlock> <Opcode : 'mul' 'add' 'sub' 'select'> <InPorts = 0> <OutPorts = 1> <Sync> <CReg>
ST_192 : Operation 1077 [1/1] (1.29ns)   --->   "%br_ln273 = br void %if.end301" [../../ip/ip2/channel_shuffle.cpp:273]   --->   Operation 1077 'br' 'br_ln273' <Predicate = (select_ln228_3)> <Delay = 1.29>
ST_192 : Operation 1078 [1/1] (0.00ns)   --->   "%dw_sum_V_14 = phi i19 %dw_sum_V_13, void %if.then285, i19 %sext_ln238_2, void %if.end282"   --->   Operation 1078 'phi' 'dw_sum_V_14' <Predicate = true> <Delay = 0.00>
ST_192 : Operation 1079 [1/1] (1.29ns)   --->   "%br_ln274 = br i1 %spec_select90, void %for.inc345, void %if.then312" [../../ip/ip2/channel_shuffle.cpp:274]   --->   Operation 1079 'br' 'br_ln274' <Predicate = true> <Delay = 1.29>
ST_192 : Operation 1080 [1/1] (0.00ns) (grouped into TernaryAdder)   --->   "%add_ln186_44 = add i6 %mul_ln228_1, i6 %buf_idx_base_V"   --->   Operation 1080 'add' 'add_ln186_44' <Predicate = (spec_select90)> <Delay = 0.00> <CoreInst = "TAddSub">   --->   Core 10 'TAddSub' <Latency = 0> <II = 1> <Delay = 1.42> <IPBlock> <Opcode : 'add' 'sub'> <InPorts = 3> <OutPorts = 1> <Sync> <CReg>
ST_192 : Operation 1081 [1/1] (2.84ns) (root node of TernaryAdder)   --->   "%buf_idx_V_10 = add i6 %add_ln186_44, i6 %w_V_5_cast"   --->   Operation 1081 'add' 'buf_idx_V_10' <Predicate = (spec_select90)> <Delay = 2.84> <CoreInst = "TAddSub">   --->   Core 10 'TAddSub' <Latency = 0> <II = 1> <Delay = 1.42> <IPBlock> <Opcode : 'add' 'sub'> <InPorts = 3> <OutPorts = 1> <Sync> <CReg>
ST_192 : Operation 1082 [1/1] (1.58ns)   --->   "%ret_V_89 = add i20 %ret_V_92, i20 8"   --->   Operation 1082 'add' 'ret_V_89' <Predicate = (spec_select90)> <Delay = 1.58> <CoreInst = "Adder">   --->   Core 1 'Adder' <Latency = 0> <II = 1> <Delay = 1.58> <FuncUnit> <Opcode : 'add' 'sub'> <InPorts = 2> <OutPorts = 1>
ST_192 : Operation 1083 [1/1] (0.00ns)   --->   "%zext_ln541_24 = zext i20 %ret_V_89"   --->   Operation 1083 'zext' 'zext_ln541_24' <Predicate = (spec_select90)> <Delay = 0.00>
ST_192 : Operation 1084 [1/1] (2.69ns)   --->   "%add_ln186_32 = add i64 %zext_ln541_24, i64 %dw_kernel_read"   --->   Operation 1084 'add' 'add_ln186_32' <Predicate = (spec_select90)> <Delay = 2.69> <CoreInst = "Adder">   --->   Core 1 'Adder' <Latency = 0> <II = 1> <Delay = 2.69> <FuncUnit> <Opcode : 'add' 'sub'> <InPorts = 2> <OutPorts = 1>
ST_192 : Operation 1085 [1/1] (0.00ns)   --->   "%gmem_weights2_addr_8 = getelementptr i8 %gmem_weights2, i64 %add_ln186_32"   --->   Operation 1085 'getelementptr' 'gmem_weights2_addr_8' <Predicate = (spec_select90)> <Delay = 0.00>

State 193 <SV = 135> <Delay = 7.30>
ST_193 : Operation 1086 [7/7] (7.30ns)   --->   "%rhs_V_11_req = readreq i1 @_ssdm_op_ReadReq.m_axi.i8P1A, i8 %gmem_weights2_addr_8, i32 1"   --->   Operation 1086 'readreq' 'rhs_V_11_req' <Predicate = true> <Delay = 7.30> <CoreInst = "m_axi">   --->   Core 113 'm_axi' <Latency = 0> <II = 1> <Delay = 1.00> <Adapter> <Opcode : 'read' 'write' 'readreq' 'writereq' 'writeresp'>

State 194 <SV = 136> <Delay = 7.30>
ST_194 : Operation 1087 [6/7] (7.30ns)   --->   "%rhs_V_11_req = readreq i1 @_ssdm_op_ReadReq.m_axi.i8P1A, i8 %gmem_weights2_addr_8, i32 1"   --->   Operation 1087 'readreq' 'rhs_V_11_req' <Predicate = true> <Delay = 7.30> <CoreInst = "m_axi">   --->   Core 113 'm_axi' <Latency = 0> <II = 1> <Delay = 1.00> <Adapter> <Opcode : 'read' 'write' 'readreq' 'writereq' 'writeresp'>

State 195 <SV = 137> <Delay = 7.30>
ST_195 : Operation 1088 [5/7] (7.30ns)   --->   "%rhs_V_11_req = readreq i1 @_ssdm_op_ReadReq.m_axi.i8P1A, i8 %gmem_weights2_addr_8, i32 1"   --->   Operation 1088 'readreq' 'rhs_V_11_req' <Predicate = true> <Delay = 7.30> <CoreInst = "m_axi">   --->   Core 113 'm_axi' <Latency = 0> <II = 1> <Delay = 1.00> <Adapter> <Opcode : 'read' 'write' 'readreq' 'writereq' 'writeresp'>

State 196 <SV = 138> <Delay = 7.30>
ST_196 : Operation 1089 [4/7] (7.30ns)   --->   "%rhs_V_11_req = readreq i1 @_ssdm_op_ReadReq.m_axi.i8P1A, i8 %gmem_weights2_addr_8, i32 1"   --->   Operation 1089 'readreq' 'rhs_V_11_req' <Predicate = true> <Delay = 7.30> <CoreInst = "m_axi">   --->   Core 113 'm_axi' <Latency = 0> <II = 1> <Delay = 1.00> <Adapter> <Opcode : 'read' 'write' 'readreq' 'writereq' 'writeresp'>

State 197 <SV = 139> <Delay = 7.30>
ST_197 : Operation 1090 [3/7] (7.30ns)   --->   "%rhs_V_11_req = readreq i1 @_ssdm_op_ReadReq.m_axi.i8P1A, i8 %gmem_weights2_addr_8, i32 1"   --->   Operation 1090 'readreq' 'rhs_V_11_req' <Predicate = true> <Delay = 7.30> <CoreInst = "m_axi">   --->   Core 113 'm_axi' <Latency = 0> <II = 1> <Delay = 1.00> <Adapter> <Opcode : 'read' 'write' 'readreq' 'writereq' 'writeresp'>

State 198 <SV = 140> <Delay = 7.30>
ST_198 : Operation 1091 [2/7] (7.30ns)   --->   "%rhs_V_11_req = readreq i1 @_ssdm_op_ReadReq.m_axi.i8P1A, i8 %gmem_weights2_addr_8, i32 1"   --->   Operation 1091 'readreq' 'rhs_V_11_req' <Predicate = true> <Delay = 7.30> <CoreInst = "m_axi">   --->   Core 113 'm_axi' <Latency = 0> <II = 1> <Delay = 1.00> <Adapter> <Opcode : 'read' 'write' 'readreq' 'writereq' 'writeresp'>

State 199 <SV = 141> <Delay = 7.30>
ST_199 : Operation 1092 [1/7] (7.30ns)   --->   "%rhs_V_11_req = readreq i1 @_ssdm_op_ReadReq.m_axi.i8P1A, i8 %gmem_weights2_addr_8, i32 1"   --->   Operation 1092 'readreq' 'rhs_V_11_req' <Predicate = true> <Delay = 7.30> <CoreInst = "m_axi">   --->   Core 113 'm_axi' <Latency = 0> <II = 1> <Delay = 1.00> <Adapter> <Opcode : 'read' 'write' 'readreq' 'writereq' 'writeresp'>

State 200 <SV = 142> <Delay = 7.30>
ST_200 : Operation 1093 [1/1] (0.00ns)   --->   "%ret_V_87 = bitconcatenate i10 @_ssdm_op_BitConcatenate.i10.i6.i4, i6 %buf_idx_V_10, i4 0"   --->   Operation 1093 'bitconcatenate' 'ret_V_87' <Predicate = true> <Delay = 0.00>
ST_200 : Operation 1094 [1/1] (0.00ns)   --->   "%zext_ln541_23 = zext i10 %ret_V_87"   --->   Operation 1094 'zext' 'zext_ln541_23' <Predicate = true> <Delay = 0.00>
ST_200 : Operation 1095 [1/1] (0.00ns)   --->   "%conv_branch_V_addr_10 = getelementptr i8 %conv_branch_V, i64 0, i64 %zext_ln541_23"   --->   Operation 1095 'getelementptr' 'conv_branch_V_addr_10' <Predicate = true> <Delay = 0.00>
ST_200 : Operation 1096 [2/2] (2.77ns)   --->   "%lhs_V_43 = load i10 %conv_branch_V_addr_10"   --->   Operation 1096 'load' 'lhs_V_43' <Predicate = true> <Delay = 2.77> <CoreInst = "RAM_S2P_BRAM">   --->   Core 93 'RAM_S2P_BRAM' <Latency = 1> <II = 1> <Delay = 2.77> <Storage> <Opcode : 'load' 'store'> <Ports = 2> <Width = 8> <Depth = 1024> <RAM>
ST_200 : Operation 1097 [1/1] (7.30ns)   --->   "%rhs_V_10 = read i8 @_ssdm_op_Read.m_axi.i8P1A, i8 %gmem_weights2_addr_8"   --->   Operation 1097 'read' 'rhs_V_10' <Predicate = true> <Delay = 7.30> <CoreInst = "m_axi">   --->   Core 113 'm_axi' <Latency = 0> <II = 1> <Delay = 1.00> <Adapter> <Opcode : 'read' 'write' 'readreq' 'writereq' 'writeresp'>

State 201 <SV = 143> <Delay = 3.75>
ST_201 : Operation 1098 [1/2] (2.77ns)   --->   "%lhs_V_43 = load i10 %conv_branch_V_addr_10"   --->   Operation 1098 'load' 'lhs_V_43' <Predicate = true> <Delay = 2.77> <CoreInst = "RAM_S2P_BRAM">   --->   Core 93 'RAM_S2P_BRAM' <Latency = 1> <II = 1> <Delay = 2.77> <Storage> <Opcode : 'load' 'store'> <Ports = 2> <Width = 8> <Depth = 1024> <RAM>
ST_201 : Operation 1099 [1/1] (0.00ns)   --->   "%sext_ln186_18 = sext i8 %lhs_V_43"   --->   Operation 1099 'sext' 'sext_ln186_18' <Predicate = true> <Delay = 0.00>
ST_201 : Operation 1100 [1/1] (0.00ns)   --->   "%sext_ln186_19 = sext i8 %rhs_V_10"   --->   Operation 1100 'sext' 'sext_ln186_19' <Predicate = true> <Delay = 0.00>
ST_201 : Operation 1101 [3/3] (0.98ns) (grouped into DSP with root node dw_sum_V_15)   --->   "%ret_V_90 = mul i16 %sext_ln186_19, i16 %sext_ln186_18"   --->   Operation 1101 'mul' 'ret_V_90' <Predicate = true> <Delay = 0.98> <CoreInst = "DSP48">   --->   Core 119 'DSP48' <Latency = 3> <II = 1> <Delay = 1.82> <IPBlock> <Opcode : 'mul' 'add' 'sub' 'select'> <InPorts = 0> <OutPorts = 1> <Sync> <CReg>

State 202 <SV = 144> <Delay = 0.98>
ST_202 : Operation 1102 [2/3] (0.98ns) (grouped into DSP with root node dw_sum_V_15)   --->   "%ret_V_90 = mul i16 %sext_ln186_19, i16 %sext_ln186_18"   --->   Operation 1102 'mul' 'ret_V_90' <Predicate = true> <Delay = 0.98> <CoreInst = "DSP48">   --->   Core 119 'DSP48' <Latency = 3> <II = 1> <Delay = 1.82> <IPBlock> <Opcode : 'mul' 'add' 'sub' 'select'> <InPorts = 0> <OutPorts = 1> <Sync> <CReg>

State 203 <SV = 145> <Delay = 1.76>
ST_203 : Operation 1103 [1/3] (0.00ns) (grouped into DSP with root node dw_sum_V_15)   --->   "%ret_V_90 = mul i16 %sext_ln186_19, i16 %sext_ln186_18"   --->   Operation 1103 'mul' 'ret_V_90' <Predicate = true> <Delay = 0.00> <CoreInst = "DSP48">   --->   Core 119 'DSP48' <Latency = 3> <II = 1> <Delay = 1.82> <IPBlock> <Opcode : 'mul' 'add' 'sub' 'select'> <InPorts = 0> <OutPorts = 1> <Sync> <CReg>
ST_203 : Operation 1104 [1/1] (0.00ns) (grouped into DSP with root node dw_sum_V_15)   --->   "%sext_ln840_10 = sext i16 %ret_V_90"   --->   Operation 1104 'sext' 'sext_ln840_10' <Predicate = true> <Delay = 0.00>
ST_203 : Operation 1105 [2/2] (1.76ns) (root node of the DSP)   --->   "%dw_sum_V_15 = add i19 %dw_sum_V_14, i19 %sext_ln840_10"   --->   Operation 1105 'add' 'dw_sum_V_15' <Predicate = true> <Delay = 1.76> <CoreInst = "DSP48">   --->   Core 119 'DSP48' <Latency = 3> <II = 1> <Delay = 1.82> <IPBlock> <Opcode : 'mul' 'add' 'sub' 'select'> <InPorts = 0> <OutPorts = 1> <Sync> <CReg>

State 204 <SV = 146> <Delay = 6.21>
ST_204 : Operation 1106 [1/2] (1.76ns) (root node of the DSP)   --->   "%dw_sum_V_15 = add i19 %dw_sum_V_14, i19 %sext_ln840_10"   --->   Operation 1106 'add' 'dw_sum_V_15' <Predicate = (spec_select90)> <Delay = 1.76> <CoreInst = "DSP48">   --->   Core 119 'DSP48' <Latency = 3> <II = 1> <Delay = 1.82> <IPBlock> <Opcode : 'mul' 'add' 'sub' 'select'> <InPorts = 0> <OutPorts = 1> <Sync> <CReg>
ST_204 : Operation 1107 [1/1] (1.29ns)   --->   "%br_ln277 = br void %for.inc345" [../../ip/ip2/channel_shuffle.cpp:277]   --->   Operation 1107 'br' 'br_ln277' <Predicate = (spec_select90)> <Delay = 1.29>
ST_204 : Operation 1108 [1/1] (0.00ns)   --->   "%dw_sum_V_16 = phi i19 %dw_sum_V_15, void %if.then312, i19 %dw_sum_V_14, void %if.end301"   --->   Operation 1108 'phi' 'dw_sum_V_16' <Predicate = true> <Delay = 0.00>
ST_204 : Operation 1109 [1/1] (0.00ns)   --->   "%trunc_ln1669_3 = partselect i11 @_ssdm_op_PartSelect.i11.i19.i32.i32, i19 %dw_sum_V_16, i32 8, i32 18"   --->   Operation 1109 'partselect' 'trunc_ln1669_3' <Predicate = true> <Delay = 0.00>
ST_204 : Operation 1110 [1/1] (0.00ns)   --->   "%sext_ln17 = sext i11 %trunc_ln1669_3" [../../ip/ip2/channel_shuffle.cpp:17]   --->   Operation 1110 'sext' 'sext_ln17' <Predicate = true> <Delay = 0.00>
ST_204 : Operation 1111 [1/1] (2.18ns) (grouped into DSP with root node lhs_2)   --->   "%sub_ln27_2 = sub i12 %sext_ln17, i12 %sext_ln1027" [../../ip/ip2/channel_shuffle.cpp:27]   --->   Operation 1111 'sub' 'sub_ln27_2' <Predicate = true> <Delay = 2.18> <CoreInst = "DSP48">   --->   Core 119 'DSP48' <Latency = 3> <II = 1> <Delay = 1.82> <IPBlock> <Opcode : 'mul' 'add' 'sub' 'select'> <InPorts = 0> <OutPorts = 1> <Sync> <CReg>
ST_204 : Operation 1112 [1/1] (0.00ns) (grouped into DSP with root node lhs_2)   --->   "%sext_ln27_2 = sext i12 %sub_ln27_2" [../../ip/ip2/channel_shuffle.cpp:27]   --->   Operation 1112 'sext' 'sext_ln27_2' <Predicate = true> <Delay = 0.00>
ST_204 : Operation 1113 [4/4] (0.98ns) (root node of the DSP)   --->   "%lhs_2 = mul i20 %sext_ln27_2, i20 %gamma_V_4_cast" [../../ip/ip2/channel_shuffle.cpp:27]   --->   Operation 1113 'mul' 'lhs_2' <Predicate = true> <Delay = 0.98> <CoreInst = "DSP48">   --->   Core 119 'DSP48' <Latency = 3> <II = 1> <Delay = 1.82> <IPBlock> <Opcode : 'mul' 'add' 'sub' 'select'> <InPorts = 0> <OutPorts = 1> <Sync> <CReg>
ST_204 : Operation 1114 [1/1] (1.54ns)   --->   "%cr_V_9 = add i16 %cr_V_10, i16 1"   --->   Operation 1114 'add' 'cr_V_9' <Predicate = true> <Delay = 1.54> <CoreInst = "Adder">   --->   Core 1 'Adder' <Latency = 0> <II = 1> <Delay = 1.54> <FuncUnit> <Opcode : 'add' 'sub'> <InPorts = 2> <OutPorts = 1>

State 205 <SV = 147> <Delay = 0.98>
ST_205 : Operation 1115 [3/4] (0.98ns) (root node of the DSP)   --->   "%lhs_2 = mul i20 %sext_ln27_2, i20 %gamma_V_4_cast" [../../ip/ip2/channel_shuffle.cpp:27]   --->   Operation 1115 'mul' 'lhs_2' <Predicate = true> <Delay = 0.98> <CoreInst = "DSP48">   --->   Core 119 'DSP48' <Latency = 3> <II = 1> <Delay = 1.82> <IPBlock> <Opcode : 'mul' 'add' 'sub' 'select'> <InPorts = 0> <OutPorts = 1> <Sync> <CReg>

State 206 <SV = 148> <Delay = 0.98>
ST_206 : Operation 1116 [2/4] (0.98ns) (root node of the DSP)   --->   "%lhs_2 = mul i20 %sext_ln27_2, i20 %gamma_V_4_cast" [../../ip/ip2/channel_shuffle.cpp:27]   --->   Operation 1116 'mul' 'lhs_2' <Predicate = true> <Delay = 0.98> <CoreInst = "DSP48">   --->   Core 119 'DSP48' <Latency = 3> <II = 1> <Delay = 1.82> <IPBlock> <Opcode : 'mul' 'add' 'sub' 'select'> <InPorts = 0> <OutPorts = 1> <Sync> <CReg>

State 207 <SV = 149> <Delay = 1.82>
ST_207 : Operation 1117 [1/4] (0.00ns) (root node of the DSP)   --->   "%lhs_2 = mul i20 %sext_ln27_2, i20 %gamma_V_4_cast" [../../ip/ip2/channel_shuffle.cpp:27]   --->   Operation 1117 'mul' 'lhs_2' <Predicate = true> <Delay = 0.00> <CoreInst = "DSP48">   --->   Core 119 'DSP48' <Latency = 3> <II = 1> <Delay = 1.82> <IPBlock> <Opcode : 'mul' 'add' 'sub' 'select'> <InPorts = 0> <OutPorts = 1> <Sync> <CReg>
ST_207 : Operation 1118 [1/1] (0.00ns)   --->   "%sext_ln1494_2 = sext i20 %lhs_2"   --->   Operation 1118 'sext' 'sext_ln1494_2' <Predicate = true> <Delay = 0.00>
ST_207 : Operation 1119 [4/4] (1.82ns) (root node of the DSP)   --->   "%mul_ln1494 = mul i32 %sext_ln1494_2, i32 %zext_ln1494"   --->   Operation 1119 'mul' 'mul_ln1494' <Predicate = true> <Delay = 1.82> <CoreInst = "DSP48">   --->   Core 119 'DSP48' <Latency = 3> <II = 1> <Delay = 1.82> <IPBlock> <Opcode : 'mul' 'add' 'sub' 'select'> <InPorts = 0> <OutPorts = 1> <Sync> <CReg>

State 208 <SV = 150> <Delay = 1.82>
ST_208 : Operation 1120 [3/4] (1.82ns) (root node of the DSP)   --->   "%mul_ln1494 = mul i32 %sext_ln1494_2, i32 %zext_ln1494"   --->   Operation 1120 'mul' 'mul_ln1494' <Predicate = true> <Delay = 1.82> <CoreInst = "DSP48">   --->   Core 119 'DSP48' <Latency = 3> <II = 1> <Delay = 1.82> <IPBlock> <Opcode : 'mul' 'add' 'sub' 'select'> <InPorts = 0> <OutPorts = 1> <Sync> <CReg>

State 209 <SV = 151> <Delay = 1.82>
ST_209 : Operation 1121 [2/4] (1.82ns) (root node of the DSP)   --->   "%mul_ln1494 = mul i32 %sext_ln1494_2, i32 %zext_ln1494"   --->   Operation 1121 'mul' 'mul_ln1494' <Predicate = true> <Delay = 1.82> <CoreInst = "DSP48">   --->   Core 119 'DSP48' <Latency = 3> <II = 1> <Delay = 1.82> <IPBlock> <Opcode : 'mul' 'add' 'sub' 'select'> <InPorts = 0> <OutPorts = 1> <Sync> <CReg>

State 210 <SV = 152> <Delay = 4.31>
ST_210 : Operation 1122 [1/4] (0.00ns) (root node of the DSP)   --->   "%mul_ln1494 = mul i32 %sext_ln1494_2, i32 %zext_ln1494"   --->   Operation 1122 'mul' 'mul_ln1494' <Predicate = true> <Delay = 0.00> <CoreInst = "DSP48">   --->   Core 119 'DSP48' <Latency = 3> <II = 1> <Delay = 1.82> <IPBlock> <Opcode : 'mul' 'add' 'sub' 'select'> <InPorts = 0> <OutPorts = 1> <Sync> <CReg>
ST_210 : Operation 1123 [1/1] (0.00ns)   --->   "%trunc_ln28_1 = partselect i16 @_ssdm_op_PartSelect.i16.i32.i32.i32, i32 %mul_ln1494, i32 16, i32 31" [../../ip/ip2/channel_shuffle.cpp:28]   --->   Operation 1123 'partselect' 'trunc_ln28_1' <Predicate = true> <Delay = 0.00>
ST_210 : Operation 1124 [1/1] (1.54ns)   --->   "%bn_val_V_3 = add i16 %trunc_ln28_1, i16 %gmem_bn2_load_3_cast"   --->   Operation 1124 'add' 'bn_val_V_3' <Predicate = true> <Delay = 1.54> <CoreInst = "Adder">   --->   Core 1 'Adder' <Latency = 0> <II = 1> <Delay = 1.54> <FuncUnit> <Opcode : 'add' 'sub'> <InPorts = 2> <OutPorts = 1>
ST_210 : Operation 1125 [1/1] (0.00ns)   --->   "%trunc_ln8 = partselect i8 @_ssdm_op_PartSelect.i8.i16.i32.i32, i16 %bn_val_V_3, i32 8, i32 15" [../../ip/ip2/channel_shuffle.cpp:289]   --->   Operation 1125 'partselect' 'trunc_ln8' <Predicate = true> <Delay = 0.00>
ST_210 : Operation 1126 [1/1] (2.77ns)   --->   "%store_ln289 = store i8 %trunc_ln8, i10 %conv_branch_V_addr_5" [../../ip/ip2/channel_shuffle.cpp:289]   --->   Operation 1126 'store' 'store_ln289' <Predicate = true> <Delay = 2.77> <CoreInst = "RAM_S2P_BRAM">   --->   Core 93 'RAM_S2P_BRAM' <Latency = 1> <II = 1> <Delay = 2.77> <Storage> <Opcode : 'load' 'store'> <Ports = 2> <Width = 8> <Depth = 1024> <RAM>
ST_210 : Operation 1127 [1/1] (0.00ns)   --->   "%br_ln236 = br void %for.body144" [../../ip/ip2/channel_shuffle.cpp:236]   --->   Operation 1127 'br' 'br_ln236' <Predicate = true> <Delay = 0.00>

State 211 <SV = 19> <Delay = 7.30>
ST_211 : Operation 1128 [1/1] (0.70ns)   --->   "%empty_77 = select i1 %icmp_ln1027, i32 %ret_V_11, i32 0"   --->   Operation 1128 'select' 'empty_77' <Predicate = true> <Delay = 0.70> <CoreInst = "Sel">   --->   Core 73 'Sel' <Latency = 0> <II = 1> <Delay = 0.70> <FuncUnit> <Opcode : 'select'> <InPorts = 3> <OutPorts = 1>
ST_211 : Operation 1129 [1/1] (2.13ns)   --->   "%icmp_ln298 = icmp_eq  i16 %h_w_read, i16 0" [../../ip/ip2/channel_shuffle.cpp:298]   --->   Operation 1129 'icmp' 'icmp_ln298' <Predicate = true> <Delay = 2.13> <CoreInst = "Cmp">   --->   Core 9 'Cmp' <Latency = 0> <II = 1> <Delay = 2.13> <FuncUnit> <Opcode : 'icmp'> <InPorts = 2> <OutPorts = 1>
ST_211 : Operation 1130 [2/2] (0.00ns)   --->   "%call_ln186 = call void @shufflenet_block_Pipeline_VITIS_LOOP_299_15, i8 %gmem_out, i47 %bound73, i16 %h_w_read, i32 %empty_77, i32 %ret_V_11, i64 %out_r_read, i1 %icmp_ln298"   --->   Operation 1130 'call' 'call_ln186' <Predicate = true> <Delay = 0.00> <CoreType = "Generic">   --->   Core 0 '' <Latency = 0> <II = 1> <Delay = 1.00> <Generic> <Opcode : >
ST_211 : Operation 1131 [7/7] (7.30ns)   --->   "%gmem_bn3_load_req = readreq i1 @_ssdm_op_ReadReq.m_axi.i8P1A, i8 %gmem_bn3_addr, i32 1" [../../ip/ip2/channel_shuffle.cpp:101]   --->   Operation 1131 'readreq' 'gmem_bn3_load_req' <Predicate = true> <Delay = 7.30> <CoreInst = "m_axi">   --->   Core 113 'm_axi' <Latency = 0> <II = 1> <Delay = 1.00> <Adapter> <Opcode : 'read' 'write' 'readreq' 'writereq' 'writeresp'>

State 212 <SV = 20> <Delay = 7.30>
ST_212 : Operation 1132 [1/2] (0.00ns)   --->   "%call_ln186 = call void @shufflenet_block_Pipeline_VITIS_LOOP_299_15, i8 %gmem_out, i47 %bound73, i16 %h_w_read, i32 %empty_77, i32 %ret_V_11, i64 %out_r_read, i1 %icmp_ln298"   --->   Operation 1132 'call' 'call_ln186' <Predicate = true> <Delay = 0.00> <CoreType = "Generic">   --->   Core 0 '' <Latency = 0> <II = 1> <Delay = 1.00> <Generic> <Opcode : >
ST_212 : Operation 1133 [6/7] (7.30ns)   --->   "%gmem_bn3_load_req = readreq i1 @_ssdm_op_ReadReq.m_axi.i8P1A, i8 %gmem_bn3_addr, i32 1" [../../ip/ip2/channel_shuffle.cpp:101]   --->   Operation 1133 'readreq' 'gmem_bn3_load_req' <Predicate = true> <Delay = 7.30> <CoreInst = "m_axi">   --->   Core 113 'm_axi' <Latency = 0> <II = 1> <Delay = 1.00> <Adapter> <Opcode : 'read' 'write' 'readreq' 'writereq' 'writeresp'>
ST_212 : Operation 1134 [7/7] (7.30ns)   --->   "%gmem_bn3_load_1_req = readreq i1 @_ssdm_op_ReadReq.m_axi.i8P1A, i8 %gmem_bn3_addr_1, i32 1" [../../ip/ip2/channel_shuffle.cpp:101]   --->   Operation 1134 'readreq' 'gmem_bn3_load_1_req' <Predicate = true> <Delay = 7.30> <CoreInst = "m_axi">   --->   Core 113 'm_axi' <Latency = 0> <II = 1> <Delay = 1.00> <Adapter> <Opcode : 'read' 'write' 'readreq' 'writereq' 'writeresp'>

State 213 <SV = 21> <Delay = 7.30>
ST_213 : Operation 1135 [5/7] (7.30ns)   --->   "%gmem_bn3_load_req = readreq i1 @_ssdm_op_ReadReq.m_axi.i8P1A, i8 %gmem_bn3_addr, i32 1" [../../ip/ip2/channel_shuffle.cpp:101]   --->   Operation 1135 'readreq' 'gmem_bn3_load_req' <Predicate = true> <Delay = 7.30> <CoreInst = "m_axi">   --->   Core 113 'm_axi' <Latency = 0> <II = 1> <Delay = 1.00> <Adapter> <Opcode : 'read' 'write' 'readreq' 'writereq' 'writeresp'>
ST_213 : Operation 1136 [6/7] (7.30ns)   --->   "%gmem_bn3_load_1_req = readreq i1 @_ssdm_op_ReadReq.m_axi.i8P1A, i8 %gmem_bn3_addr_1, i32 1" [../../ip/ip2/channel_shuffle.cpp:101]   --->   Operation 1136 'readreq' 'gmem_bn3_load_1_req' <Predicate = true> <Delay = 7.30> <CoreInst = "m_axi">   --->   Core 113 'm_axi' <Latency = 0> <II = 1> <Delay = 1.00> <Adapter> <Opcode : 'read' 'write' 'readreq' 'writereq' 'writeresp'>
ST_213 : Operation 1137 [7/7] (7.30ns)   --->   "%gamma_V_3_req = readreq i1 @_ssdm_op_ReadReq.m_axi.i8P1A, i8 %gmem_bn3_addr_2, i32 1" [../../ip/ip2/channel_shuffle.cpp:101]   --->   Operation 1137 'readreq' 'gamma_V_3_req' <Predicate = true> <Delay = 7.30> <CoreInst = "m_axi">   --->   Core 113 'm_axi' <Latency = 0> <II = 1> <Delay = 1.00> <Adapter> <Opcode : 'read' 'write' 'readreq' 'writereq' 'writeresp'>

State 214 <SV = 22> <Delay = 7.30>
ST_214 : Operation 1138 [4/7] (7.30ns)   --->   "%gmem_bn3_load_req = readreq i1 @_ssdm_op_ReadReq.m_axi.i8P1A, i8 %gmem_bn3_addr, i32 1" [../../ip/ip2/channel_shuffle.cpp:101]   --->   Operation 1138 'readreq' 'gmem_bn3_load_req' <Predicate = true> <Delay = 7.30> <CoreInst = "m_axi">   --->   Core 113 'm_axi' <Latency = 0> <II = 1> <Delay = 1.00> <Adapter> <Opcode : 'read' 'write' 'readreq' 'writereq' 'writeresp'>
ST_214 : Operation 1139 [5/7] (7.30ns)   --->   "%gmem_bn3_load_1_req = readreq i1 @_ssdm_op_ReadReq.m_axi.i8P1A, i8 %gmem_bn3_addr_1, i32 1" [../../ip/ip2/channel_shuffle.cpp:101]   --->   Operation 1139 'readreq' 'gmem_bn3_load_1_req' <Predicate = true> <Delay = 7.30> <CoreInst = "m_axi">   --->   Core 113 'm_axi' <Latency = 0> <II = 1> <Delay = 1.00> <Adapter> <Opcode : 'read' 'write' 'readreq' 'writereq' 'writeresp'>
ST_214 : Operation 1140 [6/7] (7.30ns)   --->   "%gamma_V_3_req = readreq i1 @_ssdm_op_ReadReq.m_axi.i8P1A, i8 %gmem_bn3_addr_2, i32 1" [../../ip/ip2/channel_shuffle.cpp:101]   --->   Operation 1140 'readreq' 'gamma_V_3_req' <Predicate = true> <Delay = 7.30> <CoreInst = "m_axi">   --->   Core 113 'm_axi' <Latency = 0> <II = 1> <Delay = 1.00> <Adapter> <Opcode : 'read' 'write' 'readreq' 'writereq' 'writeresp'>
ST_214 : Operation 1141 [7/7] (7.30ns)   --->   "%beta_V_3_req = readreq i1 @_ssdm_op_ReadReq.m_axi.i8P1A, i8 %gmem_bn3_addr_3, i32 1" [../../ip/ip2/channel_shuffle.cpp:101]   --->   Operation 1141 'readreq' 'beta_V_3_req' <Predicate = true> <Delay = 7.30> <CoreInst = "m_axi">   --->   Core 113 'm_axi' <Latency = 0> <II = 1> <Delay = 1.00> <Adapter> <Opcode : 'read' 'write' 'readreq' 'writereq' 'writeresp'>

State 215 <SV = 23> <Delay = 7.30>
ST_215 : Operation 1142 [3/7] (7.30ns)   --->   "%gmem_bn3_load_req = readreq i1 @_ssdm_op_ReadReq.m_axi.i8P1A, i8 %gmem_bn3_addr, i32 1" [../../ip/ip2/channel_shuffle.cpp:101]   --->   Operation 1142 'readreq' 'gmem_bn3_load_req' <Predicate = true> <Delay = 7.30> <CoreInst = "m_axi">   --->   Core 113 'm_axi' <Latency = 0> <II = 1> <Delay = 1.00> <Adapter> <Opcode : 'read' 'write' 'readreq' 'writereq' 'writeresp'>
ST_215 : Operation 1143 [4/7] (7.30ns)   --->   "%gmem_bn3_load_1_req = readreq i1 @_ssdm_op_ReadReq.m_axi.i8P1A, i8 %gmem_bn3_addr_1, i32 1" [../../ip/ip2/channel_shuffle.cpp:101]   --->   Operation 1143 'readreq' 'gmem_bn3_load_1_req' <Predicate = true> <Delay = 7.30> <CoreInst = "m_axi">   --->   Core 113 'm_axi' <Latency = 0> <II = 1> <Delay = 1.00> <Adapter> <Opcode : 'read' 'write' 'readreq' 'writereq' 'writeresp'>
ST_215 : Operation 1144 [5/7] (7.30ns)   --->   "%gamma_V_3_req = readreq i1 @_ssdm_op_ReadReq.m_axi.i8P1A, i8 %gmem_bn3_addr_2, i32 1" [../../ip/ip2/channel_shuffle.cpp:101]   --->   Operation 1144 'readreq' 'gamma_V_3_req' <Predicate = true> <Delay = 7.30> <CoreInst = "m_axi">   --->   Core 113 'm_axi' <Latency = 0> <II = 1> <Delay = 1.00> <Adapter> <Opcode : 'read' 'write' 'readreq' 'writereq' 'writeresp'>
ST_215 : Operation 1145 [6/7] (7.30ns)   --->   "%beta_V_3_req = readreq i1 @_ssdm_op_ReadReq.m_axi.i8P1A, i8 %gmem_bn3_addr_3, i32 1" [../../ip/ip2/channel_shuffle.cpp:101]   --->   Operation 1145 'readreq' 'beta_V_3_req' <Predicate = true> <Delay = 7.30> <CoreInst = "m_axi">   --->   Core 113 'm_axi' <Latency = 0> <II = 1> <Delay = 1.00> <Adapter> <Opcode : 'read' 'write' 'readreq' 'writereq' 'writeresp'>

State 216 <SV = 24> <Delay = 7.30>
ST_216 : Operation 1146 [2/7] (7.30ns)   --->   "%gmem_bn3_load_req = readreq i1 @_ssdm_op_ReadReq.m_axi.i8P1A, i8 %gmem_bn3_addr, i32 1" [../../ip/ip2/channel_shuffle.cpp:101]   --->   Operation 1146 'readreq' 'gmem_bn3_load_req' <Predicate = true> <Delay = 7.30> <CoreInst = "m_axi">   --->   Core 113 'm_axi' <Latency = 0> <II = 1> <Delay = 1.00> <Adapter> <Opcode : 'read' 'write' 'readreq' 'writereq' 'writeresp'>
ST_216 : Operation 1147 [3/7] (7.30ns)   --->   "%gmem_bn3_load_1_req = readreq i1 @_ssdm_op_ReadReq.m_axi.i8P1A, i8 %gmem_bn3_addr_1, i32 1" [../../ip/ip2/channel_shuffle.cpp:101]   --->   Operation 1147 'readreq' 'gmem_bn3_load_1_req' <Predicate = true> <Delay = 7.30> <CoreInst = "m_axi">   --->   Core 113 'm_axi' <Latency = 0> <II = 1> <Delay = 1.00> <Adapter> <Opcode : 'read' 'write' 'readreq' 'writereq' 'writeresp'>
ST_216 : Operation 1148 [4/7] (7.30ns)   --->   "%gamma_V_3_req = readreq i1 @_ssdm_op_ReadReq.m_axi.i8P1A, i8 %gmem_bn3_addr_2, i32 1" [../../ip/ip2/channel_shuffle.cpp:101]   --->   Operation 1148 'readreq' 'gamma_V_3_req' <Predicate = true> <Delay = 7.30> <CoreInst = "m_axi">   --->   Core 113 'm_axi' <Latency = 0> <II = 1> <Delay = 1.00> <Adapter> <Opcode : 'read' 'write' 'readreq' 'writereq' 'writeresp'>
ST_216 : Operation 1149 [5/7] (7.30ns)   --->   "%beta_V_3_req = readreq i1 @_ssdm_op_ReadReq.m_axi.i8P1A, i8 %gmem_bn3_addr_3, i32 1" [../../ip/ip2/channel_shuffle.cpp:101]   --->   Operation 1149 'readreq' 'beta_V_3_req' <Predicate = true> <Delay = 7.30> <CoreInst = "m_axi">   --->   Core 113 'm_axi' <Latency = 0> <II = 1> <Delay = 1.00> <Adapter> <Opcode : 'read' 'write' 'readreq' 'writereq' 'writeresp'>

State 217 <SV = 25> <Delay = 7.30>
ST_217 : Operation 1150 [1/7] (7.30ns)   --->   "%gmem_bn3_load_req = readreq i1 @_ssdm_op_ReadReq.m_axi.i8P1A, i8 %gmem_bn3_addr, i32 1" [../../ip/ip2/channel_shuffle.cpp:101]   --->   Operation 1150 'readreq' 'gmem_bn3_load_req' <Predicate = true> <Delay = 7.30> <CoreInst = "m_axi">   --->   Core 113 'm_axi' <Latency = 0> <II = 1> <Delay = 1.00> <Adapter> <Opcode : 'read' 'write' 'readreq' 'writereq' 'writeresp'>
ST_217 : Operation 1151 [2/7] (7.30ns)   --->   "%gmem_bn3_load_1_req = readreq i1 @_ssdm_op_ReadReq.m_axi.i8P1A, i8 %gmem_bn3_addr_1, i32 1" [../../ip/ip2/channel_shuffle.cpp:101]   --->   Operation 1151 'readreq' 'gmem_bn3_load_1_req' <Predicate = true> <Delay = 7.30> <CoreInst = "m_axi">   --->   Core 113 'm_axi' <Latency = 0> <II = 1> <Delay = 1.00> <Adapter> <Opcode : 'read' 'write' 'readreq' 'writereq' 'writeresp'>
ST_217 : Operation 1152 [3/7] (7.30ns)   --->   "%gamma_V_3_req = readreq i1 @_ssdm_op_ReadReq.m_axi.i8P1A, i8 %gmem_bn3_addr_2, i32 1" [../../ip/ip2/channel_shuffle.cpp:101]   --->   Operation 1152 'readreq' 'gamma_V_3_req' <Predicate = true> <Delay = 7.30> <CoreInst = "m_axi">   --->   Core 113 'm_axi' <Latency = 0> <II = 1> <Delay = 1.00> <Adapter> <Opcode : 'read' 'write' 'readreq' 'writereq' 'writeresp'>
ST_217 : Operation 1153 [4/7] (7.30ns)   --->   "%beta_V_3_req = readreq i1 @_ssdm_op_ReadReq.m_axi.i8P1A, i8 %gmem_bn3_addr_3, i32 1" [../../ip/ip2/channel_shuffle.cpp:101]   --->   Operation 1153 'readreq' 'beta_V_3_req' <Predicate = true> <Delay = 7.30> <CoreInst = "m_axi">   --->   Core 113 'm_axi' <Latency = 0> <II = 1> <Delay = 1.00> <Adapter> <Opcode : 'read' 'write' 'readreq' 'writereq' 'writeresp'>

State 218 <SV = 26> <Delay = 7.30>
ST_218 : Operation 1154 [1/1] (7.30ns)   --->   "%gmem_bn3_addr_read = read i8 @_ssdm_op_Read.m_axi.i8P1A, i8 %gmem_bn3_addr" [../../ip/ip2/channel_shuffle.cpp:101]   --->   Operation 1154 'read' 'gmem_bn3_addr_read' <Predicate = true> <Delay = 7.30> <CoreInst = "m_axi">   --->   Core 113 'm_axi' <Latency = 0> <II = 1> <Delay = 1.00> <Adapter> <Opcode : 'read' 'write' 'readreq' 'writereq' 'writeresp'>
ST_218 : Operation 1155 [1/7] (7.30ns)   --->   "%gmem_bn3_load_1_req = readreq i1 @_ssdm_op_ReadReq.m_axi.i8P1A, i8 %gmem_bn3_addr_1, i32 1" [../../ip/ip2/channel_shuffle.cpp:101]   --->   Operation 1155 'readreq' 'gmem_bn3_load_1_req' <Predicate = true> <Delay = 7.30> <CoreInst = "m_axi">   --->   Core 113 'm_axi' <Latency = 0> <II = 1> <Delay = 1.00> <Adapter> <Opcode : 'read' 'write' 'readreq' 'writereq' 'writeresp'>
ST_218 : Operation 1156 [2/7] (7.30ns)   --->   "%gamma_V_3_req = readreq i1 @_ssdm_op_ReadReq.m_axi.i8P1A, i8 %gmem_bn3_addr_2, i32 1" [../../ip/ip2/channel_shuffle.cpp:101]   --->   Operation 1156 'readreq' 'gamma_V_3_req' <Predicate = true> <Delay = 7.30> <CoreInst = "m_axi">   --->   Core 113 'm_axi' <Latency = 0> <II = 1> <Delay = 1.00> <Adapter> <Opcode : 'read' 'write' 'readreq' 'writereq' 'writeresp'>
ST_218 : Operation 1157 [3/7] (7.30ns)   --->   "%beta_V_3_req = readreq i1 @_ssdm_op_ReadReq.m_axi.i8P1A, i8 %gmem_bn3_addr_3, i32 1" [../../ip/ip2/channel_shuffle.cpp:101]   --->   Operation 1157 'readreq' 'beta_V_3_req' <Predicate = true> <Delay = 7.30> <CoreInst = "m_axi">   --->   Core 113 'm_axi' <Latency = 0> <II = 1> <Delay = 1.00> <Adapter> <Opcode : 'read' 'write' 'readreq' 'writereq' 'writeresp'>

State 219 <SV = 27> <Delay = 7.30>
ST_219 : Operation 1158 [1/1] (7.30ns)   --->   "%gmem_bn3_addr_1_read = read i8 @_ssdm_op_Read.m_axi.i8P1A, i8 %gmem_bn3_addr_1" [../../ip/ip2/channel_shuffle.cpp:101]   --->   Operation 1158 'read' 'gmem_bn3_addr_1_read' <Predicate = true> <Delay = 7.30> <CoreInst = "m_axi">   --->   Core 113 'm_axi' <Latency = 0> <II = 1> <Delay = 1.00> <Adapter> <Opcode : 'read' 'write' 'readreq' 'writereq' 'writeresp'>
ST_219 : Operation 1159 [1/7] (7.30ns)   --->   "%gamma_V_3_req = readreq i1 @_ssdm_op_ReadReq.m_axi.i8P1A, i8 %gmem_bn3_addr_2, i32 1" [../../ip/ip2/channel_shuffle.cpp:101]   --->   Operation 1159 'readreq' 'gamma_V_3_req' <Predicate = true> <Delay = 7.30> <CoreInst = "m_axi">   --->   Core 113 'm_axi' <Latency = 0> <II = 1> <Delay = 1.00> <Adapter> <Opcode : 'read' 'write' 'readreq' 'writereq' 'writeresp'>
ST_219 : Operation 1160 [2/7] (7.30ns)   --->   "%beta_V_3_req = readreq i1 @_ssdm_op_ReadReq.m_axi.i8P1A, i8 %gmem_bn3_addr_3, i32 1" [../../ip/ip2/channel_shuffle.cpp:101]   --->   Operation 1160 'readreq' 'beta_V_3_req' <Predicate = true> <Delay = 7.30> <CoreInst = "m_axi">   --->   Core 113 'm_axi' <Latency = 0> <II = 1> <Delay = 1.00> <Adapter> <Opcode : 'read' 'write' 'readreq' 'writereq' 'writeresp'>

State 220 <SV = 28> <Delay = 7.30>
ST_220 : Operation 1161 [1/1] (7.30ns)   --->   "%gamma_V_1 = read i8 @_ssdm_op_Read.m_axi.i8P1A, i8 %gmem_bn3_addr_2" [../../ip/ip2/channel_shuffle.cpp:101]   --->   Operation 1161 'read' 'gamma_V_1' <Predicate = true> <Delay = 7.30> <CoreInst = "m_axi">   --->   Core 113 'm_axi' <Latency = 0> <II = 1> <Delay = 1.00> <Adapter> <Opcode : 'read' 'write' 'readreq' 'writereq' 'writeresp'>
ST_220 : Operation 1162 [1/7] (7.30ns)   --->   "%beta_V_3_req = readreq i1 @_ssdm_op_ReadReq.m_axi.i8P1A, i8 %gmem_bn3_addr_3, i32 1" [../../ip/ip2/channel_shuffle.cpp:101]   --->   Operation 1162 'readreq' 'beta_V_3_req' <Predicate = true> <Delay = 7.30> <CoreInst = "m_axi">   --->   Core 113 'm_axi' <Latency = 0> <II = 1> <Delay = 1.00> <Adapter> <Opcode : 'read' 'write' 'readreq' 'writereq' 'writeresp'>

State 221 <SV = 29> <Delay = 7.30>
ST_221 : Operation 1163 [1/1] (0.00ns)   --->   "%rhs_V_14 = zext i16 %c_reduce_read" [../../ip/ip2/channel_shuffle.cpp:101]   --->   Operation 1163 'zext' 'rhs_V_14' <Predicate = true> <Delay = 0.00>
ST_221 : Operation 1164 [1/1] (0.00ns)   --->   "%gmem_bn3_load_2_cast = sext i8 %gamma_V_1" [../../ip/ip2/channel_shuffle.cpp:101]   --->   Operation 1164 'sext' 'gmem_bn3_load_2_cast' <Predicate = true> <Delay = 0.00>
ST_221 : Operation 1165 [1/1] (7.30ns)   --->   "%beta_V_2 = read i8 @_ssdm_op_Read.m_axi.i8P1A, i8 %gmem_bn3_addr_3" [../../ip/ip2/channel_shuffle.cpp:101]   --->   Operation 1165 'read' 'beta_V_2' <Predicate = true> <Delay = 7.30> <CoreInst = "m_axi">   --->   Core 113 'm_axi' <Latency = 0> <II = 1> <Delay = 1.00> <Adapter> <Opcode : 'read' 'write' 'readreq' 'writereq' 'writeresp'>
ST_221 : Operation 1166 [1/1] (0.00ns)   --->   "%sext_ln1513_1 = sext i8 %beta_V_2"   --->   Operation 1166 'sext' 'sext_ln1513_1' <Predicate = true> <Delay = 0.00>
ST_221 : Operation 1167 [1/1] (0.00ns)   --->   "%sext_ln1513 = sext i8 %gmem_bn3_addr_read"   --->   Operation 1167 'sext' 'sext_ln1513' <Predicate = true> <Delay = 0.00>
ST_221 : Operation 1168 [1/1] (0.80ns)   --->   "%xor_ln1513 = xor i8 %gmem_bn3_addr_1_read, i8 128"   --->   Operation 1168 'xor' 'xor_ln1513' <Predicate = true> <Delay = 0.80> <CoreInst = "LogicGate">   --->   Core 74 'LogicGate' <Latency = 0> <II = 1> <Delay = 0.80> <FuncUnit> <Opcode : 'and' 'or' 'xor'> <InPorts = 2> <OutPorts = 1>
ST_221 : Operation 1169 [1/1] (0.00ns)   --->   "%zext_ln309 = zext i8 %xor_ln1513" [../../ip/ip2/channel_shuffle.cpp:309]   --->   Operation 1169 'zext' 'zext_ln309' <Predicate = true> <Delay = 0.00>
ST_221 : Operation 1170 [1/1] (0.00ns)   --->   "%sext_ln840_9 = sext i8 %beta_V_2"   --->   Operation 1170 'sext' 'sext_ln840_9' <Predicate = true> <Delay = 0.00>
ST_221 : Operation 1171 [1/1] (1.53ns)   --->   "%add_ln342 = add i16 %zext_ln186, i16 3" [../../ip/ip2/channel_shuffle.cpp:342]   --->   Operation 1171 'add' 'add_ln342' <Predicate = true> <Delay = 1.53> <CoreInst = "Adder">   --->   Core 1 'Adder' <Latency = 0> <II = 1> <Delay = 1.53> <FuncUnit> <Opcode : 'add' 'sub'> <InPorts = 2> <OutPorts = 1>
ST_221 : Operation 1172 [1/1] (0.00ns)   --->   "%c_in_half_V2 = partselect i14 @_ssdm_op_PartSelect.i14.i16.i32.i32, i16 %add_ln342, i32 2, i32 15"   --->   Operation 1172 'partselect' 'c_in_half_V2' <Predicate = true> <Delay = 0.00>
ST_221 : Operation 1173 [1/1] (0.00ns)   --->   "%br_ln309 = br void %VITIS_LOOP_314_18" [../../ip/ip2/channel_shuffle.cpp:309]   --->   Operation 1173 'br' 'br_ln309' <Predicate = true> <Delay = 0.00>

State 222 <SV = 30> <Delay = 4.58>
ST_222 : Operation 1174 [1/1] (0.00ns)   --->   "%indvar_flatten94_load = load i32 %indvar_flatten94"   --->   Operation 1174 'load' 'indvar_flatten94_load' <Predicate = true> <Delay = 0.00>
ST_222 : Operation 1175 [1/1] (1.96ns)   --->   "%icmp_ln1027_11 = icmp_eq  i32 %indvar_flatten94_load, i32 %ret_V_11"   --->   Operation 1175 'icmp' 'icmp_ln1027_11' <Predicate = true> <Delay = 1.96> <CoreInst = "Cmp">   --->   Core 9 'Cmp' <Latency = 0> <II = 1> <Delay = 1.96> <FuncUnit> <Opcode : 'icmp'> <InPorts = 2> <OutPorts = 1>
ST_222 : Operation 1176 [1/1] (1.89ns)   --->   "%add_ln1027_5 = add i32 %indvar_flatten94_load, i32 1"   --->   Operation 1176 'add' 'add_ln1027_5' <Predicate = true> <Delay = 1.89> <CoreInst = "Adder">   --->   Core 1 'Adder' <Latency = 0> <II = 1> <Delay = 1.89> <FuncUnit> <Opcode : 'add' 'sub'> <InPorts = 2> <OutPorts = 1>
ST_222 : Operation 1177 [1/1] (0.00ns)   --->   "%br_ln1027 = br i1 %icmp_ln1027_11, void %for.inc526, void %for.end528.loopexit"   --->   Operation 1177 'br' 'br_ln1027' <Predicate = true> <Delay = 0.00>
ST_222 : Operation 1178 [1/1] (0.00ns)   --->   "%w_V_load = load i16 %w_V"   --->   Operation 1178 'load' 'w_V_load' <Predicate = (!icmp_ln1027_11)> <Delay = 0.00>
ST_222 : Operation 1179 [1/1] (0.00ns)   --->   "%h_V_3_load = load i16 %h_V_3"   --->   Operation 1179 'load' 'h_V_3_load' <Predicate = (!icmp_ln1027_11)> <Delay = 0.00>
ST_222 : Operation 1180 [1/1] (2.13ns)   --->   "%icmp_ln1027_12 = icmp_eq  i16 %w_V_load, i16 %h_w_read"   --->   Operation 1180 'icmp' 'icmp_ln1027_12' <Predicate = (!icmp_ln1027_11)> <Delay = 2.13> <CoreInst = "Cmp">   --->   Core 9 'Cmp' <Latency = 0> <II = 1> <Delay = 2.13> <FuncUnit> <Opcode : 'icmp'> <InPorts = 2> <OutPorts = 1>
ST_222 : Operation 1181 [1/1] (1.54ns)   --->   "%add_ln840_6 = add i16 %h_V_3_load, i16 1"   --->   Operation 1181 'add' 'add_ln840_6' <Predicate = (!icmp_ln1027_11)> <Delay = 1.54> <CoreInst = "Adder">   --->   Core 1 'Adder' <Latency = 0> <II = 1> <Delay = 1.54> <FuncUnit> <Opcode : 'add' 'sub'> <InPorts = 2> <OutPorts = 1>
ST_222 : Operation 1182 [1/1] (0.62ns)   --->   "%select_ln1027_7 = select i1 %icmp_ln1027_12, i16 %add_ln840_6, i16 %h_V_3_load"   --->   Operation 1182 'select' 'select_ln1027_7' <Predicate = (!icmp_ln1027_11)> <Delay = 0.62> <CoreInst = "Sel">   --->   Core 73 'Sel' <Latency = 0> <II = 1> <Delay = 0.62> <FuncUnit> <Opcode : 'select'> <InPorts = 3> <OutPorts = 1>
ST_222 : Operation 1183 [1/1] (0.00ns)   --->   "%zext_ln1027_3 = zext i16 %select_ln1027_7"   --->   Operation 1183 'zext' 'zext_ln1027_3' <Predicate = (!icmp_ln1027_11)> <Delay = 0.00>
ST_222 : Operation 1184 [4/4] (1.82ns) (root node of the DSP)   --->   "%mul_ln1027_1 = mul i32 %zext_ln1027_3, i32 %rhs_6"   --->   Operation 1184 'mul' 'mul_ln1027_1' <Predicate = (!icmp_ln1027_11)> <Delay = 1.82> <CoreInst = "DSP48">   --->   Core 119 'DSP48' <Latency = 3> <II = 1> <Delay = 1.82> <IPBlock> <Opcode : 'mul' 'add' 'sub' 'select'> <InPorts = 0> <OutPorts = 1> <Sync> <CReg>
ST_222 : Operation 1185 [1/1] (0.00ns)   --->   "%w_V_6 = alloca i32 1"   --->   Operation 1185 'alloca' 'w_V_6' <Predicate = (icmp_ln1027_11)> <Delay = 0.00>
ST_222 : Operation 1186 [1/1] (0.00ns)   --->   "%h_V_4 = alloca i32 1"   --->   Operation 1186 'alloca' 'h_V_4' <Predicate = (icmp_ln1027_11)> <Delay = 0.00>
ST_222 : Operation 1187 [1/1] (0.00ns)   --->   "%indvar_flatten103 = alloca i32 1"   --->   Operation 1187 'alloca' 'indvar_flatten103' <Predicate = (icmp_ln1027_11)> <Delay = 0.00>
ST_222 : Operation 1188 [1/1] (0.00ns)   --->   "%group_size_V = partselect i15 @_ssdm_op_PartSelect.i15.i16.i32.i32, i16 %c_out_read, i32 1, i32 15"   --->   Operation 1188 'partselect' 'group_size_V' <Predicate = (icmp_ln1027_11)> <Delay = 0.00>
ST_222 : Operation 1189 [1/1] (0.00ns)   --->   "%specmemcore_ln369 = specmemcore void @_ssdm_op_SpecMemCore, i8 %shuffle_temp_V, i64 666, i64 211, i64 18446744073709551615" [../../ip/ip2/channel_shuffle.cpp:369]   --->   Operation 1189 'specmemcore' 'specmemcore_ln369' <Predicate = (icmp_ln1027_11)> <Delay = 0.00>
ST_222 : Operation 1190 [1/1] (0.00ns)   --->   "%c_out_cast = zext i16 %c_out_read" [../../ip/ip2/channel_shuffle.cpp:101]   --->   Operation 1190 'zext' 'c_out_cast' <Predicate = (icmp_ln1027_11)> <Delay = 0.00>
ST_222 : Operation 1191 [1/1] (0.00ns)   --->   "%rhs_V_12 = zext i15 %group_size_V"   --->   Operation 1191 'zext' 'rhs_V_12' <Predicate = (icmp_ln1027_11)> <Delay = 0.00>
ST_222 : Operation 1192 [1/1] (1.54ns)   --->   "%add_ln388 = add i16 %c_out_read, i16 31" [../../ip/ip2/channel_shuffle.cpp:388]   --->   Operation 1192 'add' 'add_ln388' <Predicate = (icmp_ln1027_11)> <Delay = 1.54> <CoreInst = "Adder">   --->   Core 1 'Adder' <Latency = 0> <II = 1> <Delay = 1.54> <FuncUnit> <Opcode : 'add' 'sub'> <InPorts = 2> <OutPorts = 1>
ST_222 : Operation 1193 [1/1] (0.00ns)   --->   "%c_out1 = partselect i11 @_ssdm_op_PartSelect.i11.i16.i32.i32, i16 %add_ln388, i32 5, i32 15"   --->   Operation 1193 'partselect' 'c_out1' <Predicate = (icmp_ln1027_11)> <Delay = 0.00>
ST_222 : Operation 1194 [1/1] (1.29ns)   --->   "%store_ln372 = store i32 0, i32 %indvar_flatten103" [../../ip/ip2/channel_shuffle.cpp:372]   --->   Operation 1194 'store' 'store_ln372' <Predicate = (icmp_ln1027_11)> <Delay = 1.29>
ST_222 : Operation 1195 [1/1] (1.29ns)   --->   "%store_ln372 = store i16 0, i16 %h_V_4" [../../ip/ip2/channel_shuffle.cpp:372]   --->   Operation 1195 'store' 'store_ln372' <Predicate = (icmp_ln1027_11)> <Delay = 1.29>
ST_222 : Operation 1196 [1/1] (1.29ns)   --->   "%store_ln372 = store i16 0, i16 %w_V_6" [../../ip/ip2/channel_shuffle.cpp:372]   --->   Operation 1196 'store' 'store_ln372' <Predicate = (icmp_ln1027_11)> <Delay = 1.29>
ST_222 : Operation 1197 [1/1] (0.00ns)   --->   "%br_ln372 = br void %VITIS_LOOP_377_26" [../../ip/ip2/channel_shuffle.cpp:372]   --->   Operation 1197 'br' 'br_ln372' <Predicate = (icmp_ln1027_11)> <Delay = 0.00>

State 223 <SV = 31> <Delay = 1.82>
ST_223 : Operation 1198 [3/4] (1.82ns) (root node of the DSP)   --->   "%mul_ln1027_1 = mul i32 %zext_ln1027_3, i32 %rhs_6"   --->   Operation 1198 'mul' 'mul_ln1027_1' <Predicate = true> <Delay = 1.82> <CoreInst = "DSP48">   --->   Core 119 'DSP48' <Latency = 3> <II = 1> <Delay = 1.82> <IPBlock> <Opcode : 'mul' 'add' 'sub' 'select'> <InPorts = 0> <OutPorts = 1> <Sync> <CReg>

State 224 <SV = 32> <Delay = 1.82>
ST_224 : Operation 1199 [2/4] (1.82ns) (root node of the DSP)   --->   "%mul_ln1027_1 = mul i32 %zext_ln1027_3, i32 %rhs_6"   --->   Operation 1199 'mul' 'mul_ln1027_1' <Predicate = true> <Delay = 1.82> <CoreInst = "DSP48">   --->   Core 119 'DSP48' <Latency = 3> <II = 1> <Delay = 1.82> <IPBlock> <Opcode : 'mul' 'add' 'sub' 'select'> <InPorts = 0> <OutPorts = 1> <Sync> <CReg>

State 225 <SV = 33> <Delay = 2.52>
ST_225 : Operation 1200 [1/1] (0.00ns)   --->   "%specloopname_ln0 = specloopname void @_ssdm_op_SpecLoopName, void @VITIS_LOOP_309_16_VITIS_LOOP_310_17_str"   --->   Operation 1200 'specloopname' 'specloopname_ln0' <Predicate = true> <Delay = 0.00>
ST_225 : Operation 1201 [1/1] (0.00ns)   --->   "%speclooptripcount_ln0 = speclooptripcount void @_ssdm_op_SpecLoopTripCount, i64 0, i64 33553920, i64 0"   --->   Operation 1201 'speclooptripcount' 'speclooptripcount_ln0' <Predicate = true> <Delay = 0.00>
ST_225 : Operation 1202 [1/1] (0.62ns)   --->   "%select_ln1027_6 = select i1 %icmp_ln1027_12, i16 0, i16 %w_V_load"   --->   Operation 1202 'select' 'select_ln1027_6' <Predicate = true> <Delay = 0.62> <CoreInst = "Sel">   --->   Core 73 'Sel' <Latency = 0> <II = 1> <Delay = 0.62> <FuncUnit> <Opcode : 'select'> <InPorts = 3> <OutPorts = 1>
ST_225 : Operation 1203 [1/4] (0.00ns) (root node of the DSP)   --->   "%mul_ln1027_1 = mul i32 %zext_ln1027_3, i32 %rhs_6"   --->   Operation 1203 'mul' 'mul_ln1027_1' <Predicate = true> <Delay = 0.00> <CoreInst = "DSP48">   --->   Core 119 'DSP48' <Latency = 3> <II = 1> <Delay = 1.82> <IPBlock> <Opcode : 'mul' 'add' 'sub' 'select'> <InPorts = 0> <OutPorts = 1> <Sync> <CReg>
ST_225 : Operation 1204 [1/1] (0.00ns)   --->   "%trunc_ln1027_3 = trunc i32 %mul_ln1027_1"   --->   Operation 1204 'trunc' 'trunc_ln1027_3' <Predicate = true> <Delay = 0.00>
ST_225 : Operation 1205 [1/1] (0.00ns)   --->   "%trunc_ln1027_4 = trunc i16 %select_ln1027_6"   --->   Operation 1205 'trunc' 'trunc_ln1027_4' <Predicate = true> <Delay = 0.00>
ST_225 : Operation 1206 [1/1] (0.00ns)   --->   "%specpipeline_ln311 = specpipeline void @_ssdm_op_SpecPipeline, i32 1, i32 0, i32 0, i32 0, void @empty_47" [../../ip/ip2/channel_shuffle.cpp:311]   --->   Operation 1206 'specpipeline' 'specpipeline_ln311' <Predicate = true> <Delay = 0.00>
ST_225 : Operation 1207 [1/1] (0.00ns)   --->   "%specloopname_ln310 = specloopname void @_ssdm_op_SpecLoopName, void @empty_54" [../../ip/ip2/channel_shuffle.cpp:310]   --->   Operation 1207 'specloopname' 'specloopname_ln310' <Predicate = true> <Delay = 0.00>
ST_225 : Operation 1208 [1/1] (0.00ns)   --->   "%zext_ln1495 = zext i16 %select_ln1027_6"   --->   Operation 1208 'zext' 'zext_ln1495' <Predicate = true> <Delay = 0.00>
ST_225 : Operation 1209 [1/1] (1.89ns)   --->   "%add_ln1495 = add i32 %mul_ln1027_1, i32 %zext_ln1495"   --->   Operation 1209 'add' 'add_ln1495' <Predicate = true> <Delay = 1.89> <CoreInst = "Adder">   --->   Core 1 'Adder' <Latency = 0> <II = 1> <Delay = 1.89> <FuncUnit> <Opcode : 'add' 'sub'> <InPorts = 2> <OutPorts = 1>
ST_225 : Operation 1210 [1/1] (1.29ns)   --->   "%br_ln314 = br void %for.body403" [../../ip/ip2/channel_shuffle.cpp:314]   --->   Operation 1210 'br' 'br_ln314' <Predicate = true> <Delay = 1.29>

State 226 <SV = 34> <Delay = 4.28>
ST_226 : Operation 1211 [1/1] (0.00ns)   --->   "%empty_78 = phi i14 0, void %for.inc526, i14 %add_ln342_1, void %for.inc520.loopexit" [../../ip/ip2/channel_shuffle.cpp:342]   --->   Operation 1211 'phi' 'empty_78' <Predicate = true> <Delay = 0.00>
ST_226 : Operation 1212 [1/1] (0.00ns)   --->   "%c_out_conv_V_2 = phi i16 0, void %for.inc526, i16 %c_out_end_V, void %for.inc520.loopexit"   --->   Operation 1212 'phi' 'c_out_conv_V_2' <Predicate = true> <Delay = 0.00>
ST_226 : Operation 1213 [1/1] (1.98ns)   --->   "%icmp_ln314 = icmp_eq  i14 %empty_78, i14 %c_in_half_V2" [../../ip/ip2/channel_shuffle.cpp:314]   --->   Operation 1213 'icmp' 'icmp_ln314' <Predicate = true> <Delay = 1.98> <CoreInst = "Cmp">   --->   Core 9 'Cmp' <Latency = 0> <II = 1> <Delay = 1.98> <FuncUnit> <Opcode : 'icmp'> <InPorts = 2> <OutPorts = 1>
ST_226 : Operation 1214 [1/1] (0.00ns)   --->   "%speclooptripcount_ln0 = speclooptripcount void @_ssdm_op_SpecLoopTripCount, i64 0, i64 16383, i64 0"   --->   Operation 1214 'speclooptripcount' 'speclooptripcount_ln0' <Predicate = true> <Delay = 0.00>
ST_226 : Operation 1215 [1/1] (1.52ns)   --->   "%add_ln342_1 = add i14 %empty_78, i14 1" [../../ip/ip2/channel_shuffle.cpp:342]   --->   Operation 1215 'add' 'add_ln342_1' <Predicate = true> <Delay = 1.52> <CoreInst = "Adder">   --->   Core 1 'Adder' <Latency = 0> <II = 1> <Delay = 1.52> <FuncUnit> <Opcode : 'add' 'sub'> <InPorts = 2> <OutPorts = 1>
ST_226 : Operation 1216 [1/1] (0.00ns)   --->   "%br_ln314 = br i1 %icmp_ln314, void %for.body403.split, void %for.inc523.loopexit" [../../ip/ip2/channel_shuffle.cpp:314]   --->   Operation 1216 'br' 'br_ln314' <Predicate = true> <Delay = 0.00>
ST_226 : Operation 1217 [1/1] (0.00ns)   --->   "%specloopname_ln314 = specloopname void @_ssdm_op_SpecLoopName, void @empty_36" [../../ip/ip2/channel_shuffle.cpp:314]   --->   Operation 1217 'specloopname' 'specloopname_ln314' <Predicate = (!icmp_ln314)> <Delay = 0.00>
ST_226 : Operation 1218 [1/1] (0.00ns)   --->   "%zext_ln186_6 = zext i16 %c_out_conv_V_2"   --->   Operation 1218 'zext' 'zext_ln186_6' <Predicate = (!icmp_ln314)> <Delay = 0.00>
ST_226 : Operation 1219 [1/1] (0.00ns)   --->   "%zext_ln1495_3 = zext i16 %c_out_conv_V_2"   --->   Operation 1219 'zext' 'zext_ln1495_3' <Predicate = (!icmp_ln314)> <Delay = 0.00>
ST_226 : Operation 1220 [1/1] (1.54ns)   --->   "%ret_V_2 = add i17 %zext_ln1495_3, i17 4"   --->   Operation 1220 'add' 'ret_V_2' <Predicate = (!icmp_ln314)> <Delay = 1.54> <CoreInst = "Adder">   --->   Core 1 'Adder' <Latency = 0> <II = 1> <Delay = 1.54> <FuncUnit> <Opcode : 'add' 'sub'> <InPorts = 2> <OutPorts = 1>
ST_226 : Operation 1221 [1/1] (2.11ns)   --->   "%icmp_ln1035_3 = icmp_ugt  i17 %ret_V_2, i17 %zext_ln162_1"   --->   Operation 1221 'icmp' 'icmp_ln1035_3' <Predicate = (!icmp_ln314)> <Delay = 2.11> <CoreInst = "Cmp">   --->   Core 9 'Cmp' <Latency = 0> <II = 1> <Delay = 2.11> <FuncUnit> <Opcode : 'icmp'> <InPorts = 2> <OutPorts = 1>
ST_226 : Operation 1222 [1/1] (1.54ns)   --->   "%c_out_end_V = add i16 %c_out_conv_V_2, i16 4"   --->   Operation 1222 'add' 'c_out_end_V' <Predicate = (!icmp_ln314)> <Delay = 1.54> <CoreInst = "Adder">   --->   Core 1 'Adder' <Latency = 0> <II = 1> <Delay = 1.54> <FuncUnit> <Opcode : 'add' 'sub'> <InPorts = 2> <OutPorts = 1>
ST_226 : Operation 1223 [1/1] (0.62ns)   --->   "%c_out_end_V_1 = select i1 %icmp_ln1035_3, i16 %zext_ln186, i16 %c_out_end_V" [../../ip/ip2/channel_shuffle.cpp:315]   --->   Operation 1223 'select' 'c_out_end_V_1' <Predicate = (!icmp_ln314)> <Delay = 0.62> <CoreInst = "Sel">   --->   Core 73 'Sel' <Latency = 0> <II = 1> <Delay = 0.62> <FuncUnit> <Opcode : 'select'> <InPorts = 3> <OutPorts = 1>
ST_226 : Operation 1224 [1/1] (1.29ns)   --->   "%br_ln318 = br void %for.inc427" [../../ip/ip2/channel_shuffle.cpp:318]   --->   Operation 1224 'br' 'br_ln318' <Predicate = (!icmp_ln314)> <Delay = 1.29>
ST_226 : Operation 1225 [1/1] (1.54ns)   --->   "%w_V_8 = add i16 %select_ln1027_6, i16 1"   --->   Operation 1225 'add' 'w_V_8' <Predicate = (icmp_ln314)> <Delay = 1.54> <CoreInst = "Adder">   --->   Core 1 'Adder' <Latency = 0> <II = 1> <Delay = 1.54> <FuncUnit> <Opcode : 'add' 'sub'> <InPorts = 2> <OutPorts = 1>
ST_226 : Operation 1226 [1/1] (1.29ns)   --->   "%store_ln310 = store i32 %add_ln1027_5, i32 %indvar_flatten94" [../../ip/ip2/channel_shuffle.cpp:310]   --->   Operation 1226 'store' 'store_ln310' <Predicate = (icmp_ln314)> <Delay = 1.29>
ST_226 : Operation 1227 [1/1] (1.29ns)   --->   "%store_ln310 = store i16 %select_ln1027_7, i16 %h_V_3" [../../ip/ip2/channel_shuffle.cpp:310]   --->   Operation 1227 'store' 'store_ln310' <Predicate = (icmp_ln314)> <Delay = 1.29>
ST_226 : Operation 1228 [1/1] (1.29ns)   --->   "%store_ln310 = store i16 %w_V_8, i16 %w_V" [../../ip/ip2/channel_shuffle.cpp:310]   --->   Operation 1228 'store' 'store_ln310' <Predicate = (icmp_ln314)> <Delay = 1.29>
ST_226 : Operation 1229 [1/1] (0.00ns)   --->   "%br_ln310 = br void %VITIS_LOOP_314_18" [../../ip/ip2/channel_shuffle.cpp:310]   --->   Operation 1229 'br' 'br_ln310' <Predicate = (icmp_ln314)> <Delay = 0.00>

State 227 <SV = 35> <Delay = 7.05>
ST_227 : Operation 1230 [1/1] (0.00ns)   --->   "%c_out_conv_V = phi i32 %add_ln840_13, void %for.inc427.split, i32 %zext_ln186_6, void %for.body403.split"   --->   Operation 1230 'phi' 'c_out_conv_V' <Predicate = true> <Delay = 0.00>
ST_227 : Operation 1231 [1/1] (0.00ns)   --->   "%trunc_ln1027_7 = trunc i32 %c_out_conv_V"   --->   Operation 1231 'trunc' 'trunc_ln1027_7' <Predicate = true> <Delay = 0.00>
ST_227 : Operation 1232 [1/1] (2.13ns)   --->   "%icmp_ln1027_16 = icmp_ult  i16 %trunc_ln1027_7, i16 %c_out_end_V_1"   --->   Operation 1232 'icmp' 'icmp_ln1027_16' <Predicate = true> <Delay = 2.13> <CoreInst = "Cmp">   --->   Core 9 'Cmp' <Latency = 0> <II = 1> <Delay = 2.13> <FuncUnit> <Opcode : 'icmp'> <InPorts = 2> <OutPorts = 1>
ST_227 : Operation 1233 [1/1] (0.00ns)   --->   "%br_ln318 = br i1 %icmp_ln1027_16, void %for.body434.preheader, void %for.inc427.split" [../../ip/ip2/channel_shuffle.cpp:318]   --->   Operation 1233 'br' 'br_ln318' <Predicate = true> <Delay = 0.00>
ST_227 : Operation 1234 [1/1] (7.05ns)   --->   "%mul_ln1495 = mul i32 %c_out_conv_V, i32 %ret_V_11"   --->   Operation 1234 'mul' 'mul_ln1495' <Predicate = (icmp_ln1027_16)> <Delay = 7.05> <CoreInst = "Multiplier">   --->   Core 3 'Multiplier' <Latency = 0> <II = 1> <Delay = 7.05> <FuncUnit> <Opcode : 'mul'> <InPorts = 2> <OutPorts = 1>
ST_227 : Operation 1235 [1/1] (1.89ns)   --->   "%add_ln840_13 = add i32 %c_out_conv_V, i32 1"   --->   Operation 1235 'add' 'add_ln840_13' <Predicate = (icmp_ln1027_16)> <Delay = 1.89> <CoreInst = "Adder">   --->   Core 1 'Adder' <Latency = 0> <II = 1> <Delay = 1.89> <FuncUnit> <Opcode : 'add' 'sub'> <InPorts = 2> <OutPorts = 1>
ST_227 : Operation 1236 [1/1] (1.29ns)   --->   "%br_ln1027 = br void %for.body434"   --->   Operation 1236 'br' 'br_ln1027' <Predicate = (!icmp_ln1027_16)> <Delay = 1.29>

State 228 <SV = 36> <Delay = 4.58>
ST_228 : Operation 1237 [1/1] (1.89ns)   --->   "%out_idx_V = add i32 %mul_ln1495, i32 %add_ln1495"   --->   Operation 1237 'add' 'out_idx_V' <Predicate = true> <Delay = 1.89> <CoreInst = "Adder">   --->   Core 1 'Adder' <Latency = 0> <II = 1> <Delay = 1.89> <FuncUnit> <Opcode : 'add' 'sub'> <InPorts = 2> <OutPorts = 1>
ST_228 : Operation 1238 [1/1] (0.00ns)   --->   "%zext_ln541_4 = zext i32 %out_idx_V"   --->   Operation 1238 'zext' 'zext_ln541_4' <Predicate = true> <Delay = 0.00>
ST_228 : Operation 1239 [1/1] (2.69ns)   --->   "%add_ln320 = add i64 %zext_ln541_4, i64 %out_r_read" [../../ip/ip2/channel_shuffle.cpp:320]   --->   Operation 1239 'add' 'add_ln320' <Predicate = true> <Delay = 2.69> <CoreInst = "Adder">   --->   Core 1 'Adder' <Latency = 0> <II = 1> <Delay = 2.69> <FuncUnit> <Opcode : 'add' 'sub'> <InPorts = 2> <OutPorts = 1>
ST_228 : Operation 1240 [1/1] (0.00ns)   --->   "%gmem_out_addr = getelementptr i8 %gmem_out, i64 %add_ln320" [../../ip/ip2/channel_shuffle.cpp:320]   --->   Operation 1240 'getelementptr' 'gmem_out_addr' <Predicate = true> <Delay = 0.00>

State 229 <SV = 37> <Delay = 7.30>
ST_229 : Operation 1241 [1/1] (7.30ns)   --->   "%gmem_out_addr_2_req = writereq i1 @_ssdm_op_WriteReq.m_axi.i8P1A, i8 %gmem_out_addr, i32 1" [../../ip/ip2/channel_shuffle.cpp:320]   --->   Operation 1241 'writereq' 'gmem_out_addr_2_req' <Predicate = true> <Delay = 7.30> <CoreInst = "m_axi">   --->   Core 113 'm_axi' <Latency = 0> <II = 1> <Delay = 1.00> <Adapter> <Opcode : 'read' 'write' 'readreq' 'writereq' 'writeresp'>

State 230 <SV = 38> <Delay = 7.30>
ST_230 : Operation 1242 [1/1] (7.30ns)   --->   "%write_ln320 = write void @_ssdm_op_Write.m_axi.i8P1A, i8 %gmem_out_addr, i8 0, i1 1" [../../ip/ip2/channel_shuffle.cpp:320]   --->   Operation 1242 'write' 'write_ln320' <Predicate = true> <Delay = 7.30> <CoreInst = "m_axi">   --->   Core 113 'm_axi' <Latency = 0> <II = 1> <Delay = 1.00> <Adapter> <Opcode : 'read' 'write' 'readreq' 'writereq' 'writeresp'>

State 231 <SV = 39> <Delay = 7.30>
ST_231 : Operation 1243 [5/5] (7.30ns)   --->   "%gmem_out_addr_2_resp = writeresp i1 @_ssdm_op_WriteResp.m_axi.i8P1A, i8 %gmem_out_addr" [../../ip/ip2/channel_shuffle.cpp:320]   --->   Operation 1243 'writeresp' 'gmem_out_addr_2_resp' <Predicate = true> <Delay = 7.30> <CoreInst = "m_axi">   --->   Core 113 'm_axi' <Latency = 0> <II = 1> <Delay = 1.00> <Adapter> <Opcode : 'read' 'write' 'readreq' 'writereq' 'writeresp'>

State 232 <SV = 40> <Delay = 7.30>
ST_232 : Operation 1244 [4/5] (7.30ns)   --->   "%gmem_out_addr_2_resp = writeresp i1 @_ssdm_op_WriteResp.m_axi.i8P1A, i8 %gmem_out_addr" [../../ip/ip2/channel_shuffle.cpp:320]   --->   Operation 1244 'writeresp' 'gmem_out_addr_2_resp' <Predicate = true> <Delay = 7.30> <CoreInst = "m_axi">   --->   Core 113 'm_axi' <Latency = 0> <II = 1> <Delay = 1.00> <Adapter> <Opcode : 'read' 'write' 'readreq' 'writereq' 'writeresp'>

State 233 <SV = 41> <Delay = 7.30>
ST_233 : Operation 1245 [3/5] (7.30ns)   --->   "%gmem_out_addr_2_resp = writeresp i1 @_ssdm_op_WriteResp.m_axi.i8P1A, i8 %gmem_out_addr" [../../ip/ip2/channel_shuffle.cpp:320]   --->   Operation 1245 'writeresp' 'gmem_out_addr_2_resp' <Predicate = true> <Delay = 7.30> <CoreInst = "m_axi">   --->   Core 113 'm_axi' <Latency = 0> <II = 1> <Delay = 1.00> <Adapter> <Opcode : 'read' 'write' 'readreq' 'writereq' 'writeresp'>

State 234 <SV = 42> <Delay = 7.30>
ST_234 : Operation 1246 [2/5] (7.30ns)   --->   "%gmem_out_addr_2_resp = writeresp i1 @_ssdm_op_WriteResp.m_axi.i8P1A, i8 %gmem_out_addr" [../../ip/ip2/channel_shuffle.cpp:320]   --->   Operation 1246 'writeresp' 'gmem_out_addr_2_resp' <Predicate = true> <Delay = 7.30> <CoreInst = "m_axi">   --->   Core 113 'm_axi' <Latency = 0> <II = 1> <Delay = 1.00> <Adapter> <Opcode : 'read' 'write' 'readreq' 'writereq' 'writeresp'>

State 235 <SV = 43> <Delay = 7.30>
ST_235 : Operation 1247 [1/1] (0.00ns)   --->   "%specloopname_ln318 = specloopname void @_ssdm_op_SpecLoopName, void @empty_31" [../../ip/ip2/channel_shuffle.cpp:318]   --->   Operation 1247 'specloopname' 'specloopname_ln318' <Predicate = true> <Delay = 0.00>
ST_235 : Operation 1248 [1/5] (7.30ns)   --->   "%gmem_out_addr_2_resp = writeresp i1 @_ssdm_op_WriteResp.m_axi.i8P1A, i8 %gmem_out_addr" [../../ip/ip2/channel_shuffle.cpp:320]   --->   Operation 1248 'writeresp' 'gmem_out_addr_2_resp' <Predicate = true> <Delay = 7.30> <CoreInst = "m_axi">   --->   Core 113 'm_axi' <Latency = 0> <II = 1> <Delay = 1.00> <Adapter> <Opcode : 'read' 'write' 'readreq' 'writereq' 'writeresp'>
ST_235 : Operation 1249 [1/1] (0.00ns)   --->   "%br_ln318 = br void %for.inc427" [../../ip/ip2/channel_shuffle.cpp:318]   --->   Operation 1249 'br' 'br_ln318' <Predicate = true> <Delay = 0.00>

State 236 <SV = 36> <Delay = 4.28>
ST_236 : Operation 1250 [1/1] (0.00ns)   --->   "%cr_group_V_7 = phi i16 %cr_end_V_6, void %for.inc488.loopexit, i16 0, void %for.body434.preheader"   --->   Operation 1250 'phi' 'cr_group_V_7' <Predicate = true> <Delay = 0.00>
ST_236 : Operation 1251 [1/1] (2.13ns)   --->   "%icmp_ln1027_18 = icmp_ult  i16 %cr_group_V_7, i16 %c_reduce_read"   --->   Operation 1251 'icmp' 'icmp_ln1027_18' <Predicate = true> <Delay = 2.13> <CoreInst = "Cmp">   --->   Core 9 'Cmp' <Latency = 0> <II = 1> <Delay = 2.13> <FuncUnit> <Opcode : 'icmp'> <InPorts = 2> <OutPorts = 1>
ST_236 : Operation 1252 [1/1] (0.00ns)   --->   "%br_ln324 = br i1 %icmp_ln1027_18, void %for.inc517.preheader, void %for.body434.split" [../../ip/ip2/channel_shuffle.cpp:324]   --->   Operation 1252 'br' 'br_ln324' <Predicate = true> <Delay = 0.00>
ST_236 : Operation 1253 [1/1] (0.00ns)   --->   "%specloopname_ln324 = specloopname void @_ssdm_op_SpecLoopName, void @empty_34" [../../ip/ip2/channel_shuffle.cpp:324]   --->   Operation 1253 'specloopname' 'specloopname_ln324' <Predicate = (icmp_ln1027_18)> <Delay = 0.00>
ST_236 : Operation 1254 [1/1] (0.00ns)   --->   "%zext_ln1495_5 = zext i16 %cr_group_V_7"   --->   Operation 1254 'zext' 'zext_ln1495_5' <Predicate = (icmp_ln1027_18)> <Delay = 0.00>
ST_236 : Operation 1255 [1/1] (1.54ns)   --->   "%ret_V_40 = add i17 %zext_ln1495_5, i17 16"   --->   Operation 1255 'add' 'ret_V_40' <Predicate = (icmp_ln1027_18)> <Delay = 1.54> <CoreInst = "Adder">   --->   Core 1 'Adder' <Latency = 0> <II = 1> <Delay = 1.54> <FuncUnit> <Opcode : 'add' 'sub'> <InPorts = 2> <OutPorts = 1>
ST_236 : Operation 1256 [1/1] (2.11ns)   --->   "%icmp_ln1035_5 = icmp_ugt  i17 %ret_V_40, i17 %c_reduce_cast"   --->   Operation 1256 'icmp' 'icmp_ln1035_5' <Predicate = (icmp_ln1027_18)> <Delay = 2.11> <CoreInst = "Cmp">   --->   Core 9 'Cmp' <Latency = 0> <II = 1> <Delay = 2.11> <FuncUnit> <Opcode : 'icmp'> <InPorts = 2> <OutPorts = 1>
ST_236 : Operation 1257 [1/1] (1.54ns)   --->   "%cr_end_V_6 = add i16 %cr_group_V_7, i16 16"   --->   Operation 1257 'add' 'cr_end_V_6' <Predicate = (icmp_ln1027_18)> <Delay = 1.54> <CoreInst = "Adder">   --->   Core 1 'Adder' <Latency = 0> <II = 1> <Delay = 1.54> <FuncUnit> <Opcode : 'add' 'sub'> <InPorts = 2> <OutPorts = 1>
ST_236 : Operation 1258 [1/1] (0.62ns)   --->   "%cr_end_V_4 = select i1 %icmp_ln1035_5, i16 %c_reduce_read, i16 %cr_end_V_6" [../../ip/ip2/channel_shuffle.cpp:325]   --->   Operation 1258 'select' 'cr_end_V_4' <Predicate = (icmp_ln1027_18)> <Delay = 0.62> <CoreInst = "Sel">   --->   Core 73 'Sel' <Latency = 0> <II = 1> <Delay = 0.62> <FuncUnit> <Opcode : 'select'> <InPorts = 3> <OutPorts = 1>
ST_236 : Operation 1259 [1/1] (1.29ns)   --->   "%br_ln327 = br void %VITIS_LOOP_333_22" [../../ip/ip2/channel_shuffle.cpp:327]   --->   Operation 1259 'br' 'br_ln327' <Predicate = (icmp_ln1027_18)> <Delay = 1.29>
ST_236 : Operation 1260 [1/1] (1.29ns)   --->   "%br_ln1027 = br void %for.inc517"   --->   Operation 1260 'br' 'br_ln1027' <Predicate = (!icmp_ln1027_18)> <Delay = 1.29>

State 237 <SV = 37> <Delay = 2.56>
ST_237 : Operation 1261 [1/1] (0.00ns)   --->   "%cr_V_4 = phi i16 %cr_group_V_7, void %for.body434.split, i16 %cr_V_8, void %for.inc485.loopexit"   --->   Operation 1261 'phi' 'cr_V_4' <Predicate = true> <Delay = 0.00>
ST_237 : Operation 1262 [1/1] (2.13ns)   --->   "%icmp_ln1027_19 = icmp_ult  i16 %cr_V_4, i16 %cr_end_V_4"   --->   Operation 1262 'icmp' 'icmp_ln1027_19' <Predicate = true> <Delay = 2.13> <CoreInst = "Cmp">   --->   Core 9 'Cmp' <Latency = 0> <II = 1> <Delay = 2.13> <FuncUnit> <Opcode : 'icmp'> <InPorts = 2> <OutPorts = 1>
ST_237 : Operation 1263 [1/1] (0.00ns)   --->   "%br_ln327 = br i1 %icmp_ln1027_19, void %for.inc488.loopexit, void %VITIS_LOOP_333_22.split" [../../ip/ip2/channel_shuffle.cpp:327]   --->   Operation 1263 'br' 'br_ln327' <Predicate = true> <Delay = 0.00>
ST_237 : Operation 1264 [1/1] (0.00ns)   --->   "%trunc_ln1027_10 = trunc i16 %cr_V_4"   --->   Operation 1264 'trunc' 'trunc_ln1027_10' <Predicate = (icmp_ln1027_19)> <Delay = 0.00>
ST_237 : Operation 1265 [1/1] (0.00ns)   --->   "%trunc_ln1027_11 = trunc i16 %cr_group_V_7"   --->   Operation 1265 'trunc' 'trunc_ln1027_11' <Predicate = (icmp_ln1027_19)> <Delay = 0.00>
ST_237 : Operation 1266 [1/1] (1.58ns) (grouped into DSP with root node add_ln186_38)   --->   "%sub_ln186_2 = sub i6 %trunc_ln1027_10, i6 %trunc_ln1027_11"   --->   Operation 1266 'sub' 'sub_ln186_2' <Predicate = (icmp_ln1027_19)> <Delay = 1.58> <CoreInst = "DSP48">   --->   Core 119 'DSP48' <Latency = 3> <II = 1> <Delay = 1.82> <IPBlock> <Opcode : 'mul' 'add' 'sub' 'select'> <InPorts = 0> <OutPorts = 1> <Sync> <CReg>
ST_237 : Operation 1267 [3/3] (0.98ns) (grouped into DSP with root node add_ln186_38)   --->   "%mul_ln186_4 = mul i6 %sub_ln186_2, i6 %mul_ln186"   --->   Operation 1267 'mul' 'mul_ln186_4' <Predicate = (icmp_ln1027_19)> <Delay = 0.98> <CoreInst = "DSP48">   --->   Core 119 'DSP48' <Latency = 3> <II = 1> <Delay = 1.82> <IPBlock> <Opcode : 'mul' 'add' 'sub' 'select'> <InPorts = 0> <OutPorts = 1> <Sync> <CReg>
ST_237 : Operation 1268 [1/1] (0.00ns)   --->   "%br_ln324 = br void %for.body434" [../../ip/ip2/channel_shuffle.cpp:324]   --->   Operation 1268 'br' 'br_ln324' <Predicate = (!icmp_ln1027_19)> <Delay = 0.00>

State 238 <SV = 38> <Delay = 0.98>
ST_238 : Operation 1269 [2/3] (0.98ns) (grouped into DSP with root node add_ln186_38)   --->   "%mul_ln186_4 = mul i6 %sub_ln186_2, i6 %mul_ln186"   --->   Operation 1269 'mul' 'mul_ln186_4' <Predicate = true> <Delay = 0.98> <CoreInst = "DSP48">   --->   Core 119 'DSP48' <Latency = 3> <II = 1> <Delay = 1.82> <IPBlock> <Opcode : 'mul' 'add' 'sub' 'select'> <InPorts = 0> <OutPorts = 1> <Sync> <CReg>

State 239 <SV = 39> <Delay = 1.76>
ST_239 : Operation 1270 [1/3] (0.00ns) (grouped into DSP with root node add_ln186_38)   --->   "%mul_ln186_4 = mul i6 %sub_ln186_2, i6 %mul_ln186"   --->   Operation 1270 'mul' 'mul_ln186_4' <Predicate = true> <Delay = 0.00> <CoreInst = "DSP48">   --->   Core 119 'DSP48' <Latency = 3> <II = 1> <Delay = 1.82> <IPBlock> <Opcode : 'mul' 'add' 'sub' 'select'> <InPorts = 0> <OutPorts = 1> <Sync> <CReg>
ST_239 : Operation 1271 [2/2] (1.76ns) (root node of the DSP)   --->   "%add_ln186_38 = add i6 %trunc_ln1027_3, i6 %mul_ln186_4"   --->   Operation 1271 'add' 'add_ln186_38' <Predicate = true> <Delay = 1.76> <CoreInst = "DSP48">   --->   Core 119 'DSP48' <Latency = 3> <II = 1> <Delay = 1.82> <IPBlock> <Opcode : 'mul' 'add' 'sub' 'select'> <InPorts = 0> <OutPorts = 1> <Sync> <CReg>

State 240 <SV = 40> <Delay = 5.81>
ST_240 : Operation 1272 [1/2] (1.76ns) (root node of the DSP)   --->   "%add_ln186_38 = add i6 %trunc_ln1027_3, i6 %mul_ln186_4"   --->   Operation 1272 'add' 'add_ln186_38' <Predicate = true> <Delay = 1.76> <CoreInst = "DSP48">   --->   Core 119 'DSP48' <Latency = 3> <II = 1> <Delay = 1.82> <IPBlock> <Opcode : 'mul' 'add' 'sub' 'select'> <InPorts = 0> <OutPorts = 1> <Sync> <CReg>
ST_240 : Operation 1273 [1/1] (1.28ns)   --->   "%buf_idx_V_11 = add i6 %add_ln186_38, i6 %trunc_ln1027_4"   --->   Operation 1273 'add' 'buf_idx_V_11' <Predicate = true> <Delay = 1.28> <CoreInst = "Adder">   --->   Core 1 'Adder' <Latency = 0> <II = 1> <Delay = 1.28> <FuncUnit> <Opcode : 'add' 'sub'> <InPorts = 2> <OutPorts = 1>
ST_240 : Operation 1274 [1/1] (0.00ns)   --->   "%ret_V_71 = bitconcatenate i10 @_ssdm_op_BitConcatenate.i10.i6.i4, i6 %buf_idx_V_11, i4 0"   --->   Operation 1274 'bitconcatenate' 'ret_V_71' <Predicate = true> <Delay = 0.00>
ST_240 : Operation 1275 [1/1] (0.00ns)   --->   "%zext_ln541_21 = zext i10 %ret_V_71"   --->   Operation 1275 'zext' 'zext_ln541_21' <Predicate = true> <Delay = 0.00>
ST_240 : Operation 1276 [1/1] (0.00ns)   --->   "%conv_branch_V_addr_9 = getelementptr i8 %conv_branch_V, i64 0, i64 %zext_ln541_21" [../../ip/ip2/channel_shuffle.cpp:330]   --->   Operation 1276 'getelementptr' 'conv_branch_V_addr_9' <Predicate = true> <Delay = 0.00>
ST_240 : Operation 1277 [2/2] (2.77ns)   --->   "%in_val_V = load i10 %conv_branch_V_addr_9" [../../ip/ip2/channel_shuffle.cpp:330]   --->   Operation 1277 'load' 'in_val_V' <Predicate = true> <Delay = 2.77> <CoreInst = "RAM_S2P_BRAM">   --->   Core 93 'RAM_S2P_BRAM' <Latency = 1> <II = 1> <Delay = 2.77> <Storage> <Opcode : 'load' 'store'> <Ports = 2> <Width = 8> <Depth = 1024> <RAM>

State 241 <SV = 41> <Delay = 2.77>
ST_241 : Operation 1278 [1/1] (0.00ns)   --->   "%specloopname_ln327 = specloopname void @_ssdm_op_SpecLoopName, void @empty_33" [../../ip/ip2/channel_shuffle.cpp:327]   --->   Operation 1278 'specloopname' 'specloopname_ln327' <Predicate = true> <Delay = 0.00>
ST_241 : Operation 1279 [1/2] (2.77ns)   --->   "%in_val_V = load i10 %conv_branch_V_addr_9" [../../ip/ip2/channel_shuffle.cpp:330]   --->   Operation 1279 'load' 'in_val_V' <Predicate = true> <Delay = 2.77> <CoreInst = "RAM_S2P_BRAM">   --->   Core 93 'RAM_S2P_BRAM' <Latency = 1> <II = 1> <Delay = 2.77> <Storage> <Opcode : 'load' 'store'> <Ports = 2> <Width = 8> <Depth = 1024> <RAM>
ST_241 : Operation 1280 [1/1] (0.00ns)   --->   "%zext_ln186_8 = zext i16 %cr_V_4"   --->   Operation 1280 'zext' 'zext_ln186_8' <Predicate = true> <Delay = 0.00>
ST_241 : Operation 1281 [1/1] (1.29ns)   --->   "%br_ln333 = br void %for.inc482" [../../ip/ip2/channel_shuffle.cpp:333]   --->   Operation 1281 'br' 'br_ln333' <Predicate = true> <Delay = 1.29>

State 242 <SV = 42> <Delay = 7.05>
ST_242 : Operation 1282 [1/1] (0.00ns)   --->   "%c_out_conv_V_3 = phi i32 %add_ln840_27, void %for.inc482.split, i32 %zext_ln186_6, void %VITIS_LOOP_333_22.split"   --->   Operation 1282 'phi' 'c_out_conv_V_3' <Predicate = true> <Delay = 0.00>
ST_242 : Operation 1283 [1/1] (0.00ns)   --->   "%trunc_ln1027_12 = trunc i32 %c_out_conv_V_3"   --->   Operation 1283 'trunc' 'trunc_ln1027_12' <Predicate = true> <Delay = 0.00>
ST_242 : Operation 1284 [1/1] (2.13ns)   --->   "%icmp_ln1027_22 = icmp_ult  i16 %trunc_ln1027_12, i16 %c_out_end_V_1"   --->   Operation 1284 'icmp' 'icmp_ln1027_22' <Predicate = true> <Delay = 2.13> <CoreInst = "Cmp">   --->   Core 9 'Cmp' <Latency = 0> <II = 1> <Delay = 2.13> <FuncUnit> <Opcode : 'icmp'> <InPorts = 2> <OutPorts = 1>
ST_242 : Operation 1285 [1/1] (0.00ns)   --->   "%br_ln333 = br i1 %icmp_ln1027_22, void %for.inc485.loopexit, void %for.inc482.split" [../../ip/ip2/channel_shuffle.cpp:333]   --->   Operation 1285 'br' 'br_ln333' <Predicate = true> <Delay = 0.00>
ST_242 : Operation 1286 [1/1] (7.05ns)   --->   "%ret_V_85 = mul i32 %c_out_conv_V_3, i32 %rhs_V_14"   --->   Operation 1286 'mul' 'ret_V_85' <Predicate = (icmp_ln1027_22)> <Delay = 7.05> <CoreInst = "Multiplier">   --->   Core 3 'Multiplier' <Latency = 0> <II = 1> <Delay = 7.05> <FuncUnit> <Opcode : 'mul'> <InPorts = 2> <OutPorts = 1>
ST_242 : Operation 1287 [1/1] (7.05ns)   --->   "%mul_ln1495_4 = mul i32 %c_out_conv_V_3, i32 %ret_V_11"   --->   Operation 1287 'mul' 'mul_ln1495_4' <Predicate = (icmp_ln1027_22)> <Delay = 7.05> <CoreInst = "Multiplier">   --->   Core 3 'Multiplier' <Latency = 0> <II = 1> <Delay = 7.05> <FuncUnit> <Opcode : 'mul'> <InPorts = 2> <OutPorts = 1>
ST_242 : Operation 1288 [1/1] (1.89ns)   --->   "%add_ln840_27 = add i32 %c_out_conv_V_3, i32 1"   --->   Operation 1288 'add' 'add_ln840_27' <Predicate = (icmp_ln1027_22)> <Delay = 1.89> <CoreInst = "Adder">   --->   Core 1 'Adder' <Latency = 0> <II = 1> <Delay = 1.89> <FuncUnit> <Opcode : 'add' 'sub'> <InPorts = 2> <OutPorts = 1>
ST_242 : Operation 1289 [1/1] (1.54ns)   --->   "%cr_V_8 = add i16 %cr_V_4, i16 1"   --->   Operation 1289 'add' 'cr_V_8' <Predicate = (!icmp_ln1027_22)> <Delay = 1.54> <CoreInst = "Adder">   --->   Core 1 'Adder' <Latency = 0> <II = 1> <Delay = 1.54> <FuncUnit> <Opcode : 'add' 'sub'> <InPorts = 2> <OutPorts = 1>
ST_242 : Operation 1290 [1/1] (0.00ns)   --->   "%br_ln327 = br void %VITIS_LOOP_333_22" [../../ip/ip2/channel_shuffle.cpp:327]   --->   Operation 1290 'br' 'br_ln327' <Predicate = (!icmp_ln1027_22)> <Delay = 0.00>

State 243 <SV = 43> <Delay = 4.58>
ST_243 : Operation 1291 [1/1] (1.89ns)   --->   "%kernel_idx_V = add i32 %ret_V_85, i32 %zext_ln186_8"   --->   Operation 1291 'add' 'kernel_idx_V' <Predicate = true> <Delay = 1.89> <CoreInst = "Adder">   --->   Core 1 'Adder' <Latency = 0> <II = 1> <Delay = 1.89> <FuncUnit> <Opcode : 'add' 'sub'> <InPorts = 2> <OutPorts = 1>
ST_243 : Operation 1292 [1/1] (1.89ns)   --->   "%out_idx_V_2 = add i32 %mul_ln1495_4, i32 %add_ln1495"   --->   Operation 1292 'add' 'out_idx_V_2' <Predicate = true> <Delay = 1.89> <CoreInst = "Adder">   --->   Core 1 'Adder' <Latency = 0> <II = 1> <Delay = 1.89> <FuncUnit> <Opcode : 'add' 'sub'> <InPorts = 2> <OutPorts = 1>
ST_243 : Operation 1293 [1/1] (0.00ns)   --->   "%zext_ln541_26 = zext i32 %kernel_idx_V"   --->   Operation 1293 'zext' 'zext_ln541_26' <Predicate = true> <Delay = 0.00>
ST_243 : Operation 1294 [1/1] (2.69ns)   --->   "%add_ln186_37 = add i64 %zext_ln541_26, i64 %conv2_kernel_read"   --->   Operation 1294 'add' 'add_ln186_37' <Predicate = true> <Delay = 2.69> <CoreInst = "Adder">   --->   Core 1 'Adder' <Latency = 0> <II = 1> <Delay = 2.69> <FuncUnit> <Opcode : 'add' 'sub'> <InPorts = 2> <OutPorts = 1>
ST_243 : Operation 1295 [1/1] (0.00ns)   --->   "%gmem_weights3_addr = getelementptr i8 %gmem_weights3, i64 %add_ln186_37"   --->   Operation 1295 'getelementptr' 'gmem_weights3_addr' <Predicate = true> <Delay = 0.00>
ST_243 : Operation 1296 [1/1] (0.00ns)   --->   "%zext_ln541_27 = zext i32 %out_idx_V_2"   --->   Operation 1296 'zext' 'zext_ln541_27' <Predicate = true> <Delay = 0.00>
ST_243 : Operation 1297 [1/1] (2.69ns)   --->   "%add_ln840_25 = add i64 %zext_ln541_27, i64 %out_r_read"   --->   Operation 1297 'add' 'add_ln840_25' <Predicate = true> <Delay = 2.69> <CoreInst = "Adder">   --->   Core 1 'Adder' <Latency = 0> <II = 1> <Delay = 2.69> <FuncUnit> <Opcode : 'add' 'sub'> <InPorts = 2> <OutPorts = 1>
ST_243 : Operation 1298 [1/1] (0.00ns)   --->   "%gmem_out_addr_5 = getelementptr i8 %gmem_out, i64 %add_ln840_25"   --->   Operation 1298 'getelementptr' 'gmem_out_addr_5' <Predicate = true> <Delay = 0.00>

State 244 <SV = 44> <Delay = 7.30>
ST_244 : Operation 1299 [7/7] (7.30ns)   --->   "%gmem_weights3_load_req = readreq i1 @_ssdm_op_ReadReq.m_axi.i8P1A, i8 %gmem_weights3_addr, i32 1"   --->   Operation 1299 'readreq' 'gmem_weights3_load_req' <Predicate = true> <Delay = 7.30> <CoreInst = "m_axi">   --->   Core 113 'm_axi' <Latency = 0> <II = 1> <Delay = 1.00> <Adapter> <Opcode : 'read' 'write' 'readreq' 'writereq' 'writeresp'>
ST_244 : Operation 1300 [7/7] (7.30ns)   --->   "%gmem_out_load_2_req = readreq i1 @_ssdm_op_ReadReq.m_axi.i8P1A, i8 %gmem_out_addr_5, i32 1"   --->   Operation 1300 'readreq' 'gmem_out_load_2_req' <Predicate = true> <Delay = 7.30> <CoreInst = "m_axi">   --->   Core 113 'm_axi' <Latency = 0> <II = 1> <Delay = 1.00> <Adapter> <Opcode : 'read' 'write' 'readreq' 'writereq' 'writeresp'>

State 245 <SV = 45> <Delay = 7.30>
ST_245 : Operation 1301 [6/7] (7.30ns)   --->   "%gmem_weights3_load_req = readreq i1 @_ssdm_op_ReadReq.m_axi.i8P1A, i8 %gmem_weights3_addr, i32 1"   --->   Operation 1301 'readreq' 'gmem_weights3_load_req' <Predicate = true> <Delay = 7.30> <CoreInst = "m_axi">   --->   Core 113 'm_axi' <Latency = 0> <II = 1> <Delay = 1.00> <Adapter> <Opcode : 'read' 'write' 'readreq' 'writereq' 'writeresp'>
ST_245 : Operation 1302 [6/7] (7.30ns)   --->   "%gmem_out_load_2_req = readreq i1 @_ssdm_op_ReadReq.m_axi.i8P1A, i8 %gmem_out_addr_5, i32 1"   --->   Operation 1302 'readreq' 'gmem_out_load_2_req' <Predicate = true> <Delay = 7.30> <CoreInst = "m_axi">   --->   Core 113 'm_axi' <Latency = 0> <II = 1> <Delay = 1.00> <Adapter> <Opcode : 'read' 'write' 'readreq' 'writereq' 'writeresp'>

State 246 <SV = 46> <Delay = 7.30>
ST_246 : Operation 1303 [5/7] (7.30ns)   --->   "%gmem_weights3_load_req = readreq i1 @_ssdm_op_ReadReq.m_axi.i8P1A, i8 %gmem_weights3_addr, i32 1"   --->   Operation 1303 'readreq' 'gmem_weights3_load_req' <Predicate = true> <Delay = 7.30> <CoreInst = "m_axi">   --->   Core 113 'm_axi' <Latency = 0> <II = 1> <Delay = 1.00> <Adapter> <Opcode : 'read' 'write' 'readreq' 'writereq' 'writeresp'>
ST_246 : Operation 1304 [5/7] (7.30ns)   --->   "%gmem_out_load_2_req = readreq i1 @_ssdm_op_ReadReq.m_axi.i8P1A, i8 %gmem_out_addr_5, i32 1"   --->   Operation 1304 'readreq' 'gmem_out_load_2_req' <Predicate = true> <Delay = 7.30> <CoreInst = "m_axi">   --->   Core 113 'm_axi' <Latency = 0> <II = 1> <Delay = 1.00> <Adapter> <Opcode : 'read' 'write' 'readreq' 'writereq' 'writeresp'>

State 247 <SV = 47> <Delay = 7.30>
ST_247 : Operation 1305 [4/7] (7.30ns)   --->   "%gmem_weights3_load_req = readreq i1 @_ssdm_op_ReadReq.m_axi.i8P1A, i8 %gmem_weights3_addr, i32 1"   --->   Operation 1305 'readreq' 'gmem_weights3_load_req' <Predicate = true> <Delay = 7.30> <CoreInst = "m_axi">   --->   Core 113 'm_axi' <Latency = 0> <II = 1> <Delay = 1.00> <Adapter> <Opcode : 'read' 'write' 'readreq' 'writereq' 'writeresp'>
ST_247 : Operation 1306 [4/7] (7.30ns)   --->   "%gmem_out_load_2_req = readreq i1 @_ssdm_op_ReadReq.m_axi.i8P1A, i8 %gmem_out_addr_5, i32 1"   --->   Operation 1306 'readreq' 'gmem_out_load_2_req' <Predicate = true> <Delay = 7.30> <CoreInst = "m_axi">   --->   Core 113 'm_axi' <Latency = 0> <II = 1> <Delay = 1.00> <Adapter> <Opcode : 'read' 'write' 'readreq' 'writereq' 'writeresp'>

State 248 <SV = 48> <Delay = 7.30>
ST_248 : Operation 1307 [3/7] (7.30ns)   --->   "%gmem_weights3_load_req = readreq i1 @_ssdm_op_ReadReq.m_axi.i8P1A, i8 %gmem_weights3_addr, i32 1"   --->   Operation 1307 'readreq' 'gmem_weights3_load_req' <Predicate = true> <Delay = 7.30> <CoreInst = "m_axi">   --->   Core 113 'm_axi' <Latency = 0> <II = 1> <Delay = 1.00> <Adapter> <Opcode : 'read' 'write' 'readreq' 'writereq' 'writeresp'>
ST_248 : Operation 1308 [3/7] (7.30ns)   --->   "%gmem_out_load_2_req = readreq i1 @_ssdm_op_ReadReq.m_axi.i8P1A, i8 %gmem_out_addr_5, i32 1"   --->   Operation 1308 'readreq' 'gmem_out_load_2_req' <Predicate = true> <Delay = 7.30> <CoreInst = "m_axi">   --->   Core 113 'm_axi' <Latency = 0> <II = 1> <Delay = 1.00> <Adapter> <Opcode : 'read' 'write' 'readreq' 'writereq' 'writeresp'>

State 249 <SV = 49> <Delay = 7.30>
ST_249 : Operation 1309 [2/7] (7.30ns)   --->   "%gmem_weights3_load_req = readreq i1 @_ssdm_op_ReadReq.m_axi.i8P1A, i8 %gmem_weights3_addr, i32 1"   --->   Operation 1309 'readreq' 'gmem_weights3_load_req' <Predicate = true> <Delay = 7.30> <CoreInst = "m_axi">   --->   Core 113 'm_axi' <Latency = 0> <II = 1> <Delay = 1.00> <Adapter> <Opcode : 'read' 'write' 'readreq' 'writereq' 'writeresp'>
ST_249 : Operation 1310 [2/7] (7.30ns)   --->   "%gmem_out_load_2_req = readreq i1 @_ssdm_op_ReadReq.m_axi.i8P1A, i8 %gmem_out_addr_5, i32 1"   --->   Operation 1310 'readreq' 'gmem_out_load_2_req' <Predicate = true> <Delay = 7.30> <CoreInst = "m_axi">   --->   Core 113 'm_axi' <Latency = 0> <II = 1> <Delay = 1.00> <Adapter> <Opcode : 'read' 'write' 'readreq' 'writereq' 'writeresp'>

State 250 <SV = 50> <Delay = 7.30>
ST_250 : Operation 1311 [1/7] (7.30ns)   --->   "%gmem_weights3_load_req = readreq i1 @_ssdm_op_ReadReq.m_axi.i8P1A, i8 %gmem_weights3_addr, i32 1"   --->   Operation 1311 'readreq' 'gmem_weights3_load_req' <Predicate = true> <Delay = 7.30> <CoreInst = "m_axi">   --->   Core 113 'm_axi' <Latency = 0> <II = 1> <Delay = 1.00> <Adapter> <Opcode : 'read' 'write' 'readreq' 'writereq' 'writeresp'>
ST_250 : Operation 1312 [1/7] (7.30ns)   --->   "%gmem_out_load_2_req = readreq i1 @_ssdm_op_ReadReq.m_axi.i8P1A, i8 %gmem_out_addr_5, i32 1"   --->   Operation 1312 'readreq' 'gmem_out_load_2_req' <Predicate = true> <Delay = 7.30> <CoreInst = "m_axi">   --->   Core 113 'm_axi' <Latency = 0> <II = 1> <Delay = 1.00> <Adapter> <Opcode : 'read' 'write' 'readreq' 'writereq' 'writeresp'>

State 251 <SV = 51> <Delay = 7.30>
ST_251 : Operation 1313 [1/1] (7.30ns)   --->   "%gmem_weights3_addr_read = read i8 @_ssdm_op_Read.m_axi.i8P1A, i8 %gmem_weights3_addr"   --->   Operation 1313 'read' 'gmem_weights3_addr_read' <Predicate = true> <Delay = 7.30> <CoreInst = "m_axi">   --->   Core 113 'm_axi' <Latency = 0> <II = 1> <Delay = 1.00> <Adapter> <Opcode : 'read' 'write' 'readreq' 'writereq' 'writeresp'>
ST_251 : Operation 1314 [1/1] (7.30ns)   --->   "%gmem_out_addr_5_read = read i8 @_ssdm_op_Read.m_axi.i8P1A, i8 %gmem_out_addr_5"   --->   Operation 1314 'read' 'gmem_out_addr_5_read' <Predicate = true> <Delay = 7.30> <CoreInst = "m_axi">   --->   Core 113 'm_axi' <Latency = 0> <II = 1> <Delay = 1.00> <Adapter> <Opcode : 'read' 'write' 'readreq' 'writereq' 'writeresp'>

State 252 <SV = 52> <Delay = 7.30>
ST_252 : Operation 1315 [3/3] (0.98ns) (grouped into DSP with root node add_ln840_26)   --->   "%mul_ln840 = mul i8 %gmem_weights3_addr_read, i8 %in_val_V"   --->   Operation 1315 'mul' 'mul_ln840' <Predicate = true> <Delay = 0.98> <CoreInst = "DSP48">   --->   Core 119 'DSP48' <Latency = 3> <II = 1> <Delay = 1.82> <IPBlock> <Opcode : 'mul' 'add' 'sub' 'select'> <InPorts = 0> <OutPorts = 1> <Sync> <CReg>
ST_252 : Operation 1316 [1/1] (7.30ns)   --->   "%gmem_out_addr_6_req = writereq i1 @_ssdm_op_WriteReq.m_axi.i8P1A, i8 %gmem_out_addr_5, i32 1"   --->   Operation 1316 'writereq' 'gmem_out_addr_6_req' <Predicate = true> <Delay = 7.30> <CoreInst = "m_axi">   --->   Core 113 'm_axi' <Latency = 0> <II = 1> <Delay = 1.00> <Adapter> <Opcode : 'read' 'write' 'readreq' 'writereq' 'writeresp'>

State 253 <SV = 53> <Delay = 0.98>
ST_253 : Operation 1317 [2/3] (0.98ns) (grouped into DSP with root node add_ln840_26)   --->   "%mul_ln840 = mul i8 %gmem_weights3_addr_read, i8 %in_val_V"   --->   Operation 1317 'mul' 'mul_ln840' <Predicate = true> <Delay = 0.98> <CoreInst = "DSP48">   --->   Core 119 'DSP48' <Latency = 3> <II = 1> <Delay = 1.82> <IPBlock> <Opcode : 'mul' 'add' 'sub' 'select'> <InPorts = 0> <OutPorts = 1> <Sync> <CReg>

State 254 <SV = 54> <Delay = 1.76>
ST_254 : Operation 1318 [1/3] (0.00ns) (grouped into DSP with root node add_ln840_26)   --->   "%mul_ln840 = mul i8 %gmem_weights3_addr_read, i8 %in_val_V"   --->   Operation 1318 'mul' 'mul_ln840' <Predicate = true> <Delay = 0.00> <CoreInst = "DSP48">   --->   Core 119 'DSP48' <Latency = 3> <II = 1> <Delay = 1.82> <IPBlock> <Opcode : 'mul' 'add' 'sub' 'select'> <InPorts = 0> <OutPorts = 1> <Sync> <CReg>
ST_254 : Operation 1319 [2/2] (1.76ns) (root node of the DSP)   --->   "%add_ln840_26 = add i8 %gmem_out_addr_5_read, i8 %mul_ln840"   --->   Operation 1319 'add' 'add_ln840_26' <Predicate = true> <Delay = 1.76> <CoreInst = "DSP48">   --->   Core 119 'DSP48' <Latency = 3> <II = 1> <Delay = 1.82> <IPBlock> <Opcode : 'mul' 'add' 'sub' 'select'> <InPorts = 0> <OutPorts = 1> <Sync> <CReg>

State 255 <SV = 55> <Delay = 1.76>
ST_255 : Operation 1320 [1/2] (1.76ns) (root node of the DSP)   --->   "%add_ln840_26 = add i8 %gmem_out_addr_5_read, i8 %mul_ln840"   --->   Operation 1320 'add' 'add_ln840_26' <Predicate = true> <Delay = 1.76> <CoreInst = "DSP48">   --->   Core 119 'DSP48' <Latency = 3> <II = 1> <Delay = 1.82> <IPBlock> <Opcode : 'mul' 'add' 'sub' 'select'> <InPorts = 0> <OutPorts = 1> <Sync> <CReg>

State 256 <SV = 56> <Delay = 7.30>
ST_256 : Operation 1321 [1/1] (7.30ns)   --->   "%write_ln840 = write void @_ssdm_op_Write.m_axi.i8P1A, i8 %gmem_out_addr_5, i8 %add_ln840_26, i1 1"   --->   Operation 1321 'write' 'write_ln840' <Predicate = true> <Delay = 7.30> <CoreInst = "m_axi">   --->   Core 113 'm_axi' <Latency = 0> <II = 1> <Delay = 1.00> <Adapter> <Opcode : 'read' 'write' 'readreq' 'writereq' 'writeresp'>

State 257 <SV = 57> <Delay = 7.30>
ST_257 : Operation 1322 [5/5] (7.30ns)   --->   "%gmem_out_addr_6_resp = writeresp i1 @_ssdm_op_WriteResp.m_axi.i8P1A, i8 %gmem_out_addr_5"   --->   Operation 1322 'writeresp' 'gmem_out_addr_6_resp' <Predicate = true> <Delay = 7.30> <CoreInst = "m_axi">   --->   Core 113 'm_axi' <Latency = 0> <II = 1> <Delay = 1.00> <Adapter> <Opcode : 'read' 'write' 'readreq' 'writereq' 'writeresp'>

State 258 <SV = 58> <Delay = 7.30>
ST_258 : Operation 1323 [4/5] (7.30ns)   --->   "%gmem_out_addr_6_resp = writeresp i1 @_ssdm_op_WriteResp.m_axi.i8P1A, i8 %gmem_out_addr_5"   --->   Operation 1323 'writeresp' 'gmem_out_addr_6_resp' <Predicate = true> <Delay = 7.30> <CoreInst = "m_axi">   --->   Core 113 'm_axi' <Latency = 0> <II = 1> <Delay = 1.00> <Adapter> <Opcode : 'read' 'write' 'readreq' 'writereq' 'writeresp'>

State 259 <SV = 59> <Delay = 7.30>
ST_259 : Operation 1324 [3/5] (7.30ns)   --->   "%gmem_out_addr_6_resp = writeresp i1 @_ssdm_op_WriteResp.m_axi.i8P1A, i8 %gmem_out_addr_5"   --->   Operation 1324 'writeresp' 'gmem_out_addr_6_resp' <Predicate = true> <Delay = 7.30> <CoreInst = "m_axi">   --->   Core 113 'm_axi' <Latency = 0> <II = 1> <Delay = 1.00> <Adapter> <Opcode : 'read' 'write' 'readreq' 'writereq' 'writeresp'>

State 260 <SV = 60> <Delay = 7.30>
ST_260 : Operation 1325 [2/5] (7.30ns)   --->   "%gmem_out_addr_6_resp = writeresp i1 @_ssdm_op_WriteResp.m_axi.i8P1A, i8 %gmem_out_addr_5"   --->   Operation 1325 'writeresp' 'gmem_out_addr_6_resp' <Predicate = true> <Delay = 7.30> <CoreInst = "m_axi">   --->   Core 113 'm_axi' <Latency = 0> <II = 1> <Delay = 1.00> <Adapter> <Opcode : 'read' 'write' 'readreq' 'writereq' 'writeresp'>

State 261 <SV = 61> <Delay = 7.30>
ST_261 : Operation 1326 [1/1] (0.00ns)   --->   "%specloopname_ln333 = specloopname void @_ssdm_op_SpecLoopName, void @empty_32" [../../ip/ip2/channel_shuffle.cpp:333]   --->   Operation 1326 'specloopname' 'specloopname_ln333' <Predicate = true> <Delay = 0.00>
ST_261 : Operation 1327 [1/5] (7.30ns)   --->   "%gmem_out_addr_6_resp = writeresp i1 @_ssdm_op_WriteResp.m_axi.i8P1A, i8 %gmem_out_addr_5"   --->   Operation 1327 'writeresp' 'gmem_out_addr_6_resp' <Predicate = true> <Delay = 7.30> <CoreInst = "m_axi">   --->   Core 113 'm_axi' <Latency = 0> <II = 1> <Delay = 1.00> <Adapter> <Opcode : 'read' 'write' 'readreq' 'writereq' 'writeresp'>
ST_261 : Operation 1328 [1/1] (0.00ns)   --->   "%br_ln333 = br void %for.inc482" [../../ip/ip2/channel_shuffle.cpp:333]   --->   Operation 1328 'br' 'br_ln333' <Predicate = true> <Delay = 0.00>

State 262 <SV = 37> <Delay = 7.05>
ST_262 : Operation 1329 [1/1] (0.00ns)   --->   "%c_out_conv_V_4 = phi i32 %add_ln840_21, void %for.inc517.split, i32 %zext_ln186_6, void %for.inc517.preheader"   --->   Operation 1329 'phi' 'c_out_conv_V_4' <Predicate = true> <Delay = 0.00>
ST_262 : Operation 1330 [1/1] (0.00ns)   --->   "%trunc_ln1027_9 = trunc i32 %c_out_conv_V_4"   --->   Operation 1330 'trunc' 'trunc_ln1027_9' <Predicate = true> <Delay = 0.00>
ST_262 : Operation 1331 [1/1] (2.13ns)   --->   "%icmp_ln1027_20 = icmp_ult  i16 %trunc_ln1027_9, i16 %c_out_end_V_1"   --->   Operation 1331 'icmp' 'icmp_ln1027_20' <Predicate = true> <Delay = 2.13> <CoreInst = "Cmp">   --->   Core 9 'Cmp' <Latency = 0> <II = 1> <Delay = 2.13> <FuncUnit> <Opcode : 'icmp'> <InPorts = 2> <OutPorts = 1>
ST_262 : Operation 1332 [1/1] (0.00ns)   --->   "%br_ln342 = br i1 %icmp_ln1027_20, void %for.inc520.loopexit, void %for.inc517.split" [../../ip/ip2/channel_shuffle.cpp:342]   --->   Operation 1332 'br' 'br_ln342' <Predicate = true> <Delay = 0.00>
ST_262 : Operation 1333 [1/1] (7.05ns)   --->   "%mul_ln1495_2 = mul i32 %c_out_conv_V_4, i32 %ret_V_11"   --->   Operation 1333 'mul' 'mul_ln1495_2' <Predicate = (icmp_ln1027_20)> <Delay = 7.05> <CoreInst = "Multiplier">   --->   Core 3 'Multiplier' <Latency = 0> <II = 1> <Delay = 7.05> <FuncUnit> <Opcode : 'mul'> <InPorts = 2> <OutPorts = 1>
ST_262 : Operation 1334 [21/21] (3.18ns)   --->   "%rhs_1 = udiv i17 65536, i17 %zext_ln309"   --->   Operation 1334 'udiv' 'rhs_1' <Predicate = (icmp_ln1027_20)> <Delay = 3.18> <CoreInst = "Divider">   --->   Core 6 'Divider' <Latency = 20> <II = 1> <Delay = 3.18> <FuncUnit> <Opcode : 'sdiv' 'srem' 'udiv' 'urem'> <InPorts = 2> <OutPorts = 1>
ST_262 : Operation 1335 [1/1] (1.89ns)   --->   "%add_ln840_21 = add i32 %c_out_conv_V_4, i32 1"   --->   Operation 1335 'add' 'add_ln840_21' <Predicate = (icmp_ln1027_20)> <Delay = 1.89> <CoreInst = "Adder">   --->   Core 1 'Adder' <Latency = 0> <II = 1> <Delay = 1.89> <FuncUnit> <Opcode : 'add' 'sub'> <InPorts = 2> <OutPorts = 1>
ST_262 : Operation 1336 [1/1] (0.00ns)   --->   "%br_ln314 = br void %for.body403" [../../ip/ip2/channel_shuffle.cpp:314]   --->   Operation 1336 'br' 'br_ln314' <Predicate = (!icmp_ln1027_20)> <Delay = 0.00>

State 263 <SV = 38> <Delay = 4.58>
ST_263 : Operation 1337 [1/1] (1.89ns)   --->   "%out_idx_V_1 = add i32 %mul_ln1495_2, i32 %add_ln1495"   --->   Operation 1337 'add' 'out_idx_V_1' <Predicate = true> <Delay = 1.89> <CoreInst = "Adder">   --->   Core 1 'Adder' <Latency = 0> <II = 1> <Delay = 1.89> <FuncUnit> <Opcode : 'add' 'sub'> <InPorts = 2> <OutPorts = 1>
ST_263 : Operation 1338 [1/1] (0.00ns)   --->   "%zext_ln541_22 = zext i32 %out_idx_V_1"   --->   Operation 1338 'zext' 'zext_ln541_22' <Predicate = true> <Delay = 0.00>
ST_263 : Operation 1339 [1/1] (2.69ns)   --->   "%add_ln1669 = add i64 %zext_ln541_22, i64 %out_r_read"   --->   Operation 1339 'add' 'add_ln1669' <Predicate = true> <Delay = 2.69> <CoreInst = "Adder">   --->   Core 1 'Adder' <Latency = 0> <II = 1> <Delay = 2.69> <FuncUnit> <Opcode : 'add' 'sub'> <InPorts = 2> <OutPorts = 1>
ST_263 : Operation 1340 [1/1] (0.00ns)   --->   "%gmem_out_addr_3 = getelementptr i8 %gmem_out, i64 %add_ln1669"   --->   Operation 1340 'getelementptr' 'gmem_out_addr_3' <Predicate = true> <Delay = 0.00>
ST_263 : Operation 1341 [20/21] (3.18ns)   --->   "%rhs_1 = udiv i17 65536, i17 %zext_ln309"   --->   Operation 1341 'udiv' 'rhs_1' <Predicate = true> <Delay = 3.18> <CoreInst = "Divider">   --->   Core 6 'Divider' <Latency = 20> <II = 1> <Delay = 3.18> <FuncUnit> <Opcode : 'sdiv' 'srem' 'udiv' 'urem'> <InPorts = 2> <OutPorts = 1>

State 264 <SV = 39> <Delay = 7.30>
ST_264 : Operation 1342 [7/7] (7.30ns)   --->   "%gmem_out_load_1_req = readreq i1 @_ssdm_op_ReadReq.m_axi.i8P1A, i8 %gmem_out_addr_3, i32 1"   --->   Operation 1342 'readreq' 'gmem_out_load_1_req' <Predicate = true> <Delay = 7.30> <CoreInst = "m_axi">   --->   Core 113 'm_axi' <Latency = 0> <II = 1> <Delay = 1.00> <Adapter> <Opcode : 'read' 'write' 'readreq' 'writereq' 'writeresp'>
ST_264 : Operation 1343 [19/21] (3.18ns)   --->   "%rhs_1 = udiv i17 65536, i17 %zext_ln309"   --->   Operation 1343 'udiv' 'rhs_1' <Predicate = true> <Delay = 3.18> <CoreInst = "Divider">   --->   Core 6 'Divider' <Latency = 20> <II = 1> <Delay = 3.18> <FuncUnit> <Opcode : 'sdiv' 'srem' 'udiv' 'urem'> <InPorts = 2> <OutPorts = 1>

State 265 <SV = 40> <Delay = 7.30>
ST_265 : Operation 1344 [6/7] (7.30ns)   --->   "%gmem_out_load_1_req = readreq i1 @_ssdm_op_ReadReq.m_axi.i8P1A, i8 %gmem_out_addr_3, i32 1"   --->   Operation 1344 'readreq' 'gmem_out_load_1_req' <Predicate = true> <Delay = 7.30> <CoreInst = "m_axi">   --->   Core 113 'm_axi' <Latency = 0> <II = 1> <Delay = 1.00> <Adapter> <Opcode : 'read' 'write' 'readreq' 'writereq' 'writeresp'>
ST_265 : Operation 1345 [18/21] (3.18ns)   --->   "%rhs_1 = udiv i17 65536, i17 %zext_ln309"   --->   Operation 1345 'udiv' 'rhs_1' <Predicate = true> <Delay = 3.18> <CoreInst = "Divider">   --->   Core 6 'Divider' <Latency = 20> <II = 1> <Delay = 3.18> <FuncUnit> <Opcode : 'sdiv' 'srem' 'udiv' 'urem'> <InPorts = 2> <OutPorts = 1>

State 266 <SV = 41> <Delay = 7.30>
ST_266 : Operation 1346 [5/7] (7.30ns)   --->   "%gmem_out_load_1_req = readreq i1 @_ssdm_op_ReadReq.m_axi.i8P1A, i8 %gmem_out_addr_3, i32 1"   --->   Operation 1346 'readreq' 'gmem_out_load_1_req' <Predicate = true> <Delay = 7.30> <CoreInst = "m_axi">   --->   Core 113 'm_axi' <Latency = 0> <II = 1> <Delay = 1.00> <Adapter> <Opcode : 'read' 'write' 'readreq' 'writereq' 'writeresp'>
ST_266 : Operation 1347 [17/21] (3.18ns)   --->   "%rhs_1 = udiv i17 65536, i17 %zext_ln309"   --->   Operation 1347 'udiv' 'rhs_1' <Predicate = true> <Delay = 3.18> <CoreInst = "Divider">   --->   Core 6 'Divider' <Latency = 20> <II = 1> <Delay = 3.18> <FuncUnit> <Opcode : 'sdiv' 'srem' 'udiv' 'urem'> <InPorts = 2> <OutPorts = 1>

State 267 <SV = 42> <Delay = 7.30>
ST_267 : Operation 1348 [4/7] (7.30ns)   --->   "%gmem_out_load_1_req = readreq i1 @_ssdm_op_ReadReq.m_axi.i8P1A, i8 %gmem_out_addr_3, i32 1"   --->   Operation 1348 'readreq' 'gmem_out_load_1_req' <Predicate = true> <Delay = 7.30> <CoreInst = "m_axi">   --->   Core 113 'm_axi' <Latency = 0> <II = 1> <Delay = 1.00> <Adapter> <Opcode : 'read' 'write' 'readreq' 'writereq' 'writeresp'>
ST_267 : Operation 1349 [16/21] (3.18ns)   --->   "%rhs_1 = udiv i17 65536, i17 %zext_ln309"   --->   Operation 1349 'udiv' 'rhs_1' <Predicate = true> <Delay = 3.18> <CoreInst = "Divider">   --->   Core 6 'Divider' <Latency = 20> <II = 1> <Delay = 3.18> <FuncUnit> <Opcode : 'sdiv' 'srem' 'udiv' 'urem'> <InPorts = 2> <OutPorts = 1>

State 268 <SV = 43> <Delay = 7.30>
ST_268 : Operation 1350 [3/7] (7.30ns)   --->   "%gmem_out_load_1_req = readreq i1 @_ssdm_op_ReadReq.m_axi.i8P1A, i8 %gmem_out_addr_3, i32 1"   --->   Operation 1350 'readreq' 'gmem_out_load_1_req' <Predicate = true> <Delay = 7.30> <CoreInst = "m_axi">   --->   Core 113 'm_axi' <Latency = 0> <II = 1> <Delay = 1.00> <Adapter> <Opcode : 'read' 'write' 'readreq' 'writereq' 'writeresp'>
ST_268 : Operation 1351 [15/21] (3.18ns)   --->   "%rhs_1 = udiv i17 65536, i17 %zext_ln309"   --->   Operation 1351 'udiv' 'rhs_1' <Predicate = true> <Delay = 3.18> <CoreInst = "Divider">   --->   Core 6 'Divider' <Latency = 20> <II = 1> <Delay = 3.18> <FuncUnit> <Opcode : 'sdiv' 'srem' 'udiv' 'urem'> <InPorts = 2> <OutPorts = 1>

State 269 <SV = 44> <Delay = 7.30>
ST_269 : Operation 1352 [2/7] (7.30ns)   --->   "%gmem_out_load_1_req = readreq i1 @_ssdm_op_ReadReq.m_axi.i8P1A, i8 %gmem_out_addr_3, i32 1"   --->   Operation 1352 'readreq' 'gmem_out_load_1_req' <Predicate = true> <Delay = 7.30> <CoreInst = "m_axi">   --->   Core 113 'm_axi' <Latency = 0> <II = 1> <Delay = 1.00> <Adapter> <Opcode : 'read' 'write' 'readreq' 'writereq' 'writeresp'>
ST_269 : Operation 1353 [14/21] (3.18ns)   --->   "%rhs_1 = udiv i17 65536, i17 %zext_ln309"   --->   Operation 1353 'udiv' 'rhs_1' <Predicate = true> <Delay = 3.18> <CoreInst = "Divider">   --->   Core 6 'Divider' <Latency = 20> <II = 1> <Delay = 3.18> <FuncUnit> <Opcode : 'sdiv' 'srem' 'udiv' 'urem'> <InPorts = 2> <OutPorts = 1>

State 270 <SV = 45> <Delay = 7.30>
ST_270 : Operation 1354 [1/7] (7.30ns)   --->   "%gmem_out_load_1_req = readreq i1 @_ssdm_op_ReadReq.m_axi.i8P1A, i8 %gmem_out_addr_3, i32 1"   --->   Operation 1354 'readreq' 'gmem_out_load_1_req' <Predicate = true> <Delay = 7.30> <CoreInst = "m_axi">   --->   Core 113 'm_axi' <Latency = 0> <II = 1> <Delay = 1.00> <Adapter> <Opcode : 'read' 'write' 'readreq' 'writereq' 'writeresp'>
ST_270 : Operation 1355 [13/21] (3.18ns)   --->   "%rhs_1 = udiv i17 65536, i17 %zext_ln309"   --->   Operation 1355 'udiv' 'rhs_1' <Predicate = true> <Delay = 3.18> <CoreInst = "Divider">   --->   Core 6 'Divider' <Latency = 20> <II = 1> <Delay = 3.18> <FuncUnit> <Opcode : 'sdiv' 'srem' 'udiv' 'urem'> <InPorts = 2> <OutPorts = 1>

State 271 <SV = 46> <Delay = 7.30>
ST_271 : Operation 1356 [1/1] (7.30ns)   --->   "%gmem_out_addr_3_read = read i8 @_ssdm_op_Read.m_axi.i8P1A, i8 %gmem_out_addr_3"   --->   Operation 1356 'read' 'gmem_out_addr_3_read' <Predicate = true> <Delay = 7.30> <CoreInst = "m_axi">   --->   Core 113 'm_axi' <Latency = 0> <II = 1> <Delay = 1.00> <Adapter> <Opcode : 'read' 'write' 'readreq' 'writereq' 'writeresp'>
ST_271 : Operation 1357 [12/21] (3.18ns)   --->   "%rhs_1 = udiv i17 65536, i17 %zext_ln309"   --->   Operation 1357 'udiv' 'rhs_1' <Predicate = true> <Delay = 3.18> <CoreInst = "Divider">   --->   Core 6 'Divider' <Latency = 20> <II = 1> <Delay = 3.18> <FuncUnit> <Opcode : 'sdiv' 'srem' 'udiv' 'urem'> <InPorts = 2> <OutPorts = 1>

State 272 <SV = 47> <Delay = 7.30>
ST_272 : Operation 1358 [1/1] (0.00ns) (grouped into LUT with out node sub_ln27_1)   --->   "%tmp_3 = bitselect i1 @_ssdm_op_BitSelect.i1.i8.i32, i8 %gmem_out_addr_3_read, i32 7"   --->   Operation 1358 'bitselect' 'tmp_3' <Predicate = true> <Delay = 0.00>
ST_272 : Operation 1359 [11/21] (3.18ns)   --->   "%rhs_1 = udiv i17 65536, i17 %zext_ln309"   --->   Operation 1359 'udiv' 'rhs_1' <Predicate = true> <Delay = 3.18> <CoreInst = "Divider">   --->   Core 6 'Divider' <Latency = 20> <II = 1> <Delay = 3.18> <FuncUnit> <Opcode : 'sdiv' 'srem' 'udiv' 'urem'> <InPorts = 2> <OutPorts = 1>
ST_272 : Operation 1360 [1/1] (0.00ns) (grouped into LUT with out node sub_ln27_1)   --->   "%select_ln27 = select i1 %tmp_3, i9 511, i9 0" [../../ip/ip2/channel_shuffle.cpp:27]   --->   Operation 1360 'select' 'select_ln27' <Predicate = true> <Delay = 0.00> <CoreInst = "Sel">   --->   Core 73 'Sel' <Latency = 0> <II = 1> <Delay = 0.81> <FuncUnit> <Opcode : 'select'> <InPorts = 3> <OutPorts = 1>
ST_272 : Operation 1361 [1/1] (1.36ns) (out node of the LUT)   --->   "%sub_ln27_1 = sub i9 %select_ln27, i9 %sext_ln1513" [../../ip/ip2/channel_shuffle.cpp:27]   --->   Operation 1361 'sub' 'sub_ln27_1' <Predicate = true> <Delay = 1.36> <CoreInst = "Adder">   --->   Core 1 'Adder' <Latency = 0> <II = 1> <Delay = 1.36> <FuncUnit> <Opcode : 'add' 'sub'> <InPorts = 2> <OutPorts = 1>
ST_272 : Operation 1362 [1/1] (0.00ns)   --->   "%sext_ln27_1 = sext i9 %sub_ln27_1" [../../ip/ip2/channel_shuffle.cpp:27]   --->   Operation 1362 'sext' 'sext_ln27_1' <Predicate = true> <Delay = 0.00>
ST_272 : Operation 1363 [1/1] (3.59ns)   --->   "%lhs_1 = mul i17 %sext_ln27_1, i17 %gmem_bn3_load_2_cast" [../../ip/ip2/channel_shuffle.cpp:27]   --->   Operation 1363 'mul' 'lhs_1' <Predicate = true> <Delay = 3.59> <CoreInst = "Multiplier">   --->   Core 3 'Multiplier' <Latency = 0> <II = 1> <Delay = 3.59> <FuncUnit> <Opcode : 'mul'> <InPorts = 2> <OutPorts = 1>
ST_272 : Operation 1364 [1/1] (7.30ns)   --->   "%gmem_out_addr_4_req = writereq i1 @_ssdm_op_WriteReq.m_axi.i8P1A, i8 %gmem_out_addr_3, i32 1" [../../ip/ip2/channel_shuffle.cpp:346]   --->   Operation 1364 'writereq' 'gmem_out_addr_4_req' <Predicate = true> <Delay = 7.30> <CoreInst = "m_axi">   --->   Core 113 'm_axi' <Latency = 0> <II = 1> <Delay = 1.00> <Adapter> <Opcode : 'read' 'write' 'readreq' 'writereq' 'writeresp'>

State 273 <SV = 48> <Delay = 3.18>
ST_273 : Operation 1365 [10/21] (3.18ns)   --->   "%rhs_1 = udiv i17 65536, i17 %zext_ln309"   --->   Operation 1365 'udiv' 'rhs_1' <Predicate = true> <Delay = 3.18> <CoreInst = "Divider">   --->   Core 6 'Divider' <Latency = 20> <II = 1> <Delay = 3.18> <FuncUnit> <Opcode : 'sdiv' 'srem' 'udiv' 'urem'> <InPorts = 2> <OutPorts = 1>

State 274 <SV = 49> <Delay = 3.18>
ST_274 : Operation 1366 [9/21] (3.18ns)   --->   "%rhs_1 = udiv i17 65536, i17 %zext_ln309"   --->   Operation 1366 'udiv' 'rhs_1' <Predicate = true> <Delay = 3.18> <CoreInst = "Divider">   --->   Core 6 'Divider' <Latency = 20> <II = 1> <Delay = 3.18> <FuncUnit> <Opcode : 'sdiv' 'srem' 'udiv' 'urem'> <InPorts = 2> <OutPorts = 1>

State 275 <SV = 50> <Delay = 3.18>
ST_275 : Operation 1367 [8/21] (3.18ns)   --->   "%rhs_1 = udiv i17 65536, i17 %zext_ln309"   --->   Operation 1367 'udiv' 'rhs_1' <Predicate = true> <Delay = 3.18> <CoreInst = "Divider">   --->   Core 6 'Divider' <Latency = 20> <II = 1> <Delay = 3.18> <FuncUnit> <Opcode : 'sdiv' 'srem' 'udiv' 'urem'> <InPorts = 2> <OutPorts = 1>

State 276 <SV = 51> <Delay = 3.18>
ST_276 : Operation 1368 [7/21] (3.18ns)   --->   "%rhs_1 = udiv i17 65536, i17 %zext_ln309"   --->   Operation 1368 'udiv' 'rhs_1' <Predicate = true> <Delay = 3.18> <CoreInst = "Divider">   --->   Core 6 'Divider' <Latency = 20> <II = 1> <Delay = 3.18> <FuncUnit> <Opcode : 'sdiv' 'srem' 'udiv' 'urem'> <InPorts = 2> <OutPorts = 1>

State 277 <SV = 52> <Delay = 3.18>
ST_277 : Operation 1369 [6/21] (3.18ns)   --->   "%rhs_1 = udiv i17 65536, i17 %zext_ln309"   --->   Operation 1369 'udiv' 'rhs_1' <Predicate = true> <Delay = 3.18> <CoreInst = "Divider">   --->   Core 6 'Divider' <Latency = 20> <II = 1> <Delay = 3.18> <FuncUnit> <Opcode : 'sdiv' 'srem' 'udiv' 'urem'> <InPorts = 2> <OutPorts = 1>

State 278 <SV = 53> <Delay = 3.18>
ST_278 : Operation 1370 [5/21] (3.18ns)   --->   "%rhs_1 = udiv i17 65536, i17 %zext_ln309"   --->   Operation 1370 'udiv' 'rhs_1' <Predicate = true> <Delay = 3.18> <CoreInst = "Divider">   --->   Core 6 'Divider' <Latency = 20> <II = 1> <Delay = 3.18> <FuncUnit> <Opcode : 'sdiv' 'srem' 'udiv' 'urem'> <InPorts = 2> <OutPorts = 1>

State 279 <SV = 54> <Delay = 3.18>
ST_279 : Operation 1371 [4/21] (3.18ns)   --->   "%rhs_1 = udiv i17 65536, i17 %zext_ln309"   --->   Operation 1371 'udiv' 'rhs_1' <Predicate = true> <Delay = 3.18> <CoreInst = "Divider">   --->   Core 6 'Divider' <Latency = 20> <II = 1> <Delay = 3.18> <FuncUnit> <Opcode : 'sdiv' 'srem' 'udiv' 'urem'> <InPorts = 2> <OutPorts = 1>

State 280 <SV = 55> <Delay = 3.18>
ST_280 : Operation 1372 [3/21] (3.18ns)   --->   "%rhs_1 = udiv i17 65536, i17 %zext_ln309"   --->   Operation 1372 'udiv' 'rhs_1' <Predicate = true> <Delay = 3.18> <CoreInst = "Divider">   --->   Core 6 'Divider' <Latency = 20> <II = 1> <Delay = 3.18> <FuncUnit> <Opcode : 'sdiv' 'srem' 'udiv' 'urem'> <InPorts = 2> <OutPorts = 1>

State 281 <SV = 56> <Delay = 3.18>
ST_281 : Operation 1373 [2/21] (3.18ns)   --->   "%rhs_1 = udiv i17 65536, i17 %zext_ln309"   --->   Operation 1373 'udiv' 'rhs_1' <Predicate = true> <Delay = 3.18> <CoreInst = "Divider">   --->   Core 6 'Divider' <Latency = 20> <II = 1> <Delay = 3.18> <FuncUnit> <Opcode : 'sdiv' 'srem' 'udiv' 'urem'> <InPorts = 2> <OutPorts = 1>

State 282 <SV = 57> <Delay = 5.00>
ST_282 : Operation 1374 [1/21] (3.18ns)   --->   "%rhs_1 = udiv i17 65536, i17 %zext_ln309"   --->   Operation 1374 'udiv' 'rhs_1' <Predicate = true> <Delay = 3.18> <CoreInst = "Divider">   --->   Core 6 'Divider' <Latency = 20> <II = 1> <Delay = 3.18> <FuncUnit> <Opcode : 'sdiv' 'srem' 'udiv' 'urem'> <InPorts = 2> <OutPorts = 1>
ST_282 : Operation 1375 [1/1] (0.00ns)   --->   "%sext_ln1494_1 = sext i17 %lhs_1"   --->   Operation 1375 'sext' 'sext_ln1494_1' <Predicate = true> <Delay = 0.00>
ST_282 : Operation 1376 [1/1] (0.00ns)   --->   "%zext_ln1494_4 = zext i17 %rhs_1"   --->   Operation 1376 'zext' 'zext_ln1494_4' <Predicate = true> <Delay = 0.00>
ST_282 : Operation 1377 [4/4] (1.82ns) (root node of the DSP)   --->   "%ret_V_72 = mul i33 %sext_ln1494_1, i33 %zext_ln1494_4"   --->   Operation 1377 'mul' 'ret_V_72' <Predicate = true> <Delay = 1.82> <CoreInst = "DSP48">   --->   Core 119 'DSP48' <Latency = 3> <II = 1> <Delay = 1.82> <IPBlock> <Opcode : 'mul' 'add' 'sub' 'select'> <InPorts = 0> <OutPorts = 1> <Sync> <CReg>

State 283 <SV = 58> <Delay = 1.82>
ST_283 : Operation 1378 [3/4] (1.82ns) (root node of the DSP)   --->   "%ret_V_72 = mul i33 %sext_ln1494_1, i33 %zext_ln1494_4"   --->   Operation 1378 'mul' 'ret_V_72' <Predicate = true> <Delay = 1.82> <CoreInst = "DSP48">   --->   Core 119 'DSP48' <Latency = 3> <II = 1> <Delay = 1.82> <IPBlock> <Opcode : 'mul' 'add' 'sub' 'select'> <InPorts = 0> <OutPorts = 1> <Sync> <CReg>

State 284 <SV = 59> <Delay = 1.82>
ST_284 : Operation 1379 [2/4] (1.82ns) (root node of the DSP)   --->   "%ret_V_72 = mul i33 %sext_ln1494_1, i33 %zext_ln1494_4"   --->   Operation 1379 'mul' 'ret_V_72' <Predicate = true> <Delay = 1.82> <CoreInst = "DSP48">   --->   Core 119 'DSP48' <Latency = 3> <II = 1> <Delay = 1.82> <IPBlock> <Opcode : 'mul' 'add' 'sub' 'select'> <InPorts = 0> <OutPorts = 1> <Sync> <CReg>

State 285 <SV = 60> <Delay = 4.08>
ST_285 : Operation 1380 [1/4] (0.00ns) (root node of the DSP)   --->   "%ret_V_72 = mul i33 %sext_ln1494_1, i33 %zext_ln1494_4"   --->   Operation 1380 'mul' 'ret_V_72' <Predicate = true> <Delay = 0.00> <CoreInst = "DSP48">   --->   Core 119 'DSP48' <Latency = 3> <II = 1> <Delay = 1.82> <IPBlock> <Opcode : 'mul' 'add' 'sub' 'select'> <InPorts = 0> <OutPorts = 1> <Sync> <CReg>
ST_285 : Operation 1381 [1/1] (0.00ns)   --->   "%trunc_ln1669_2 = partselect i17 @_ssdm_op_PartSelect.i17.i33.i32.i32, i33 %ret_V_72, i32 16, i32 32"   --->   Operation 1381 'partselect' 'trunc_ln1669_2' <Predicate = true> <Delay = 0.00>
ST_285 : Operation 1382 [1/1] (0.00ns)   --->   "%sext_ln840_11 = sext i17 %trunc_ln1669_2"   --->   Operation 1382 'sext' 'sext_ln840_11' <Predicate = true> <Delay = 0.00>
ST_285 : Operation 1383 [1/1] (0.00ns)   --->   "%trunc_ln840_1 = partselect i16 @_ssdm_op_PartSelect.i16.i33.i32.i32, i33 %ret_V_72, i32 16, i32 31"   --->   Operation 1383 'partselect' 'trunc_ln840_1' <Predicate = true> <Delay = 0.00>
ST_285 : Operation 1384 [1/1] (1.55ns)   --->   "%bn_val_V_1 = add i18 %sext_ln840_11, i18 %sext_ln1513_1"   --->   Operation 1384 'add' 'bn_val_V_1' <Predicate = true> <Delay = 1.55> <CoreInst = "Adder">   --->   Core 1 'Adder' <Latency = 0> <II = 1> <Delay = 1.55> <FuncUnit> <Opcode : 'add' 'sub'> <InPorts = 2> <OutPorts = 1>
ST_285 : Operation 1385 [1/1] (1.54ns)   --->   "%add_ln27_1 = add i16 %trunc_ln840_1, i16 %sext_ln840_9" [../../ip/ip2/channel_shuffle.cpp:27]   --->   Operation 1385 'add' 'add_ln27_1' <Predicate = true> <Delay = 1.54> <CoreInst = "Adder">   --->   Core 1 'Adder' <Latency = 0> <II = 1> <Delay = 1.54> <FuncUnit> <Opcode : 'add' 'sub'> <InPorts = 2> <OutPorts = 1>
ST_285 : Operation 1386 [1/1] (2.08ns)   --->   "%icmp_ln1035_6 = icmp_sgt  i18 %bn_val_V_1, i18 0"   --->   Operation 1386 'icmp' 'icmp_ln1035_6' <Predicate = true> <Delay = 2.08> <CoreInst = "Cmp">   --->   Core 9 'Cmp' <Latency = 0> <II = 1> <Delay = 2.08> <FuncUnit> <Opcode : 'icmp'> <InPorts = 2> <OutPorts = 1>
ST_285 : Operation 1387 [1/1] (0.00ns)   --->   "%trunc_ln54_1 = partselect i8 @_ssdm_op_PartSelect.i8.i16.i32.i32, i16 %add_ln27_1, i32 8, i32 15" [../../ip/ip2/channel_shuffle.cpp:54]   --->   Operation 1387 'partselect' 'trunc_ln54_1' <Predicate = true> <Delay = 0.00>
ST_285 : Operation 1388 [1/1] (0.44ns)   --->   "%select_ln54_1 = select i1 %icmp_ln1035_6, i8 %trunc_ln54_1, i8 0" [../../ip/ip2/channel_shuffle.cpp:54]   --->   Operation 1388 'select' 'select_ln54_1' <Predicate = true> <Delay = 0.44> <CoreInst = "Sel">   --->   Core 73 'Sel' <Latency = 0> <II = 1> <Delay = 0.44> <FuncUnit> <Opcode : 'select'> <InPorts = 3> <OutPorts = 1>

State 286 <SV = 61> <Delay = 7.30>
ST_286 : Operation 1389 [1/1] (7.30ns)   --->   "%write_ln346 = write void @_ssdm_op_Write.m_axi.i8P1A, i8 %gmem_out_addr_3, i8 %select_ln54_1, i1 1" [../../ip/ip2/channel_shuffle.cpp:346]   --->   Operation 1389 'write' 'write_ln346' <Predicate = true> <Delay = 7.30> <CoreInst = "m_axi">   --->   Core 113 'm_axi' <Latency = 0> <II = 1> <Delay = 1.00> <Adapter> <Opcode : 'read' 'write' 'readreq' 'writereq' 'writeresp'>

State 287 <SV = 62> <Delay = 7.30>
ST_287 : Operation 1390 [5/5] (7.30ns)   --->   "%gmem_out_addr_4_resp = writeresp i1 @_ssdm_op_WriteResp.m_axi.i8P1A, i8 %gmem_out_addr_3" [../../ip/ip2/channel_shuffle.cpp:346]   --->   Operation 1390 'writeresp' 'gmem_out_addr_4_resp' <Predicate = true> <Delay = 7.30> <CoreInst = "m_axi">   --->   Core 113 'm_axi' <Latency = 0> <II = 1> <Delay = 1.00> <Adapter> <Opcode : 'read' 'write' 'readreq' 'writereq' 'writeresp'>

State 288 <SV = 63> <Delay = 7.30>
ST_288 : Operation 1391 [4/5] (7.30ns)   --->   "%gmem_out_addr_4_resp = writeresp i1 @_ssdm_op_WriteResp.m_axi.i8P1A, i8 %gmem_out_addr_3" [../../ip/ip2/channel_shuffle.cpp:346]   --->   Operation 1391 'writeresp' 'gmem_out_addr_4_resp' <Predicate = true> <Delay = 7.30> <CoreInst = "m_axi">   --->   Core 113 'm_axi' <Latency = 0> <II = 1> <Delay = 1.00> <Adapter> <Opcode : 'read' 'write' 'readreq' 'writereq' 'writeresp'>

State 289 <SV = 64> <Delay = 7.30>
ST_289 : Operation 1392 [3/5] (7.30ns)   --->   "%gmem_out_addr_4_resp = writeresp i1 @_ssdm_op_WriteResp.m_axi.i8P1A, i8 %gmem_out_addr_3" [../../ip/ip2/channel_shuffle.cpp:346]   --->   Operation 1392 'writeresp' 'gmem_out_addr_4_resp' <Predicate = true> <Delay = 7.30> <CoreInst = "m_axi">   --->   Core 113 'm_axi' <Latency = 0> <II = 1> <Delay = 1.00> <Adapter> <Opcode : 'read' 'write' 'readreq' 'writereq' 'writeresp'>

State 290 <SV = 65> <Delay = 7.30>
ST_290 : Operation 1393 [2/5] (7.30ns)   --->   "%gmem_out_addr_4_resp = writeresp i1 @_ssdm_op_WriteResp.m_axi.i8P1A, i8 %gmem_out_addr_3" [../../ip/ip2/channel_shuffle.cpp:346]   --->   Operation 1393 'writeresp' 'gmem_out_addr_4_resp' <Predicate = true> <Delay = 7.30> <CoreInst = "m_axi">   --->   Core 113 'm_axi' <Latency = 0> <II = 1> <Delay = 1.00> <Adapter> <Opcode : 'read' 'write' 'readreq' 'writereq' 'writeresp'>

State 291 <SV = 66> <Delay = 7.30>
ST_291 : Operation 1394 [1/1] (0.00ns)   --->   "%specloopname_ln342 = specloopname void @_ssdm_op_SpecLoopName, void @empty_35" [../../ip/ip2/channel_shuffle.cpp:342]   --->   Operation 1394 'specloopname' 'specloopname_ln342' <Predicate = true> <Delay = 0.00>
ST_291 : Operation 1395 [1/5] (7.30ns)   --->   "%gmem_out_addr_4_resp = writeresp i1 @_ssdm_op_WriteResp.m_axi.i8P1A, i8 %gmem_out_addr_3" [../../ip/ip2/channel_shuffle.cpp:346]   --->   Operation 1395 'writeresp' 'gmem_out_addr_4_resp' <Predicate = true> <Delay = 7.30> <CoreInst = "m_axi">   --->   Core 113 'm_axi' <Latency = 0> <II = 1> <Delay = 1.00> <Adapter> <Opcode : 'read' 'write' 'readreq' 'writereq' 'writeresp'>
ST_291 : Operation 1396 [1/1] (0.00ns)   --->   "%br_ln342 = br void %for.inc517" [../../ip/ip2/channel_shuffle.cpp:342]   --->   Operation 1396 'br' 'br_ln342' <Predicate = true> <Delay = 0.00>

State 292 <SV = 31> <Delay = 3.74>
ST_292 : Operation 1397 [1/1] (0.00ns)   --->   "%indvar_flatten103_load = load i32 %indvar_flatten103"   --->   Operation 1397 'load' 'indvar_flatten103_load' <Predicate = true> <Delay = 0.00>
ST_292 : Operation 1398 [1/1] (1.96ns)   --->   "%icmp_ln1027_13 = icmp_eq  i32 %indvar_flatten103_load, i32 %ret_V_11"   --->   Operation 1398 'icmp' 'icmp_ln1027_13' <Predicate = true> <Delay = 1.96> <CoreInst = "Cmp">   --->   Core 9 'Cmp' <Latency = 0> <II = 1> <Delay = 1.96> <FuncUnit> <Opcode : 'icmp'> <InPorts = 2> <OutPorts = 1>
ST_292 : Operation 1399 [1/1] (1.89ns)   --->   "%add_ln1027_6 = add i32 %indvar_flatten103_load, i32 1"   --->   Operation 1399 'add' 'add_ln1027_6' <Predicate = true> <Delay = 1.89> <CoreInst = "Adder">   --->   Core 1 'Adder' <Latency = 0> <II = 1> <Delay = 1.89> <FuncUnit> <Opcode : 'add' 'sub'> <InPorts = 2> <OutPorts = 1>
ST_292 : Operation 1400 [1/1] (0.00ns)   --->   "%br_ln1027 = br i1 %icmp_ln1027_13, void %for.inc613, void %for.end615.loopexit"   --->   Operation 1400 'br' 'br_ln1027' <Predicate = true> <Delay = 0.00>
ST_292 : Operation 1401 [1/1] (0.00ns)   --->   "%w_V_6_load = load i16 %w_V_6"   --->   Operation 1401 'load' 'w_V_6_load' <Predicate = (!icmp_ln1027_13)> <Delay = 0.00>
ST_292 : Operation 1402 [1/1] (0.00ns)   --->   "%h_V_4_load = load i16 %h_V_4"   --->   Operation 1402 'load' 'h_V_4_load' <Predicate = (!icmp_ln1027_13)> <Delay = 0.00>
ST_292 : Operation 1403 [1/1] (2.13ns)   --->   "%icmp_ln1027_15 = icmp_eq  i16 %w_V_6_load, i16 %h_w_read"   --->   Operation 1403 'icmp' 'icmp_ln1027_15' <Predicate = (!icmp_ln1027_13)> <Delay = 2.13> <CoreInst = "Cmp">   --->   Core 9 'Cmp' <Latency = 0> <II = 1> <Delay = 2.13> <FuncUnit> <Opcode : 'icmp'> <InPorts = 2> <OutPorts = 1>
ST_292 : Operation 1404 [1/1] (0.62ns)   --->   "%select_ln1027_8 = select i1 %icmp_ln1027_15, i16 0, i16 %w_V_6_load"   --->   Operation 1404 'select' 'select_ln1027_8' <Predicate = (!icmp_ln1027_13)> <Delay = 0.62> <CoreInst = "Sel">   --->   Core 73 'Sel' <Latency = 0> <II = 1> <Delay = 0.62> <FuncUnit> <Opcode : 'select'> <InPorts = 3> <OutPorts = 1>
ST_292 : Operation 1405 [1/1] (1.54ns)   --->   "%add_ln840_7 = add i16 %h_V_4_load, i16 1"   --->   Operation 1405 'add' 'add_ln840_7' <Predicate = (!icmp_ln1027_13)> <Delay = 1.54> <CoreInst = "Adder">   --->   Core 1 'Adder' <Latency = 0> <II = 1> <Delay = 1.54> <FuncUnit> <Opcode : 'add' 'sub'> <InPorts = 2> <OutPorts = 1>
ST_292 : Operation 1406 [1/1] (0.62ns)   --->   "%select_ln1027_9 = select i1 %icmp_ln1027_15, i16 %add_ln840_7, i16 %h_V_4_load"   --->   Operation 1406 'select' 'select_ln1027_9' <Predicate = (!icmp_ln1027_13)> <Delay = 0.62> <CoreInst = "Sel">   --->   Core 73 'Sel' <Latency = 0> <II = 1> <Delay = 0.62> <FuncUnit> <Opcode : 'select'> <InPorts = 3> <OutPorts = 1>
ST_292 : Operation 1407 [1/1] (0.00ns)   --->   "%zext_ln1027_4 = zext i16 %select_ln1027_9"   --->   Operation 1407 'zext' 'zext_ln1027_4' <Predicate = (!icmp_ln1027_13)> <Delay = 0.00>
ST_292 : Operation 1408 [3/3] (0.98ns) (grouped into DSP with root node add_ln1495_1)   --->   "%mul_ln1027_2 = mul i32 %zext_ln1027_4, i32 %rhs_6"   --->   Operation 1408 'mul' 'mul_ln1027_2' <Predicate = (!icmp_ln1027_13)> <Delay = 0.98> <CoreInst = "DSP48">   --->   Core 119 'DSP48' <Latency = 3> <II = 1> <Delay = 1.82> <IPBlock> <Opcode : 'mul' 'add' 'sub' 'select'> <InPorts = 0> <OutPorts = 1> <Sync> <CReg>
ST_292 : Operation 1409 [1/1] (0.00ns)   --->   "%ret_ln404 = ret" [../../ip/ip2/channel_shuffle.cpp:404]   --->   Operation 1409 'ret' 'ret_ln404' <Predicate = (icmp_ln1027_13)> <Delay = 0.00>

State 293 <SV = 32> <Delay = 0.98>
ST_293 : Operation 1410 [2/3] (0.98ns) (grouped into DSP with root node add_ln1495_1)   --->   "%mul_ln1027_2 = mul i32 %zext_ln1027_4, i32 %rhs_6"   --->   Operation 1410 'mul' 'mul_ln1027_2' <Predicate = true> <Delay = 0.98> <CoreInst = "DSP48">   --->   Core 119 'DSP48' <Latency = 3> <II = 1> <Delay = 1.82> <IPBlock> <Opcode : 'mul' 'add' 'sub' 'select'> <InPorts = 0> <OutPorts = 1> <Sync> <CReg>

State 294 <SV = 33> <Delay = 1.76>
ST_294 : Operation 1411 [1/3] (0.00ns) (grouped into DSP with root node add_ln1495_1)   --->   "%mul_ln1027_2 = mul i32 %zext_ln1027_4, i32 %rhs_6"   --->   Operation 1411 'mul' 'mul_ln1027_2' <Predicate = true> <Delay = 0.00> <CoreInst = "DSP48">   --->   Core 119 'DSP48' <Latency = 3> <II = 1> <Delay = 1.82> <IPBlock> <Opcode : 'mul' 'add' 'sub' 'select'> <InPorts = 0> <OutPorts = 1> <Sync> <CReg>
ST_294 : Operation 1412 [1/1] (0.00ns)   --->   "%zext_ln1495_1 = zext i16 %select_ln1027_8"   --->   Operation 1412 'zext' 'zext_ln1495_1' <Predicate = true> <Delay = 0.00>
ST_294 : Operation 1413 [2/2] (1.76ns) (root node of the DSP)   --->   "%add_ln1495_1 = add i32 %mul_ln1027_2, i32 %zext_ln1495_1"   --->   Operation 1413 'add' 'add_ln1495_1' <Predicate = true> <Delay = 1.76> <CoreInst = "DSP48">   --->   Core 119 'DSP48' <Latency = 3> <II = 1> <Delay = 1.82> <IPBlock> <Opcode : 'mul' 'add' 'sub' 'select'> <InPorts = 0> <OutPorts = 1> <Sync> <CReg>

State 295 <SV = 34> <Delay = 1.76>
ST_295 : Operation 1414 [1/1] (0.00ns)   --->   "%specloopname_ln0 = specloopname void @_ssdm_op_SpecLoopName, void @VITIS_LOOP_372_24_VITIS_LOOP_373_25_str"   --->   Operation 1414 'specloopname' 'specloopname_ln0' <Predicate = true> <Delay = 0.00>
ST_295 : Operation 1415 [1/1] (0.00ns)   --->   "%speclooptripcount_ln0 = speclooptripcount void @_ssdm_op_SpecLoopTripCount, i64 0, i64 33553920, i64 0"   --->   Operation 1415 'speclooptripcount' 'speclooptripcount_ln0' <Predicate = true> <Delay = 0.00>
ST_295 : Operation 1416 [1/1] (0.00ns)   --->   "%specpipeline_ln374 = specpipeline void @_ssdm_op_SpecPipeline, i32 1, i32 0, i32 0, i32 0, void @empty_47" [../../ip/ip2/channel_shuffle.cpp:374]   --->   Operation 1416 'specpipeline' 'specpipeline_ln374' <Predicate = true> <Delay = 0.00>
ST_295 : Operation 1417 [1/1] (0.00ns)   --->   "%specloopname_ln373 = specloopname void @_ssdm_op_SpecLoopName, void @empty_30" [../../ip/ip2/channel_shuffle.cpp:373]   --->   Operation 1417 'specloopname' 'specloopname_ln373' <Predicate = true> <Delay = 0.00>
ST_295 : Operation 1418 [1/2] (1.76ns) (root node of the DSP)   --->   "%add_ln1495_1 = add i32 %mul_ln1027_2, i32 %zext_ln1495_1"   --->   Operation 1418 'add' 'add_ln1495_1' <Predicate = true> <Delay = 1.76> <CoreInst = "DSP48">   --->   Core 119 'DSP48' <Latency = 3> <II = 1> <Delay = 1.82> <IPBlock> <Opcode : 'mul' 'add' 'sub' 'select'> <InPorts = 0> <OutPorts = 1> <Sync> <CReg>
ST_295 : Operation 1419 [1/1] (1.29ns)   --->   "%br_ln377 = br void %for.body550" [../../ip/ip2/channel_shuffle.cpp:377]   --->   Operation 1419 'br' 'br_ln377' <Predicate = true> <Delay = 1.29>

State 296 <SV = 35> <Delay = 7.22>
ST_296 : Operation 1420 [1/1] (0.00ns)   --->   "%empty_79 = phi i11 0, void %for.inc613, i11 %add_ln388_1, void %for.inc607" [../../ip/ip2/channel_shuffle.cpp:388]   --->   Operation 1420 'phi' 'empty_79' <Predicate = true> <Delay = 0.00>
ST_296 : Operation 1421 [1/1] (0.00ns)   --->   "%c_V = phi i16 0, void %for.inc613, i16 %block_end_V, void %for.inc607"   --->   Operation 1421 'phi' 'c_V' <Predicate = true> <Delay = 0.00>
ST_296 : Operation 1422 [1/1] (1.88ns)   --->   "%icmp_ln377 = icmp_eq  i11 %empty_79, i11 %c_out1" [../../ip/ip2/channel_shuffle.cpp:377]   --->   Operation 1422 'icmp' 'icmp_ln377' <Predicate = true> <Delay = 1.88> <CoreInst = "Cmp">   --->   Core 9 'Cmp' <Latency = 0> <II = 1> <Delay = 1.88> <FuncUnit> <Opcode : 'icmp'> <InPorts = 2> <OutPorts = 1>
ST_296 : Operation 1423 [1/1] (0.00ns)   --->   "%speclooptripcount_ln0 = speclooptripcount void @_ssdm_op_SpecLoopTripCount, i64 0, i64 2047, i64 0"   --->   Operation 1423 'speclooptripcount' 'speclooptripcount_ln0' <Predicate = true> <Delay = 0.00>
ST_296 : Operation 1424 [1/1] (1.48ns)   --->   "%add_ln388_1 = add i11 %empty_79, i11 1" [../../ip/ip2/channel_shuffle.cpp:388]   --->   Operation 1424 'add' 'add_ln388_1' <Predicate = true> <Delay = 1.48> <CoreInst = "Adder">   --->   Core 1 'Adder' <Latency = 0> <II = 1> <Delay = 1.48> <FuncUnit> <Opcode : 'add' 'sub'> <InPorts = 2> <OutPorts = 1>
ST_296 : Operation 1425 [1/1] (0.00ns)   --->   "%br_ln377 = br i1 %icmp_ln377, void %for.body550.split, void %for.inc610.loopexit" [../../ip/ip2/channel_shuffle.cpp:377]   --->   Operation 1425 'br' 'br_ln377' <Predicate = true> <Delay = 0.00>
ST_296 : Operation 1426 [1/1] (0.00ns)   --->   "%specloopname_ln377 = specloopname void @_ssdm_op_SpecLoopName, void @empty_29" [../../ip/ip2/channel_shuffle.cpp:377]   --->   Operation 1426 'specloopname' 'specloopname_ln377' <Predicate = (!icmp_ln377)> <Delay = 0.00>
ST_296 : Operation 1427 [1/1] (0.00ns)   --->   "%zext_ln186_7 = zext i16 %c_V"   --->   Operation 1427 'zext' 'zext_ln186_7' <Predicate = (!icmp_ln377)> <Delay = 0.00>
ST_296 : Operation 1428 [1/1] (0.00ns)   --->   "%zext_ln1495_4 = zext i16 %c_V"   --->   Operation 1428 'zext' 'zext_ln1495_4' <Predicate = (!icmp_ln377)> <Delay = 0.00>
ST_296 : Operation 1429 [1/1] (1.54ns)   --->   "%ret_V_16 = add i17 %zext_ln1495_4, i17 32"   --->   Operation 1429 'add' 'ret_V_16' <Predicate = (!icmp_ln377)> <Delay = 1.54> <CoreInst = "Adder">   --->   Core 1 'Adder' <Latency = 0> <II = 1> <Delay = 1.54> <FuncUnit> <Opcode : 'add' 'sub'> <InPorts = 2> <OutPorts = 1>
ST_296 : Operation 1430 [1/1] (2.11ns)   --->   "%icmp_ln1035_4 = icmp_ugt  i17 %ret_V_16, i17 %c_out_cast"   --->   Operation 1430 'icmp' 'icmp_ln1035_4' <Predicate = (!icmp_ln377)> <Delay = 2.11> <CoreInst = "Cmp">   --->   Core 9 'Cmp' <Latency = 0> <II = 1> <Delay = 2.11> <FuncUnit> <Opcode : 'icmp'> <InPorts = 2> <OutPorts = 1>
ST_296 : Operation 1431 [1/1] (1.54ns)   --->   "%block_end_V = add i16 %c_V, i16 32"   --->   Operation 1431 'add' 'block_end_V' <Predicate = (!icmp_ln377)> <Delay = 1.54> <CoreInst = "Adder">   --->   Core 1 'Adder' <Latency = 0> <II = 1> <Delay = 1.54> <FuncUnit> <Opcode : 'add' 'sub'> <InPorts = 2> <OutPorts = 1>
ST_296 : Operation 1432 [1/1] (0.62ns)   --->   "%block_end_V_1 = select i1 %icmp_ln1035_4, i16 %c_out_read, i16 %block_end_V" [../../ip/ip2/channel_shuffle.cpp:378]   --->   Operation 1432 'select' 'block_end_V_1' <Predicate = (!icmp_ln377)> <Delay = 0.62> <CoreInst = "Sel">   --->   Core 73 'Sel' <Latency = 0> <II = 1> <Delay = 0.62> <FuncUnit> <Opcode : 'select'> <InPorts = 3> <OutPorts = 1>
ST_296 : Operation 1433 [1/1] (2.13ns)   --->   "%icmp_ln1027_17 = icmp_ult  i16 %c_V, i16 %block_end_V_1"   --->   Operation 1433 'icmp' 'icmp_ln1027_17' <Predicate = (!icmp_ln377)> <Delay = 2.13> <CoreInst = "Cmp">   --->   Core 9 'Cmp' <Latency = 0> <II = 1> <Delay = 2.13> <FuncUnit> <Opcode : 'icmp'> <InPorts = 2> <OutPorts = 1>
ST_296 : Operation 1434 [1/1] (0.00ns)   --->   "%br_ln382 = br i1 %icmp_ln1027_17, void %for.inc607, void %for.inc577.preheader" [../../ip/ip2/channel_shuffle.cpp:382]   --->   Operation 1434 'br' 'br_ln382' <Predicate = (!icmp_ln377)> <Delay = 0.00>
ST_296 : Operation 1435 [1/1] (1.29ns)   --->   "%br_ln382 = br void %for.inc577" [../../ip/ip2/channel_shuffle.cpp:382]   --->   Operation 1435 'br' 'br_ln382' <Predicate = (!icmp_ln377 & icmp_ln1027_17)> <Delay = 1.29>
ST_296 : Operation 1436 [1/1] (1.54ns)   --->   "%w_V_9 = add i16 %select_ln1027_8, i16 1"   --->   Operation 1436 'add' 'w_V_9' <Predicate = (icmp_ln377)> <Delay = 1.54> <CoreInst = "Adder">   --->   Core 1 'Adder' <Latency = 0> <II = 1> <Delay = 1.54> <FuncUnit> <Opcode : 'add' 'sub'> <InPorts = 2> <OutPorts = 1>
ST_296 : Operation 1437 [1/1] (1.29ns)   --->   "%store_ln373 = store i32 %add_ln1027_6, i32 %indvar_flatten103" [../../ip/ip2/channel_shuffle.cpp:373]   --->   Operation 1437 'store' 'store_ln373' <Predicate = (icmp_ln377)> <Delay = 1.29>
ST_296 : Operation 1438 [1/1] (1.29ns)   --->   "%store_ln373 = store i16 %select_ln1027_9, i16 %h_V_4" [../../ip/ip2/channel_shuffle.cpp:373]   --->   Operation 1438 'store' 'store_ln373' <Predicate = (icmp_ln377)> <Delay = 1.29>
ST_296 : Operation 1439 [1/1] (1.29ns)   --->   "%store_ln373 = store i16 %w_V_9, i16 %w_V_6" [../../ip/ip2/channel_shuffle.cpp:373]   --->   Operation 1439 'store' 'store_ln373' <Predicate = (icmp_ln377)> <Delay = 1.29>
ST_296 : Operation 1440 [1/1] (0.00ns)   --->   "%br_ln373 = br void %VITIS_LOOP_377_26" [../../ip/ip2/channel_shuffle.cpp:373]   --->   Operation 1440 'br' 'br_ln373' <Predicate = (icmp_ln377)> <Delay = 0.00>

State 297 <SV = 36> <Delay = 7.05>
ST_297 : Operation 1441 [1/1] (0.00ns)   --->   "%c_V_3 = phi i32 %add_ln840_18, void %for.inc577.split, i32 %zext_ln186_7, void %for.inc577.preheader"   --->   Operation 1441 'phi' 'c_V_3' <Predicate = true> <Delay = 0.00>
ST_297 : Operation 1442 [1/1] (0.00ns)   --->   "%trunc_ln382 = trunc i32 %c_V_3" [../../ip/ip2/channel_shuffle.cpp:382]   --->   Operation 1442 'trunc' 'trunc_ln382' <Predicate = true> <Delay = 0.00>
ST_297 : Operation 1443 [1/1] (2.13ns)   --->   "%icmp_ln382 = icmp_eq  i16 %trunc_ln382, i16 %block_end_V_1" [../../ip/ip2/channel_shuffle.cpp:382]   --->   Operation 1443 'icmp' 'icmp_ln382' <Predicate = true> <Delay = 2.13> <CoreInst = "Cmp">   --->   Core 9 'Cmp' <Latency = 0> <II = 1> <Delay = 2.13> <FuncUnit> <Opcode : 'icmp'> <InPorts = 2> <OutPorts = 1>
ST_297 : Operation 1444 [1/1] (0.00ns)   --->   "%br_ln382 = br i1 %icmp_ln382, void %for.inc577.split, void %for.body584.preheader" [../../ip/ip2/channel_shuffle.cpp:382]   --->   Operation 1444 'br' 'br_ln382' <Predicate = true> <Delay = 0.00>
ST_297 : Operation 1445 [1/1] (7.05ns)   --->   "%mul_ln1495_1 = mul i32 %c_V_3, i32 %ret_V_11"   --->   Operation 1445 'mul' 'mul_ln1495_1' <Predicate = (!icmp_ln382)> <Delay = 7.05> <CoreInst = "Multiplier">   --->   Core 3 'Multiplier' <Latency = 0> <II = 1> <Delay = 7.05> <FuncUnit> <Opcode : 'mul'> <InPorts = 2> <OutPorts = 1>
ST_297 : Operation 1446 [1/1] (0.00ns)   --->   "%lhs_V_45 = trunc i32 %c_V_3"   --->   Operation 1446 'trunc' 'lhs_V_45' <Predicate = (!icmp_ln382)> <Delay = 0.00>
ST_297 : Operation 1447 [1/1] (1.89ns)   --->   "%add_ln840_18 = add i32 %c_V_3, i32 1"   --->   Operation 1447 'add' 'add_ln840_18' <Predicate = (!icmp_ln382)> <Delay = 1.89> <CoreInst = "Adder">   --->   Core 1 'Adder' <Latency = 0> <II = 1> <Delay = 1.89> <FuncUnit> <Opcode : 'add' 'sub'> <InPorts = 2> <OutPorts = 1>
ST_297 : Operation 1448 [1/1] (1.29ns)   --->   "%br_ln388 = br void %for.body584" [../../ip/ip2/channel_shuffle.cpp:388]   --->   Operation 1448 'br' 'br_ln388' <Predicate = (icmp_ln382)> <Delay = 1.29>

State 298 <SV = 37> <Delay = 4.58>
ST_298 : Operation 1449 [1/1] (1.89ns)   --->   "%src_idx_V = add i32 %mul_ln1495_1, i32 %add_ln1495_1"   --->   Operation 1449 'add' 'src_idx_V' <Predicate = true> <Delay = 1.89> <CoreInst = "Adder">   --->   Core 1 'Adder' <Latency = 0> <II = 1> <Delay = 1.89> <FuncUnit> <Opcode : 'add' 'sub'> <InPorts = 2> <OutPorts = 1>
ST_298 : Operation 1450 [1/1] (0.00ns)   --->   "%zext_ln541_13 = zext i32 %src_idx_V"   --->   Operation 1450 'zext' 'zext_ln541_13' <Predicate = true> <Delay = 0.00>
ST_298 : Operation 1451 [1/1] (2.69ns)   --->   "%add_ln384 = add i64 %zext_ln541_13, i64 %out_r_read" [../../ip/ip2/channel_shuffle.cpp:384]   --->   Operation 1451 'add' 'add_ln384' <Predicate = true> <Delay = 2.69> <CoreInst = "Adder">   --->   Core 1 'Adder' <Latency = 0> <II = 1> <Delay = 2.69> <FuncUnit> <Opcode : 'add' 'sub'> <InPorts = 2> <OutPorts = 1>
ST_298 : Operation 1452 [1/1] (0.00ns)   --->   "%gmem_out_addr_2 = getelementptr i8 %gmem_out, i64 %add_ln384" [../../ip/ip2/channel_shuffle.cpp:384]   --->   Operation 1452 'getelementptr' 'gmem_out_addr_2' <Predicate = true> <Delay = 0.00>

State 299 <SV = 38> <Delay = 7.30>
ST_299 : Operation 1453 [7/7] (7.30ns)   --->   "%gmem_out_load_req = readreq i1 @_ssdm_op_ReadReq.m_axi.i8P1A, i8 %gmem_out_addr_2, i32 1" [../../ip/ip2/channel_shuffle.cpp:384]   --->   Operation 1453 'readreq' 'gmem_out_load_req' <Predicate = true> <Delay = 7.30> <CoreInst = "m_axi">   --->   Core 113 'm_axi' <Latency = 0> <II = 1> <Delay = 1.00> <Adapter> <Opcode : 'read' 'write' 'readreq' 'writereq' 'writeresp'>

State 300 <SV = 39> <Delay = 7.30>
ST_300 : Operation 1454 [6/7] (7.30ns)   --->   "%gmem_out_load_req = readreq i1 @_ssdm_op_ReadReq.m_axi.i8P1A, i8 %gmem_out_addr_2, i32 1" [../../ip/ip2/channel_shuffle.cpp:384]   --->   Operation 1454 'readreq' 'gmem_out_load_req' <Predicate = true> <Delay = 7.30> <CoreInst = "m_axi">   --->   Core 113 'm_axi' <Latency = 0> <II = 1> <Delay = 1.00> <Adapter> <Opcode : 'read' 'write' 'readreq' 'writereq' 'writeresp'>

State 301 <SV = 40> <Delay = 7.30>
ST_301 : Operation 1455 [5/7] (7.30ns)   --->   "%gmem_out_load_req = readreq i1 @_ssdm_op_ReadReq.m_axi.i8P1A, i8 %gmem_out_addr_2, i32 1" [../../ip/ip2/channel_shuffle.cpp:384]   --->   Operation 1455 'readreq' 'gmem_out_load_req' <Predicate = true> <Delay = 7.30> <CoreInst = "m_axi">   --->   Core 113 'm_axi' <Latency = 0> <II = 1> <Delay = 1.00> <Adapter> <Opcode : 'read' 'write' 'readreq' 'writereq' 'writeresp'>

State 302 <SV = 41> <Delay = 7.30>
ST_302 : Operation 1456 [4/7] (7.30ns)   --->   "%gmem_out_load_req = readreq i1 @_ssdm_op_ReadReq.m_axi.i8P1A, i8 %gmem_out_addr_2, i32 1" [../../ip/ip2/channel_shuffle.cpp:384]   --->   Operation 1456 'readreq' 'gmem_out_load_req' <Predicate = true> <Delay = 7.30> <CoreInst = "m_axi">   --->   Core 113 'm_axi' <Latency = 0> <II = 1> <Delay = 1.00> <Adapter> <Opcode : 'read' 'write' 'readreq' 'writereq' 'writeresp'>

State 303 <SV = 42> <Delay = 7.30>
ST_303 : Operation 1457 [3/7] (7.30ns)   --->   "%gmem_out_load_req = readreq i1 @_ssdm_op_ReadReq.m_axi.i8P1A, i8 %gmem_out_addr_2, i32 1" [../../ip/ip2/channel_shuffle.cpp:384]   --->   Operation 1457 'readreq' 'gmem_out_load_req' <Predicate = true> <Delay = 7.30> <CoreInst = "m_axi">   --->   Core 113 'm_axi' <Latency = 0> <II = 1> <Delay = 1.00> <Adapter> <Opcode : 'read' 'write' 'readreq' 'writereq' 'writeresp'>

State 304 <SV = 43> <Delay = 7.30>
ST_304 : Operation 1458 [2/7] (7.30ns)   --->   "%gmem_out_load_req = readreq i1 @_ssdm_op_ReadReq.m_axi.i8P1A, i8 %gmem_out_addr_2, i32 1" [../../ip/ip2/channel_shuffle.cpp:384]   --->   Operation 1458 'readreq' 'gmem_out_load_req' <Predicate = true> <Delay = 7.30> <CoreInst = "m_axi">   --->   Core 113 'm_axi' <Latency = 0> <II = 1> <Delay = 1.00> <Adapter> <Opcode : 'read' 'write' 'readreq' 'writereq' 'writeresp'>

State 305 <SV = 44> <Delay = 7.30>
ST_305 : Operation 1459 [1/7] (7.30ns)   --->   "%gmem_out_load_req = readreq i1 @_ssdm_op_ReadReq.m_axi.i8P1A, i8 %gmem_out_addr_2, i32 1" [../../ip/ip2/channel_shuffle.cpp:384]   --->   Operation 1459 'readreq' 'gmem_out_load_req' <Predicate = true> <Delay = 7.30> <CoreInst = "m_axi">   --->   Core 113 'm_axi' <Latency = 0> <II = 1> <Delay = 1.00> <Adapter> <Opcode : 'read' 'write' 'readreq' 'writereq' 'writeresp'>

State 306 <SV = 45> <Delay = 7.30>
ST_306 : Operation 1460 [1/1] (7.30ns)   --->   "%gmem_out_addr_2_read = read i8 @_ssdm_op_Read.m_axi.i8P1A, i8 %gmem_out_addr_2" [../../ip/ip2/channel_shuffle.cpp:384]   --->   Operation 1460 'read' 'gmem_out_addr_2_read' <Predicate = true> <Delay = 7.30> <CoreInst = "m_axi">   --->   Core 113 'm_axi' <Latency = 0> <II = 1> <Delay = 1.00> <Adapter> <Opcode : 'read' 'write' 'readreq' 'writereq' 'writeresp'>

State 307 <SV = 46> <Delay = 2.77>
ST_307 : Operation 1461 [1/1] (0.00ns)   --->   "%specloopname_ln382 = specloopname void @_ssdm_op_SpecLoopName, void @empty_27" [../../ip/ip2/channel_shuffle.cpp:382]   --->   Operation 1461 'specloopname' 'specloopname_ln382' <Predicate = true> <Delay = 0.00>
ST_307 : Operation 1462 [1/1] (0.00ns)   --->   "%zext_ln541_18 = zext i5 %lhs_V_45"   --->   Operation 1462 'zext' 'zext_ln541_18' <Predicate = true> <Delay = 0.00>
ST_307 : Operation 1463 [1/1] (0.00ns)   --->   "%shuffle_temp_V_addr = getelementptr i8 %shuffle_temp_V, i64 0, i64 %zext_ln541_18" [../../ip/ip2/channel_shuffle.cpp:384]   --->   Operation 1463 'getelementptr' 'shuffle_temp_V_addr' <Predicate = true> <Delay = 0.00>
ST_307 : Operation 1464 [1/1] (2.77ns)   --->   "%store_ln384 = store i8 %gmem_out_addr_2_read, i5 %shuffle_temp_V_addr" [../../ip/ip2/channel_shuffle.cpp:384]   --->   Operation 1464 'store' 'store_ln384' <Predicate = true> <Delay = 2.77> <CoreInst = "RAM_S2P_BRAM">   --->   Core 93 'RAM_S2P_BRAM' <Latency = 1> <II = 1> <Delay = 2.77> <Storage> <Opcode : 'load' 'store'> <Ports = 2> <Width = 8> <Depth = 32> <RAM>
ST_307 : Operation 1465 [1/1] (0.00ns)   --->   "%br_ln382 = br void %for.inc577" [../../ip/ip2/channel_shuffle.cpp:382]   --->   Operation 1465 'br' 'br_ln382' <Predicate = true> <Delay = 0.00>

State 308 <SV = 37> <Delay = 3.56>
ST_308 : Operation 1466 [1/1] (0.00ns)   --->   "%c_V_4 = phi i32 %add_ln840_24, void %for.inc604, i32 %zext_ln186_7, void %for.body584.preheader"   --->   Operation 1466 'phi' 'c_V_4' <Predicate = (icmp_ln1027_17)> <Delay = 0.00>
ST_308 : Operation 1467 [1/1] (0.00ns)   --->   "%trunc_ln388 = trunc i32 %c_V_4" [../../ip/ip2/channel_shuffle.cpp:388]   --->   Operation 1467 'trunc' 'trunc_ln388' <Predicate = (icmp_ln1027_17)> <Delay = 0.00>
ST_308 : Operation 1468 [1/1] (2.13ns)   --->   "%icmp_ln388 = icmp_eq  i16 %trunc_ln388, i16 %block_end_V_1" [../../ip/ip2/channel_shuffle.cpp:388]   --->   Operation 1468 'icmp' 'icmp_ln388' <Predicate = (icmp_ln1027_17)> <Delay = 2.13> <CoreInst = "Cmp">   --->   Core 9 'Cmp' <Latency = 0> <II = 1> <Delay = 2.13> <FuncUnit> <Opcode : 'icmp'> <InPorts = 2> <OutPorts = 1>
ST_308 : Operation 1469 [1/1] (0.00ns)   --->   "%br_ln388 = br i1 %icmp_ln388, void %for.body584.split, void %for.inc607.loopexit" [../../ip/ip2/channel_shuffle.cpp:388]   --->   Operation 1469 'br' 'br_ln388' <Predicate = (icmp_ln1027_17)> <Delay = 0.00>
ST_308 : Operation 1470 [36/36] (3.44ns)   --->   "%div_i_udiv = udiv i32 %c_V_4, i32 %rhs_V_12"   --->   Operation 1470 'udiv' 'div_i_udiv' <Predicate = (icmp_ln1027_17 & !icmp_ln388)> <Delay = 3.44> <CoreInst = "DivnS_SEQ">   --->   Core 7 'DivnS_SEQ' <Latency = 35> <II = 1> <Delay = 3.44> <FuncUnit> <Opcode : 'sdiv' 'srem' 'udiv' 'urem'> <InPorts = 2> <OutPorts = 1>
ST_308 : Operation 1471 [36/36] (3.56ns)   --->   "%ret_V_95 = urem i32 %c_V_4, i32 %rhs_V_12"   --->   Operation 1471 'urem' 'ret_V_95' <Predicate = (icmp_ln1027_17 & !icmp_ln388)> <Delay = 3.56> <CoreInst = "Divider">   --->   Core 6 'Divider' <Latency = 35> <II = 1> <Delay = 3.56> <FuncUnit> <Opcode : 'sdiv' 'srem' 'udiv' 'urem'> <InPorts = 2> <OutPorts = 1>
ST_308 : Operation 1472 [1/1] (0.00ns)   --->   "%br_ln0 = br void %for.inc607"   --->   Operation 1472 'br' 'br_ln0' <Predicate = (icmp_ln1027_17 & icmp_ln388)> <Delay = 0.00>
ST_308 : Operation 1473 [1/1] (0.00ns)   --->   "%br_ln377 = br void %for.body550" [../../ip/ip2/channel_shuffle.cpp:377]   --->   Operation 1473 'br' 'br_ln377' <Predicate = (icmp_ln388) | (!icmp_ln1027_17)> <Delay = 0.00>

State 309 <SV = 38> <Delay = 3.56>
ST_309 : Operation 1474 [35/36] (3.44ns)   --->   "%div_i_udiv = udiv i32 %c_V_4, i32 %rhs_V_12"   --->   Operation 1474 'udiv' 'div_i_udiv' <Predicate = true> <Delay = 3.44> <CoreInst = "DivnS_SEQ">   --->   Core 7 'DivnS_SEQ' <Latency = 35> <II = 1> <Delay = 3.44> <FuncUnit> <Opcode : 'sdiv' 'srem' 'udiv' 'urem'> <InPorts = 2> <OutPorts = 1>
ST_309 : Operation 1475 [35/36] (3.56ns)   --->   "%ret_V_95 = urem i32 %c_V_4, i32 %rhs_V_12"   --->   Operation 1475 'urem' 'ret_V_95' <Predicate = true> <Delay = 3.56> <CoreInst = "Divider">   --->   Core 6 'Divider' <Latency = 35> <II = 1> <Delay = 3.56> <FuncUnit> <Opcode : 'sdiv' 'srem' 'udiv' 'urem'> <InPorts = 2> <OutPorts = 1>

State 310 <SV = 39> <Delay = 3.56>
ST_310 : Operation 1476 [34/36] (3.44ns)   --->   "%div_i_udiv = udiv i32 %c_V_4, i32 %rhs_V_12"   --->   Operation 1476 'udiv' 'div_i_udiv' <Predicate = true> <Delay = 3.44> <CoreInst = "DivnS_SEQ">   --->   Core 7 'DivnS_SEQ' <Latency = 35> <II = 1> <Delay = 3.44> <FuncUnit> <Opcode : 'sdiv' 'srem' 'udiv' 'urem'> <InPorts = 2> <OutPorts = 1>
ST_310 : Operation 1477 [34/36] (3.56ns)   --->   "%ret_V_95 = urem i32 %c_V_4, i32 %rhs_V_12"   --->   Operation 1477 'urem' 'ret_V_95' <Predicate = true> <Delay = 3.56> <CoreInst = "Divider">   --->   Core 6 'Divider' <Latency = 35> <II = 1> <Delay = 3.56> <FuncUnit> <Opcode : 'sdiv' 'srem' 'udiv' 'urem'> <InPorts = 2> <OutPorts = 1>

State 311 <SV = 40> <Delay = 3.56>
ST_311 : Operation 1478 [33/36] (3.44ns)   --->   "%div_i_udiv = udiv i32 %c_V_4, i32 %rhs_V_12"   --->   Operation 1478 'udiv' 'div_i_udiv' <Predicate = true> <Delay = 3.44> <CoreInst = "DivnS_SEQ">   --->   Core 7 'DivnS_SEQ' <Latency = 35> <II = 1> <Delay = 3.44> <FuncUnit> <Opcode : 'sdiv' 'srem' 'udiv' 'urem'> <InPorts = 2> <OutPorts = 1>
ST_311 : Operation 1479 [33/36] (3.56ns)   --->   "%ret_V_95 = urem i32 %c_V_4, i32 %rhs_V_12"   --->   Operation 1479 'urem' 'ret_V_95' <Predicate = true> <Delay = 3.56> <CoreInst = "Divider">   --->   Core 6 'Divider' <Latency = 35> <II = 1> <Delay = 3.56> <FuncUnit> <Opcode : 'sdiv' 'srem' 'udiv' 'urem'> <InPorts = 2> <OutPorts = 1>

State 312 <SV = 41> <Delay = 3.56>
ST_312 : Operation 1480 [32/36] (3.44ns)   --->   "%div_i_udiv = udiv i32 %c_V_4, i32 %rhs_V_12"   --->   Operation 1480 'udiv' 'div_i_udiv' <Predicate = true> <Delay = 3.44> <CoreInst = "DivnS_SEQ">   --->   Core 7 'DivnS_SEQ' <Latency = 35> <II = 1> <Delay = 3.44> <FuncUnit> <Opcode : 'sdiv' 'srem' 'udiv' 'urem'> <InPorts = 2> <OutPorts = 1>
ST_312 : Operation 1481 [32/36] (3.56ns)   --->   "%ret_V_95 = urem i32 %c_V_4, i32 %rhs_V_12"   --->   Operation 1481 'urem' 'ret_V_95' <Predicate = true> <Delay = 3.56> <CoreInst = "Divider">   --->   Core 6 'Divider' <Latency = 35> <II = 1> <Delay = 3.56> <FuncUnit> <Opcode : 'sdiv' 'srem' 'udiv' 'urem'> <InPorts = 2> <OutPorts = 1>

State 313 <SV = 42> <Delay = 3.56>
ST_313 : Operation 1482 [31/36] (3.44ns)   --->   "%div_i_udiv = udiv i32 %c_V_4, i32 %rhs_V_12"   --->   Operation 1482 'udiv' 'div_i_udiv' <Predicate = true> <Delay = 3.44> <CoreInst = "DivnS_SEQ">   --->   Core 7 'DivnS_SEQ' <Latency = 35> <II = 1> <Delay = 3.44> <FuncUnit> <Opcode : 'sdiv' 'srem' 'udiv' 'urem'> <InPorts = 2> <OutPorts = 1>
ST_313 : Operation 1483 [31/36] (3.56ns)   --->   "%ret_V_95 = urem i32 %c_V_4, i32 %rhs_V_12"   --->   Operation 1483 'urem' 'ret_V_95' <Predicate = true> <Delay = 3.56> <CoreInst = "Divider">   --->   Core 6 'Divider' <Latency = 35> <II = 1> <Delay = 3.56> <FuncUnit> <Opcode : 'sdiv' 'srem' 'udiv' 'urem'> <InPorts = 2> <OutPorts = 1>

State 314 <SV = 43> <Delay = 3.56>
ST_314 : Operation 1484 [30/36] (3.44ns)   --->   "%div_i_udiv = udiv i32 %c_V_4, i32 %rhs_V_12"   --->   Operation 1484 'udiv' 'div_i_udiv' <Predicate = true> <Delay = 3.44> <CoreInst = "DivnS_SEQ">   --->   Core 7 'DivnS_SEQ' <Latency = 35> <II = 1> <Delay = 3.44> <FuncUnit> <Opcode : 'sdiv' 'srem' 'udiv' 'urem'> <InPorts = 2> <OutPorts = 1>
ST_314 : Operation 1485 [30/36] (3.56ns)   --->   "%ret_V_95 = urem i32 %c_V_4, i32 %rhs_V_12"   --->   Operation 1485 'urem' 'ret_V_95' <Predicate = true> <Delay = 3.56> <CoreInst = "Divider">   --->   Core 6 'Divider' <Latency = 35> <II = 1> <Delay = 3.56> <FuncUnit> <Opcode : 'sdiv' 'srem' 'udiv' 'urem'> <InPorts = 2> <OutPorts = 1>

State 315 <SV = 44> <Delay = 3.56>
ST_315 : Operation 1486 [29/36] (3.44ns)   --->   "%div_i_udiv = udiv i32 %c_V_4, i32 %rhs_V_12"   --->   Operation 1486 'udiv' 'div_i_udiv' <Predicate = true> <Delay = 3.44> <CoreInst = "DivnS_SEQ">   --->   Core 7 'DivnS_SEQ' <Latency = 35> <II = 1> <Delay = 3.44> <FuncUnit> <Opcode : 'sdiv' 'srem' 'udiv' 'urem'> <InPorts = 2> <OutPorts = 1>
ST_315 : Operation 1487 [29/36] (3.56ns)   --->   "%ret_V_95 = urem i32 %c_V_4, i32 %rhs_V_12"   --->   Operation 1487 'urem' 'ret_V_95' <Predicate = true> <Delay = 3.56> <CoreInst = "Divider">   --->   Core 6 'Divider' <Latency = 35> <II = 1> <Delay = 3.56> <FuncUnit> <Opcode : 'sdiv' 'srem' 'udiv' 'urem'> <InPorts = 2> <OutPorts = 1>

State 316 <SV = 45> <Delay = 3.56>
ST_316 : Operation 1488 [28/36] (3.44ns)   --->   "%div_i_udiv = udiv i32 %c_V_4, i32 %rhs_V_12"   --->   Operation 1488 'udiv' 'div_i_udiv' <Predicate = true> <Delay = 3.44> <CoreInst = "DivnS_SEQ">   --->   Core 7 'DivnS_SEQ' <Latency = 35> <II = 1> <Delay = 3.44> <FuncUnit> <Opcode : 'sdiv' 'srem' 'udiv' 'urem'> <InPorts = 2> <OutPorts = 1>
ST_316 : Operation 1489 [28/36] (3.56ns)   --->   "%ret_V_95 = urem i32 %c_V_4, i32 %rhs_V_12"   --->   Operation 1489 'urem' 'ret_V_95' <Predicate = true> <Delay = 3.56> <CoreInst = "Divider">   --->   Core 6 'Divider' <Latency = 35> <II = 1> <Delay = 3.56> <FuncUnit> <Opcode : 'sdiv' 'srem' 'udiv' 'urem'> <InPorts = 2> <OutPorts = 1>

State 317 <SV = 46> <Delay = 3.56>
ST_317 : Operation 1490 [27/36] (3.44ns)   --->   "%div_i_udiv = udiv i32 %c_V_4, i32 %rhs_V_12"   --->   Operation 1490 'udiv' 'div_i_udiv' <Predicate = true> <Delay = 3.44> <CoreInst = "DivnS_SEQ">   --->   Core 7 'DivnS_SEQ' <Latency = 35> <II = 1> <Delay = 3.44> <FuncUnit> <Opcode : 'sdiv' 'srem' 'udiv' 'urem'> <InPorts = 2> <OutPorts = 1>
ST_317 : Operation 1491 [27/36] (3.56ns)   --->   "%ret_V_95 = urem i32 %c_V_4, i32 %rhs_V_12"   --->   Operation 1491 'urem' 'ret_V_95' <Predicate = true> <Delay = 3.56> <CoreInst = "Divider">   --->   Core 6 'Divider' <Latency = 35> <II = 1> <Delay = 3.56> <FuncUnit> <Opcode : 'sdiv' 'srem' 'udiv' 'urem'> <InPorts = 2> <OutPorts = 1>

State 318 <SV = 47> <Delay = 3.56>
ST_318 : Operation 1492 [26/36] (3.44ns)   --->   "%div_i_udiv = udiv i32 %c_V_4, i32 %rhs_V_12"   --->   Operation 1492 'udiv' 'div_i_udiv' <Predicate = true> <Delay = 3.44> <CoreInst = "DivnS_SEQ">   --->   Core 7 'DivnS_SEQ' <Latency = 35> <II = 1> <Delay = 3.44> <FuncUnit> <Opcode : 'sdiv' 'srem' 'udiv' 'urem'> <InPorts = 2> <OutPorts = 1>
ST_318 : Operation 1493 [26/36] (3.56ns)   --->   "%ret_V_95 = urem i32 %c_V_4, i32 %rhs_V_12"   --->   Operation 1493 'urem' 'ret_V_95' <Predicate = true> <Delay = 3.56> <CoreInst = "Divider">   --->   Core 6 'Divider' <Latency = 35> <II = 1> <Delay = 3.56> <FuncUnit> <Opcode : 'sdiv' 'srem' 'udiv' 'urem'> <InPorts = 2> <OutPorts = 1>

State 319 <SV = 48> <Delay = 3.56>
ST_319 : Operation 1494 [25/36] (3.44ns)   --->   "%div_i_udiv = udiv i32 %c_V_4, i32 %rhs_V_12"   --->   Operation 1494 'udiv' 'div_i_udiv' <Predicate = true> <Delay = 3.44> <CoreInst = "DivnS_SEQ">   --->   Core 7 'DivnS_SEQ' <Latency = 35> <II = 1> <Delay = 3.44> <FuncUnit> <Opcode : 'sdiv' 'srem' 'udiv' 'urem'> <InPorts = 2> <OutPorts = 1>
ST_319 : Operation 1495 [25/36] (3.56ns)   --->   "%ret_V_95 = urem i32 %c_V_4, i32 %rhs_V_12"   --->   Operation 1495 'urem' 'ret_V_95' <Predicate = true> <Delay = 3.56> <CoreInst = "Divider">   --->   Core 6 'Divider' <Latency = 35> <II = 1> <Delay = 3.56> <FuncUnit> <Opcode : 'sdiv' 'srem' 'udiv' 'urem'> <InPorts = 2> <OutPorts = 1>

State 320 <SV = 49> <Delay = 3.56>
ST_320 : Operation 1496 [24/36] (3.44ns)   --->   "%div_i_udiv = udiv i32 %c_V_4, i32 %rhs_V_12"   --->   Operation 1496 'udiv' 'div_i_udiv' <Predicate = true> <Delay = 3.44> <CoreInst = "DivnS_SEQ">   --->   Core 7 'DivnS_SEQ' <Latency = 35> <II = 1> <Delay = 3.44> <FuncUnit> <Opcode : 'sdiv' 'srem' 'udiv' 'urem'> <InPorts = 2> <OutPorts = 1>
ST_320 : Operation 1497 [24/36] (3.56ns)   --->   "%ret_V_95 = urem i32 %c_V_4, i32 %rhs_V_12"   --->   Operation 1497 'urem' 'ret_V_95' <Predicate = true> <Delay = 3.56> <CoreInst = "Divider">   --->   Core 6 'Divider' <Latency = 35> <II = 1> <Delay = 3.56> <FuncUnit> <Opcode : 'sdiv' 'srem' 'udiv' 'urem'> <InPorts = 2> <OutPorts = 1>

State 321 <SV = 50> <Delay = 3.56>
ST_321 : Operation 1498 [23/36] (3.44ns)   --->   "%div_i_udiv = udiv i32 %c_V_4, i32 %rhs_V_12"   --->   Operation 1498 'udiv' 'div_i_udiv' <Predicate = true> <Delay = 3.44> <CoreInst = "DivnS_SEQ">   --->   Core 7 'DivnS_SEQ' <Latency = 35> <II = 1> <Delay = 3.44> <FuncUnit> <Opcode : 'sdiv' 'srem' 'udiv' 'urem'> <InPorts = 2> <OutPorts = 1>
ST_321 : Operation 1499 [23/36] (3.56ns)   --->   "%ret_V_95 = urem i32 %c_V_4, i32 %rhs_V_12"   --->   Operation 1499 'urem' 'ret_V_95' <Predicate = true> <Delay = 3.56> <CoreInst = "Divider">   --->   Core 6 'Divider' <Latency = 35> <II = 1> <Delay = 3.56> <FuncUnit> <Opcode : 'sdiv' 'srem' 'udiv' 'urem'> <InPorts = 2> <OutPorts = 1>

State 322 <SV = 51> <Delay = 3.56>
ST_322 : Operation 1500 [22/36] (3.44ns)   --->   "%div_i_udiv = udiv i32 %c_V_4, i32 %rhs_V_12"   --->   Operation 1500 'udiv' 'div_i_udiv' <Predicate = true> <Delay = 3.44> <CoreInst = "DivnS_SEQ">   --->   Core 7 'DivnS_SEQ' <Latency = 35> <II = 1> <Delay = 3.44> <FuncUnit> <Opcode : 'sdiv' 'srem' 'udiv' 'urem'> <InPorts = 2> <OutPorts = 1>
ST_322 : Operation 1501 [22/36] (3.56ns)   --->   "%ret_V_95 = urem i32 %c_V_4, i32 %rhs_V_12"   --->   Operation 1501 'urem' 'ret_V_95' <Predicate = true> <Delay = 3.56> <CoreInst = "Divider">   --->   Core 6 'Divider' <Latency = 35> <II = 1> <Delay = 3.56> <FuncUnit> <Opcode : 'sdiv' 'srem' 'udiv' 'urem'> <InPorts = 2> <OutPorts = 1>

State 323 <SV = 52> <Delay = 3.56>
ST_323 : Operation 1502 [21/36] (3.44ns)   --->   "%div_i_udiv = udiv i32 %c_V_4, i32 %rhs_V_12"   --->   Operation 1502 'udiv' 'div_i_udiv' <Predicate = true> <Delay = 3.44> <CoreInst = "DivnS_SEQ">   --->   Core 7 'DivnS_SEQ' <Latency = 35> <II = 1> <Delay = 3.44> <FuncUnit> <Opcode : 'sdiv' 'srem' 'udiv' 'urem'> <InPorts = 2> <OutPorts = 1>
ST_323 : Operation 1503 [21/36] (3.56ns)   --->   "%ret_V_95 = urem i32 %c_V_4, i32 %rhs_V_12"   --->   Operation 1503 'urem' 'ret_V_95' <Predicate = true> <Delay = 3.56> <CoreInst = "Divider">   --->   Core 6 'Divider' <Latency = 35> <II = 1> <Delay = 3.56> <FuncUnit> <Opcode : 'sdiv' 'srem' 'udiv' 'urem'> <InPorts = 2> <OutPorts = 1>

State 324 <SV = 53> <Delay = 3.56>
ST_324 : Operation 1504 [20/36] (3.44ns)   --->   "%div_i_udiv = udiv i32 %c_V_4, i32 %rhs_V_12"   --->   Operation 1504 'udiv' 'div_i_udiv' <Predicate = true> <Delay = 3.44> <CoreInst = "DivnS_SEQ">   --->   Core 7 'DivnS_SEQ' <Latency = 35> <II = 1> <Delay = 3.44> <FuncUnit> <Opcode : 'sdiv' 'srem' 'udiv' 'urem'> <InPorts = 2> <OutPorts = 1>
ST_324 : Operation 1505 [20/36] (3.56ns)   --->   "%ret_V_95 = urem i32 %c_V_4, i32 %rhs_V_12"   --->   Operation 1505 'urem' 'ret_V_95' <Predicate = true> <Delay = 3.56> <CoreInst = "Divider">   --->   Core 6 'Divider' <Latency = 35> <II = 1> <Delay = 3.56> <FuncUnit> <Opcode : 'sdiv' 'srem' 'udiv' 'urem'> <InPorts = 2> <OutPorts = 1>

State 325 <SV = 54> <Delay = 3.56>
ST_325 : Operation 1506 [19/36] (3.44ns)   --->   "%div_i_udiv = udiv i32 %c_V_4, i32 %rhs_V_12"   --->   Operation 1506 'udiv' 'div_i_udiv' <Predicate = true> <Delay = 3.44> <CoreInst = "DivnS_SEQ">   --->   Core 7 'DivnS_SEQ' <Latency = 35> <II = 1> <Delay = 3.44> <FuncUnit> <Opcode : 'sdiv' 'srem' 'udiv' 'urem'> <InPorts = 2> <OutPorts = 1>
ST_325 : Operation 1507 [19/36] (3.56ns)   --->   "%ret_V_95 = urem i32 %c_V_4, i32 %rhs_V_12"   --->   Operation 1507 'urem' 'ret_V_95' <Predicate = true> <Delay = 3.56> <CoreInst = "Divider">   --->   Core 6 'Divider' <Latency = 35> <II = 1> <Delay = 3.56> <FuncUnit> <Opcode : 'sdiv' 'srem' 'udiv' 'urem'> <InPorts = 2> <OutPorts = 1>

State 326 <SV = 55> <Delay = 3.56>
ST_326 : Operation 1508 [18/36] (3.44ns)   --->   "%div_i_udiv = udiv i32 %c_V_4, i32 %rhs_V_12"   --->   Operation 1508 'udiv' 'div_i_udiv' <Predicate = true> <Delay = 3.44> <CoreInst = "DivnS_SEQ">   --->   Core 7 'DivnS_SEQ' <Latency = 35> <II = 1> <Delay = 3.44> <FuncUnit> <Opcode : 'sdiv' 'srem' 'udiv' 'urem'> <InPorts = 2> <OutPorts = 1>
ST_326 : Operation 1509 [18/36] (3.56ns)   --->   "%ret_V_95 = urem i32 %c_V_4, i32 %rhs_V_12"   --->   Operation 1509 'urem' 'ret_V_95' <Predicate = true> <Delay = 3.56> <CoreInst = "Divider">   --->   Core 6 'Divider' <Latency = 35> <II = 1> <Delay = 3.56> <FuncUnit> <Opcode : 'sdiv' 'srem' 'udiv' 'urem'> <InPorts = 2> <OutPorts = 1>

State 327 <SV = 56> <Delay = 3.56>
ST_327 : Operation 1510 [17/36] (3.44ns)   --->   "%div_i_udiv = udiv i32 %c_V_4, i32 %rhs_V_12"   --->   Operation 1510 'udiv' 'div_i_udiv' <Predicate = true> <Delay = 3.44> <CoreInst = "DivnS_SEQ">   --->   Core 7 'DivnS_SEQ' <Latency = 35> <II = 1> <Delay = 3.44> <FuncUnit> <Opcode : 'sdiv' 'srem' 'udiv' 'urem'> <InPorts = 2> <OutPorts = 1>
ST_327 : Operation 1511 [17/36] (3.56ns)   --->   "%ret_V_95 = urem i32 %c_V_4, i32 %rhs_V_12"   --->   Operation 1511 'urem' 'ret_V_95' <Predicate = true> <Delay = 3.56> <CoreInst = "Divider">   --->   Core 6 'Divider' <Latency = 35> <II = 1> <Delay = 3.56> <FuncUnit> <Opcode : 'sdiv' 'srem' 'udiv' 'urem'> <InPorts = 2> <OutPorts = 1>

State 328 <SV = 57> <Delay = 3.56>
ST_328 : Operation 1512 [16/36] (3.44ns)   --->   "%div_i_udiv = udiv i32 %c_V_4, i32 %rhs_V_12"   --->   Operation 1512 'udiv' 'div_i_udiv' <Predicate = true> <Delay = 3.44> <CoreInst = "DivnS_SEQ">   --->   Core 7 'DivnS_SEQ' <Latency = 35> <II = 1> <Delay = 3.44> <FuncUnit> <Opcode : 'sdiv' 'srem' 'udiv' 'urem'> <InPorts = 2> <OutPorts = 1>
ST_328 : Operation 1513 [16/36] (3.56ns)   --->   "%ret_V_95 = urem i32 %c_V_4, i32 %rhs_V_12"   --->   Operation 1513 'urem' 'ret_V_95' <Predicate = true> <Delay = 3.56> <CoreInst = "Divider">   --->   Core 6 'Divider' <Latency = 35> <II = 1> <Delay = 3.56> <FuncUnit> <Opcode : 'sdiv' 'srem' 'udiv' 'urem'> <InPorts = 2> <OutPorts = 1>

State 329 <SV = 58> <Delay = 3.56>
ST_329 : Operation 1514 [15/36] (3.44ns)   --->   "%div_i_udiv = udiv i32 %c_V_4, i32 %rhs_V_12"   --->   Operation 1514 'udiv' 'div_i_udiv' <Predicate = true> <Delay = 3.44> <CoreInst = "DivnS_SEQ">   --->   Core 7 'DivnS_SEQ' <Latency = 35> <II = 1> <Delay = 3.44> <FuncUnit> <Opcode : 'sdiv' 'srem' 'udiv' 'urem'> <InPorts = 2> <OutPorts = 1>
ST_329 : Operation 1515 [15/36] (3.56ns)   --->   "%ret_V_95 = urem i32 %c_V_4, i32 %rhs_V_12"   --->   Operation 1515 'urem' 'ret_V_95' <Predicate = true> <Delay = 3.56> <CoreInst = "Divider">   --->   Core 6 'Divider' <Latency = 35> <II = 1> <Delay = 3.56> <FuncUnit> <Opcode : 'sdiv' 'srem' 'udiv' 'urem'> <InPorts = 2> <OutPorts = 1>

State 330 <SV = 59> <Delay = 3.56>
ST_330 : Operation 1516 [14/36] (3.44ns)   --->   "%div_i_udiv = udiv i32 %c_V_4, i32 %rhs_V_12"   --->   Operation 1516 'udiv' 'div_i_udiv' <Predicate = true> <Delay = 3.44> <CoreInst = "DivnS_SEQ">   --->   Core 7 'DivnS_SEQ' <Latency = 35> <II = 1> <Delay = 3.44> <FuncUnit> <Opcode : 'sdiv' 'srem' 'udiv' 'urem'> <InPorts = 2> <OutPorts = 1>
ST_330 : Operation 1517 [14/36] (3.56ns)   --->   "%ret_V_95 = urem i32 %c_V_4, i32 %rhs_V_12"   --->   Operation 1517 'urem' 'ret_V_95' <Predicate = true> <Delay = 3.56> <CoreInst = "Divider">   --->   Core 6 'Divider' <Latency = 35> <II = 1> <Delay = 3.56> <FuncUnit> <Opcode : 'sdiv' 'srem' 'udiv' 'urem'> <InPorts = 2> <OutPorts = 1>

State 331 <SV = 60> <Delay = 3.56>
ST_331 : Operation 1518 [13/36] (3.44ns)   --->   "%div_i_udiv = udiv i32 %c_V_4, i32 %rhs_V_12"   --->   Operation 1518 'udiv' 'div_i_udiv' <Predicate = true> <Delay = 3.44> <CoreInst = "DivnS_SEQ">   --->   Core 7 'DivnS_SEQ' <Latency = 35> <II = 1> <Delay = 3.44> <FuncUnit> <Opcode : 'sdiv' 'srem' 'udiv' 'urem'> <InPorts = 2> <OutPorts = 1>
ST_331 : Operation 1519 [13/36] (3.56ns)   --->   "%ret_V_95 = urem i32 %c_V_4, i32 %rhs_V_12"   --->   Operation 1519 'urem' 'ret_V_95' <Predicate = true> <Delay = 3.56> <CoreInst = "Divider">   --->   Core 6 'Divider' <Latency = 35> <II = 1> <Delay = 3.56> <FuncUnit> <Opcode : 'sdiv' 'srem' 'udiv' 'urem'> <InPorts = 2> <OutPorts = 1>

State 332 <SV = 61> <Delay = 3.56>
ST_332 : Operation 1520 [12/36] (3.44ns)   --->   "%div_i_udiv = udiv i32 %c_V_4, i32 %rhs_V_12"   --->   Operation 1520 'udiv' 'div_i_udiv' <Predicate = true> <Delay = 3.44> <CoreInst = "DivnS_SEQ">   --->   Core 7 'DivnS_SEQ' <Latency = 35> <II = 1> <Delay = 3.44> <FuncUnit> <Opcode : 'sdiv' 'srem' 'udiv' 'urem'> <InPorts = 2> <OutPorts = 1>
ST_332 : Operation 1521 [12/36] (3.56ns)   --->   "%ret_V_95 = urem i32 %c_V_4, i32 %rhs_V_12"   --->   Operation 1521 'urem' 'ret_V_95' <Predicate = true> <Delay = 3.56> <CoreInst = "Divider">   --->   Core 6 'Divider' <Latency = 35> <II = 1> <Delay = 3.56> <FuncUnit> <Opcode : 'sdiv' 'srem' 'udiv' 'urem'> <InPorts = 2> <OutPorts = 1>

State 333 <SV = 62> <Delay = 3.56>
ST_333 : Operation 1522 [11/36] (3.44ns)   --->   "%div_i_udiv = udiv i32 %c_V_4, i32 %rhs_V_12"   --->   Operation 1522 'udiv' 'div_i_udiv' <Predicate = true> <Delay = 3.44> <CoreInst = "DivnS_SEQ">   --->   Core 7 'DivnS_SEQ' <Latency = 35> <II = 1> <Delay = 3.44> <FuncUnit> <Opcode : 'sdiv' 'srem' 'udiv' 'urem'> <InPorts = 2> <OutPorts = 1>
ST_333 : Operation 1523 [11/36] (3.56ns)   --->   "%ret_V_95 = urem i32 %c_V_4, i32 %rhs_V_12"   --->   Operation 1523 'urem' 'ret_V_95' <Predicate = true> <Delay = 3.56> <CoreInst = "Divider">   --->   Core 6 'Divider' <Latency = 35> <II = 1> <Delay = 3.56> <FuncUnit> <Opcode : 'sdiv' 'srem' 'udiv' 'urem'> <InPorts = 2> <OutPorts = 1>

State 334 <SV = 63> <Delay = 3.56>
ST_334 : Operation 1524 [10/36] (3.44ns)   --->   "%div_i_udiv = udiv i32 %c_V_4, i32 %rhs_V_12"   --->   Operation 1524 'udiv' 'div_i_udiv' <Predicate = true> <Delay = 3.44> <CoreInst = "DivnS_SEQ">   --->   Core 7 'DivnS_SEQ' <Latency = 35> <II = 1> <Delay = 3.44> <FuncUnit> <Opcode : 'sdiv' 'srem' 'udiv' 'urem'> <InPorts = 2> <OutPorts = 1>
ST_334 : Operation 1525 [10/36] (3.56ns)   --->   "%ret_V_95 = urem i32 %c_V_4, i32 %rhs_V_12"   --->   Operation 1525 'urem' 'ret_V_95' <Predicate = true> <Delay = 3.56> <CoreInst = "Divider">   --->   Core 6 'Divider' <Latency = 35> <II = 1> <Delay = 3.56> <FuncUnit> <Opcode : 'sdiv' 'srem' 'udiv' 'urem'> <InPorts = 2> <OutPorts = 1>

State 335 <SV = 64> <Delay = 3.56>
ST_335 : Operation 1526 [9/36] (3.44ns)   --->   "%div_i_udiv = udiv i32 %c_V_4, i32 %rhs_V_12"   --->   Operation 1526 'udiv' 'div_i_udiv' <Predicate = true> <Delay = 3.44> <CoreInst = "DivnS_SEQ">   --->   Core 7 'DivnS_SEQ' <Latency = 35> <II = 1> <Delay = 3.44> <FuncUnit> <Opcode : 'sdiv' 'srem' 'udiv' 'urem'> <InPorts = 2> <OutPorts = 1>
ST_335 : Operation 1527 [9/36] (3.56ns)   --->   "%ret_V_95 = urem i32 %c_V_4, i32 %rhs_V_12"   --->   Operation 1527 'urem' 'ret_V_95' <Predicate = true> <Delay = 3.56> <CoreInst = "Divider">   --->   Core 6 'Divider' <Latency = 35> <II = 1> <Delay = 3.56> <FuncUnit> <Opcode : 'sdiv' 'srem' 'udiv' 'urem'> <InPorts = 2> <OutPorts = 1>

State 336 <SV = 65> <Delay = 3.56>
ST_336 : Operation 1528 [8/36] (3.44ns)   --->   "%div_i_udiv = udiv i32 %c_V_4, i32 %rhs_V_12"   --->   Operation 1528 'udiv' 'div_i_udiv' <Predicate = true> <Delay = 3.44> <CoreInst = "DivnS_SEQ">   --->   Core 7 'DivnS_SEQ' <Latency = 35> <II = 1> <Delay = 3.44> <FuncUnit> <Opcode : 'sdiv' 'srem' 'udiv' 'urem'> <InPorts = 2> <OutPorts = 1>
ST_336 : Operation 1529 [8/36] (3.56ns)   --->   "%ret_V_95 = urem i32 %c_V_4, i32 %rhs_V_12"   --->   Operation 1529 'urem' 'ret_V_95' <Predicate = true> <Delay = 3.56> <CoreInst = "Divider">   --->   Core 6 'Divider' <Latency = 35> <II = 1> <Delay = 3.56> <FuncUnit> <Opcode : 'sdiv' 'srem' 'udiv' 'urem'> <InPorts = 2> <OutPorts = 1>

State 337 <SV = 66> <Delay = 3.56>
ST_337 : Operation 1530 [7/36] (3.44ns)   --->   "%div_i_udiv = udiv i32 %c_V_4, i32 %rhs_V_12"   --->   Operation 1530 'udiv' 'div_i_udiv' <Predicate = true> <Delay = 3.44> <CoreInst = "DivnS_SEQ">   --->   Core 7 'DivnS_SEQ' <Latency = 35> <II = 1> <Delay = 3.44> <FuncUnit> <Opcode : 'sdiv' 'srem' 'udiv' 'urem'> <InPorts = 2> <OutPorts = 1>
ST_337 : Operation 1531 [7/36] (3.56ns)   --->   "%ret_V_95 = urem i32 %c_V_4, i32 %rhs_V_12"   --->   Operation 1531 'urem' 'ret_V_95' <Predicate = true> <Delay = 3.56> <CoreInst = "Divider">   --->   Core 6 'Divider' <Latency = 35> <II = 1> <Delay = 3.56> <FuncUnit> <Opcode : 'sdiv' 'srem' 'udiv' 'urem'> <InPorts = 2> <OutPorts = 1>

State 338 <SV = 67> <Delay = 3.56>
ST_338 : Operation 1532 [6/36] (3.44ns)   --->   "%div_i_udiv = udiv i32 %c_V_4, i32 %rhs_V_12"   --->   Operation 1532 'udiv' 'div_i_udiv' <Predicate = true> <Delay = 3.44> <CoreInst = "DivnS_SEQ">   --->   Core 7 'DivnS_SEQ' <Latency = 35> <II = 1> <Delay = 3.44> <FuncUnit> <Opcode : 'sdiv' 'srem' 'udiv' 'urem'> <InPorts = 2> <OutPorts = 1>
ST_338 : Operation 1533 [6/36] (3.56ns)   --->   "%ret_V_95 = urem i32 %c_V_4, i32 %rhs_V_12"   --->   Operation 1533 'urem' 'ret_V_95' <Predicate = true> <Delay = 3.56> <CoreInst = "Divider">   --->   Core 6 'Divider' <Latency = 35> <II = 1> <Delay = 3.56> <FuncUnit> <Opcode : 'sdiv' 'srem' 'udiv' 'urem'> <InPorts = 2> <OutPorts = 1>

State 339 <SV = 68> <Delay = 3.56>
ST_339 : Operation 1534 [5/36] (3.44ns)   --->   "%div_i_udiv = udiv i32 %c_V_4, i32 %rhs_V_12"   --->   Operation 1534 'udiv' 'div_i_udiv' <Predicate = true> <Delay = 3.44> <CoreInst = "DivnS_SEQ">   --->   Core 7 'DivnS_SEQ' <Latency = 35> <II = 1> <Delay = 3.44> <FuncUnit> <Opcode : 'sdiv' 'srem' 'udiv' 'urem'> <InPorts = 2> <OutPorts = 1>
ST_339 : Operation 1535 [5/36] (3.56ns)   --->   "%ret_V_95 = urem i32 %c_V_4, i32 %rhs_V_12"   --->   Operation 1535 'urem' 'ret_V_95' <Predicate = true> <Delay = 3.56> <CoreInst = "Divider">   --->   Core 6 'Divider' <Latency = 35> <II = 1> <Delay = 3.56> <FuncUnit> <Opcode : 'sdiv' 'srem' 'udiv' 'urem'> <InPorts = 2> <OutPorts = 1>

State 340 <SV = 69> <Delay = 3.56>
ST_340 : Operation 1536 [4/36] (3.44ns)   --->   "%div_i_udiv = udiv i32 %c_V_4, i32 %rhs_V_12"   --->   Operation 1536 'udiv' 'div_i_udiv' <Predicate = true> <Delay = 3.44> <CoreInst = "DivnS_SEQ">   --->   Core 7 'DivnS_SEQ' <Latency = 35> <II = 1> <Delay = 3.44> <FuncUnit> <Opcode : 'sdiv' 'srem' 'udiv' 'urem'> <InPorts = 2> <OutPorts = 1>
ST_340 : Operation 1537 [4/36] (3.56ns)   --->   "%ret_V_95 = urem i32 %c_V_4, i32 %rhs_V_12"   --->   Operation 1537 'urem' 'ret_V_95' <Predicate = true> <Delay = 3.56> <CoreInst = "Divider">   --->   Core 6 'Divider' <Latency = 35> <II = 1> <Delay = 3.56> <FuncUnit> <Opcode : 'sdiv' 'srem' 'udiv' 'urem'> <InPorts = 2> <OutPorts = 1>

State 341 <SV = 70> <Delay = 3.56>
ST_341 : Operation 1538 [3/36] (3.44ns)   --->   "%div_i_udiv = udiv i32 %c_V_4, i32 %rhs_V_12"   --->   Operation 1538 'udiv' 'div_i_udiv' <Predicate = true> <Delay = 3.44> <CoreInst = "DivnS_SEQ">   --->   Core 7 'DivnS_SEQ' <Latency = 35> <II = 1> <Delay = 3.44> <FuncUnit> <Opcode : 'sdiv' 'srem' 'udiv' 'urem'> <InPorts = 2> <OutPorts = 1>
ST_341 : Operation 1539 [3/36] (3.56ns)   --->   "%ret_V_95 = urem i32 %c_V_4, i32 %rhs_V_12"   --->   Operation 1539 'urem' 'ret_V_95' <Predicate = true> <Delay = 3.56> <CoreInst = "Divider">   --->   Core 6 'Divider' <Latency = 35> <II = 1> <Delay = 3.56> <FuncUnit> <Opcode : 'sdiv' 'srem' 'udiv' 'urem'> <InPorts = 2> <OutPorts = 1>

State 342 <SV = 71> <Delay = 3.56>
ST_342 : Operation 1540 [2/36] (3.44ns)   --->   "%div_i_udiv = udiv i32 %c_V_4, i32 %rhs_V_12"   --->   Operation 1540 'udiv' 'div_i_udiv' <Predicate = true> <Delay = 3.44> <CoreInst = "DivnS_SEQ">   --->   Core 7 'DivnS_SEQ' <Latency = 35> <II = 1> <Delay = 3.44> <FuncUnit> <Opcode : 'sdiv' 'srem' 'udiv' 'urem'> <InPorts = 2> <OutPorts = 1>
ST_342 : Operation 1541 [2/36] (3.56ns)   --->   "%ret_V_95 = urem i32 %c_V_4, i32 %rhs_V_12"   --->   Operation 1541 'urem' 'ret_V_95' <Predicate = true> <Delay = 3.56> <CoreInst = "Divider">   --->   Core 6 'Divider' <Latency = 35> <II = 1> <Delay = 3.56> <FuncUnit> <Opcode : 'sdiv' 'srem' 'udiv' 'urem'> <InPorts = 2> <OutPorts = 1>

State 343 <SV = 72> <Delay = 5.82>
ST_343 : Operation 1542 [1/36] (3.44ns)   --->   "%div_i_udiv = udiv i32 %c_V_4, i32 %rhs_V_12"   --->   Operation 1542 'udiv' 'div_i_udiv' <Predicate = true> <Delay = 3.44> <CoreInst = "DivnS_SEQ">   --->   Core 7 'DivnS_SEQ' <Latency = 35> <II = 1> <Delay = 3.44> <FuncUnit> <Opcode : 'sdiv' 'srem' 'udiv' 'urem'> <InPorts = 2> <OutPorts = 1>
ST_343 : Operation 1543 [1/1] (0.00ns) (grouped into LUT with out node and_ln186)   --->   "%ret_V_94 = trunc i1 %div_i_udiv"   --->   Operation 1543 'trunc' 'ret_V_94' <Predicate = true> <Delay = 0.00>
ST_343 : Operation 1544 [1/36] (3.56ns)   --->   "%ret_V_95 = urem i32 %c_V_4, i32 %rhs_V_12"   --->   Operation 1544 'urem' 'ret_V_95' <Predicate = true> <Delay = 3.56> <CoreInst = "Divider">   --->   Core 6 'Divider' <Latency = 35> <II = 1> <Delay = 3.56> <FuncUnit> <Opcode : 'sdiv' 'srem' 'udiv' 'urem'> <InPorts = 2> <OutPorts = 1>
ST_343 : Operation 1545 [1/1] (0.00ns)   --->   "%trunc_ln1514 = trunc i16 %ret_V_95"   --->   Operation 1545 'trunc' 'trunc_ln1514' <Predicate = true> <Delay = 0.00>
ST_343 : Operation 1546 [1/1] (0.00ns) (grouped into LUT with out node and_ln186)   --->   "%new_group_idx_V = xor i1 %ret_V_94, i1 1"   --->   Operation 1546 'xor' 'new_group_idx_V' <Predicate = true> <Delay = 0.00> <CoreInst = "LogicGate">   --->   Core 74 'LogicGate' <Latency = 0> <II = 1> <Delay = 0.80> <FuncUnit> <Opcode : 'and' 'or' 'xor'> <InPorts = 2> <OutPorts = 1>
ST_343 : Operation 1547 [1/1] (0.00ns) (grouped into LUT with out node and_ln186)   --->   "%select_ln186 = select i1 %new_group_idx_V, i15 32767, i15 0"   --->   Operation 1547 'select' 'select_ln186' <Predicate = true> <Delay = 0.00> <CoreInst = "Sel">   --->   Core 73 'Sel' <Latency = 0> <II = 1> <Delay = 0.81> <FuncUnit> <Opcode : 'select'> <InPorts = 3> <OutPorts = 1>
ST_343 : Operation 1548 [1/1] (0.83ns) (out node of the LUT)   --->   "%and_ln186 = and i15 %group_size_V, i15 %select_ln186"   --->   Operation 1548 'and' 'and_ln186' <Predicate = true> <Delay = 0.83> <CoreInst = "LogicGate">   --->   Core 74 'LogicGate' <Latency = 0> <II = 1> <Delay = 0.83> <FuncUnit> <Opcode : 'and' 'or' 'xor'> <InPorts = 2> <OutPorts = 1>
ST_343 : Operation 1549 [1/1] (0.00ns)   --->   "%zext_ln186_9 = zext i15 %and_ln186"   --->   Operation 1549 'zext' 'zext_ln186_9' <Predicate = true> <Delay = 0.00>
ST_343 : Operation 1550 [1/1] (0.00ns)   --->   "%trunc_ln186_2 = trunc i16 %ret_V_95"   --->   Operation 1550 'trunc' 'trunc_ln186_2' <Predicate = true> <Delay = 0.00>
ST_343 : Operation 1551 [1/1] (0.00ns)   --->   "%trunc_ln186_3 = trunc i15 %and_ln186"   --->   Operation 1551 'trunc' 'trunc_ln186_3' <Predicate = true> <Delay = 0.00>
ST_343 : Operation 1552 [1/1] (1.54ns)   --->   "%new_c_V = add i16 %zext_ln186_9, i16 %trunc_ln1514"   --->   Operation 1552 'add' 'new_c_V' <Predicate = true> <Delay = 1.54> <CoreInst = "Adder">   --->   Core 1 'Adder' <Latency = 0> <II = 1> <Delay = 1.54> <FuncUnit> <Opcode : 'add' 'sub'> <InPorts = 2> <OutPorts = 1>

State 344 <SV = 73> <Delay = 7.05>
ST_344 : Operation 1553 [1/1] (0.00ns)   --->   "%specloopname_ln388 = specloopname void @_ssdm_op_SpecLoopName, void @empty_28" [../../ip/ip2/channel_shuffle.cpp:388]   --->   Operation 1553 'specloopname' 'specloopname_ln388' <Predicate = true> <Delay = 0.00>
ST_344 : Operation 1554 [1/1] (2.13ns)   --->   "%icmp_ln1031 = icmp_ult  i16 %new_c_V, i16 %c_V"   --->   Operation 1554 'icmp' 'icmp_ln1031' <Predicate = true> <Delay = 2.13> <CoreInst = "Cmp">   --->   Core 9 'Cmp' <Latency = 0> <II = 1> <Delay = 2.13> <FuncUnit> <Opcode : 'icmp'> <InPorts = 2> <OutPorts = 1>
ST_344 : Operation 1555 [1/1] (0.00ns) (grouped into LUT with out node and_ln396)   --->   "%xor_ln1031 = xor i1 %icmp_ln1031, i1 1"   --->   Operation 1555 'xor' 'xor_ln1031' <Predicate = true> <Delay = 0.00> <CoreInst = "LogicGate">   --->   Core 74 'LogicGate' <Latency = 0> <II = 1> <Delay = 0.80> <FuncUnit> <Opcode : 'and' 'or' 'xor'> <InPorts = 2> <OutPorts = 1>
ST_344 : Operation 1556 [1/1] (2.13ns)   --->   "%icmp_ln1027_21 = icmp_ult  i16 %new_c_V, i16 %block_end_V_1"   --->   Operation 1556 'icmp' 'icmp_ln1027_21' <Predicate = true> <Delay = 2.13> <CoreInst = "Cmp">   --->   Core 9 'Cmp' <Latency = 0> <II = 1> <Delay = 2.13> <FuncUnit> <Opcode : 'icmp'> <InPorts = 2> <OutPorts = 1>
ST_344 : Operation 1557 [1/1] (0.80ns) (out node of the LUT)   --->   "%and_ln396 = and i1 %xor_ln1031, i1 %icmp_ln1027_21" [../../ip/ip2/channel_shuffle.cpp:396]   --->   Operation 1557 'and' 'and_ln396' <Predicate = true> <Delay = 0.80> <CoreInst = "LogicGate">   --->   Core 74 'LogicGate' <Latency = 0> <II = 1> <Delay = 0.80> <FuncUnit> <Opcode : 'and' 'or' 'xor'> <InPorts = 2> <OutPorts = 1>
ST_344 : Operation 1558 [1/1] (0.00ns)   --->   "%br_ln396 = br i1 %and_ln396, void %for.inc604, void %if.then592" [../../ip/ip2/channel_shuffle.cpp:396]   --->   Operation 1558 'br' 'br_ln396' <Predicate = true> <Delay = 0.00>
ST_344 : Operation 1559 [1/1] (7.05ns)   --->   "%mul_ln1495_3 = mul i32 %c_V_4, i32 %ret_V_11"   --->   Operation 1559 'mul' 'mul_ln1495_3' <Predicate = (and_ln396)> <Delay = 7.05> <CoreInst = "Multiplier">   --->   Core 3 'Multiplier' <Latency = 0> <II = 1> <Delay = 7.05> <FuncUnit> <Opcode : 'mul'> <InPorts = 2> <OutPorts = 1>
ST_344 : Operation 1560 [1/1] (1.02ns)   --->   "%ret_V_84 = add i5 %trunc_ln186_3, i5 %trunc_ln186_2"   --->   Operation 1560 'add' 'ret_V_84' <Predicate = (and_ln396)> <Delay = 1.02> <CoreInst = "Adder">   --->   Core 1 'Adder' <Latency = 0> <II = 1> <Delay = 1.02> <FuncUnit> <Opcode : 'add' 'sub'> <InPorts = 2> <OutPorts = 1>

State 345 <SV = 74> <Delay = 4.58>
ST_345 : Operation 1561 [1/1] (1.89ns)   --->   "%dst_idx_V = add i32 %mul_ln1495_3, i32 %add_ln1495_1"   --->   Operation 1561 'add' 'dst_idx_V' <Predicate = true> <Delay = 1.89> <CoreInst = "Adder">   --->   Core 1 'Adder' <Latency = 0> <II = 1> <Delay = 1.89> <FuncUnit> <Opcode : 'add' 'sub'> <InPorts = 2> <OutPorts = 1>
ST_345 : Operation 1562 [1/1] (0.00ns)   --->   "%zext_ln541_28 = zext i5 %ret_V_84"   --->   Operation 1562 'zext' 'zext_ln541_28' <Predicate = true> <Delay = 0.00>
ST_345 : Operation 1563 [1/1] (0.00ns)   --->   "%shuffle_temp_V_addr_1 = getelementptr i8 %shuffle_temp_V, i64 0, i64 %zext_ln541_28" [../../ip/ip2/channel_shuffle.cpp:398]   --->   Operation 1563 'getelementptr' 'shuffle_temp_V_addr_1' <Predicate = true> <Delay = 0.00>
ST_345 : Operation 1564 [1/1] (0.00ns)   --->   "%zext_ln541_25 = zext i32 %dst_idx_V"   --->   Operation 1564 'zext' 'zext_ln541_25' <Predicate = true> <Delay = 0.00>
ST_345 : Operation 1565 [1/1] (2.69ns)   --->   "%add_ln398 = add i64 %zext_ln541_25, i64 %out_r_read" [../../ip/ip2/channel_shuffle.cpp:398]   --->   Operation 1565 'add' 'add_ln398' <Predicate = true> <Delay = 2.69> <CoreInst = "Adder">   --->   Core 1 'Adder' <Latency = 0> <II = 1> <Delay = 2.69> <FuncUnit> <Opcode : 'add' 'sub'> <InPorts = 2> <OutPorts = 1>
ST_345 : Operation 1566 [2/2] (2.77ns)   --->   "%shuffle_temp_V_load = load i5 %shuffle_temp_V_addr_1" [../../ip/ip2/channel_shuffle.cpp:398]   --->   Operation 1566 'load' 'shuffle_temp_V_load' <Predicate = true> <Delay = 2.77> <CoreInst = "RAM_S2P_BRAM">   --->   Core 93 'RAM_S2P_BRAM' <Latency = 1> <II = 1> <Delay = 2.77> <Storage> <Opcode : 'load' 'store'> <Ports = 2> <Width = 8> <Depth = 32> <RAM>
ST_345 : Operation 1567 [1/1] (0.00ns)   --->   "%gmem_out_addr_4 = getelementptr i8 %gmem_out, i64 %add_ln398" [../../ip/ip2/channel_shuffle.cpp:398]   --->   Operation 1567 'getelementptr' 'gmem_out_addr_4' <Predicate = true> <Delay = 0.00>

State 346 <SV = 75> <Delay = 7.30>
ST_346 : Operation 1568 [1/2] (2.77ns)   --->   "%shuffle_temp_V_load = load i5 %shuffle_temp_V_addr_1" [../../ip/ip2/channel_shuffle.cpp:398]   --->   Operation 1568 'load' 'shuffle_temp_V_load' <Predicate = true> <Delay = 2.77> <CoreInst = "RAM_S2P_BRAM">   --->   Core 93 'RAM_S2P_BRAM' <Latency = 1> <II = 1> <Delay = 2.77> <Storage> <Opcode : 'load' 'store'> <Ports = 2> <Width = 8> <Depth = 32> <RAM>
ST_346 : Operation 1569 [1/1] (7.30ns)   --->   "%gmem_out_addr_5_req = writereq i1 @_ssdm_op_WriteReq.m_axi.i8P1A, i8 %gmem_out_addr_4, i32 1" [../../ip/ip2/channel_shuffle.cpp:398]   --->   Operation 1569 'writereq' 'gmem_out_addr_5_req' <Predicate = true> <Delay = 7.30> <CoreInst = "m_axi">   --->   Core 113 'm_axi' <Latency = 0> <II = 1> <Delay = 1.00> <Adapter> <Opcode : 'read' 'write' 'readreq' 'writereq' 'writeresp'>

State 347 <SV = 76> <Delay = 7.30>
ST_347 : Operation 1570 [1/1] (7.30ns)   --->   "%write_ln398 = write void @_ssdm_op_Write.m_axi.i8P1A, i8 %gmem_out_addr_4, i8 %shuffle_temp_V_load, i1 1" [../../ip/ip2/channel_shuffle.cpp:398]   --->   Operation 1570 'write' 'write_ln398' <Predicate = true> <Delay = 7.30> <CoreInst = "m_axi">   --->   Core 113 'm_axi' <Latency = 0> <II = 1> <Delay = 1.00> <Adapter> <Opcode : 'read' 'write' 'readreq' 'writereq' 'writeresp'>

State 348 <SV = 77> <Delay = 7.30>
ST_348 : Operation 1571 [5/5] (7.30ns)   --->   "%gmem_out_addr_5_resp = writeresp i1 @_ssdm_op_WriteResp.m_axi.i8P1A, i8 %gmem_out_addr_4" [../../ip/ip2/channel_shuffle.cpp:398]   --->   Operation 1571 'writeresp' 'gmem_out_addr_5_resp' <Predicate = true> <Delay = 7.30> <CoreInst = "m_axi">   --->   Core 113 'm_axi' <Latency = 0> <II = 1> <Delay = 1.00> <Adapter> <Opcode : 'read' 'write' 'readreq' 'writereq' 'writeresp'>

State 349 <SV = 78> <Delay = 7.30>
ST_349 : Operation 1572 [4/5] (7.30ns)   --->   "%gmem_out_addr_5_resp = writeresp i1 @_ssdm_op_WriteResp.m_axi.i8P1A, i8 %gmem_out_addr_4" [../../ip/ip2/channel_shuffle.cpp:398]   --->   Operation 1572 'writeresp' 'gmem_out_addr_5_resp' <Predicate = true> <Delay = 7.30> <CoreInst = "m_axi">   --->   Core 113 'm_axi' <Latency = 0> <II = 1> <Delay = 1.00> <Adapter> <Opcode : 'read' 'write' 'readreq' 'writereq' 'writeresp'>

State 350 <SV = 79> <Delay = 7.30>
ST_350 : Operation 1573 [3/5] (7.30ns)   --->   "%gmem_out_addr_5_resp = writeresp i1 @_ssdm_op_WriteResp.m_axi.i8P1A, i8 %gmem_out_addr_4" [../../ip/ip2/channel_shuffle.cpp:398]   --->   Operation 1573 'writeresp' 'gmem_out_addr_5_resp' <Predicate = true> <Delay = 7.30> <CoreInst = "m_axi">   --->   Core 113 'm_axi' <Latency = 0> <II = 1> <Delay = 1.00> <Adapter> <Opcode : 'read' 'write' 'readreq' 'writereq' 'writeresp'>

State 351 <SV = 80> <Delay = 7.30>
ST_351 : Operation 1574 [2/5] (7.30ns)   --->   "%gmem_out_addr_5_resp = writeresp i1 @_ssdm_op_WriteResp.m_axi.i8P1A, i8 %gmem_out_addr_4" [../../ip/ip2/channel_shuffle.cpp:398]   --->   Operation 1574 'writeresp' 'gmem_out_addr_5_resp' <Predicate = true> <Delay = 7.30> <CoreInst = "m_axi">   --->   Core 113 'm_axi' <Latency = 0> <II = 1> <Delay = 1.00> <Adapter> <Opcode : 'read' 'write' 'readreq' 'writereq' 'writeresp'>

State 352 <SV = 81> <Delay = 7.30>
ST_352 : Operation 1575 [1/5] (7.30ns)   --->   "%gmem_out_addr_5_resp = writeresp i1 @_ssdm_op_WriteResp.m_axi.i8P1A, i8 %gmem_out_addr_4" [../../ip/ip2/channel_shuffle.cpp:398]   --->   Operation 1575 'writeresp' 'gmem_out_addr_5_resp' <Predicate = (and_ln396)> <Delay = 7.30> <CoreInst = "m_axi">   --->   Core 113 'm_axi' <Latency = 0> <II = 1> <Delay = 1.00> <Adapter> <Opcode : 'read' 'write' 'readreq' 'writereq' 'writeresp'>
ST_352 : Operation 1576 [1/1] (0.00ns)   --->   "%br_ln399 = br void %for.inc604" [../../ip/ip2/channel_shuffle.cpp:399]   --->   Operation 1576 'br' 'br_ln399' <Predicate = (and_ln396)> <Delay = 0.00>
ST_352 : Operation 1577 [1/1] (1.89ns)   --->   "%add_ln840_24 = add i32 %c_V_4, i32 1"   --->   Operation 1577 'add' 'add_ln840_24' <Predicate = true> <Delay = 1.89> <CoreInst = "Adder">   --->   Core 1 'Adder' <Latency = 0> <II = 1> <Delay = 1.89> <FuncUnit> <Opcode : 'add' 'sub'> <InPorts = 2> <OutPorts = 1>
ST_352 : Operation 1578 [1/1] (0.00ns)   --->   "%br_ln388 = br void %for.body584" [../../ip/ip2/channel_shuffle.cpp:388]   --->   Operation 1578 'br' 'br_ln388' <Predicate = true> <Delay = 0.00>


============================================================
+ Verbose Summary: Timing violations
============================================================
Target clock period: 10ns, clock uncertainty: 2.7ns.

 <State 1>: 4.68ns
The critical path consists of the following:
	s_axi read operation ('c_in_read', ../../ip/ip2/channel_shuffle.cpp:101) on port 'c_in' (../../ip/ip2/channel_shuffle.cpp:101) [38]  (1 ns)
	'icmp' operation ('empty') [131]  (2.14 ns)
	'select' operation ('empty_74') [132]  (0 ns)
	'sub' operation ('sub_ln162', ../../ip/ip2/channel_shuffle.cpp:162) [134]  (1.54 ns)

 <State 2>: 7.05ns
The critical path consists of the following:
	'mul' operation ('mul_ln101', ../../ip/ip2/channel_shuffle.cpp:101) [138]  (7.05 ns)

 <State 3>: 7.22ns
The critical path consists of the following:
	'mul' operation ('mul_ln101_1', ../../ip/ip2/channel_shuffle.cpp:101) [141]  (7.22 ns)

 <State 4>: 7.22ns
The critical path consists of the following:
	'mul' operation ('mul_ln101_1', ../../ip/ip2/channel_shuffle.cpp:101) [141]  (7.22 ns)

 <State 5>: 1.82ns
The critical path consists of the following:
	'mul' operation of DSP[151] ('ret.V') [151]  (1.82 ns)

 <State 6>: 3.29ns
The critical path consists of the following:
	'mul' operation ('mul_ln186') [152]  (3.29 ns)

 <State 7>: 4.59ns
The critical path consists of the following:
	'load' operation ('w_V_1_load') on local variable 'w.V' [163]  (0 ns)
	'icmp' operation ('icmp_ln1027_6') [167]  (2.14 ns)
	'select' operation ('select_ln1027_5') [170]  (0.627 ns)
	'mul' operation of DSP[172] ('mul_ln1027') [172]  (1.82 ns)

 <State 8>: 1.82ns
The critical path consists of the following:
	'mul' operation of DSP[172] ('mul_ln1027') [172]  (1.82 ns)

 <State 9>: 1.82ns
The critical path consists of the following:
	'mul' operation of DSP[172] ('mul_ln1027') [172]  (1.82 ns)

 <State 10>: 2.52ns
The critical path consists of the following:
	'select' operation ('select_ln1027') [168]  (0.627 ns)
	'add' operation ('add_ln186_1') [178]  (1.9 ns)

 <State 11>: 3.44ns
The critical path consists of the following:
	'add' operation ('w.V') [298]  (1.54 ns)
	'store' operation ('store_ln189', ../../ip/ip2/channel_shuffle.cpp:189) of variable 'w.V' on local variable 'w.V' [301]  (1.3 ns)
	blocking operation 0.594 ns on control path)

 <State 12>: 1.82ns
The critical path consists of the following:
	'mul' operation of DSP[192] ('mul_ln186_1') [192]  (1.82 ns)

 <State 13>: 3.66ns
The critical path consists of the following:
	'add' operation ('ret.V') [195]  (1.54 ns)
	'icmp' operation ('icmp_ln1035') [196]  (2.11 ns)

 <State 14>: 5.54ns
The critical path consists of the following:
	'add' operation ('cr_end.V') [197]  (1.54 ns)
	'select' operation ('cr_end.V', ../../ip/ip2/channel_shuffle.cpp:194) [198]  (0.627 ns)
	'sub' operation ('sub_ln196', ../../ip/ip2/channel_shuffle.cpp:196) [212]  (1.54 ns)
	'mul' operation of DSP[214] ('mul_ln196', ../../ip/ip2/channel_shuffle.cpp:196) [214]  (1.82 ns)

 <State 15>: 1.82ns
The critical path consists of the following:
	'mul' operation of DSP[214] ('mul_ln196', ../../ip/ip2/channel_shuffle.cpp:196) [214]  (1.82 ns)

 <State 16>: 1.82ns
The critical path consists of the following:
	'mul' operation of DSP[214] ('mul_ln196', ../../ip/ip2/channel_shuffle.cpp:196) [214]  (1.82 ns)

 <State 17>: 0.716ns
The critical path consists of the following:
	'mul' operation of DSP[214] ('mul_ln196', ../../ip/ip2/channel_shuffle.cpp:196) [214]  (0 ns)
	'select' operation ('select_ln196', ../../ip/ip2/channel_shuffle.cpp:196) [216]  (0.716 ns)

 <State 18>: 7.3ns
The critical path consists of the following:
	bus request operation ('gmem_bn1_load_req', ../../ip/ip2/channel_shuffle.cpp:101) on port 'gmem_bn1' (../../ip/ip2/channel_shuffle.cpp:101) [202]  (7.3 ns)

 <State 19>: 7.3ns
The critical path consists of the following:
	bus request operation ('gmem_bn1_load_req', ../../ip/ip2/channel_shuffle.cpp:101) on port 'gmem_bn1' (../../ip/ip2/channel_shuffle.cpp:101) [202]  (7.3 ns)

 <State 20>: 7.3ns
The critical path consists of the following:
	bus request operation ('gmem_bn1_load_req', ../../ip/ip2/channel_shuffle.cpp:101) on port 'gmem_bn1' (../../ip/ip2/channel_shuffle.cpp:101) [202]  (7.3 ns)

 <State 21>: 7.3ns
The critical path consists of the following:
	bus request operation ('gmem_bn1_load_req', ../../ip/ip2/channel_shuffle.cpp:101) on port 'gmem_bn1' (../../ip/ip2/channel_shuffle.cpp:101) [202]  (7.3 ns)

 <State 22>: 7.3ns
The critical path consists of the following:
	bus request operation ('gmem_bn1_load_req', ../../ip/ip2/channel_shuffle.cpp:101) on port 'gmem_bn1' (../../ip/ip2/channel_shuffle.cpp:101) [202]  (7.3 ns)

 <State 23>: 7.3ns
The critical path consists of the following:
	bus request operation ('gmem_bn1_load_req', ../../ip/ip2/channel_shuffle.cpp:101) on port 'gmem_bn1' (../../ip/ip2/channel_shuffle.cpp:101) [202]  (7.3 ns)

 <State 24>: 7.3ns
The critical path consists of the following:
	bus request operation ('gmem_bn1_load_req', ../../ip/ip2/channel_shuffle.cpp:101) on port 'gmem_bn1' (../../ip/ip2/channel_shuffle.cpp:101) [202]  (7.3 ns)

 <State 25>: 7.3ns
The critical path consists of the following:
	bus read operation ('gmem_bn1_addr_read', ../../ip/ip2/channel_shuffle.cpp:101) on port 'gmem_bn1' (../../ip/ip2/channel_shuffle.cpp:101) [203]  (7.3 ns)

 <State 26>: 7.3ns
The critical path consists of the following:
	bus read operation ('gmem_bn1_addr_1_read', ../../ip/ip2/channel_shuffle.cpp:101) on port 'gmem_bn1' (../../ip/ip2/channel_shuffle.cpp:101) [205]  (7.3 ns)

 <State 27>: 7.3ns
The critical path consists of the following:
	bus read operation ('gamma.V', ../../ip/ip2/channel_shuffle.cpp:101) on port 'gmem_bn1' (../../ip/ip2/channel_shuffle.cpp:101) [207]  (7.3 ns)

 <State 28>: 7.3ns
The critical path consists of the following:
	bus read operation ('beta.V', ../../ip/ip2/channel_shuffle.cpp:101) on port 'gmem_bn1' (../../ip/ip2/channel_shuffle.cpp:101) [210]  (7.3 ns)

 <State 29>: 2.14ns
The critical path consists of the following:
	'phi' operation ('indvar181', ../../ip/ip2/channel_shuffle.cpp:196) with incoming values : ('add_ln196_1', ../../ip/ip2/channel_shuffle.cpp:196) [229]  (0 ns)
	'icmp' operation ('icmp_ln196', ../../ip/ip2/channel_shuffle.cpp:196) [231]  (2.14 ns)

 <State 30>: 4.59ns
The critical path consists of the following:
	'phi' operation ('phi_mul') with incoming values : ('add_ln186_16') [241]  (0 ns)
	'add' operation ('in_idx.V') [249]  (1.9 ns)
	'add' operation ('add_ln186_9') [251]  (2.69 ns)

 <State 31>: 7.3ns
The critical path consists of the following:
	bus request operation ('lhs_V_13_req') on port 'gmem_in' [253]  (7.3 ns)

 <State 32>: 7.3ns
The critical path consists of the following:
	bus request operation ('lhs_V_13_req') on port 'gmem_in' [253]  (7.3 ns)

 <State 33>: 7.3ns
The critical path consists of the following:
	bus request operation ('lhs_V_13_req') on port 'gmem_in' [253]  (7.3 ns)

 <State 34>: 7.3ns
The critical path consists of the following:
	bus request operation ('lhs_V_13_req') on port 'gmem_in' [253]  (7.3 ns)

 <State 35>: 7.3ns
The critical path consists of the following:
	bus request operation ('lhs_V_13_req') on port 'gmem_in' [253]  (7.3 ns)

 <State 36>: 7.3ns
The critical path consists of the following:
	bus request operation ('lhs_V_13_req') on port 'gmem_in' [253]  (7.3 ns)

 <State 37>: 7.3ns
The critical path consists of the following:
	bus request operation ('lhs_V_13_req') on port 'gmem_in' [253]  (7.3 ns)

 <State 38>: 7.3ns
The critical path consists of the following:
	bus read operation ('lhs.V') on port 'gmem_in' [254]  (7.3 ns)

 <State 39>: 0.98ns
The critical path consists of the following:
	'mul' operation of DSP[260] ('ret.V') [258]  (0.98 ns)

 <State 40>: 0.98ns
The critical path consists of the following:
	'mul' operation of DSP[260] ('ret.V') [258]  (0.98 ns)

 <State 41>: 1.76ns
The critical path consists of the following:
	'mul' operation of DSP[260] ('ret.V') [258]  (0 ns)
	'add' operation of DSP[260] ('conv1_sum.V') [260]  (1.76 ns)

 <State 42>: 1.76ns
The critical path consists of the following:
	'add' operation of DSP[260] ('conv1_sum.V') [260]  (1.76 ns)

 <State 43>: 3.19ns
The critical path consists of the following:
	'udiv' operation ('rhs') [271]  (3.19 ns)

 <State 44>: 3.19ns
The critical path consists of the following:
	'udiv' operation ('rhs') [271]  (3.19 ns)

 <State 45>: 3.19ns
The critical path consists of the following:
	'udiv' operation ('rhs') [271]  (3.19 ns)

 <State 46>: 3.19ns
The critical path consists of the following:
	'udiv' operation ('rhs') [271]  (3.19 ns)

 <State 47>: 3.19ns
The critical path consists of the following:
	'udiv' operation ('rhs') [271]  (3.19 ns)

 <State 48>: 3.19ns
The critical path consists of the following:
	'udiv' operation ('rhs') [271]  (3.19 ns)

 <State 49>: 3.19ns
The critical path consists of the following:
	'udiv' operation ('rhs') [271]  (3.19 ns)

 <State 50>: 3.19ns
The critical path consists of the following:
	'udiv' operation ('rhs') [271]  (3.19 ns)

 <State 51>: 3.19ns
The critical path consists of the following:
	'udiv' operation ('rhs') [271]  (3.19 ns)

 <State 52>: 3.19ns
The critical path consists of the following:
	'udiv' operation ('rhs') [271]  (3.19 ns)

 <State 53>: 3.19ns
The critical path consists of the following:
	'udiv' operation ('rhs') [271]  (3.19 ns)

 <State 54>: 3.19ns
The critical path consists of the following:
	'udiv' operation ('rhs') [271]  (3.19 ns)

 <State 55>: 3.19ns
The critical path consists of the following:
	'udiv' operation ('rhs') [271]  (3.19 ns)

 <State 56>: 3.19ns
The critical path consists of the following:
	'udiv' operation ('rhs') [271]  (3.19 ns)

 <State 57>: 3.19ns
The critical path consists of the following:
	'udiv' operation ('rhs') [271]  (3.19 ns)

 <State 58>: 3.19ns
The critical path consists of the following:
	'udiv' operation ('rhs') [271]  (3.19 ns)

 <State 59>: 3.19ns
The critical path consists of the following:
	'udiv' operation ('rhs') [271]  (3.19 ns)

 <State 60>: 3.19ns
The critical path consists of the following:
	'udiv' operation ('rhs') [271]  (3.19 ns)

 <State 61>: 3.19ns
The critical path consists of the following:
	'udiv' operation ('rhs') [271]  (3.19 ns)

 <State 62>: 3.19ns
The critical path consists of the following:
	'udiv' operation ('rhs') [271]  (3.19 ns)

 <State 63>: 6.83ns
The critical path consists of the following:
	'mul' operation ('mul_ln1494_2') [277]  (6.83 ns)

 <State 64>: 7.06ns
The critical path consists of the following:
	'add' operation ('bn_val.V') [281]  (1.87 ns)
	'icmp' operation ('icmp_ln1035_2') [283]  (1.97 ns)
	'select' operation ('select_ln54', ../../ip/ip2/channel_shuffle.cpp:54) [285]  (0.448 ns)
	'store' operation ('store_ln209', ../../ip/ip2/channel_shuffle.cpp:209) of variable 'select_ln54', ../../ip/ip2/channel_shuffle.cpp:54 on array 'conv_branch_V' [289]  (2.77 ns)

 <State 65>: 7.3ns
The critical path consists of the following:
	bus request operation ('gmem_bn2_load_req', ../../ip/ip2/channel_shuffle.cpp:101) on port 'gmem_bn2' (../../ip/ip2/channel_shuffle.cpp:101) [312]  (7.3 ns)

 <State 66>: 7.3ns
The critical path consists of the following:
	bus request operation ('gmem_bn2_load_req', ../../ip/ip2/channel_shuffle.cpp:101) on port 'gmem_bn2' (../../ip/ip2/channel_shuffle.cpp:101) [312]  (7.3 ns)

 <State 67>: 7.3ns
The critical path consists of the following:
	bus request operation ('gmem_bn2_load_req', ../../ip/ip2/channel_shuffle.cpp:101) on port 'gmem_bn2' (../../ip/ip2/channel_shuffle.cpp:101) [312]  (7.3 ns)

 <State 68>: 7.3ns
The critical path consists of the following:
	bus request operation ('gmem_bn2_load_req', ../../ip/ip2/channel_shuffle.cpp:101) on port 'gmem_bn2' (../../ip/ip2/channel_shuffle.cpp:101) [312]  (7.3 ns)

 <State 69>: 7.3ns
The critical path consists of the following:
	bus request operation ('gmem_bn2_load_req', ../../ip/ip2/channel_shuffle.cpp:101) on port 'gmem_bn2' (../../ip/ip2/channel_shuffle.cpp:101) [312]  (7.3 ns)

 <State 70>: 7.3ns
The critical path consists of the following:
	bus request operation ('gmem_bn2_load_req', ../../ip/ip2/channel_shuffle.cpp:101) on port 'gmem_bn2' (../../ip/ip2/channel_shuffle.cpp:101) [312]  (7.3 ns)

 <State 71>: 7.3ns
The critical path consists of the following:
	bus request operation ('gmem_bn2_load_req', ../../ip/ip2/channel_shuffle.cpp:101) on port 'gmem_bn2' (../../ip/ip2/channel_shuffle.cpp:101) [312]  (7.3 ns)

 <State 72>: 7.3ns
The critical path consists of the following:
	bus read operation ('gmem_bn2_addr_read', ../../ip/ip2/channel_shuffle.cpp:101) on port 'gmem_bn2' (../../ip/ip2/channel_shuffle.cpp:101) [313]  (7.3 ns)

 <State 73>: 7.3ns
The critical path consists of the following:
	bus read operation ('gmem_bn2_addr_1_read', ../../ip/ip2/channel_shuffle.cpp:101) on port 'gmem_bn2' (../../ip/ip2/channel_shuffle.cpp:101) [315]  (7.3 ns)

 <State 74>: 7.3ns
The critical path consists of the following:
	bus read operation ('gamma.V', ../../ip/ip2/channel_shuffle.cpp:101) on port 'gmem_bn2' (../../ip/ip2/channel_shuffle.cpp:101) [317]  (7.3 ns)

 <State 75>: 7.3ns
The critical path consists of the following:
	bus read operation ('beta.V', ../../ip/ip2/channel_shuffle.cpp:101) on port 'gmem_bn2' (../../ip/ip2/channel_shuffle.cpp:101) [320]  (7.3 ns)

 <State 76>: 7.05ns
The critical path consists of the following:
	'mul' operation ('bound73') [623]  (7.05 ns)

 <State 77>: 4.57ns
The critical path consists of the following:
	'add' operation ('add_ln228', ../../ip/ip2/channel_shuffle.cpp:228) [352]  (1.28 ns)
	'mul' operation ('mul_ln228', ../../ip/ip2/channel_shuffle.cpp:228) [353]  (3.29 ns)

 <State 78>: 3.19ns
The critical path consists of the following:
	'udiv' operation ('rhs', ../../ip/ip2/channel_shuffle.cpp:27) [388]  (3.19 ns)

 <State 79>: 3.19ns
The critical path consists of the following:
	'udiv' operation ('rhs', ../../ip/ip2/channel_shuffle.cpp:27) [388]  (3.19 ns)

 <State 80>: 3.19ns
The critical path consists of the following:
	'udiv' operation ('rhs', ../../ip/ip2/channel_shuffle.cpp:27) [388]  (3.19 ns)

 <State 81>: 3.19ns
The critical path consists of the following:
	'udiv' operation ('rhs', ../../ip/ip2/channel_shuffle.cpp:27) [388]  (3.19 ns)

 <State 82>: 3.19ns
The critical path consists of the following:
	'udiv' operation ('rhs', ../../ip/ip2/channel_shuffle.cpp:27) [388]  (3.19 ns)

 <State 83>: 3.19ns
The critical path consists of the following:
	'udiv' operation ('rhs', ../../ip/ip2/channel_shuffle.cpp:27) [388]  (3.19 ns)

 <State 84>: 3.19ns
The critical path consists of the following:
	'udiv' operation ('rhs', ../../ip/ip2/channel_shuffle.cpp:27) [388]  (3.19 ns)

 <State 85>: 3.19ns
The critical path consists of the following:
	'udiv' operation ('rhs', ../../ip/ip2/channel_shuffle.cpp:27) [388]  (3.19 ns)

 <State 86>: 3.19ns
The critical path consists of the following:
	'udiv' operation ('rhs', ../../ip/ip2/channel_shuffle.cpp:27) [388]  (3.19 ns)

 <State 87>: 3.19ns
The critical path consists of the following:
	'udiv' operation ('rhs', ../../ip/ip2/channel_shuffle.cpp:27) [388]  (3.19 ns)

 <State 88>: 3.19ns
The critical path consists of the following:
	'udiv' operation ('rhs', ../../ip/ip2/channel_shuffle.cpp:27) [388]  (3.19 ns)

 <State 89>: 3.19ns
The critical path consists of the following:
	'udiv' operation ('rhs', ../../ip/ip2/channel_shuffle.cpp:27) [388]  (3.19 ns)

 <State 90>: 3.19ns
The critical path consists of the following:
	'udiv' operation ('rhs', ../../ip/ip2/channel_shuffle.cpp:27) [388]  (3.19 ns)

 <State 91>: 3.19ns
The critical path consists of the following:
	'udiv' operation ('rhs', ../../ip/ip2/channel_shuffle.cpp:27) [388]  (3.19 ns)

 <State 92>: 3.19ns
The critical path consists of the following:
	'udiv' operation ('rhs', ../../ip/ip2/channel_shuffle.cpp:27) [388]  (3.19 ns)

 <State 93>: 3.19ns
The critical path consists of the following:
	'udiv' operation ('rhs', ../../ip/ip2/channel_shuffle.cpp:27) [388]  (3.19 ns)

 <State 94>: 4.28ns
The critical path consists of the following:
	'add' operation ('ret.V') [384]  (1.54 ns)
	'icmp' operation ('icmp_ln1035_1') [385]  (2.11 ns)
	'select' operation ('cr_end.V', ../../ip/ip2/channel_shuffle.cpp:234) [387]  (0.627 ns)

 <State 95>: 3.19ns
The critical path consists of the following:
	'udiv' operation ('rhs', ../../ip/ip2/channel_shuffle.cpp:27) [388]  (3.19 ns)

 <State 96>: 3.19ns
The critical path consists of the following:
	'udiv' operation ('rhs', ../../ip/ip2/channel_shuffle.cpp:27) [388]  (3.19 ns)

 <State 97>: 3.19ns
The critical path consists of the following:
	'udiv' operation ('rhs', ../../ip/ip2/channel_shuffle.cpp:27) [388]  (3.19 ns)

 <State 98>: 3.19ns
The critical path consists of the following:
	'udiv' operation ('rhs', ../../ip/ip2/channel_shuffle.cpp:27) [388]  (3.19 ns)

 <State 99>: 4.57ns
The critical path consists of the following:
	'phi' operation ('cr.V') with incoming values : ('cr_end.V') ('cr.V') [392]  (0 ns)
	'sub' operation ('sub_ln186') [399]  (1.28 ns)
	'mul' operation ('buf_idx_base.V') [400]  (3.29 ns)

 <State 100>: 7.3ns
The critical path consists of the following:
	bus request operation ('rhs_V_req') on port 'gmem_weights2' [417]  (7.3 ns)

 <State 101>: 7.3ns
The critical path consists of the following:
	bus request operation ('rhs_V_req') on port 'gmem_weights2' [417]  (7.3 ns)

 <State 102>: 7.3ns
The critical path consists of the following:
	bus request operation ('rhs_V_req') on port 'gmem_weights2' [417]  (7.3 ns)

 <State 103>: 7.3ns
The critical path consists of the following:
	bus request operation ('rhs_V_req') on port 'gmem_weights2' [417]  (7.3 ns)

 <State 104>: 7.3ns
The critical path consists of the following:
	bus request operation ('rhs_V_req') on port 'gmem_weights2' [417]  (7.3 ns)

 <State 105>: 7.3ns
The critical path consists of the following:
	bus request operation ('rhs_V_req') on port 'gmem_weights2' [417]  (7.3 ns)

 <State 106>: 7.3ns
The critical path consists of the following:
	bus request operation ('rhs_V_req') on port 'gmem_weights2' [417]  (7.3 ns)

 <State 107>: 7.3ns
The critical path consists of the following:
	bus read operation ('rhs.V') on port 'gmem_weights2' [418]  (7.3 ns)

 <State 108>: 4.91ns
The critical path consists of the following:
	'mul' operation ('ret.V') [420]  (3.61 ns)
	multiplexor before 'phi' operation ('ret.V') with incoming values : ('ret.V') [423]  (1.3 ns)
	'phi' operation ('ret.V') with incoming values : ('ret.V') [423]  (0 ns)

 <State 109>: 7.3ns
The critical path consists of the following:
	bus request operation ('rhs_V_4_req') on port 'gmem_weights2' [438]  (7.3 ns)

 <State 110>: 7.3ns
The critical path consists of the following:
	bus request operation ('rhs_V_4_req') on port 'gmem_weights2' [438]  (7.3 ns)

 <State 111>: 7.3ns
The critical path consists of the following:
	bus request operation ('rhs_V_4_req') on port 'gmem_weights2' [438]  (7.3 ns)

 <State 112>: 7.3ns
The critical path consists of the following:
	bus request operation ('rhs_V_4_req') on port 'gmem_weights2' [438]  (7.3 ns)

 <State 113>: 7.3ns
The critical path consists of the following:
	bus request operation ('rhs_V_4_req') on port 'gmem_weights2' [438]  (7.3 ns)

 <State 114>: 7.3ns
The critical path consists of the following:
	bus request operation ('rhs_V_4_req') on port 'gmem_weights2' [438]  (7.3 ns)

 <State 115>: 7.3ns
The critical path consists of the following:
	bus request operation ('rhs_V_4_req') on port 'gmem_weights2' [438]  (7.3 ns)

 <State 116>: 7.3ns
The critical path consists of the following:
	bus read operation ('rhs.V') on port 'gmem_weights2' [439]  (7.3 ns)

 <State 117>: 3.75ns
The critical path consists of the following:
	'load' operation ('lhs.V') on array 'conv_branch_V' [434]  (2.77 ns)
	'mul' operation of DSP[443] ('ret.V') [441]  (0.98 ns)

 <State 118>: 0.98ns
The critical path consists of the following:
	'mul' operation of DSP[443] ('ret.V') [441]  (0.98 ns)

 <State 119>: 1.76ns
The critical path consists of the following:
	'mul' operation of DSP[443] ('ret.V') [441]  (0 ns)
	'add' operation of DSP[443] ('dw_sum.V') [443]  (1.76 ns)

 <State 120>: 4.27ns
The critical path consists of the following:
	'add' operation ('ret.V') [453]  (1.58 ns)
	'add' operation ('add_ln186_14') [458]  (2.69 ns)

 <State 121>: 7.3ns
The critical path consists of the following:
	bus request operation ('rhs_V_5_req') on port 'gmem_weights2' [460]  (7.3 ns)

 <State 122>: 7.3ns
The critical path consists of the following:
	bus request operation ('rhs_V_5_req') on port 'gmem_weights2' [460]  (7.3 ns)

 <State 123>: 7.3ns
The critical path consists of the following:
	bus request operation ('rhs_V_5_req') on port 'gmem_weights2' [460]  (7.3 ns)

 <State 124>: 7.3ns
The critical path consists of the following:
	bus request operation ('rhs_V_5_req') on port 'gmem_weights2' [460]  (7.3 ns)

 <State 125>: 7.3ns
The critical path consists of the following:
	bus request operation ('rhs_V_5_req') on port 'gmem_weights2' [460]  (7.3 ns)

 <State 126>: 7.3ns
The critical path consists of the following:
	bus request operation ('rhs_V_5_req') on port 'gmem_weights2' [460]  (7.3 ns)

 <State 127>: 7.3ns
The critical path consists of the following:
	bus request operation ('rhs_V_5_req') on port 'gmem_weights2' [460]  (7.3 ns)

 <State 128>: 7.3ns
The critical path consists of the following:
	bus read operation ('rhs.V') on port 'gmem_weights2' [461]  (7.3 ns)

 <State 129>: 3.75ns
The critical path consists of the following:
	'load' operation ('lhs.V') on array 'conv_branch_V' [456]  (2.77 ns)
	'mul' operation of DSP[465] ('ret.V') [463]  (0.98 ns)

 <State 130>: 0.98ns
The critical path consists of the following:
	'mul' operation of DSP[465] ('ret.V') [463]  (0.98 ns)

 <State 131>: 1.76ns
The critical path consists of the following:
	'mul' operation of DSP[465] ('ret.V') [463]  (0 ns)
	'add' operation of DSP[465] ('dw_sum.V') [465]  (1.76 ns)

 <State 132>: 4.27ns
The critical path consists of the following:
	'add' operation ('ret.V') [475]  (1.58 ns)
	'add' operation ('add_ln186_17') [480]  (2.69 ns)

 <State 133>: 7.3ns
The critical path consists of the following:
	bus request operation ('rhs_V_6_req') on port 'gmem_weights2' [482]  (7.3 ns)

 <State 134>: 7.3ns
The critical path consists of the following:
	bus request operation ('rhs_V_6_req') on port 'gmem_weights2' [482]  (7.3 ns)

 <State 135>: 7.3ns
The critical path consists of the following:
	bus request operation ('rhs_V_6_req') on port 'gmem_weights2' [482]  (7.3 ns)

 <State 136>: 7.3ns
The critical path consists of the following:
	bus request operation ('rhs_V_6_req') on port 'gmem_weights2' [482]  (7.3 ns)

 <State 137>: 7.3ns
The critical path consists of the following:
	bus request operation ('rhs_V_6_req') on port 'gmem_weights2' [482]  (7.3 ns)

 <State 138>: 7.3ns
The critical path consists of the following:
	bus request operation ('rhs_V_6_req') on port 'gmem_weights2' [482]  (7.3 ns)

 <State 139>: 7.3ns
The critical path consists of the following:
	bus request operation ('rhs_V_6_req') on port 'gmem_weights2' [482]  (7.3 ns)

 <State 140>: 7.3ns
The critical path consists of the following:
	bus read operation ('rhs.V') on port 'gmem_weights2' [483]  (7.3 ns)

 <State 141>: 3.75ns
The critical path consists of the following:
	'load' operation ('lhs.V') on array 'conv_branch_V' [478]  (2.77 ns)
	'mul' operation of DSP[487] ('ret.V') [485]  (0.98 ns)

 <State 142>: 0.98ns
The critical path consists of the following:
	'mul' operation of DSP[487] ('ret.V') [485]  (0.98 ns)

 <State 143>: 1.76ns
The critical path consists of the following:
	'mul' operation of DSP[487] ('ret.V') [485]  (0 ns)
	'add' operation of DSP[487] ('dw_sum.V') [487]  (1.76 ns)

 <State 144>: 4.27ns
The critical path consists of the following:
	'add' operation ('ret.V') [495]  (1.58 ns)
	'add' operation ('add_ln186_19') [500]  (2.69 ns)

 <State 145>: 7.3ns
The critical path consists of the following:
	bus request operation ('rhs_V_7_req') on port 'gmem_weights2' [502]  (7.3 ns)

 <State 146>: 7.3ns
The critical path consists of the following:
	bus request operation ('rhs_V_7_req') on port 'gmem_weights2' [502]  (7.3 ns)

 <State 147>: 7.3ns
The critical path consists of the following:
	bus request operation ('rhs_V_7_req') on port 'gmem_weights2' [502]  (7.3 ns)

 <State 148>: 7.3ns
The critical path consists of the following:
	bus request operation ('rhs_V_7_req') on port 'gmem_weights2' [502]  (7.3 ns)

 <State 149>: 7.3ns
The critical path consists of the following:
	bus request operation ('rhs_V_7_req') on port 'gmem_weights2' [502]  (7.3 ns)

 <State 150>: 7.3ns
The critical path consists of the following:
	bus request operation ('rhs_V_7_req') on port 'gmem_weights2' [502]  (7.3 ns)

 <State 151>: 7.3ns
The critical path consists of the following:
	bus request operation ('rhs_V_7_req') on port 'gmem_weights2' [502]  (7.3 ns)

 <State 152>: 7.3ns
The critical path consists of the following:
	bus read operation ('rhs.V') on port 'gmem_weights2' [503]  (7.3 ns)

 <State 153>: 3.75ns
The critical path consists of the following:
	'load' operation ('lhs.V') on array 'conv_branch_V' [498]  (2.77 ns)
	'mul' operation of DSP[507] ('ret.V') [505]  (0.98 ns)

 <State 154>: 0.98ns
The critical path consists of the following:
	'mul' operation of DSP[507] ('ret.V') [505]  (0.98 ns)

 <State 155>: 1.76ns
The critical path consists of the following:
	'mul' operation of DSP[507] ('ret.V') [505]  (0 ns)
	'add' operation of DSP[507] ('dw_sum.V') [507]  (1.76 ns)

 <State 156>: 4.27ns
The critical path consists of the following:
	'add' operation ('ret.V') [513]  (1.58 ns)
	'add' operation ('add_ln186_21') [518]  (2.69 ns)

 <State 157>: 7.3ns
The critical path consists of the following:
	bus request operation ('rhs_V_8_req') on port 'gmem_weights2' [520]  (7.3 ns)

 <State 158>: 7.3ns
The critical path consists of the following:
	bus request operation ('rhs_V_8_req') on port 'gmem_weights2' [520]  (7.3 ns)

 <State 159>: 7.3ns
The critical path consists of the following:
	bus request operation ('rhs_V_8_req') on port 'gmem_weights2' [520]  (7.3 ns)

 <State 160>: 7.3ns
The critical path consists of the following:
	bus request operation ('rhs_V_8_req') on port 'gmem_weights2' [520]  (7.3 ns)

 <State 161>: 7.3ns
The critical path consists of the following:
	bus request operation ('rhs_V_8_req') on port 'gmem_weights2' [520]  (7.3 ns)

 <State 162>: 7.3ns
The critical path consists of the following:
	bus request operation ('rhs_V_8_req') on port 'gmem_weights2' [520]  (7.3 ns)

 <State 163>: 7.3ns
The critical path consists of the following:
	bus request operation ('rhs_V_8_req') on port 'gmem_weights2' [520]  (7.3 ns)

 <State 164>: 7.3ns
The critical path consists of the following:
	bus read operation ('rhs.V') on port 'gmem_weights2' [521]  (7.3 ns)

 <State 165>: 3.75ns
The critical path consists of the following:
	'load' operation ('lhs.V') on array 'conv_branch_V' [516]  (2.77 ns)
	'mul' operation of DSP[525] ('ret.V') [523]  (0.98 ns)

 <State 166>: 0.98ns
The critical path consists of the following:
	'mul' operation of DSP[525] ('ret.V') [523]  (0.98 ns)

 <State 167>: 1.76ns
The critical path consists of the following:
	'mul' operation of DSP[525] ('ret.V') [523]  (0 ns)
	'add' operation of DSP[525] ('dw_sum.V') [525]  (1.76 ns)

 <State 168>: 4.27ns
The critical path consists of the following:
	'add' operation ('ret.V') [535]  (1.58 ns)
	'add' operation ('add_ln186_23') [540]  (2.69 ns)

 <State 169>: 7.3ns
The critical path consists of the following:
	bus request operation ('rhs_V_9_req') on port 'gmem_weights2' [542]  (7.3 ns)

 <State 170>: 7.3ns
The critical path consists of the following:
	bus request operation ('rhs_V_9_req') on port 'gmem_weights2' [542]  (7.3 ns)

 <State 171>: 7.3ns
The critical path consists of the following:
	bus request operation ('rhs_V_9_req') on port 'gmem_weights2' [542]  (7.3 ns)

 <State 172>: 7.3ns
The critical path consists of the following:
	bus request operation ('rhs_V_9_req') on port 'gmem_weights2' [542]  (7.3 ns)

 <State 173>: 7.3ns
The critical path consists of the following:
	bus request operation ('rhs_V_9_req') on port 'gmem_weights2' [542]  (7.3 ns)

 <State 174>: 7.3ns
The critical path consists of the following:
	bus request operation ('rhs_V_9_req') on port 'gmem_weights2' [542]  (7.3 ns)

 <State 175>: 7.3ns
The critical path consists of the following:
	bus request operation ('rhs_V_9_req') on port 'gmem_weights2' [542]  (7.3 ns)

 <State 176>: 7.3ns
The critical path consists of the following:
	bus read operation ('rhs.V') on port 'gmem_weights2' [543]  (7.3 ns)

 <State 177>: 3.75ns
The critical path consists of the following:
	'load' operation ('lhs.V') on array 'conv_branch_V' [538]  (2.77 ns)
	'mul' operation of DSP[547] ('ret.V') [545]  (0.98 ns)

 <State 178>: 0.98ns
The critical path consists of the following:
	'mul' operation of DSP[547] ('ret.V') [545]  (0.98 ns)

 <State 179>: 1.76ns
The critical path consists of the following:
	'mul' operation of DSP[547] ('ret.V') [545]  (0 ns)
	'add' operation of DSP[547] ('dw_sum.V') [547]  (1.76 ns)

 <State 180>: 4.27ns
The critical path consists of the following:
	'add' operation ('ret.V') [558]  (1.58 ns)
	'add' operation ('add_ln186_27') [563]  (2.69 ns)

 <State 181>: 7.3ns
The critical path consists of the following:
	bus request operation ('rhs_V_10_req') on port 'gmem_weights2' [565]  (7.3 ns)

 <State 182>: 7.3ns
The critical path consists of the following:
	bus request operation ('rhs_V_10_req') on port 'gmem_weights2' [565]  (7.3 ns)

 <State 183>: 7.3ns
The critical path consists of the following:
	bus request operation ('rhs_V_10_req') on port 'gmem_weights2' [565]  (7.3 ns)

 <State 184>: 7.3ns
The critical path consists of the following:
	bus request operation ('rhs_V_10_req') on port 'gmem_weights2' [565]  (7.3 ns)

 <State 185>: 7.3ns
The critical path consists of the following:
	bus request operation ('rhs_V_10_req') on port 'gmem_weights2' [565]  (7.3 ns)

 <State 186>: 7.3ns
The critical path consists of the following:
	bus request operation ('rhs_V_10_req') on port 'gmem_weights2' [565]  (7.3 ns)

 <State 187>: 7.3ns
The critical path consists of the following:
	bus request operation ('rhs_V_10_req') on port 'gmem_weights2' [565]  (7.3 ns)

 <State 188>: 7.3ns
The critical path consists of the following:
	bus read operation ('rhs.V') on port 'gmem_weights2' [566]  (7.3 ns)

 <State 189>: 3.75ns
The critical path consists of the following:
	'load' operation ('lhs.V') on array 'conv_branch_V' [561]  (2.77 ns)
	'mul' operation of DSP[570] ('ret.V') [568]  (0.98 ns)

 <State 190>: 0.98ns
The critical path consists of the following:
	'mul' operation of DSP[570] ('ret.V') [568]  (0.98 ns)

 <State 191>: 1.76ns
The critical path consists of the following:
	'mul' operation of DSP[570] ('ret.V') [568]  (0 ns)
	'add' operation of DSP[570] ('dw_sum.V') [570]  (1.76 ns)

 <State 192>: 4.27ns
The critical path consists of the following:
	'add' operation ('ret.V') [580]  (1.58 ns)
	'add' operation ('add_ln186_32') [585]  (2.69 ns)

 <State 193>: 7.3ns
The critical path consists of the following:
	bus request operation ('rhs_V_11_req') on port 'gmem_weights2' [587]  (7.3 ns)

 <State 194>: 7.3ns
The critical path consists of the following:
	bus request operation ('rhs_V_11_req') on port 'gmem_weights2' [587]  (7.3 ns)

 <State 195>: 7.3ns
The critical path consists of the following:
	bus request operation ('rhs_V_11_req') on port 'gmem_weights2' [587]  (7.3 ns)

 <State 196>: 7.3ns
The critical path consists of the following:
	bus request operation ('rhs_V_11_req') on port 'gmem_weights2' [587]  (7.3 ns)

 <State 197>: 7.3ns
The critical path consists of the following:
	bus request operation ('rhs_V_11_req') on port 'gmem_weights2' [587]  (7.3 ns)

 <State 198>: 7.3ns
The critical path consists of the following:
	bus request operation ('rhs_V_11_req') on port 'gmem_weights2' [587]  (7.3 ns)

 <State 199>: 7.3ns
The critical path consists of the following:
	bus request operation ('rhs_V_11_req') on port 'gmem_weights2' [587]  (7.3 ns)

 <State 200>: 7.3ns
The critical path consists of the following:
	bus read operation ('rhs.V') on port 'gmem_weights2' [588]  (7.3 ns)

 <State 201>: 3.75ns
The critical path consists of the following:
	'load' operation ('lhs.V') on array 'conv_branch_V' [583]  (2.77 ns)
	'mul' operation of DSP[592] ('ret.V') [590]  (0.98 ns)

 <State 202>: 0.98ns
The critical path consists of the following:
	'mul' operation of DSP[592] ('ret.V') [590]  (0.98 ns)

 <State 203>: 1.76ns
The critical path consists of the following:
	'mul' operation of DSP[592] ('ret.V') [590]  (0 ns)
	'add' operation of DSP[592] ('dw_sum.V') [592]  (1.76 ns)

 <State 204>: 6.22ns
The critical path consists of the following:
	'add' operation of DSP[592] ('dw_sum.V') [592]  (1.76 ns)
	multiplexor before 'phi' operation ('dw_sum.V') with incoming values : ('sext_ln238_2', ../../ip/ip2/channel_shuffle.cpp:238) ('dw_sum.V') [595]  (1.3 ns)
	'phi' operation ('dw_sum.V') with incoming values : ('sext_ln238_2', ../../ip/ip2/channel_shuffle.cpp:238) ('dw_sum.V') [595]  (0 ns)
	'sub' operation of DSP[600] ('sub_ln27_2', ../../ip/ip2/channel_shuffle.cpp:27) [598]  (2.18 ns)
	'mul' operation of DSP[600] ('lhs', ../../ip/ip2/channel_shuffle.cpp:27) [600]  (0.98 ns)

 <State 205>: 0.98ns
The critical path consists of the following:
	'mul' operation of DSP[600] ('lhs', ../../ip/ip2/channel_shuffle.cpp:27) [600]  (0.98 ns)

 <State 206>: 0.98ns
The critical path consists of the following:
	'mul' operation of DSP[600] ('lhs', ../../ip/ip2/channel_shuffle.cpp:27) [600]  (0.98 ns)

 <State 207>: 1.82ns
The critical path consists of the following:
	'mul' operation of DSP[600] ('lhs', ../../ip/ip2/channel_shuffle.cpp:27) [600]  (0 ns)
	'mul' operation of DSP[602] ('mul_ln1494') [602]  (1.82 ns)

 <State 208>: 1.82ns
The critical path consists of the following:
	'mul' operation of DSP[602] ('mul_ln1494') [602]  (1.82 ns)

 <State 209>: 1.82ns
The critical path consists of the following:
	'mul' operation of DSP[602] ('mul_ln1494') [602]  (1.82 ns)

 <State 210>: 4.32ns
The critical path consists of the following:
	'mul' operation of DSP[602] ('mul_ln1494') [602]  (0 ns)
	'add' operation ('bn_val.V') [604]  (1.54 ns)
	'store' operation ('store_ln289', ../../ip/ip2/channel_shuffle.cpp:289) of variable 'trunc_ln8', ../../ip/ip2/channel_shuffle.cpp:289 on array 'conv_branch_V' [606]  (2.77 ns)

 <State 211>: 7.3ns
The critical path consists of the following:
	bus request operation ('gmem_bn3_load_req', ../../ip/ip2/channel_shuffle.cpp:101) on port 'gmem_bn3' (../../ip/ip2/channel_shuffle.cpp:101) [631]  (7.3 ns)

 <State 212>: 7.3ns
The critical path consists of the following:
	bus request operation ('gmem_bn3_load_req', ../../ip/ip2/channel_shuffle.cpp:101) on port 'gmem_bn3' (../../ip/ip2/channel_shuffle.cpp:101) [631]  (7.3 ns)

 <State 213>: 7.3ns
The critical path consists of the following:
	bus request operation ('gmem_bn3_load_req', ../../ip/ip2/channel_shuffle.cpp:101) on port 'gmem_bn3' (../../ip/ip2/channel_shuffle.cpp:101) [631]  (7.3 ns)

 <State 214>: 7.3ns
The critical path consists of the following:
	bus request operation ('gmem_bn3_load_req', ../../ip/ip2/channel_shuffle.cpp:101) on port 'gmem_bn3' (../../ip/ip2/channel_shuffle.cpp:101) [631]  (7.3 ns)

 <State 215>: 7.3ns
The critical path consists of the following:
	bus request operation ('gmem_bn3_load_req', ../../ip/ip2/channel_shuffle.cpp:101) on port 'gmem_bn3' (../../ip/ip2/channel_shuffle.cpp:101) [631]  (7.3 ns)

 <State 216>: 7.3ns
The critical path consists of the following:
	bus request operation ('gmem_bn3_load_req', ../../ip/ip2/channel_shuffle.cpp:101) on port 'gmem_bn3' (../../ip/ip2/channel_shuffle.cpp:101) [631]  (7.3 ns)

 <State 217>: 7.3ns
The critical path consists of the following:
	bus request operation ('gmem_bn3_load_req', ../../ip/ip2/channel_shuffle.cpp:101) on port 'gmem_bn3' (../../ip/ip2/channel_shuffle.cpp:101) [631]  (7.3 ns)

 <State 218>: 7.3ns
The critical path consists of the following:
	bus read operation ('gmem_bn3_addr_read', ../../ip/ip2/channel_shuffle.cpp:101) on port 'gmem_bn3' (../../ip/ip2/channel_shuffle.cpp:101) [632]  (7.3 ns)

 <State 219>: 7.3ns
The critical path consists of the following:
	bus read operation ('gmem_bn3_addr_1_read', ../../ip/ip2/channel_shuffle.cpp:101) on port 'gmem_bn3' (../../ip/ip2/channel_shuffle.cpp:101) [634]  (7.3 ns)

 <State 220>: 7.3ns
The critical path consists of the following:
	bus read operation ('gamma.V', ../../ip/ip2/channel_shuffle.cpp:101) on port 'gmem_bn3' (../../ip/ip2/channel_shuffle.cpp:101) [636]  (7.3 ns)

 <State 221>: 7.3ns
The critical path consists of the following:
	bus read operation ('beta.V', ../../ip/ip2/channel_shuffle.cpp:101) on port 'gmem_bn3' (../../ip/ip2/channel_shuffle.cpp:101) [639]  (7.3 ns)

 <State 222>: 4.59ns
The critical path consists of the following:
	'load' operation ('w_V_load') on local variable 'w.V' [657]  (0 ns)
	'icmp' operation ('icmp_ln1027_12') [661]  (2.14 ns)
	'select' operation ('select_ln1027_7') [664]  (0.627 ns)
	'mul' operation of DSP[666] ('mul_ln1027_1') [666]  (1.82 ns)

 <State 223>: 1.82ns
The critical path consists of the following:
	'mul' operation of DSP[666] ('mul_ln1027_1') [666]  (1.82 ns)

 <State 224>: 1.82ns
The critical path consists of the following:
	'mul' operation of DSP[666] ('mul_ln1027_1') [666]  (1.82 ns)

 <State 225>: 2.52ns
The critical path consists of the following:
	'select' operation ('select_ln1027_6') [662]  (0.627 ns)
	'add' operation ('add_ln1495') [672]  (1.9 ns)

 <State 226>: 4.28ns
The critical path consists of the following:
	'phi' operation ('c_out_group.V') with incoming values : ('c_out_end.V') [676]  (0 ns)
	'add' operation ('ret.V') [685]  (1.54 ns)
	'icmp' operation ('icmp_ln1035_3') [686]  (2.11 ns)
	'select' operation ('c_out_end.V', ../../ip/ip2/channel_shuffle.cpp:315) [688]  (0.627 ns)

 <State 227>: 7.05ns
The critical path consists of the following:
	'phi' operation ('c_out_conv.V') with incoming values : ('zext_ln186_6') ('add_ln840_13') [691]  (0 ns)
	'mul' operation ('mul_ln1495') [697]  (7.05 ns)

 <State 228>: 4.59ns
The critical path consists of the following:
	'add' operation ('out_idx.V') [698]  (1.9 ns)
	'add' operation ('add_ln320', ../../ip/ip2/channel_shuffle.cpp:320) [700]  (2.69 ns)

 <State 229>: 7.3ns
The critical path consists of the following:
	bus request operation ('gmem_out_addr_2_req', ../../ip/ip2/channel_shuffle.cpp:320) on port 'gmem_out' (../../ip/ip2/channel_shuffle.cpp:320) [702]  (7.3 ns)

 <State 230>: 7.3ns
The critical path consists of the following:
	bus write operation ('write_ln320', ../../ip/ip2/channel_shuffle.cpp:320) on port 'gmem_out' (../../ip/ip2/channel_shuffle.cpp:320) [703]  (7.3 ns)

 <State 231>: 7.3ns
The critical path consists of the following:
	bus response operation ('gmem_out_addr_2_resp', ../../ip/ip2/channel_shuffle.cpp:320) on port 'gmem_out' (../../ip/ip2/channel_shuffle.cpp:320) [704]  (7.3 ns)

 <State 232>: 7.3ns
The critical path consists of the following:
	bus response operation ('gmem_out_addr_2_resp', ../../ip/ip2/channel_shuffle.cpp:320) on port 'gmem_out' (../../ip/ip2/channel_shuffle.cpp:320) [704]  (7.3 ns)

 <State 233>: 7.3ns
The critical path consists of the following:
	bus response operation ('gmem_out_addr_2_resp', ../../ip/ip2/channel_shuffle.cpp:320) on port 'gmem_out' (../../ip/ip2/channel_shuffle.cpp:320) [704]  (7.3 ns)

 <State 234>: 7.3ns
The critical path consists of the following:
	bus response operation ('gmem_out_addr_2_resp', ../../ip/ip2/channel_shuffle.cpp:320) on port 'gmem_out' (../../ip/ip2/channel_shuffle.cpp:320) [704]  (7.3 ns)

 <State 235>: 7.3ns
The critical path consists of the following:
	bus response operation ('gmem_out_addr_2_resp', ../../ip/ip2/channel_shuffle.cpp:320) on port 'gmem_out' (../../ip/ip2/channel_shuffle.cpp:320) [704]  (7.3 ns)

 <State 236>: 4.28ns
The critical path consists of the following:
	'phi' operation ('cr_group.V') with incoming values : ('cr_end.V') [710]  (0 ns)
	'add' operation ('ret.V') [716]  (1.54 ns)
	'icmp' operation ('icmp_ln1035_5') [717]  (2.11 ns)
	'select' operation ('cr_end.V', ../../ip/ip2/channel_shuffle.cpp:325) [719]  (0.627 ns)

 <State 237>: 2.56ns
The critical path consists of the following:
	'phi' operation ('cr.V') with incoming values : ('cr_end.V') ('cr.V') [722]  (0 ns)
	'sub' operation of DSP[731] ('sub_ln186_2') [729]  (1.58 ns)
	'mul' operation of DSP[731] ('mul_ln186_4') [730]  (0.98 ns)

 <State 238>: 0.98ns
The critical path consists of the following:
	'mul' operation of DSP[731] ('mul_ln186_4') [730]  (0.98 ns)

 <State 239>: 1.76ns
The critical path consists of the following:
	'mul' operation of DSP[731] ('mul_ln186_4') [730]  (0 ns)
	'add' operation of DSP[731] ('add_ln186_38') [731]  (1.76 ns)

 <State 240>: 5.81ns
The critical path consists of the following:
	'add' operation of DSP[731] ('add_ln186_38') [731]  (1.76 ns)
	'add' operation ('buf_idx.V') [732]  (1.28 ns)
	'getelementptr' operation ('conv_branch_V_addr_9', ../../ip/ip2/channel_shuffle.cpp:330) [735]  (0 ns)
	'load' operation ('in_val.V', ../../ip/ip2/channel_shuffle.cpp:330) on array 'conv_branch_V' [736]  (2.77 ns)

 <State 241>: 2.77ns
The critical path consists of the following:
	'load' operation ('in_val.V', ../../ip/ip2/channel_shuffle.cpp:330) on array 'conv_branch_V' [736]  (2.77 ns)

 <State 242>: 7.05ns
The critical path consists of the following:
	'phi' operation ('c_out_conv.V') with incoming values : ('zext_ln186_6') ('add_ln840_27') [740]  (0 ns)
	'mul' operation ('ret.V') [746]  (7.05 ns)

 <State 243>: 4.59ns
The critical path consists of the following:
	'add' operation ('kernel_idx.V') [747]  (1.9 ns)
	'add' operation ('add_ln186_37') [751]  (2.69 ns)

 <State 244>: 7.3ns
The critical path consists of the following:
	bus request operation ('gmem_weights3_load_req') on port 'gmem_weights3' [753]  (7.3 ns)

 <State 245>: 7.3ns
The critical path consists of the following:
	bus request operation ('gmem_weights3_load_req') on port 'gmem_weights3' [753]  (7.3 ns)

 <State 246>: 7.3ns
The critical path consists of the following:
	bus request operation ('gmem_weights3_load_req') on port 'gmem_weights3' [753]  (7.3 ns)

 <State 247>: 7.3ns
The critical path consists of the following:
	bus request operation ('gmem_weights3_load_req') on port 'gmem_weights3' [753]  (7.3 ns)

 <State 248>: 7.3ns
The critical path consists of the following:
	bus request operation ('gmem_weights3_load_req') on port 'gmem_weights3' [753]  (7.3 ns)

 <State 249>: 7.3ns
The critical path consists of the following:
	bus request operation ('gmem_weights3_load_req') on port 'gmem_weights3' [753]  (7.3 ns)

 <State 250>: 7.3ns
The critical path consists of the following:
	bus request operation ('gmem_weights3_load_req') on port 'gmem_weights3' [753]  (7.3 ns)

 <State 251>: 7.3ns
The critical path consists of the following:
	bus read operation ('gmem_weights3_addr_read') on port 'gmem_weights3' [754]  (7.3 ns)

 <State 252>: 7.3ns
The critical path consists of the following:
	bus request operation ('gmem_out_addr_6_req') on port 'gmem_out' [762]  (7.3 ns)

 <State 253>: 0.98ns
The critical path consists of the following:
	'mul' operation of DSP[761] ('mul_ln840') [755]  (0.98 ns)

 <State 254>: 1.76ns
The critical path consists of the following:
	'mul' operation of DSP[761] ('mul_ln840') [755]  (0 ns)
	'add' operation of DSP[761] ('add_ln840_26') [761]  (1.76 ns)

 <State 255>: 1.76ns
The critical path consists of the following:
	'add' operation of DSP[761] ('add_ln840_26') [761]  (1.76 ns)

 <State 256>: 7.3ns
The critical path consists of the following:
	bus write operation ('write_ln840') on port 'gmem_out' [763]  (7.3 ns)

 <State 257>: 7.3ns
The critical path consists of the following:
	bus response operation ('gmem_out_addr_6_resp') on port 'gmem_out' [764]  (7.3 ns)

 <State 258>: 7.3ns
The critical path consists of the following:
	bus response operation ('gmem_out_addr_6_resp') on port 'gmem_out' [764]  (7.3 ns)

 <State 259>: 7.3ns
The critical path consists of the following:
	bus response operation ('gmem_out_addr_6_resp') on port 'gmem_out' [764]  (7.3 ns)

 <State 260>: 7.3ns
The critical path consists of the following:
	bus response operation ('gmem_out_addr_6_resp') on port 'gmem_out' [764]  (7.3 ns)

 <State 261>: 7.3ns
The critical path consists of the following:
	bus response operation ('gmem_out_addr_6_resp') on port 'gmem_out' [764]  (7.3 ns)

 <State 262>: 7.05ns
The critical path consists of the following:
	'phi' operation ('c_out_conv.V') with incoming values : ('zext_ln186_6') ('add_ln840_21') [775]  (0 ns)
	'mul' operation ('mul_ln1495_2') [781]  (7.05 ns)

 <State 263>: 4.59ns
The critical path consists of the following:
	'add' operation ('out_idx.V') [782]  (1.9 ns)
	'add' operation ('add_ln1669') [784]  (2.69 ns)

 <State 264>: 7.3ns
The critical path consists of the following:
	bus request operation ('gmem_out_load_1_req') on port 'gmem_out' [786]  (7.3 ns)

 <State 265>: 7.3ns
The critical path consists of the following:
	bus request operation ('gmem_out_load_1_req') on port 'gmem_out' [786]  (7.3 ns)

 <State 266>: 7.3ns
The critical path consists of the following:
	bus request operation ('gmem_out_load_1_req') on port 'gmem_out' [786]  (7.3 ns)

 <State 267>: 7.3ns
The critical path consists of the following:
	bus request operation ('gmem_out_load_1_req') on port 'gmem_out' [786]  (7.3 ns)

 <State 268>: 7.3ns
The critical path consists of the following:
	bus request operation ('gmem_out_load_1_req') on port 'gmem_out' [786]  (7.3 ns)

 <State 269>: 7.3ns
The critical path consists of the following:
	bus request operation ('gmem_out_load_1_req') on port 'gmem_out' [786]  (7.3 ns)

 <State 270>: 7.3ns
The critical path consists of the following:
	bus request operation ('gmem_out_load_1_req') on port 'gmem_out' [786]  (7.3 ns)

 <State 271>: 7.3ns
The critical path consists of the following:
	bus read operation ('gmem_out_addr_3_read') on port 'gmem_out' [787]  (7.3 ns)

 <State 272>: 7.3ns
The critical path consists of the following:
	bus request operation ('gmem_out_addr_4_req', ../../ip/ip2/channel_shuffle.cpp:346) on port 'gmem_out' (../../ip/ip2/channel_shuffle.cpp:346) [805]  (7.3 ns)

 <State 273>: 3.19ns
The critical path consists of the following:
	'udiv' operation ('rhs') [789]  (3.19 ns)

 <State 274>: 3.19ns
The critical path consists of the following:
	'udiv' operation ('rhs') [789]  (3.19 ns)

 <State 275>: 3.19ns
The critical path consists of the following:
	'udiv' operation ('rhs') [789]  (3.19 ns)

 <State 276>: 3.19ns
The critical path consists of the following:
	'udiv' operation ('rhs') [789]  (3.19 ns)

 <State 277>: 3.19ns
The critical path consists of the following:
	'udiv' operation ('rhs') [789]  (3.19 ns)

 <State 278>: 3.19ns
The critical path consists of the following:
	'udiv' operation ('rhs') [789]  (3.19 ns)

 <State 279>: 3.19ns
The critical path consists of the following:
	'udiv' operation ('rhs') [789]  (3.19 ns)

 <State 280>: 3.19ns
The critical path consists of the following:
	'udiv' operation ('rhs') [789]  (3.19 ns)

 <State 281>: 3.19ns
The critical path consists of the following:
	'udiv' operation ('rhs') [789]  (3.19 ns)

 <State 282>: 5.01ns
The critical path consists of the following:
	'udiv' operation ('rhs') [789]  (3.19 ns)
	'mul' operation of DSP[796] ('ret.V') [796]  (1.82 ns)

 <State 283>: 1.82ns
The critical path consists of the following:
	'mul' operation of DSP[796] ('ret.V') [796]  (1.82 ns)

 <State 284>: 1.82ns
The critical path consists of the following:
	'mul' operation of DSP[796] ('ret.V') [796]  (1.82 ns)

 <State 285>: 4.09ns
The critical path consists of the following:
	'mul' operation of DSP[796] ('ret.V') [796]  (0 ns)
	'add' operation ('bn_val.V') [800]  (1.55 ns)
	'icmp' operation ('icmp_ln1035_6') [802]  (2.08 ns)
	'select' operation ('select_ln54_1', ../../ip/ip2/channel_shuffle.cpp:54) [804]  (0.448 ns)

 <State 286>: 7.3ns
The critical path consists of the following:
	bus write operation ('write_ln346', ../../ip/ip2/channel_shuffle.cpp:346) on port 'gmem_out' (../../ip/ip2/channel_shuffle.cpp:346) [806]  (7.3 ns)

 <State 287>: 7.3ns
The critical path consists of the following:
	bus response operation ('gmem_out_addr_4_resp', ../../ip/ip2/channel_shuffle.cpp:346) on port 'gmem_out' (../../ip/ip2/channel_shuffle.cpp:346) [807]  (7.3 ns)

 <State 288>: 7.3ns
The critical path consists of the following:
	bus response operation ('gmem_out_addr_4_resp', ../../ip/ip2/channel_shuffle.cpp:346) on port 'gmem_out' (../../ip/ip2/channel_shuffle.cpp:346) [807]  (7.3 ns)

 <State 289>: 7.3ns
The critical path consists of the following:
	bus response operation ('gmem_out_addr_4_resp', ../../ip/ip2/channel_shuffle.cpp:346) on port 'gmem_out' (../../ip/ip2/channel_shuffle.cpp:346) [807]  (7.3 ns)

 <State 290>: 7.3ns
The critical path consists of the following:
	bus response operation ('gmem_out_addr_4_resp', ../../ip/ip2/channel_shuffle.cpp:346) on port 'gmem_out' (../../ip/ip2/channel_shuffle.cpp:346) [807]  (7.3 ns)

 <State 291>: 7.3ns
The critical path consists of the following:
	bus response operation ('gmem_out_addr_4_resp', ../../ip/ip2/channel_shuffle.cpp:346) on port 'gmem_out' (../../ip/ip2/channel_shuffle.cpp:346) [807]  (7.3 ns)

 <State 292>: 3.75ns
The critical path consists of the following:
	'load' operation ('w_V_6_load') on local variable 'w.V' [838]  (0 ns)
	'icmp' operation ('icmp_ln1027_15') [842]  (2.14 ns)
	'select' operation ('select_ln1027_9') [845]  (0.627 ns)
	'mul' operation of DSP[851] ('mul_ln1027_2') [847]  (0.98 ns)

 <State 293>: 0.98ns
The critical path consists of the following:
	'mul' operation of DSP[851] ('mul_ln1027_2') [847]  (0.98 ns)

 <State 294>: 1.76ns
The critical path consists of the following:
	'mul' operation of DSP[851] ('mul_ln1027_2') [847]  (0 ns)
	'add' operation of DSP[851] ('add_ln1495_1') [851]  (1.76 ns)

 <State 295>: 1.76ns
The critical path consists of the following:
	'add' operation of DSP[851] ('add_ln1495_1') [851]  (1.76 ns)

 <State 296>: 7.22ns
The critical path consists of the following:
	'phi' operation ('block.V') with incoming values : ('block_end.V') [855]  (0 ns)
	'add' operation ('ret.V') [864]  (1.54 ns)
	'icmp' operation ('icmp_ln1035_4') [865]  (2.11 ns)
	'select' operation ('block_end.V', ../../ip/ip2/channel_shuffle.cpp:378) [867]  (0.627 ns)
	'icmp' operation ('icmp_ln1027_17') [868]  (2.14 ns)
	blocking operation 0.8 ns on control path)

 <State 297>: 7.05ns
The critical path consists of the following:
	'phi' operation ('c.V') with incoming values : ('zext_ln186_7') ('add_ln840_18') [873]  (0 ns)
	'mul' operation ('mul_ln1495_1') [879]  (7.05 ns)

 <State 298>: 4.59ns
The critical path consists of the following:
	'add' operation ('src_idx.V') [880]  (1.9 ns)
	'add' operation ('add_ln384', ../../ip/ip2/channel_shuffle.cpp:384) [882]  (2.69 ns)

 <State 299>: 7.3ns
The critical path consists of the following:
	bus request operation ('gmem_out_load_req', ../../ip/ip2/channel_shuffle.cpp:384) on port 'gmem_out' (../../ip/ip2/channel_shuffle.cpp:384) [887]  (7.3 ns)

 <State 300>: 7.3ns
The critical path consists of the following:
	bus request operation ('gmem_out_load_req', ../../ip/ip2/channel_shuffle.cpp:384) on port 'gmem_out' (../../ip/ip2/channel_shuffle.cpp:384) [887]  (7.3 ns)

 <State 301>: 7.3ns
The critical path consists of the following:
	bus request operation ('gmem_out_load_req', ../../ip/ip2/channel_shuffle.cpp:384) on port 'gmem_out' (../../ip/ip2/channel_shuffle.cpp:384) [887]  (7.3 ns)

 <State 302>: 7.3ns
The critical path consists of the following:
	bus request operation ('gmem_out_load_req', ../../ip/ip2/channel_shuffle.cpp:384) on port 'gmem_out' (../../ip/ip2/channel_shuffle.cpp:384) [887]  (7.3 ns)

 <State 303>: 7.3ns
The critical path consists of the following:
	bus request operation ('gmem_out_load_req', ../../ip/ip2/channel_shuffle.cpp:384) on port 'gmem_out' (../../ip/ip2/channel_shuffle.cpp:384) [887]  (7.3 ns)

 <State 304>: 7.3ns
The critical path consists of the following:
	bus request operation ('gmem_out_load_req', ../../ip/ip2/channel_shuffle.cpp:384) on port 'gmem_out' (../../ip/ip2/channel_shuffle.cpp:384) [887]  (7.3 ns)

 <State 305>: 7.3ns
The critical path consists of the following:
	bus request operation ('gmem_out_load_req', ../../ip/ip2/channel_shuffle.cpp:384) on port 'gmem_out' (../../ip/ip2/channel_shuffle.cpp:384) [887]  (7.3 ns)

 <State 306>: 7.3ns
The critical path consists of the following:
	bus read operation ('gmem_out_addr_2_read', ../../ip/ip2/channel_shuffle.cpp:384) on port 'gmem_out' (../../ip/ip2/channel_shuffle.cpp:384) [888]  (7.3 ns)

 <State 307>: 2.77ns
The critical path consists of the following:
	'getelementptr' operation ('shuffle_temp_V_addr', ../../ip/ip2/channel_shuffle.cpp:384) [885]  (0 ns)
	'store' operation ('store_ln384', ../../ip/ip2/channel_shuffle.cpp:384) of variable 'gmem_out_addr_2_read', ../../ip/ip2/channel_shuffle.cpp:384 on array 'shuffle_temp.V', ../../ip/ip2/channel_shuffle.cpp:368 [889]  (2.77 ns)

 <State 308>: 3.57ns
The critical path consists of the following:
	'phi' operation ('c.V') with incoming values : ('zext_ln186_7') ('add_ln840_24') [895]  (0 ns)
	'urem' operation ('ret.V') [903]  (3.57 ns)

 <State 309>: 3.57ns
The critical path consists of the following:
	'urem' operation ('ret.V') [903]  (3.57 ns)

 <State 310>: 3.57ns
The critical path consists of the following:
	'urem' operation ('ret.V') [903]  (3.57 ns)

 <State 311>: 3.57ns
The critical path consists of the following:
	'urem' operation ('ret.V') [903]  (3.57 ns)

 <State 312>: 3.57ns
The critical path consists of the following:
	'urem' operation ('ret.V') [903]  (3.57 ns)

 <State 313>: 3.57ns
The critical path consists of the following:
	'urem' operation ('ret.V') [903]  (3.57 ns)

 <State 314>: 3.57ns
The critical path consists of the following:
	'urem' operation ('ret.V') [903]  (3.57 ns)

 <State 315>: 3.57ns
The critical path consists of the following:
	'urem' operation ('ret.V') [903]  (3.57 ns)

 <State 316>: 3.57ns
The critical path consists of the following:
	'urem' operation ('ret.V') [903]  (3.57 ns)

 <State 317>: 3.57ns
The critical path consists of the following:
	'urem' operation ('ret.V') [903]  (3.57 ns)

 <State 318>: 3.57ns
The critical path consists of the following:
	'urem' operation ('ret.V') [903]  (3.57 ns)

 <State 319>: 3.57ns
The critical path consists of the following:
	'urem' operation ('ret.V') [903]  (3.57 ns)

 <State 320>: 3.57ns
The critical path consists of the following:
	'urem' operation ('ret.V') [903]  (3.57 ns)

 <State 321>: 3.57ns
The critical path consists of the following:
	'urem' operation ('ret.V') [903]  (3.57 ns)

 <State 322>: 3.57ns
The critical path consists of the following:
	'urem' operation ('ret.V') [903]  (3.57 ns)

 <State 323>: 3.57ns
The critical path consists of the following:
	'urem' operation ('ret.V') [903]  (3.57 ns)

 <State 324>: 3.57ns
The critical path consists of the following:
	'urem' operation ('ret.V') [903]  (3.57 ns)

 <State 325>: 3.57ns
The critical path consists of the following:
	'urem' operation ('ret.V') [903]  (3.57 ns)

 <State 326>: 3.57ns
The critical path consists of the following:
	'urem' operation ('ret.V') [903]  (3.57 ns)

 <State 327>: 3.57ns
The critical path consists of the following:
	'urem' operation ('ret.V') [903]  (3.57 ns)

 <State 328>: 3.57ns
The critical path consists of the following:
	'urem' operation ('ret.V') [903]  (3.57 ns)

 <State 329>: 3.57ns
The critical path consists of the following:
	'urem' operation ('ret.V') [903]  (3.57 ns)

 <State 330>: 3.57ns
The critical path consists of the following:
	'urem' operation ('ret.V') [903]  (3.57 ns)

 <State 331>: 3.57ns
The critical path consists of the following:
	'urem' operation ('ret.V') [903]  (3.57 ns)

 <State 332>: 3.57ns
The critical path consists of the following:
	'urem' operation ('ret.V') [903]  (3.57 ns)

 <State 333>: 3.57ns
The critical path consists of the following:
	'urem' operation ('ret.V') [903]  (3.57 ns)

 <State 334>: 3.57ns
The critical path consists of the following:
	'urem' operation ('ret.V') [903]  (3.57 ns)

 <State 335>: 3.57ns
The critical path consists of the following:
	'urem' operation ('ret.V') [903]  (3.57 ns)

 <State 336>: 3.57ns
The critical path consists of the following:
	'urem' operation ('ret.V') [903]  (3.57 ns)

 <State 337>: 3.57ns
The critical path consists of the following:
	'urem' operation ('ret.V') [903]  (3.57 ns)

 <State 338>: 3.57ns
The critical path consists of the following:
	'urem' operation ('ret.V') [903]  (3.57 ns)

 <State 339>: 3.57ns
The critical path consists of the following:
	'urem' operation ('ret.V') [903]  (3.57 ns)

 <State 340>: 3.57ns
The critical path consists of the following:
	'urem' operation ('ret.V') [903]  (3.57 ns)

 <State 341>: 3.57ns
The critical path consists of the following:
	'urem' operation ('ret.V') [903]  (3.57 ns)

 <State 342>: 3.57ns
The critical path consists of the following:
	'urem' operation ('ret.V') [903]  (3.57 ns)

 <State 343>: 5.82ns
The critical path consists of the following:
	'udiv' operation ('div_i_udiv') [901]  (3.44 ns)
	'xor' operation ('new_group_idx.V') [905]  (0 ns)
	'select' operation ('select_ln186') [906]  (0 ns)
	'and' operation ('and_ln186') [907]  (0.834 ns)
	'add' operation ('new_c.V') [911]  (1.54 ns)

 <State 344>: 7.05ns
The critical path consists of the following:
	'mul' operation ('mul_ln1495_3') [918]  (7.05 ns)

 <State 345>: 4.59ns
The critical path consists of the following:
	'add' operation ('dst_idx.V') [919]  (1.9 ns)
	'add' operation ('add_ln398', ../../ip/ip2/channel_shuffle.cpp:398) [924]  (2.69 ns)

 <State 346>: 7.3ns
The critical path consists of the following:
	bus request operation ('gmem_out_addr_5_req', ../../ip/ip2/channel_shuffle.cpp:398) on port 'gmem_out' (../../ip/ip2/channel_shuffle.cpp:398) [927]  (7.3 ns)

 <State 347>: 7.3ns
The critical path consists of the following:
	bus write operation ('write_ln398', ../../ip/ip2/channel_shuffle.cpp:398) on port 'gmem_out' (../../ip/ip2/channel_shuffle.cpp:398) [928]  (7.3 ns)

 <State 348>: 7.3ns
The critical path consists of the following:
	bus response operation ('gmem_out_addr_5_resp', ../../ip/ip2/channel_shuffle.cpp:398) on port 'gmem_out' (../../ip/ip2/channel_shuffle.cpp:398) [929]  (7.3 ns)

 <State 349>: 7.3ns
The critical path consists of the following:
	bus response operation ('gmem_out_addr_5_resp', ../../ip/ip2/channel_shuffle.cpp:398) on port 'gmem_out' (../../ip/ip2/channel_shuffle.cpp:398) [929]  (7.3 ns)

 <State 350>: 7.3ns
The critical path consists of the following:
	bus response operation ('gmem_out_addr_5_resp', ../../ip/ip2/channel_shuffle.cpp:398) on port 'gmem_out' (../../ip/ip2/channel_shuffle.cpp:398) [929]  (7.3 ns)

 <State 351>: 7.3ns
The critical path consists of the following:
	bus response operation ('gmem_out_addr_5_resp', ../../ip/ip2/channel_shuffle.cpp:398) on port 'gmem_out' (../../ip/ip2/channel_shuffle.cpp:398) [929]  (7.3 ns)

 <State 352>: 7.3ns
The critical path consists of the following:
	bus response operation ('gmem_out_addr_5_resp', ../../ip/ip2/channel_shuffle.cpp:398) on port 'gmem_out' (../../ip/ip2/channel_shuffle.cpp:398) [929]  (7.3 ns)


============================================================
+ Verbose Summary: Binding
============================================================
N/A
* FSMD analyzer results:
  - Output states:
 - Input state : 
  - Chain level:
	State 1
	State 2
	State 3
	State 4
	State 5
	State 6
	State 7
	State 8
	State 9
	State 10
	State 11
	State 12
	State 13
	State 14
	State 15
	State 16
	State 17
	State 18
	State 19
	State 20
	State 21
	State 22
	State 23
	State 24
	State 25
	State 26
	State 27
	State 28
	State 29
	State 30
	State 31
	State 32
	State 33
	State 34
	State 35
	State 36
	State 37
	State 38
	State 39
	State 40
	State 41
	State 42
	State 43
	State 44
	State 45
	State 46
	State 47
	State 48
	State 49
	State 50
	State 51
	State 52
	State 53
	State 54
	State 55
	State 56
	State 57
	State 58
	State 59
	State 60
	State 61
	State 62
	State 63
	State 64
	State 65
	State 66
	State 67
	State 68
	State 69
	State 70
	State 71
	State 72
	State 73
	State 74
	State 75
	State 76
	State 77
	State 78
	State 79
	State 80
	State 81
	State 82
	State 83
	State 84
	State 85
	State 86
	State 87
	State 88
	State 89
	State 90
	State 91
	State 92
	State 93
	State 94
	State 95
	State 96
	State 97
	State 98
	State 99
	State 100
	State 101
	State 102
	State 103
	State 104
	State 105
	State 106
	State 107
	State 108
	State 109
	State 110
	State 111
	State 112
	State 113
	State 114
	State 115
	State 116
	State 117
	State 118
	State 119
	State 120
	State 121
	State 122
	State 123
	State 124
	State 125
	State 126
	State 127
	State 128
	State 129
	State 130
	State 131
	State 132
	State 133
	State 134
	State 135
	State 136
	State 137
	State 138
	State 139
	State 140
	State 141
	State 142
	State 143
	State 144
	State 145
	State 146
	State 147
	State 148
	State 149
	State 150
	State 151
	State 152
	State 153
	State 154
	State 155
	State 156
	State 157
	State 158
	State 159
	State 160
	State 161
	State 162
	State 163
	State 164
	State 165
	State 166
	State 167
	State 168
	State 169
	State 170
	State 171
	State 172
	State 173
	State 174
	State 175
	State 176
	State 177
	State 178
	State 179
	State 180
	State 181
	State 182
	State 183
	State 184
	State 185
	State 186
	State 187
	State 188
	State 189
	State 190
	State 191
	State 192
	State 193
	State 194
	State 195
	State 196
	State 197
	State 198
	State 199
	State 200
	State 201
	State 202
	State 203
	State 204
	State 205
	State 206
	State 207
	State 208
	State 209
	State 210
	State 211
	State 212
	State 213
	State 214
	State 215
	State 216
	State 217
	State 218
	State 219
	State 220
	State 221
	State 222
	State 223
	State 224
	State 225
	State 226
	State 227
	State 228
	State 229
	State 230
	State 231
	State 232
	State 233
	State 234
	State 235
	State 236
	State 237
	State 238
	State 239
	State 240
	State 241
	State 242
	State 243
	State 244
	State 245
	State 246
	State 247
	State 248
	State 249
	State 250
	State 251
	State 252
	State 253
	State 254
	State 255
	State 256
	State 257
	State 258
	State 259
	State 260
	State 261
	State 262
	State 263
	State 264
	State 265
	State 266
	State 267
	State 268
	State 269
	State 270
	State 271
	State 272
	State 273
	State 274
	State 275
	State 276
	State 277
	State 278
	State 279
	State 280
	State 281
	State 282
	State 283
	State 284
	State 285
	State 286
	State 287
	State 288
	State 289
	State 290
	State 291
	State 292
	State 293
	State 294
	State 295
	State 296
	State 297
	State 298
	State 299
	State 300
	State 301
	State 302
	State 303
	State 304
	State 305
	State 306
	State 307
	State 308
	State 309
	State 310
	State 311
	State 312
	State 313
	State 314
	State 315
	State 316
	State 317
	State 318
	State 319
	State 320
	State 321
	State 322
	State 323
	State 324
	State 325
	State 326
	State 327
	State 328
	State 329
	State 330
	State 331
	State 332
	State 333
	State 334
	State 335
	State 336
	State 337
	State 338
	State 339
	State 340
	State 341
	State 342
	State 343
	State 344
	State 345
	State 346
	State 347
	State 348
	State 349
	State 350
	State 351
	State 352


============================================================
+ Verbose Summary: Datapath Resource usage 
============================================================
N/A
