

================================================================
== Vitis HLS Report for 'initial_conv_bn_relu'
================================================================
* Date:           Thu Oct 30 14:35:12 2025

* Version:        2022.2 (Build 3670227 on Oct 13 2022)
* Project:        ip1
* Solution:       solution1 (Vivado IP Flow Target)
* Product family: zynq
* Target device:  xc7z020-clg400-2


================================================================
== Performance Estimates
================================================================
+ Timing: 
    * Summary: 
    +--------+----------+----------+------------+
    |  Clock |  Target  | Estimated| Uncertainty|
    +--------+----------+----------+------------+
    |ap_clk  |  10.00 ns|  7.300 ns|     2.70 ns|
    +--------+----------+----------+------------+

+ Latency: 
    * Summary: 
    +---------+---------+----------+----------+-----+-----+---------+
    |  Latency (cycles) |  Latency (absolute) |  Interval | Pipeline|
    |   min   |   max   |    min   |    max   | min | max |   Type  |
    +---------+---------+----------+----------+-----+-----+---------+
    |        ?|        ?|         ?|         ?|    ?|    ?|       no|
    +---------+---------+----------+----------+-----+-----+---------+

    + Detail: 
        * Instance: 
        +----------------------------------------------------------+-----------------------------------------------+---------+---------+----------+----------+-----+-----+---------+
        |                                                          |                                               |  Latency (cycles) |  Latency (absolute) |  Interval | Pipeline|
        |                         Instance                         |                     Module                    |   min   |   max   |    min   |    max   | min | max |   Type  |
        +----------------------------------------------------------+-----------------------------------------------+---------+---------+----------+----------+-----+-----+---------+
        |grp_initial_conv_bn_relu_Pipeline_VITIS_LOOP_90_5_fu_401  |initial_conv_bn_relu_Pipeline_VITIS_LOOP_90_5  |        ?|        ?|         ?|         ?|    ?|    ?|       no|
        +----------------------------------------------------------+-----------------------------------------------+---------+---------+----------+----------+-----+-----+---------+

        * Loop: 
        +---------------------------------------------------+---------+---------+----------+-----------+-----------+------+----------+
        |                                                   |  Latency (cycles) | Iteration|  Initiation Interval  | Trip |          |
        |                     Loop Name                     |   min   |   max   |  Latency |  achieved |   target  | Count| Pipelined|
        +---------------------------------------------------+---------+---------+----------+-----------+-----------+------+----------+
        |- VITIS_LOOP_70_1_VITIS_LOOP_71_2_VITIS_LOOP_72_3  |        ?|        ?|         ?|          -|          -|     ?|        no|
        | + VITIS_LOOP_77_4                                 |        ?|        ?|         ?|          -|          -|     4|        no|
        +---------------------------------------------------+---------+---------+----------+-----------+-----------+------+----------+



================================================================
== Utilization Estimates
================================================================
* Summary: 
+-----------------+---------+-----+--------+-------+-----+
|       Name      | BRAM_18K| DSP |   FF   |  LUT  | URAM|
+-----------------+---------+-----+--------+-------+-----+
|DSP              |        -|    4|       -|      -|    -|
|Expression       |        -|    -|       0|    961|    -|
|FIFO             |        -|    -|       -|      -|    -|
|Instance         |        0|   11|    9741|   8628|    -|
|Memory           |        -|    -|       -|      -|    -|
|Multiplexer      |        -|    -|       -|    806|    -|
|Register         |        -|    -|    1956|      -|    -|
+-----------------+---------+-----+--------+-------+-----+
|Total            |        0|   15|   11697|  10395|    0|
+-----------------+---------+-----+--------+-------+-----+
|Available        |      280|  220|  106400|  53200|    0|
+-----------------+---------+-----+--------+-------+-----+
|Utilization (%)  |        0|    6|      10|     19|    0|
+-----------------+---------+-----+--------+-------+-----+

+ Detail: 
    * Instance: 
    +----------------------------------------------------------+-----------------------------------------------+---------+----+------+------+-----+
    |                         Instance                         |                     Module                    | BRAM_18K| DSP|  FF  |  LUT | URAM|
    +----------------------------------------------------------+-----------------------------------------------+---------+----+------+------+-----+
    |control_s_axi_U                                           |control_s_axi                                  |        0|   0|   698|  1160|    0|
    |gmem0_m_axi_U                                             |gmem0_m_axi                                    |        0|   0|   746|  1396|    0|
    |grp_initial_conv_bn_relu_Pipeline_VITIS_LOOP_90_5_fu_401  |initial_conv_bn_relu_Pipeline_VITIS_LOOP_90_5  |        0|   6|  6879|  5110|    0|
    |mul_16ns_32ns_48_1_1_U37                                  |mul_16ns_32ns_48_1_1                           |        0|   2|     0|    21|    0|
    |mul_32s_16ns_32_1_1_U35                                   |mul_32s_16ns_32_1_1                            |        0|   2|     0|    21|    0|
    |mul_32s_8s_40_1_1_U38                                     |mul_32s_8s_40_1_1                              |        0|   1|     0|    21|    0|
    |mul_8ns_8ns_16_1_1_U36                                    |mul_8ns_8ns_16_1_1                             |        0|   0|     0|    41|    0|
    |sdiv_18ns_9ns_18_22_seq_1_U31                             |sdiv_18ns_9ns_18_22_seq_1                      |        0|   0|   226|   137|    0|
    |sdiv_18ns_9ns_18_22_seq_1_U32                             |sdiv_18ns_9ns_18_22_seq_1                      |        0|   0|   226|   137|    0|
    |sdiv_19ns_9ns_16_23_seq_1_U33                             |sdiv_19ns_9ns_16_23_seq_1                      |        0|   0|   238|   144|    0|
    |sdiv_19ns_9ns_16_23_seq_1_U34                             |sdiv_19ns_9ns_16_23_seq_1                      |        0|   0|   238|   144|    0|
    |sdiv_40ns_8s_32_44_seq_1_U39                              |sdiv_40ns_8s_32_44_seq_1                       |        0|   0|   490|   296|    0|
    +----------------------------------------------------------+-----------------------------------------------+---------+----+------+------+-----+
    |Total                                                     |                                               |        0|  11|  9741|  8628|    0|
    +----------------------------------------------------------+-----------------------------------------------+---------+----+------+------+-----+

    * DSP: 
    +------------------------------+--------------------------+-----------+
    |           Instance           |          Module          | Expression|
    +------------------------------+--------------------------+-----------+
    |mul_mul_16ns_16ns_32_4_1_U41  |mul_mul_16ns_16ns_32_4_1  |    i0 * i1|
    |mul_mul_16ns_16ns_32_4_1_U43  |mul_mul_16ns_16ns_32_4_1  |    i0 * i1|
    |mul_mul_16ns_8ns_24_4_1_U40   |mul_mul_16ns_8ns_24_4_1   |    i0 * i1|
    |mul_mul_24ns_8ns_32_4_1_U42   |mul_mul_24ns_8ns_32_4_1   |    i0 * i1|
    +------------------------------+--------------------------+-----------+

    * Memory: 
    N/A

    * FIFO: 
    N/A

    * Expression: 
    +----------------------------+----------+----+---+----+------------+------------+
    |        Variable Name       | Operation| DSP| FF| LUT| Bitwidth P0| Bitwidth P1|
    +----------------------------+----------+----+---+----+------------+------------+
    |H_pool_out_V_fu_629_p2      |         +|   0|  0|  16|          16|           1|
    |W_pool_out_V_fu_601_p2      |         +|   0|  0|  16|          16|           1|
    |add_ln112_fu_992_p2         |         +|   0|  0|  16|          16|          16|
    |add_ln1496_1_fu_504_p2      |         +|   0|  0|  17|          17|          17|
    |add_ln1496_fu_470_p2        |         +|   0|  0|  17|          17|          17|
    |add_ln1513_1_fu_580_p2      |         +|   0|  0|  19|          19|          19|
    |add_ln1513_2_fu_530_p2      |         +|   0|  0|  19|          19|           1|
    |add_ln1513_3_fu_540_p2      |         +|   0|  0|  19|          19|           1|
    |add_ln1513_fu_557_p2        |         +|   0|  0|  19|          19|          19|
    |add_ln70_1_fu_820_p2        |         +|   0|  0|  16|          16|           1|
    |add_ln70_fu_716_p2          |         +|   0|  0|  48|          48|           1|
    |add_ln71_1_fu_924_p2        |         +|   0|  0|  32|          32|           1|
    |add_ln72_fu_919_p2          |         +|   0|  0|  16|          16|           1|
    |empty_36_fu_760_p2          |         +|   0|  0|  64|          64|          64|
    |empty_37_fu_765_p2          |         +|   0|  0|  64|          64|          64|
    |empty_38_fu_770_p2          |         +|   0|  0|  64|          64|          64|
    |empty_39_fu_775_p2          |         +|   0|  0|  64|          64|          64|
    |p_idx_1_fu_869_p2           |         +|   0|  0|   4|           3|           1|
    |val_V_2_fu_987_p2           |         +|   0|  0|  32|          32|          32|
    |w_pool_2_fu_833_p2          |         +|   0|  0|  16|          16|           1|
    |grp_fu_494_p0               |         -|   0|  0|  18|          18|          18|
    |grp_fu_520_p0               |         -|   0|  0|  18|          18|          18|
    |grp_fu_574_p0               |         -|   0|  0|  19|          19|          19|
    |grp_fu_591_p0               |         -|   0|  0|  19|          19|          19|
    |val_V_fu_962_p2             |         -|   0|  0|  32|          32|          32|
    |and_ln70_fu_660_p2          |       and|   0|  0|   1|           1|           1|
    |and_ln85_fu_913_p2          |       and|   0|  0|   1|           1|           1|
    |cmp_i_i7357_fu_655_p2       |      icmp|   0|  0|   7|          16|           1|
    |cmp_i_i7429_fu_613_p2       |      icmp|   0|  0|   7|          16|           1|
    |icmp_ln1027_2_fu_908_p2     |      icmp|   0|  0|   7|          17|          17|
    |icmp_ln1027_3_fu_703_p2     |      icmp|   0|  0|   7|          16|           1|
    |icmp_ln1027_4_fu_730_p2     |      icmp|   0|  0|   7|          16|          16|
    |icmp_ln1027_fu_641_p2       |      icmp|   0|  0|   7|          16|           1|
    |icmp_ln1035_1_fu_1019_p2    |      icmp|   0|  0|   4|           8|           8|
    |icmp_ln1035_fu_1007_p2      |      icmp|   0|  0|  12|          32|           1|
    |icmp_ln70_fu_711_p2         |      icmp|   0|  0|  17|          48|          48|
    |icmp_ln71_fu_725_p2         |      icmp|   0|  0|  12|          32|          32|
    |icmp_ln77_fu_863_p2         |      icmp|   0|  0|   2|           3|           4|
    |icmp_ln85_fu_903_p2         |      icmp|   0|  0|   7|          17|          17|
    |or_ln71_fu_742_p2           |        or|   0|  0|   1|           1|           1|
    |bn_relu_val_V_2_fu_1012_p3  |    select|   0|  0|   8|           1|           8|
    |empty_fu_672_p3             |    select|   0|  0|  32|           1|          32|
    |max_val_V_2_fu_1025_p3      |    select|   0|  0|   8|           1|           8|
    |select_ln70_fu_665_p3       |    select|   0|  0|  32|           1|          32|
    |select_ln71_1_fu_839_p3     |    select|   0|  0|  16|           1|          16|
    |select_ln71_2_fu_930_p3     |    select|   0|  0|  32|           1|           1|
    |select_ln71_fu_748_p3       |    select|   0|  0|  16|           1|           1|
    |select_ln82_1_fu_826_p3     |    select|   0|  0|  16|           1|          16|
    |select_ln82_2_fu_735_p3     |    select|   0|  0|   2|           1|           1|
    |select_ln82_fu_813_p3       |    select|   0|  0|  16|           1|           1|
    +----------------------------+----------+----+---+----+------------+------------+
    |Total                       |          |   0|  0| 961|         933|         758|
    +----------------------------+----------+----+---+----+------------+------------+

    * Multiplexer: 
    +--------------------------------------+-----+-----------+-----+-----------+
    |                 Name                 | LUT | Input Size| Bits| Total Bits|
    +--------------------------------------+-----+-----------+-----+-----------+
    |ap_NS_fsm                             |  616|        120|    1|        120|
    |ap_phi_mux_max_val_V_3_phi_fu_393_p4  |    9|          2|    8|         16|
    |c_out_fu_176                          |    9|          2|   16|         32|
    |gmem0_ARADDR                          |   25|          6|   64|        384|
    |gmem0_ARLEN                           |   13|          3|   32|         96|
    |gmem0_ARVALID                         |   13|          3|    1|          3|
    |gmem0_RREADY                          |   13|          3|    1|          3|
    |gmem0_blk_n_AR                        |    9|          2|    1|          2|
    |gmem0_blk_n_AW                        |    9|          2|    1|          2|
    |gmem0_blk_n_B                         |    9|          2|    1|          2|
    |gmem0_blk_n_R                         |    9|          2|    1|          2|
    |gmem0_blk_n_W                         |    9|          2|    1|          2|
    |h_pool_fu_188                         |    9|          2|   16|         32|
    |indvar_flatten11_fu_192               |    9|          2|   48|         96|
    |indvar_flatten_fu_184                 |    9|          2|   32|         64|
    |max_val_V_3_reg_389                   |    9|          2|    8|         16|
    |max_val_V_reg_376                     |    9|          2|    8|         16|
    |p_idx_reg_365                         |    9|          2|    3|          6|
    |w_pool_fu_180                         |    9|          2|   16|         32|
    +--------------------------------------+-----+-----------+-----+-----------+
    |Total                                 |  806|        163|  259|        926|
    +--------------------------------------+-----+-----------+-----+-----------+

    * Register: 
    +-----------------------------------------------------------------------+-----+----+-----+-----------+
    |                                  Name                                 |  FF | LUT| Bits| Const Bits|
    +-----------------------------------------------------------------------+-----+----+-----+-----------+
    |C_in_0_data_reg                                                        |   16|   0|   16|          0|
    |C_in_0_vld_reg                                                         |    0|   0|    1|          1|
    |C_in_read_reg_1177                                                     |   16|   0|   16|          0|
    |C_out_0_data_reg                                                       |   16|   0|   16|          0|
    |C_out_0_vld_reg                                                        |    0|   0|    1|          1|
    |C_out_read_reg_1158                                                    |   16|   0|   16|          0|
    |H_in_0_data_reg                                                        |   16|   0|   16|          0|
    |H_in_0_vld_reg                                                         |    0|   0|    1|          1|
    |H_in_read_reg_1172                                                     |   16|   0|   16|          0|
    |H_pool_out_V_reg_1266                                                  |   16|   0|   16|          0|
    |K_0_data_reg                                                           |    8|   0|    8|          0|
    |K_0_vld_reg                                                            |    0|   0|    1|          1|
    |K_read_reg_1150                                                        |    8|   0|    8|          0|
    |W_in_0_data_reg                                                        |   16|   0|   16|          0|
    |W_in_0_vld_reg                                                         |    0|   0|    1|          1|
    |W_in_read_reg_1166                                                     |   16|   0|   16|          0|
    |add_ln1513_2_reg_1210                                                  |   19|   0|   19|          0|
    |add_ln1513_3_reg_1215                                                  |   19|   0|   19|          0|
    |add_ln70_reg_1332                                                      |   48|   0|   48|          0|
    |and_ln85_reg_1459                                                      |    1|   0|    1|          0|
    |ap_CS_fsm                                                              |  119|   0|  119|          0|
    |bn_beta_read_reg_1093                                                  |   64|   0|   64|          0|
    |bn_gamma_read_reg_1098                                                 |   64|   0|   64|          0|
    |bn_mean_read_reg_1108                                                  |   64|   0|   64|          0|
    |bn_relu_val_V_reg_1478                                                 |    8|   0|    8|          0|
    |bn_var_read_reg_1103                                                   |   64|   0|   64|          0|
    |c_out_fu_176                                                           |   16|   0|   16|          0|
    |cmp_i_i7429_reg_1251                                                   |    1|   0|    1|          0|
    |conv3_i658_reg_1304                                                    |   16|   0|   16|          0|
    |conv_h_reg_1449                                                        |   17|   0|   17|          0|
    |conv_kernel_read_reg_1113                                              |   64|   0|   64|          0|
    |conv_w_reg_1454                                                        |   17|   0|   17|          0|
    |empty_reg_1299                                                         |   32|   0|   32|          0|
    |feature_in_read_reg_1118                                               |   64|   0|   64|          0|
    |gmem0_addr_1_read_reg_1384                                             |    8|   0|    8|          0|
    |gmem0_addr_1_reg_1355                                                  |   64|   0|   64|          0|
    |gmem0_addr_2_read_reg_1389                                             |    8|   0|    8|          0|
    |gmem0_addr_2_reg_1361                                                  |   64|   0|   64|          0|
    |gmem0_addr_3_read_reg_1394                                             |    8|   0|    8|          0|
    |gmem0_addr_3_reg_1367                                                  |   64|   0|   64|          0|
    |gmem0_addr_4_reg_1373                                                  |   64|   0|   64|          0|
    |gmem0_addr_reg_1129                                                    |   64|   0|   64|          0|
    |grp_initial_conv_bn_relu_Pipeline_VITIS_LOOP_90_5_fu_401_ap_start_reg  |    1|   0|    1|          0|
    |h_pool_fu_188                                                          |   16|   0|   16|          0|
    |icmp_ln1027_3_reg_1324                                                 |    1|   0|    1|          0|
    |icmp_ln1027_reg_1282                                                   |    1|   0|    1|          0|
    |icmp_ln71_reg_1337                                                     |    1|   0|    1|          0|
    |indvar_flatten11_fu_192                                                |   48|   0|   48|          0|
    |indvar_flatten_fu_184                                                  |   32|   0|   32|          0|
    |max_val_V_3_reg_389                                                    |    8|   0|    8|          0|
    |max_val_V_reg_376                                                      |    8|   0|    8|          0|
    |mul_ln103_reg_1411                                                     |   32|   0|   32|          0|
    |mul_ln1513_reg_1468                                                    |   40|   0|   40|          0|
    |mul_ln18_reg_1319                                                      |   48|   0|   48|          0|
    |mul_ln70_1_reg_1294                                                    |   32|   0|   32|          0|
    |mul_ln70_2_reg_1314                                                    |   32|   0|   32|          0|
    |mul_ln70_reg_1287                                                      |   32|   0|   32|          0|
    |p_idx_1_reg_1444                                                       |    3|   0|    3|          0|
    |p_idx_reg_365                                                          |    3|   0|    3|          0|
    |padding_0_data_reg                                                     |    8|   0|    8|          0|
    |padding_0_vld_reg                                                      |    0|   0|    1|          1|
    |pool_kernel_0_data_reg                                                 |    8|   0|    8|          0|
    |pool_kernel_0_vld_reg                                                  |    0|   0|    1|          1|
    |pool_kernel_read_reg_1145                                              |    8|   0|    8|          0|
    |pool_padding_0_data_reg                                                |    8|   0|    8|          0|
    |pool_padding_0_vld_reg                                                 |    0|   0|    1|          1|
    |pool_padding_read_reg_1135                                             |    8|   0|    8|          0|
    |pool_stride_0_data_reg                                                 |    8|   0|    8|          0|
    |pool_stride_0_vld_reg                                                  |    0|   0|    1|          1|
    |pool_stride_read_reg_1140                                              |    8|   0|    8|          0|
    |sdiv_ln1513_1_reg_1236                                                 |   16|   0|   16|          0|
    |select_ln71_1_reg_1405                                                 |   16|   0|   16|          0|
    |select_ln71_reg_1349                                                   |   16|   0|   16|          0|
    |select_ln82_1_reg_1399                                                 |   16|   0|   16|          0|
    |select_ln82_2_reg_1344                                                 |    1|   0|    1|          0|
    |sext_ln112_reg_1416                                                    |   32|   0|   32|          0|
    |sext_ln114_reg_1421                                                    |   40|   0|   40|          0|
    |sext_ln115_reg_1426                                                    |   32|   0|   32|          0|
    |sext_ln77_reg_1431                                                     |   40|   0|   40|          0|
    |sext_ln840_reg_1436                                                    |   16|   0|   16|          0|
    |stride_0_data_reg                                                      |    8|   0|    8|          0|
    |stride_0_vld_reg                                                       |    0|   0|    1|          1|
    |val_V_2_reg_1473                                                       |   32|   0|   32|          0|
    |val_V_reg_1463                                                         |   32|   0|   32|          0|
    |w_pool_fu_180                                                          |   16|   0|   16|          0|
    |zext_ln102_reg_1309                                                    |   16|   0|   32|         16|
    |zext_ln1496_2_reg_1200                                                 |   16|   0|   17|          1|
    |zext_ln1496_reg_1184                                                   |   16|   0|   17|          1|
    +-----------------------------------------------------------------------+-----+----+-----+-----------+
    |Total                                                                  | 1956|   0| 1984|         28|
    +-----------------------------------------------------------------------+-----+----+-----+-----------+



================================================================
== Interface
================================================================
* Summary: 
+-----------------------+-----+-----+------------+----------------------+--------------+
|       RTL Ports       | Dir | Bits|  Protocol  |     Source Object    |    C Type    |
+-----------------------+-----+-----+------------+----------------------+--------------+
|s_axi_control_AWVALID  |   in|    1|       s_axi|               control|        scalar|
|s_axi_control_AWREADY  |  out|    1|       s_axi|               control|        scalar|
|s_axi_control_AWADDR   |   in|    8|       s_axi|               control|        scalar|
|s_axi_control_WVALID   |   in|    1|       s_axi|               control|        scalar|
|s_axi_control_WREADY   |  out|    1|       s_axi|               control|        scalar|
|s_axi_control_WDATA    |   in|   32|       s_axi|               control|        scalar|
|s_axi_control_WSTRB    |   in|    4|       s_axi|               control|        scalar|
|s_axi_control_ARVALID  |   in|    1|       s_axi|               control|        scalar|
|s_axi_control_ARREADY  |  out|    1|       s_axi|               control|        scalar|
|s_axi_control_ARADDR   |   in|    8|       s_axi|               control|        scalar|
|s_axi_control_RVALID   |  out|    1|       s_axi|               control|        scalar|
|s_axi_control_RREADY   |   in|    1|       s_axi|               control|        scalar|
|s_axi_control_RDATA    |  out|   32|       s_axi|               control|        scalar|
|s_axi_control_RRESP    |  out|    2|       s_axi|               control|        scalar|
|s_axi_control_BVALID   |  out|    1|       s_axi|               control|        scalar|
|s_axi_control_BREADY   |   in|    1|       s_axi|               control|        scalar|
|s_axi_control_BRESP    |  out|    2|       s_axi|               control|        scalar|
|ap_clk                 |   in|    1|  ap_ctrl_hs|  initial_conv_bn_relu|  return value|
|ap_rst_n               |   in|    1|  ap_ctrl_hs|  initial_conv_bn_relu|  return value|
|interrupt              |  out|    1|  ap_ctrl_hs|  initial_conv_bn_relu|  return value|
|m_axi_gmem0_AWVALID    |  out|    1|       m_axi|                 gmem0|       pointer|
|m_axi_gmem0_AWREADY    |   in|    1|       m_axi|                 gmem0|       pointer|
|m_axi_gmem0_AWADDR     |  out|   64|       m_axi|                 gmem0|       pointer|
|m_axi_gmem0_AWID       |  out|    1|       m_axi|                 gmem0|       pointer|
|m_axi_gmem0_AWLEN      |  out|    8|       m_axi|                 gmem0|       pointer|
|m_axi_gmem0_AWSIZE     |  out|    3|       m_axi|                 gmem0|       pointer|
|m_axi_gmem0_AWBURST    |  out|    2|       m_axi|                 gmem0|       pointer|
|m_axi_gmem0_AWLOCK     |  out|    2|       m_axi|                 gmem0|       pointer|
|m_axi_gmem0_AWCACHE    |  out|    4|       m_axi|                 gmem0|       pointer|
|m_axi_gmem0_AWPROT     |  out|    3|       m_axi|                 gmem0|       pointer|
|m_axi_gmem0_AWQOS      |  out|    4|       m_axi|                 gmem0|       pointer|
|m_axi_gmem0_AWREGION   |  out|    4|       m_axi|                 gmem0|       pointer|
|m_axi_gmem0_AWUSER     |  out|    1|       m_axi|                 gmem0|       pointer|
|m_axi_gmem0_WVALID     |  out|    1|       m_axi|                 gmem0|       pointer|
|m_axi_gmem0_WREADY     |   in|    1|       m_axi|                 gmem0|       pointer|
|m_axi_gmem0_WDATA      |  out|   32|       m_axi|                 gmem0|       pointer|
|m_axi_gmem0_WSTRB      |  out|    4|       m_axi|                 gmem0|       pointer|
|m_axi_gmem0_WLAST      |  out|    1|       m_axi|                 gmem0|       pointer|
|m_axi_gmem0_WID        |  out|    1|       m_axi|                 gmem0|       pointer|
|m_axi_gmem0_WUSER      |  out|    1|       m_axi|                 gmem0|       pointer|
|m_axi_gmem0_ARVALID    |  out|    1|       m_axi|                 gmem0|       pointer|
|m_axi_gmem0_ARREADY    |   in|    1|       m_axi|                 gmem0|       pointer|
|m_axi_gmem0_ARADDR     |  out|   64|       m_axi|                 gmem0|       pointer|
|m_axi_gmem0_ARID       |  out|    1|       m_axi|                 gmem0|       pointer|
|m_axi_gmem0_ARLEN      |  out|    8|       m_axi|                 gmem0|       pointer|
|m_axi_gmem0_ARSIZE     |  out|    3|       m_axi|                 gmem0|       pointer|
|m_axi_gmem0_ARBURST    |  out|    2|       m_axi|                 gmem0|       pointer|
|m_axi_gmem0_ARLOCK     |  out|    2|       m_axi|                 gmem0|       pointer|
|m_axi_gmem0_ARCACHE    |  out|    4|       m_axi|                 gmem0|       pointer|
|m_axi_gmem0_ARPROT     |  out|    3|       m_axi|                 gmem0|       pointer|
|m_axi_gmem0_ARQOS      |  out|    4|       m_axi|                 gmem0|       pointer|
|m_axi_gmem0_ARREGION   |  out|    4|       m_axi|                 gmem0|       pointer|
|m_axi_gmem0_ARUSER     |  out|    1|       m_axi|                 gmem0|       pointer|
|m_axi_gmem0_RVALID     |   in|    1|       m_axi|                 gmem0|       pointer|
|m_axi_gmem0_RREADY     |  out|    1|       m_axi|                 gmem0|       pointer|
|m_axi_gmem0_RDATA      |   in|   32|       m_axi|                 gmem0|       pointer|
|m_axi_gmem0_RLAST      |   in|    1|       m_axi|                 gmem0|       pointer|
|m_axi_gmem0_RID        |   in|    1|       m_axi|                 gmem0|       pointer|
|m_axi_gmem0_RUSER      |   in|    1|       m_axi|                 gmem0|       pointer|
|m_axi_gmem0_RRESP      |   in|    2|       m_axi|                 gmem0|       pointer|
|m_axi_gmem0_BVALID     |   in|    1|       m_axi|                 gmem0|       pointer|
|m_axi_gmem0_BREADY     |  out|    1|       m_axi|                 gmem0|       pointer|
|m_axi_gmem0_BRESP      |   in|    2|       m_axi|                 gmem0|       pointer|
|m_axi_gmem0_BID        |   in|    1|       m_axi|                 gmem0|       pointer|
|m_axi_gmem0_BUSER      |   in|    1|       m_axi|                 gmem0|       pointer|
+-----------------------+-----+-----+------------+----------------------+--------------+

============================================================
+ Verbose Summary: Synthesis Manager
============================================================
InlineROM: 1
ExposeGlobal: 0
============================================================
+ Verbose Summary: CDFG Model
============================================================
IsTopModel: 1
ResetActiveHigh: 1
IsCombinational: 2
IsDatapathOnly: 2
HasWiredReturn: 1
HasMFsm: 0
HasVarLatency: 1
IsPipeline: 0
IsRtlPipelined: 0
IsInstanceOverlapped: 0
IsDontTouch: 0
HasImplIP: 0
IsGatedGlobalClock: 0


============================================================
+ Verbose Summary: Schedule
============================================================
* Number of FSM states : 119
* Pipeline : 0
* Dataflow Pipeline: 0

* FSM state transitions: 
1 --> 2 
2 --> 3 
3 --> 4 
4 --> 5 
5 --> 6 
6 --> 7 
7 --> 8 
8 --> 9 
9 --> 10 
10 --> 11 
11 --> 12 
12 --> 13 
13 --> 14 
14 --> 15 
15 --> 16 
16 --> 17 
17 --> 18 
18 --> 19 
19 --> 20 
20 --> 21 
21 --> 22 
22 --> 23 
23 --> 24 
24 --> 25 
25 --> 26 
26 --> 27 
27 --> 28 
28 --> 29 
29 --> 30 
30 --> 31 
31 --> 32 
32 --> 33 
33 --> 34 
34 --> 35 
35 --> 36 
36 --> 37 
37 --> 38 
38 --> 39 
39 --> 40 
40 --> 41 
41 --> 42 
42 --> 43 
43 --> 44 
44 --> 45 
45 --> 46 
46 --> 47 
47 --> 48 
48 --> 49 
49 --> 50 
50 --> 51 
51 --> 52 
52 --> 53 
53 --> 54 115 
54 --> 55 
55 --> 56 
56 --> 57 
57 --> 58 
58 --> 59 
59 --> 60 
60 --> 61 
61 --> 62 
62 --> 63 
63 --> 64 
64 --> 65 
65 --> 114 66 113 
66 --> 67 
67 --> 68 
68 --> 69 
69 --> 70 
70 --> 71 
71 --> 72 
72 --> 73 
73 --> 74 
74 --> 75 
75 --> 76 
76 --> 77 
77 --> 78 
78 --> 79 
79 --> 80 
80 --> 81 
81 --> 82 
82 --> 83 
83 --> 84 
84 --> 85 
85 --> 86 
86 --> 87 
87 --> 88 
88 --> 89 
89 --> 90 
90 --> 91 
91 --> 92 
92 --> 93 
93 --> 94 
94 --> 95 
95 --> 96 
96 --> 97 
97 --> 98 
98 --> 99 
99 --> 100 
100 --> 101 
101 --> 102 
102 --> 103 
103 --> 104 
104 --> 105 
105 --> 106 
106 --> 107 
107 --> 108 
108 --> 109 
109 --> 110 
110 --> 111 
111 --> 112 
112 --> 113 
113 --> 65 
114 --> 53 
115 --> 116 
116 --> 117 
117 --> 118 
118 --> 119 
119 --> 

* FSM state operations: 

State 1 <SV = 0> <Delay = 1.29>
ST_1 : Operation 120 [1/1] (0.00ns)   --->   "%c_out = alloca i32 1"   --->   Operation 120 'alloca' 'c_out' <Predicate = true> <Delay = 0.00>
ST_1 : Operation 121 [1/1] (0.00ns)   --->   "%w_pool = alloca i32 1"   --->   Operation 121 'alloca' 'w_pool' <Predicate = true> <Delay = 0.00>
ST_1 : Operation 122 [1/1] (0.00ns)   --->   "%indvar_flatten = alloca i32 1"   --->   Operation 122 'alloca' 'indvar_flatten' <Predicate = true> <Delay = 0.00>
ST_1 : Operation 123 [1/1] (0.00ns)   --->   "%h_pool = alloca i32 1"   --->   Operation 123 'alloca' 'h_pool' <Predicate = true> <Delay = 0.00>
ST_1 : Operation 124 [1/1] (0.00ns)   --->   "%indvar_flatten11 = alloca i32 1"   --->   Operation 124 'alloca' 'indvar_flatten11' <Predicate = true> <Delay = 0.00>
ST_1 : Operation 125 [1/1] (1.00ns)   --->   "%feature_out_read = read i64 @_ssdm_op_Read.s_axilite.i64, i64 %feature_out"   --->   Operation 125 'read' 'feature_out_read' <Predicate = true> <Delay = 1.00> <CoreInst = "s_axilite">   --->   Core 114 's_axilite' <Latency = 0> <II = 1> <Delay = 1.00> <Adapter> <Opcode : 'read' 'write'>
ST_1 : Operation 126 [1/1] (1.00ns)   --->   "%bn_beta_read = read i64 @_ssdm_op_Read.s_axilite.i64, i64 %bn_beta"   --->   Operation 126 'read' 'bn_beta_read' <Predicate = true> <Delay = 1.00> <CoreInst = "s_axilite">   --->   Core 114 's_axilite' <Latency = 0> <II = 1> <Delay = 1.00> <Adapter> <Opcode : 'read' 'write'>
ST_1 : Operation 127 [1/1] (1.00ns)   --->   "%bn_gamma_read = read i64 @_ssdm_op_Read.s_axilite.i64, i64 %bn_gamma"   --->   Operation 127 'read' 'bn_gamma_read' <Predicate = true> <Delay = 1.00> <CoreInst = "s_axilite">   --->   Core 114 's_axilite' <Latency = 0> <II = 1> <Delay = 1.00> <Adapter> <Opcode : 'read' 'write'>
ST_1 : Operation 128 [1/1] (1.00ns)   --->   "%bn_var_read = read i64 @_ssdm_op_Read.s_axilite.i64, i64 %bn_var"   --->   Operation 128 'read' 'bn_var_read' <Predicate = true> <Delay = 1.00> <CoreInst = "s_axilite">   --->   Core 114 's_axilite' <Latency = 0> <II = 1> <Delay = 1.00> <Adapter> <Opcode : 'read' 'write'>
ST_1 : Operation 129 [1/1] (1.00ns)   --->   "%bn_mean_read = read i64 @_ssdm_op_Read.s_axilite.i64, i64 %bn_mean"   --->   Operation 129 'read' 'bn_mean_read' <Predicate = true> <Delay = 1.00> <CoreInst = "s_axilite">   --->   Core 114 's_axilite' <Latency = 0> <II = 1> <Delay = 1.00> <Adapter> <Opcode : 'read' 'write'>
ST_1 : Operation 130 [1/1] (1.00ns)   --->   "%conv_kernel_read = read i64 @_ssdm_op_Read.s_axilite.i64, i64 %conv_kernel"   --->   Operation 130 'read' 'conv_kernel_read' <Predicate = true> <Delay = 1.00> <CoreInst = "s_axilite">   --->   Core 114 's_axilite' <Latency = 0> <II = 1> <Delay = 1.00> <Adapter> <Opcode : 'read' 'write'>
ST_1 : Operation 131 [1/1] (1.00ns)   --->   "%feature_in_read = read i64 @_ssdm_op_Read.s_axilite.i64, i64 %feature_in"   --->   Operation 131 'read' 'feature_in_read' <Predicate = true> <Delay = 1.00> <CoreInst = "s_axilite">   --->   Core 114 's_axilite' <Latency = 0> <II = 1> <Delay = 1.00> <Adapter> <Opcode : 'read' 'write'>
ST_1 : Operation 132 [2/2] (1.00ns)   --->   "%pool_padding_read = read i8 @_ssdm_op_Read.s_axilite.i8, i8 %pool_padding"   --->   Operation 132 'read' 'pool_padding_read' <Predicate = true> <Delay = 1.00> <CoreInst = "s_axilite">   --->   Core 114 's_axilite' <Latency = 0> <II = 1> <Delay = 1.00> <Adapter> <Opcode : 'read' 'write'>
ST_1 : Operation 133 [2/2] (1.00ns)   --->   "%pool_stride_read = read i8 @_ssdm_op_Read.s_axilite.i8, i8 %pool_stride"   --->   Operation 133 'read' 'pool_stride_read' <Predicate = true> <Delay = 1.00> <CoreInst = "s_axilite">   --->   Core 114 's_axilite' <Latency = 0> <II = 1> <Delay = 1.00> <Adapter> <Opcode : 'read' 'write'>
ST_1 : Operation 134 [2/2] (1.00ns)   --->   "%pool_kernel_read = read i8 @_ssdm_op_Read.s_axilite.i8, i8 %pool_kernel"   --->   Operation 134 'read' 'pool_kernel_read' <Predicate = true> <Delay = 1.00> <CoreInst = "s_axilite">   --->   Core 114 's_axilite' <Latency = 0> <II = 1> <Delay = 1.00> <Adapter> <Opcode : 'read' 'write'>
ST_1 : Operation 135 [2/2] (1.00ns)   --->   "%padding_read = read i8 @_ssdm_op_Read.s_axilite.i8, i8 %padding"   --->   Operation 135 'read' 'padding_read' <Predicate = true> <Delay = 1.00> <CoreInst = "s_axilite">   --->   Core 114 's_axilite' <Latency = 0> <II = 1> <Delay = 1.00> <Adapter> <Opcode : 'read' 'write'>
ST_1 : Operation 136 [2/2] (1.00ns)   --->   "%stride_read = read i8 @_ssdm_op_Read.s_axilite.i8, i8 %stride"   --->   Operation 136 'read' 'stride_read' <Predicate = true> <Delay = 1.00> <CoreInst = "s_axilite">   --->   Core 114 's_axilite' <Latency = 0> <II = 1> <Delay = 1.00> <Adapter> <Opcode : 'read' 'write'>
ST_1 : Operation 137 [2/2] (1.00ns)   --->   "%K_read = read i8 @_ssdm_op_Read.s_axilite.i8, i8 %K"   --->   Operation 137 'read' 'K_read' <Predicate = true> <Delay = 1.00> <CoreInst = "s_axilite">   --->   Core 114 's_axilite' <Latency = 0> <II = 1> <Delay = 1.00> <Adapter> <Opcode : 'read' 'write'>
ST_1 : Operation 138 [2/2] (1.00ns)   --->   "%C_out_read = read i16 @_ssdm_op_Read.s_axilite.i16, i16 %C_out"   --->   Operation 138 'read' 'C_out_read' <Predicate = true> <Delay = 1.00> <CoreInst = "s_axilite">   --->   Core 114 's_axilite' <Latency = 0> <II = 1> <Delay = 1.00> <Adapter> <Opcode : 'read' 'write'>
ST_1 : Operation 139 [2/2] (1.00ns)   --->   "%W_in_read = read i16 @_ssdm_op_Read.s_axilite.i16, i16 %W_in"   --->   Operation 139 'read' 'W_in_read' <Predicate = true> <Delay = 1.00> <CoreInst = "s_axilite">   --->   Core 114 's_axilite' <Latency = 0> <II = 1> <Delay = 1.00> <Adapter> <Opcode : 'read' 'write'>
ST_1 : Operation 140 [2/2] (1.00ns)   --->   "%H_in_read = read i16 @_ssdm_op_Read.s_axilite.i16, i16 %H_in"   --->   Operation 140 'read' 'H_in_read' <Predicate = true> <Delay = 1.00> <CoreInst = "s_axilite">   --->   Core 114 's_axilite' <Latency = 0> <II = 1> <Delay = 1.00> <Adapter> <Opcode : 'read' 'write'>
ST_1 : Operation 141 [2/2] (1.00ns)   --->   "%C_in_read = read i16 @_ssdm_op_Read.s_axilite.i16, i16 %C_in"   --->   Operation 141 'read' 'C_in_read' <Predicate = true> <Delay = 1.00> <CoreInst = "s_axilite">   --->   Core 114 's_axilite' <Latency = 0> <II = 1> <Delay = 1.00> <Adapter> <Opcode : 'read' 'write'>
ST_1 : Operation 142 [1/1] (0.00ns)   --->   "%sum_V_loc = alloca i64 1"   --->   Operation 142 'alloca' 'sum_V_loc' <Predicate = true> <Delay = 0.00>
ST_1 : Operation 143 [1/1] (0.00ns)   --->   "%gmem0_addr = getelementptr i8 %gmem0, i64 %feature_out_read" [../ip/Ip1/initial_conv_bn_relu.cpp:70]   --->   Operation 143 'getelementptr' 'gmem0_addr' <Predicate = true> <Delay = 0.00>
ST_1 : Operation 144 [1/1] (1.29ns)   --->   "%store_ln70 = store i48 0, i48 %indvar_flatten11" [../ip/Ip1/initial_conv_bn_relu.cpp:70]   --->   Operation 144 'store' 'store_ln70' <Predicate = true> <Delay = 1.29>
ST_1 : Operation 145 [1/1] (1.29ns)   --->   "%store_ln70 = store i16 0, i16 %h_pool" [../ip/Ip1/initial_conv_bn_relu.cpp:70]   --->   Operation 145 'store' 'store_ln70' <Predicate = true> <Delay = 1.29>
ST_1 : Operation 146 [1/1] (1.29ns)   --->   "%store_ln70 = store i32 0, i32 %indvar_flatten" [../ip/Ip1/initial_conv_bn_relu.cpp:70]   --->   Operation 146 'store' 'store_ln70' <Predicate = true> <Delay = 1.29>
ST_1 : Operation 147 [1/1] (1.29ns)   --->   "%store_ln70 = store i16 0, i16 %w_pool" [../ip/Ip1/initial_conv_bn_relu.cpp:70]   --->   Operation 147 'store' 'store_ln70' <Predicate = true> <Delay = 1.29>
ST_1 : Operation 148 [1/1] (1.29ns)   --->   "%store_ln70 = store i16 0, i16 %c_out" [../ip/Ip1/initial_conv_bn_relu.cpp:70]   --->   Operation 148 'store' 'store_ln70' <Predicate = true> <Delay = 1.29>

State 2 <SV = 1> <Delay = 7.16>
ST_2 : Operation 149 [1/2] (1.00ns)   --->   "%pool_padding_read = read i8 @_ssdm_op_Read.s_axilite.i8, i8 %pool_padding"   --->   Operation 149 'read' 'pool_padding_read' <Predicate = true> <Delay = 1.00> <CoreInst = "s_axilite">   --->   Core 114 's_axilite' <Latency = 0> <II = 1> <Delay = 1.00> <Adapter> <Opcode : 'read' 'write'>
ST_2 : Operation 150 [1/2] (1.00ns)   --->   "%pool_stride_read = read i8 @_ssdm_op_Read.s_axilite.i8, i8 %pool_stride"   --->   Operation 150 'read' 'pool_stride_read' <Predicate = true> <Delay = 1.00> <CoreInst = "s_axilite">   --->   Core 114 's_axilite' <Latency = 0> <II = 1> <Delay = 1.00> <Adapter> <Opcode : 'read' 'write'>
ST_2 : Operation 151 [1/2] (1.00ns)   --->   "%pool_kernel_read = read i8 @_ssdm_op_Read.s_axilite.i8, i8 %pool_kernel"   --->   Operation 151 'read' 'pool_kernel_read' <Predicate = true> <Delay = 1.00> <CoreInst = "s_axilite">   --->   Core 114 's_axilite' <Latency = 0> <II = 1> <Delay = 1.00> <Adapter> <Opcode : 'read' 'write'>
ST_2 : Operation 152 [1/2] (1.00ns)   --->   "%padding_read = read i8 @_ssdm_op_Read.s_axilite.i8, i8 %padding"   --->   Operation 152 'read' 'padding_read' <Predicate = true> <Delay = 1.00> <CoreInst = "s_axilite">   --->   Core 114 's_axilite' <Latency = 0> <II = 1> <Delay = 1.00> <Adapter> <Opcode : 'read' 'write'>
ST_2 : Operation 153 [1/2] (1.00ns)   --->   "%stride_read = read i8 @_ssdm_op_Read.s_axilite.i8, i8 %stride"   --->   Operation 153 'read' 'stride_read' <Predicate = true> <Delay = 1.00> <CoreInst = "s_axilite">   --->   Core 114 's_axilite' <Latency = 0> <II = 1> <Delay = 1.00> <Adapter> <Opcode : 'read' 'write'>
ST_2 : Operation 154 [1/2] (1.00ns)   --->   "%K_read = read i8 @_ssdm_op_Read.s_axilite.i8, i8 %K"   --->   Operation 154 'read' 'K_read' <Predicate = true> <Delay = 1.00> <CoreInst = "s_axilite">   --->   Core 114 's_axilite' <Latency = 0> <II = 1> <Delay = 1.00> <Adapter> <Opcode : 'read' 'write'>
ST_2 : Operation 155 [1/2] (1.00ns)   --->   "%C_out_read = read i16 @_ssdm_op_Read.s_axilite.i16, i16 %C_out"   --->   Operation 155 'read' 'C_out_read' <Predicate = true> <Delay = 1.00> <CoreInst = "s_axilite">   --->   Core 114 's_axilite' <Latency = 0> <II = 1> <Delay = 1.00> <Adapter> <Opcode : 'read' 'write'>
ST_2 : Operation 156 [1/2] (1.00ns)   --->   "%W_in_read = read i16 @_ssdm_op_Read.s_axilite.i16, i16 %W_in"   --->   Operation 156 'read' 'W_in_read' <Predicate = true> <Delay = 1.00> <CoreInst = "s_axilite">   --->   Core 114 's_axilite' <Latency = 0> <II = 1> <Delay = 1.00> <Adapter> <Opcode : 'read' 'write'>
ST_2 : Operation 157 [1/2] (1.00ns)   --->   "%H_in_read = read i16 @_ssdm_op_Read.s_axilite.i16, i16 %H_in"   --->   Operation 157 'read' 'H_in_read' <Predicate = true> <Delay = 1.00> <CoreInst = "s_axilite">   --->   Core 114 's_axilite' <Latency = 0> <II = 1> <Delay = 1.00> <Adapter> <Opcode : 'read' 'write'>
ST_2 : Operation 158 [1/2] (1.00ns)   --->   "%C_in_read = read i16 @_ssdm_op_Read.s_axilite.i16, i16 %C_in"   --->   Operation 158 'read' 'C_in_read' <Predicate = true> <Delay = 1.00> <CoreInst = "s_axilite">   --->   Core 114 's_axilite' <Latency = 0> <II = 1> <Delay = 1.00> <Adapter> <Opcode : 'read' 'write'>
ST_2 : Operation 159 [1/1] (0.00ns)   --->   "%shl_ln = bitconcatenate i9 @_ssdm_op_BitConcatenate.i9.i8.i1, i8 %padding_read, i1 0"   --->   Operation 159 'bitconcatenate' 'shl_ln' <Predicate = true> <Delay = 0.00>
ST_2 : Operation 160 [1/1] (0.00ns)   --->   "%zext_ln1495 = zext i9 %shl_ln"   --->   Operation 160 'zext' 'zext_ln1495' <Predicate = true> <Delay = 0.00>
ST_2 : Operation 161 [1/1] (0.00ns)   --->   "%zext_ln1496 = zext i16 %H_in_read"   --->   Operation 161 'zext' 'zext_ln1496' <Predicate = true> <Delay = 0.00>
ST_2 : Operation 162 [1/1] (1.54ns)   --->   "%add_ln1496 = add i17 %zext_ln1495, i17 %zext_ln1496"   --->   Operation 162 'add' 'add_ln1496' <Predicate = true> <Delay = 1.54> <CoreInst = "Adder">   --->   Core 1 'Adder' <Latency = 0> <II = 1> <Delay = 1.55> <FuncUnit> <Opcode : 'add' 'sub'> <InPorts = 2> <OutPorts = 1>
ST_2 : Operation 163 [1/1] (0.00ns)   --->   "%zext_ln1496_1 = zext i17 %add_ln1496"   --->   Operation 163 'zext' 'zext_ln1496_1' <Predicate = true> <Delay = 0.00>
ST_2 : Operation 164 [1/1] (0.00ns)   --->   "%zext_ln1513 = zext i8 %K_read"   --->   Operation 164 'zext' 'zext_ln1513' <Predicate = true> <Delay = 0.00>
ST_2 : Operation 165 [1/1] (1.55ns)   --->   "%sub_ln1513 = sub i18 %zext_ln1496_1, i18 %zext_ln1513"   --->   Operation 165 'sub' 'sub_ln1513' <Predicate = true> <Delay = 1.55> <CoreInst = "Adder">   --->   Core 1 'Adder' <Latency = 0> <II = 1> <Delay = 1.56> <FuncUnit> <Opcode : 'add' 'sub'> <InPorts = 2> <OutPorts = 1>
ST_2 : Operation 166 [1/1] (0.00ns)   --->   "%zext_ln1513_1 = zext i8 %stride_read"   --->   Operation 166 'zext' 'zext_ln1513_1' <Predicate = true> <Delay = 0.00>
ST_2 : Operation 167 [22/22] (3.06ns)   --->   "%sdiv_ln1513 = sdiv i18 %sub_ln1513, i18 %zext_ln1513_1"   --->   Operation 167 'sdiv' 'sdiv_ln1513' <Predicate = true> <Delay = 3.06> <CoreInst = "DivnS_SEQ">   --->   Core 7 'DivnS_SEQ' <Latency = 21> <II = 18> <Delay = 3.06> <FuncUnit> <Opcode : 'sdiv' 'srem' 'udiv' 'urem'> <InPorts = 2> <OutPorts = 1>
ST_2 : Operation 168 [1/1] (0.00ns)   --->   "%zext_ln1496_2 = zext i16 %W_in_read"   --->   Operation 168 'zext' 'zext_ln1496_2' <Predicate = true> <Delay = 0.00>
ST_2 : Operation 169 [1/1] (1.54ns)   --->   "%add_ln1496_1 = add i17 %zext_ln1495, i17 %zext_ln1496_2"   --->   Operation 169 'add' 'add_ln1496_1' <Predicate = true> <Delay = 1.54> <CoreInst = "Adder">   --->   Core 1 'Adder' <Latency = 0> <II = 1> <Delay = 1.55> <FuncUnit> <Opcode : 'add' 'sub'> <InPorts = 2> <OutPorts = 1>
ST_2 : Operation 170 [1/1] (0.00ns)   --->   "%zext_ln1513_5 = zext i17 %add_ln1496_1"   --->   Operation 170 'zext' 'zext_ln1513_5' <Predicate = true> <Delay = 0.00>
ST_2 : Operation 171 [1/1] (1.55ns)   --->   "%sub_ln1513_2 = sub i18 %zext_ln1513_5, i18 %zext_ln1513"   --->   Operation 171 'sub' 'sub_ln1513_2' <Predicate = true> <Delay = 1.55> <CoreInst = "Adder">   --->   Core 1 'Adder' <Latency = 0> <II = 1> <Delay = 1.56> <FuncUnit> <Opcode : 'add' 'sub'> <InPorts = 2> <OutPorts = 1>
ST_2 : Operation 172 [22/22] (3.06ns)   --->   "%sdiv_ln1513_2 = sdiv i18 %sub_ln1513_2, i18 %zext_ln1513_1"   --->   Operation 172 'sdiv' 'sdiv_ln1513_2' <Predicate = true> <Delay = 3.06> <CoreInst = "DivnS_SEQ">   --->   Core 7 'DivnS_SEQ' <Latency = 21> <II = 18> <Delay = 3.06> <FuncUnit> <Opcode : 'sdiv' 'srem' 'udiv' 'urem'> <InPorts = 2> <OutPorts = 1>

State 3 <SV = 2> <Delay = 3.06>
ST_3 : Operation 173 [21/22] (3.06ns)   --->   "%sdiv_ln1513 = sdiv i18 %sub_ln1513, i18 %zext_ln1513_1"   --->   Operation 173 'sdiv' 'sdiv_ln1513' <Predicate = true> <Delay = 3.06> <CoreInst = "DivnS_SEQ">   --->   Core 7 'DivnS_SEQ' <Latency = 21> <II = 18> <Delay = 3.06> <FuncUnit> <Opcode : 'sdiv' 'srem' 'udiv' 'urem'> <InPorts = 2> <OutPorts = 1>
ST_3 : Operation 174 [21/22] (3.06ns)   --->   "%sdiv_ln1513_2 = sdiv i18 %sub_ln1513_2, i18 %zext_ln1513_1"   --->   Operation 174 'sdiv' 'sdiv_ln1513_2' <Predicate = true> <Delay = 3.06> <CoreInst = "DivnS_SEQ">   --->   Core 7 'DivnS_SEQ' <Latency = 21> <II = 18> <Delay = 3.06> <FuncUnit> <Opcode : 'sdiv' 'srem' 'udiv' 'urem'> <InPorts = 2> <OutPorts = 1>

State 4 <SV = 3> <Delay = 3.06>
ST_4 : Operation 175 [20/22] (3.06ns)   --->   "%sdiv_ln1513 = sdiv i18 %sub_ln1513, i18 %zext_ln1513_1"   --->   Operation 175 'sdiv' 'sdiv_ln1513' <Predicate = true> <Delay = 3.06> <CoreInst = "DivnS_SEQ">   --->   Core 7 'DivnS_SEQ' <Latency = 21> <II = 18> <Delay = 3.06> <FuncUnit> <Opcode : 'sdiv' 'srem' 'udiv' 'urem'> <InPorts = 2> <OutPorts = 1>
ST_4 : Operation 176 [20/22] (3.06ns)   --->   "%sdiv_ln1513_2 = sdiv i18 %sub_ln1513_2, i18 %zext_ln1513_1"   --->   Operation 176 'sdiv' 'sdiv_ln1513_2' <Predicate = true> <Delay = 3.06> <CoreInst = "DivnS_SEQ">   --->   Core 7 'DivnS_SEQ' <Latency = 21> <II = 18> <Delay = 3.06> <FuncUnit> <Opcode : 'sdiv' 'srem' 'udiv' 'urem'> <InPorts = 2> <OutPorts = 1>

State 5 <SV = 4> <Delay = 3.06>
ST_5 : Operation 177 [19/22] (3.06ns)   --->   "%sdiv_ln1513 = sdiv i18 %sub_ln1513, i18 %zext_ln1513_1"   --->   Operation 177 'sdiv' 'sdiv_ln1513' <Predicate = true> <Delay = 3.06> <CoreInst = "DivnS_SEQ">   --->   Core 7 'DivnS_SEQ' <Latency = 21> <II = 18> <Delay = 3.06> <FuncUnit> <Opcode : 'sdiv' 'srem' 'udiv' 'urem'> <InPorts = 2> <OutPorts = 1>
ST_5 : Operation 178 [19/22] (3.06ns)   --->   "%sdiv_ln1513_2 = sdiv i18 %sub_ln1513_2, i18 %zext_ln1513_1"   --->   Operation 178 'sdiv' 'sdiv_ln1513_2' <Predicate = true> <Delay = 3.06> <CoreInst = "DivnS_SEQ">   --->   Core 7 'DivnS_SEQ' <Latency = 21> <II = 18> <Delay = 3.06> <FuncUnit> <Opcode : 'sdiv' 'srem' 'udiv' 'urem'> <InPorts = 2> <OutPorts = 1>

State 6 <SV = 5> <Delay = 3.06>
ST_6 : Operation 179 [18/22] (3.06ns)   --->   "%sdiv_ln1513 = sdiv i18 %sub_ln1513, i18 %zext_ln1513_1"   --->   Operation 179 'sdiv' 'sdiv_ln1513' <Predicate = true> <Delay = 3.06> <CoreInst = "DivnS_SEQ">   --->   Core 7 'DivnS_SEQ' <Latency = 21> <II = 18> <Delay = 3.06> <FuncUnit> <Opcode : 'sdiv' 'srem' 'udiv' 'urem'> <InPorts = 2> <OutPorts = 1>
ST_6 : Operation 180 [18/22] (3.06ns)   --->   "%sdiv_ln1513_2 = sdiv i18 %sub_ln1513_2, i18 %zext_ln1513_1"   --->   Operation 180 'sdiv' 'sdiv_ln1513_2' <Predicate = true> <Delay = 3.06> <CoreInst = "DivnS_SEQ">   --->   Core 7 'DivnS_SEQ' <Latency = 21> <II = 18> <Delay = 3.06> <FuncUnit> <Opcode : 'sdiv' 'srem' 'udiv' 'urem'> <InPorts = 2> <OutPorts = 1>

State 7 <SV = 6> <Delay = 3.06>
ST_7 : Operation 181 [17/22] (3.06ns)   --->   "%sdiv_ln1513 = sdiv i18 %sub_ln1513, i18 %zext_ln1513_1"   --->   Operation 181 'sdiv' 'sdiv_ln1513' <Predicate = true> <Delay = 3.06> <CoreInst = "DivnS_SEQ">   --->   Core 7 'DivnS_SEQ' <Latency = 21> <II = 18> <Delay = 3.06> <FuncUnit> <Opcode : 'sdiv' 'srem' 'udiv' 'urem'> <InPorts = 2> <OutPorts = 1>
ST_7 : Operation 182 [17/22] (3.06ns)   --->   "%sdiv_ln1513_2 = sdiv i18 %sub_ln1513_2, i18 %zext_ln1513_1"   --->   Operation 182 'sdiv' 'sdiv_ln1513_2' <Predicate = true> <Delay = 3.06> <CoreInst = "DivnS_SEQ">   --->   Core 7 'DivnS_SEQ' <Latency = 21> <II = 18> <Delay = 3.06> <FuncUnit> <Opcode : 'sdiv' 'srem' 'udiv' 'urem'> <InPorts = 2> <OutPorts = 1>

State 8 <SV = 7> <Delay = 3.06>
ST_8 : Operation 183 [16/22] (3.06ns)   --->   "%sdiv_ln1513 = sdiv i18 %sub_ln1513, i18 %zext_ln1513_1"   --->   Operation 183 'sdiv' 'sdiv_ln1513' <Predicate = true> <Delay = 3.06> <CoreInst = "DivnS_SEQ">   --->   Core 7 'DivnS_SEQ' <Latency = 21> <II = 18> <Delay = 3.06> <FuncUnit> <Opcode : 'sdiv' 'srem' 'udiv' 'urem'> <InPorts = 2> <OutPorts = 1>
ST_8 : Operation 184 [16/22] (3.06ns)   --->   "%sdiv_ln1513_2 = sdiv i18 %sub_ln1513_2, i18 %zext_ln1513_1"   --->   Operation 184 'sdiv' 'sdiv_ln1513_2' <Predicate = true> <Delay = 3.06> <CoreInst = "DivnS_SEQ">   --->   Core 7 'DivnS_SEQ' <Latency = 21> <II = 18> <Delay = 3.06> <FuncUnit> <Opcode : 'sdiv' 'srem' 'udiv' 'urem'> <InPorts = 2> <OutPorts = 1>

State 9 <SV = 8> <Delay = 3.06>
ST_9 : Operation 185 [15/22] (3.06ns)   --->   "%sdiv_ln1513 = sdiv i18 %sub_ln1513, i18 %zext_ln1513_1"   --->   Operation 185 'sdiv' 'sdiv_ln1513' <Predicate = true> <Delay = 3.06> <CoreInst = "DivnS_SEQ">   --->   Core 7 'DivnS_SEQ' <Latency = 21> <II = 18> <Delay = 3.06> <FuncUnit> <Opcode : 'sdiv' 'srem' 'udiv' 'urem'> <InPorts = 2> <OutPorts = 1>
ST_9 : Operation 186 [15/22] (3.06ns)   --->   "%sdiv_ln1513_2 = sdiv i18 %sub_ln1513_2, i18 %zext_ln1513_1"   --->   Operation 186 'sdiv' 'sdiv_ln1513_2' <Predicate = true> <Delay = 3.06> <CoreInst = "DivnS_SEQ">   --->   Core 7 'DivnS_SEQ' <Latency = 21> <II = 18> <Delay = 3.06> <FuncUnit> <Opcode : 'sdiv' 'srem' 'udiv' 'urem'> <InPorts = 2> <OutPorts = 1>

State 10 <SV = 9> <Delay = 3.06>
ST_10 : Operation 187 [14/22] (3.06ns)   --->   "%sdiv_ln1513 = sdiv i18 %sub_ln1513, i18 %zext_ln1513_1"   --->   Operation 187 'sdiv' 'sdiv_ln1513' <Predicate = true> <Delay = 3.06> <CoreInst = "DivnS_SEQ">   --->   Core 7 'DivnS_SEQ' <Latency = 21> <II = 18> <Delay = 3.06> <FuncUnit> <Opcode : 'sdiv' 'srem' 'udiv' 'urem'> <InPorts = 2> <OutPorts = 1>
ST_10 : Operation 188 [14/22] (3.06ns)   --->   "%sdiv_ln1513_2 = sdiv i18 %sub_ln1513_2, i18 %zext_ln1513_1"   --->   Operation 188 'sdiv' 'sdiv_ln1513_2' <Predicate = true> <Delay = 3.06> <CoreInst = "DivnS_SEQ">   --->   Core 7 'DivnS_SEQ' <Latency = 21> <II = 18> <Delay = 3.06> <FuncUnit> <Opcode : 'sdiv' 'srem' 'udiv' 'urem'> <InPorts = 2> <OutPorts = 1>

State 11 <SV = 10> <Delay = 3.06>
ST_11 : Operation 189 [13/22] (3.06ns)   --->   "%sdiv_ln1513 = sdiv i18 %sub_ln1513, i18 %zext_ln1513_1"   --->   Operation 189 'sdiv' 'sdiv_ln1513' <Predicate = true> <Delay = 3.06> <CoreInst = "DivnS_SEQ">   --->   Core 7 'DivnS_SEQ' <Latency = 21> <II = 18> <Delay = 3.06> <FuncUnit> <Opcode : 'sdiv' 'srem' 'udiv' 'urem'> <InPorts = 2> <OutPorts = 1>
ST_11 : Operation 190 [13/22] (3.06ns)   --->   "%sdiv_ln1513_2 = sdiv i18 %sub_ln1513_2, i18 %zext_ln1513_1"   --->   Operation 190 'sdiv' 'sdiv_ln1513_2' <Predicate = true> <Delay = 3.06> <CoreInst = "DivnS_SEQ">   --->   Core 7 'DivnS_SEQ' <Latency = 21> <II = 18> <Delay = 3.06> <FuncUnit> <Opcode : 'sdiv' 'srem' 'udiv' 'urem'> <InPorts = 2> <OutPorts = 1>

State 12 <SV = 11> <Delay = 3.06>
ST_12 : Operation 191 [12/22] (3.06ns)   --->   "%sdiv_ln1513 = sdiv i18 %sub_ln1513, i18 %zext_ln1513_1"   --->   Operation 191 'sdiv' 'sdiv_ln1513' <Predicate = true> <Delay = 3.06> <CoreInst = "DivnS_SEQ">   --->   Core 7 'DivnS_SEQ' <Latency = 21> <II = 18> <Delay = 3.06> <FuncUnit> <Opcode : 'sdiv' 'srem' 'udiv' 'urem'> <InPorts = 2> <OutPorts = 1>
ST_12 : Operation 192 [12/22] (3.06ns)   --->   "%sdiv_ln1513_2 = sdiv i18 %sub_ln1513_2, i18 %zext_ln1513_1"   --->   Operation 192 'sdiv' 'sdiv_ln1513_2' <Predicate = true> <Delay = 3.06> <CoreInst = "DivnS_SEQ">   --->   Core 7 'DivnS_SEQ' <Latency = 21> <II = 18> <Delay = 3.06> <FuncUnit> <Opcode : 'sdiv' 'srem' 'udiv' 'urem'> <InPorts = 2> <OutPorts = 1>

State 13 <SV = 12> <Delay = 3.06>
ST_13 : Operation 193 [11/22] (3.06ns)   --->   "%sdiv_ln1513 = sdiv i18 %sub_ln1513, i18 %zext_ln1513_1"   --->   Operation 193 'sdiv' 'sdiv_ln1513' <Predicate = true> <Delay = 3.06> <CoreInst = "DivnS_SEQ">   --->   Core 7 'DivnS_SEQ' <Latency = 21> <II = 18> <Delay = 3.06> <FuncUnit> <Opcode : 'sdiv' 'srem' 'udiv' 'urem'> <InPorts = 2> <OutPorts = 1>
ST_13 : Operation 194 [11/22] (3.06ns)   --->   "%sdiv_ln1513_2 = sdiv i18 %sub_ln1513_2, i18 %zext_ln1513_1"   --->   Operation 194 'sdiv' 'sdiv_ln1513_2' <Predicate = true> <Delay = 3.06> <CoreInst = "DivnS_SEQ">   --->   Core 7 'DivnS_SEQ' <Latency = 21> <II = 18> <Delay = 3.06> <FuncUnit> <Opcode : 'sdiv' 'srem' 'udiv' 'urem'> <InPorts = 2> <OutPorts = 1>

State 14 <SV = 13> <Delay = 3.06>
ST_14 : Operation 195 [10/22] (3.06ns)   --->   "%sdiv_ln1513 = sdiv i18 %sub_ln1513, i18 %zext_ln1513_1"   --->   Operation 195 'sdiv' 'sdiv_ln1513' <Predicate = true> <Delay = 3.06> <CoreInst = "DivnS_SEQ">   --->   Core 7 'DivnS_SEQ' <Latency = 21> <II = 18> <Delay = 3.06> <FuncUnit> <Opcode : 'sdiv' 'srem' 'udiv' 'urem'> <InPorts = 2> <OutPorts = 1>
ST_14 : Operation 196 [10/22] (3.06ns)   --->   "%sdiv_ln1513_2 = sdiv i18 %sub_ln1513_2, i18 %zext_ln1513_1"   --->   Operation 196 'sdiv' 'sdiv_ln1513_2' <Predicate = true> <Delay = 3.06> <CoreInst = "DivnS_SEQ">   --->   Core 7 'DivnS_SEQ' <Latency = 21> <II = 18> <Delay = 3.06> <FuncUnit> <Opcode : 'sdiv' 'srem' 'udiv' 'urem'> <InPorts = 2> <OutPorts = 1>

State 15 <SV = 14> <Delay = 3.06>
ST_15 : Operation 197 [9/22] (3.06ns)   --->   "%sdiv_ln1513 = sdiv i18 %sub_ln1513, i18 %zext_ln1513_1"   --->   Operation 197 'sdiv' 'sdiv_ln1513' <Predicate = true> <Delay = 3.06> <CoreInst = "DivnS_SEQ">   --->   Core 7 'DivnS_SEQ' <Latency = 21> <II = 18> <Delay = 3.06> <FuncUnit> <Opcode : 'sdiv' 'srem' 'udiv' 'urem'> <InPorts = 2> <OutPorts = 1>
ST_15 : Operation 198 [9/22] (3.06ns)   --->   "%sdiv_ln1513_2 = sdiv i18 %sub_ln1513_2, i18 %zext_ln1513_1"   --->   Operation 198 'sdiv' 'sdiv_ln1513_2' <Predicate = true> <Delay = 3.06> <CoreInst = "DivnS_SEQ">   --->   Core 7 'DivnS_SEQ' <Latency = 21> <II = 18> <Delay = 3.06> <FuncUnit> <Opcode : 'sdiv' 'srem' 'udiv' 'urem'> <InPorts = 2> <OutPorts = 1>

State 16 <SV = 15> <Delay = 3.06>
ST_16 : Operation 199 [8/22] (3.06ns)   --->   "%sdiv_ln1513 = sdiv i18 %sub_ln1513, i18 %zext_ln1513_1"   --->   Operation 199 'sdiv' 'sdiv_ln1513' <Predicate = true> <Delay = 3.06> <CoreInst = "DivnS_SEQ">   --->   Core 7 'DivnS_SEQ' <Latency = 21> <II = 18> <Delay = 3.06> <FuncUnit> <Opcode : 'sdiv' 'srem' 'udiv' 'urem'> <InPorts = 2> <OutPorts = 1>
ST_16 : Operation 200 [8/22] (3.06ns)   --->   "%sdiv_ln1513_2 = sdiv i18 %sub_ln1513_2, i18 %zext_ln1513_1"   --->   Operation 200 'sdiv' 'sdiv_ln1513_2' <Predicate = true> <Delay = 3.06> <CoreInst = "DivnS_SEQ">   --->   Core 7 'DivnS_SEQ' <Latency = 21> <II = 18> <Delay = 3.06> <FuncUnit> <Opcode : 'sdiv' 'srem' 'udiv' 'urem'> <InPorts = 2> <OutPorts = 1>

State 17 <SV = 16> <Delay = 3.06>
ST_17 : Operation 201 [7/22] (3.06ns)   --->   "%sdiv_ln1513 = sdiv i18 %sub_ln1513, i18 %zext_ln1513_1"   --->   Operation 201 'sdiv' 'sdiv_ln1513' <Predicate = true> <Delay = 3.06> <CoreInst = "DivnS_SEQ">   --->   Core 7 'DivnS_SEQ' <Latency = 21> <II = 18> <Delay = 3.06> <FuncUnit> <Opcode : 'sdiv' 'srem' 'udiv' 'urem'> <InPorts = 2> <OutPorts = 1>
ST_17 : Operation 202 [7/22] (3.06ns)   --->   "%sdiv_ln1513_2 = sdiv i18 %sub_ln1513_2, i18 %zext_ln1513_1"   --->   Operation 202 'sdiv' 'sdiv_ln1513_2' <Predicate = true> <Delay = 3.06> <CoreInst = "DivnS_SEQ">   --->   Core 7 'DivnS_SEQ' <Latency = 21> <II = 18> <Delay = 3.06> <FuncUnit> <Opcode : 'sdiv' 'srem' 'udiv' 'urem'> <InPorts = 2> <OutPorts = 1>

State 18 <SV = 17> <Delay = 3.06>
ST_18 : Operation 203 [6/22] (3.06ns)   --->   "%sdiv_ln1513 = sdiv i18 %sub_ln1513, i18 %zext_ln1513_1"   --->   Operation 203 'sdiv' 'sdiv_ln1513' <Predicate = true> <Delay = 3.06> <CoreInst = "DivnS_SEQ">   --->   Core 7 'DivnS_SEQ' <Latency = 21> <II = 18> <Delay = 3.06> <FuncUnit> <Opcode : 'sdiv' 'srem' 'udiv' 'urem'> <InPorts = 2> <OutPorts = 1>
ST_18 : Operation 204 [6/22] (3.06ns)   --->   "%sdiv_ln1513_2 = sdiv i18 %sub_ln1513_2, i18 %zext_ln1513_1"   --->   Operation 204 'sdiv' 'sdiv_ln1513_2' <Predicate = true> <Delay = 3.06> <CoreInst = "DivnS_SEQ">   --->   Core 7 'DivnS_SEQ' <Latency = 21> <II = 18> <Delay = 3.06> <FuncUnit> <Opcode : 'sdiv' 'srem' 'udiv' 'urem'> <InPorts = 2> <OutPorts = 1>

State 19 <SV = 18> <Delay = 3.06>
ST_19 : Operation 205 [5/22] (3.06ns)   --->   "%sdiv_ln1513 = sdiv i18 %sub_ln1513, i18 %zext_ln1513_1"   --->   Operation 205 'sdiv' 'sdiv_ln1513' <Predicate = true> <Delay = 3.06> <CoreInst = "DivnS_SEQ">   --->   Core 7 'DivnS_SEQ' <Latency = 21> <II = 18> <Delay = 3.06> <FuncUnit> <Opcode : 'sdiv' 'srem' 'udiv' 'urem'> <InPorts = 2> <OutPorts = 1>
ST_19 : Operation 206 [5/22] (3.06ns)   --->   "%sdiv_ln1513_2 = sdiv i18 %sub_ln1513_2, i18 %zext_ln1513_1"   --->   Operation 206 'sdiv' 'sdiv_ln1513_2' <Predicate = true> <Delay = 3.06> <CoreInst = "DivnS_SEQ">   --->   Core 7 'DivnS_SEQ' <Latency = 21> <II = 18> <Delay = 3.06> <FuncUnit> <Opcode : 'sdiv' 'srem' 'udiv' 'urem'> <InPorts = 2> <OutPorts = 1>

State 20 <SV = 19> <Delay = 3.06>
ST_20 : Operation 207 [4/22] (3.06ns)   --->   "%sdiv_ln1513 = sdiv i18 %sub_ln1513, i18 %zext_ln1513_1"   --->   Operation 207 'sdiv' 'sdiv_ln1513' <Predicate = true> <Delay = 3.06> <CoreInst = "DivnS_SEQ">   --->   Core 7 'DivnS_SEQ' <Latency = 21> <II = 18> <Delay = 3.06> <FuncUnit> <Opcode : 'sdiv' 'srem' 'udiv' 'urem'> <InPorts = 2> <OutPorts = 1>
ST_20 : Operation 208 [4/22] (3.06ns)   --->   "%sdiv_ln1513_2 = sdiv i18 %sub_ln1513_2, i18 %zext_ln1513_1"   --->   Operation 208 'sdiv' 'sdiv_ln1513_2' <Predicate = true> <Delay = 3.06> <CoreInst = "DivnS_SEQ">   --->   Core 7 'DivnS_SEQ' <Latency = 21> <II = 18> <Delay = 3.06> <FuncUnit> <Opcode : 'sdiv' 'srem' 'udiv' 'urem'> <InPorts = 2> <OutPorts = 1>

State 21 <SV = 20> <Delay = 3.06>
ST_21 : Operation 209 [3/22] (3.06ns)   --->   "%sdiv_ln1513 = sdiv i18 %sub_ln1513, i18 %zext_ln1513_1"   --->   Operation 209 'sdiv' 'sdiv_ln1513' <Predicate = true> <Delay = 3.06> <CoreInst = "DivnS_SEQ">   --->   Core 7 'DivnS_SEQ' <Latency = 21> <II = 18> <Delay = 3.06> <FuncUnit> <Opcode : 'sdiv' 'srem' 'udiv' 'urem'> <InPorts = 2> <OutPorts = 1>
ST_21 : Operation 210 [3/22] (3.06ns)   --->   "%sdiv_ln1513_2 = sdiv i18 %sub_ln1513_2, i18 %zext_ln1513_1"   --->   Operation 210 'sdiv' 'sdiv_ln1513_2' <Predicate = true> <Delay = 3.06> <CoreInst = "DivnS_SEQ">   --->   Core 7 'DivnS_SEQ' <Latency = 21> <II = 18> <Delay = 3.06> <FuncUnit> <Opcode : 'sdiv' 'srem' 'udiv' 'urem'> <InPorts = 2> <OutPorts = 1>

State 22 <SV = 21> <Delay = 3.06>
ST_22 : Operation 211 [2/22] (3.06ns)   --->   "%sdiv_ln1513 = sdiv i18 %sub_ln1513, i18 %zext_ln1513_1"   --->   Operation 211 'sdiv' 'sdiv_ln1513' <Predicate = true> <Delay = 3.06> <CoreInst = "DivnS_SEQ">   --->   Core 7 'DivnS_SEQ' <Latency = 21> <II = 18> <Delay = 3.06> <FuncUnit> <Opcode : 'sdiv' 'srem' 'udiv' 'urem'> <InPorts = 2> <OutPorts = 1>
ST_22 : Operation 212 [2/22] (3.06ns)   --->   "%sdiv_ln1513_2 = sdiv i18 %sub_ln1513_2, i18 %zext_ln1513_1"   --->   Operation 212 'sdiv' 'sdiv_ln1513_2' <Predicate = true> <Delay = 3.06> <CoreInst = "DivnS_SEQ">   --->   Core 7 'DivnS_SEQ' <Latency = 21> <II = 18> <Delay = 3.06> <FuncUnit> <Opcode : 'sdiv' 'srem' 'udiv' 'urem'> <InPorts = 2> <OutPorts = 1>

State 23 <SV = 22> <Delay = 4.62>
ST_23 : Operation 213 [1/22] (3.06ns)   --->   "%sdiv_ln1513 = sdiv i18 %sub_ln1513, i18 %zext_ln1513_1"   --->   Operation 213 'sdiv' 'sdiv_ln1513' <Predicate = true> <Delay = 3.06> <CoreInst = "DivnS_SEQ">   --->   Core 7 'DivnS_SEQ' <Latency = 21> <II = 18> <Delay = 3.06> <FuncUnit> <Opcode : 'sdiv' 'srem' 'udiv' 'urem'> <InPorts = 2> <OutPorts = 1>
ST_23 : Operation 214 [1/1] (0.00ns)   --->   "%sext_ln1495 = sext i18 %sdiv_ln1513"   --->   Operation 214 'sext' 'sext_ln1495' <Predicate = true> <Delay = 0.00>
ST_23 : Operation 215 [1/1] (1.56ns)   --->   "%add_ln1513_2 = add i19 %sext_ln1495, i19 1"   --->   Operation 215 'add' 'add_ln1513_2' <Predicate = true> <Delay = 1.56> <CoreInst = "Adder">   --->   Core 1 'Adder' <Latency = 0> <II = 1> <Delay = 1.57> <FuncUnit> <Opcode : 'add' 'sub'> <InPorts = 2> <OutPorts = 1>
ST_23 : Operation 216 [1/22] (3.06ns)   --->   "%sdiv_ln1513_2 = sdiv i18 %sub_ln1513_2, i18 %zext_ln1513_1"   --->   Operation 216 'sdiv' 'sdiv_ln1513_2' <Predicate = true> <Delay = 3.06> <CoreInst = "DivnS_SEQ">   --->   Core 7 'DivnS_SEQ' <Latency = 21> <II = 18> <Delay = 3.06> <FuncUnit> <Opcode : 'sdiv' 'srem' 'udiv' 'urem'> <InPorts = 2> <OutPorts = 1>
ST_23 : Operation 217 [1/1] (0.00ns)   --->   "%sext_ln1513 = sext i18 %sdiv_ln1513_2"   --->   Operation 217 'sext' 'sext_ln1513' <Predicate = true> <Delay = 0.00>
ST_23 : Operation 218 [1/1] (1.56ns)   --->   "%add_ln1513_3 = add i19 %sext_ln1513, i19 1"   --->   Operation 218 'add' 'add_ln1513_3' <Predicate = true> <Delay = 1.56> <CoreInst = "Adder">   --->   Core 1 'Adder' <Latency = 0> <II = 1> <Delay = 1.57> <FuncUnit> <Opcode : 'add' 'sub'> <InPorts = 2> <OutPorts = 1>

State 24 <SV = 23> <Delay = 6.35>
ST_24 : Operation 219 [1/1] (0.00ns)   --->   "%shl_ln1495_1 = bitconcatenate i9 @_ssdm_op_BitConcatenate.i9.i8.i1, i8 %pool_padding_read, i1 0"   --->   Operation 219 'bitconcatenate' 'shl_ln1495_1' <Predicate = true> <Delay = 0.00>
ST_24 : Operation 220 [1/1] (0.00ns)   --->   "%zext_ln1513_2 = zext i9 %shl_ln1495_1"   --->   Operation 220 'zext' 'zext_ln1513_2' <Predicate = true> <Delay = 0.00>
ST_24 : Operation 221 [1/1] (0.00ns) (grouped into TernaryAdder)   --->   "%add_ln1513 = add i19 %add_ln1513_2, i19 %zext_ln1513_2"   --->   Operation 221 'add' 'add_ln1513' <Predicate = true> <Delay = 0.00> <CoreInst = "TAddSub">   --->   Core 10 'TAddSub' <Latency = 0> <II = 1> <Delay = 1.63> <IPBlock> <Opcode : 'add' 'sub'> <InPorts = 3> <OutPorts = 1> <Sync> <CReg>
ST_24 : Operation 222 [1/1] (0.00ns)   --->   "%zext_ln1513_3 = zext i8 %pool_kernel_read"   --->   Operation 222 'zext' 'zext_ln1513_3' <Predicate = true> <Delay = 0.00>
ST_24 : Operation 223 [1/1] (3.26ns) (root node of TernaryAdder)   --->   "%sub_ln1513_1 = sub i19 %add_ln1513, i19 %zext_ln1513_3"   --->   Operation 223 'sub' 'sub_ln1513_1' <Predicate = true> <Delay = 3.26> <CoreInst = "TAddSub">   --->   Core 10 'TAddSub' <Latency = 0> <II = 1> <Delay = 1.63> <IPBlock> <Opcode : 'add' 'sub'> <InPorts = 3> <OutPorts = 1> <Sync> <CReg>
ST_24 : Operation 224 [1/1] (0.00ns)   --->   "%zext_ln1513_4 = zext i8 %pool_stride_read"   --->   Operation 224 'zext' 'zext_ln1513_4' <Predicate = true> <Delay = 0.00>
ST_24 : Operation 225 [23/23] (3.09ns)   --->   "%sdiv_ln1513_1 = sdiv i19 %sub_ln1513_1, i19 %zext_ln1513_4"   --->   Operation 225 'sdiv' 'sdiv_ln1513_1' <Predicate = true> <Delay = 3.09> <CoreInst = "DivnS_SEQ">   --->   Core 7 'DivnS_SEQ' <Latency = 22> <II = 16> <Delay = 3.09> <FuncUnit> <Opcode : 'sdiv' 'srem' 'udiv' 'urem'> <InPorts = 2> <OutPorts = 1>
ST_24 : Operation 226 [1/1] (0.00ns) (grouped into TernaryAdder)   --->   "%add_ln1513_1 = add i19 %add_ln1513_3, i19 %zext_ln1513_2"   --->   Operation 226 'add' 'add_ln1513_1' <Predicate = true> <Delay = 0.00> <CoreInst = "TAddSub">   --->   Core 10 'TAddSub' <Latency = 0> <II = 1> <Delay = 1.63> <IPBlock> <Opcode : 'add' 'sub'> <InPorts = 3> <OutPorts = 1> <Sync> <CReg>
ST_24 : Operation 227 [1/1] (3.26ns) (root node of TernaryAdder)   --->   "%sub_ln1513_3 = sub i19 %add_ln1513_1, i19 %zext_ln1513_3"   --->   Operation 227 'sub' 'sub_ln1513_3' <Predicate = true> <Delay = 3.26> <CoreInst = "TAddSub">   --->   Core 10 'TAddSub' <Latency = 0> <II = 1> <Delay = 1.63> <IPBlock> <Opcode : 'add' 'sub'> <InPorts = 3> <OutPorts = 1> <Sync> <CReg>
ST_24 : Operation 228 [23/23] (3.09ns)   --->   "%sdiv_ln1513_3 = sdiv i19 %sub_ln1513_3, i19 %zext_ln1513_4"   --->   Operation 228 'sdiv' 'sdiv_ln1513_3' <Predicate = true> <Delay = 3.09> <CoreInst = "DivnS_SEQ">   --->   Core 7 'DivnS_SEQ' <Latency = 22> <II = 16> <Delay = 3.09> <FuncUnit> <Opcode : 'sdiv' 'srem' 'udiv' 'urem'> <InPorts = 2> <OutPorts = 1>

State 25 <SV = 24> <Delay = 3.09>
ST_25 : Operation 229 [22/23] (3.09ns)   --->   "%sdiv_ln1513_1 = sdiv i19 %sub_ln1513_1, i19 %zext_ln1513_4"   --->   Operation 229 'sdiv' 'sdiv_ln1513_1' <Predicate = true> <Delay = 3.09> <CoreInst = "DivnS_SEQ">   --->   Core 7 'DivnS_SEQ' <Latency = 22> <II = 16> <Delay = 3.09> <FuncUnit> <Opcode : 'sdiv' 'srem' 'udiv' 'urem'> <InPorts = 2> <OutPorts = 1>
ST_25 : Operation 230 [22/23] (3.09ns)   --->   "%sdiv_ln1513_3 = sdiv i19 %sub_ln1513_3, i19 %zext_ln1513_4"   --->   Operation 230 'sdiv' 'sdiv_ln1513_3' <Predicate = true> <Delay = 3.09> <CoreInst = "DivnS_SEQ">   --->   Core 7 'DivnS_SEQ' <Latency = 22> <II = 16> <Delay = 3.09> <FuncUnit> <Opcode : 'sdiv' 'srem' 'udiv' 'urem'> <InPorts = 2> <OutPorts = 1>

State 26 <SV = 25> <Delay = 3.09>
ST_26 : Operation 231 [21/23] (3.09ns)   --->   "%sdiv_ln1513_1 = sdiv i19 %sub_ln1513_1, i19 %zext_ln1513_4"   --->   Operation 231 'sdiv' 'sdiv_ln1513_1' <Predicate = true> <Delay = 3.09> <CoreInst = "DivnS_SEQ">   --->   Core 7 'DivnS_SEQ' <Latency = 22> <II = 16> <Delay = 3.09> <FuncUnit> <Opcode : 'sdiv' 'srem' 'udiv' 'urem'> <InPorts = 2> <OutPorts = 1>
ST_26 : Operation 232 [21/23] (3.09ns)   --->   "%sdiv_ln1513_3 = sdiv i19 %sub_ln1513_3, i19 %zext_ln1513_4"   --->   Operation 232 'sdiv' 'sdiv_ln1513_3' <Predicate = true> <Delay = 3.09> <CoreInst = "DivnS_SEQ">   --->   Core 7 'DivnS_SEQ' <Latency = 22> <II = 16> <Delay = 3.09> <FuncUnit> <Opcode : 'sdiv' 'srem' 'udiv' 'urem'> <InPorts = 2> <OutPorts = 1>

State 27 <SV = 26> <Delay = 3.09>
ST_27 : Operation 233 [20/23] (3.09ns)   --->   "%sdiv_ln1513_1 = sdiv i19 %sub_ln1513_1, i19 %zext_ln1513_4"   --->   Operation 233 'sdiv' 'sdiv_ln1513_1' <Predicate = true> <Delay = 3.09> <CoreInst = "DivnS_SEQ">   --->   Core 7 'DivnS_SEQ' <Latency = 22> <II = 16> <Delay = 3.09> <FuncUnit> <Opcode : 'sdiv' 'srem' 'udiv' 'urem'> <InPorts = 2> <OutPorts = 1>
ST_27 : Operation 234 [20/23] (3.09ns)   --->   "%sdiv_ln1513_3 = sdiv i19 %sub_ln1513_3, i19 %zext_ln1513_4"   --->   Operation 234 'sdiv' 'sdiv_ln1513_3' <Predicate = true> <Delay = 3.09> <CoreInst = "DivnS_SEQ">   --->   Core 7 'DivnS_SEQ' <Latency = 22> <II = 16> <Delay = 3.09> <FuncUnit> <Opcode : 'sdiv' 'srem' 'udiv' 'urem'> <InPorts = 2> <OutPorts = 1>

State 28 <SV = 27> <Delay = 3.09>
ST_28 : Operation 235 [19/23] (3.09ns)   --->   "%sdiv_ln1513_1 = sdiv i19 %sub_ln1513_1, i19 %zext_ln1513_4"   --->   Operation 235 'sdiv' 'sdiv_ln1513_1' <Predicate = true> <Delay = 3.09> <CoreInst = "DivnS_SEQ">   --->   Core 7 'DivnS_SEQ' <Latency = 22> <II = 16> <Delay = 3.09> <FuncUnit> <Opcode : 'sdiv' 'srem' 'udiv' 'urem'> <InPorts = 2> <OutPorts = 1>
ST_28 : Operation 236 [19/23] (3.09ns)   --->   "%sdiv_ln1513_3 = sdiv i19 %sub_ln1513_3, i19 %zext_ln1513_4"   --->   Operation 236 'sdiv' 'sdiv_ln1513_3' <Predicate = true> <Delay = 3.09> <CoreInst = "DivnS_SEQ">   --->   Core 7 'DivnS_SEQ' <Latency = 22> <II = 16> <Delay = 3.09> <FuncUnit> <Opcode : 'sdiv' 'srem' 'udiv' 'urem'> <InPorts = 2> <OutPorts = 1>

State 29 <SV = 28> <Delay = 3.09>
ST_29 : Operation 237 [18/23] (3.09ns)   --->   "%sdiv_ln1513_1 = sdiv i19 %sub_ln1513_1, i19 %zext_ln1513_4"   --->   Operation 237 'sdiv' 'sdiv_ln1513_1' <Predicate = true> <Delay = 3.09> <CoreInst = "DivnS_SEQ">   --->   Core 7 'DivnS_SEQ' <Latency = 22> <II = 16> <Delay = 3.09> <FuncUnit> <Opcode : 'sdiv' 'srem' 'udiv' 'urem'> <InPorts = 2> <OutPorts = 1>
ST_29 : Operation 238 [18/23] (3.09ns)   --->   "%sdiv_ln1513_3 = sdiv i19 %sub_ln1513_3, i19 %zext_ln1513_4"   --->   Operation 238 'sdiv' 'sdiv_ln1513_3' <Predicate = true> <Delay = 3.09> <CoreInst = "DivnS_SEQ">   --->   Core 7 'DivnS_SEQ' <Latency = 22> <II = 16> <Delay = 3.09> <FuncUnit> <Opcode : 'sdiv' 'srem' 'udiv' 'urem'> <InPorts = 2> <OutPorts = 1>

State 30 <SV = 29> <Delay = 3.09>
ST_30 : Operation 239 [17/23] (3.09ns)   --->   "%sdiv_ln1513_1 = sdiv i19 %sub_ln1513_1, i19 %zext_ln1513_4"   --->   Operation 239 'sdiv' 'sdiv_ln1513_1' <Predicate = true> <Delay = 3.09> <CoreInst = "DivnS_SEQ">   --->   Core 7 'DivnS_SEQ' <Latency = 22> <II = 16> <Delay = 3.09> <FuncUnit> <Opcode : 'sdiv' 'srem' 'udiv' 'urem'> <InPorts = 2> <OutPorts = 1>
ST_30 : Operation 240 [17/23] (3.09ns)   --->   "%sdiv_ln1513_3 = sdiv i19 %sub_ln1513_3, i19 %zext_ln1513_4"   --->   Operation 240 'sdiv' 'sdiv_ln1513_3' <Predicate = true> <Delay = 3.09> <CoreInst = "DivnS_SEQ">   --->   Core 7 'DivnS_SEQ' <Latency = 22> <II = 16> <Delay = 3.09> <FuncUnit> <Opcode : 'sdiv' 'srem' 'udiv' 'urem'> <InPorts = 2> <OutPorts = 1>

State 31 <SV = 30> <Delay = 3.09>
ST_31 : Operation 241 [16/23] (3.09ns)   --->   "%sdiv_ln1513_1 = sdiv i19 %sub_ln1513_1, i19 %zext_ln1513_4"   --->   Operation 241 'sdiv' 'sdiv_ln1513_1' <Predicate = true> <Delay = 3.09> <CoreInst = "DivnS_SEQ">   --->   Core 7 'DivnS_SEQ' <Latency = 22> <II = 16> <Delay = 3.09> <FuncUnit> <Opcode : 'sdiv' 'srem' 'udiv' 'urem'> <InPorts = 2> <OutPorts = 1>
ST_31 : Operation 242 [16/23] (3.09ns)   --->   "%sdiv_ln1513_3 = sdiv i19 %sub_ln1513_3, i19 %zext_ln1513_4"   --->   Operation 242 'sdiv' 'sdiv_ln1513_3' <Predicate = true> <Delay = 3.09> <CoreInst = "DivnS_SEQ">   --->   Core 7 'DivnS_SEQ' <Latency = 22> <II = 16> <Delay = 3.09> <FuncUnit> <Opcode : 'sdiv' 'srem' 'udiv' 'urem'> <InPorts = 2> <OutPorts = 1>

State 32 <SV = 31> <Delay = 3.09>
ST_32 : Operation 243 [15/23] (3.09ns)   --->   "%sdiv_ln1513_1 = sdiv i19 %sub_ln1513_1, i19 %zext_ln1513_4"   --->   Operation 243 'sdiv' 'sdiv_ln1513_1' <Predicate = true> <Delay = 3.09> <CoreInst = "DivnS_SEQ">   --->   Core 7 'DivnS_SEQ' <Latency = 22> <II = 16> <Delay = 3.09> <FuncUnit> <Opcode : 'sdiv' 'srem' 'udiv' 'urem'> <InPorts = 2> <OutPorts = 1>
ST_32 : Operation 244 [15/23] (3.09ns)   --->   "%sdiv_ln1513_3 = sdiv i19 %sub_ln1513_3, i19 %zext_ln1513_4"   --->   Operation 244 'sdiv' 'sdiv_ln1513_3' <Predicate = true> <Delay = 3.09> <CoreInst = "DivnS_SEQ">   --->   Core 7 'DivnS_SEQ' <Latency = 22> <II = 16> <Delay = 3.09> <FuncUnit> <Opcode : 'sdiv' 'srem' 'udiv' 'urem'> <InPorts = 2> <OutPorts = 1>

State 33 <SV = 32> <Delay = 3.09>
ST_33 : Operation 245 [14/23] (3.09ns)   --->   "%sdiv_ln1513_1 = sdiv i19 %sub_ln1513_1, i19 %zext_ln1513_4"   --->   Operation 245 'sdiv' 'sdiv_ln1513_1' <Predicate = true> <Delay = 3.09> <CoreInst = "DivnS_SEQ">   --->   Core 7 'DivnS_SEQ' <Latency = 22> <II = 16> <Delay = 3.09> <FuncUnit> <Opcode : 'sdiv' 'srem' 'udiv' 'urem'> <InPorts = 2> <OutPorts = 1>
ST_33 : Operation 246 [14/23] (3.09ns)   --->   "%sdiv_ln1513_3 = sdiv i19 %sub_ln1513_3, i19 %zext_ln1513_4"   --->   Operation 246 'sdiv' 'sdiv_ln1513_3' <Predicate = true> <Delay = 3.09> <CoreInst = "DivnS_SEQ">   --->   Core 7 'DivnS_SEQ' <Latency = 22> <II = 16> <Delay = 3.09> <FuncUnit> <Opcode : 'sdiv' 'srem' 'udiv' 'urem'> <InPorts = 2> <OutPorts = 1>

State 34 <SV = 33> <Delay = 3.09>
ST_34 : Operation 247 [13/23] (3.09ns)   --->   "%sdiv_ln1513_1 = sdiv i19 %sub_ln1513_1, i19 %zext_ln1513_4"   --->   Operation 247 'sdiv' 'sdiv_ln1513_1' <Predicate = true> <Delay = 3.09> <CoreInst = "DivnS_SEQ">   --->   Core 7 'DivnS_SEQ' <Latency = 22> <II = 16> <Delay = 3.09> <FuncUnit> <Opcode : 'sdiv' 'srem' 'udiv' 'urem'> <InPorts = 2> <OutPorts = 1>
ST_34 : Operation 248 [13/23] (3.09ns)   --->   "%sdiv_ln1513_3 = sdiv i19 %sub_ln1513_3, i19 %zext_ln1513_4"   --->   Operation 248 'sdiv' 'sdiv_ln1513_3' <Predicate = true> <Delay = 3.09> <CoreInst = "DivnS_SEQ">   --->   Core 7 'DivnS_SEQ' <Latency = 22> <II = 16> <Delay = 3.09> <FuncUnit> <Opcode : 'sdiv' 'srem' 'udiv' 'urem'> <InPorts = 2> <OutPorts = 1>

State 35 <SV = 34> <Delay = 3.09>
ST_35 : Operation 249 [12/23] (3.09ns)   --->   "%sdiv_ln1513_1 = sdiv i19 %sub_ln1513_1, i19 %zext_ln1513_4"   --->   Operation 249 'sdiv' 'sdiv_ln1513_1' <Predicate = true> <Delay = 3.09> <CoreInst = "DivnS_SEQ">   --->   Core 7 'DivnS_SEQ' <Latency = 22> <II = 16> <Delay = 3.09> <FuncUnit> <Opcode : 'sdiv' 'srem' 'udiv' 'urem'> <InPorts = 2> <OutPorts = 1>
ST_35 : Operation 250 [12/23] (3.09ns)   --->   "%sdiv_ln1513_3 = sdiv i19 %sub_ln1513_3, i19 %zext_ln1513_4"   --->   Operation 250 'sdiv' 'sdiv_ln1513_3' <Predicate = true> <Delay = 3.09> <CoreInst = "DivnS_SEQ">   --->   Core 7 'DivnS_SEQ' <Latency = 22> <II = 16> <Delay = 3.09> <FuncUnit> <Opcode : 'sdiv' 'srem' 'udiv' 'urem'> <InPorts = 2> <OutPorts = 1>

State 36 <SV = 35> <Delay = 3.09>
ST_36 : Operation 251 [11/23] (3.09ns)   --->   "%sdiv_ln1513_1 = sdiv i19 %sub_ln1513_1, i19 %zext_ln1513_4"   --->   Operation 251 'sdiv' 'sdiv_ln1513_1' <Predicate = true> <Delay = 3.09> <CoreInst = "DivnS_SEQ">   --->   Core 7 'DivnS_SEQ' <Latency = 22> <II = 16> <Delay = 3.09> <FuncUnit> <Opcode : 'sdiv' 'srem' 'udiv' 'urem'> <InPorts = 2> <OutPorts = 1>
ST_36 : Operation 252 [11/23] (3.09ns)   --->   "%sdiv_ln1513_3 = sdiv i19 %sub_ln1513_3, i19 %zext_ln1513_4"   --->   Operation 252 'sdiv' 'sdiv_ln1513_3' <Predicate = true> <Delay = 3.09> <CoreInst = "DivnS_SEQ">   --->   Core 7 'DivnS_SEQ' <Latency = 22> <II = 16> <Delay = 3.09> <FuncUnit> <Opcode : 'sdiv' 'srem' 'udiv' 'urem'> <InPorts = 2> <OutPorts = 1>

State 37 <SV = 36> <Delay = 3.09>
ST_37 : Operation 253 [10/23] (3.09ns)   --->   "%sdiv_ln1513_1 = sdiv i19 %sub_ln1513_1, i19 %zext_ln1513_4"   --->   Operation 253 'sdiv' 'sdiv_ln1513_1' <Predicate = true> <Delay = 3.09> <CoreInst = "DivnS_SEQ">   --->   Core 7 'DivnS_SEQ' <Latency = 22> <II = 16> <Delay = 3.09> <FuncUnit> <Opcode : 'sdiv' 'srem' 'udiv' 'urem'> <InPorts = 2> <OutPorts = 1>
ST_37 : Operation 254 [10/23] (3.09ns)   --->   "%sdiv_ln1513_3 = sdiv i19 %sub_ln1513_3, i19 %zext_ln1513_4"   --->   Operation 254 'sdiv' 'sdiv_ln1513_3' <Predicate = true> <Delay = 3.09> <CoreInst = "DivnS_SEQ">   --->   Core 7 'DivnS_SEQ' <Latency = 22> <II = 16> <Delay = 3.09> <FuncUnit> <Opcode : 'sdiv' 'srem' 'udiv' 'urem'> <InPorts = 2> <OutPorts = 1>

State 38 <SV = 37> <Delay = 3.09>
ST_38 : Operation 255 [9/23] (3.09ns)   --->   "%sdiv_ln1513_1 = sdiv i19 %sub_ln1513_1, i19 %zext_ln1513_4"   --->   Operation 255 'sdiv' 'sdiv_ln1513_1' <Predicate = true> <Delay = 3.09> <CoreInst = "DivnS_SEQ">   --->   Core 7 'DivnS_SEQ' <Latency = 22> <II = 16> <Delay = 3.09> <FuncUnit> <Opcode : 'sdiv' 'srem' 'udiv' 'urem'> <InPorts = 2> <OutPorts = 1>
ST_38 : Operation 256 [9/23] (3.09ns)   --->   "%sdiv_ln1513_3 = sdiv i19 %sub_ln1513_3, i19 %zext_ln1513_4"   --->   Operation 256 'sdiv' 'sdiv_ln1513_3' <Predicate = true> <Delay = 3.09> <CoreInst = "DivnS_SEQ">   --->   Core 7 'DivnS_SEQ' <Latency = 22> <II = 16> <Delay = 3.09> <FuncUnit> <Opcode : 'sdiv' 'srem' 'udiv' 'urem'> <InPorts = 2> <OutPorts = 1>

State 39 <SV = 38> <Delay = 3.09>
ST_39 : Operation 257 [8/23] (3.09ns)   --->   "%sdiv_ln1513_1 = sdiv i19 %sub_ln1513_1, i19 %zext_ln1513_4"   --->   Operation 257 'sdiv' 'sdiv_ln1513_1' <Predicate = true> <Delay = 3.09> <CoreInst = "DivnS_SEQ">   --->   Core 7 'DivnS_SEQ' <Latency = 22> <II = 16> <Delay = 3.09> <FuncUnit> <Opcode : 'sdiv' 'srem' 'udiv' 'urem'> <InPorts = 2> <OutPorts = 1>
ST_39 : Operation 258 [8/23] (3.09ns)   --->   "%sdiv_ln1513_3 = sdiv i19 %sub_ln1513_3, i19 %zext_ln1513_4"   --->   Operation 258 'sdiv' 'sdiv_ln1513_3' <Predicate = true> <Delay = 3.09> <CoreInst = "DivnS_SEQ">   --->   Core 7 'DivnS_SEQ' <Latency = 22> <II = 16> <Delay = 3.09> <FuncUnit> <Opcode : 'sdiv' 'srem' 'udiv' 'urem'> <InPorts = 2> <OutPorts = 1>

State 40 <SV = 39> <Delay = 3.09>
ST_40 : Operation 259 [7/23] (3.09ns)   --->   "%sdiv_ln1513_1 = sdiv i19 %sub_ln1513_1, i19 %zext_ln1513_4"   --->   Operation 259 'sdiv' 'sdiv_ln1513_1' <Predicate = true> <Delay = 3.09> <CoreInst = "DivnS_SEQ">   --->   Core 7 'DivnS_SEQ' <Latency = 22> <II = 16> <Delay = 3.09> <FuncUnit> <Opcode : 'sdiv' 'srem' 'udiv' 'urem'> <InPorts = 2> <OutPorts = 1>
ST_40 : Operation 260 [7/23] (3.09ns)   --->   "%sdiv_ln1513_3 = sdiv i19 %sub_ln1513_3, i19 %zext_ln1513_4"   --->   Operation 260 'sdiv' 'sdiv_ln1513_3' <Predicate = true> <Delay = 3.09> <CoreInst = "DivnS_SEQ">   --->   Core 7 'DivnS_SEQ' <Latency = 22> <II = 16> <Delay = 3.09> <FuncUnit> <Opcode : 'sdiv' 'srem' 'udiv' 'urem'> <InPorts = 2> <OutPorts = 1>

State 41 <SV = 40> <Delay = 3.09>
ST_41 : Operation 261 [6/23] (3.09ns)   --->   "%sdiv_ln1513_1 = sdiv i19 %sub_ln1513_1, i19 %zext_ln1513_4"   --->   Operation 261 'sdiv' 'sdiv_ln1513_1' <Predicate = true> <Delay = 3.09> <CoreInst = "DivnS_SEQ">   --->   Core 7 'DivnS_SEQ' <Latency = 22> <II = 16> <Delay = 3.09> <FuncUnit> <Opcode : 'sdiv' 'srem' 'udiv' 'urem'> <InPorts = 2> <OutPorts = 1>
ST_41 : Operation 262 [6/23] (3.09ns)   --->   "%sdiv_ln1513_3 = sdiv i19 %sub_ln1513_3, i19 %zext_ln1513_4"   --->   Operation 262 'sdiv' 'sdiv_ln1513_3' <Predicate = true> <Delay = 3.09> <CoreInst = "DivnS_SEQ">   --->   Core 7 'DivnS_SEQ' <Latency = 22> <II = 16> <Delay = 3.09> <FuncUnit> <Opcode : 'sdiv' 'srem' 'udiv' 'urem'> <InPorts = 2> <OutPorts = 1>

State 42 <SV = 41> <Delay = 3.09>
ST_42 : Operation 263 [5/23] (3.09ns)   --->   "%sdiv_ln1513_1 = sdiv i19 %sub_ln1513_1, i19 %zext_ln1513_4"   --->   Operation 263 'sdiv' 'sdiv_ln1513_1' <Predicate = true> <Delay = 3.09> <CoreInst = "DivnS_SEQ">   --->   Core 7 'DivnS_SEQ' <Latency = 22> <II = 16> <Delay = 3.09> <FuncUnit> <Opcode : 'sdiv' 'srem' 'udiv' 'urem'> <InPorts = 2> <OutPorts = 1>
ST_42 : Operation 264 [5/23] (3.09ns)   --->   "%sdiv_ln1513_3 = sdiv i19 %sub_ln1513_3, i19 %zext_ln1513_4"   --->   Operation 264 'sdiv' 'sdiv_ln1513_3' <Predicate = true> <Delay = 3.09> <CoreInst = "DivnS_SEQ">   --->   Core 7 'DivnS_SEQ' <Latency = 22> <II = 16> <Delay = 3.09> <FuncUnit> <Opcode : 'sdiv' 'srem' 'udiv' 'urem'> <InPorts = 2> <OutPorts = 1>

State 43 <SV = 42> <Delay = 3.09>
ST_43 : Operation 265 [4/23] (3.09ns)   --->   "%sdiv_ln1513_1 = sdiv i19 %sub_ln1513_1, i19 %zext_ln1513_4"   --->   Operation 265 'sdiv' 'sdiv_ln1513_1' <Predicate = true> <Delay = 3.09> <CoreInst = "DivnS_SEQ">   --->   Core 7 'DivnS_SEQ' <Latency = 22> <II = 16> <Delay = 3.09> <FuncUnit> <Opcode : 'sdiv' 'srem' 'udiv' 'urem'> <InPorts = 2> <OutPorts = 1>
ST_43 : Operation 266 [4/23] (3.09ns)   --->   "%sdiv_ln1513_3 = sdiv i19 %sub_ln1513_3, i19 %zext_ln1513_4"   --->   Operation 266 'sdiv' 'sdiv_ln1513_3' <Predicate = true> <Delay = 3.09> <CoreInst = "DivnS_SEQ">   --->   Core 7 'DivnS_SEQ' <Latency = 22> <II = 16> <Delay = 3.09> <FuncUnit> <Opcode : 'sdiv' 'srem' 'udiv' 'urem'> <InPorts = 2> <OutPorts = 1>

State 44 <SV = 43> <Delay = 3.09>
ST_44 : Operation 267 [3/23] (3.09ns)   --->   "%sdiv_ln1513_1 = sdiv i19 %sub_ln1513_1, i19 %zext_ln1513_4"   --->   Operation 267 'sdiv' 'sdiv_ln1513_1' <Predicate = true> <Delay = 3.09> <CoreInst = "DivnS_SEQ">   --->   Core 7 'DivnS_SEQ' <Latency = 22> <II = 16> <Delay = 3.09> <FuncUnit> <Opcode : 'sdiv' 'srem' 'udiv' 'urem'> <InPorts = 2> <OutPorts = 1>
ST_44 : Operation 268 [3/23] (3.09ns)   --->   "%sdiv_ln1513_3 = sdiv i19 %sub_ln1513_3, i19 %zext_ln1513_4"   --->   Operation 268 'sdiv' 'sdiv_ln1513_3' <Predicate = true> <Delay = 3.09> <CoreInst = "DivnS_SEQ">   --->   Core 7 'DivnS_SEQ' <Latency = 22> <II = 16> <Delay = 3.09> <FuncUnit> <Opcode : 'sdiv' 'srem' 'udiv' 'urem'> <InPorts = 2> <OutPorts = 1>

State 45 <SV = 44> <Delay = 3.09>
ST_45 : Operation 269 [2/23] (3.09ns)   --->   "%sdiv_ln1513_1 = sdiv i19 %sub_ln1513_1, i19 %zext_ln1513_4"   --->   Operation 269 'sdiv' 'sdiv_ln1513_1' <Predicate = true> <Delay = 3.09> <CoreInst = "DivnS_SEQ">   --->   Core 7 'DivnS_SEQ' <Latency = 22> <II = 16> <Delay = 3.09> <FuncUnit> <Opcode : 'sdiv' 'srem' 'udiv' 'urem'> <InPorts = 2> <OutPorts = 1>
ST_45 : Operation 270 [2/23] (3.09ns)   --->   "%sdiv_ln1513_3 = sdiv i19 %sub_ln1513_3, i19 %zext_ln1513_4"   --->   Operation 270 'sdiv' 'sdiv_ln1513_3' <Predicate = true> <Delay = 3.09> <CoreInst = "DivnS_SEQ">   --->   Core 7 'DivnS_SEQ' <Latency = 22> <II = 16> <Delay = 3.09> <FuncUnit> <Opcode : 'sdiv' 'srem' 'udiv' 'urem'> <InPorts = 2> <OutPorts = 1>

State 46 <SV = 45> <Delay = 6.77>
ST_46 : Operation 271 [1/23] (3.09ns)   --->   "%sdiv_ln1513_1 = sdiv i19 %sub_ln1513_1, i19 %zext_ln1513_4"   --->   Operation 271 'sdiv' 'sdiv_ln1513_1' <Predicate = true> <Delay = 3.09> <CoreInst = "DivnS_SEQ">   --->   Core 7 'DivnS_SEQ' <Latency = 22> <II = 16> <Delay = 3.09> <FuncUnit> <Opcode : 'sdiv' 'srem' 'udiv' 'urem'> <InPorts = 2> <OutPorts = 1>
ST_46 : Operation 272 [1/23] (3.09ns)   --->   "%sdiv_ln1513_3 = sdiv i19 %sub_ln1513_3, i19 %zext_ln1513_4"   --->   Operation 272 'sdiv' 'sdiv_ln1513_3' <Predicate = true> <Delay = 3.09> <CoreInst = "DivnS_SEQ">   --->   Core 7 'DivnS_SEQ' <Latency = 22> <II = 16> <Delay = 3.09> <FuncUnit> <Opcode : 'sdiv' 'srem' 'udiv' 'urem'> <InPorts = 2> <OutPorts = 1>
ST_46 : Operation 273 [1/1] (0.00ns)   --->   "%trunc_ln186_1 = trunc i16 %sdiv_ln1513_3"   --->   Operation 273 'trunc' 'trunc_ln186_1' <Predicate = true> <Delay = 0.00>
ST_46 : Operation 274 [1/1] (1.54ns)   --->   "%W_pool_out_V = add i16 %trunc_ln186_1, i16 1"   --->   Operation 274 'add' 'W_pool_out_V' <Predicate = true> <Delay = 1.54> <CoreInst = "Adder">   --->   Core 1 'Adder' <Latency = 0> <II = 1> <Delay = 1.54> <FuncUnit> <Opcode : 'add' 'sub'> <InPorts = 2> <OutPorts = 1>
ST_46 : Operation 275 [1/1] (0.00ns)   --->   "%conv3_i_i694 = zext i16 %C_in_read"   --->   Operation 275 'zext' 'conv3_i_i694' <Predicate = true> <Delay = 0.00>
ST_46 : Operation 276 [1/1] (0.00ns)   --->   "%conv3_i11_i700 = zext i8 %K_read"   --->   Operation 276 'zext' 'conv3_i11_i700' <Predicate = true> <Delay = 0.00>
ST_46 : Operation 277 [4/4] (1.82ns) (root node of the DSP)   --->   "%mul_i708 = mul i24 %conv3_i_i694, i24 %conv3_i11_i700"   --->   Operation 277 'mul' 'mul_i708' <Predicate = true> <Delay = 1.82> <CoreInst = "DSP48">   --->   Core 119 'DSP48' <Latency = 3> <II = 1> <Delay = 1.82> <IPBlock> <Opcode : 'mul' 'add' 'sub' 'select'> <InPorts = 0> <OutPorts = 1> <Sync> <CReg>
ST_46 : Operation 278 [1/1] (2.13ns)   --->   "%cmp_i_i7429 = icmp_ne  i16 %W_pool_out_V, i16 0"   --->   Operation 278 'icmp' 'cmp_i_i7429' <Predicate = true> <Delay = 2.13> <CoreInst = "Cmp">   --->   Core 9 'Cmp' <Latency = 0> <II = 1> <Delay = 2.13> <FuncUnit> <Opcode : 'icmp'> <InPorts = 2> <OutPorts = 1>
ST_46 : Operation 279 [1/1] (0.00ns)   --->   "%zext_ln70 = zext i16 %C_out_read" [../ip/Ip1/initial_conv_bn_relu.cpp:70]   --->   Operation 279 'zext' 'zext_ln70' <Predicate = true> <Delay = 0.00>
ST_46 : Operation 280 [1/1] (0.00ns)   --->   "%zext_ln70_1 = zext i16 %W_pool_out_V" [../ip/Ip1/initial_conv_bn_relu.cpp:70]   --->   Operation 280 'zext' 'zext_ln70_1' <Predicate = true> <Delay = 0.00>
ST_46 : Operation 281 [4/4] (1.82ns) (root node of the DSP)   --->   "%mul_ln70 = mul i32 %zext_ln70, i32 %zext_ln70_1" [../ip/Ip1/initial_conv_bn_relu.cpp:70]   --->   Operation 281 'mul' 'mul_ln70' <Predicate = true> <Delay = 1.82> <CoreInst = "DSP48">   --->   Core 119 'DSP48' <Latency = 3> <II = 1> <Delay = 1.82> <IPBlock> <Opcode : 'mul' 'add' 'sub' 'select'> <InPorts = 0> <OutPorts = 1> <Sync> <CReg>

State 47 <SV = 46> <Delay = 1.82>
ST_47 : Operation 282 [3/4] (1.82ns) (root node of the DSP)   --->   "%mul_i708 = mul i24 %conv3_i_i694, i24 %conv3_i11_i700"   --->   Operation 282 'mul' 'mul_i708' <Predicate = true> <Delay = 1.82> <CoreInst = "DSP48">   --->   Core 119 'DSP48' <Latency = 3> <II = 1> <Delay = 1.82> <IPBlock> <Opcode : 'mul' 'add' 'sub' 'select'> <InPorts = 0> <OutPorts = 1> <Sync> <CReg>
ST_47 : Operation 283 [3/4] (1.82ns) (root node of the DSP)   --->   "%mul_ln70 = mul i32 %zext_ln70, i32 %zext_ln70_1" [../ip/Ip1/initial_conv_bn_relu.cpp:70]   --->   Operation 283 'mul' 'mul_ln70' <Predicate = true> <Delay = 1.82> <CoreInst = "DSP48">   --->   Core 119 'DSP48' <Latency = 3> <II = 1> <Delay = 1.82> <IPBlock> <Opcode : 'mul' 'add' 'sub' 'select'> <InPorts = 0> <OutPorts = 1> <Sync> <CReg>

State 48 <SV = 47> <Delay = 1.82>
ST_48 : Operation 284 [2/4] (1.82ns) (root node of the DSP)   --->   "%mul_i708 = mul i24 %conv3_i_i694, i24 %conv3_i11_i700"   --->   Operation 284 'mul' 'mul_i708' <Predicate = true> <Delay = 1.82> <CoreInst = "DSP48">   --->   Core 119 'DSP48' <Latency = 3> <II = 1> <Delay = 1.82> <IPBlock> <Opcode : 'mul' 'add' 'sub' 'select'> <InPorts = 0> <OutPorts = 1> <Sync> <CReg>
ST_48 : Operation 285 [2/4] (1.82ns) (root node of the DSP)   --->   "%mul_ln70 = mul i32 %zext_ln70, i32 %zext_ln70_1" [../ip/Ip1/initial_conv_bn_relu.cpp:70]   --->   Operation 285 'mul' 'mul_ln70' <Predicate = true> <Delay = 1.82> <CoreInst = "DSP48">   --->   Core 119 'DSP48' <Latency = 3> <II = 1> <Delay = 1.82> <IPBlock> <Opcode : 'mul' 'add' 'sub' 'select'> <InPorts = 0> <OutPorts = 1> <Sync> <CReg>

State 49 <SV = 48> <Delay = 3.68>
ST_49 : Operation 286 [1/1] (0.00ns)   --->   "%trunc_ln186 = trunc i16 %sdiv_ln1513_1"   --->   Operation 286 'trunc' 'trunc_ln186' <Predicate = true> <Delay = 0.00>
ST_49 : Operation 287 [1/1] (1.54ns)   --->   "%H_pool_out_V = add i16 %trunc_ln186, i16 1"   --->   Operation 287 'add' 'H_pool_out_V' <Predicate = true> <Delay = 1.54> <CoreInst = "Adder">   --->   Core 1 'Adder' <Latency = 0> <II = 1> <Delay = 1.54> <FuncUnit> <Opcode : 'add' 'sub'> <InPorts = 2> <OutPorts = 1>
ST_49 : Operation 288 [1/4] (0.00ns) (root node of the DSP)   --->   "%mul_i708 = mul i24 %conv3_i_i694, i24 %conv3_i11_i700"   --->   Operation 288 'mul' 'mul_i708' <Predicate = true> <Delay = 0.00> <CoreInst = "DSP48">   --->   Core 119 'DSP48' <Latency = 3> <II = 1> <Delay = 1.82> <IPBlock> <Opcode : 'mul' 'add' 'sub' 'select'> <InPorts = 0> <OutPorts = 1> <Sync> <CReg>
ST_49 : Operation 289 [1/1] (0.00ns)   --->   "%conv3_i_i673 = zext i24 %mul_i708"   --->   Operation 289 'zext' 'conv3_i_i673' <Predicate = true> <Delay = 0.00>
ST_49 : Operation 290 [1/1] (0.00ns)   --->   "%conv3_i12_i679 = zext i8 %K_read"   --->   Operation 290 'zext' 'conv3_i12_i679' <Predicate = true> <Delay = 0.00>
ST_49 : Operation 291 [1/1] (2.13ns)   --->   "%icmp_ln1027 = icmp_ne  i16 %H_pool_out_V, i16 0"   --->   Operation 291 'icmp' 'icmp_ln1027' <Predicate = true> <Delay = 2.13> <CoreInst = "Cmp">   --->   Core 9 'Cmp' <Latency = 0> <II = 1> <Delay = 2.13> <FuncUnit> <Opcode : 'icmp'> <InPorts = 2> <OutPorts = 1>
ST_49 : Operation 292 [1/4] (0.00ns) (root node of the DSP)   --->   "%mul_ln70 = mul i32 %zext_ln70, i32 %zext_ln70_1" [../ip/Ip1/initial_conv_bn_relu.cpp:70]   --->   Operation 292 'mul' 'mul_ln70' <Predicate = true> <Delay = 0.00> <CoreInst = "DSP48">   --->   Core 119 'DSP48' <Latency = 3> <II = 1> <Delay = 1.82> <IPBlock> <Opcode : 'mul' 'add' 'sub' 'select'> <InPorts = 0> <OutPorts = 1> <Sync> <CReg>
ST_49 : Operation 293 [4/4] (1.82ns) (root node of the DSP)   --->   "%mul_ln70_2 = mul i32 %conv3_i_i673, i32 %conv3_i12_i679" [../ip/Ip1/initial_conv_bn_relu.cpp:70]   --->   Operation 293 'mul' 'mul_ln70_2' <Predicate = true> <Delay = 1.82> <CoreInst = "DSP48">   --->   Core 119 'DSP48' <Latency = 3> <II = 1> <Delay = 1.82> <IPBlock> <Opcode : 'mul' 'add' 'sub' 'select'> <InPorts = 0> <OutPorts = 1> <Sync> <CReg>

State 50 <SV = 49> <Delay = 7.05>
ST_50 : Operation 294 [1/1] (0.00ns)   --->   "%zext_ln70_2 = zext i16 %H_pool_out_V" [../ip/Ip1/initial_conv_bn_relu.cpp:70]   --->   Operation 294 'zext' 'zext_ln70_2' <Predicate = (icmp_ln1027)> <Delay = 0.00>
ST_50 : Operation 295 [1/1] (7.05ns)   --->   "%mul_ln70_1 = mul i32 %mul_ln70, i32 %zext_ln70_2" [../ip/Ip1/initial_conv_bn_relu.cpp:70]   --->   Operation 295 'mul' 'mul_ln70_1' <Predicate = (icmp_ln1027)> <Delay = 7.05> <CoreInst = "Multiplier">   --->   Core 3 'Multiplier' <Latency = 0> <II = 1> <Delay = 7.05> <FuncUnit> <Opcode : 'mul'> <InPorts = 2> <OutPorts = 1>
ST_50 : Operation 296 [3/4] (1.82ns) (root node of the DSP)   --->   "%mul_ln70_2 = mul i32 %conv3_i_i673, i32 %conv3_i12_i679" [../ip/Ip1/initial_conv_bn_relu.cpp:70]   --->   Operation 296 'mul' 'mul_ln70_2' <Predicate = true> <Delay = 1.82> <CoreInst = "DSP48">   --->   Core 119 'DSP48' <Latency = 3> <II = 1> <Delay = 1.82> <IPBlock> <Opcode : 'mul' 'add' 'sub' 'select'> <InPorts = 0> <OutPorts = 1> <Sync> <CReg>

State 51 <SV = 50> <Delay = 2.93>
ST_51 : Operation 297 [1/1] (2.13ns)   --->   "%cmp_i_i7357 = icmp_ne  i16 %C_out_read, i16 0"   --->   Operation 297 'icmp' 'cmp_i_i7357' <Predicate = (icmp_ln1027)> <Delay = 2.13> <CoreInst = "Cmp">   --->   Core 9 'Cmp' <Latency = 0> <II = 1> <Delay = 2.13> <FuncUnit> <Opcode : 'icmp'> <InPorts = 2> <OutPorts = 1>
ST_51 : Operation 298 [1/1] (0.00ns) (grouped into LUT with out node empty)   --->   "%and_ln70 = and i1 %cmp_i_i7357, i1 %cmp_i_i7429" [../ip/Ip1/initial_conv_bn_relu.cpp:70]   --->   Operation 298 'and' 'and_ln70' <Predicate = (icmp_ln1027)> <Delay = 0.00> <CoreInst = "LogicGate">   --->   Core 74 'LogicGate' <Latency = 0> <II = 1> <Delay = 0.80> <FuncUnit> <Opcode : 'and' 'or' 'xor'> <InPorts = 2> <OutPorts = 1>
ST_51 : Operation 299 [1/1] (0.00ns) (grouped into LUT with out node empty)   --->   "%select_ln70 = select i1 %and_ln70, i32 %mul_ln70_1, i32 0" [../ip/Ip1/initial_conv_bn_relu.cpp:70]   --->   Operation 299 'select' 'select_ln70' <Predicate = (icmp_ln1027)> <Delay = 0.00> <CoreInst = "Sel">   --->   Core 73 'Sel' <Latency = 0> <II = 1> <Delay = 0.70> <FuncUnit> <Opcode : 'select'> <InPorts = 3> <OutPorts = 1>
ST_51 : Operation 300 [1/1] (0.80ns) (out node of the LUT)   --->   "%empty = select i1 %icmp_ln1027, i32 %select_ln70, i32 0"   --->   Operation 300 'select' 'empty' <Predicate = true> <Delay = 0.80> <CoreInst = "Sel">   --->   Core 73 'Sel' <Latency = 0> <II = 1> <Delay = 0.70> <FuncUnit> <Opcode : 'select'> <InPorts = 3> <OutPorts = 1>
ST_51 : Operation 301 [2/4] (1.82ns) (root node of the DSP)   --->   "%mul_ln70_2 = mul i32 %conv3_i_i673, i32 %conv3_i12_i679" [../ip/Ip1/initial_conv_bn_relu.cpp:70]   --->   Operation 301 'mul' 'mul_ln70_2' <Predicate = true> <Delay = 1.82> <CoreInst = "DSP48">   --->   Core 119 'DSP48' <Latency = 3> <II = 1> <Delay = 1.82> <IPBlock> <Opcode : 'mul' 'add' 'sub' 'select'> <InPorts = 0> <OutPorts = 1> <Sync> <CReg>

State 52 <SV = 51> <Delay = 7.30>
ST_52 : Operation 302 [1/1] (0.00ns)   --->   "%spectopmodule_ln18 = spectopmodule void @_ssdm_op_SpecTopModule, void @empty_18" [../ip/Ip1/initial_conv_bn_relu.cpp:18]   --->   Operation 302 'spectopmodule' 'spectopmodule_ln18' <Predicate = true> <Delay = 0.00>
ST_52 : Operation 303 [1/1] (0.00ns)   --->   "%specinterface_ln0 = specinterface void @_ssdm_op_SpecInterface, i8 %gmem0, void @empty_10, i32 0, i32 0, void @empty_23, i32 0, i32 2147483647, void @empty_24, void @empty_26, void @empty_23, i32 16, i32 16, i32 16, i32 16, void @empty_23, void @empty_23, i32 4294967295, i32 0"   --->   Operation 303 'specinterface' 'specinterface_ln0' <Predicate = true> <Delay = 0.00>
ST_52 : Operation 304 [1/1] (0.00ns)   --->   "%specbitsmap_ln0 = specbitsmap void @_ssdm_op_SpecBitsMap, i8 %gmem0"   --->   Operation 304 'specbitsmap' 'specbitsmap_ln0' <Predicate = true> <Delay = 0.00>
ST_52 : Operation 305 [1/1] (0.00ns)   --->   "%specbitsmap_ln0 = specbitsmap void @_ssdm_op_SpecBitsMap, i16 %C_in"   --->   Operation 305 'specbitsmap' 'specbitsmap_ln0' <Predicate = true> <Delay = 0.00>
ST_52 : Operation 306 [1/1] (0.00ns)   --->   "%specinterface_ln0 = specinterface void @_ssdm_op_SpecInterface, i16 %C_in, void @empty_27, i32 1, i32 1, void @empty, i32 0, i32 0, void @empty_0, void @empty_1, void @empty_23, i32 0, i32 0, i32 0, i32 0, void @empty_23, void @empty_23, i32 4294967295, i32 0"   --->   Operation 306 'specinterface' 'specinterface_ln0' <Predicate = true> <Delay = 0.00>
ST_52 : Operation 307 [1/1] (0.00ns)   --->   "%specinterface_ln0 = specinterface void @_ssdm_op_SpecInterface, i16 %C_in, void @empty_2, i32 1, i32 1, void @empty_23, i32 0, i32 0, void @empty_23, void @empty_23, void @empty_23, i32 0, i32 0, i32 0, i32 0, void @empty_23, void @empty_23, i32 4294967295, i32 0"   --->   Operation 307 'specinterface' 'specinterface_ln0' <Predicate = true> <Delay = 0.00>
ST_52 : Operation 308 [1/1] (0.00ns)   --->   "%specbitsmap_ln0 = specbitsmap void @_ssdm_op_SpecBitsMap, i16 %H_in"   --->   Operation 308 'specbitsmap' 'specbitsmap_ln0' <Predicate = true> <Delay = 0.00>
ST_52 : Operation 309 [1/1] (0.00ns)   --->   "%specinterface_ln0 = specinterface void @_ssdm_op_SpecInterface, i16 %H_in, void @empty_27, i32 1, i32 1, void @empty, i32 0, i32 0, void @empty_0, void @empty_3, void @empty_23, i32 0, i32 0, i32 0, i32 0, void @empty_23, void @empty_23, i32 4294967295, i32 0"   --->   Operation 309 'specinterface' 'specinterface_ln0' <Predicate = true> <Delay = 0.00>
ST_52 : Operation 310 [1/1] (0.00ns)   --->   "%specinterface_ln0 = specinterface void @_ssdm_op_SpecInterface, i16 %H_in, void @empty_2, i32 1, i32 1, void @empty_23, i32 0, i32 0, void @empty_23, void @empty_23, void @empty_23, i32 0, i32 0, i32 0, i32 0, void @empty_23, void @empty_23, i32 4294967295, i32 0"   --->   Operation 310 'specinterface' 'specinterface_ln0' <Predicate = true> <Delay = 0.00>
ST_52 : Operation 311 [1/1] (0.00ns)   --->   "%specbitsmap_ln0 = specbitsmap void @_ssdm_op_SpecBitsMap, i16 %W_in"   --->   Operation 311 'specbitsmap' 'specbitsmap_ln0' <Predicate = true> <Delay = 0.00>
ST_52 : Operation 312 [1/1] (0.00ns)   --->   "%specinterface_ln0 = specinterface void @_ssdm_op_SpecInterface, i16 %W_in, void @empty_27, i32 1, i32 1, void @empty, i32 0, i32 0, void @empty_0, void @empty_4, void @empty_23, i32 0, i32 0, i32 0, i32 0, void @empty_23, void @empty_23, i32 4294967295, i32 0"   --->   Operation 312 'specinterface' 'specinterface_ln0' <Predicate = true> <Delay = 0.00>
ST_52 : Operation 313 [1/1] (0.00ns)   --->   "%specinterface_ln0 = specinterface void @_ssdm_op_SpecInterface, i16 %W_in, void @empty_2, i32 1, i32 1, void @empty_23, i32 0, i32 0, void @empty_23, void @empty_23, void @empty_23, i32 0, i32 0, i32 0, i32 0, void @empty_23, void @empty_23, i32 4294967295, i32 0"   --->   Operation 313 'specinterface' 'specinterface_ln0' <Predicate = true> <Delay = 0.00>
ST_52 : Operation 314 [1/1] (0.00ns)   --->   "%specbitsmap_ln0 = specbitsmap void @_ssdm_op_SpecBitsMap, i16 %C_out"   --->   Operation 314 'specbitsmap' 'specbitsmap_ln0' <Predicate = true> <Delay = 0.00>
ST_52 : Operation 315 [1/1] (0.00ns)   --->   "%specinterface_ln0 = specinterface void @_ssdm_op_SpecInterface, i16 %C_out, void @empty_27, i32 1, i32 1, void @empty, i32 0, i32 0, void @empty_0, void @empty_5, void @empty_23, i32 0, i32 0, i32 0, i32 0, void @empty_23, void @empty_23, i32 4294967295, i32 0"   --->   Operation 315 'specinterface' 'specinterface_ln0' <Predicate = true> <Delay = 0.00>
ST_52 : Operation 316 [1/1] (0.00ns)   --->   "%specinterface_ln0 = specinterface void @_ssdm_op_SpecInterface, i16 %C_out, void @empty_2, i32 1, i32 1, void @empty_23, i32 0, i32 0, void @empty_23, void @empty_23, void @empty_23, i32 0, i32 0, i32 0, i32 0, void @empty_23, void @empty_23, i32 4294967295, i32 0"   --->   Operation 316 'specinterface' 'specinterface_ln0' <Predicate = true> <Delay = 0.00>
ST_52 : Operation 317 [1/1] (0.00ns)   --->   "%specbitsmap_ln0 = specbitsmap void @_ssdm_op_SpecBitsMap, i8 %K"   --->   Operation 317 'specbitsmap' 'specbitsmap_ln0' <Predicate = true> <Delay = 0.00>
ST_52 : Operation 318 [1/1] (0.00ns)   --->   "%specinterface_ln0 = specinterface void @_ssdm_op_SpecInterface, i8 %K, void @empty_27, i32 1, i32 1, void @empty, i32 0, i32 0, void @empty_0, void @empty_6, void @empty_23, i32 0, i32 0, i32 0, i32 0, void @empty_23, void @empty_23, i32 4294967295, i32 0"   --->   Operation 318 'specinterface' 'specinterface_ln0' <Predicate = true> <Delay = 0.00>
ST_52 : Operation 319 [1/1] (0.00ns)   --->   "%specinterface_ln0 = specinterface void @_ssdm_op_SpecInterface, i8 %K, void @empty_2, i32 1, i32 1, void @empty_23, i32 0, i32 0, void @empty_23, void @empty_23, void @empty_23, i32 0, i32 0, i32 0, i32 0, void @empty_23, void @empty_23, i32 4294967295, i32 0"   --->   Operation 319 'specinterface' 'specinterface_ln0' <Predicate = true> <Delay = 0.00>
ST_52 : Operation 320 [1/1] (0.00ns)   --->   "%specbitsmap_ln0 = specbitsmap void @_ssdm_op_SpecBitsMap, i8 %stride"   --->   Operation 320 'specbitsmap' 'specbitsmap_ln0' <Predicate = true> <Delay = 0.00>
ST_52 : Operation 321 [1/1] (0.00ns)   --->   "%specinterface_ln0 = specinterface void @_ssdm_op_SpecInterface, i8 %stride, void @empty_27, i32 1, i32 1, void @empty, i32 0, i32 0, void @empty_0, void @empty_7, void @empty_23, i32 0, i32 0, i32 0, i32 0, void @empty_23, void @empty_23, i32 4294967295, i32 0"   --->   Operation 321 'specinterface' 'specinterface_ln0' <Predicate = true> <Delay = 0.00>
ST_52 : Operation 322 [1/1] (0.00ns)   --->   "%specinterface_ln0 = specinterface void @_ssdm_op_SpecInterface, i8 %stride, void @empty_2, i32 1, i32 1, void @empty_23, i32 0, i32 0, void @empty_23, void @empty_23, void @empty_23, i32 0, i32 0, i32 0, i32 0, void @empty_23, void @empty_23, i32 4294967295, i32 0"   --->   Operation 322 'specinterface' 'specinterface_ln0' <Predicate = true> <Delay = 0.00>
ST_52 : Operation 323 [1/1] (0.00ns)   --->   "%specbitsmap_ln0 = specbitsmap void @_ssdm_op_SpecBitsMap, i8 %padding"   --->   Operation 323 'specbitsmap' 'specbitsmap_ln0' <Predicate = true> <Delay = 0.00>
ST_52 : Operation 324 [1/1] (0.00ns)   --->   "%specinterface_ln0 = specinterface void @_ssdm_op_SpecInterface, i8 %padding, void @empty_27, i32 1, i32 1, void @empty, i32 0, i32 0, void @empty_0, void @empty_8, void @empty_23, i32 0, i32 0, i32 0, i32 0, void @empty_23, void @empty_23, i32 4294967295, i32 0"   --->   Operation 324 'specinterface' 'specinterface_ln0' <Predicate = true> <Delay = 0.00>
ST_52 : Operation 325 [1/1] (0.00ns)   --->   "%specinterface_ln0 = specinterface void @_ssdm_op_SpecInterface, i8 %padding, void @empty_2, i32 1, i32 1, void @empty_23, i32 0, i32 0, void @empty_23, void @empty_23, void @empty_23, i32 0, i32 0, i32 0, i32 0, void @empty_23, void @empty_23, i32 4294967295, i32 0"   --->   Operation 325 'specinterface' 'specinterface_ln0' <Predicate = true> <Delay = 0.00>
ST_52 : Operation 326 [1/1] (0.00ns)   --->   "%specbitsmap_ln0 = specbitsmap void @_ssdm_op_SpecBitsMap, i8 %pool_kernel"   --->   Operation 326 'specbitsmap' 'specbitsmap_ln0' <Predicate = true> <Delay = 0.00>
ST_52 : Operation 327 [1/1] (0.00ns)   --->   "%specinterface_ln0 = specinterface void @_ssdm_op_SpecInterface, i8 %pool_kernel, void @empty_27, i32 1, i32 1, void @empty, i32 0, i32 0, void @empty_0, void @empty_9, void @empty_23, i32 0, i32 0, i32 0, i32 0, void @empty_23, void @empty_23, i32 4294967295, i32 0"   --->   Operation 327 'specinterface' 'specinterface_ln0' <Predicate = true> <Delay = 0.00>
ST_52 : Operation 328 [1/1] (0.00ns)   --->   "%specinterface_ln0 = specinterface void @_ssdm_op_SpecInterface, i8 %pool_kernel, void @empty_2, i32 1, i32 1, void @empty_23, i32 0, i32 0, void @empty_23, void @empty_23, void @empty_23, i32 0, i32 0, i32 0, i32 0, void @empty_23, void @empty_23, i32 4294967295, i32 0"   --->   Operation 328 'specinterface' 'specinterface_ln0' <Predicate = true> <Delay = 0.00>
ST_52 : Operation 329 [1/1] (0.00ns)   --->   "%specbitsmap_ln0 = specbitsmap void @_ssdm_op_SpecBitsMap, i8 %pool_stride"   --->   Operation 329 'specbitsmap' 'specbitsmap_ln0' <Predicate = true> <Delay = 0.00>
ST_52 : Operation 330 [1/1] (0.00ns)   --->   "%specinterface_ln0 = specinterface void @_ssdm_op_SpecInterface, i8 %pool_stride, void @empty_27, i32 1, i32 1, void @empty, i32 0, i32 0, void @empty_0, void @empty_22, void @empty_23, i32 0, i32 0, i32 0, i32 0, void @empty_23, void @empty_23, i32 4294967295, i32 0"   --->   Operation 330 'specinterface' 'specinterface_ln0' <Predicate = true> <Delay = 0.00>
ST_52 : Operation 331 [1/1] (0.00ns)   --->   "%specinterface_ln0 = specinterface void @_ssdm_op_SpecInterface, i8 %pool_stride, void @empty_2, i32 1, i32 1, void @empty_23, i32 0, i32 0, void @empty_23, void @empty_23, void @empty_23, i32 0, i32 0, i32 0, i32 0, void @empty_23, void @empty_23, i32 4294967295, i32 0"   --->   Operation 331 'specinterface' 'specinterface_ln0' <Predicate = true> <Delay = 0.00>
ST_52 : Operation 332 [1/1] (0.00ns)   --->   "%specbitsmap_ln0 = specbitsmap void @_ssdm_op_SpecBitsMap, i8 %pool_padding"   --->   Operation 332 'specbitsmap' 'specbitsmap_ln0' <Predicate = true> <Delay = 0.00>
ST_52 : Operation 333 [1/1] (0.00ns)   --->   "%specinterface_ln0 = specinterface void @_ssdm_op_SpecInterface, i8 %pool_padding, void @empty_27, i32 1, i32 1, void @empty, i32 0, i32 0, void @empty_0, void @empty_11, void @empty_23, i32 0, i32 0, i32 0, i32 0, void @empty_23, void @empty_23, i32 4294967295, i32 0"   --->   Operation 333 'specinterface' 'specinterface_ln0' <Predicate = true> <Delay = 0.00>
ST_52 : Operation 334 [1/1] (0.00ns)   --->   "%specinterface_ln0 = specinterface void @_ssdm_op_SpecInterface, i8 %pool_padding, void @empty_2, i32 1, i32 1, void @empty_23, i32 0, i32 0, void @empty_23, void @empty_23, void @empty_23, i32 0, i32 0, i32 0, i32 0, void @empty_23, void @empty_23, i32 4294967295, i32 0"   --->   Operation 334 'specinterface' 'specinterface_ln0' <Predicate = true> <Delay = 0.00>
ST_52 : Operation 335 [1/1] (0.00ns)   --->   "%specinterface_ln0 = specinterface void @_ssdm_op_SpecInterface, i64 %feature_in, void @empty_27, i32 0, i32 0, void @empty_23, i32 0, i32 0, void @empty_0, void @empty_25, void @empty_23, i32 0, i32 0, i32 0, i32 0, void @empty_23, void @empty_12, i32 4294967295, i32 0"   --->   Operation 335 'specinterface' 'specinterface_ln0' <Predicate = true> <Delay = 0.00>
ST_52 : Operation 336 [1/1] (0.00ns)   --->   "%specinterface_ln0 = specinterface void @_ssdm_op_SpecInterface, i64 %feature_in, void @empty_2, i32 0, i32 0, void @empty_23, i32 0, i32 0, void @empty_23, void @empty_23, void @empty_23, i32 0, i32 0, i32 0, i32 0, void @empty_23, void @empty_12, i32 4294967295, i32 0"   --->   Operation 336 'specinterface' 'specinterface_ln0' <Predicate = true> <Delay = 0.00>
ST_52 : Operation 337 [1/1] (0.00ns)   --->   "%specinterface_ln0 = specinterface void @_ssdm_op_SpecInterface, i64 %conv_kernel, void @empty_27, i32 0, i32 0, void @empty_23, i32 0, i32 0, void @empty_0, void @empty_28, void @empty_23, i32 0, i32 0, i32 0, i32 0, void @empty_23, void @empty_12, i32 4294967295, i32 0"   --->   Operation 337 'specinterface' 'specinterface_ln0' <Predicate = true> <Delay = 0.00>
ST_52 : Operation 338 [1/1] (0.00ns)   --->   "%specinterface_ln0 = specinterface void @_ssdm_op_SpecInterface, i64 %conv_kernel, void @empty_2, i32 0, i32 0, void @empty_23, i32 0, i32 0, void @empty_23, void @empty_23, void @empty_23, i32 0, i32 0, i32 0, i32 0, void @empty_23, void @empty_12, i32 4294967295, i32 0"   --->   Operation 338 'specinterface' 'specinterface_ln0' <Predicate = true> <Delay = 0.00>
ST_52 : Operation 339 [1/1] (0.00ns)   --->   "%specinterface_ln0 = specinterface void @_ssdm_op_SpecInterface, i64 %bn_mean, void @empty_27, i32 0, i32 0, void @empty_23, i32 0, i32 0, void @empty_0, void @empty_13, void @empty_23, i32 0, i32 0, i32 0, i32 0, void @empty_23, void @empty_12, i32 4294967295, i32 0"   --->   Operation 339 'specinterface' 'specinterface_ln0' <Predicate = true> <Delay = 0.00>
ST_52 : Operation 340 [1/1] (0.00ns)   --->   "%specinterface_ln0 = specinterface void @_ssdm_op_SpecInterface, i64 %bn_mean, void @empty_2, i32 0, i32 0, void @empty_23, i32 0, i32 0, void @empty_23, void @empty_23, void @empty_23, i32 0, i32 0, i32 0, i32 0, void @empty_23, void @empty_12, i32 4294967295, i32 0"   --->   Operation 340 'specinterface' 'specinterface_ln0' <Predicate = true> <Delay = 0.00>
ST_52 : Operation 341 [1/1] (0.00ns)   --->   "%specinterface_ln0 = specinterface void @_ssdm_op_SpecInterface, i64 %bn_var, void @empty_27, i32 0, i32 0, void @empty_23, i32 0, i32 0, void @empty_0, void @empty_14, void @empty_23, i32 0, i32 0, i32 0, i32 0, void @empty_23, void @empty_12, i32 4294967295, i32 0"   --->   Operation 341 'specinterface' 'specinterface_ln0' <Predicate = true> <Delay = 0.00>
ST_52 : Operation 342 [1/1] (0.00ns)   --->   "%specinterface_ln0 = specinterface void @_ssdm_op_SpecInterface, i64 %bn_var, void @empty_2, i32 0, i32 0, void @empty_23, i32 0, i32 0, void @empty_23, void @empty_23, void @empty_23, i32 0, i32 0, i32 0, i32 0, void @empty_23, void @empty_12, i32 4294967295, i32 0"   --->   Operation 342 'specinterface' 'specinterface_ln0' <Predicate = true> <Delay = 0.00>
ST_52 : Operation 343 [1/1] (0.00ns)   --->   "%specinterface_ln0 = specinterface void @_ssdm_op_SpecInterface, i64 %bn_gamma, void @empty_27, i32 0, i32 0, void @empty_23, i32 0, i32 0, void @empty_0, void @empty_15, void @empty_23, i32 0, i32 0, i32 0, i32 0, void @empty_23, void @empty_12, i32 4294967295, i32 0"   --->   Operation 343 'specinterface' 'specinterface_ln0' <Predicate = true> <Delay = 0.00>
ST_52 : Operation 344 [1/1] (0.00ns)   --->   "%specinterface_ln0 = specinterface void @_ssdm_op_SpecInterface, i64 %bn_gamma, void @empty_2, i32 0, i32 0, void @empty_23, i32 0, i32 0, void @empty_23, void @empty_23, void @empty_23, i32 0, i32 0, i32 0, i32 0, void @empty_23, void @empty_12, i32 4294967295, i32 0"   --->   Operation 344 'specinterface' 'specinterface_ln0' <Predicate = true> <Delay = 0.00>
ST_52 : Operation 345 [1/1] (0.00ns)   --->   "%specinterface_ln0 = specinterface void @_ssdm_op_SpecInterface, i64 %bn_beta, void @empty_27, i32 0, i32 0, void @empty_23, i32 0, i32 0, void @empty_0, void @empty_16, void @empty_23, i32 0, i32 0, i32 0, i32 0, void @empty_23, void @empty_12, i32 4294967295, i32 0"   --->   Operation 345 'specinterface' 'specinterface_ln0' <Predicate = true> <Delay = 0.00>
ST_52 : Operation 346 [1/1] (0.00ns)   --->   "%specinterface_ln0 = specinterface void @_ssdm_op_SpecInterface, i64 %bn_beta, void @empty_2, i32 0, i32 0, void @empty_23, i32 0, i32 0, void @empty_23, void @empty_23, void @empty_23, i32 0, i32 0, i32 0, i32 0, void @empty_23, void @empty_12, i32 4294967295, i32 0"   --->   Operation 346 'specinterface' 'specinterface_ln0' <Predicate = true> <Delay = 0.00>
ST_52 : Operation 347 [1/1] (0.00ns)   --->   "%specinterface_ln0 = specinterface void @_ssdm_op_SpecInterface, i64 %feature_out, void @empty_27, i32 0, i32 0, void @empty_23, i32 0, i32 0, void @empty_0, void @empty_17, void @empty_23, i32 0, i32 0, i32 0, i32 0, void @empty_23, void @empty_12, i32 4294967295, i32 0"   --->   Operation 347 'specinterface' 'specinterface_ln0' <Predicate = true> <Delay = 0.00>
ST_52 : Operation 348 [1/1] (0.00ns)   --->   "%specinterface_ln0 = specinterface void @_ssdm_op_SpecInterface, i64 %feature_out, void @empty_2, i32 0, i32 0, void @empty_23, i32 0, i32 0, void @empty_23, void @empty_23, void @empty_23, i32 0, i32 0, i32 0, i32 0, void @empty_23, void @empty_12, i32 4294967295, i32 0"   --->   Operation 348 'specinterface' 'specinterface_ln0' <Predicate = true> <Delay = 0.00>
ST_52 : Operation 349 [1/1] (0.00ns)   --->   "%specinterface_ln0 = specinterface void @_ssdm_op_SpecInterface, i32 0, void @empty_27, i32 0, i32 0, void @empty_23, i32 0, i32 0, void @empty_0, void @empty_23, void @empty_23, i32 0, i32 0, i32 0, i32 0, void @empty_23, void @empty_23, i32 4294967295, i32 0"   --->   Operation 349 'specinterface' 'specinterface_ln0' <Predicate = true> <Delay = 0.00>
ST_52 : Operation 350 [1/1] (0.00ns)   --->   "%K_cast6 = zext i8 %K_read"   --->   Operation 350 'zext' 'K_cast6' <Predicate = true> <Delay = 0.00>
ST_52 : Operation 351 [1/1] (3.61ns)   --->   "%conv3_i658 = mul i16 %K_cast6, i16 %K_cast6"   --->   Operation 351 'mul' 'conv3_i658' <Predicate = true> <Delay = 3.61> <CoreInst = "Multiplier">   --->   Core 3 'Multiplier' <Latency = 0> <II = 1> <Delay = 3.61> <FuncUnit> <Opcode : 'mul'> <InPorts = 2> <OutPorts = 1>
ST_52 : Operation 352 [1/1] (0.00ns)   --->   "%zext_ln102 = zext i16 %C_in_read" [../ip/Ip1/initial_conv_bn_relu.cpp:102]   --->   Operation 352 'zext' 'zext_ln102' <Predicate = true> <Delay = 0.00>
ST_52 : Operation 353 [1/1] (7.30ns)   --->   "%empty_34 = writereq i1 @_ssdm_op_WriteReq.m_axi.p1i8, i64 %gmem0_addr, i32 %empty" [../ip/Ip1/initial_conv_bn_relu.cpp:70]   --->   Operation 353 'writereq' 'empty_34' <Predicate = true> <Delay = 7.30> <CoreInst = "m_axi">   --->   Core 113 'm_axi' <Latency = 0> <II = 1> <Delay = 1.00> <Adapter> <Opcode : 'read' 'write' 'readreq' 'writereq' 'writeresp'>
ST_52 : Operation 354 [1/4] (0.00ns) (root node of the DSP)   --->   "%mul_ln70_2 = mul i32 %conv3_i_i673, i32 %conv3_i12_i679" [../ip/Ip1/initial_conv_bn_relu.cpp:70]   --->   Operation 354 'mul' 'mul_ln70_2' <Predicate = true> <Delay = 0.00> <CoreInst = "DSP48">   --->   Core 119 'DSP48' <Latency = 3> <II = 1> <Delay = 1.82> <IPBlock> <Opcode : 'mul' 'add' 'sub' 'select'> <InPorts = 0> <OutPorts = 1> <Sync> <CReg>
ST_52 : Operation 355 [1/1] (0.00ns)   --->   "%zext_ln18 = zext i16 %H_pool_out_V" [../ip/Ip1/initial_conv_bn_relu.cpp:18]   --->   Operation 355 'zext' 'zext_ln18' <Predicate = true> <Delay = 0.00>
ST_52 : Operation 356 [1/1] (0.00ns)   --->   "%zext_ln18_1 = zext i32 %mul_ln70" [../ip/Ip1/initial_conv_bn_relu.cpp:18]   --->   Operation 356 'zext' 'zext_ln18_1' <Predicate = true> <Delay = 0.00>
ST_52 : Operation 357 [1/1] (7.05ns)   --->   "%mul_ln18 = mul i48 %zext_ln18, i48 %zext_ln18_1" [../ip/Ip1/initial_conv_bn_relu.cpp:18]   --->   Operation 357 'mul' 'mul_ln18' <Predicate = true> <Delay = 7.05> <CoreInst = "Multiplier">   --->   Core 3 'Multiplier' <Latency = 0> <II = 1> <Delay = 7.05> <FuncUnit> <Opcode : 'mul'> <InPorts = 2> <OutPorts = 1>
ST_52 : Operation 358 [1/1] (2.13ns)   --->   "%icmp_ln1027_3 = icmp_eq  i16 %C_out_read, i16 0"   --->   Operation 358 'icmp' 'icmp_ln1027_3' <Predicate = true> <Delay = 2.13> <CoreInst = "Cmp">   --->   Core 9 'Cmp' <Latency = 0> <II = 1> <Delay = 2.13> <FuncUnit> <Opcode : 'icmp'> <InPorts = 2> <OutPorts = 1>
ST_52 : Operation 359 [1/1] (0.00ns)   --->   "%br_ln70 = br void %VITIS_LOOP_77_4" [../ip/Ip1/initial_conv_bn_relu.cpp:70]   --->   Operation 359 'br' 'br_ln70' <Predicate = true> <Delay = 0.00>

State 53 <SV = 52> <Delay = 6.44>
ST_53 : Operation 360 [1/1] (0.00ns)   --->   "%indvar_flatten11_load = load i48 %indvar_flatten11" [../ip/Ip1/initial_conv_bn_relu.cpp:70]   --->   Operation 360 'load' 'indvar_flatten11_load' <Predicate = true> <Delay = 0.00>
ST_53 : Operation 361 [1/1] (2.12ns)   --->   "%icmp_ln70 = icmp_eq  i48 %indvar_flatten11_load, i48 %mul_ln18" [../ip/Ip1/initial_conv_bn_relu.cpp:70]   --->   Operation 361 'icmp' 'icmp_ln70' <Predicate = true> <Delay = 2.12> <CoreInst = "Cmp">   --->   Core 9 'Cmp' <Latency = 0> <II = 1> <Delay = 2.12> <FuncUnit> <Opcode : 'icmp'> <InPorts = 2> <OutPorts = 1>
ST_53 : Operation 362 [1/1] (2.29ns)   --->   "%add_ln70 = add i48 %indvar_flatten11_load, i48 1" [../ip/Ip1/initial_conv_bn_relu.cpp:70]   --->   Operation 362 'add' 'add_ln70' <Predicate = true> <Delay = 2.29> <CoreInst = "Adder">   --->   Core 1 'Adder' <Latency = 0> <II = 1> <Delay = 2.29> <FuncUnit> <Opcode : 'add' 'sub'> <InPorts = 2> <OutPorts = 1>
ST_53 : Operation 363 [1/1] (0.00ns)   --->   "%br_ln70 = br i1 %icmp_ln70, void %for.inc137.loopexit, void %for.end139.loopexit" [../ip/Ip1/initial_conv_bn_relu.cpp:70]   --->   Operation 363 'br' 'br_ln70' <Predicate = true> <Delay = 0.00>
ST_53 : Operation 364 [1/1] (0.00ns)   --->   "%c_out_load = load i16 %c_out"   --->   Operation 364 'load' 'c_out_load' <Predicate = (!icmp_ln70)> <Delay = 0.00>
ST_53 : Operation 365 [1/1] (0.00ns)   --->   "%indvar_flatten_load_1 = load i32 %indvar_flatten" [../ip/Ip1/initial_conv_bn_relu.cpp:71]   --->   Operation 365 'load' 'indvar_flatten_load_1' <Predicate = (!icmp_ln70)> <Delay = 0.00>
ST_53 : Operation 366 [1/1] (1.96ns)   --->   "%icmp_ln71 = icmp_eq  i32 %indvar_flatten_load_1, i32 %mul_ln70" [../ip/Ip1/initial_conv_bn_relu.cpp:71]   --->   Operation 366 'icmp' 'icmp_ln71' <Predicate = (!icmp_ln70)> <Delay = 1.96> <CoreInst = "Cmp">   --->   Core 9 'Cmp' <Latency = 0> <II = 1> <Delay = 1.96> <FuncUnit> <Opcode : 'icmp'> <InPorts = 2> <OutPorts = 1>
ST_53 : Operation 367 [1/1] (2.13ns)   --->   "%icmp_ln1027_4 = icmp_eq  i16 %c_out_load, i16 %C_out_read"   --->   Operation 367 'icmp' 'icmp_ln1027_4' <Predicate = (!icmp_ln70)> <Delay = 2.13> <CoreInst = "Cmp">   --->   Core 9 'Cmp' <Latency = 0> <II = 1> <Delay = 2.13> <FuncUnit> <Opcode : 'icmp'> <InPorts = 2> <OutPorts = 1>
ST_53 : Operation 368 [1/1] (0.81ns)   --->   "%select_ln82_2 = select i1 %icmp_ln71, i1 %icmp_ln1027_3, i1 %icmp_ln1027_4" [../ip/Ip1/initial_conv_bn_relu.cpp:82]   --->   Operation 368 'select' 'select_ln82_2' <Predicate = (!icmp_ln70)> <Delay = 0.81> <CoreInst = "Sel">   --->   Core 73 'Sel' <Latency = 0> <II = 1> <Delay = 0.81> <FuncUnit> <Opcode : 'select'> <InPorts = 3> <OutPorts = 1>
ST_53 : Operation 369 [1/1] (0.00ns) (grouped into LUT with out node select_ln71)   --->   "%or_ln71 = or i1 %select_ln82_2, i1 %icmp_ln71" [../ip/Ip1/initial_conv_bn_relu.cpp:71]   --->   Operation 369 'or' 'or_ln71' <Predicate = (!icmp_ln70)> <Delay = 0.00> <CoreInst = "LogicGate">   --->   Core 74 'LogicGate' <Latency = 0> <II = 1> <Delay = 0.80> <FuncUnit> <Opcode : 'and' 'or' 'xor'> <InPorts = 2> <OutPorts = 1>
ST_53 : Operation 370 [1/1] (0.80ns) (out node of the LUT)   --->   "%select_ln71 = select i1 %or_ln71, i16 0, i16 %c_out_load" [../ip/Ip1/initial_conv_bn_relu.cpp:71]   --->   Operation 370 'select' 'select_ln71' <Predicate = (!icmp_ln70)> <Delay = 0.80> <CoreInst = "Sel">   --->   Core 73 'Sel' <Latency = 0> <II = 1> <Delay = 0.62> <FuncUnit> <Opcode : 'select'> <InPorts = 3> <OutPorts = 1>
ST_53 : Operation 371 [1/1] (0.00ns)   --->   "%zext_ln1027 = zext i16 %select_ln71"   --->   Operation 371 'zext' 'zext_ln1027' <Predicate = (!icmp_ln70)> <Delay = 0.00>
ST_53 : Operation 372 [1/1] (2.69ns)   --->   "%empty_36 = add i64 %zext_ln1027, i64 %bn_mean_read"   --->   Operation 372 'add' 'empty_36' <Predicate = (!icmp_ln70)> <Delay = 2.69> <CoreInst = "Adder">   --->   Core 1 'Adder' <Latency = 0> <II = 1> <Delay = 2.69> <FuncUnit> <Opcode : 'add' 'sub'> <InPorts = 2> <OutPorts = 1>
ST_53 : Operation 373 [1/1] (2.69ns)   --->   "%empty_37 = add i64 %zext_ln1027, i64 %bn_gamma_read"   --->   Operation 373 'add' 'empty_37' <Predicate = (!icmp_ln70)> <Delay = 2.69> <CoreInst = "Adder">   --->   Core 1 'Adder' <Latency = 0> <II = 1> <Delay = 2.69> <FuncUnit> <Opcode : 'add' 'sub'> <InPorts = 2> <OutPorts = 1>
ST_53 : Operation 374 [1/1] (2.69ns)   --->   "%empty_38 = add i64 %zext_ln1027, i64 %bn_var_read"   --->   Operation 374 'add' 'empty_38' <Predicate = (!icmp_ln70)> <Delay = 2.69> <CoreInst = "Adder">   --->   Core 1 'Adder' <Latency = 0> <II = 1> <Delay = 2.69> <FuncUnit> <Opcode : 'add' 'sub'> <InPorts = 2> <OutPorts = 1>
ST_53 : Operation 375 [1/1] (2.69ns)   --->   "%empty_39 = add i64 %zext_ln1027, i64 %bn_beta_read"   --->   Operation 375 'add' 'empty_39' <Predicate = (!icmp_ln70)> <Delay = 2.69> <CoreInst = "Adder">   --->   Core 1 'Adder' <Latency = 0> <II = 1> <Delay = 2.69> <FuncUnit> <Opcode : 'add' 'sub'> <InPorts = 2> <OutPorts = 1>
ST_53 : Operation 376 [1/1] (0.00ns)   --->   "%gmem0_addr_1 = getelementptr i8 %gmem0, i64 %empty_36" [../ip/Ip1/initial_conv_bn_relu.cpp:112]   --->   Operation 376 'getelementptr' 'gmem0_addr_1' <Predicate = (!icmp_ln70)> <Delay = 0.00>
ST_53 : Operation 377 [1/1] (0.00ns)   --->   "%gmem0_addr_2 = getelementptr i8 %gmem0, i64 %empty_37" [../ip/Ip1/initial_conv_bn_relu.cpp:114]   --->   Operation 377 'getelementptr' 'gmem0_addr_2' <Predicate = (!icmp_ln70)> <Delay = 0.00>
ST_53 : Operation 378 [1/1] (0.00ns)   --->   "%gmem0_addr_3 = getelementptr i8 %gmem0, i64 %empty_38" [../ip/Ip1/initial_conv_bn_relu.cpp:114]   --->   Operation 378 'getelementptr' 'gmem0_addr_3' <Predicate = (!icmp_ln70)> <Delay = 0.00>
ST_53 : Operation 379 [1/1] (0.00ns)   --->   "%gmem0_addr_4 = getelementptr i8 %gmem0, i64 %empty_39" [../ip/Ip1/initial_conv_bn_relu.cpp:115]   --->   Operation 379 'getelementptr' 'gmem0_addr_4' <Predicate = (!icmp_ln70)> <Delay = 0.00>

State 54 <SV = 53> <Delay = 7.30>
ST_54 : Operation 380 [7/7] (7.30ns)   --->   "%gmem0_load_req = readreq i1 @_ssdm_op_ReadReq.m_axi.i8P1A, i64 %gmem0_addr_1, i32 1" [../ip/Ip1/initial_conv_bn_relu.cpp:112]   --->   Operation 380 'readreq' 'gmem0_load_req' <Predicate = true> <Delay = 7.30> <CoreInst = "m_axi">   --->   Core 113 'm_axi' <Latency = 0> <II = 1> <Delay = 1.00> <Adapter> <Opcode : 'read' 'write' 'readreq' 'writereq' 'writeresp'>

State 55 <SV = 54> <Delay = 7.30>
ST_55 : Operation 381 [6/7] (7.30ns)   --->   "%gmem0_load_req = readreq i1 @_ssdm_op_ReadReq.m_axi.i8P1A, i64 %gmem0_addr_1, i32 1" [../ip/Ip1/initial_conv_bn_relu.cpp:112]   --->   Operation 381 'readreq' 'gmem0_load_req' <Predicate = true> <Delay = 7.30> <CoreInst = "m_axi">   --->   Core 113 'm_axi' <Latency = 0> <II = 1> <Delay = 1.00> <Adapter> <Opcode : 'read' 'write' 'readreq' 'writereq' 'writeresp'>
ST_55 : Operation 382 [7/7] (7.30ns)   --->   "%gmem0_load_1_req = readreq i1 @_ssdm_op_ReadReq.m_axi.i8P1A, i64 %gmem0_addr_2, i32 1" [../ip/Ip1/initial_conv_bn_relu.cpp:114]   --->   Operation 382 'readreq' 'gmem0_load_1_req' <Predicate = true> <Delay = 7.30> <CoreInst = "m_axi">   --->   Core 113 'm_axi' <Latency = 0> <II = 1> <Delay = 1.00> <Adapter> <Opcode : 'read' 'write' 'readreq' 'writereq' 'writeresp'>

State 56 <SV = 55> <Delay = 7.30>
ST_56 : Operation 383 [5/7] (7.30ns)   --->   "%gmem0_load_req = readreq i1 @_ssdm_op_ReadReq.m_axi.i8P1A, i64 %gmem0_addr_1, i32 1" [../ip/Ip1/initial_conv_bn_relu.cpp:112]   --->   Operation 383 'readreq' 'gmem0_load_req' <Predicate = true> <Delay = 7.30> <CoreInst = "m_axi">   --->   Core 113 'm_axi' <Latency = 0> <II = 1> <Delay = 1.00> <Adapter> <Opcode : 'read' 'write' 'readreq' 'writereq' 'writeresp'>
ST_56 : Operation 384 [6/7] (7.30ns)   --->   "%gmem0_load_1_req = readreq i1 @_ssdm_op_ReadReq.m_axi.i8P1A, i64 %gmem0_addr_2, i32 1" [../ip/Ip1/initial_conv_bn_relu.cpp:114]   --->   Operation 384 'readreq' 'gmem0_load_1_req' <Predicate = true> <Delay = 7.30> <CoreInst = "m_axi">   --->   Core 113 'm_axi' <Latency = 0> <II = 1> <Delay = 1.00> <Adapter> <Opcode : 'read' 'write' 'readreq' 'writereq' 'writeresp'>
ST_56 : Operation 385 [7/7] (7.30ns)   --->   "%gmem0_load_2_req = readreq i1 @_ssdm_op_ReadReq.m_axi.i8P1A, i64 %gmem0_addr_3, i32 1" [../ip/Ip1/initial_conv_bn_relu.cpp:114]   --->   Operation 385 'readreq' 'gmem0_load_2_req' <Predicate = true> <Delay = 7.30> <CoreInst = "m_axi">   --->   Core 113 'm_axi' <Latency = 0> <II = 1> <Delay = 1.00> <Adapter> <Opcode : 'read' 'write' 'readreq' 'writereq' 'writeresp'>

State 57 <SV = 56> <Delay = 7.30>
ST_57 : Operation 386 [4/7] (7.30ns)   --->   "%gmem0_load_req = readreq i1 @_ssdm_op_ReadReq.m_axi.i8P1A, i64 %gmem0_addr_1, i32 1" [../ip/Ip1/initial_conv_bn_relu.cpp:112]   --->   Operation 386 'readreq' 'gmem0_load_req' <Predicate = true> <Delay = 7.30> <CoreInst = "m_axi">   --->   Core 113 'm_axi' <Latency = 0> <II = 1> <Delay = 1.00> <Adapter> <Opcode : 'read' 'write' 'readreq' 'writereq' 'writeresp'>
ST_57 : Operation 387 [5/7] (7.30ns)   --->   "%gmem0_load_1_req = readreq i1 @_ssdm_op_ReadReq.m_axi.i8P1A, i64 %gmem0_addr_2, i32 1" [../ip/Ip1/initial_conv_bn_relu.cpp:114]   --->   Operation 387 'readreq' 'gmem0_load_1_req' <Predicate = true> <Delay = 7.30> <CoreInst = "m_axi">   --->   Core 113 'm_axi' <Latency = 0> <II = 1> <Delay = 1.00> <Adapter> <Opcode : 'read' 'write' 'readreq' 'writereq' 'writeresp'>
ST_57 : Operation 388 [6/7] (7.30ns)   --->   "%gmem0_load_2_req = readreq i1 @_ssdm_op_ReadReq.m_axi.i8P1A, i64 %gmem0_addr_3, i32 1" [../ip/Ip1/initial_conv_bn_relu.cpp:114]   --->   Operation 388 'readreq' 'gmem0_load_2_req' <Predicate = true> <Delay = 7.30> <CoreInst = "m_axi">   --->   Core 113 'm_axi' <Latency = 0> <II = 1> <Delay = 1.00> <Adapter> <Opcode : 'read' 'write' 'readreq' 'writereq' 'writeresp'>
ST_57 : Operation 389 [7/7] (7.30ns)   --->   "%gmem0_load_3_req = readreq i1 @_ssdm_op_ReadReq.m_axi.i8P1A, i64 %gmem0_addr_4, i32 1" [../ip/Ip1/initial_conv_bn_relu.cpp:115]   --->   Operation 389 'readreq' 'gmem0_load_3_req' <Predicate = true> <Delay = 7.30> <CoreInst = "m_axi">   --->   Core 113 'm_axi' <Latency = 0> <II = 1> <Delay = 1.00> <Adapter> <Opcode : 'read' 'write' 'readreq' 'writereq' 'writeresp'>

State 58 <SV = 57> <Delay = 7.30>
ST_58 : Operation 390 [3/7] (7.30ns)   --->   "%gmem0_load_req = readreq i1 @_ssdm_op_ReadReq.m_axi.i8P1A, i64 %gmem0_addr_1, i32 1" [../ip/Ip1/initial_conv_bn_relu.cpp:112]   --->   Operation 390 'readreq' 'gmem0_load_req' <Predicate = true> <Delay = 7.30> <CoreInst = "m_axi">   --->   Core 113 'm_axi' <Latency = 0> <II = 1> <Delay = 1.00> <Adapter> <Opcode : 'read' 'write' 'readreq' 'writereq' 'writeresp'>
ST_58 : Operation 391 [4/7] (7.30ns)   --->   "%gmem0_load_1_req = readreq i1 @_ssdm_op_ReadReq.m_axi.i8P1A, i64 %gmem0_addr_2, i32 1" [../ip/Ip1/initial_conv_bn_relu.cpp:114]   --->   Operation 391 'readreq' 'gmem0_load_1_req' <Predicate = true> <Delay = 7.30> <CoreInst = "m_axi">   --->   Core 113 'm_axi' <Latency = 0> <II = 1> <Delay = 1.00> <Adapter> <Opcode : 'read' 'write' 'readreq' 'writereq' 'writeresp'>
ST_58 : Operation 392 [5/7] (7.30ns)   --->   "%gmem0_load_2_req = readreq i1 @_ssdm_op_ReadReq.m_axi.i8P1A, i64 %gmem0_addr_3, i32 1" [../ip/Ip1/initial_conv_bn_relu.cpp:114]   --->   Operation 392 'readreq' 'gmem0_load_2_req' <Predicate = true> <Delay = 7.30> <CoreInst = "m_axi">   --->   Core 113 'm_axi' <Latency = 0> <II = 1> <Delay = 1.00> <Adapter> <Opcode : 'read' 'write' 'readreq' 'writereq' 'writeresp'>
ST_58 : Operation 393 [6/7] (7.30ns)   --->   "%gmem0_load_3_req = readreq i1 @_ssdm_op_ReadReq.m_axi.i8P1A, i64 %gmem0_addr_4, i32 1" [../ip/Ip1/initial_conv_bn_relu.cpp:115]   --->   Operation 393 'readreq' 'gmem0_load_3_req' <Predicate = true> <Delay = 7.30> <CoreInst = "m_axi">   --->   Core 113 'm_axi' <Latency = 0> <II = 1> <Delay = 1.00> <Adapter> <Opcode : 'read' 'write' 'readreq' 'writereq' 'writeresp'>

State 59 <SV = 58> <Delay = 7.30>
ST_59 : Operation 394 [2/7] (7.30ns)   --->   "%gmem0_load_req = readreq i1 @_ssdm_op_ReadReq.m_axi.i8P1A, i64 %gmem0_addr_1, i32 1" [../ip/Ip1/initial_conv_bn_relu.cpp:112]   --->   Operation 394 'readreq' 'gmem0_load_req' <Predicate = true> <Delay = 7.30> <CoreInst = "m_axi">   --->   Core 113 'm_axi' <Latency = 0> <II = 1> <Delay = 1.00> <Adapter> <Opcode : 'read' 'write' 'readreq' 'writereq' 'writeresp'>
ST_59 : Operation 395 [3/7] (7.30ns)   --->   "%gmem0_load_1_req = readreq i1 @_ssdm_op_ReadReq.m_axi.i8P1A, i64 %gmem0_addr_2, i32 1" [../ip/Ip1/initial_conv_bn_relu.cpp:114]   --->   Operation 395 'readreq' 'gmem0_load_1_req' <Predicate = true> <Delay = 7.30> <CoreInst = "m_axi">   --->   Core 113 'm_axi' <Latency = 0> <II = 1> <Delay = 1.00> <Adapter> <Opcode : 'read' 'write' 'readreq' 'writereq' 'writeresp'>
ST_59 : Operation 396 [4/7] (7.30ns)   --->   "%gmem0_load_2_req = readreq i1 @_ssdm_op_ReadReq.m_axi.i8P1A, i64 %gmem0_addr_3, i32 1" [../ip/Ip1/initial_conv_bn_relu.cpp:114]   --->   Operation 396 'readreq' 'gmem0_load_2_req' <Predicate = true> <Delay = 7.30> <CoreInst = "m_axi">   --->   Core 113 'm_axi' <Latency = 0> <II = 1> <Delay = 1.00> <Adapter> <Opcode : 'read' 'write' 'readreq' 'writereq' 'writeresp'>
ST_59 : Operation 397 [5/7] (7.30ns)   --->   "%gmem0_load_3_req = readreq i1 @_ssdm_op_ReadReq.m_axi.i8P1A, i64 %gmem0_addr_4, i32 1" [../ip/Ip1/initial_conv_bn_relu.cpp:115]   --->   Operation 397 'readreq' 'gmem0_load_3_req' <Predicate = true> <Delay = 7.30> <CoreInst = "m_axi">   --->   Core 113 'm_axi' <Latency = 0> <II = 1> <Delay = 1.00> <Adapter> <Opcode : 'read' 'write' 'readreq' 'writereq' 'writeresp'>

State 60 <SV = 59> <Delay = 7.30>
ST_60 : Operation 398 [1/7] (7.30ns)   --->   "%gmem0_load_req = readreq i1 @_ssdm_op_ReadReq.m_axi.i8P1A, i64 %gmem0_addr_1, i32 1" [../ip/Ip1/initial_conv_bn_relu.cpp:112]   --->   Operation 398 'readreq' 'gmem0_load_req' <Predicate = true> <Delay = 7.30> <CoreInst = "m_axi">   --->   Core 113 'm_axi' <Latency = 0> <II = 1> <Delay = 1.00> <Adapter> <Opcode : 'read' 'write' 'readreq' 'writereq' 'writeresp'>
ST_60 : Operation 399 [2/7] (7.30ns)   --->   "%gmem0_load_1_req = readreq i1 @_ssdm_op_ReadReq.m_axi.i8P1A, i64 %gmem0_addr_2, i32 1" [../ip/Ip1/initial_conv_bn_relu.cpp:114]   --->   Operation 399 'readreq' 'gmem0_load_1_req' <Predicate = true> <Delay = 7.30> <CoreInst = "m_axi">   --->   Core 113 'm_axi' <Latency = 0> <II = 1> <Delay = 1.00> <Adapter> <Opcode : 'read' 'write' 'readreq' 'writereq' 'writeresp'>
ST_60 : Operation 400 [3/7] (7.30ns)   --->   "%gmem0_load_2_req = readreq i1 @_ssdm_op_ReadReq.m_axi.i8P1A, i64 %gmem0_addr_3, i32 1" [../ip/Ip1/initial_conv_bn_relu.cpp:114]   --->   Operation 400 'readreq' 'gmem0_load_2_req' <Predicate = true> <Delay = 7.30> <CoreInst = "m_axi">   --->   Core 113 'm_axi' <Latency = 0> <II = 1> <Delay = 1.00> <Adapter> <Opcode : 'read' 'write' 'readreq' 'writereq' 'writeresp'>
ST_60 : Operation 401 [4/7] (7.30ns)   --->   "%gmem0_load_3_req = readreq i1 @_ssdm_op_ReadReq.m_axi.i8P1A, i64 %gmem0_addr_4, i32 1" [../ip/Ip1/initial_conv_bn_relu.cpp:115]   --->   Operation 401 'readreq' 'gmem0_load_3_req' <Predicate = true> <Delay = 7.30> <CoreInst = "m_axi">   --->   Core 113 'm_axi' <Latency = 0> <II = 1> <Delay = 1.00> <Adapter> <Opcode : 'read' 'write' 'readreq' 'writereq' 'writeresp'>

State 61 <SV = 60> <Delay = 7.30>
ST_61 : Operation 402 [1/1] (0.00ns)   --->   "%zext_ln103 = zext i16 %select_ln71" [../ip/Ip1/initial_conv_bn_relu.cpp:103]   --->   Operation 402 'zext' 'zext_ln103' <Predicate = true> <Delay = 0.00>
ST_61 : Operation 403 [4/4] (1.82ns) (root node of the DSP)   --->   "%mul_ln103 = mul i32 %zext_ln103, i32 %zext_ln102" [../ip/Ip1/initial_conv_bn_relu.cpp:103]   --->   Operation 403 'mul' 'mul_ln103' <Predicate = true> <Delay = 1.82> <CoreInst = "DSP48">   --->   Core 119 'DSP48' <Latency = 3> <II = 1> <Delay = 1.82> <IPBlock> <Opcode : 'mul' 'add' 'sub' 'select'> <InPorts = 0> <OutPorts = 1> <Sync> <CReg>
ST_61 : Operation 404 [1/1] (7.30ns)   --->   "%gmem0_addr_1_read = read i8 @_ssdm_op_Read.m_axi.i8P1A, i64 %gmem0_addr_1" [../ip/Ip1/initial_conv_bn_relu.cpp:112]   --->   Operation 404 'read' 'gmem0_addr_1_read' <Predicate = true> <Delay = 7.30> <CoreInst = "m_axi">   --->   Core 113 'm_axi' <Latency = 0> <II = 1> <Delay = 1.00> <Adapter> <Opcode : 'read' 'write' 'readreq' 'writereq' 'writeresp'>
ST_61 : Operation 405 [1/7] (7.30ns)   --->   "%gmem0_load_1_req = readreq i1 @_ssdm_op_ReadReq.m_axi.i8P1A, i64 %gmem0_addr_2, i32 1" [../ip/Ip1/initial_conv_bn_relu.cpp:114]   --->   Operation 405 'readreq' 'gmem0_load_1_req' <Predicate = true> <Delay = 7.30> <CoreInst = "m_axi">   --->   Core 113 'm_axi' <Latency = 0> <II = 1> <Delay = 1.00> <Adapter> <Opcode : 'read' 'write' 'readreq' 'writereq' 'writeresp'>
ST_61 : Operation 406 [2/7] (7.30ns)   --->   "%gmem0_load_2_req = readreq i1 @_ssdm_op_ReadReq.m_axi.i8P1A, i64 %gmem0_addr_3, i32 1" [../ip/Ip1/initial_conv_bn_relu.cpp:114]   --->   Operation 406 'readreq' 'gmem0_load_2_req' <Predicate = true> <Delay = 7.30> <CoreInst = "m_axi">   --->   Core 113 'm_axi' <Latency = 0> <II = 1> <Delay = 1.00> <Adapter> <Opcode : 'read' 'write' 'readreq' 'writereq' 'writeresp'>
ST_61 : Operation 407 [3/7] (7.30ns)   --->   "%gmem0_load_3_req = readreq i1 @_ssdm_op_ReadReq.m_axi.i8P1A, i64 %gmem0_addr_4, i32 1" [../ip/Ip1/initial_conv_bn_relu.cpp:115]   --->   Operation 407 'readreq' 'gmem0_load_3_req' <Predicate = true> <Delay = 7.30> <CoreInst = "m_axi">   --->   Core 113 'm_axi' <Latency = 0> <II = 1> <Delay = 1.00> <Adapter> <Opcode : 'read' 'write' 'readreq' 'writereq' 'writeresp'>

State 62 <SV = 61> <Delay = 7.30>
ST_62 : Operation 408 [3/4] (1.82ns) (root node of the DSP)   --->   "%mul_ln103 = mul i32 %zext_ln103, i32 %zext_ln102" [../ip/Ip1/initial_conv_bn_relu.cpp:103]   --->   Operation 408 'mul' 'mul_ln103' <Predicate = true> <Delay = 1.82> <CoreInst = "DSP48">   --->   Core 119 'DSP48' <Latency = 3> <II = 1> <Delay = 1.82> <IPBlock> <Opcode : 'mul' 'add' 'sub' 'select'> <InPorts = 0> <OutPorts = 1> <Sync> <CReg>
ST_62 : Operation 409 [1/1] (7.30ns)   --->   "%gmem0_addr_2_read = read i8 @_ssdm_op_Read.m_axi.i8P1A, i64 %gmem0_addr_2" [../ip/Ip1/initial_conv_bn_relu.cpp:114]   --->   Operation 409 'read' 'gmem0_addr_2_read' <Predicate = true> <Delay = 7.30> <CoreInst = "m_axi">   --->   Core 113 'm_axi' <Latency = 0> <II = 1> <Delay = 1.00> <Adapter> <Opcode : 'read' 'write' 'readreq' 'writereq' 'writeresp'>
ST_62 : Operation 410 [1/7] (7.30ns)   --->   "%gmem0_load_2_req = readreq i1 @_ssdm_op_ReadReq.m_axi.i8P1A, i64 %gmem0_addr_3, i32 1" [../ip/Ip1/initial_conv_bn_relu.cpp:114]   --->   Operation 410 'readreq' 'gmem0_load_2_req' <Predicate = true> <Delay = 7.30> <CoreInst = "m_axi">   --->   Core 113 'm_axi' <Latency = 0> <II = 1> <Delay = 1.00> <Adapter> <Opcode : 'read' 'write' 'readreq' 'writereq' 'writeresp'>
ST_62 : Operation 411 [2/7] (7.30ns)   --->   "%gmem0_load_3_req = readreq i1 @_ssdm_op_ReadReq.m_axi.i8P1A, i64 %gmem0_addr_4, i32 1" [../ip/Ip1/initial_conv_bn_relu.cpp:115]   --->   Operation 411 'readreq' 'gmem0_load_3_req' <Predicate = true> <Delay = 7.30> <CoreInst = "m_axi">   --->   Core 113 'm_axi' <Latency = 0> <II = 1> <Delay = 1.00> <Adapter> <Opcode : 'read' 'write' 'readreq' 'writereq' 'writeresp'>

State 63 <SV = 62> <Delay = 7.30>
ST_63 : Operation 412 [2/4] (1.82ns) (root node of the DSP)   --->   "%mul_ln103 = mul i32 %zext_ln103, i32 %zext_ln102" [../ip/Ip1/initial_conv_bn_relu.cpp:103]   --->   Operation 412 'mul' 'mul_ln103' <Predicate = true> <Delay = 1.82> <CoreInst = "DSP48">   --->   Core 119 'DSP48' <Latency = 3> <II = 1> <Delay = 1.82> <IPBlock> <Opcode : 'mul' 'add' 'sub' 'select'> <InPorts = 0> <OutPorts = 1> <Sync> <CReg>
ST_63 : Operation 413 [1/1] (7.30ns)   --->   "%gmem0_addr_3_read = read i8 @_ssdm_op_Read.m_axi.i8P1A, i64 %gmem0_addr_3" [../ip/Ip1/initial_conv_bn_relu.cpp:114]   --->   Operation 413 'read' 'gmem0_addr_3_read' <Predicate = true> <Delay = 7.30> <CoreInst = "m_axi">   --->   Core 113 'm_axi' <Latency = 0> <II = 1> <Delay = 1.00> <Adapter> <Opcode : 'read' 'write' 'readreq' 'writereq' 'writeresp'>
ST_63 : Operation 414 [1/7] (7.30ns)   --->   "%gmem0_load_3_req = readreq i1 @_ssdm_op_ReadReq.m_axi.i8P1A, i64 %gmem0_addr_4, i32 1" [../ip/Ip1/initial_conv_bn_relu.cpp:115]   --->   Operation 414 'readreq' 'gmem0_load_3_req' <Predicate = true> <Delay = 7.30> <CoreInst = "m_axi">   --->   Core 113 'm_axi' <Latency = 0> <II = 1> <Delay = 1.00> <Adapter> <Opcode : 'read' 'write' 'readreq' 'writereq' 'writeresp'>

State 64 <SV = 63> <Delay = 7.30>
ST_64 : Operation 415 [1/1] (0.00ns)   --->   "%w_pool_load = load i16 %w_pool" [../ip/Ip1/initial_conv_bn_relu.cpp:82]   --->   Operation 415 'load' 'w_pool_load' <Predicate = (!icmp_ln71)> <Delay = 0.00>
ST_64 : Operation 416 [1/1] (0.00ns)   --->   "%h_pool_load = load i16 %h_pool" [../ip/Ip1/initial_conv_bn_relu.cpp:70]   --->   Operation 416 'load' 'h_pool_load' <Predicate = true> <Delay = 0.00>
ST_64 : Operation 417 [1/1] (0.00ns)   --->   "%specloopname_ln0 = specloopname void @_ssdm_op_SpecLoopName, void @VITIS_LOOP_70_1_VITIS_LOOP_71_2_VITIS_LOOP_72_3_str"   --->   Operation 417 'specloopname' 'specloopname_ln0' <Predicate = true> <Delay = 0.00>
ST_64 : Operation 418 [1/1] (0.62ns)   --->   "%select_ln82 = select i1 %icmp_ln71, i16 0, i16 %w_pool_load" [../ip/Ip1/initial_conv_bn_relu.cpp:82]   --->   Operation 418 'select' 'select_ln82' <Predicate = true> <Delay = 0.62> <CoreInst = "Sel">   --->   Core 73 'Sel' <Latency = 0> <II = 1> <Delay = 0.62> <FuncUnit> <Opcode : 'select'> <InPorts = 3> <OutPorts = 1>
ST_64 : Operation 419 [1/1] (1.54ns)   --->   "%add_ln70_1 = add i16 %h_pool_load, i16 1" [../ip/Ip1/initial_conv_bn_relu.cpp:70]   --->   Operation 419 'add' 'add_ln70_1' <Predicate = (icmp_ln71)> <Delay = 1.54> <CoreInst = "Adder">   --->   Core 1 'Adder' <Latency = 0> <II = 1> <Delay = 1.54> <FuncUnit> <Opcode : 'add' 'sub'> <InPorts = 2> <OutPorts = 1>
ST_64 : Operation 420 [1/1] (0.62ns)   --->   "%select_ln82_1 = select i1 %icmp_ln71, i16 %add_ln70_1, i16 %h_pool_load" [../ip/Ip1/initial_conv_bn_relu.cpp:82]   --->   Operation 420 'select' 'select_ln82_1' <Predicate = true> <Delay = 0.62> <CoreInst = "Sel">   --->   Core 73 'Sel' <Latency = 0> <II = 1> <Delay = 0.62> <FuncUnit> <Opcode : 'select'> <InPorts = 3> <OutPorts = 1>
ST_64 : Operation 421 [1/1] (1.54ns)   --->   "%w_pool_2 = add i16 %select_ln82, i16 1" [../ip/Ip1/initial_conv_bn_relu.cpp:71]   --->   Operation 421 'add' 'w_pool_2' <Predicate = (select_ln82_2)> <Delay = 1.54> <CoreInst = "Adder">   --->   Core 1 'Adder' <Latency = 0> <II = 1> <Delay = 1.54> <FuncUnit> <Opcode : 'add' 'sub'> <InPorts = 2> <OutPorts = 1>
ST_64 : Operation 422 [1/1] (0.00ns)   --->   "%specloopname_ln0 = specloopname void @_ssdm_op_SpecLoopName, void @VITIS_LOOP_71_2_VITIS_LOOP_72_3_str"   --->   Operation 422 'specloopname' 'specloopname_ln0' <Predicate = true> <Delay = 0.00>
ST_64 : Operation 423 [1/1] (0.62ns)   --->   "%select_ln71_1 = select i1 %select_ln82_2, i16 %w_pool_2, i16 %select_ln82" [../ip/Ip1/initial_conv_bn_relu.cpp:71]   --->   Operation 423 'select' 'select_ln71_1' <Predicate = true> <Delay = 0.62> <CoreInst = "Sel">   --->   Core 73 'Sel' <Latency = 0> <II = 1> <Delay = 0.62> <FuncUnit> <Opcode : 'select'> <InPorts = 3> <OutPorts = 1>
ST_64 : Operation 424 [1/1] (0.00ns)   --->   "%specloopname_ln72 = specloopname void @_ssdm_op_SpecLoopName, void @empty_21" [../ip/Ip1/initial_conv_bn_relu.cpp:72]   --->   Operation 424 'specloopname' 'specloopname_ln72' <Predicate = true> <Delay = 0.00>
ST_64 : Operation 425 [1/4] (0.00ns) (root node of the DSP)   --->   "%mul_ln103 = mul i32 %zext_ln103, i32 %zext_ln102" [../ip/Ip1/initial_conv_bn_relu.cpp:103]   --->   Operation 425 'mul' 'mul_ln103' <Predicate = true> <Delay = 0.00> <CoreInst = "DSP48">   --->   Core 119 'DSP48' <Latency = 3> <II = 1> <Delay = 1.82> <IPBlock> <Opcode : 'mul' 'add' 'sub' 'select'> <InPorts = 0> <OutPorts = 1> <Sync> <CReg>
ST_64 : Operation 426 [1/1] (0.00ns)   --->   "%sext_ln112 = sext i8 %gmem0_addr_1_read" [../ip/Ip1/initial_conv_bn_relu.cpp:112]   --->   Operation 426 'sext' 'sext_ln112' <Predicate = true> <Delay = 0.00>
ST_64 : Operation 427 [1/1] (0.00ns)   --->   "%sext_ln114 = sext i8 %gmem0_addr_2_read" [../ip/Ip1/initial_conv_bn_relu.cpp:114]   --->   Operation 427 'sext' 'sext_ln114' <Predicate = true> <Delay = 0.00>
ST_64 : Operation 428 [1/1] (7.30ns)   --->   "%gmem0_addr_4_read = read i8 @_ssdm_op_Read.m_axi.i8P1A, i64 %gmem0_addr_4" [../ip/Ip1/initial_conv_bn_relu.cpp:115]   --->   Operation 428 'read' 'gmem0_addr_4_read' <Predicate = true> <Delay = 7.30> <CoreInst = "m_axi">   --->   Core 113 'm_axi' <Latency = 0> <II = 1> <Delay = 1.00> <Adapter> <Opcode : 'read' 'write' 'readreq' 'writereq' 'writeresp'>
ST_64 : Operation 429 [1/1] (0.00ns)   --->   "%sext_ln115 = sext i8 %gmem0_addr_4_read" [../ip/Ip1/initial_conv_bn_relu.cpp:115]   --->   Operation 429 'sext' 'sext_ln115' <Predicate = true> <Delay = 0.00>
ST_64 : Operation 430 [1/1] (0.00ns)   --->   "%sext_ln77 = sext i8 %gmem0_addr_3_read" [../ip/Ip1/initial_conv_bn_relu.cpp:77]   --->   Operation 430 'sext' 'sext_ln77' <Predicate = true> <Delay = 0.00>
ST_64 : Operation 431 [1/1] (0.00ns)   --->   "%sext_ln840 = sext i8 %gmem0_addr_4_read"   --->   Operation 431 'sext' 'sext_ln840' <Predicate = true> <Delay = 0.00>
ST_64 : Operation 432 [1/1] (1.29ns)   --->   "%br_ln77 = br void %for.body40" [../ip/Ip1/initial_conv_bn_relu.cpp:77]   --->   Operation 432 'br' 'br_ln77' <Predicate = true> <Delay = 1.29>

State 65 <SV = 64> <Delay = 7.27>
ST_65 : Operation 433 [1/1] (0.00ns)   --->   "%p_idx = phi i3 0, void %for.inc137.loopexit, i3 %p_idx_1, void %for.inc121"   --->   Operation 433 'phi' 'p_idx' <Predicate = true> <Delay = 0.00>
ST_65 : Operation 434 [1/1] (0.00ns)   --->   "%max_val_V = phi i8 128, void %for.inc137.loopexit, i8 %max_val_V_3, void %for.inc121"   --->   Operation 434 'phi' 'max_val_V' <Predicate = true> <Delay = 0.00>
ST_65 : Operation 435 [1/1] (0.98ns)   --->   "%icmp_ln77 = icmp_eq  i3 %p_idx, i3 4" [../ip/Ip1/initial_conv_bn_relu.cpp:77]   --->   Operation 435 'icmp' 'icmp_ln77' <Predicate = true> <Delay = 0.98> <CoreInst = "Cmp">   --->   Core 9 'Cmp' <Latency = 0> <II = 1> <Delay = 0.96> <FuncUnit> <Opcode : 'icmp'> <InPorts = 2> <OutPorts = 1>
ST_65 : Operation 436 [1/1] (0.00ns)   --->   "%empty_35 = speclooptripcount i32 @_ssdm_op_SpecLoopTripCount, i64 4, i64 4, i64 4"   --->   Operation 436 'speclooptripcount' 'empty_35' <Predicate = true> <Delay = 0.00>
ST_65 : Operation 437 [1/1] (0.76ns)   --->   "%p_idx_1 = add i3 %p_idx, i3 1" [../ip/Ip1/initial_conv_bn_relu.cpp:77]   --->   Operation 437 'add' 'p_idx_1' <Predicate = true> <Delay = 0.76> <CoreInst = "Adder">   --->   Core 1 'Adder' <Latency = 0> <II = 1> <Delay = 0.76> <FuncUnit> <Opcode : 'add' 'sub'> <InPorts = 2> <OutPorts = 1>
ST_65 : Operation 438 [1/1] (0.00ns)   --->   "%br_ln77 = br i1 %icmp_ln77, void %for.body40.split, void %for.inc131" [../ip/Ip1/initial_conv_bn_relu.cpp:77]   --->   Operation 438 'br' 'br_ln77' <Predicate = true> <Delay = 0.00>
ST_65 : Operation 439 [1/1] (0.00ns)   --->   "%pw = trunc i3 %p_idx" [../ip/Ip1/initial_conv_bn_relu.cpp:77]   --->   Operation 439 'trunc' 'pw' <Predicate = (!icmp_ln77)> <Delay = 0.00>
ST_65 : Operation 440 [1/1] (0.00ns)   --->   "%specloopname_ln74 = specloopname void @_ssdm_op_SpecLoopName, void @empty_20" [../ip/Ip1/initial_conv_bn_relu.cpp:74]   --->   Operation 440 'specloopname' 'specloopname_ln74' <Predicate = (!icmp_ln77)> <Delay = 0.00>
ST_65 : Operation 441 [1/1] (0.00ns)   --->   "%tmp = bitselect i1 @_ssdm_op_BitSelect.i1.i3.i32, i3 %p_idx, i32 1" [../ip/Ip1/initial_conv_bn_relu.cpp:77]   --->   Operation 441 'bitselect' 'tmp' <Predicate = (!icmp_ln77)> <Delay = 0.00>
ST_65 : Operation 442 [1/1] (0.00ns)   --->   "%conv_h = bitconcatenate i17 @_ssdm_op_BitConcatenate.i17.i16.i1, i16 %select_ln82_1, i1 %tmp" [../ip/Ip1/initial_conv_bn_relu.cpp:82]   --->   Operation 442 'bitconcatenate' 'conv_h' <Predicate = (!icmp_ln77)> <Delay = 0.00>
ST_65 : Operation 443 [1/1] (0.00ns)   --->   "%conv_w = bitconcatenate i17 @_ssdm_op_BitConcatenate.i17.i16.i1, i16 %select_ln71_1, i1 %pw" [../ip/Ip1/initial_conv_bn_relu.cpp:83]   --->   Operation 443 'bitconcatenate' 'conv_w' <Predicate = (!icmp_ln77)> <Delay = 0.00>
ST_65 : Operation 444 [1/1] (2.11ns)   --->   "%icmp_ln85 = icmp_ult  i17 %conv_h, i17 %zext_ln1496" [../ip/Ip1/initial_conv_bn_relu.cpp:85]   --->   Operation 444 'icmp' 'icmp_ln85' <Predicate = (!icmp_ln77)> <Delay = 2.11> <CoreInst = "Cmp">   --->   Core 9 'Cmp' <Latency = 0> <II = 1> <Delay = 2.11> <FuncUnit> <Opcode : 'icmp'> <InPorts = 2> <OutPorts = 1>
ST_65 : Operation 445 [1/1] (2.11ns)   --->   "%icmp_ln1027_2 = icmp_ult  i17 %conv_w, i17 %zext_ln1496_2"   --->   Operation 445 'icmp' 'icmp_ln1027_2' <Predicate = (!icmp_ln77)> <Delay = 2.11> <CoreInst = "Cmp">   --->   Core 9 'Cmp' <Latency = 0> <II = 1> <Delay = 2.11> <FuncUnit> <Opcode : 'icmp'> <InPorts = 2> <OutPorts = 1>
ST_65 : Operation 446 [1/1] (0.80ns)   --->   "%and_ln85 = and i1 %icmp_ln85, i1 %icmp_ln1027_2" [../ip/Ip1/initial_conv_bn_relu.cpp:85]   --->   Operation 446 'and' 'and_ln85' <Predicate = (!icmp_ln77)> <Delay = 0.80> <CoreInst = "LogicGate">   --->   Core 74 'LogicGate' <Latency = 0> <II = 1> <Delay = 0.80> <FuncUnit> <Opcode : 'and' 'or' 'xor'> <InPorts = 2> <OutPorts = 1>
ST_65 : Operation 447 [1/1] (1.29ns)   --->   "%br_ln85 = br i1 %and_ln85, void %for.inc121, void %for.body54.preheader" [../ip/Ip1/initial_conv_bn_relu.cpp:85]   --->   Operation 447 'br' 'br_ln85' <Predicate = (!icmp_ln77)> <Delay = 1.29>
ST_65 : Operation 448 [2/2] (3.56ns)   --->   "%call_ln70 = call void @initial_conv_bn_relu_Pipeline_VITIS_LOOP_90_5, i8 %gmem0, i32 %mul_ln70_2, i16 %conv3_i658, i8 %K_read, i17 %conv_h, i17 %conv_w, i16 %H_in_read, i16 %W_in_read, i16 %W_in_read, i16 %C_in_read, i32 %mul_ln103, i64 %feature_in_read, i64 %conv_kernel_read, i32 %sum_V_loc" [../ip/Ip1/initial_conv_bn_relu.cpp:70]   --->   Operation 448 'call' 'call_ln70' <Predicate = (!icmp_ln77 & and_ln85)> <Delay = 3.56> <CoreType = "Generic">   --->   Core 0 '' <Latency = 0> <II = 1> <Delay = 1.00> <Generic> <Opcode : >
ST_65 : Operation 449 [1/1] (0.00ns)   --->   "%indvar_flatten_load = load i32 %indvar_flatten" [../ip/Ip1/initial_conv_bn_relu.cpp:71]   --->   Operation 449 'load' 'indvar_flatten_load' <Predicate = (icmp_ln77 & !icmp_ln71)> <Delay = 0.00>
ST_65 : Operation 450 [1/1] (1.54ns)   --->   "%add_ln72 = add i16 %select_ln71, i16 1" [../ip/Ip1/initial_conv_bn_relu.cpp:72]   --->   Operation 450 'add' 'add_ln72' <Predicate = (icmp_ln77)> <Delay = 1.54> <CoreInst = "Adder">   --->   Core 1 'Adder' <Latency = 0> <II = 1> <Delay = 1.54> <FuncUnit> <Opcode : 'add' 'sub'> <InPorts = 2> <OutPorts = 1>
ST_65 : Operation 451 [1/1] (1.89ns)   --->   "%add_ln71_1 = add i32 %indvar_flatten_load, i32 1" [../ip/Ip1/initial_conv_bn_relu.cpp:71]   --->   Operation 451 'add' 'add_ln71_1' <Predicate = (icmp_ln77 & !icmp_ln71)> <Delay = 1.89> <CoreInst = "Adder">   --->   Core 1 'Adder' <Latency = 0> <II = 1> <Delay = 1.89> <FuncUnit> <Opcode : 'add' 'sub'> <InPorts = 2> <OutPorts = 1>
ST_65 : Operation 452 [1/1] (0.70ns)   --->   "%select_ln71_2 = select i1 %icmp_ln71, i32 1, i32 %add_ln71_1" [../ip/Ip1/initial_conv_bn_relu.cpp:71]   --->   Operation 452 'select' 'select_ln71_2' <Predicate = (icmp_ln77)> <Delay = 0.70> <CoreInst = "Sel">   --->   Core 73 'Sel' <Latency = 0> <II = 1> <Delay = 0.70> <FuncUnit> <Opcode : 'select'> <InPorts = 3> <OutPorts = 1>
ST_65 : Operation 453 [1/1] (1.29ns)   --->   "%store_ln72 = store i48 %add_ln70, i48 %indvar_flatten11" [../ip/Ip1/initial_conv_bn_relu.cpp:72]   --->   Operation 453 'store' 'store_ln72' <Predicate = (icmp_ln77)> <Delay = 1.29>
ST_65 : Operation 454 [1/1] (1.29ns)   --->   "%store_ln72 = store i16 %select_ln82_1, i16 %h_pool" [../ip/Ip1/initial_conv_bn_relu.cpp:72]   --->   Operation 454 'store' 'store_ln72' <Predicate = (icmp_ln77)> <Delay = 1.29>
ST_65 : Operation 455 [1/1] (1.29ns)   --->   "%store_ln72 = store i32 %select_ln71_2, i32 %indvar_flatten" [../ip/Ip1/initial_conv_bn_relu.cpp:72]   --->   Operation 455 'store' 'store_ln72' <Predicate = (icmp_ln77)> <Delay = 1.29>
ST_65 : Operation 456 [1/1] (1.29ns)   --->   "%store_ln72 = store i16 %select_ln71_1, i16 %w_pool" [../ip/Ip1/initial_conv_bn_relu.cpp:72]   --->   Operation 456 'store' 'store_ln72' <Predicate = (icmp_ln77)> <Delay = 1.29>
ST_65 : Operation 457 [1/1] (1.29ns)   --->   "%store_ln72 = store i16 %add_ln72, i16 %c_out" [../ip/Ip1/initial_conv_bn_relu.cpp:72]   --->   Operation 457 'store' 'store_ln72' <Predicate = (icmp_ln77)> <Delay = 1.29>

State 66 <SV = 65> <Delay = 0.00>
ST_66 : Operation 458 [1/2] (0.00ns)   --->   "%call_ln70 = call void @initial_conv_bn_relu_Pipeline_VITIS_LOOP_90_5, i8 %gmem0, i32 %mul_ln70_2, i16 %conv3_i658, i8 %K_read, i17 %conv_h, i17 %conv_w, i16 %H_in_read, i16 %W_in_read, i16 %W_in_read, i16 %C_in_read, i32 %mul_ln103, i64 %feature_in_read, i64 %conv_kernel_read, i32 %sum_V_loc" [../ip/Ip1/initial_conv_bn_relu.cpp:70]   --->   Operation 458 'call' 'call_ln70' <Predicate = true> <Delay = 0.00> <CoreType = "Generic">   --->   Core 0 '' <Latency = 0> <II = 1> <Delay = 1.00> <Generic> <Opcode : >

State 67 <SV = 66> <Delay = 1.89>
ST_67 : Operation 459 [1/1] (0.00ns)   --->   "%sum_V_loc_load = load i32 %sum_V_loc"   --->   Operation 459 'load' 'sum_V_loc_load' <Predicate = true> <Delay = 0.00>
ST_67 : Operation 460 [1/1] (1.89ns)   --->   "%val_V = sub i32 %sum_V_loc_load, i32 %sext_ln112" [../ip/Ip1/initial_conv_bn_relu.cpp:112]   --->   Operation 460 'sub' 'val_V' <Predicate = true> <Delay = 1.89> <CoreInst = "Adder">   --->   Core 1 'Adder' <Latency = 0> <II = 1> <Delay = 1.89> <FuncUnit> <Opcode : 'add' 'sub'> <InPorts = 2> <OutPorts = 1>

State 68 <SV = 67> <Delay = 7.05>
ST_68 : Operation 461 [1/1] (0.00ns)   --->   "%sext_ln1513_1 = sext i32 %val_V"   --->   Operation 461 'sext' 'sext_ln1513_1' <Predicate = true> <Delay = 0.00>
ST_68 : Operation 462 [1/1] (7.05ns)   --->   "%mul_ln1513 = mul i40 %sext_ln1513_1, i40 %sext_ln114"   --->   Operation 462 'mul' 'mul_ln1513' <Predicate = true> <Delay = 7.05> <CoreInst = "Multiplier">   --->   Core 3 'Multiplier' <Latency = 0> <II = 1> <Delay = 7.05> <FuncUnit> <Opcode : 'mul'> <InPorts = 2> <OutPorts = 1>

State 69 <SV = 68> <Delay = 3.65>
ST_69 : Operation 463 [44/44] (3.65ns)   --->   "%sdiv_ln1513_4 = sdiv i40 %mul_ln1513, i40 %sext_ln77"   --->   Operation 463 'sdiv' 'sdiv_ln1513_4' <Predicate = true> <Delay = 3.65> <CoreInst = "DivnS_SEQ">   --->   Core 7 'DivnS_SEQ' <Latency = 43> <II = 32> <Delay = 3.65> <FuncUnit> <Opcode : 'sdiv' 'srem' 'udiv' 'urem'> <InPorts = 2> <OutPorts = 1>

State 70 <SV = 69> <Delay = 3.65>
ST_70 : Operation 464 [43/44] (3.65ns)   --->   "%sdiv_ln1513_4 = sdiv i40 %mul_ln1513, i40 %sext_ln77"   --->   Operation 464 'sdiv' 'sdiv_ln1513_4' <Predicate = true> <Delay = 3.65> <CoreInst = "DivnS_SEQ">   --->   Core 7 'DivnS_SEQ' <Latency = 43> <II = 32> <Delay = 3.65> <FuncUnit> <Opcode : 'sdiv' 'srem' 'udiv' 'urem'> <InPorts = 2> <OutPorts = 1>

State 71 <SV = 70> <Delay = 3.65>
ST_71 : Operation 465 [42/44] (3.65ns)   --->   "%sdiv_ln1513_4 = sdiv i40 %mul_ln1513, i40 %sext_ln77"   --->   Operation 465 'sdiv' 'sdiv_ln1513_4' <Predicate = true> <Delay = 3.65> <CoreInst = "DivnS_SEQ">   --->   Core 7 'DivnS_SEQ' <Latency = 43> <II = 32> <Delay = 3.65> <FuncUnit> <Opcode : 'sdiv' 'srem' 'udiv' 'urem'> <InPorts = 2> <OutPorts = 1>

State 72 <SV = 71> <Delay = 3.65>
ST_72 : Operation 466 [41/44] (3.65ns)   --->   "%sdiv_ln1513_4 = sdiv i40 %mul_ln1513, i40 %sext_ln77"   --->   Operation 466 'sdiv' 'sdiv_ln1513_4' <Predicate = true> <Delay = 3.65> <CoreInst = "DivnS_SEQ">   --->   Core 7 'DivnS_SEQ' <Latency = 43> <II = 32> <Delay = 3.65> <FuncUnit> <Opcode : 'sdiv' 'srem' 'udiv' 'urem'> <InPorts = 2> <OutPorts = 1>

State 73 <SV = 72> <Delay = 3.65>
ST_73 : Operation 467 [40/44] (3.65ns)   --->   "%sdiv_ln1513_4 = sdiv i40 %mul_ln1513, i40 %sext_ln77"   --->   Operation 467 'sdiv' 'sdiv_ln1513_4' <Predicate = true> <Delay = 3.65> <CoreInst = "DivnS_SEQ">   --->   Core 7 'DivnS_SEQ' <Latency = 43> <II = 32> <Delay = 3.65> <FuncUnit> <Opcode : 'sdiv' 'srem' 'udiv' 'urem'> <InPorts = 2> <OutPorts = 1>

State 74 <SV = 73> <Delay = 3.65>
ST_74 : Operation 468 [39/44] (3.65ns)   --->   "%sdiv_ln1513_4 = sdiv i40 %mul_ln1513, i40 %sext_ln77"   --->   Operation 468 'sdiv' 'sdiv_ln1513_4' <Predicate = true> <Delay = 3.65> <CoreInst = "DivnS_SEQ">   --->   Core 7 'DivnS_SEQ' <Latency = 43> <II = 32> <Delay = 3.65> <FuncUnit> <Opcode : 'sdiv' 'srem' 'udiv' 'urem'> <InPorts = 2> <OutPorts = 1>

State 75 <SV = 74> <Delay = 3.65>
ST_75 : Operation 469 [38/44] (3.65ns)   --->   "%sdiv_ln1513_4 = sdiv i40 %mul_ln1513, i40 %sext_ln77"   --->   Operation 469 'sdiv' 'sdiv_ln1513_4' <Predicate = true> <Delay = 3.65> <CoreInst = "DivnS_SEQ">   --->   Core 7 'DivnS_SEQ' <Latency = 43> <II = 32> <Delay = 3.65> <FuncUnit> <Opcode : 'sdiv' 'srem' 'udiv' 'urem'> <InPorts = 2> <OutPorts = 1>

State 76 <SV = 75> <Delay = 3.65>
ST_76 : Operation 470 [37/44] (3.65ns)   --->   "%sdiv_ln1513_4 = sdiv i40 %mul_ln1513, i40 %sext_ln77"   --->   Operation 470 'sdiv' 'sdiv_ln1513_4' <Predicate = true> <Delay = 3.65> <CoreInst = "DivnS_SEQ">   --->   Core 7 'DivnS_SEQ' <Latency = 43> <II = 32> <Delay = 3.65> <FuncUnit> <Opcode : 'sdiv' 'srem' 'udiv' 'urem'> <InPorts = 2> <OutPorts = 1>

State 77 <SV = 76> <Delay = 3.65>
ST_77 : Operation 471 [36/44] (3.65ns)   --->   "%sdiv_ln1513_4 = sdiv i40 %mul_ln1513, i40 %sext_ln77"   --->   Operation 471 'sdiv' 'sdiv_ln1513_4' <Predicate = true> <Delay = 3.65> <CoreInst = "DivnS_SEQ">   --->   Core 7 'DivnS_SEQ' <Latency = 43> <II = 32> <Delay = 3.65> <FuncUnit> <Opcode : 'sdiv' 'srem' 'udiv' 'urem'> <InPorts = 2> <OutPorts = 1>

State 78 <SV = 77> <Delay = 3.65>
ST_78 : Operation 472 [35/44] (3.65ns)   --->   "%sdiv_ln1513_4 = sdiv i40 %mul_ln1513, i40 %sext_ln77"   --->   Operation 472 'sdiv' 'sdiv_ln1513_4' <Predicate = true> <Delay = 3.65> <CoreInst = "DivnS_SEQ">   --->   Core 7 'DivnS_SEQ' <Latency = 43> <II = 32> <Delay = 3.65> <FuncUnit> <Opcode : 'sdiv' 'srem' 'udiv' 'urem'> <InPorts = 2> <OutPorts = 1>

State 79 <SV = 78> <Delay = 3.65>
ST_79 : Operation 473 [34/44] (3.65ns)   --->   "%sdiv_ln1513_4 = sdiv i40 %mul_ln1513, i40 %sext_ln77"   --->   Operation 473 'sdiv' 'sdiv_ln1513_4' <Predicate = true> <Delay = 3.65> <CoreInst = "DivnS_SEQ">   --->   Core 7 'DivnS_SEQ' <Latency = 43> <II = 32> <Delay = 3.65> <FuncUnit> <Opcode : 'sdiv' 'srem' 'udiv' 'urem'> <InPorts = 2> <OutPorts = 1>

State 80 <SV = 79> <Delay = 3.65>
ST_80 : Operation 474 [33/44] (3.65ns)   --->   "%sdiv_ln1513_4 = sdiv i40 %mul_ln1513, i40 %sext_ln77"   --->   Operation 474 'sdiv' 'sdiv_ln1513_4' <Predicate = true> <Delay = 3.65> <CoreInst = "DivnS_SEQ">   --->   Core 7 'DivnS_SEQ' <Latency = 43> <II = 32> <Delay = 3.65> <FuncUnit> <Opcode : 'sdiv' 'srem' 'udiv' 'urem'> <InPorts = 2> <OutPorts = 1>

State 81 <SV = 80> <Delay = 3.65>
ST_81 : Operation 475 [32/44] (3.65ns)   --->   "%sdiv_ln1513_4 = sdiv i40 %mul_ln1513, i40 %sext_ln77"   --->   Operation 475 'sdiv' 'sdiv_ln1513_4' <Predicate = true> <Delay = 3.65> <CoreInst = "DivnS_SEQ">   --->   Core 7 'DivnS_SEQ' <Latency = 43> <II = 32> <Delay = 3.65> <FuncUnit> <Opcode : 'sdiv' 'srem' 'udiv' 'urem'> <InPorts = 2> <OutPorts = 1>

State 82 <SV = 81> <Delay = 3.65>
ST_82 : Operation 476 [31/44] (3.65ns)   --->   "%sdiv_ln1513_4 = sdiv i40 %mul_ln1513, i40 %sext_ln77"   --->   Operation 476 'sdiv' 'sdiv_ln1513_4' <Predicate = true> <Delay = 3.65> <CoreInst = "DivnS_SEQ">   --->   Core 7 'DivnS_SEQ' <Latency = 43> <II = 32> <Delay = 3.65> <FuncUnit> <Opcode : 'sdiv' 'srem' 'udiv' 'urem'> <InPorts = 2> <OutPorts = 1>

State 83 <SV = 82> <Delay = 3.65>
ST_83 : Operation 477 [30/44] (3.65ns)   --->   "%sdiv_ln1513_4 = sdiv i40 %mul_ln1513, i40 %sext_ln77"   --->   Operation 477 'sdiv' 'sdiv_ln1513_4' <Predicate = true> <Delay = 3.65> <CoreInst = "DivnS_SEQ">   --->   Core 7 'DivnS_SEQ' <Latency = 43> <II = 32> <Delay = 3.65> <FuncUnit> <Opcode : 'sdiv' 'srem' 'udiv' 'urem'> <InPorts = 2> <OutPorts = 1>

State 84 <SV = 83> <Delay = 3.65>
ST_84 : Operation 478 [29/44] (3.65ns)   --->   "%sdiv_ln1513_4 = sdiv i40 %mul_ln1513, i40 %sext_ln77"   --->   Operation 478 'sdiv' 'sdiv_ln1513_4' <Predicate = true> <Delay = 3.65> <CoreInst = "DivnS_SEQ">   --->   Core 7 'DivnS_SEQ' <Latency = 43> <II = 32> <Delay = 3.65> <FuncUnit> <Opcode : 'sdiv' 'srem' 'udiv' 'urem'> <InPorts = 2> <OutPorts = 1>

State 85 <SV = 84> <Delay = 3.65>
ST_85 : Operation 479 [28/44] (3.65ns)   --->   "%sdiv_ln1513_4 = sdiv i40 %mul_ln1513, i40 %sext_ln77"   --->   Operation 479 'sdiv' 'sdiv_ln1513_4' <Predicate = true> <Delay = 3.65> <CoreInst = "DivnS_SEQ">   --->   Core 7 'DivnS_SEQ' <Latency = 43> <II = 32> <Delay = 3.65> <FuncUnit> <Opcode : 'sdiv' 'srem' 'udiv' 'urem'> <InPorts = 2> <OutPorts = 1>

State 86 <SV = 85> <Delay = 3.65>
ST_86 : Operation 480 [27/44] (3.65ns)   --->   "%sdiv_ln1513_4 = sdiv i40 %mul_ln1513, i40 %sext_ln77"   --->   Operation 480 'sdiv' 'sdiv_ln1513_4' <Predicate = true> <Delay = 3.65> <CoreInst = "DivnS_SEQ">   --->   Core 7 'DivnS_SEQ' <Latency = 43> <II = 32> <Delay = 3.65> <FuncUnit> <Opcode : 'sdiv' 'srem' 'udiv' 'urem'> <InPorts = 2> <OutPorts = 1>

State 87 <SV = 86> <Delay = 3.65>
ST_87 : Operation 481 [26/44] (3.65ns)   --->   "%sdiv_ln1513_4 = sdiv i40 %mul_ln1513, i40 %sext_ln77"   --->   Operation 481 'sdiv' 'sdiv_ln1513_4' <Predicate = true> <Delay = 3.65> <CoreInst = "DivnS_SEQ">   --->   Core 7 'DivnS_SEQ' <Latency = 43> <II = 32> <Delay = 3.65> <FuncUnit> <Opcode : 'sdiv' 'srem' 'udiv' 'urem'> <InPorts = 2> <OutPorts = 1>

State 88 <SV = 87> <Delay = 3.65>
ST_88 : Operation 482 [25/44] (3.65ns)   --->   "%sdiv_ln1513_4 = sdiv i40 %mul_ln1513, i40 %sext_ln77"   --->   Operation 482 'sdiv' 'sdiv_ln1513_4' <Predicate = true> <Delay = 3.65> <CoreInst = "DivnS_SEQ">   --->   Core 7 'DivnS_SEQ' <Latency = 43> <II = 32> <Delay = 3.65> <FuncUnit> <Opcode : 'sdiv' 'srem' 'udiv' 'urem'> <InPorts = 2> <OutPorts = 1>

State 89 <SV = 88> <Delay = 3.65>
ST_89 : Operation 483 [24/44] (3.65ns)   --->   "%sdiv_ln1513_4 = sdiv i40 %mul_ln1513, i40 %sext_ln77"   --->   Operation 483 'sdiv' 'sdiv_ln1513_4' <Predicate = true> <Delay = 3.65> <CoreInst = "DivnS_SEQ">   --->   Core 7 'DivnS_SEQ' <Latency = 43> <II = 32> <Delay = 3.65> <FuncUnit> <Opcode : 'sdiv' 'srem' 'udiv' 'urem'> <InPorts = 2> <OutPorts = 1>

State 90 <SV = 89> <Delay = 3.65>
ST_90 : Operation 484 [23/44] (3.65ns)   --->   "%sdiv_ln1513_4 = sdiv i40 %mul_ln1513, i40 %sext_ln77"   --->   Operation 484 'sdiv' 'sdiv_ln1513_4' <Predicate = true> <Delay = 3.65> <CoreInst = "DivnS_SEQ">   --->   Core 7 'DivnS_SEQ' <Latency = 43> <II = 32> <Delay = 3.65> <FuncUnit> <Opcode : 'sdiv' 'srem' 'udiv' 'urem'> <InPorts = 2> <OutPorts = 1>

State 91 <SV = 90> <Delay = 3.65>
ST_91 : Operation 485 [22/44] (3.65ns)   --->   "%sdiv_ln1513_4 = sdiv i40 %mul_ln1513, i40 %sext_ln77"   --->   Operation 485 'sdiv' 'sdiv_ln1513_4' <Predicate = true> <Delay = 3.65> <CoreInst = "DivnS_SEQ">   --->   Core 7 'DivnS_SEQ' <Latency = 43> <II = 32> <Delay = 3.65> <FuncUnit> <Opcode : 'sdiv' 'srem' 'udiv' 'urem'> <InPorts = 2> <OutPorts = 1>

State 92 <SV = 91> <Delay = 3.65>
ST_92 : Operation 486 [21/44] (3.65ns)   --->   "%sdiv_ln1513_4 = sdiv i40 %mul_ln1513, i40 %sext_ln77"   --->   Operation 486 'sdiv' 'sdiv_ln1513_4' <Predicate = true> <Delay = 3.65> <CoreInst = "DivnS_SEQ">   --->   Core 7 'DivnS_SEQ' <Latency = 43> <II = 32> <Delay = 3.65> <FuncUnit> <Opcode : 'sdiv' 'srem' 'udiv' 'urem'> <InPorts = 2> <OutPorts = 1>

State 93 <SV = 92> <Delay = 3.65>
ST_93 : Operation 487 [20/44] (3.65ns)   --->   "%sdiv_ln1513_4 = sdiv i40 %mul_ln1513, i40 %sext_ln77"   --->   Operation 487 'sdiv' 'sdiv_ln1513_4' <Predicate = true> <Delay = 3.65> <CoreInst = "DivnS_SEQ">   --->   Core 7 'DivnS_SEQ' <Latency = 43> <II = 32> <Delay = 3.65> <FuncUnit> <Opcode : 'sdiv' 'srem' 'udiv' 'urem'> <InPorts = 2> <OutPorts = 1>

State 94 <SV = 93> <Delay = 3.65>
ST_94 : Operation 488 [19/44] (3.65ns)   --->   "%sdiv_ln1513_4 = sdiv i40 %mul_ln1513, i40 %sext_ln77"   --->   Operation 488 'sdiv' 'sdiv_ln1513_4' <Predicate = true> <Delay = 3.65> <CoreInst = "DivnS_SEQ">   --->   Core 7 'DivnS_SEQ' <Latency = 43> <II = 32> <Delay = 3.65> <FuncUnit> <Opcode : 'sdiv' 'srem' 'udiv' 'urem'> <InPorts = 2> <OutPorts = 1>

State 95 <SV = 94> <Delay = 3.65>
ST_95 : Operation 489 [18/44] (3.65ns)   --->   "%sdiv_ln1513_4 = sdiv i40 %mul_ln1513, i40 %sext_ln77"   --->   Operation 489 'sdiv' 'sdiv_ln1513_4' <Predicate = true> <Delay = 3.65> <CoreInst = "DivnS_SEQ">   --->   Core 7 'DivnS_SEQ' <Latency = 43> <II = 32> <Delay = 3.65> <FuncUnit> <Opcode : 'sdiv' 'srem' 'udiv' 'urem'> <InPorts = 2> <OutPorts = 1>

State 96 <SV = 95> <Delay = 3.65>
ST_96 : Operation 490 [17/44] (3.65ns)   --->   "%sdiv_ln1513_4 = sdiv i40 %mul_ln1513, i40 %sext_ln77"   --->   Operation 490 'sdiv' 'sdiv_ln1513_4' <Predicate = true> <Delay = 3.65> <CoreInst = "DivnS_SEQ">   --->   Core 7 'DivnS_SEQ' <Latency = 43> <II = 32> <Delay = 3.65> <FuncUnit> <Opcode : 'sdiv' 'srem' 'udiv' 'urem'> <InPorts = 2> <OutPorts = 1>

State 97 <SV = 96> <Delay = 3.65>
ST_97 : Operation 491 [16/44] (3.65ns)   --->   "%sdiv_ln1513_4 = sdiv i40 %mul_ln1513, i40 %sext_ln77"   --->   Operation 491 'sdiv' 'sdiv_ln1513_4' <Predicate = true> <Delay = 3.65> <CoreInst = "DivnS_SEQ">   --->   Core 7 'DivnS_SEQ' <Latency = 43> <II = 32> <Delay = 3.65> <FuncUnit> <Opcode : 'sdiv' 'srem' 'udiv' 'urem'> <InPorts = 2> <OutPorts = 1>

State 98 <SV = 97> <Delay = 3.65>
ST_98 : Operation 492 [15/44] (3.65ns)   --->   "%sdiv_ln1513_4 = sdiv i40 %mul_ln1513, i40 %sext_ln77"   --->   Operation 492 'sdiv' 'sdiv_ln1513_4' <Predicate = true> <Delay = 3.65> <CoreInst = "DivnS_SEQ">   --->   Core 7 'DivnS_SEQ' <Latency = 43> <II = 32> <Delay = 3.65> <FuncUnit> <Opcode : 'sdiv' 'srem' 'udiv' 'urem'> <InPorts = 2> <OutPorts = 1>

State 99 <SV = 98> <Delay = 3.65>
ST_99 : Operation 493 [14/44] (3.65ns)   --->   "%sdiv_ln1513_4 = sdiv i40 %mul_ln1513, i40 %sext_ln77"   --->   Operation 493 'sdiv' 'sdiv_ln1513_4' <Predicate = true> <Delay = 3.65> <CoreInst = "DivnS_SEQ">   --->   Core 7 'DivnS_SEQ' <Latency = 43> <II = 32> <Delay = 3.65> <FuncUnit> <Opcode : 'sdiv' 'srem' 'udiv' 'urem'> <InPorts = 2> <OutPorts = 1>

State 100 <SV = 99> <Delay = 3.65>
ST_100 : Operation 494 [13/44] (3.65ns)   --->   "%sdiv_ln1513_4 = sdiv i40 %mul_ln1513, i40 %sext_ln77"   --->   Operation 494 'sdiv' 'sdiv_ln1513_4' <Predicate = true> <Delay = 3.65> <CoreInst = "DivnS_SEQ">   --->   Core 7 'DivnS_SEQ' <Latency = 43> <II = 32> <Delay = 3.65> <FuncUnit> <Opcode : 'sdiv' 'srem' 'udiv' 'urem'> <InPorts = 2> <OutPorts = 1>

State 101 <SV = 100> <Delay = 3.65>
ST_101 : Operation 495 [12/44] (3.65ns)   --->   "%sdiv_ln1513_4 = sdiv i40 %mul_ln1513, i40 %sext_ln77"   --->   Operation 495 'sdiv' 'sdiv_ln1513_4' <Predicate = true> <Delay = 3.65> <CoreInst = "DivnS_SEQ">   --->   Core 7 'DivnS_SEQ' <Latency = 43> <II = 32> <Delay = 3.65> <FuncUnit> <Opcode : 'sdiv' 'srem' 'udiv' 'urem'> <InPorts = 2> <OutPorts = 1>

State 102 <SV = 101> <Delay = 3.65>
ST_102 : Operation 496 [11/44] (3.65ns)   --->   "%sdiv_ln1513_4 = sdiv i40 %mul_ln1513, i40 %sext_ln77"   --->   Operation 496 'sdiv' 'sdiv_ln1513_4' <Predicate = true> <Delay = 3.65> <CoreInst = "DivnS_SEQ">   --->   Core 7 'DivnS_SEQ' <Latency = 43> <II = 32> <Delay = 3.65> <FuncUnit> <Opcode : 'sdiv' 'srem' 'udiv' 'urem'> <InPorts = 2> <OutPorts = 1>

State 103 <SV = 102> <Delay = 3.65>
ST_103 : Operation 497 [10/44] (3.65ns)   --->   "%sdiv_ln1513_4 = sdiv i40 %mul_ln1513, i40 %sext_ln77"   --->   Operation 497 'sdiv' 'sdiv_ln1513_4' <Predicate = true> <Delay = 3.65> <CoreInst = "DivnS_SEQ">   --->   Core 7 'DivnS_SEQ' <Latency = 43> <II = 32> <Delay = 3.65> <FuncUnit> <Opcode : 'sdiv' 'srem' 'udiv' 'urem'> <InPorts = 2> <OutPorts = 1>

State 104 <SV = 103> <Delay = 3.65>
ST_104 : Operation 498 [9/44] (3.65ns)   --->   "%sdiv_ln1513_4 = sdiv i40 %mul_ln1513, i40 %sext_ln77"   --->   Operation 498 'sdiv' 'sdiv_ln1513_4' <Predicate = true> <Delay = 3.65> <CoreInst = "DivnS_SEQ">   --->   Core 7 'DivnS_SEQ' <Latency = 43> <II = 32> <Delay = 3.65> <FuncUnit> <Opcode : 'sdiv' 'srem' 'udiv' 'urem'> <InPorts = 2> <OutPorts = 1>

State 105 <SV = 104> <Delay = 3.65>
ST_105 : Operation 499 [8/44] (3.65ns)   --->   "%sdiv_ln1513_4 = sdiv i40 %mul_ln1513, i40 %sext_ln77"   --->   Operation 499 'sdiv' 'sdiv_ln1513_4' <Predicate = true> <Delay = 3.65> <CoreInst = "DivnS_SEQ">   --->   Core 7 'DivnS_SEQ' <Latency = 43> <II = 32> <Delay = 3.65> <FuncUnit> <Opcode : 'sdiv' 'srem' 'udiv' 'urem'> <InPorts = 2> <OutPorts = 1>

State 106 <SV = 105> <Delay = 3.65>
ST_106 : Operation 500 [7/44] (3.65ns)   --->   "%sdiv_ln1513_4 = sdiv i40 %mul_ln1513, i40 %sext_ln77"   --->   Operation 500 'sdiv' 'sdiv_ln1513_4' <Predicate = true> <Delay = 3.65> <CoreInst = "DivnS_SEQ">   --->   Core 7 'DivnS_SEQ' <Latency = 43> <II = 32> <Delay = 3.65> <FuncUnit> <Opcode : 'sdiv' 'srem' 'udiv' 'urem'> <InPorts = 2> <OutPorts = 1>

State 107 <SV = 106> <Delay = 3.65>
ST_107 : Operation 501 [6/44] (3.65ns)   --->   "%sdiv_ln1513_4 = sdiv i40 %mul_ln1513, i40 %sext_ln77"   --->   Operation 501 'sdiv' 'sdiv_ln1513_4' <Predicate = true> <Delay = 3.65> <CoreInst = "DivnS_SEQ">   --->   Core 7 'DivnS_SEQ' <Latency = 43> <II = 32> <Delay = 3.65> <FuncUnit> <Opcode : 'sdiv' 'srem' 'udiv' 'urem'> <InPorts = 2> <OutPorts = 1>

State 108 <SV = 107> <Delay = 3.65>
ST_108 : Operation 502 [5/44] (3.65ns)   --->   "%sdiv_ln1513_4 = sdiv i40 %mul_ln1513, i40 %sext_ln77"   --->   Operation 502 'sdiv' 'sdiv_ln1513_4' <Predicate = true> <Delay = 3.65> <CoreInst = "DivnS_SEQ">   --->   Core 7 'DivnS_SEQ' <Latency = 43> <II = 32> <Delay = 3.65> <FuncUnit> <Opcode : 'sdiv' 'srem' 'udiv' 'urem'> <InPorts = 2> <OutPorts = 1>

State 109 <SV = 108> <Delay = 3.65>
ST_109 : Operation 503 [4/44] (3.65ns)   --->   "%sdiv_ln1513_4 = sdiv i40 %mul_ln1513, i40 %sext_ln77"   --->   Operation 503 'sdiv' 'sdiv_ln1513_4' <Predicate = true> <Delay = 3.65> <CoreInst = "DivnS_SEQ">   --->   Core 7 'DivnS_SEQ' <Latency = 43> <II = 32> <Delay = 3.65> <FuncUnit> <Opcode : 'sdiv' 'srem' 'udiv' 'urem'> <InPorts = 2> <OutPorts = 1>

State 110 <SV = 109> <Delay = 3.65>
ST_110 : Operation 504 [3/44] (3.65ns)   --->   "%sdiv_ln1513_4 = sdiv i40 %mul_ln1513, i40 %sext_ln77"   --->   Operation 504 'sdiv' 'sdiv_ln1513_4' <Predicate = true> <Delay = 3.65> <CoreInst = "DivnS_SEQ">   --->   Core 7 'DivnS_SEQ' <Latency = 43> <II = 32> <Delay = 3.65> <FuncUnit> <Opcode : 'sdiv' 'srem' 'udiv' 'urem'> <InPorts = 2> <OutPorts = 1>

State 111 <SV = 110> <Delay = 3.65>
ST_111 : Operation 505 [2/44] (3.65ns)   --->   "%sdiv_ln1513_4 = sdiv i40 %mul_ln1513, i40 %sext_ln77"   --->   Operation 505 'sdiv' 'sdiv_ln1513_4' <Predicate = true> <Delay = 3.65> <CoreInst = "DivnS_SEQ">   --->   Core 7 'DivnS_SEQ' <Latency = 43> <II = 32> <Delay = 3.65> <FuncUnit> <Opcode : 'sdiv' 'srem' 'udiv' 'urem'> <InPorts = 2> <OutPorts = 1>

State 112 <SV = 111> <Delay = 5.55>
ST_112 : Operation 506 [1/44] (3.65ns)   --->   "%sdiv_ln1513_4 = sdiv i40 %mul_ln1513, i40 %sext_ln77"   --->   Operation 506 'sdiv' 'sdiv_ln1513_4' <Predicate = true> <Delay = 3.65> <CoreInst = "DivnS_SEQ">   --->   Core 7 'DivnS_SEQ' <Latency = 43> <II = 32> <Delay = 3.65> <FuncUnit> <Opcode : 'sdiv' 'srem' 'udiv' 'urem'> <InPorts = 2> <OutPorts = 1>
ST_112 : Operation 507 [1/1] (0.00ns)   --->   "%val_V_1 = trunc i32 %sdiv_ln1513_4" [../ip/Ip1/initial_conv_bn_relu.cpp:114]   --->   Operation 507 'trunc' 'val_V_1' <Predicate = true> <Delay = 0.00>
ST_112 : Operation 508 [1/1] (0.00ns)   --->   "%trunc_ln840 = trunc i32 %sdiv_ln1513_4"   --->   Operation 508 'trunc' 'trunc_ln840' <Predicate = true> <Delay = 0.00>
ST_112 : Operation 509 [1/1] (1.89ns)   --->   "%val_V_2 = add i32 %val_V_1, i32 %sext_ln115"   --->   Operation 509 'add' 'val_V_2' <Predicate = true> <Delay = 1.89> <CoreInst = "Adder">   --->   Core 1 'Adder' <Latency = 0> <II = 1> <Delay = 1.89> <FuncUnit> <Opcode : 'add' 'sub'> <InPorts = 2> <OutPorts = 1>
ST_112 : Operation 510 [1/1] (1.54ns)   --->   "%add_ln112 = add i16 %trunc_ln840, i16 %sext_ln840" [../ip/Ip1/initial_conv_bn_relu.cpp:112]   --->   Operation 510 'add' 'add_ln112' <Predicate = true> <Delay = 1.54> <CoreInst = "Adder">   --->   Core 1 'Adder' <Latency = 0> <II = 1> <Delay = 1.54> <FuncUnit> <Opcode : 'add' 'sub'> <InPorts = 2> <OutPorts = 1>
ST_112 : Operation 511 [1/1] (0.00ns)   --->   "%bn_relu_val_V = partselect i8 @_ssdm_op_PartSelect.i8.i16.i32.i32, i16 %add_ln112, i32 8, i32 15" [../ip/Ip1/initial_conv_bn_relu.cpp:118]   --->   Operation 511 'partselect' 'bn_relu_val_V' <Predicate = true> <Delay = 0.00>

State 113 <SV = 112> <Delay = 5.47>
ST_113 : Operation 512 [1/1] (1.96ns)   --->   "%icmp_ln1035 = icmp_sgt  i32 %val_V_2, i32 0"   --->   Operation 512 'icmp' 'icmp_ln1035' <Predicate = (and_ln85)> <Delay = 1.96> <CoreInst = "Cmp">   --->   Core 9 'Cmp' <Latency = 0> <II = 1> <Delay = 1.96> <FuncUnit> <Opcode : 'icmp'> <InPorts = 2> <OutPorts = 1>
ST_113 : Operation 513 [1/1] (0.44ns)   --->   "%bn_relu_val_V_2 = select i1 %icmp_ln1035, i8 %bn_relu_val_V, i8 0"   --->   Operation 513 'select' 'bn_relu_val_V_2' <Predicate = (and_ln85)> <Delay = 0.44> <CoreInst = "Sel">   --->   Core 73 'Sel' <Latency = 0> <II = 1> <Delay = 0.44> <FuncUnit> <Opcode : 'select'> <InPorts = 3> <OutPorts = 1>
ST_113 : Operation 514 [1/1] (1.31ns)   --->   "%icmp_ln1035_1 = icmp_sgt  i8 %bn_relu_val_V_2, i8 %max_val_V"   --->   Operation 514 'icmp' 'icmp_ln1035_1' <Predicate = (and_ln85)> <Delay = 1.31> <CoreInst = "Cmp">   --->   Core 9 'Cmp' <Latency = 0> <II = 1> <Delay = 1.31> <FuncUnit> <Opcode : 'icmp'> <InPorts = 2> <OutPorts = 1>
ST_113 : Operation 515 [1/1] (0.44ns)   --->   "%max_val_V_2 = select i1 %icmp_ln1035_1, i8 %bn_relu_val_V_2, i8 %max_val_V" [../ip/Ip1/initial_conv_bn_relu.cpp:121]   --->   Operation 515 'select' 'max_val_V_2' <Predicate = (and_ln85)> <Delay = 0.44> <CoreInst = "Sel">   --->   Core 73 'Sel' <Latency = 0> <II = 1> <Delay = 0.44> <FuncUnit> <Opcode : 'select'> <InPorts = 3> <OutPorts = 1>
ST_113 : Operation 516 [1/1] (1.29ns)   --->   "%br_ln124 = br void %for.inc121" [../ip/Ip1/initial_conv_bn_relu.cpp:124]   --->   Operation 516 'br' 'br_ln124' <Predicate = (and_ln85)> <Delay = 1.29>
ST_113 : Operation 517 [1/1] (0.00ns)   --->   "%max_val_V_3 = phi i8 %max_val_V_2, void %for.body54.preheader, i8 %max_val_V, void %for.body40.split"   --->   Operation 517 'phi' 'max_val_V_3' <Predicate = true> <Delay = 0.00>
ST_113 : Operation 518 [1/1] (0.00ns)   --->   "%br_ln77 = br void %for.body40" [../ip/Ip1/initial_conv_bn_relu.cpp:77]   --->   Operation 518 'br' 'br_ln77' <Predicate = true> <Delay = 0.00>

State 114 <SV = 65> <Delay = 7.30>
ST_114 : Operation 519 [1/1] (7.30ns)   --->   "%write_ln128 = write void @_ssdm_op_Write.m_axi.p1i8, i64 %gmem0_addr, i8 %max_val_V, i1 1" [../ip/Ip1/initial_conv_bn_relu.cpp:128]   --->   Operation 519 'write' 'write_ln128' <Predicate = true> <Delay = 7.30> <CoreInst = "m_axi">   --->   Core 113 'm_axi' <Latency = 0> <II = 1> <Delay = 1.00> <Adapter> <Opcode : 'read' 'write' 'readreq' 'writereq' 'writeresp'>
ST_114 : Operation 520 [1/1] (0.00ns)   --->   "%br_ln72 = br void %VITIS_LOOP_77_4" [../ip/Ip1/initial_conv_bn_relu.cpp:72]   --->   Operation 520 'br' 'br_ln72' <Predicate = true> <Delay = 0.00>

State 115 <SV = 53> <Delay = 7.30>
ST_115 : Operation 521 [5/5] (7.30ns)   --->   "%empty_40 = writeresp i1 @_ssdm_op_WriteResp.m_axi.p1i8, i64 %gmem0_addr" [../ip/Ip1/initial_conv_bn_relu.cpp:132]   --->   Operation 521 'writeresp' 'empty_40' <Predicate = true> <Delay = 7.30> <CoreInst = "m_axi">   --->   Core 113 'm_axi' <Latency = 0> <II = 1> <Delay = 1.00> <Adapter> <Opcode : 'read' 'write' 'readreq' 'writereq' 'writeresp'>

State 116 <SV = 54> <Delay = 7.30>
ST_116 : Operation 522 [4/5] (7.30ns)   --->   "%empty_40 = writeresp i1 @_ssdm_op_WriteResp.m_axi.p1i8, i64 %gmem0_addr" [../ip/Ip1/initial_conv_bn_relu.cpp:132]   --->   Operation 522 'writeresp' 'empty_40' <Predicate = true> <Delay = 7.30> <CoreInst = "m_axi">   --->   Core 113 'm_axi' <Latency = 0> <II = 1> <Delay = 1.00> <Adapter> <Opcode : 'read' 'write' 'readreq' 'writereq' 'writeresp'>

State 117 <SV = 55> <Delay = 7.30>
ST_117 : Operation 523 [3/5] (7.30ns)   --->   "%empty_40 = writeresp i1 @_ssdm_op_WriteResp.m_axi.p1i8, i64 %gmem0_addr" [../ip/Ip1/initial_conv_bn_relu.cpp:132]   --->   Operation 523 'writeresp' 'empty_40' <Predicate = true> <Delay = 7.30> <CoreInst = "m_axi">   --->   Core 113 'm_axi' <Latency = 0> <II = 1> <Delay = 1.00> <Adapter> <Opcode : 'read' 'write' 'readreq' 'writereq' 'writeresp'>

State 118 <SV = 56> <Delay = 7.30>
ST_118 : Operation 524 [2/5] (7.30ns)   --->   "%empty_40 = writeresp i1 @_ssdm_op_WriteResp.m_axi.p1i8, i64 %gmem0_addr" [../ip/Ip1/initial_conv_bn_relu.cpp:132]   --->   Operation 524 'writeresp' 'empty_40' <Predicate = true> <Delay = 7.30> <CoreInst = "m_axi">   --->   Core 113 'm_axi' <Latency = 0> <II = 1> <Delay = 1.00> <Adapter> <Opcode : 'read' 'write' 'readreq' 'writereq' 'writeresp'>

State 119 <SV = 57> <Delay = 7.30>
ST_119 : Operation 525 [1/5] (7.30ns)   --->   "%empty_40 = writeresp i1 @_ssdm_op_WriteResp.m_axi.p1i8, i64 %gmem0_addr" [../ip/Ip1/initial_conv_bn_relu.cpp:132]   --->   Operation 525 'writeresp' 'empty_40' <Predicate = true> <Delay = 7.30> <CoreInst = "m_axi">   --->   Core 113 'm_axi' <Latency = 0> <II = 1> <Delay = 1.00> <Adapter> <Opcode : 'read' 'write' 'readreq' 'writereq' 'writeresp'>
ST_119 : Operation 526 [1/1] (0.00ns)   --->   "%ret_ln132 = ret" [../ip/Ip1/initial_conv_bn_relu.cpp:132]   --->   Operation 526 'ret' 'ret_ln132' <Predicate = true> <Delay = 0.00>


============================================================
+ Verbose Summary: Binding
============================================================
STG Binding: 
---------------- STG Properties BEGIN ----------------
- Is combinational: 0
- Is one-state seq: 0
- Is datapath-only: 0
- Is pipelined: 0
- Is top level: 1
Port [ Return ] is wired: 1; IO mode=ap_ctrl_hs:ce=0
Port [ gmem0]:  wired=1; compound=1; hidden=0; nouse=0; global=0; static=0; extern=0; dir=2; type=4; pingpong=0; private_global=0; IO mode=m_axi:ce=0
Port [ C_in]:  wired=1; compound=0; hidden=0; nouse=0; global=0; static=0; extern=0; dir=0; type=0; pingpong=0; private_global=0; IO mode=ap_none:ce=0
Port [ H_in]:  wired=1; compound=0; hidden=0; nouse=0; global=0; static=0; extern=0; dir=0; type=0; pingpong=0; private_global=0; IO mode=ap_none:ce=0
Port [ W_in]:  wired=1; compound=0; hidden=0; nouse=0; global=0; static=0; extern=0; dir=0; type=0; pingpong=0; private_global=0; IO mode=ap_none:ce=0
Port [ C_out]:  wired=1; compound=0; hidden=0; nouse=0; global=0; static=0; extern=0; dir=0; type=0; pingpong=0; private_global=0; IO mode=ap_none:ce=0
Port [ K]:  wired=1; compound=0; hidden=0; nouse=0; global=0; static=0; extern=0; dir=0; type=0; pingpong=0; private_global=0; IO mode=ap_none:ce=0
Port [ stride]:  wired=1; compound=0; hidden=0; nouse=0; global=0; static=0; extern=0; dir=0; type=0; pingpong=0; private_global=0; IO mode=ap_none:ce=0
Port [ padding]:  wired=1; compound=0; hidden=0; nouse=0; global=0; static=0; extern=0; dir=0; type=0; pingpong=0; private_global=0; IO mode=ap_none:ce=0
Port [ pool_kernel]:  wired=1; compound=0; hidden=0; nouse=0; global=0; static=0; extern=0; dir=0; type=0; pingpong=0; private_global=0; IO mode=ap_none:ce=0
Port [ pool_stride]:  wired=1; compound=0; hidden=0; nouse=0; global=0; static=0; extern=0; dir=0; type=0; pingpong=0; private_global=0; IO mode=ap_none:ce=0
Port [ pool_padding]:  wired=1; compound=0; hidden=0; nouse=0; global=0; static=0; extern=0; dir=0; type=0; pingpong=0; private_global=0; IO mode=ap_none:ce=0
Port [ feature_in]:  wired=1; compound=0; hidden=0; nouse=0; global=0; static=0; extern=0; dir=0; type=0; pingpong=0; private_global=0; IO mode=ap_none:ce=0
Port [ conv_kernel]:  wired=1; compound=0; hidden=0; nouse=0; global=0; static=0; extern=0; dir=0; type=0; pingpong=0; private_global=0; IO mode=ap_none:ce=0
Port [ bn_mean]:  wired=1; compound=0; hidden=0; nouse=0; global=0; static=0; extern=0; dir=0; type=0; pingpong=0; private_global=0; IO mode=ap_none:ce=0
Port [ bn_var]:  wired=1; compound=0; hidden=0; nouse=0; global=0; static=0; extern=0; dir=0; type=0; pingpong=0; private_global=0; IO mode=ap_none:ce=0
Port [ bn_gamma]:  wired=1; compound=0; hidden=0; nouse=0; global=0; static=0; extern=0; dir=0; type=0; pingpong=0; private_global=0; IO mode=ap_none:ce=0
Port [ bn_beta]:  wired=1; compound=0; hidden=0; nouse=0; global=0; static=0; extern=0; dir=0; type=0; pingpong=0; private_global=0; IO mode=ap_none:ce=0
Port [ feature_out]:  wired=1; compound=0; hidden=0; nouse=0; global=0; static=0; extern=0; dir=0; type=0; pingpong=0; private_global=0; IO mode=ap_none:ce=0
---------------- STG Properties END ------------------

---------------- Datapath Model BEGIN ----------------

<LifeTime>
<method=bitvector/>
c_out                 (alloca           ) [ 011111111111111111111111111111111111111111111111111111111111111111111111111111111111111111111111111111111111111111100000]
w_pool                (alloca           ) [ 011111111111111111111111111111111111111111111111111111111111111111111111111111111111111111111111111111111111111111100000]
indvar_flatten        (alloca           ) [ 011111111111111111111111111111111111111111111111111111111111111111111111111111111111111111111111111111111111111111100000]
h_pool                (alloca           ) [ 011111111111111111111111111111111111111111111111111111111111111111111111111111111111111111111111111111111111111111100000]
indvar_flatten11      (alloca           ) [ 011111111111111111111111111111111111111111111111111111111111111111111111111111111111111111111111111111111111111111100000]
feature_out_read      (read             ) [ 000000000000000000000000000000000000000000000000000000000000000000000000000000000000000000000000000000000000000000000000]
bn_beta_read          (read             ) [ 001111111111111111111111111111111111111111111111111111111111111111111111111111111111111111111111111111111111111111100000]
bn_gamma_read         (read             ) [ 001111111111111111111111111111111111111111111111111111111111111111111111111111111111111111111111111111111111111111100000]
bn_var_read           (read             ) [ 001111111111111111111111111111111111111111111111111111111111111111111111111111111111111111111111111111111111111111100000]
bn_mean_read          (read             ) [ 001111111111111111111111111111111111111111111111111111111111111111111111111111111111111111111111111111111111111111100000]
conv_kernel_read      (read             ) [ 001111111111111111111111111111111111111111111111111111111111111111111111111111111111111111111111111111111111111111100000]
feature_in_read       (read             ) [ 001111111111111111111111111111111111111111111111111111111111111111111111111111111111111111111111111111111111111111100000]
sum_V_loc             (alloca           ) [ 001111111111111111111111111111111111111111111111111111111111111111111111111111111111111111111111111111111111111111100000]
gmem0_addr            (getelementptr    ) [ 001111111111111111111111111111111111111111111111111111111111111111111111111111111111111111111111111111111111111111111111]
store_ln70            (store            ) [ 000000000000000000000000000000000000000000000000000000000000000000000000000000000000000000000000000000000000000000000000]
store_ln70            (store            ) [ 000000000000000000000000000000000000000000000000000000000000000000000000000000000000000000000000000000000000000000000000]
store_ln70            (store            ) [ 000000000000000000000000000000000000000000000000000000000000000000000000000000000000000000000000000000000000000000000000]
store_ln70            (store            ) [ 000000000000000000000000000000000000000000000000000000000000000000000000000000000000000000000000000000000000000000000000]
store_ln70            (store            ) [ 000000000000000000000000000000000000000000000000000000000000000000000000000000000000000000000000000000000000000000000000]
pool_padding_read     (read             ) [ 000111111111111111111111100000000000000000000000000000000000000000000000000000000000000000000000000000000000000000000000]
pool_stride_read      (read             ) [ 000111111111111111111111100000000000000000000000000000000000000000000000000000000000000000000000000000000000000000000000]
pool_kernel_read      (read             ) [ 000111111111111111111111100000000000000000000000000000000000000000000000000000000000000000000000000000000000000000000000]
padding_read          (read             ) [ 000000000000000000000000000000000000000000000000000000000000000000000000000000000000000000000000000000000000000000000000]
stride_read           (read             ) [ 000000000000000000000000000000000000000000000000000000000000000000000000000000000000000000000000000000000000000000000000]
K_read                (read             ) [ 000111111111111111111111111111111111111111111111111111111111111111111111111111111111111111111111111111111111111111100000]
C_out_read            (read             ) [ 000111111111111111111111111111111111111111111111111111111111111111111111111111111111111111111111111111111111111111100000]
W_in_read             (read             ) [ 000111111111111111111111111111111111111111111111111111111111111111111111111111111111111111111111111111111111111111100000]
H_in_read             (read             ) [ 000111111111111111111111111111111111111111111111111111111111111111111111111111111111111111111111111111111111111111100000]
C_in_read             (read             ) [ 000111111111111111111111111111111111111111111111111111111111111111111111111111111111111111111111111111111111111111100000]
shl_ln                (bitconcatenate   ) [ 000000000000000000000000000000000000000000000000000000000000000000000000000000000000000000000000000000000000000000000000]
zext_ln1495           (zext             ) [ 000000000000000000000000000000000000000000000000000000000000000000000000000000000000000000000000000000000000000000000000]
zext_ln1496           (zext             ) [ 000111111111111111111111111111111111111111111111111111111111111111111111111111111111111111111111111111111111111111100000]
add_ln1496            (add              ) [ 000000000000000000000000000000000000000000000000000000000000000000000000000000000000000000000000000000000000000000000000]
zext_ln1496_1         (zext             ) [ 000000000000000000000000000000000000000000000000000000000000000000000000000000000000000000000000000000000000000000000000]
zext_ln1513           (zext             ) [ 000000000000000000000000000000000000000000000000000000000000000000000000000000000000000000000000000000000000000000000000]
sub_ln1513            (sub              ) [ 000111111111111111111111000000000000000000000000000000000000000000000000000000000000000000000000000000000000000000000000]
zext_ln1513_1         (zext             ) [ 000111111111111111111111000000000000000000000000000000000000000000000000000000000000000000000000000000000000000000000000]
zext_ln1496_2         (zext             ) [ 000111111111111111111111111111111111111111111111111111111111111111111111111111111111111111111111111111111111111111100000]
add_ln1496_1          (add              ) [ 000000000000000000000000000000000000000000000000000000000000000000000000000000000000000000000000000000000000000000000000]
zext_ln1513_5         (zext             ) [ 000000000000000000000000000000000000000000000000000000000000000000000000000000000000000000000000000000000000000000000000]
sub_ln1513_2          (sub              ) [ 000111111111111111111111000000000000000000000000000000000000000000000000000000000000000000000000000000000000000000000000]
sdiv_ln1513           (sdiv             ) [ 000000000000000000000000000000000000000000000000000000000000000000000000000000000000000000000000000000000000000000000000]
sext_ln1495           (sext             ) [ 000000000000000000000000000000000000000000000000000000000000000000000000000000000000000000000000000000000000000000000000]
add_ln1513_2          (add              ) [ 000000000000000000000000100000000000000000000000000000000000000000000000000000000000000000000000000000000000000000000000]
sdiv_ln1513_2         (sdiv             ) [ 000000000000000000000000000000000000000000000000000000000000000000000000000000000000000000000000000000000000000000000000]
sext_ln1513           (sext             ) [ 000000000000000000000000000000000000000000000000000000000000000000000000000000000000000000000000000000000000000000000000]
add_ln1513_3          (add              ) [ 000000000000000000000000100000000000000000000000000000000000000000000000000000000000000000000000000000000000000000000000]
shl_ln1495_1          (bitconcatenate   ) [ 000000000000000000000000000000000000000000000000000000000000000000000000000000000000000000000000000000000000000000000000]
zext_ln1513_2         (zext             ) [ 000000000000000000000000000000000000000000000000000000000000000000000000000000000000000000000000000000000000000000000000]
add_ln1513            (add              ) [ 000000000000000000000000000000000000000000000000000000000000000000000000000000000000000000000000000000000000000000000000]
zext_ln1513_3         (zext             ) [ 000000000000000000000000000000000000000000000000000000000000000000000000000000000000000000000000000000000000000000000000]
sub_ln1513_1          (sub              ) [ 000000000000000000000000011111111111111111111110000000000000000000000000000000000000000000000000000000000000000000000000]
zext_ln1513_4         (zext             ) [ 000000000000000000000000011111111111111111111110000000000000000000000000000000000000000000000000000000000000000000000000]
add_ln1513_1          (add              ) [ 000000000000000000000000000000000000000000000000000000000000000000000000000000000000000000000000000000000000000000000000]
sub_ln1513_3          (sub              ) [ 000000000000000000000000011111111111111111111110000000000000000000000000000000000000000000000000000000000000000000000000]
sdiv_ln1513_1         (sdiv             ) [ 000000000000000000000000000000000000000000000001110000000000000000000000000000000000000000000000000000000000000000000000]
sdiv_ln1513_3         (sdiv             ) [ 000000000000000000000000000000000000000000000000000000000000000000000000000000000000000000000000000000000000000000000000]
trunc_ln186_1         (trunc            ) [ 000000000000000000000000000000000000000000000000000000000000000000000000000000000000000000000000000000000000000000000000]
W_pool_out_V          (add              ) [ 000000000000000000000000000000000000000000000000000000000000000000000000000000000000000000000000000000000000000000000000]
conv3_i_i694          (zext             ) [ 000000000000000000000000000000000000000000000001110000000000000000000000000000000000000000000000000000000000000000000000]
conv3_i11_i700        (zext             ) [ 000000000000000000000000000000000000000000000001110000000000000000000000000000000000000000000000000000000000000000000000]
cmp_i_i7429           (icmp             ) [ 000000000000000000000000000000000000000000000001111100000000000000000000000000000000000000000000000000000000000000000000]
zext_ln70             (zext             ) [ 000000000000000000000000000000000000000000000001110000000000000000000000000000000000000000000000000000000000000000000000]
zext_ln70_1           (zext             ) [ 000000000000000000000000000000000000000000000001110000000000000000000000000000000000000000000000000000000000000000000000]
trunc_ln186           (trunc            ) [ 000000000000000000000000000000000000000000000000000000000000000000000000000000000000000000000000000000000000000000000000]
H_pool_out_V          (add              ) [ 000000000000000000000000000000000000000000000000001110000000000000000000000000000000000000000000000000000000000000000000]
mul_i708              (mul              ) [ 000000000000000000000000000000000000000000000000000000000000000000000000000000000000000000000000000000000000000000000000]
conv3_i_i673          (zext             ) [ 000000000000000000000000000000000000000000000000001110000000000000000000000000000000000000000000000000000000000000000000]
conv3_i12_i679        (zext             ) [ 000000000000000000000000000000000000000000000000001110000000000000000000000000000000000000000000000000000000000000000000]
icmp_ln1027           (icmp             ) [ 000000000000000000000000000000000000000000000000001100000000000000000000000000000000000000000000000000000000000000000000]
mul_ln70              (mul              ) [ 000000000000000000000000000000000000000000000000001111111111111111111111111111111111111111111111111111111111111111100000]
zext_ln70_2           (zext             ) [ 000000000000000000000000000000000000000000000000000000000000000000000000000000000000000000000000000000000000000000000000]
mul_ln70_1            (mul              ) [ 000000000000000000000000000000000000000000000000000100000000000000000000000000000000000000000000000000000000000000000000]
cmp_i_i7357           (icmp             ) [ 000000000000000000000000000000000000000000000000000000000000000000000000000000000000000000000000000000000000000000000000]
and_ln70              (and              ) [ 000000000000000000000000000000000000000000000000000000000000000000000000000000000000000000000000000000000000000000000000]
select_ln70           (select           ) [ 000000000000000000000000000000000000000000000000000000000000000000000000000000000000000000000000000000000000000000000000]
empty                 (select           ) [ 000000000000000000000000000000000000000000000000000010000000000000000000000000000000000000000000000000000000000000000000]
spectopmodule_ln18    (spectopmodule    ) [ 000000000000000000000000000000000000000000000000000000000000000000000000000000000000000000000000000000000000000000000000]
specinterface_ln0     (specinterface    ) [ 000000000000000000000000000000000000000000000000000000000000000000000000000000000000000000000000000000000000000000000000]
specbitsmap_ln0       (specbitsmap      ) [ 000000000000000000000000000000000000000000000000000000000000000000000000000000000000000000000000000000000000000000000000]
specbitsmap_ln0       (specbitsmap      ) [ 000000000000000000000000000000000000000000000000000000000000000000000000000000000000000000000000000000000000000000000000]
specinterface_ln0     (specinterface    ) [ 000000000000000000000000000000000000000000000000000000000000000000000000000000000000000000000000000000000000000000000000]
specinterface_ln0     (specinterface    ) [ 000000000000000000000000000000000000000000000000000000000000000000000000000000000000000000000000000000000000000000000000]
specbitsmap_ln0       (specbitsmap      ) [ 000000000000000000000000000000000000000000000000000000000000000000000000000000000000000000000000000000000000000000000000]
specinterface_ln0     (specinterface    ) [ 000000000000000000000000000000000000000000000000000000000000000000000000000000000000000000000000000000000000000000000000]
specinterface_ln0     (specinterface    ) [ 000000000000000000000000000000000000000000000000000000000000000000000000000000000000000000000000000000000000000000000000]
specbitsmap_ln0       (specbitsmap      ) [ 000000000000000000000000000000000000000000000000000000000000000000000000000000000000000000000000000000000000000000000000]
specinterface_ln0     (specinterface    ) [ 000000000000000000000000000000000000000000000000000000000000000000000000000000000000000000000000000000000000000000000000]
specinterface_ln0     (specinterface    ) [ 000000000000000000000000000000000000000000000000000000000000000000000000000000000000000000000000000000000000000000000000]
specbitsmap_ln0       (specbitsmap      ) [ 000000000000000000000000000000000000000000000000000000000000000000000000000000000000000000000000000000000000000000000000]
specinterface_ln0     (specinterface    ) [ 000000000000000000000000000000000000000000000000000000000000000000000000000000000000000000000000000000000000000000000000]
specinterface_ln0     (specinterface    ) [ 000000000000000000000000000000000000000000000000000000000000000000000000000000000000000000000000000000000000000000000000]
specbitsmap_ln0       (specbitsmap      ) [ 000000000000000000000000000000000000000000000000000000000000000000000000000000000000000000000000000000000000000000000000]
specinterface_ln0     (specinterface    ) [ 000000000000000000000000000000000000000000000000000000000000000000000000000000000000000000000000000000000000000000000000]
specinterface_ln0     (specinterface    ) [ 000000000000000000000000000000000000000000000000000000000000000000000000000000000000000000000000000000000000000000000000]
specbitsmap_ln0       (specbitsmap      ) [ 000000000000000000000000000000000000000000000000000000000000000000000000000000000000000000000000000000000000000000000000]
specinterface_ln0     (specinterface    ) [ 000000000000000000000000000000000000000000000000000000000000000000000000000000000000000000000000000000000000000000000000]
specinterface_ln0     (specinterface    ) [ 000000000000000000000000000000000000000000000000000000000000000000000000000000000000000000000000000000000000000000000000]
specbitsmap_ln0       (specbitsmap      ) [ 000000000000000000000000000000000000000000000000000000000000000000000000000000000000000000000000000000000000000000000000]
specinterface_ln0     (specinterface    ) [ 000000000000000000000000000000000000000000000000000000000000000000000000000000000000000000000000000000000000000000000000]
specinterface_ln0     (specinterface    ) [ 000000000000000000000000000000000000000000000000000000000000000000000000000000000000000000000000000000000000000000000000]
specbitsmap_ln0       (specbitsmap      ) [ 000000000000000000000000000000000000000000000000000000000000000000000000000000000000000000000000000000000000000000000000]
specinterface_ln0     (specinterface    ) [ 000000000000000000000000000000000000000000000000000000000000000000000000000000000000000000000000000000000000000000000000]
specinterface_ln0     (specinterface    ) [ 000000000000000000000000000000000000000000000000000000000000000000000000000000000000000000000000000000000000000000000000]
specbitsmap_ln0       (specbitsmap      ) [ 000000000000000000000000000000000000000000000000000000000000000000000000000000000000000000000000000000000000000000000000]
specinterface_ln0     (specinterface    ) [ 000000000000000000000000000000000000000000000000000000000000000000000000000000000000000000000000000000000000000000000000]
specinterface_ln0     (specinterface    ) [ 000000000000000000000000000000000000000000000000000000000000000000000000000000000000000000000000000000000000000000000000]
specbitsmap_ln0       (specbitsmap      ) [ 000000000000000000000000000000000000000000000000000000000000000000000000000000000000000000000000000000000000000000000000]
specinterface_ln0     (specinterface    ) [ 000000000000000000000000000000000000000000000000000000000000000000000000000000000000000000000000000000000000000000000000]
specinterface_ln0     (specinterface    ) [ 000000000000000000000000000000000000000000000000000000000000000000000000000000000000000000000000000000000000000000000000]
specinterface_ln0     (specinterface    ) [ 000000000000000000000000000000000000000000000000000000000000000000000000000000000000000000000000000000000000000000000000]
specinterface_ln0     (specinterface    ) [ 000000000000000000000000000000000000000000000000000000000000000000000000000000000000000000000000000000000000000000000000]
specinterface_ln0     (specinterface    ) [ 000000000000000000000000000000000000000000000000000000000000000000000000000000000000000000000000000000000000000000000000]
specinterface_ln0     (specinterface    ) [ 000000000000000000000000000000000000000000000000000000000000000000000000000000000000000000000000000000000000000000000000]
specinterface_ln0     (specinterface    ) [ 000000000000000000000000000000000000000000000000000000000000000000000000000000000000000000000000000000000000000000000000]
specinterface_ln0     (specinterface    ) [ 000000000000000000000000000000000000000000000000000000000000000000000000000000000000000000000000000000000000000000000000]
specinterface_ln0     (specinterface    ) [ 000000000000000000000000000000000000000000000000000000000000000000000000000000000000000000000000000000000000000000000000]
specinterface_ln0     (specinterface    ) [ 000000000000000000000000000000000000000000000000000000000000000000000000000000000000000000000000000000000000000000000000]
specinterface_ln0     (specinterface    ) [ 000000000000000000000000000000000000000000000000000000000000000000000000000000000000000000000000000000000000000000000000]
specinterface_ln0     (specinterface    ) [ 000000000000000000000000000000000000000000000000000000000000000000000000000000000000000000000000000000000000000000000000]
specinterface_ln0     (specinterface    ) [ 000000000000000000000000000000000000000000000000000000000000000000000000000000000000000000000000000000000000000000000000]
specinterface_ln0     (specinterface    ) [ 000000000000000000000000000000000000000000000000000000000000000000000000000000000000000000000000000000000000000000000000]
specinterface_ln0     (specinterface    ) [ 000000000000000000000000000000000000000000000000000000000000000000000000000000000000000000000000000000000000000000000000]
specinterface_ln0     (specinterface    ) [ 000000000000000000000000000000000000000000000000000000000000000000000000000000000000000000000000000000000000000000000000]
specinterface_ln0     (specinterface    ) [ 000000000000000000000000000000000000000000000000000000000000000000000000000000000000000000000000000000000000000000000000]
K_cast6               (zext             ) [ 000000000000000000000000000000000000000000000000000000000000000000000000000000000000000000000000000000000000000000000000]
conv3_i658            (mul              ) [ 000000000000000000000000000000000000000000000000000001111111111111111111111111111111111111111111111111111111111111100000]
zext_ln102            (zext             ) [ 000000000000000000000000000000000000000000000000000001111111111111111111111111111111111111111111111111111111111111100000]
empty_34              (writereq         ) [ 000000000000000000000000000000000000000000000000000000000000000000000000000000000000000000000000000000000000000000000000]
mul_ln70_2            (mul              ) [ 000000000000000000000000000000000000000000000000000001111111111111111111111111111111111111111111111111111111111111100000]
zext_ln18             (zext             ) [ 000000000000000000000000000000000000000000000000000000000000000000000000000000000000000000000000000000000000000000000000]
zext_ln18_1           (zext             ) [ 000000000000000000000000000000000000000000000000000000000000000000000000000000000000000000000000000000000000000000000000]
mul_ln18              (mul              ) [ 000000000000000000000000000000000000000000000000000001111111111111111111111111111111111111111111111111111111111111100000]
icmp_ln1027_3         (icmp             ) [ 000000000000000000000000000000000000000000000000000001111111111111111111111111111111111111111111111111111111111111100000]
br_ln70               (br               ) [ 000000000000000000000000000000000000000000000000000000000000000000000000000000000000000000000000000000000000000000000000]
indvar_flatten11_load (load             ) [ 000000000000000000000000000000000000000000000000000000000000000000000000000000000000000000000000000000000000000000000000]
icmp_ln70             (icmp             ) [ 000000000000000000000000000000000000000000000000000001111111111111111111111111111111111111111111111111111111111111100000]
add_ln70              (add              ) [ 000000000000000000000000000000000000000000000000000000111111111111111111111111111111111111111111111111111111111111000000]
br_ln70               (br               ) [ 000000000000000000000000000000000000000000000000000000000000000000000000000000000000000000000000000000000000000000000000]
c_out_load            (load             ) [ 000000000000000000000000000000000000000000000000000000000000000000000000000000000000000000000000000000000000000000000000]
indvar_flatten_load_1 (load             ) [ 000000000000000000000000000000000000000000000000000000000000000000000000000000000000000000000000000000000000000000000000]
icmp_ln71             (icmp             ) [ 000000000000000000000000000000000000000000000000000000111111111111111111111111111111111111111111111111111111111111000000]
icmp_ln1027_4         (icmp             ) [ 000000000000000000000000000000000000000000000000000000000000000000000000000000000000000000000000000000000000000000000000]
select_ln82_2         (select           ) [ 000000000000000000000000000000000000000000000000000000111111111110000000000000000000000000000000000000000000000000000000]
or_ln71               (or               ) [ 000000000000000000000000000000000000000000000000000000000000000000000000000000000000000000000000000000000000000000000000]
select_ln71           (select           ) [ 000000000000000000000000000000000000000000000000000000111111111111111111111111111111111111111111111111111111111111000000]
zext_ln1027           (zext             ) [ 000000000000000000000000000000000000000000000000000000000000000000000000000000000000000000000000000000000000000000000000]
empty_36              (add              ) [ 000000000000000000000000000000000000000000000000000000000000000000000000000000000000000000000000000000000000000000000000]
empty_37              (add              ) [ 000000000000000000000000000000000000000000000000000000000000000000000000000000000000000000000000000000000000000000000000]
empty_38              (add              ) [ 000000000000000000000000000000000000000000000000000000000000000000000000000000000000000000000000000000000000000000000000]
empty_39              (add              ) [ 000000000000000000000000000000000000000000000000000000000000000000000000000000000000000000000000000000000000000000000000]
gmem0_addr_1          (getelementptr    ) [ 000000000000000000000000000000000000000000000000000000111111110000000000000000000000000000000000000000000000000000000000]
gmem0_addr_2          (getelementptr    ) [ 000000000000000000000000000000000000000000000000000000111111111000000000000000000000000000000000000000000000000000000000]
gmem0_addr_3          (getelementptr    ) [ 000000000000000000000000000000000000000000000000000000111111111100000000000000000000000000000000000000000000000000000000]
gmem0_addr_4          (getelementptr    ) [ 000000000000000000000000000000000000000000000000000000111111111110000000000000000000000000000000000000000000000000000000]
gmem0_load_req        (readreq          ) [ 000000000000000000000000000000000000000000000000000000000000000000000000000000000000000000000000000000000000000000000000]
zext_ln103            (zext             ) [ 000000000000000000000000000000000000000000000000000000000000001110000000000000000000000000000000000000000000000000000000]
gmem0_addr_1_read     (read             ) [ 000000000000000000000000000000000000000000000000000000000000001110000000000000000000000000000000000000000000000000000000]
gmem0_load_1_req      (readreq          ) [ 000000000000000000000000000000000000000000000000000000000000000000000000000000000000000000000000000000000000000000000000]
gmem0_addr_2_read     (read             ) [ 000000000000000000000000000000000000000000000000000000000000000110000000000000000000000000000000000000000000000000000000]
gmem0_load_2_req      (readreq          ) [ 000000000000000000000000000000000000000000000000000000000000000000000000000000000000000000000000000000000000000000000000]
gmem0_addr_3_read     (read             ) [ 000000000000000000000000000000000000000000000000000000000000000010000000000000000000000000000000000000000000000000000000]
gmem0_load_3_req      (readreq          ) [ 000000000000000000000000000000000000000000000000000000000000000000000000000000000000000000000000000000000000000000000000]
w_pool_load           (load             ) [ 000000000000000000000000000000000000000000000000000000000000000000000000000000000000000000000000000000000000000000000000]
h_pool_load           (load             ) [ 000000000000000000000000000000000000000000000000000000000000000000000000000000000000000000000000000000000000000000000000]
specloopname_ln0      (specloopname     ) [ 000000000000000000000000000000000000000000000000000000000000000000000000000000000000000000000000000000000000000000000000]
select_ln82           (select           ) [ 000000000000000000000000000000000000000000000000000000000000000000000000000000000000000000000000000000000000000000000000]
add_ln70_1            (add              ) [ 000000000000000000000000000000000000000000000000000000000000000000000000000000000000000000000000000000000000000000000000]
select_ln82_1         (select           ) [ 000000000000000000000000000000000000000000000000000000000000000001111111111111111111111111111111111111111111111111000000]
w_pool_2              (add              ) [ 000000000000000000000000000000000000000000000000000000000000000000000000000000000000000000000000000000000000000000000000]
specloopname_ln0      (specloopname     ) [ 000000000000000000000000000000000000000000000000000000000000000000000000000000000000000000000000000000000000000000000000]
select_ln71_1         (select           ) [ 000000000000000000000000000000000000000000000000000000000000000001111111111111111111111111111111111111111111111111000000]
specloopname_ln72     (specloopname     ) [ 000000000000000000000000000000000000000000000000000000000000000000000000000000000000000000000000000000000000000000000000]
mul_ln103             (mul              ) [ 000000000000000000000000000000000000000000000000000000000000000001111111111111111111111111111111111111111111111111000000]
sext_ln112            (sext             ) [ 000000000000000000000000000000000000000000000000000000000000000001111111111111111111111111111111111111111111111111000000]
sext_ln114            (sext             ) [ 000000000000000000000000000000000000000000000000000000000000000001111111111111111111111111111111111111111111111111000000]
gmem0_addr_4_read     (read             ) [ 000000000000000000000000000000000000000000000000000000000000000000000000000000000000000000000000000000000000000000000000]
sext_ln115            (sext             ) [ 000000000000000000000000000000000000000000000000000000000000000001111111111111111111111111111111111111111111111111000000]
sext_ln77             (sext             ) [ 000000000000000000000000000000000000000000000000000000000000000001111111111111111111111111111111111111111111111111000000]
sext_ln840            (sext             ) [ 000000000000000000000000000000000000000000000000000000000000000001111111111111111111111111111111111111111111111111000000]
br_ln77               (br               ) [ 000000000000000000000000000000000000000000000000000001111111111111111111111111111111111111111111111111111111111111100000]
p_idx                 (phi              ) [ 000000000000000000000000000000000000000000000000000000000000000001000000000000000000000000000000000000000000000000000000]
max_val_V             (phi              ) [ 000000000000000000000000000000000000000000000000000000000000000001111111111111111111111111111111111111111111111111100000]
icmp_ln77             (icmp             ) [ 000000000000000000000000000000000000000000000000000001111111111111111111111111111111111111111111111111111111111111100000]
empty_35              (speclooptripcount) [ 000000000000000000000000000000000000000000000000000000000000000000000000000000000000000000000000000000000000000000000000]
p_idx_1               (add              ) [ 000000000000000000000000000000000000000000000000000001111111111111111111111111111111111111111111111111111111111111100000]
br_ln77               (br               ) [ 000000000000000000000000000000000000000000000000000000000000000000000000000000000000000000000000000000000000000000000000]
pw                    (trunc            ) [ 000000000000000000000000000000000000000000000000000000000000000000000000000000000000000000000000000000000000000000000000]
specloopname_ln74     (specloopname     ) [ 000000000000000000000000000000000000000000000000000000000000000000000000000000000000000000000000000000000000000000000000]
tmp                   (bitselect        ) [ 000000000000000000000000000000000000000000000000000000000000000000000000000000000000000000000000000000000000000000000000]
conv_h                (bitconcatenate   ) [ 000000000000000000000000000000000000000000000000000000000000000000100000000000000000000000000000000000000000000000000000]
conv_w                (bitconcatenate   ) [ 000000000000000000000000000000000000000000000000000000000000000000100000000000000000000000000000000000000000000000000000]
icmp_ln85             (icmp             ) [ 000000000000000000000000000000000000000000000000000000000000000000000000000000000000000000000000000000000000000000000000]
icmp_ln1027_2         (icmp             ) [ 000000000000000000000000000000000000000000000000000000000000000000000000000000000000000000000000000000000000000000000000]
and_ln85              (and              ) [ 000000000000000000000000000000000000000000000000000001111111111111111111111111111111111111111111111111111111111111100000]
br_ln85               (br               ) [ 000000000000000000000000000000000000000000000000000001111111111111111111111111111111111111111111111111111111111111100000]
indvar_flatten_load   (load             ) [ 000000000000000000000000000000000000000000000000000000000000000000000000000000000000000000000000000000000000000000000000]
add_ln72              (add              ) [ 000000000000000000000000000000000000000000000000000000000000000000000000000000000000000000000000000000000000000000000000]
add_ln71_1            (add              ) [ 000000000000000000000000000000000000000000000000000000000000000000000000000000000000000000000000000000000000000000000000]
select_ln71_2         (select           ) [ 000000000000000000000000000000000000000000000000000000000000000000000000000000000000000000000000000000000000000000000000]
store_ln72            (store            ) [ 000000000000000000000000000000000000000000000000000000000000000000000000000000000000000000000000000000000000000000000000]
store_ln72            (store            ) [ 000000000000000000000000000000000000000000000000000000000000000000000000000000000000000000000000000000000000000000000000]
store_ln72            (store            ) [ 000000000000000000000000000000000000000000000000000000000000000000000000000000000000000000000000000000000000000000000000]
store_ln72            (store            ) [ 000000000000000000000000000000000000000000000000000000000000000000000000000000000000000000000000000000000000000000000000]
store_ln72            (store            ) [ 000000000000000000000000000000000000000000000000000000000000000000000000000000000000000000000000000000000000000000000000]
call_ln70             (call             ) [ 000000000000000000000000000000000000000000000000000000000000000000000000000000000000000000000000000000000000000000000000]
sum_V_loc_load        (load             ) [ 000000000000000000000000000000000000000000000000000000000000000000000000000000000000000000000000000000000000000000000000]
val_V                 (sub              ) [ 000000000000000000000000000000000000000000000000000000000000000000001000000000000000000000000000000000000000000000000000]
sext_ln1513_1         (sext             ) [ 000000000000000000000000000000000000000000000000000000000000000000000000000000000000000000000000000000000000000000000000]
mul_ln1513            (mul              ) [ 000000000000000000000000000000000000000000000000000000000000000000000111111111111111111111111111111111111111111110000000]
sdiv_ln1513_4         (sdiv             ) [ 000000000000000000000000000000000000000000000000000000000000000000000000000000000000000000000000000000000000000000000000]
val_V_1               (trunc            ) [ 000000000000000000000000000000000000000000000000000000000000000000000000000000000000000000000000000000000000000000000000]
trunc_ln840           (trunc            ) [ 000000000000000000000000000000000000000000000000000000000000000000000000000000000000000000000000000000000000000000000000]
val_V_2               (add              ) [ 000000000000000000000000000000000000000000000000000001111111111111000000000000000000000000000000000000000000000001100000]
add_ln112             (add              ) [ 000000000000000000000000000000000000000000000000000000000000000000000000000000000000000000000000000000000000000000000000]
bn_relu_val_V         (partselect       ) [ 000000000000000000000000000000000000000000000000000001111111111111000000000000000000000000000000000000000000000001100000]
icmp_ln1035           (icmp             ) [ 000000000000000000000000000000000000000000000000000000000000000000000000000000000000000000000000000000000000000000000000]
bn_relu_val_V_2       (select           ) [ 000000000000000000000000000000000000000000000000000000000000000000000000000000000000000000000000000000000000000000000000]
icmp_ln1035_1         (icmp             ) [ 000000000000000000000000000000000000000000000000000000000000000000000000000000000000000000000000000000000000000000000000]
max_val_V_2           (select           ) [ 000000000000000000000000000000000000000000000000000000000000000000000000000000000000000000000000000000000000000000000000]
br_ln124              (br               ) [ 000000000000000000000000000000000000000000000000000000000000000000000000000000000000000000000000000000000000000000000000]
max_val_V_3           (phi              ) [ 000000000000000000000000000000000000000000000000000001111111111111111111111111111111111111111111111111111111111111100000]
br_ln77               (br               ) [ 000000000000000000000000000000000000000000000000000001111111111111111111111111111111111111111111111111111111111111100000]
write_ln128           (write            ) [ 000000000000000000000000000000000000000000000000000000000000000000000000000000000000000000000000000000000000000000000000]
br_ln72               (br               ) [ 000000000000000000000000000000000000000000000000000000000000000000000000000000000000000000000000000000000000000000000000]
empty_40              (writeresp        ) [ 000000000000000000000000000000000000000000000000000000000000000000000000000000000000000000000000000000000000000000000000]
ret_ln132             (ret              ) [ 000000000000000000000000000000000000000000000000000000000000000000000000000000000000000000000000000000000000000000000000]
</LifeTime>

<model>

<comp_list>
<comp id="0" class="1000" name="gmem0">
<pin_list>
<pin id="1" dir="1" index="0" bw="1" slack="0"/>
</pin_list>
<bind>
<StgValue><ssdm name="gmem0"/></StgValue>
</bind>
</comp>

<comp id="2" class="1000" name="C_in">
<pin_list>
<pin id="3" dir="1" index="0" bw="1" slack="0"/>
</pin_list>
<bind>
<StgValue><ssdm name="C_in"/></StgValue>
</bind>
</comp>

<comp id="4" class="1000" name="H_in">
<pin_list>
<pin id="5" dir="1" index="0" bw="1" slack="0"/>
</pin_list>
<bind>
<StgValue><ssdm name="H_in"/></StgValue>
</bind>
</comp>

<comp id="6" class="1000" name="W_in">
<pin_list>
<pin id="7" dir="1" index="0" bw="1" slack="0"/>
</pin_list>
<bind>
<StgValue><ssdm name="W_in"/></StgValue>
</bind>
</comp>

<comp id="8" class="1000" name="C_out">
<pin_list>
<pin id="9" dir="1" index="0" bw="1" slack="0"/>
</pin_list>
<bind>
<StgValue><ssdm name="C_out"/></StgValue>
</bind>
</comp>

<comp id="10" class="1000" name="K">
<pin_list>
<pin id="11" dir="1" index="0" bw="1" slack="0"/>
</pin_list>
<bind>
<StgValue><ssdm name="K"/></StgValue>
</bind>
</comp>

<comp id="12" class="1000" name="stride">
<pin_list>
<pin id="13" dir="1" index="0" bw="1" slack="0"/>
</pin_list>
<bind>
<StgValue><ssdm name="stride"/></StgValue>
</bind>
</comp>

<comp id="14" class="1000" name="padding">
<pin_list>
<pin id="15" dir="1" index="0" bw="1" slack="0"/>
</pin_list>
<bind>
<StgValue><ssdm name="padding"/></StgValue>
</bind>
</comp>

<comp id="16" class="1000" name="pool_kernel">
<pin_list>
<pin id="17" dir="1" index="0" bw="1" slack="0"/>
</pin_list>
<bind>
<StgValue><ssdm name="pool_kernel"/></StgValue>
</bind>
</comp>

<comp id="18" class="1000" name="pool_stride">
<pin_list>
<pin id="19" dir="1" index="0" bw="1" slack="0"/>
</pin_list>
<bind>
<StgValue><ssdm name="pool_stride"/></StgValue>
</bind>
</comp>

<comp id="20" class="1000" name="pool_padding">
<pin_list>
<pin id="21" dir="1" index="0" bw="1" slack="0"/>
</pin_list>
<bind>
<StgValue><ssdm name="pool_padding"/></StgValue>
</bind>
</comp>

<comp id="22" class="1000" name="feature_in">
<pin_list>
<pin id="23" dir="1" index="0" bw="1" slack="0"/>
</pin_list>
<bind>
<StgValue><ssdm name="feature_in"/></StgValue>
</bind>
</comp>

<comp id="24" class="1000" name="conv_kernel">
<pin_list>
<pin id="25" dir="1" index="0" bw="1" slack="0"/>
</pin_list>
<bind>
<StgValue><ssdm name="conv_kernel"/></StgValue>
</bind>
</comp>

<comp id="26" class="1000" name="bn_mean">
<pin_list>
<pin id="27" dir="1" index="0" bw="1" slack="0"/>
</pin_list>
<bind>
<StgValue><ssdm name="bn_mean"/></StgValue>
</bind>
</comp>

<comp id="28" class="1000" name="bn_var">
<pin_list>
<pin id="29" dir="1" index="0" bw="1" slack="0"/>
</pin_list>
<bind>
<StgValue><ssdm name="bn_var"/></StgValue>
</bind>
</comp>

<comp id="30" class="1000" name="bn_gamma">
<pin_list>
<pin id="31" dir="1" index="0" bw="1" slack="0"/>
</pin_list>
<bind>
<StgValue><ssdm name="bn_gamma"/></StgValue>
</bind>
</comp>

<comp id="32" class="1000" name="bn_beta">
<pin_list>
<pin id="33" dir="1" index="0" bw="1" slack="0"/>
</pin_list>
<bind>
<StgValue><ssdm name="bn_beta"/></StgValue>
</bind>
</comp>

<comp id="34" class="1000" name="feature_out">
<pin_list>
<pin id="35" dir="1" index="0" bw="1" slack="0"/>
</pin_list>
<bind>
<StgValue><ssdm name="feature_out"/></StgValue>
</bind>
</comp>

<comp id="36" class="1001" name="const_36">
<pin_list>
<pin id="37" dir="1" index="0" bw="1" slack="0"/>
</pin_list>
<bind>
<StgValue><ssdm name=""/></StgValue>
</bind>
</comp>

<comp id="38" class="1001" name="const_38">
<pin_list>
<pin id="39" dir="1" index="0" bw="1" slack="0"/>
</pin_list>
<bind>
<StgValue><ssdm name="_ssdm_op_Read.s_axilite.i64"/></StgValue>
</bind>
</comp>

<comp id="40" class="1001" name="const_40">
<pin_list>
<pin id="41" dir="1" index="0" bw="1" slack="0"/>
</pin_list>
<bind>
<StgValue><ssdm name="_ssdm_op_Read.s_axilite.i8"/></StgValue>
</bind>
</comp>

<comp id="42" class="1001" name="const_42">
<pin_list>
<pin id="43" dir="1" index="0" bw="1" slack="0"/>
</pin_list>
<bind>
<StgValue><ssdm name="_ssdm_op_Read.s_axilite.i16"/></StgValue>
</bind>
</comp>

<comp id="44" class="1001" name="const_44">
<pin_list>
<pin id="45" dir="1" index="0" bw="1" slack="0"/>
</pin_list>
<bind>
<StgValue><ssdm name=""/></StgValue>
</bind>
</comp>

<comp id="46" class="1001" name="const_46">
<pin_list>
<pin id="47" dir="1" index="0" bw="1" slack="0"/>
</pin_list>
<bind>
<StgValue><ssdm name=""/></StgValue>
</bind>
</comp>

<comp id="48" class="1001" name="const_48">
<pin_list>
<pin id="49" dir="1" index="0" bw="1" slack="0"/>
</pin_list>
<bind>
<StgValue><ssdm name=""/></StgValue>
</bind>
</comp>

<comp id="50" class="1001" name="const_50">
<pin_list>
<pin id="51" dir="1" index="0" bw="1" slack="0"/>
</pin_list>
<bind>
<StgValue><ssdm name=""/></StgValue>
</bind>
</comp>

<comp id="52" class="1001" name="const_52">
<pin_list>
<pin id="53" dir="1" index="0" bw="1" slack="0"/>
</pin_list>
<bind>
<StgValue><ssdm name="_ssdm_op_BitConcatenate.i9.i8.i1"/></StgValue>
</bind>
</comp>

<comp id="54" class="1001" name="const_54">
<pin_list>
<pin id="55" dir="1" index="0" bw="1" slack="0"/>
</pin_list>
<bind>
<StgValue><ssdm name=""/></StgValue>
</bind>
</comp>

<comp id="56" class="1001" name="const_56">
<pin_list>
<pin id="57" dir="1" index="0" bw="1" slack="0"/>
</pin_list>
<bind>
<StgValue><ssdm name=""/></StgValue>
</bind>
</comp>

<comp id="58" class="1001" name="const_58">
<pin_list>
<pin id="59" dir="1" index="0" bw="1" slack="0"/>
</pin_list>
<bind>
<StgValue><ssdm name=""/></StgValue>
</bind>
</comp>

<comp id="60" class="1001" name="const_60">
<pin_list>
<pin id="61" dir="1" index="0" bw="1" slack="2147483647"/>
</pin_list>
<bind>
<StgValue><ssdm name="_ssdm_op_SpecTopModule"/></StgValue>
</bind>
</comp>

<comp id="62" class="1001" name="const_62">
<pin_list>
<pin id="63" dir="1" index="0" bw="1" slack="2147483647"/>
</pin_list>
<bind>
<StgValue><ssdm name="empty_18"/></StgValue>
</bind>
</comp>

<comp id="64" class="1001" name="const_64">
<pin_list>
<pin id="65" dir="1" index="0" bw="1" slack="2147483647"/>
</pin_list>
<bind>
<StgValue><ssdm name="_ssdm_op_SpecInterface"/></StgValue>
</bind>
</comp>

<comp id="66" class="1001" name="const_66">
<pin_list>
<pin id="67" dir="1" index="0" bw="1" slack="2147483647"/>
</pin_list>
<bind>
<StgValue><ssdm name="empty_10"/></StgValue>
</bind>
</comp>

<comp id="68" class="1001" name="const_68">
<pin_list>
<pin id="69" dir="1" index="0" bw="1" slack="2147483647"/>
</pin_list>
<bind>
<StgValue><ssdm name="empty_23"/></StgValue>
</bind>
</comp>

<comp id="70" class="1001" name="const_70">
<pin_list>
<pin id="71" dir="1" index="0" bw="1" slack="2147483647"/>
</pin_list>
<bind>
<StgValue><ssdm name=""/></StgValue>
</bind>
</comp>

<comp id="72" class="1001" name="const_72">
<pin_list>
<pin id="73" dir="1" index="0" bw="1" slack="2147483647"/>
</pin_list>
<bind>
<StgValue><ssdm name="empty_24"/></StgValue>
</bind>
</comp>

<comp id="74" class="1001" name="const_74">
<pin_list>
<pin id="75" dir="1" index="0" bw="1" slack="2147483647"/>
</pin_list>
<bind>
<StgValue><ssdm name="empty_26"/></StgValue>
</bind>
</comp>

<comp id="76" class="1001" name="const_76">
<pin_list>
<pin id="77" dir="1" index="0" bw="1" slack="2147483647"/>
</pin_list>
<bind>
<StgValue><ssdm name=""/></StgValue>
</bind>
</comp>

<comp id="78" class="1001" name="const_78">
<pin_list>
<pin id="79" dir="1" index="0" bw="1" slack="2147483647"/>
</pin_list>
<bind>
<StgValue><ssdm name=""/></StgValue>
</bind>
</comp>

<comp id="80" class="1001" name="const_80">
<pin_list>
<pin id="81" dir="1" index="0" bw="1" slack="2147483647"/>
</pin_list>
<bind>
<StgValue><ssdm name="_ssdm_op_SpecBitsMap"/></StgValue>
</bind>
</comp>

<comp id="82" class="1001" name="const_82">
<pin_list>
<pin id="83" dir="1" index="0" bw="1" slack="2147483647"/>
</pin_list>
<bind>
<StgValue><ssdm name="empty_27"/></StgValue>
</bind>
</comp>

<comp id="84" class="1001" name="const_84">
<pin_list>
<pin id="85" dir="1" index="0" bw="1" slack="2147483647"/>
</pin_list>
<bind>
<StgValue><ssdm name="empty"/></StgValue>
</bind>
</comp>

<comp id="86" class="1001" name="const_86">
<pin_list>
<pin id="87" dir="1" index="0" bw="1" slack="2147483647"/>
</pin_list>
<bind>
<StgValue><ssdm name="empty_0"/></StgValue>
</bind>
</comp>

<comp id="88" class="1001" name="const_88">
<pin_list>
<pin id="89" dir="1" index="0" bw="1" slack="2147483647"/>
</pin_list>
<bind>
<StgValue><ssdm name="empty_1"/></StgValue>
</bind>
</comp>

<comp id="90" class="1001" name="const_90">
<pin_list>
<pin id="91" dir="1" index="0" bw="1" slack="2147483647"/>
</pin_list>
<bind>
<StgValue><ssdm name="empty_2"/></StgValue>
</bind>
</comp>

<comp id="92" class="1001" name="const_92">
<pin_list>
<pin id="93" dir="1" index="0" bw="1" slack="2147483647"/>
</pin_list>
<bind>
<StgValue><ssdm name="empty_3"/></StgValue>
</bind>
</comp>

<comp id="94" class="1001" name="const_94">
<pin_list>
<pin id="95" dir="1" index="0" bw="1" slack="2147483647"/>
</pin_list>
<bind>
<StgValue><ssdm name="empty_4"/></StgValue>
</bind>
</comp>

<comp id="96" class="1001" name="const_96">
<pin_list>
<pin id="97" dir="1" index="0" bw="1" slack="2147483647"/>
</pin_list>
<bind>
<StgValue><ssdm name="empty_5"/></StgValue>
</bind>
</comp>

<comp id="98" class="1001" name="const_98">
<pin_list>
<pin id="99" dir="1" index="0" bw="1" slack="2147483647"/>
</pin_list>
<bind>
<StgValue><ssdm name="empty_6"/></StgValue>
</bind>
</comp>

<comp id="100" class="1001" name="const_100">
<pin_list>
<pin id="101" dir="1" index="0" bw="1" slack="2147483647"/>
</pin_list>
<bind>
<StgValue><ssdm name="empty_7"/></StgValue>
</bind>
</comp>

<comp id="102" class="1001" name="const_102">
<pin_list>
<pin id="103" dir="1" index="0" bw="1" slack="2147483647"/>
</pin_list>
<bind>
<StgValue><ssdm name="empty_8"/></StgValue>
</bind>
</comp>

<comp id="104" class="1001" name="const_104">
<pin_list>
<pin id="105" dir="1" index="0" bw="1" slack="2147483647"/>
</pin_list>
<bind>
<StgValue><ssdm name="empty_9"/></StgValue>
</bind>
</comp>

<comp id="106" class="1001" name="const_106">
<pin_list>
<pin id="107" dir="1" index="0" bw="1" slack="2147483647"/>
</pin_list>
<bind>
<StgValue><ssdm name="empty_22"/></StgValue>
</bind>
</comp>

<comp id="108" class="1001" name="const_108">
<pin_list>
<pin id="109" dir="1" index="0" bw="1" slack="2147483647"/>
</pin_list>
<bind>
<StgValue><ssdm name="empty_11"/></StgValue>
</bind>
</comp>

<comp id="110" class="1001" name="const_110">
<pin_list>
<pin id="111" dir="1" index="0" bw="1" slack="2147483647"/>
</pin_list>
<bind>
<StgValue><ssdm name="empty_25"/></StgValue>
</bind>
</comp>

<comp id="112" class="1001" name="const_112">
<pin_list>
<pin id="113" dir="1" index="0" bw="1" slack="2147483647"/>
</pin_list>
<bind>
<StgValue><ssdm name="empty_12"/></StgValue>
</bind>
</comp>

<comp id="114" class="1001" name="const_114">
<pin_list>
<pin id="115" dir="1" index="0" bw="1" slack="2147483647"/>
</pin_list>
<bind>
<StgValue><ssdm name="empty_28"/></StgValue>
</bind>
</comp>

<comp id="116" class="1001" name="const_116">
<pin_list>
<pin id="117" dir="1" index="0" bw="1" slack="2147483647"/>
</pin_list>
<bind>
<StgValue><ssdm name="empty_13"/></StgValue>
</bind>
</comp>

<comp id="118" class="1001" name="const_118">
<pin_list>
<pin id="119" dir="1" index="0" bw="1" slack="2147483647"/>
</pin_list>
<bind>
<StgValue><ssdm name="empty_14"/></StgValue>
</bind>
</comp>

<comp id="120" class="1001" name="const_120">
<pin_list>
<pin id="121" dir="1" index="0" bw="1" slack="2147483647"/>
</pin_list>
<bind>
<StgValue><ssdm name="empty_15"/></StgValue>
</bind>
</comp>

<comp id="122" class="1001" name="const_122">
<pin_list>
<pin id="123" dir="1" index="0" bw="1" slack="2147483647"/>
</pin_list>
<bind>
<StgValue><ssdm name="empty_16"/></StgValue>
</bind>
</comp>

<comp id="124" class="1001" name="const_124">
<pin_list>
<pin id="125" dir="1" index="0" bw="1" slack="2147483647"/>
</pin_list>
<bind>
<StgValue><ssdm name="empty_17"/></StgValue>
</bind>
</comp>

<comp id="126" class="1001" name="const_126">
<pin_list>
<pin id="127" dir="1" index="0" bw="1" slack="0"/>
</pin_list>
<bind>
<StgValue><ssdm name="_ssdm_op_WriteReq.m_axi.p1i8"/></StgValue>
</bind>
</comp>

<comp id="128" class="1001" name="const_128">
<pin_list>
<pin id="129" dir="1" index="0" bw="1" slack="0"/>
</pin_list>
<bind>
<StgValue><ssdm name=""/></StgValue>
</bind>
</comp>

<comp id="130" class="1001" name="const_130">
<pin_list>
<pin id="131" dir="1" index="0" bw="1" slack="0"/>
</pin_list>
<bind>
<StgValue><ssdm name="_ssdm_op_ReadReq.m_axi.i8P1A"/></StgValue>
</bind>
</comp>

<comp id="132" class="1001" name="const_132">
<pin_list>
<pin id="133" dir="1" index="0" bw="1" slack="0"/>
</pin_list>
<bind>
<StgValue><ssdm name="_ssdm_op_Read.m_axi.i8P1A"/></StgValue>
</bind>
</comp>

<comp id="134" class="1001" name="const_134">
<pin_list>
<pin id="135" dir="1" index="0" bw="1" slack="2147483647"/>
</pin_list>
<bind>
<StgValue><ssdm name="_ssdm_op_SpecLoopName"/></StgValue>
</bind>
</comp>

<comp id="136" class="1001" name="const_136">
<pin_list>
<pin id="137" dir="1" index="0" bw="1" slack="2147483647"/>
</pin_list>
<bind>
<StgValue><ssdm name="VITIS_LOOP_70_1_VITIS_LOOP_71_2_VITIS_LOOP_72_3_str"/></StgValue>
</bind>
</comp>

<comp id="138" class="1001" name="const_138">
<pin_list>
<pin id="139" dir="1" index="0" bw="1" slack="2147483647"/>
</pin_list>
<bind>
<StgValue><ssdm name="VITIS_LOOP_71_2_VITIS_LOOP_72_3_str"/></StgValue>
</bind>
</comp>

<comp id="140" class="1001" name="const_140">
<pin_list>
<pin id="141" dir="1" index="0" bw="1" slack="2147483647"/>
</pin_list>
<bind>
<StgValue><ssdm name="empty_21"/></StgValue>
</bind>
</comp>

<comp id="142" class="1001" name="const_142">
<pin_list>
<pin id="143" dir="1" index="0" bw="1" slack="1"/>
</pin_list>
<bind>
<StgValue><ssdm name=""/></StgValue>
</bind>
</comp>

<comp id="144" class="1001" name="const_144">
<pin_list>
<pin id="145" dir="1" index="0" bw="1" slack="1"/>
</pin_list>
<bind>
<StgValue><ssdm name=""/></StgValue>
</bind>
</comp>

<comp id="146" class="1001" name="const_146">
<pin_list>
<pin id="147" dir="1" index="0" bw="1" slack="0"/>
</pin_list>
<bind>
<StgValue><ssdm name=""/></StgValue>
</bind>
</comp>

<comp id="148" class="1001" name="const_148">
<pin_list>
<pin id="149" dir="1" index="0" bw="1" slack="2147483647"/>
</pin_list>
<bind>
<StgValue><ssdm name="_ssdm_op_SpecLoopTripCount"/></StgValue>
</bind>
</comp>

<comp id="150" class="1001" name="const_150">
<pin_list>
<pin id="151" dir="1" index="0" bw="1" slack="2147483647"/>
</pin_list>
<bind>
<StgValue><ssdm name=""/></StgValue>
</bind>
</comp>

<comp id="152" class="1001" name="const_152">
<pin_list>
<pin id="153" dir="1" index="0" bw="1" slack="0"/>
</pin_list>
<bind>
<StgValue><ssdm name=""/></StgValue>
</bind>
</comp>

<comp id="154" class="1001" name="const_154">
<pin_list>
<pin id="155" dir="1" index="0" bw="1" slack="2147483647"/>
</pin_list>
<bind>
<StgValue><ssdm name="empty_20"/></StgValue>
</bind>
</comp>

<comp id="156" class="1001" name="const_156">
<pin_list>
<pin id="157" dir="1" index="0" bw="1" slack="0"/>
</pin_list>
<bind>
<StgValue><ssdm name="_ssdm_op_BitSelect.i1.i3.i32"/></StgValue>
</bind>
</comp>

<comp id="158" class="1001" name="const_158">
<pin_list>
<pin id="159" dir="1" index="0" bw="1" slack="0"/>
</pin_list>
<bind>
<StgValue><ssdm name="_ssdm_op_BitConcatenate.i17.i16.i1"/></StgValue>
</bind>
</comp>

<comp id="160" class="1001" name="const_160">
<pin_list>
<pin id="161" dir="1" index="0" bw="1" slack="0"/>
</pin_list>
<bind>
<StgValue><ssdm name="initial_conv_bn_relu_Pipeline_VITIS_LOOP_90_5"/></StgValue>
</bind>
</comp>

<comp id="162" class="1001" name="const_162">
<pin_list>
<pin id="163" dir="1" index="0" bw="1" slack="0"/>
</pin_list>
<bind>
<StgValue><ssdm name="_ssdm_op_PartSelect.i8.i16.i32.i32"/></StgValue>
</bind>
</comp>

<comp id="164" class="1001" name="const_164">
<pin_list>
<pin id="165" dir="1" index="0" bw="1" slack="0"/>
</pin_list>
<bind>
<StgValue><ssdm name=""/></StgValue>
</bind>
</comp>

<comp id="166" class="1001" name="const_166">
<pin_list>
<pin id="167" dir="1" index="0" bw="1" slack="0"/>
</pin_list>
<bind>
<StgValue><ssdm name=""/></StgValue>
</bind>
</comp>

<comp id="168" class="1001" name="const_168">
<pin_list>
<pin id="169" dir="1" index="0" bw="1" slack="0"/>
</pin_list>
<bind>
<StgValue><ssdm name=""/></StgValue>
</bind>
</comp>

<comp id="170" class="1001" name="const_170">
<pin_list>
<pin id="171" dir="1" index="0" bw="1" slack="0"/>
</pin_list>
<bind>
<StgValue><ssdm name="_ssdm_op_Write.m_axi.p1i8"/></StgValue>
</bind>
</comp>

<comp id="172" class="1001" name="const_172">
<pin_list>
<pin id="173" dir="1" index="0" bw="1" slack="0"/>
</pin_list>
<bind>
<StgValue><ssdm name=""/></StgValue>
</bind>
</comp>

<comp id="174" class="1001" name="const_174">
<pin_list>
<pin id="175" dir="1" index="0" bw="1" slack="0"/>
</pin_list>
<bind>
<StgValue><ssdm name="_ssdm_op_WriteResp.m_axi.p1i8"/></StgValue>
</bind>
</comp>

<comp id="176" class="1004" name="c_out_fu_176">
<pin_list>
<pin id="177" dir="0" index="0" bw="1" slack="0"/>
<pin id="178" dir="1" index="1" bw="16" slack="0"/>
</pin_list>
<bind>
<opcode="alloca(26) " fcode="alloca"/>
<opset="c_out/1 "/>
</bind>
</comp>

<comp id="180" class="1004" name="w_pool_fu_180">
<pin_list>
<pin id="181" dir="0" index="0" bw="1" slack="0"/>
<pin id="182" dir="1" index="1" bw="16" slack="0"/>
</pin_list>
<bind>
<opcode="alloca(26) " fcode="alloca"/>
<opset="w_pool/1 "/>
</bind>
</comp>

<comp id="184" class="1004" name="indvar_flatten_fu_184">
<pin_list>
<pin id="185" dir="0" index="0" bw="1" slack="0"/>
<pin id="186" dir="1" index="1" bw="32" slack="0"/>
</pin_list>
<bind>
<opcode="alloca(26) " fcode="alloca"/>
<opset="indvar_flatten/1 "/>
</bind>
</comp>

<comp id="188" class="1004" name="h_pool_fu_188">
<pin_list>
<pin id="189" dir="0" index="0" bw="1" slack="0"/>
<pin id="190" dir="1" index="1" bw="16" slack="0"/>
</pin_list>
<bind>
<opcode="alloca(26) " fcode="alloca"/>
<opset="h_pool/1 "/>
</bind>
</comp>

<comp id="192" class="1004" name="indvar_flatten11_fu_192">
<pin_list>
<pin id="193" dir="0" index="0" bw="1" slack="0"/>
<pin id="194" dir="1" index="1" bw="48" slack="0"/>
</pin_list>
<bind>
<opcode="alloca(26) " fcode="alloca"/>
<opset="indvar_flatten11/1 "/>
</bind>
</comp>

<comp id="196" class="1004" name="sum_V_loc_fu_196">
<pin_list>
<pin id="197" dir="0" index="0" bw="1" slack="0"/>
<pin id="198" dir="1" index="1" bw="32" slack="64"/>
</pin_list>
<bind>
<opcode="alloca(26) " fcode="alloca"/>
<opset="sum_V_loc/1 "/>
</bind>
</comp>

<comp id="200" class="1004" name="feature_out_read_read_fu_200">
<pin_list>
<pin id="201" dir="0" index="0" bw="64" slack="0"/>
<pin id="202" dir="0" index="1" bw="64" slack="0"/>
<pin id="203" dir="1" index="2" bw="64" slack="0"/>
</pin_list>
<bind>
<opcode="read(1150) " fcode="read"/>
<opset="feature_out_read/1 "/>
</bind>
</comp>

<comp id="206" class="1004" name="bn_beta_read_read_fu_206">
<pin_list>
<pin id="207" dir="0" index="0" bw="64" slack="0"/>
<pin id="208" dir="0" index="1" bw="64" slack="0"/>
<pin id="209" dir="1" index="2" bw="64" slack="52"/>
</pin_list>
<bind>
<opcode="read(1150) " fcode="read"/>
<opset="bn_beta_read/1 "/>
</bind>
</comp>

<comp id="212" class="1004" name="bn_gamma_read_read_fu_212">
<pin_list>
<pin id="213" dir="0" index="0" bw="64" slack="0"/>
<pin id="214" dir="0" index="1" bw="64" slack="0"/>
<pin id="215" dir="1" index="2" bw="64" slack="52"/>
</pin_list>
<bind>
<opcode="read(1150) " fcode="read"/>
<opset="bn_gamma_read/1 "/>
</bind>
</comp>

<comp id="218" class="1004" name="bn_var_read_read_fu_218">
<pin_list>
<pin id="219" dir="0" index="0" bw="64" slack="0"/>
<pin id="220" dir="0" index="1" bw="64" slack="0"/>
<pin id="221" dir="1" index="2" bw="64" slack="52"/>
</pin_list>
<bind>
<opcode="read(1150) " fcode="read"/>
<opset="bn_var_read/1 "/>
</bind>
</comp>

<comp id="224" class="1004" name="bn_mean_read_read_fu_224">
<pin_list>
<pin id="225" dir="0" index="0" bw="64" slack="0"/>
<pin id="226" dir="0" index="1" bw="64" slack="0"/>
<pin id="227" dir="1" index="2" bw="64" slack="52"/>
</pin_list>
<bind>
<opcode="read(1150) " fcode="read"/>
<opset="bn_mean_read/1 "/>
</bind>
</comp>

<comp id="230" class="1004" name="conv_kernel_read_read_fu_230">
<pin_list>
<pin id="231" dir="0" index="0" bw="64" slack="0"/>
<pin id="232" dir="0" index="1" bw="64" slack="0"/>
<pin id="233" dir="1" index="2" bw="64" slack="64"/>
</pin_list>
<bind>
<opcode="read(1150) " fcode="read"/>
<opset="conv_kernel_read/1 "/>
</bind>
</comp>

<comp id="236" class="1004" name="feature_in_read_read_fu_236">
<pin_list>
<pin id="237" dir="0" index="0" bw="64" slack="0"/>
<pin id="238" dir="0" index="1" bw="64" slack="0"/>
<pin id="239" dir="1" index="2" bw="64" slack="64"/>
</pin_list>
<bind>
<opcode="read(1150) " fcode="read"/>
<opset="feature_in_read/1 "/>
</bind>
</comp>

<comp id="242" class="1004" name="grp_read_fu_242">
<pin_list>
<pin id="243" dir="0" index="0" bw="8" slack="0"/>
<pin id="244" dir="0" index="1" bw="8" slack="0"/>
<pin id="245" dir="1" index="2" bw="8" slack="22"/>
</pin_list>
<bind>
<opcode="read(1150) " fcode="read"/>
<opset="pool_padding_read/1 "/>
</bind>
</comp>

<comp id="248" class="1004" name="grp_read_fu_248">
<pin_list>
<pin id="249" dir="0" index="0" bw="8" slack="0"/>
<pin id="250" dir="0" index="1" bw="8" slack="0"/>
<pin id="251" dir="1" index="2" bw="8" slack="22"/>
</pin_list>
<bind>
<opcode="read(1150) " fcode="read"/>
<opset="pool_stride_read/1 "/>
</bind>
</comp>

<comp id="254" class="1004" name="grp_read_fu_254">
<pin_list>
<pin id="255" dir="0" index="0" bw="8" slack="0"/>
<pin id="256" dir="0" index="1" bw="8" slack="0"/>
<pin id="257" dir="1" index="2" bw="8" slack="22"/>
</pin_list>
<bind>
<opcode="read(1150) " fcode="read"/>
<opset="pool_kernel_read/1 "/>
</bind>
</comp>

<comp id="260" class="1004" name="grp_read_fu_260">
<pin_list>
<pin id="261" dir="0" index="0" bw="8" slack="0"/>
<pin id="262" dir="0" index="1" bw="8" slack="0"/>
<pin id="263" dir="1" index="2" bw="8" slack="0"/>
</pin_list>
<bind>
<opcode="read(1150) " fcode="read"/>
<opset="padding_read/1 "/>
</bind>
</comp>

<comp id="266" class="1004" name="grp_read_fu_266">
<pin_list>
<pin id="267" dir="0" index="0" bw="8" slack="0"/>
<pin id="268" dir="0" index="1" bw="8" slack="0"/>
<pin id="269" dir="1" index="2" bw="8" slack="0"/>
</pin_list>
<bind>
<opcode="read(1150) " fcode="read"/>
<opset="stride_read/1 "/>
</bind>
</comp>

<comp id="272" class="1004" name="grp_read_fu_272">
<pin_list>
<pin id="273" dir="0" index="0" bw="8" slack="0"/>
<pin id="274" dir="0" index="1" bw="8" slack="0"/>
<pin id="275" dir="1" index="2" bw="8" slack="0"/>
</pin_list>
<bind>
<opcode="read(1150) " fcode="read"/>
<opset="K_read/1 "/>
</bind>
</comp>

<comp id="278" class="1004" name="grp_read_fu_278">
<pin_list>
<pin id="279" dir="0" index="0" bw="16" slack="0"/>
<pin id="280" dir="0" index="1" bw="16" slack="0"/>
<pin id="281" dir="1" index="2" bw="16" slack="44"/>
</pin_list>
<bind>
<opcode="read(1150) " fcode="read"/>
<opset="C_out_read/1 "/>
</bind>
</comp>

<comp id="284" class="1004" name="grp_read_fu_284">
<pin_list>
<pin id="285" dir="0" index="0" bw="16" slack="0"/>
<pin id="286" dir="0" index="1" bw="16" slack="0"/>
<pin id="287" dir="1" index="2" bw="16" slack="0"/>
</pin_list>
<bind>
<opcode="read(1150) " fcode="read"/>
<opset="W_in_read/1 "/>
</bind>
</comp>

<comp id="290" class="1004" name="grp_read_fu_290">
<pin_list>
<pin id="291" dir="0" index="0" bw="16" slack="0"/>
<pin id="292" dir="0" index="1" bw="16" slack="0"/>
<pin id="293" dir="1" index="2" bw="16" slack="0"/>
</pin_list>
<bind>
<opcode="read(1150) " fcode="read"/>
<opset="H_in_read/1 "/>
</bind>
</comp>

<comp id="296" class="1004" name="grp_read_fu_296">
<pin_list>
<pin id="297" dir="0" index="0" bw="16" slack="0"/>
<pin id="298" dir="0" index="1" bw="16" slack="0"/>
<pin id="299" dir="1" index="2" bw="16" slack="44"/>
</pin_list>
<bind>
<opcode="read(1150) " fcode="read"/>
<opset="C_in_read/1 "/>
</bind>
</comp>

<comp id="302" class="1004" name="grp_writeresp_fu_302">
<pin_list>
<pin id="303" dir="0" index="0" bw="1" slack="0"/>
<pin id="304" dir="0" index="1" bw="8" slack="51"/>
<pin id="305" dir="0" index="2" bw="32" slack="1"/>
<pin id="306" dir="1" index="3" bw="1" slack="2147483647"/>
</pin_list>
<bind>
<opcode="writereq(1155) writeresp(1158) " fcode="writeresp"/>
<opset="empty_34/52 empty_40/115 "/>
</bind>
</comp>

<comp id="308" class="1004" name="grp_readreq_fu_308">
<pin_list>
<pin id="309" dir="0" index="0" bw="1" slack="0"/>
<pin id="310" dir="0" index="1" bw="8" slack="1"/>
<pin id="311" dir="0" index="2" bw="1" slack="0"/>
<pin id="312" dir="1" index="3" bw="1" slack="2147483647"/>
</pin_list>
<bind>
<opcode="readreq(1154) " fcode="readreq"/>
<opset="gmem0_load_req/54 "/>
</bind>
</comp>

<comp id="315" class="1004" name="grp_readreq_fu_315">
<pin_list>
<pin id="316" dir="0" index="0" bw="1" slack="0"/>
<pin id="317" dir="0" index="1" bw="8" slack="2"/>
<pin id="318" dir="0" index="2" bw="1" slack="0"/>
<pin id="319" dir="1" index="3" bw="1" slack="2147483647"/>
</pin_list>
<bind>
<opcode="readreq(1154) " fcode="readreq"/>
<opset="gmem0_load_1_req/55 "/>
</bind>
</comp>

<comp id="322" class="1004" name="grp_readreq_fu_322">
<pin_list>
<pin id="323" dir="0" index="0" bw="1" slack="0"/>
<pin id="324" dir="0" index="1" bw="8" slack="3"/>
<pin id="325" dir="0" index="2" bw="1" slack="0"/>
<pin id="326" dir="1" index="3" bw="1" slack="2147483647"/>
</pin_list>
<bind>
<opcode="readreq(1154) " fcode="readreq"/>
<opset="gmem0_load_2_req/56 "/>
</bind>
</comp>

<comp id="329" class="1004" name="grp_readreq_fu_329">
<pin_list>
<pin id="330" dir="0" index="0" bw="1" slack="0"/>
<pin id="331" dir="0" index="1" bw="8" slack="4"/>
<pin id="332" dir="0" index="2" bw="1" slack="0"/>
<pin id="333" dir="1" index="3" bw="1" slack="2147483647"/>
</pin_list>
<bind>
<opcode="readreq(1154) " fcode="readreq"/>
<opset="gmem0_load_3_req/57 "/>
</bind>
</comp>

<comp id="336" class="1004" name="gmem0_addr_1_read_read_fu_336">
<pin_list>
<pin id="337" dir="0" index="0" bw="8" slack="0"/>
<pin id="338" dir="0" index="1" bw="8" slack="8"/>
<pin id="339" dir="1" index="2" bw="8" slack="3"/>
</pin_list>
<bind>
<opcode="read(1150) " fcode="read"/>
<opset="gmem0_addr_1_read/61 "/>
</bind>
</comp>

<comp id="341" class="1004" name="gmem0_addr_2_read_read_fu_341">
<pin_list>
<pin id="342" dir="0" index="0" bw="8" slack="0"/>
<pin id="343" dir="0" index="1" bw="8" slack="9"/>
<pin id="344" dir="1" index="2" bw="8" slack="2"/>
</pin_list>
<bind>
<opcode="read(1150) " fcode="read"/>
<opset="gmem0_addr_2_read/62 "/>
</bind>
</comp>

<comp id="346" class="1004" name="gmem0_addr_3_read_read_fu_346">
<pin_list>
<pin id="347" dir="0" index="0" bw="8" slack="0"/>
<pin id="348" dir="0" index="1" bw="8" slack="10"/>
<pin id="349" dir="1" index="2" bw="8" slack="1"/>
</pin_list>
<bind>
<opcode="read(1150) " fcode="read"/>
<opset="gmem0_addr_3_read/63 "/>
</bind>
</comp>

<comp id="351" class="1004" name="gmem0_addr_4_read_read_fu_351">
<pin_list>
<pin id="352" dir="0" index="0" bw="8" slack="0"/>
<pin id="353" dir="0" index="1" bw="8" slack="11"/>
<pin id="354" dir="1" index="2" bw="8" slack="0"/>
</pin_list>
<bind>
<opcode="read(1150) " fcode="read"/>
<opset="gmem0_addr_4_read/64 "/>
</bind>
</comp>

<comp id="356" class="1004" name="write_ln128_write_fu_356">
<pin_list>
<pin id="357" dir="0" index="0" bw="0" slack="0"/>
<pin id="358" dir="0" index="1" bw="8" slack="65"/>
<pin id="359" dir="0" index="2" bw="8" slack="1"/>
<pin id="360" dir="0" index="3" bw="1" slack="0"/>
<pin id="361" dir="1" index="4" bw="0" slack="2147483647"/>
</pin_list>
<bind>
<opcode="write(1151) " fcode="write"/>
<opset="write_ln128/114 "/>
</bind>
</comp>

<comp id="365" class="1005" name="p_idx_reg_365">
<pin_list>
<pin id="366" dir="0" index="0" bw="3" slack="1"/>
<pin id="367" dir="1" index="1" bw="3" slack="1"/>
</pin_list>
<bind>
<opset="p_idx (phireg) "/>
</bind>
</comp>

<comp id="369" class="1004" name="p_idx_phi_fu_369">
<pin_list>
<pin id="370" dir="0" index="0" bw="1" slack="1"/>
<pin id="371" dir="0" index="1" bw="0" slack="2147483647"/>
<pin id="372" dir="0" index="2" bw="3" slack="0"/>
<pin id="373" dir="0" index="3" bw="0" slack="2147483647"/>
<pin id="374" dir="1" index="4" bw="3" slack="0"/>
</pin_list>
<bind>
<opcode="phi(47) " fcode="phi"/>
<opset="p_idx/65 "/>
</bind>
</comp>

<comp id="376" class="1005" name="max_val_V_reg_376">
<pin_list>
<pin id="377" dir="0" index="0" bw="8" slack="1"/>
<pin id="378" dir="1" index="1" bw="8" slack="1"/>
</pin_list>
<bind>
<opset="max_val_V (phireg) "/>
</bind>
</comp>

<comp id="381" class="1004" name="max_val_V_phi_fu_381">
<pin_list>
<pin id="382" dir="0" index="0" bw="8" slack="1"/>
<pin id="383" dir="0" index="1" bw="0" slack="2147483647"/>
<pin id="384" dir="0" index="2" bw="8" slack="1"/>
<pin id="385" dir="0" index="3" bw="0" slack="2147483647"/>
<pin id="386" dir="1" index="4" bw="8" slack="1"/>
</pin_list>
<bind>
<opcode="phi(47) " fcode="phi"/>
<opset="max_val_V/65 "/>
</bind>
</comp>

<comp id="389" class="1005" name="max_val_V_3_reg_389">
<pin_list>
<pin id="390" dir="0" index="0" bw="8" slack="1"/>
<pin id="391" dir="1" index="1" bw="8" slack="1"/>
</pin_list>
<bind>
<opset="max_val_V_3 (phireg) "/>
</bind>
</comp>

<comp id="393" class="1004" name="max_val_V_3_phi_fu_393">
<pin_list>
<pin id="394" dir="0" index="0" bw="8" slack="0"/>
<pin id="395" dir="0" index="1" bw="0" slack="2147483647"/>
<pin id="396" dir="0" index="2" bw="8" slack="48"/>
<pin id="397" dir="0" index="3" bw="0" slack="2147483647"/>
<pin id="398" dir="1" index="4" bw="8" slack="1"/>
</pin_list>
<bind>
<opcode="phi(47) " fcode="phi"/>
<opset="max_val_V_3/113 "/>
</bind>
</comp>

<comp id="401" class="1004" name="grp_initial_conv_bn_relu_Pipeline_VITIS_LOOP_90_5_fu_401">
<pin_list>
<pin id="402" dir="0" index="0" bw="0" slack="0"/>
<pin id="403" dir="0" index="1" bw="8" slack="0"/>
<pin id="404" dir="0" index="2" bw="32" slack="13"/>
<pin id="405" dir="0" index="3" bw="16" slack="13"/>
<pin id="406" dir="0" index="4" bw="8" slack="63"/>
<pin id="407" dir="0" index="5" bw="17" slack="0"/>
<pin id="408" dir="0" index="6" bw="17" slack="0"/>
<pin id="409" dir="0" index="7" bw="16" slack="63"/>
<pin id="410" dir="0" index="8" bw="16" slack="63"/>
<pin id="411" dir="0" index="9" bw="16" slack="63"/>
<pin id="412" dir="0" index="10" bw="16" slack="63"/>
<pin id="413" dir="0" index="11" bw="32" slack="1"/>
<pin id="414" dir="0" index="12" bw="64" slack="64"/>
<pin id="415" dir="0" index="13" bw="64" slack="64"/>
<pin id="416" dir="0" index="14" bw="32" slack="64"/>
<pin id="417" dir="1" index="15" bw="0" slack="2147483647"/>
</pin_list>
<bind>
<opcode="call(48) " fcode="call"/>
<opset="call_ln70/65 "/>
</bind>
</comp>

<comp id="420" class="1004" name="grp_load_fu_420">
<pin_list>
<pin id="421" dir="0" index="0" bw="32" slack="52"/>
<pin id="422" dir="1" index="1" bw="32" slack="0"/>
</pin_list>
<bind>
<opcode="load(27) " fcode="load"/>
<opset="indvar_flatten_load_1/53 indvar_flatten_load/65 "/>
</bind>
</comp>

<comp id="423" class="1004" name="gmem0_addr_fu_423">
<pin_list>
<pin id="424" dir="0" index="0" bw="64" slack="0"/>
<pin id="425" dir="0" index="1" bw="64" slack="0"/>
<pin id="426" dir="1" index="2" bw="64" slack="51"/>
</pin_list>
<bind>
<opcode="getelementptr(29) " fcode="getelementptr"/>
<opset="gmem0_addr/1 "/>
</bind>
</comp>

<comp id="429" class="1004" name="store_ln70_store_fu_429">
<pin_list>
<pin id="430" dir="0" index="0" bw="1" slack="0"/>
<pin id="431" dir="0" index="1" bw="48" slack="0"/>
<pin id="432" dir="1" index="2" bw="0" slack="2147483647"/>
</pin_list>
<bind>
<opcode="store(28) " fcode="store"/>
<opset="store_ln70/1 "/>
</bind>
</comp>

<comp id="434" class="1004" name="store_ln70_store_fu_434">
<pin_list>
<pin id="435" dir="0" index="0" bw="1" slack="0"/>
<pin id="436" dir="0" index="1" bw="16" slack="0"/>
<pin id="437" dir="1" index="2" bw="0" slack="2147483647"/>
</pin_list>
<bind>
<opcode="store(28) " fcode="store"/>
<opset="store_ln70/1 "/>
</bind>
</comp>

<comp id="439" class="1004" name="store_ln70_store_fu_439">
<pin_list>
<pin id="440" dir="0" index="0" bw="1" slack="0"/>
<pin id="441" dir="0" index="1" bw="32" slack="0"/>
<pin id="442" dir="1" index="2" bw="0" slack="2147483647"/>
</pin_list>
<bind>
<opcode="store(28) " fcode="store"/>
<opset="store_ln70/1 "/>
</bind>
</comp>

<comp id="444" class="1004" name="store_ln70_store_fu_444">
<pin_list>
<pin id="445" dir="0" index="0" bw="1" slack="0"/>
<pin id="446" dir="0" index="1" bw="16" slack="0"/>
<pin id="447" dir="1" index="2" bw="0" slack="2147483647"/>
</pin_list>
<bind>
<opcode="store(28) " fcode="store"/>
<opset="store_ln70/1 "/>
</bind>
</comp>

<comp id="449" class="1004" name="store_ln70_store_fu_449">
<pin_list>
<pin id="450" dir="0" index="0" bw="1" slack="0"/>
<pin id="451" dir="0" index="1" bw="16" slack="0"/>
<pin id="452" dir="1" index="2" bw="0" slack="2147483647"/>
</pin_list>
<bind>
<opcode="store(28) " fcode="store"/>
<opset="store_ln70/1 "/>
</bind>
</comp>

<comp id="454" class="1004" name="shl_ln_fu_454">
<pin_list>
<pin id="455" dir="0" index="0" bw="9" slack="0"/>
<pin id="456" dir="0" index="1" bw="8" slack="0"/>
<pin id="457" dir="0" index="2" bw="1" slack="0"/>
<pin id="458" dir="1" index="3" bw="9" slack="0"/>
</pin_list>
<bind>
<opcode="bitconcatenate(1004) " fcode="bitconcatenate"/>
<opset="shl_ln/2 "/>
</bind>
</comp>

<comp id="462" class="1004" name="zext_ln1495_fu_462">
<pin_list>
<pin id="463" dir="0" index="0" bw="9" slack="0"/>
<pin id="464" dir="1" index="1" bw="17" slack="0"/>
</pin_list>
<bind>
<opcode="zext(34) " fcode="zext"/>
<opset="zext_ln1495/2 "/>
</bind>
</comp>

<comp id="466" class="1004" name="zext_ln1496_fu_466">
<pin_list>
<pin id="467" dir="0" index="0" bw="16" slack="0"/>
<pin id="468" dir="1" index="1" bw="17" slack="0"/>
</pin_list>
<bind>
<opcode="zext(34) " fcode="zext"/>
<opset="zext_ln1496/2 "/>
</bind>
</comp>

<comp id="470" class="1004" name="add_ln1496_fu_470">
<pin_list>
<pin id="471" dir="0" index="0" bw="9" slack="0"/>
<pin id="472" dir="0" index="1" bw="16" slack="0"/>
<pin id="473" dir="1" index="2" bw="17" slack="0"/>
</pin_list>
<bind>
<opcode="add(8) " fcode="add"/>
<opset="add_ln1496/2 "/>
</bind>
</comp>

<comp id="476" class="1004" name="zext_ln1496_1_fu_476">
<pin_list>
<pin id="477" dir="0" index="0" bw="17" slack="0"/>
<pin id="478" dir="1" index="1" bw="18" slack="0"/>
</pin_list>
<bind>
<opcode="zext(34) " fcode="zext"/>
<opset="zext_ln1496_1/2 "/>
</bind>
</comp>

<comp id="480" class="1004" name="zext_ln1513_fu_480">
<pin_list>
<pin id="481" dir="0" index="0" bw="8" slack="0"/>
<pin id="482" dir="1" index="1" bw="18" slack="0"/>
</pin_list>
<bind>
<opcode="zext(34) " fcode="zext"/>
<opset="zext_ln1513/2 "/>
</bind>
</comp>

<comp id="484" class="1004" name="sub_ln1513_fu_484">
<pin_list>
<pin id="485" dir="0" index="0" bw="17" slack="0"/>
<pin id="486" dir="0" index="1" bw="8" slack="0"/>
<pin id="487" dir="1" index="2" bw="18" slack="0"/>
</pin_list>
<bind>
<opcode="sub(10) " fcode="sub"/>
<opset="sub_ln1513/2 "/>
</bind>
</comp>

<comp id="490" class="1004" name="zext_ln1513_1_fu_490">
<pin_list>
<pin id="491" dir="0" index="0" bw="8" slack="0"/>
<pin id="492" dir="1" index="1" bw="18" slack="0"/>
</pin_list>
<bind>
<opcode="zext(34) " fcode="zext"/>
<opset="zext_ln1513_1/2 "/>
</bind>
</comp>

<comp id="494" class="1004" name="grp_fu_494">
<pin_list>
<pin id="495" dir="0" index="0" bw="18" slack="0"/>
<pin id="496" dir="0" index="1" bw="9" slack="0"/>
<pin id="497" dir="1" index="2" bw="18" slack="0"/>
</pin_list>
<bind>
<opcode="sdiv(15) " fcode="sdiv"/>
<opset="sdiv_ln1513/2 "/>
</bind>
</comp>

<comp id="500" class="1004" name="zext_ln1496_2_fu_500">
<pin_list>
<pin id="501" dir="0" index="0" bw="16" slack="0"/>
<pin id="502" dir="1" index="1" bw="17" slack="0"/>
</pin_list>
<bind>
<opcode="zext(34) " fcode="zext"/>
<opset="zext_ln1496_2/2 "/>
</bind>
</comp>

<comp id="504" class="1004" name="add_ln1496_1_fu_504">
<pin_list>
<pin id="505" dir="0" index="0" bw="9" slack="0"/>
<pin id="506" dir="0" index="1" bw="16" slack="0"/>
<pin id="507" dir="1" index="2" bw="17" slack="0"/>
</pin_list>
<bind>
<opcode="add(8) " fcode="add"/>
<opset="add_ln1496_1/2 "/>
</bind>
</comp>

<comp id="510" class="1004" name="zext_ln1513_5_fu_510">
<pin_list>
<pin id="511" dir="0" index="0" bw="17" slack="0"/>
<pin id="512" dir="1" index="1" bw="18" slack="0"/>
</pin_list>
<bind>
<opcode="zext(34) " fcode="zext"/>
<opset="zext_ln1513_5/2 "/>
</bind>
</comp>

<comp id="514" class="1004" name="sub_ln1513_2_fu_514">
<pin_list>
<pin id="515" dir="0" index="0" bw="17" slack="0"/>
<pin id="516" dir="0" index="1" bw="8" slack="0"/>
<pin id="517" dir="1" index="2" bw="18" slack="0"/>
</pin_list>
<bind>
<opcode="sub(10) " fcode="sub"/>
<opset="sub_ln1513_2/2 "/>
</bind>
</comp>

<comp id="520" class="1004" name="grp_fu_520">
<pin_list>
<pin id="521" dir="0" index="0" bw="18" slack="0"/>
<pin id="522" dir="0" index="1" bw="9" slack="0"/>
<pin id="523" dir="1" index="2" bw="18" slack="0"/>
</pin_list>
<bind>
<opcode="sdiv(15) " fcode="sdiv"/>
<opset="sdiv_ln1513_2/2 "/>
</bind>
</comp>

<comp id="526" class="1004" name="sext_ln1495_fu_526">
<pin_list>
<pin id="527" dir="0" index="0" bw="18" slack="0"/>
<pin id="528" dir="1" index="1" bw="19" slack="0"/>
</pin_list>
<bind>
<opcode="sext(35) " fcode="sext"/>
<opset="sext_ln1495/23 "/>
</bind>
</comp>

<comp id="530" class="1004" name="add_ln1513_2_fu_530">
<pin_list>
<pin id="531" dir="0" index="0" bw="18" slack="0"/>
<pin id="532" dir="0" index="1" bw="1" slack="0"/>
<pin id="533" dir="1" index="2" bw="19" slack="1"/>
</pin_list>
<bind>
<opcode="add(8) " fcode="add"/>
<opset="add_ln1513_2/23 "/>
</bind>
</comp>

<comp id="536" class="1004" name="sext_ln1513_fu_536">
<pin_list>
<pin id="537" dir="0" index="0" bw="18" slack="0"/>
<pin id="538" dir="1" index="1" bw="19" slack="0"/>
</pin_list>
<bind>
<opcode="sext(35) " fcode="sext"/>
<opset="sext_ln1513/23 "/>
</bind>
</comp>

<comp id="540" class="1004" name="add_ln1513_3_fu_540">
<pin_list>
<pin id="541" dir="0" index="0" bw="18" slack="0"/>
<pin id="542" dir="0" index="1" bw="1" slack="0"/>
<pin id="543" dir="1" index="2" bw="19" slack="1"/>
</pin_list>
<bind>
<opcode="add(8) " fcode="add"/>
<opset="add_ln1513_3/23 "/>
</bind>
</comp>

<comp id="546" class="1004" name="shl_ln1495_1_fu_546">
<pin_list>
<pin id="547" dir="0" index="0" bw="9" slack="0"/>
<pin id="548" dir="0" index="1" bw="8" slack="22"/>
<pin id="549" dir="0" index="2" bw="1" slack="0"/>
<pin id="550" dir="1" index="3" bw="9" slack="0"/>
</pin_list>
<bind>
<opcode="bitconcatenate(1004) " fcode="bitconcatenate"/>
<opset="shl_ln1495_1/24 "/>
</bind>
</comp>

<comp id="553" class="1004" name="zext_ln1513_2_fu_553">
<pin_list>
<pin id="554" dir="0" index="0" bw="9" slack="0"/>
<pin id="555" dir="1" index="1" bw="19" slack="0"/>
</pin_list>
<bind>
<opcode="zext(34) " fcode="zext"/>
<opset="zext_ln1513_2/24 "/>
</bind>
</comp>

<comp id="557" class="1004" name="add_ln1513_fu_557">
<pin_list>
<pin id="558" dir="0" index="0" bw="19" slack="1"/>
<pin id="559" dir="0" index="1" bw="9" slack="0"/>
<pin id="560" dir="1" index="2" bw="19" slack="0"/>
</pin_list>
<bind>
<opcode="add(8) " fcode="add"/>
<opset="add_ln1513/24 "/>
</bind>
</comp>

<comp id="562" class="1004" name="zext_ln1513_3_fu_562">
<pin_list>
<pin id="563" dir="0" index="0" bw="8" slack="22"/>
<pin id="564" dir="1" index="1" bw="19" slack="0"/>
</pin_list>
<bind>
<opcode="zext(34) " fcode="zext"/>
<opset="zext_ln1513_3/24 "/>
</bind>
</comp>

<comp id="565" class="1004" name="sub_ln1513_1_fu_565">
<pin_list>
<pin id="566" dir="0" index="0" bw="19" slack="0"/>
<pin id="567" dir="0" index="1" bw="8" slack="0"/>
<pin id="568" dir="1" index="2" bw="19" slack="0"/>
</pin_list>
<bind>
<opcode="sub(10) " fcode="sub"/>
<opset="sub_ln1513_1/24 "/>
</bind>
</comp>

<comp id="571" class="1004" name="zext_ln1513_4_fu_571">
<pin_list>
<pin id="572" dir="0" index="0" bw="8" slack="22"/>
<pin id="573" dir="1" index="1" bw="19" slack="0"/>
</pin_list>
<bind>
<opcode="zext(34) " fcode="zext"/>
<opset="zext_ln1513_4/24 "/>
</bind>
</comp>

<comp id="574" class="1004" name="grp_fu_574">
<pin_list>
<pin id="575" dir="0" index="0" bw="19" slack="0"/>
<pin id="576" dir="0" index="1" bw="9" slack="0"/>
<pin id="577" dir="1" index="2" bw="16" slack="3"/>
</pin_list>
<bind>
<opcode="sdiv(15) " fcode="sdiv"/>
<opset="sdiv_ln1513_1/24 "/>
</bind>
</comp>

<comp id="580" class="1004" name="add_ln1513_1_fu_580">
<pin_list>
<pin id="581" dir="0" index="0" bw="19" slack="1"/>
<pin id="582" dir="0" index="1" bw="9" slack="0"/>
<pin id="583" dir="1" index="2" bw="19" slack="0"/>
</pin_list>
<bind>
<opcode="add(8) " fcode="add"/>
<opset="add_ln1513_1/24 "/>
</bind>
</comp>

<comp id="585" class="1004" name="sub_ln1513_3_fu_585">
<pin_list>
<pin id="586" dir="0" index="0" bw="19" slack="0"/>
<pin id="587" dir="0" index="1" bw="8" slack="0"/>
<pin id="588" dir="1" index="2" bw="19" slack="0"/>
</pin_list>
<bind>
<opcode="sub(10) " fcode="sub"/>
<opset="sub_ln1513_3/24 "/>
</bind>
</comp>

<comp id="591" class="1004" name="grp_fu_591">
<pin_list>
<pin id="592" dir="0" index="0" bw="19" slack="0"/>
<pin id="593" dir="0" index="1" bw="9" slack="0"/>
<pin id="594" dir="1" index="2" bw="16" slack="0"/>
</pin_list>
<bind>
<opcode="sdiv(15) " fcode="sdiv"/>
<opset="sdiv_ln1513_3/24 "/>
</bind>
</comp>

<comp id="597" class="1004" name="trunc_ln186_1_fu_597">
<pin_list>
<pin id="598" dir="0" index="0" bw="16" slack="0"/>
<pin id="599" dir="1" index="1" bw="16" slack="0"/>
</pin_list>
<bind>
<opcode="trunc(33) " fcode="trunc"/>
<opset="trunc_ln186_1/46 "/>
</bind>
</comp>

<comp id="601" class="1004" name="W_pool_out_V_fu_601">
<pin_list>
<pin id="602" dir="0" index="0" bw="16" slack="0"/>
<pin id="603" dir="0" index="1" bw="1" slack="0"/>
<pin id="604" dir="1" index="2" bw="16" slack="0"/>
</pin_list>
<bind>
<opcode="add(8) " fcode="add"/>
<opset="W_pool_out_V/46 "/>
</bind>
</comp>

<comp id="607" class="1004" name="conv3_i_i694_fu_607">
<pin_list>
<pin id="608" dir="0" index="0" bw="16" slack="44"/>
<pin id="609" dir="1" index="1" bw="24" slack="0"/>
</pin_list>
<bind>
<opcode="zext(34) " fcode="zext"/>
<opset="conv3_i_i694/46 "/>
</bind>
</comp>

<comp id="610" class="1004" name="conv3_i11_i700_fu_610">
<pin_list>
<pin id="611" dir="0" index="0" bw="8" slack="44"/>
<pin id="612" dir="1" index="1" bw="24" slack="0"/>
</pin_list>
<bind>
<opcode="zext(34) " fcode="zext"/>
<opset="conv3_i11_i700/46 "/>
</bind>
</comp>

<comp id="613" class="1004" name="cmp_i_i7429_fu_613">
<pin_list>
<pin id="614" dir="0" index="0" bw="16" slack="0"/>
<pin id="615" dir="0" index="1" bw="16" slack="0"/>
<pin id="616" dir="1" index="2" bw="1" slack="5"/>
</pin_list>
<bind>
<opcode="icmp(45) " fcode="icmp"/>
<opset="cmp_i_i7429/46 "/>
</bind>
</comp>

<comp id="619" class="1004" name="zext_ln70_fu_619">
<pin_list>
<pin id="620" dir="0" index="0" bw="16" slack="44"/>
<pin id="621" dir="1" index="1" bw="32" slack="0"/>
</pin_list>
<bind>
<opcode="zext(34) " fcode="zext"/>
<opset="zext_ln70/46 "/>
</bind>
</comp>

<comp id="622" class="1004" name="zext_ln70_1_fu_622">
<pin_list>
<pin id="623" dir="0" index="0" bw="16" slack="0"/>
<pin id="624" dir="1" index="1" bw="32" slack="0"/>
</pin_list>
<bind>
<opcode="zext(34) " fcode="zext"/>
<opset="zext_ln70_1/46 "/>
</bind>
</comp>

<comp id="626" class="1004" name="trunc_ln186_fu_626">
<pin_list>
<pin id="627" dir="0" index="0" bw="16" slack="3"/>
<pin id="628" dir="1" index="1" bw="16" slack="0"/>
</pin_list>
<bind>
<opcode="trunc(33) " fcode="trunc"/>
<opset="trunc_ln186/49 "/>
</bind>
</comp>

<comp id="629" class="1004" name="H_pool_out_V_fu_629">
<pin_list>
<pin id="630" dir="0" index="0" bw="16" slack="0"/>
<pin id="631" dir="0" index="1" bw="1" slack="0"/>
<pin id="632" dir="1" index="2" bw="16" slack="0"/>
</pin_list>
<bind>
<opcode="add(8) " fcode="add"/>
<opset="H_pool_out_V/49 "/>
</bind>
</comp>

<comp id="635" class="1004" name="conv3_i_i673_fu_635">
<pin_list>
<pin id="636" dir="0" index="0" bw="24" slack="0"/>
<pin id="637" dir="1" index="1" bw="32" slack="0"/>
</pin_list>
<bind>
<opcode="zext(34) " fcode="zext"/>
<opset="conv3_i_i673/49 "/>
</bind>
</comp>

<comp id="638" class="1004" name="conv3_i12_i679_fu_638">
<pin_list>
<pin id="639" dir="0" index="0" bw="8" slack="47"/>
<pin id="640" dir="1" index="1" bw="32" slack="0"/>
</pin_list>
<bind>
<opcode="zext(34) " fcode="zext"/>
<opset="conv3_i12_i679/49 "/>
</bind>
</comp>

<comp id="641" class="1004" name="icmp_ln1027_fu_641">
<pin_list>
<pin id="642" dir="0" index="0" bw="16" slack="0"/>
<pin id="643" dir="0" index="1" bw="16" slack="0"/>
<pin id="644" dir="1" index="2" bw="1" slack="1"/>
</pin_list>
<bind>
<opcode="icmp(45) " fcode="icmp"/>
<opset="icmp_ln1027/49 "/>
</bind>
</comp>

<comp id="647" class="1004" name="zext_ln70_2_fu_647">
<pin_list>
<pin id="648" dir="0" index="0" bw="16" slack="1"/>
<pin id="649" dir="1" index="1" bw="32" slack="0"/>
</pin_list>
<bind>
<opcode="zext(34) " fcode="zext"/>
<opset="zext_ln70_2/50 "/>
</bind>
</comp>

<comp id="650" class="1004" name="mul_ln70_1_fu_650">
<pin_list>
<pin id="651" dir="0" index="0" bw="32" slack="1"/>
<pin id="652" dir="0" index="1" bw="16" slack="0"/>
<pin id="653" dir="1" index="2" bw="32" slack="1"/>
</pin_list>
<bind>
<opcode="mul(12) " fcode="mul"/>
<opset="mul_ln70_1/50 "/>
</bind>
</comp>

<comp id="655" class="1004" name="cmp_i_i7357_fu_655">
<pin_list>
<pin id="656" dir="0" index="0" bw="16" slack="49"/>
<pin id="657" dir="0" index="1" bw="16" slack="0"/>
<pin id="658" dir="1" index="2" bw="1" slack="0"/>
</pin_list>
<bind>
<opcode="icmp(45) " fcode="icmp"/>
<opset="cmp_i_i7357/51 "/>
</bind>
</comp>

<comp id="660" class="1004" name="and_ln70_fu_660">
<pin_list>
<pin id="661" dir="0" index="0" bw="1" slack="0"/>
<pin id="662" dir="0" index="1" bw="1" slack="5"/>
<pin id="663" dir="1" index="2" bw="1" slack="0"/>
</pin_list>
<bind>
<opcode="and(23) " fcode="and"/>
<opset="and_ln70/51 "/>
</bind>
</comp>

<comp id="665" class="1004" name="select_ln70_fu_665">
<pin_list>
<pin id="666" dir="0" index="0" bw="1" slack="0"/>
<pin id="667" dir="0" index="1" bw="32" slack="1"/>
<pin id="668" dir="0" index="2" bw="32" slack="0"/>
<pin id="669" dir="1" index="3" bw="32" slack="0"/>
</pin_list>
<bind>
<opcode="select(49) " fcode="select"/>
<opset="select_ln70/51 "/>
</bind>
</comp>

<comp id="672" class="1004" name="empty_fu_672">
<pin_list>
<pin id="673" dir="0" index="0" bw="1" slack="2"/>
<pin id="674" dir="0" index="1" bw="32" slack="0"/>
<pin id="675" dir="0" index="2" bw="32" slack="0"/>
<pin id="676" dir="1" index="3" bw="32" slack="1"/>
</pin_list>
<bind>
<opcode="select(49) " fcode="select"/>
<opset="empty/51 "/>
</bind>
</comp>

<comp id="679" class="1004" name="K_cast6_fu_679">
<pin_list>
<pin id="680" dir="0" index="0" bw="8" slack="50"/>
<pin id="681" dir="1" index="1" bw="16" slack="0"/>
</pin_list>
<bind>
<opcode="zext(34) " fcode="zext"/>
<opset="K_cast6/52 "/>
</bind>
</comp>

<comp id="682" class="1004" name="conv3_i658_fu_682">
<pin_list>
<pin id="683" dir="0" index="0" bw="8" slack="0"/>
<pin id="684" dir="0" index="1" bw="8" slack="0"/>
<pin id="685" dir="1" index="2" bw="16" slack="13"/>
</pin_list>
<bind>
<opcode="mul(12) " fcode="mul"/>
<opset="conv3_i658/52 "/>
</bind>
</comp>

<comp id="688" class="1004" name="zext_ln102_fu_688">
<pin_list>
<pin id="689" dir="0" index="0" bw="16" slack="50"/>
<pin id="690" dir="1" index="1" bw="32" slack="9"/>
</pin_list>
<bind>
<opcode="zext(34) " fcode="zext"/>
<opset="zext_ln102/52 "/>
</bind>
</comp>

<comp id="691" class="1004" name="zext_ln18_fu_691">
<pin_list>
<pin id="692" dir="0" index="0" bw="16" slack="3"/>
<pin id="693" dir="1" index="1" bw="48" slack="0"/>
</pin_list>
<bind>
<opcode="zext(34) " fcode="zext"/>
<opset="zext_ln18/52 "/>
</bind>
</comp>

<comp id="694" class="1004" name="zext_ln18_1_fu_694">
<pin_list>
<pin id="695" dir="0" index="0" bw="32" slack="3"/>
<pin id="696" dir="1" index="1" bw="48" slack="0"/>
</pin_list>
<bind>
<opcode="zext(34) " fcode="zext"/>
<opset="zext_ln18_1/52 "/>
</bind>
</comp>

<comp id="697" class="1004" name="mul_ln18_fu_697">
<pin_list>
<pin id="698" dir="0" index="0" bw="16" slack="0"/>
<pin id="699" dir="0" index="1" bw="32" slack="0"/>
<pin id="700" dir="1" index="2" bw="48" slack="1"/>
</pin_list>
<bind>
<opcode="mul(12) " fcode="mul"/>
<opset="mul_ln18/52 "/>
</bind>
</comp>

<comp id="703" class="1004" name="icmp_ln1027_3_fu_703">
<pin_list>
<pin id="704" dir="0" index="0" bw="16" slack="50"/>
<pin id="705" dir="0" index="1" bw="16" slack="0"/>
<pin id="706" dir="1" index="2" bw="1" slack="1"/>
</pin_list>
<bind>
<opcode="icmp(45) " fcode="icmp"/>
<opset="icmp_ln1027_3/52 "/>
</bind>
</comp>

<comp id="708" class="1004" name="indvar_flatten11_load_load_fu_708">
<pin_list>
<pin id="709" dir="0" index="0" bw="48" slack="52"/>
<pin id="710" dir="1" index="1" bw="48" slack="0"/>
</pin_list>
<bind>
<opcode="load(27) " fcode="load"/>
<opset="indvar_flatten11_load/53 "/>
</bind>
</comp>

<comp id="711" class="1004" name="icmp_ln70_fu_711">
<pin_list>
<pin id="712" dir="0" index="0" bw="48" slack="0"/>
<pin id="713" dir="0" index="1" bw="48" slack="1"/>
<pin id="714" dir="1" index="2" bw="1" slack="2147483647"/>
</pin_list>
<bind>
<opcode="icmp(45) " fcode="icmp"/>
<opset="icmp_ln70/53 "/>
</bind>
</comp>

<comp id="716" class="1004" name="add_ln70_fu_716">
<pin_list>
<pin id="717" dir="0" index="0" bw="48" slack="0"/>
<pin id="718" dir="0" index="1" bw="1" slack="0"/>
<pin id="719" dir="1" index="2" bw="48" slack="12"/>
</pin_list>
<bind>
<opcode="add(8) " fcode="add"/>
<opset="add_ln70/53 "/>
</bind>
</comp>

<comp id="722" class="1004" name="c_out_load_load_fu_722">
<pin_list>
<pin id="723" dir="0" index="0" bw="16" slack="52"/>
<pin id="724" dir="1" index="1" bw="16" slack="0"/>
</pin_list>
<bind>
<opcode="load(27) " fcode="load"/>
<opset="c_out_load/53 "/>
</bind>
</comp>

<comp id="725" class="1004" name="icmp_ln71_fu_725">
<pin_list>
<pin id="726" dir="0" index="0" bw="32" slack="0"/>
<pin id="727" dir="0" index="1" bw="32" slack="4"/>
<pin id="728" dir="1" index="2" bw="1" slack="0"/>
</pin_list>
<bind>
<opcode="icmp(45) " fcode="icmp"/>
<opset="icmp_ln71/53 "/>
</bind>
</comp>

<comp id="730" class="1004" name="icmp_ln1027_4_fu_730">
<pin_list>
<pin id="731" dir="0" index="0" bw="16" slack="0"/>
<pin id="732" dir="0" index="1" bw="16" slack="51"/>
<pin id="733" dir="1" index="2" bw="1" slack="0"/>
</pin_list>
<bind>
<opcode="icmp(45) " fcode="icmp"/>
<opset="icmp_ln1027_4/53 "/>
</bind>
</comp>

<comp id="735" class="1004" name="select_ln82_2_fu_735">
<pin_list>
<pin id="736" dir="0" index="0" bw="1" slack="0"/>
<pin id="737" dir="0" index="1" bw="1" slack="1"/>
<pin id="738" dir="0" index="2" bw="1" slack="0"/>
<pin id="739" dir="1" index="3" bw="1" slack="0"/>
</pin_list>
<bind>
<opcode="select(49) " fcode="select"/>
<opset="select_ln82_2/53 "/>
</bind>
</comp>

<comp id="742" class="1004" name="or_ln71_fu_742">
<pin_list>
<pin id="743" dir="0" index="0" bw="1" slack="0"/>
<pin id="744" dir="0" index="1" bw="1" slack="0"/>
<pin id="745" dir="1" index="2" bw="1" slack="0"/>
</pin_list>
<bind>
<opcode="or(24) " fcode="or"/>
<opset="or_ln71/53 "/>
</bind>
</comp>

<comp id="748" class="1004" name="select_ln71_fu_748">
<pin_list>
<pin id="749" dir="0" index="0" bw="1" slack="0"/>
<pin id="750" dir="0" index="1" bw="16" slack="0"/>
<pin id="751" dir="0" index="2" bw="16" slack="0"/>
<pin id="752" dir="1" index="3" bw="16" slack="0"/>
</pin_list>
<bind>
<opcode="select(49) " fcode="select"/>
<opset="select_ln71/53 "/>
</bind>
</comp>

<comp id="756" class="1004" name="zext_ln1027_fu_756">
<pin_list>
<pin id="757" dir="0" index="0" bw="16" slack="0"/>
<pin id="758" dir="1" index="1" bw="64" slack="0"/>
</pin_list>
<bind>
<opcode="zext(34) " fcode="zext"/>
<opset="zext_ln1027/53 "/>
</bind>
</comp>

<comp id="760" class="1004" name="empty_36_fu_760">
<pin_list>
<pin id="761" dir="0" index="0" bw="16" slack="0"/>
<pin id="762" dir="0" index="1" bw="64" slack="52"/>
<pin id="763" dir="1" index="2" bw="64" slack="0"/>
</pin_list>
<bind>
<opcode="add(8) " fcode="add"/>
<opset="empty_36/53 "/>
</bind>
</comp>

<comp id="765" class="1004" name="empty_37_fu_765">
<pin_list>
<pin id="766" dir="0" index="0" bw="16" slack="0"/>
<pin id="767" dir="0" index="1" bw="64" slack="52"/>
<pin id="768" dir="1" index="2" bw="64" slack="0"/>
</pin_list>
<bind>
<opcode="add(8) " fcode="add"/>
<opset="empty_37/53 "/>
</bind>
</comp>

<comp id="770" class="1004" name="empty_38_fu_770">
<pin_list>
<pin id="771" dir="0" index="0" bw="16" slack="0"/>
<pin id="772" dir="0" index="1" bw="64" slack="52"/>
<pin id="773" dir="1" index="2" bw="64" slack="0"/>
</pin_list>
<bind>
<opcode="add(8) " fcode="add"/>
<opset="empty_38/53 "/>
</bind>
</comp>

<comp id="775" class="1004" name="empty_39_fu_775">
<pin_list>
<pin id="776" dir="0" index="0" bw="16" slack="0"/>
<pin id="777" dir="0" index="1" bw="64" slack="52"/>
<pin id="778" dir="1" index="2" bw="64" slack="0"/>
</pin_list>
<bind>
<opcode="add(8) " fcode="add"/>
<opset="empty_39/53 "/>
</bind>
</comp>

<comp id="780" class="1004" name="gmem0_addr_1_fu_780">
<pin_list>
<pin id="781" dir="0" index="0" bw="64" slack="0"/>
<pin id="782" dir="0" index="1" bw="64" slack="0"/>
<pin id="783" dir="1" index="2" bw="64" slack="1"/>
</pin_list>
<bind>
<opcode="getelementptr(29) " fcode="getelementptr"/>
<opset="gmem0_addr_1/53 "/>
</bind>
</comp>

<comp id="786" class="1004" name="gmem0_addr_2_fu_786">
<pin_list>
<pin id="787" dir="0" index="0" bw="64" slack="0"/>
<pin id="788" dir="0" index="1" bw="64" slack="0"/>
<pin id="789" dir="1" index="2" bw="64" slack="2"/>
</pin_list>
<bind>
<opcode="getelementptr(29) " fcode="getelementptr"/>
<opset="gmem0_addr_2/53 "/>
</bind>
</comp>

<comp id="792" class="1004" name="gmem0_addr_3_fu_792">
<pin_list>
<pin id="793" dir="0" index="0" bw="64" slack="0"/>
<pin id="794" dir="0" index="1" bw="64" slack="0"/>
<pin id="795" dir="1" index="2" bw="64" slack="3"/>
</pin_list>
<bind>
<opcode="getelementptr(29) " fcode="getelementptr"/>
<opset="gmem0_addr_3/53 "/>
</bind>
</comp>

<comp id="798" class="1004" name="gmem0_addr_4_fu_798">
<pin_list>
<pin id="799" dir="0" index="0" bw="64" slack="0"/>
<pin id="800" dir="0" index="1" bw="64" slack="0"/>
<pin id="801" dir="1" index="2" bw="64" slack="4"/>
</pin_list>
<bind>
<opcode="getelementptr(29) " fcode="getelementptr"/>
<opset="gmem0_addr_4/53 "/>
</bind>
</comp>

<comp id="804" class="1004" name="zext_ln103_fu_804">
<pin_list>
<pin id="805" dir="0" index="0" bw="16" slack="8"/>
<pin id="806" dir="1" index="1" bw="32" slack="0"/>
</pin_list>
<bind>
<opcode="zext(34) " fcode="zext"/>
<opset="zext_ln103/61 "/>
</bind>
</comp>

<comp id="807" class="1004" name="w_pool_load_load_fu_807">
<pin_list>
<pin id="808" dir="0" index="0" bw="16" slack="63"/>
<pin id="809" dir="1" index="1" bw="16" slack="0"/>
</pin_list>
<bind>
<opcode="load(27) " fcode="load"/>
<opset="w_pool_load/64 "/>
</bind>
</comp>

<comp id="810" class="1004" name="h_pool_load_load_fu_810">
<pin_list>
<pin id="811" dir="0" index="0" bw="16" slack="63"/>
<pin id="812" dir="1" index="1" bw="16" slack="0"/>
</pin_list>
<bind>
<opcode="load(27) " fcode="load"/>
<opset="h_pool_load/64 "/>
</bind>
</comp>

<comp id="813" class="1004" name="select_ln82_fu_813">
<pin_list>
<pin id="814" dir="0" index="0" bw="1" slack="11"/>
<pin id="815" dir="0" index="1" bw="16" slack="0"/>
<pin id="816" dir="0" index="2" bw="16" slack="0"/>
<pin id="817" dir="1" index="3" bw="16" slack="0"/>
</pin_list>
<bind>
<opcode="select(49) " fcode="select"/>
<opset="select_ln82/64 "/>
</bind>
</comp>

<comp id="820" class="1004" name="add_ln70_1_fu_820">
<pin_list>
<pin id="821" dir="0" index="0" bw="16" slack="0"/>
<pin id="822" dir="0" index="1" bw="1" slack="0"/>
<pin id="823" dir="1" index="2" bw="16" slack="0"/>
</pin_list>
<bind>
<opcode="add(8) " fcode="add"/>
<opset="add_ln70_1/64 "/>
</bind>
</comp>

<comp id="826" class="1004" name="select_ln82_1_fu_826">
<pin_list>
<pin id="827" dir="0" index="0" bw="1" slack="11"/>
<pin id="828" dir="0" index="1" bw="16" slack="0"/>
<pin id="829" dir="0" index="2" bw="16" slack="0"/>
<pin id="830" dir="1" index="3" bw="16" slack="1"/>
</pin_list>
<bind>
<opcode="select(49) " fcode="select"/>
<opset="select_ln82_1/64 "/>
</bind>
</comp>

<comp id="833" class="1004" name="w_pool_2_fu_833">
<pin_list>
<pin id="834" dir="0" index="0" bw="16" slack="0"/>
<pin id="835" dir="0" index="1" bw="1" slack="0"/>
<pin id="836" dir="1" index="2" bw="16" slack="0"/>
</pin_list>
<bind>
<opcode="add(8) " fcode="add"/>
<opset="w_pool_2/64 "/>
</bind>
</comp>

<comp id="839" class="1004" name="select_ln71_1_fu_839">
<pin_list>
<pin id="840" dir="0" index="0" bw="1" slack="11"/>
<pin id="841" dir="0" index="1" bw="16" slack="0"/>
<pin id="842" dir="0" index="2" bw="16" slack="0"/>
<pin id="843" dir="1" index="3" bw="16" slack="1"/>
</pin_list>
<bind>
<opcode="select(49) " fcode="select"/>
<opset="select_ln71_1/64 "/>
</bind>
</comp>

<comp id="846" class="1004" name="sext_ln112_fu_846">
<pin_list>
<pin id="847" dir="0" index="0" bw="8" slack="3"/>
<pin id="848" dir="1" index="1" bw="32" slack="3"/>
</pin_list>
<bind>
<opcode="sext(35) " fcode="sext"/>
<opset="sext_ln112/64 "/>
</bind>
</comp>

<comp id="849" class="1004" name="sext_ln114_fu_849">
<pin_list>
<pin id="850" dir="0" index="0" bw="8" slack="2"/>
<pin id="851" dir="1" index="1" bw="40" slack="4"/>
</pin_list>
<bind>
<opcode="sext(35) " fcode="sext"/>
<opset="sext_ln114/64 "/>
</bind>
</comp>

<comp id="852" class="1004" name="sext_ln115_fu_852">
<pin_list>
<pin id="853" dir="0" index="0" bw="8" slack="0"/>
<pin id="854" dir="1" index="1" bw="32" slack="48"/>
</pin_list>
<bind>
<opcode="sext(35) " fcode="sext"/>
<opset="sext_ln115/64 "/>
</bind>
</comp>

<comp id="856" class="1004" name="sext_ln77_fu_856">
<pin_list>
<pin id="857" dir="0" index="0" bw="8" slack="1"/>
<pin id="858" dir="1" index="1" bw="40" slack="5"/>
</pin_list>
<bind>
<opcode="sext(35) " fcode="sext"/>
<opset="sext_ln77/64 "/>
</bind>
</comp>

<comp id="859" class="1004" name="sext_ln840_fu_859">
<pin_list>
<pin id="860" dir="0" index="0" bw="8" slack="0"/>
<pin id="861" dir="1" index="1" bw="16" slack="48"/>
</pin_list>
<bind>
<opcode="sext(35) " fcode="sext"/>
<opset="sext_ln840/64 "/>
</bind>
</comp>

<comp id="863" class="1004" name="icmp_ln77_fu_863">
<pin_list>
<pin id="864" dir="0" index="0" bw="3" slack="0"/>
<pin id="865" dir="0" index="1" bw="3" slack="0"/>
<pin id="866" dir="1" index="2" bw="1" slack="2147483647"/>
</pin_list>
<bind>
<opcode="icmp(45) " fcode="icmp"/>
<opset="icmp_ln77/65 "/>
</bind>
</comp>

<comp id="869" class="1004" name="p_idx_1_fu_869">
<pin_list>
<pin id="870" dir="0" index="0" bw="3" slack="0"/>
<pin id="871" dir="0" index="1" bw="1" slack="0"/>
<pin id="872" dir="1" index="2" bw="3" slack="0"/>
</pin_list>
<bind>
<opcode="add(8) " fcode="add"/>
<opset="p_idx_1/65 "/>
</bind>
</comp>

<comp id="875" class="1004" name="pw_fu_875">
<pin_list>
<pin id="876" dir="0" index="0" bw="3" slack="0"/>
<pin id="877" dir="1" index="1" bw="1" slack="0"/>
</pin_list>
<bind>
<opcode="trunc(33) " fcode="trunc"/>
<opset="pw/65 "/>
</bind>
</comp>

<comp id="879" class="1004" name="tmp_fu_879">
<pin_list>
<pin id="880" dir="0" index="0" bw="1" slack="0"/>
<pin id="881" dir="0" index="1" bw="3" slack="0"/>
<pin id="882" dir="0" index="2" bw="1" slack="0"/>
<pin id="883" dir="1" index="3" bw="1" slack="0"/>
</pin_list>
<bind>
<opcode="bitselect(1000) " fcode="bitselect"/>
<opset="tmp/65 "/>
</bind>
</comp>

<comp id="887" class="1004" name="conv_h_fu_887">
<pin_list>
<pin id="888" dir="0" index="0" bw="17" slack="0"/>
<pin id="889" dir="0" index="1" bw="16" slack="1"/>
<pin id="890" dir="0" index="2" bw="1" slack="0"/>
<pin id="891" dir="1" index="3" bw="17" slack="0"/>
</pin_list>
<bind>
<opcode="bitconcatenate(1004) " fcode="bitconcatenate"/>
<opset="conv_h/65 "/>
</bind>
</comp>

<comp id="895" class="1004" name="conv_w_fu_895">
<pin_list>
<pin id="896" dir="0" index="0" bw="17" slack="0"/>
<pin id="897" dir="0" index="1" bw="16" slack="1"/>
<pin id="898" dir="0" index="2" bw="1" slack="0"/>
<pin id="899" dir="1" index="3" bw="17" slack="0"/>
</pin_list>
<bind>
<opcode="bitconcatenate(1004) " fcode="bitconcatenate"/>
<opset="conv_w/65 "/>
</bind>
</comp>

<comp id="903" class="1004" name="icmp_ln85_fu_903">
<pin_list>
<pin id="904" dir="0" index="0" bw="17" slack="0"/>
<pin id="905" dir="0" index="1" bw="17" slack="63"/>
<pin id="906" dir="1" index="2" bw="1" slack="0"/>
</pin_list>
<bind>
<opcode="icmp(45) " fcode="icmp"/>
<opset="icmp_ln85/65 "/>
</bind>
</comp>

<comp id="908" class="1004" name="icmp_ln1027_2_fu_908">
<pin_list>
<pin id="909" dir="0" index="0" bw="17" slack="0"/>
<pin id="910" dir="0" index="1" bw="17" slack="63"/>
<pin id="911" dir="1" index="2" bw="1" slack="0"/>
</pin_list>
<bind>
<opcode="icmp(45) " fcode="icmp"/>
<opset="icmp_ln1027_2/65 "/>
</bind>
</comp>

<comp id="913" class="1004" name="and_ln85_fu_913">
<pin_list>
<pin id="914" dir="0" index="0" bw="1" slack="0"/>
<pin id="915" dir="0" index="1" bw="1" slack="0"/>
<pin id="916" dir="1" index="2" bw="1" slack="48"/>
</pin_list>
<bind>
<opcode="and(23) " fcode="and"/>
<opset="and_ln85/65 "/>
</bind>
</comp>

<comp id="919" class="1004" name="add_ln72_fu_919">
<pin_list>
<pin id="920" dir="0" index="0" bw="16" slack="12"/>
<pin id="921" dir="0" index="1" bw="1" slack="0"/>
<pin id="922" dir="1" index="2" bw="16" slack="0"/>
</pin_list>
<bind>
<opcode="add(8) " fcode="add"/>
<opset="add_ln72/65 "/>
</bind>
</comp>

<comp id="924" class="1004" name="add_ln71_1_fu_924">
<pin_list>
<pin id="925" dir="0" index="0" bw="32" slack="0"/>
<pin id="926" dir="0" index="1" bw="1" slack="0"/>
<pin id="927" dir="1" index="2" bw="32" slack="0"/>
</pin_list>
<bind>
<opcode="add(8) " fcode="add"/>
<opset="add_ln71_1/65 "/>
</bind>
</comp>

<comp id="930" class="1004" name="select_ln71_2_fu_930">
<pin_list>
<pin id="931" dir="0" index="0" bw="1" slack="12"/>
<pin id="932" dir="0" index="1" bw="32" slack="0"/>
<pin id="933" dir="0" index="2" bw="32" slack="0"/>
<pin id="934" dir="1" index="3" bw="32" slack="0"/>
</pin_list>
<bind>
<opcode="select(49) " fcode="select"/>
<opset="select_ln71_2/65 "/>
</bind>
</comp>

<comp id="937" class="1004" name="store_ln72_store_fu_937">
<pin_list>
<pin id="938" dir="0" index="0" bw="48" slack="12"/>
<pin id="939" dir="0" index="1" bw="48" slack="64"/>
<pin id="940" dir="1" index="2" bw="0" slack="2147483647"/>
</pin_list>
<bind>
<opcode="store(28) " fcode="store"/>
<opset="store_ln72/65 "/>
</bind>
</comp>

<comp id="941" class="1004" name="store_ln72_store_fu_941">
<pin_list>
<pin id="942" dir="0" index="0" bw="16" slack="1"/>
<pin id="943" dir="0" index="1" bw="16" slack="64"/>
<pin id="944" dir="1" index="2" bw="0" slack="2147483647"/>
</pin_list>
<bind>
<opcode="store(28) " fcode="store"/>
<opset="store_ln72/65 "/>
</bind>
</comp>

<comp id="945" class="1004" name="store_ln72_store_fu_945">
<pin_list>
<pin id="946" dir="0" index="0" bw="32" slack="0"/>
<pin id="947" dir="0" index="1" bw="32" slack="64"/>
<pin id="948" dir="1" index="2" bw="0" slack="2147483647"/>
</pin_list>
<bind>
<opcode="store(28) " fcode="store"/>
<opset="store_ln72/65 "/>
</bind>
</comp>

<comp id="950" class="1004" name="store_ln72_store_fu_950">
<pin_list>
<pin id="951" dir="0" index="0" bw="16" slack="1"/>
<pin id="952" dir="0" index="1" bw="16" slack="64"/>
<pin id="953" dir="1" index="2" bw="0" slack="2147483647"/>
</pin_list>
<bind>
<opcode="store(28) " fcode="store"/>
<opset="store_ln72/65 "/>
</bind>
</comp>

<comp id="954" class="1004" name="store_ln72_store_fu_954">
<pin_list>
<pin id="955" dir="0" index="0" bw="16" slack="0"/>
<pin id="956" dir="0" index="1" bw="16" slack="64"/>
<pin id="957" dir="1" index="2" bw="0" slack="2147483647"/>
</pin_list>
<bind>
<opcode="store(28) " fcode="store"/>
<opset="store_ln72/65 "/>
</bind>
</comp>

<comp id="959" class="1004" name="sum_V_loc_load_load_fu_959">
<pin_list>
<pin id="960" dir="0" index="0" bw="32" slack="66"/>
<pin id="961" dir="1" index="1" bw="32" slack="0"/>
</pin_list>
<bind>
<opcode="load(27) " fcode="load"/>
<opset="sum_V_loc_load/67 "/>
</bind>
</comp>

<comp id="962" class="1004" name="val_V_fu_962">
<pin_list>
<pin id="963" dir="0" index="0" bw="32" slack="0"/>
<pin id="964" dir="0" index="1" bw="8" slack="3"/>
<pin id="965" dir="1" index="2" bw="32" slack="1"/>
</pin_list>
<bind>
<opcode="sub(10) " fcode="sub"/>
<opset="val_V/67 "/>
</bind>
</comp>

<comp id="967" class="1004" name="sext_ln1513_1_fu_967">
<pin_list>
<pin id="968" dir="0" index="0" bw="32" slack="1"/>
<pin id="969" dir="1" index="1" bw="40" slack="0"/>
</pin_list>
<bind>
<opcode="sext(35) " fcode="sext"/>
<opset="sext_ln1513_1/68 "/>
</bind>
</comp>

<comp id="970" class="1004" name="mul_ln1513_fu_970">
<pin_list>
<pin id="971" dir="0" index="0" bw="32" slack="0"/>
<pin id="972" dir="0" index="1" bw="8" slack="4"/>
<pin id="973" dir="1" index="2" bw="40" slack="1"/>
</pin_list>
<bind>
<opcode="mul(12) " fcode="mul"/>
<opset="mul_ln1513/68 "/>
</bind>
</comp>

<comp id="975" class="1004" name="grp_fu_975">
<pin_list>
<pin id="976" dir="0" index="0" bw="40" slack="1"/>
<pin id="977" dir="0" index="1" bw="8" slack="5"/>
<pin id="978" dir="1" index="2" bw="32" slack="0"/>
</pin_list>
<bind>
<opcode="sdiv(15) " fcode="sdiv"/>
<opset="sdiv_ln1513_4/69 "/>
</bind>
</comp>

<comp id="979" class="1004" name="val_V_1_fu_979">
<pin_list>
<pin id="980" dir="0" index="0" bw="32" slack="0"/>
<pin id="981" dir="1" index="1" bw="32" slack="0"/>
</pin_list>
<bind>
<opcode="trunc(33) " fcode="trunc"/>
<opset="val_V_1/112 "/>
</bind>
</comp>

<comp id="983" class="1004" name="trunc_ln840_fu_983">
<pin_list>
<pin id="984" dir="0" index="0" bw="32" slack="0"/>
<pin id="985" dir="1" index="1" bw="16" slack="0"/>
</pin_list>
<bind>
<opcode="trunc(33) " fcode="trunc"/>
<opset="trunc_ln840/112 "/>
</bind>
</comp>

<comp id="987" class="1004" name="val_V_2_fu_987">
<pin_list>
<pin id="988" dir="0" index="0" bw="32" slack="0"/>
<pin id="989" dir="0" index="1" bw="8" slack="48"/>
<pin id="990" dir="1" index="2" bw="32" slack="1"/>
</pin_list>
<bind>
<opcode="add(8) " fcode="add"/>
<opset="val_V_2/112 "/>
</bind>
</comp>

<comp id="992" class="1004" name="add_ln112_fu_992">
<pin_list>
<pin id="993" dir="0" index="0" bw="16" slack="0"/>
<pin id="994" dir="0" index="1" bw="8" slack="48"/>
<pin id="995" dir="1" index="2" bw="16" slack="0"/>
</pin_list>
<bind>
<opcode="add(8) " fcode="add"/>
<opset="add_ln112/112 "/>
</bind>
</comp>

<comp id="997" class="1004" name="bn_relu_val_V_fu_997">
<pin_list>
<pin id="998" dir="0" index="0" bw="8" slack="0"/>
<pin id="999" dir="0" index="1" bw="16" slack="0"/>
<pin id="1000" dir="0" index="2" bw="5" slack="0"/>
<pin id="1001" dir="0" index="3" bw="5" slack="0"/>
<pin id="1002" dir="1" index="4" bw="8" slack="1"/>
</pin_list>
<bind>
<opcode="partselect(1002) " fcode="partselect"/>
<opset="bn_relu_val_V/112 "/>
</bind>
</comp>

<comp id="1007" class="1004" name="icmp_ln1035_fu_1007">
<pin_list>
<pin id="1008" dir="0" index="0" bw="32" slack="1"/>
<pin id="1009" dir="0" index="1" bw="32" slack="0"/>
<pin id="1010" dir="1" index="2" bw="1" slack="0"/>
</pin_list>
<bind>
<opcode="icmp(45) " fcode="icmp"/>
<opset="icmp_ln1035/113 "/>
</bind>
</comp>

<comp id="1012" class="1004" name="bn_relu_val_V_2_fu_1012">
<pin_list>
<pin id="1013" dir="0" index="0" bw="1" slack="0"/>
<pin id="1014" dir="0" index="1" bw="8" slack="1"/>
<pin id="1015" dir="0" index="2" bw="8" slack="0"/>
<pin id="1016" dir="1" index="3" bw="8" slack="0"/>
</pin_list>
<bind>
<opcode="select(49) " fcode="select"/>
<opset="bn_relu_val_V_2/113 "/>
</bind>
</comp>

<comp id="1019" class="1004" name="icmp_ln1035_1_fu_1019">
<pin_list>
<pin id="1020" dir="0" index="0" bw="8" slack="0"/>
<pin id="1021" dir="0" index="1" bw="8" slack="48"/>
<pin id="1022" dir="1" index="2" bw="1" slack="0"/>
</pin_list>
<bind>
<opcode="icmp(45) " fcode="icmp"/>
<opset="icmp_ln1035_1/113 "/>
</bind>
</comp>

<comp id="1025" class="1004" name="max_val_V_2_fu_1025">
<pin_list>
<pin id="1026" dir="0" index="0" bw="1" slack="0"/>
<pin id="1027" dir="0" index="1" bw="8" slack="0"/>
<pin id="1028" dir="0" index="2" bw="8" slack="48"/>
<pin id="1029" dir="1" index="3" bw="8" slack="0"/>
</pin_list>
<bind>
<opcode="select(49) " fcode="select"/>
<opset="max_val_V_2/113 "/>
</bind>
</comp>

<comp id="1034" class="1007" name="grp_fu_1034">
<pin_list>
<pin id="1035" dir="0" index="0" bw="16" slack="0"/>
<pin id="1036" dir="0" index="1" bw="8" slack="0"/>
<pin id="1037" dir="1" index="2" bw="24" slack="0"/>
</pin_list>
<bind>
<opcode="mul(12) " fcode="mul"/>
<opset="mul_i708/46 "/>
</bind>
</comp>

<comp id="1041" class="1007" name="grp_fu_1041">
<pin_list>
<pin id="1042" dir="0" index="0" bw="16" slack="0"/>
<pin id="1043" dir="0" index="1" bw="16" slack="0"/>
<pin id="1044" dir="1" index="2" bw="32" slack="1"/>
</pin_list>
<bind>
<opcode="mul(12) " fcode="mul"/>
<opset="mul_ln70/46 "/>
</bind>
</comp>

<comp id="1047" class="1007" name="grp_fu_1047">
<pin_list>
<pin id="1048" dir="0" index="0" bw="24" slack="0"/>
<pin id="1049" dir="0" index="1" bw="8" slack="0"/>
<pin id="1050" dir="1" index="2" bw="32" slack="13"/>
</pin_list>
<bind>
<opcode="mul(12) " fcode="mul"/>
<opset="mul_ln70_2/49 "/>
</bind>
</comp>

<comp id="1053" class="1007" name="grp_fu_1053">
<pin_list>
<pin id="1054" dir="0" index="0" bw="16" slack="0"/>
<pin id="1055" dir="0" index="1" bw="16" slack="9"/>
<pin id="1056" dir="1" index="2" bw="32" slack="1"/>
</pin_list>
<bind>
<opcode="mul(12) " fcode="mul"/>
<opset="mul_ln103/61 "/>
</bind>
</comp>

<comp id="1058" class="1005" name="c_out_reg_1058">
<pin_list>
<pin id="1059" dir="0" index="0" bw="16" slack="0"/>
<pin id="1060" dir="1" index="1" bw="16" slack="0"/>
</pin_list>
<bind>
<opset="c_out "/>
</bind>
</comp>

<comp id="1065" class="1005" name="w_pool_reg_1065">
<pin_list>
<pin id="1066" dir="0" index="0" bw="16" slack="0"/>
<pin id="1067" dir="1" index="1" bw="16" slack="0"/>
</pin_list>
<bind>
<opset="w_pool "/>
</bind>
</comp>

<comp id="1072" class="1005" name="indvar_flatten_reg_1072">
<pin_list>
<pin id="1073" dir="0" index="0" bw="32" slack="0"/>
<pin id="1074" dir="1" index="1" bw="32" slack="0"/>
</pin_list>
<bind>
<opset="indvar_flatten "/>
</bind>
</comp>

<comp id="1079" class="1005" name="h_pool_reg_1079">
<pin_list>
<pin id="1080" dir="0" index="0" bw="16" slack="0"/>
<pin id="1081" dir="1" index="1" bw="16" slack="0"/>
</pin_list>
<bind>
<opset="h_pool "/>
</bind>
</comp>

<comp id="1086" class="1005" name="indvar_flatten11_reg_1086">
<pin_list>
<pin id="1087" dir="0" index="0" bw="48" slack="0"/>
<pin id="1088" dir="1" index="1" bw="48" slack="0"/>
</pin_list>
<bind>
<opset="indvar_flatten11 "/>
</bind>
</comp>

<comp id="1093" class="1005" name="bn_beta_read_reg_1093">
<pin_list>
<pin id="1094" dir="0" index="0" bw="64" slack="52"/>
<pin id="1095" dir="1" index="1" bw="64" slack="52"/>
</pin_list>
<bind>
<opset="bn_beta_read "/>
</bind>
</comp>

<comp id="1098" class="1005" name="bn_gamma_read_reg_1098">
<pin_list>
<pin id="1099" dir="0" index="0" bw="64" slack="52"/>
<pin id="1100" dir="1" index="1" bw="64" slack="52"/>
</pin_list>
<bind>
<opset="bn_gamma_read "/>
</bind>
</comp>

<comp id="1103" class="1005" name="bn_var_read_reg_1103">
<pin_list>
<pin id="1104" dir="0" index="0" bw="64" slack="52"/>
<pin id="1105" dir="1" index="1" bw="64" slack="52"/>
</pin_list>
<bind>
<opset="bn_var_read "/>
</bind>
</comp>

<comp id="1108" class="1005" name="bn_mean_read_reg_1108">
<pin_list>
<pin id="1109" dir="0" index="0" bw="64" slack="52"/>
<pin id="1110" dir="1" index="1" bw="64" slack="52"/>
</pin_list>
<bind>
<opset="bn_mean_read "/>
</bind>
</comp>

<comp id="1113" class="1005" name="conv_kernel_read_reg_1113">
<pin_list>
<pin id="1114" dir="0" index="0" bw="64" slack="64"/>
<pin id="1115" dir="1" index="1" bw="64" slack="64"/>
</pin_list>
<bind>
<opset="conv_kernel_read "/>
</bind>
</comp>

<comp id="1118" class="1005" name="feature_in_read_reg_1118">
<pin_list>
<pin id="1119" dir="0" index="0" bw="64" slack="64"/>
<pin id="1120" dir="1" index="1" bw="64" slack="64"/>
</pin_list>
<bind>
<opset="feature_in_read "/>
</bind>
</comp>

<comp id="1123" class="1005" name="sum_V_loc_reg_1123">
<pin_list>
<pin id="1124" dir="0" index="0" bw="32" slack="64"/>
<pin id="1125" dir="1" index="1" bw="32" slack="64"/>
</pin_list>
<bind>
<opset="sum_V_loc "/>
</bind>
</comp>

<comp id="1129" class="1005" name="gmem0_addr_reg_1129">
<pin_list>
<pin id="1130" dir="0" index="0" bw="8" slack="51"/>
<pin id="1131" dir="1" index="1" bw="8" slack="51"/>
</pin_list>
<bind>
<opset="gmem0_addr "/>
</bind>
</comp>

<comp id="1135" class="1005" name="pool_padding_read_reg_1135">
<pin_list>
<pin id="1136" dir="0" index="0" bw="8" slack="22"/>
<pin id="1137" dir="1" index="1" bw="8" slack="22"/>
</pin_list>
<bind>
<opset="pool_padding_read "/>
</bind>
</comp>

<comp id="1140" class="1005" name="pool_stride_read_reg_1140">
<pin_list>
<pin id="1141" dir="0" index="0" bw="8" slack="22"/>
<pin id="1142" dir="1" index="1" bw="8" slack="22"/>
</pin_list>
<bind>
<opset="pool_stride_read "/>
</bind>
</comp>

<comp id="1145" class="1005" name="pool_kernel_read_reg_1145">
<pin_list>
<pin id="1146" dir="0" index="0" bw="8" slack="22"/>
<pin id="1147" dir="1" index="1" bw="8" slack="22"/>
</pin_list>
<bind>
<opset="pool_kernel_read "/>
</bind>
</comp>

<comp id="1150" class="1005" name="K_read_reg_1150">
<pin_list>
<pin id="1151" dir="0" index="0" bw="8" slack="44"/>
<pin id="1152" dir="1" index="1" bw="8" slack="44"/>
</pin_list>
<bind>
<opset="K_read "/>
</bind>
</comp>

<comp id="1158" class="1005" name="C_out_read_reg_1158">
<pin_list>
<pin id="1159" dir="0" index="0" bw="16" slack="44"/>
<pin id="1160" dir="1" index="1" bw="16" slack="44"/>
</pin_list>
<bind>
<opset="C_out_read "/>
</bind>
</comp>

<comp id="1166" class="1005" name="W_in_read_reg_1166">
<pin_list>
<pin id="1167" dir="0" index="0" bw="16" slack="63"/>
<pin id="1168" dir="1" index="1" bw="16" slack="63"/>
</pin_list>
<bind>
<opset="W_in_read "/>
</bind>
</comp>

<comp id="1172" class="1005" name="H_in_read_reg_1172">
<pin_list>
<pin id="1173" dir="0" index="0" bw="16" slack="63"/>
<pin id="1174" dir="1" index="1" bw="16" slack="63"/>
</pin_list>
<bind>
<opset="H_in_read "/>
</bind>
</comp>

<comp id="1177" class="1005" name="C_in_read_reg_1177">
<pin_list>
<pin id="1178" dir="0" index="0" bw="16" slack="44"/>
<pin id="1179" dir="1" index="1" bw="16" slack="44"/>
</pin_list>
<bind>
<opset="C_in_read "/>
</bind>
</comp>

<comp id="1184" class="1005" name="zext_ln1496_reg_1184">
<pin_list>
<pin id="1185" dir="0" index="0" bw="17" slack="63"/>
<pin id="1186" dir="1" index="1" bw="17" slack="63"/>
</pin_list>
<bind>
<opset="zext_ln1496 "/>
</bind>
</comp>

<comp id="1189" class="1005" name="sub_ln1513_reg_1189">
<pin_list>
<pin id="1190" dir="0" index="0" bw="18" slack="1"/>
<pin id="1191" dir="1" index="1" bw="18" slack="1"/>
</pin_list>
<bind>
<opset="sub_ln1513 "/>
</bind>
</comp>

<comp id="1194" class="1005" name="zext_ln1513_1_reg_1194">
<pin_list>
<pin id="1195" dir="0" index="0" bw="18" slack="1"/>
<pin id="1196" dir="1" index="1" bw="18" slack="1"/>
</pin_list>
<bind>
<opset="zext_ln1513_1 "/>
</bind>
</comp>

<comp id="1200" class="1005" name="zext_ln1496_2_reg_1200">
<pin_list>
<pin id="1201" dir="0" index="0" bw="17" slack="63"/>
<pin id="1202" dir="1" index="1" bw="17" slack="63"/>
</pin_list>
<bind>
<opset="zext_ln1496_2 "/>
</bind>
</comp>

<comp id="1205" class="1005" name="sub_ln1513_2_reg_1205">
<pin_list>
<pin id="1206" dir="0" index="0" bw="18" slack="1"/>
<pin id="1207" dir="1" index="1" bw="18" slack="1"/>
</pin_list>
<bind>
<opset="sub_ln1513_2 "/>
</bind>
</comp>

<comp id="1210" class="1005" name="add_ln1513_2_reg_1210">
<pin_list>
<pin id="1211" dir="0" index="0" bw="19" slack="1"/>
<pin id="1212" dir="1" index="1" bw="19" slack="1"/>
</pin_list>
<bind>
<opset="add_ln1513_2 "/>
</bind>
</comp>

<comp id="1215" class="1005" name="add_ln1513_3_reg_1215">
<pin_list>
<pin id="1216" dir="0" index="0" bw="19" slack="1"/>
<pin id="1217" dir="1" index="1" bw="19" slack="1"/>
</pin_list>
<bind>
<opset="add_ln1513_3 "/>
</bind>
</comp>

<comp id="1220" class="1005" name="sub_ln1513_1_reg_1220">
<pin_list>
<pin id="1221" dir="0" index="0" bw="19" slack="1"/>
<pin id="1222" dir="1" index="1" bw="19" slack="1"/>
</pin_list>
<bind>
<opset="sub_ln1513_1 "/>
</bind>
</comp>

<comp id="1225" class="1005" name="zext_ln1513_4_reg_1225">
<pin_list>
<pin id="1226" dir="0" index="0" bw="19" slack="1"/>
<pin id="1227" dir="1" index="1" bw="19" slack="1"/>
</pin_list>
<bind>
<opset="zext_ln1513_4 "/>
</bind>
</comp>

<comp id="1231" class="1005" name="sub_ln1513_3_reg_1231">
<pin_list>
<pin id="1232" dir="0" index="0" bw="19" slack="1"/>
<pin id="1233" dir="1" index="1" bw="19" slack="1"/>
</pin_list>
<bind>
<opset="sub_ln1513_3 "/>
</bind>
</comp>

<comp id="1236" class="1005" name="sdiv_ln1513_1_reg_1236">
<pin_list>
<pin id="1237" dir="0" index="0" bw="16" slack="3"/>
<pin id="1238" dir="1" index="1" bw="16" slack="3"/>
</pin_list>
<bind>
<opset="sdiv_ln1513_1 "/>
</bind>
</comp>

<comp id="1241" class="1005" name="conv3_i_i694_reg_1241">
<pin_list>
<pin id="1242" dir="0" index="0" bw="24" slack="1"/>
<pin id="1243" dir="1" index="1" bw="24" slack="1"/>
</pin_list>
<bind>
<opset="conv3_i_i694 "/>
</bind>
</comp>

<comp id="1246" class="1005" name="conv3_i11_i700_reg_1246">
<pin_list>
<pin id="1247" dir="0" index="0" bw="24" slack="1"/>
<pin id="1248" dir="1" index="1" bw="24" slack="1"/>
</pin_list>
<bind>
<opset="conv3_i11_i700 "/>
</bind>
</comp>

<comp id="1251" class="1005" name="cmp_i_i7429_reg_1251">
<pin_list>
<pin id="1252" dir="0" index="0" bw="1" slack="5"/>
<pin id="1253" dir="1" index="1" bw="1" slack="5"/>
</pin_list>
<bind>
<opset="cmp_i_i7429 "/>
</bind>
</comp>

<comp id="1256" class="1005" name="zext_ln70_reg_1256">
<pin_list>
<pin id="1257" dir="0" index="0" bw="32" slack="1"/>
<pin id="1258" dir="1" index="1" bw="32" slack="1"/>
</pin_list>
<bind>
<opset="zext_ln70 "/>
</bind>
</comp>

<comp id="1261" class="1005" name="zext_ln70_1_reg_1261">
<pin_list>
<pin id="1262" dir="0" index="0" bw="32" slack="1"/>
<pin id="1263" dir="1" index="1" bw="32" slack="1"/>
</pin_list>
<bind>
<opset="zext_ln70_1 "/>
</bind>
</comp>

<comp id="1266" class="1005" name="H_pool_out_V_reg_1266">
<pin_list>
<pin id="1267" dir="0" index="0" bw="16" slack="1"/>
<pin id="1268" dir="1" index="1" bw="16" slack="1"/>
</pin_list>
<bind>
<opset="H_pool_out_V "/>
</bind>
</comp>

<comp id="1272" class="1005" name="conv3_i_i673_reg_1272">
<pin_list>
<pin id="1273" dir="0" index="0" bw="32" slack="1"/>
<pin id="1274" dir="1" index="1" bw="32" slack="1"/>
</pin_list>
<bind>
<opset="conv3_i_i673 "/>
</bind>
</comp>

<comp id="1277" class="1005" name="conv3_i12_i679_reg_1277">
<pin_list>
<pin id="1278" dir="0" index="0" bw="32" slack="1"/>
<pin id="1279" dir="1" index="1" bw="32" slack="1"/>
</pin_list>
<bind>
<opset="conv3_i12_i679 "/>
</bind>
</comp>

<comp id="1282" class="1005" name="icmp_ln1027_reg_1282">
<pin_list>
<pin id="1283" dir="0" index="0" bw="1" slack="1"/>
<pin id="1284" dir="1" index="1" bw="1" slack="2"/>
</pin_list>
<bind>
<opset="icmp_ln1027 "/>
</bind>
</comp>

<comp id="1287" class="1005" name="mul_ln70_reg_1287">
<pin_list>
<pin id="1288" dir="0" index="0" bw="32" slack="1"/>
<pin id="1289" dir="1" index="1" bw="32" slack="1"/>
</pin_list>
<bind>
<opset="mul_ln70 "/>
</bind>
</comp>

<comp id="1294" class="1005" name="mul_ln70_1_reg_1294">
<pin_list>
<pin id="1295" dir="0" index="0" bw="32" slack="1"/>
<pin id="1296" dir="1" index="1" bw="32" slack="1"/>
</pin_list>
<bind>
<opset="mul_ln70_1 "/>
</bind>
</comp>

<comp id="1299" class="1005" name="empty_reg_1299">
<pin_list>
<pin id="1300" dir="0" index="0" bw="32" slack="1"/>
<pin id="1301" dir="1" index="1" bw="32" slack="1"/>
</pin_list>
<bind>
<opset="empty "/>
</bind>
</comp>

<comp id="1304" class="1005" name="conv3_i658_reg_1304">
<pin_list>
<pin id="1305" dir="0" index="0" bw="16" slack="13"/>
<pin id="1306" dir="1" index="1" bw="16" slack="13"/>
</pin_list>
<bind>
<opset="conv3_i658 "/>
</bind>
</comp>

<comp id="1309" class="1005" name="zext_ln102_reg_1309">
<pin_list>
<pin id="1310" dir="0" index="0" bw="32" slack="9"/>
<pin id="1311" dir="1" index="1" bw="32" slack="9"/>
</pin_list>
<bind>
<opset="zext_ln102 "/>
</bind>
</comp>

<comp id="1314" class="1005" name="mul_ln70_2_reg_1314">
<pin_list>
<pin id="1315" dir="0" index="0" bw="32" slack="13"/>
<pin id="1316" dir="1" index="1" bw="32" slack="13"/>
</pin_list>
<bind>
<opset="mul_ln70_2 "/>
</bind>
</comp>

<comp id="1319" class="1005" name="mul_ln18_reg_1319">
<pin_list>
<pin id="1320" dir="0" index="0" bw="48" slack="1"/>
<pin id="1321" dir="1" index="1" bw="48" slack="1"/>
</pin_list>
<bind>
<opset="mul_ln18 "/>
</bind>
</comp>

<comp id="1324" class="1005" name="icmp_ln1027_3_reg_1324">
<pin_list>
<pin id="1325" dir="0" index="0" bw="1" slack="1"/>
<pin id="1326" dir="1" index="1" bw="1" slack="1"/>
</pin_list>
<bind>
<opset="icmp_ln1027_3 "/>
</bind>
</comp>

<comp id="1332" class="1005" name="add_ln70_reg_1332">
<pin_list>
<pin id="1333" dir="0" index="0" bw="48" slack="12"/>
<pin id="1334" dir="1" index="1" bw="48" slack="12"/>
</pin_list>
<bind>
<opset="add_ln70 "/>
</bind>
</comp>

<comp id="1337" class="1005" name="icmp_ln71_reg_1337">
<pin_list>
<pin id="1338" dir="0" index="0" bw="1" slack="11"/>
<pin id="1339" dir="1" index="1" bw="1" slack="11"/>
</pin_list>
<bind>
<opset="icmp_ln71 "/>
</bind>
</comp>

<comp id="1344" class="1005" name="select_ln82_2_reg_1344">
<pin_list>
<pin id="1345" dir="0" index="0" bw="1" slack="11"/>
<pin id="1346" dir="1" index="1" bw="1" slack="11"/>
</pin_list>
<bind>
<opset="select_ln82_2 "/>
</bind>
</comp>

<comp id="1349" class="1005" name="select_ln71_reg_1349">
<pin_list>
<pin id="1350" dir="0" index="0" bw="16" slack="8"/>
<pin id="1351" dir="1" index="1" bw="16" slack="8"/>
</pin_list>
<bind>
<opset="select_ln71 "/>
</bind>
</comp>

<comp id="1355" class="1005" name="gmem0_addr_1_reg_1355">
<pin_list>
<pin id="1356" dir="0" index="0" bw="8" slack="1"/>
<pin id="1357" dir="1" index="1" bw="8" slack="1"/>
</pin_list>
<bind>
<opset="gmem0_addr_1 "/>
</bind>
</comp>

<comp id="1361" class="1005" name="gmem0_addr_2_reg_1361">
<pin_list>
<pin id="1362" dir="0" index="0" bw="8" slack="2"/>
<pin id="1363" dir="1" index="1" bw="8" slack="2"/>
</pin_list>
<bind>
<opset="gmem0_addr_2 "/>
</bind>
</comp>

<comp id="1367" class="1005" name="gmem0_addr_3_reg_1367">
<pin_list>
<pin id="1368" dir="0" index="0" bw="8" slack="3"/>
<pin id="1369" dir="1" index="1" bw="8" slack="3"/>
</pin_list>
<bind>
<opset="gmem0_addr_3 "/>
</bind>
</comp>

<comp id="1373" class="1005" name="gmem0_addr_4_reg_1373">
<pin_list>
<pin id="1374" dir="0" index="0" bw="8" slack="4"/>
<pin id="1375" dir="1" index="1" bw="8" slack="4"/>
</pin_list>
<bind>
<opset="gmem0_addr_4 "/>
</bind>
</comp>

<comp id="1379" class="1005" name="zext_ln103_reg_1379">
<pin_list>
<pin id="1380" dir="0" index="0" bw="32" slack="1"/>
<pin id="1381" dir="1" index="1" bw="32" slack="1"/>
</pin_list>
<bind>
<opset="zext_ln103 "/>
</bind>
</comp>

<comp id="1384" class="1005" name="gmem0_addr_1_read_reg_1384">
<pin_list>
<pin id="1385" dir="0" index="0" bw="8" slack="3"/>
<pin id="1386" dir="1" index="1" bw="8" slack="3"/>
</pin_list>
<bind>
<opset="gmem0_addr_1_read "/>
</bind>
</comp>

<comp id="1389" class="1005" name="gmem0_addr_2_read_reg_1389">
<pin_list>
<pin id="1390" dir="0" index="0" bw="8" slack="2"/>
<pin id="1391" dir="1" index="1" bw="8" slack="2"/>
</pin_list>
<bind>
<opset="gmem0_addr_2_read "/>
</bind>
</comp>

<comp id="1394" class="1005" name="gmem0_addr_3_read_reg_1394">
<pin_list>
<pin id="1395" dir="0" index="0" bw="8" slack="1"/>
<pin id="1396" dir="1" index="1" bw="8" slack="1"/>
</pin_list>
<bind>
<opset="gmem0_addr_3_read "/>
</bind>
</comp>

<comp id="1399" class="1005" name="select_ln82_1_reg_1399">
<pin_list>
<pin id="1400" dir="0" index="0" bw="16" slack="1"/>
<pin id="1401" dir="1" index="1" bw="16" slack="1"/>
</pin_list>
<bind>
<opset="select_ln82_1 "/>
</bind>
</comp>

<comp id="1405" class="1005" name="select_ln71_1_reg_1405">
<pin_list>
<pin id="1406" dir="0" index="0" bw="16" slack="1"/>
<pin id="1407" dir="1" index="1" bw="16" slack="1"/>
</pin_list>
<bind>
<opset="select_ln71_1 "/>
</bind>
</comp>

<comp id="1411" class="1005" name="mul_ln103_reg_1411">
<pin_list>
<pin id="1412" dir="0" index="0" bw="32" slack="1"/>
<pin id="1413" dir="1" index="1" bw="32" slack="1"/>
</pin_list>
<bind>
<opset="mul_ln103 "/>
</bind>
</comp>

<comp id="1416" class="1005" name="sext_ln112_reg_1416">
<pin_list>
<pin id="1417" dir="0" index="0" bw="32" slack="3"/>
<pin id="1418" dir="1" index="1" bw="32" slack="3"/>
</pin_list>
<bind>
<opset="sext_ln112 "/>
</bind>
</comp>

<comp id="1421" class="1005" name="sext_ln114_reg_1421">
<pin_list>
<pin id="1422" dir="0" index="0" bw="40" slack="4"/>
<pin id="1423" dir="1" index="1" bw="40" slack="4"/>
</pin_list>
<bind>
<opset="sext_ln114 "/>
</bind>
</comp>

<comp id="1426" class="1005" name="sext_ln115_reg_1426">
<pin_list>
<pin id="1427" dir="0" index="0" bw="32" slack="48"/>
<pin id="1428" dir="1" index="1" bw="32" slack="48"/>
</pin_list>
<bind>
<opset="sext_ln115 "/>
</bind>
</comp>

<comp id="1431" class="1005" name="sext_ln77_reg_1431">
<pin_list>
<pin id="1432" dir="0" index="0" bw="40" slack="5"/>
<pin id="1433" dir="1" index="1" bw="40" slack="5"/>
</pin_list>
<bind>
<opset="sext_ln77 "/>
</bind>
</comp>

<comp id="1436" class="1005" name="sext_ln840_reg_1436">
<pin_list>
<pin id="1437" dir="0" index="0" bw="16" slack="48"/>
<pin id="1438" dir="1" index="1" bw="16" slack="48"/>
</pin_list>
<bind>
<opset="sext_ln840 "/>
</bind>
</comp>

<comp id="1444" class="1005" name="p_idx_1_reg_1444">
<pin_list>
<pin id="1445" dir="0" index="0" bw="3" slack="0"/>
<pin id="1446" dir="1" index="1" bw="3" slack="0"/>
</pin_list>
<bind>
<opset="p_idx_1 "/>
</bind>
</comp>

<comp id="1449" class="1005" name="conv_h_reg_1449">
<pin_list>
<pin id="1450" dir="0" index="0" bw="17" slack="1"/>
<pin id="1451" dir="1" index="1" bw="17" slack="1"/>
</pin_list>
<bind>
<opset="conv_h "/>
</bind>
</comp>

<comp id="1454" class="1005" name="conv_w_reg_1454">
<pin_list>
<pin id="1455" dir="0" index="0" bw="17" slack="1"/>
<pin id="1456" dir="1" index="1" bw="17" slack="1"/>
</pin_list>
<bind>
<opset="conv_w "/>
</bind>
</comp>

<comp id="1459" class="1005" name="and_ln85_reg_1459">
<pin_list>
<pin id="1460" dir="0" index="0" bw="1" slack="48"/>
<pin id="1461" dir="1" index="1" bw="1" slack="2147483647"/>
</pin_list>
<bind>
<opset="and_ln85 "/>
</bind>
</comp>

<comp id="1463" class="1005" name="val_V_reg_1463">
<pin_list>
<pin id="1464" dir="0" index="0" bw="32" slack="1"/>
<pin id="1465" dir="1" index="1" bw="32" slack="1"/>
</pin_list>
<bind>
<opset="val_V "/>
</bind>
</comp>

<comp id="1468" class="1005" name="mul_ln1513_reg_1468">
<pin_list>
<pin id="1469" dir="0" index="0" bw="40" slack="1"/>
<pin id="1470" dir="1" index="1" bw="40" slack="1"/>
</pin_list>
<bind>
<opset="mul_ln1513 "/>
</bind>
</comp>

<comp id="1473" class="1005" name="val_V_2_reg_1473">
<pin_list>
<pin id="1474" dir="0" index="0" bw="32" slack="1"/>
<pin id="1475" dir="1" index="1" bw="32" slack="1"/>
</pin_list>
<bind>
<opset="val_V_2 "/>
</bind>
</comp>

<comp id="1478" class="1005" name="bn_relu_val_V_reg_1478">
<pin_list>
<pin id="1479" dir="0" index="0" bw="8" slack="1"/>
<pin id="1480" dir="1" index="1" bw="8" slack="1"/>
</pin_list>
<bind>
<opset="bn_relu_val_V "/>
</bind>
</comp>

</comp_list>

<net_list>
<net id="179"><net_src comp="36" pin="0"/><net_sink comp="176" pin=0"/></net>

<net id="183"><net_src comp="36" pin="0"/><net_sink comp="180" pin=0"/></net>

<net id="187"><net_src comp="36" pin="0"/><net_sink comp="184" pin=0"/></net>

<net id="191"><net_src comp="36" pin="0"/><net_sink comp="188" pin=0"/></net>

<net id="195"><net_src comp="36" pin="0"/><net_sink comp="192" pin=0"/></net>

<net id="199"><net_src comp="44" pin="0"/><net_sink comp="196" pin=0"/></net>

<net id="204"><net_src comp="38" pin="0"/><net_sink comp="200" pin=0"/></net>

<net id="205"><net_src comp="34" pin="0"/><net_sink comp="200" pin=1"/></net>

<net id="210"><net_src comp="38" pin="0"/><net_sink comp="206" pin=0"/></net>

<net id="211"><net_src comp="32" pin="0"/><net_sink comp="206" pin=1"/></net>

<net id="216"><net_src comp="38" pin="0"/><net_sink comp="212" pin=0"/></net>

<net id="217"><net_src comp="30" pin="0"/><net_sink comp="212" pin=1"/></net>

<net id="222"><net_src comp="38" pin="0"/><net_sink comp="218" pin=0"/></net>

<net id="223"><net_src comp="28" pin="0"/><net_sink comp="218" pin=1"/></net>

<net id="228"><net_src comp="38" pin="0"/><net_sink comp="224" pin=0"/></net>

<net id="229"><net_src comp="26" pin="0"/><net_sink comp="224" pin=1"/></net>

<net id="234"><net_src comp="38" pin="0"/><net_sink comp="230" pin=0"/></net>

<net id="235"><net_src comp="24" pin="0"/><net_sink comp="230" pin=1"/></net>

<net id="240"><net_src comp="38" pin="0"/><net_sink comp="236" pin=0"/></net>

<net id="241"><net_src comp="22" pin="0"/><net_sink comp="236" pin=1"/></net>

<net id="246"><net_src comp="40" pin="0"/><net_sink comp="242" pin=0"/></net>

<net id="247"><net_src comp="20" pin="0"/><net_sink comp="242" pin=1"/></net>

<net id="252"><net_src comp="40" pin="0"/><net_sink comp="248" pin=0"/></net>

<net id="253"><net_src comp="18" pin="0"/><net_sink comp="248" pin=1"/></net>

<net id="258"><net_src comp="40" pin="0"/><net_sink comp="254" pin=0"/></net>

<net id="259"><net_src comp="16" pin="0"/><net_sink comp="254" pin=1"/></net>

<net id="264"><net_src comp="40" pin="0"/><net_sink comp="260" pin=0"/></net>

<net id="265"><net_src comp="14" pin="0"/><net_sink comp="260" pin=1"/></net>

<net id="270"><net_src comp="40" pin="0"/><net_sink comp="266" pin=0"/></net>

<net id="271"><net_src comp="12" pin="0"/><net_sink comp="266" pin=1"/></net>

<net id="276"><net_src comp="40" pin="0"/><net_sink comp="272" pin=0"/></net>

<net id="277"><net_src comp="10" pin="0"/><net_sink comp="272" pin=1"/></net>

<net id="282"><net_src comp="42" pin="0"/><net_sink comp="278" pin=0"/></net>

<net id="283"><net_src comp="8" pin="0"/><net_sink comp="278" pin=1"/></net>

<net id="288"><net_src comp="42" pin="0"/><net_sink comp="284" pin=0"/></net>

<net id="289"><net_src comp="6" pin="0"/><net_sink comp="284" pin=1"/></net>

<net id="294"><net_src comp="42" pin="0"/><net_sink comp="290" pin=0"/></net>

<net id="295"><net_src comp="4" pin="0"/><net_sink comp="290" pin=1"/></net>

<net id="300"><net_src comp="42" pin="0"/><net_sink comp="296" pin=0"/></net>

<net id="301"><net_src comp="2" pin="0"/><net_sink comp="296" pin=1"/></net>

<net id="307"><net_src comp="126" pin="0"/><net_sink comp="302" pin=0"/></net>

<net id="313"><net_src comp="130" pin="0"/><net_sink comp="308" pin=0"/></net>

<net id="314"><net_src comp="36" pin="0"/><net_sink comp="308" pin=2"/></net>

<net id="320"><net_src comp="130" pin="0"/><net_sink comp="315" pin=0"/></net>

<net id="321"><net_src comp="36" pin="0"/><net_sink comp="315" pin=2"/></net>

<net id="327"><net_src comp="130" pin="0"/><net_sink comp="322" pin=0"/></net>

<net id="328"><net_src comp="36" pin="0"/><net_sink comp="322" pin=2"/></net>

<net id="334"><net_src comp="130" pin="0"/><net_sink comp="329" pin=0"/></net>

<net id="335"><net_src comp="36" pin="0"/><net_sink comp="329" pin=2"/></net>

<net id="340"><net_src comp="132" pin="0"/><net_sink comp="336" pin=0"/></net>

<net id="345"><net_src comp="132" pin="0"/><net_sink comp="341" pin=0"/></net>

<net id="350"><net_src comp="132" pin="0"/><net_sink comp="346" pin=0"/></net>

<net id="355"><net_src comp="132" pin="0"/><net_sink comp="351" pin=0"/></net>

<net id="362"><net_src comp="170" pin="0"/><net_sink comp="356" pin=0"/></net>

<net id="363"><net_src comp="172" pin="0"/><net_sink comp="356" pin=3"/></net>

<net id="364"><net_src comp="174" pin="0"/><net_sink comp="302" pin=0"/></net>

<net id="368"><net_src comp="142" pin="0"/><net_sink comp="365" pin=0"/></net>

<net id="375"><net_src comp="365" pin="1"/><net_sink comp="369" pin=0"/></net>

<net id="379"><net_src comp="144" pin="0"/><net_sink comp="376" pin=0"/></net>

<net id="380"><net_src comp="376" pin="1"/><net_sink comp="356" pin=2"/></net>

<net id="387"><net_src comp="376" pin="1"/><net_sink comp="381" pin=0"/></net>

<net id="388"><net_src comp="381" pin="4"/><net_sink comp="376" pin=0"/></net>

<net id="392"><net_src comp="389" pin="1"/><net_sink comp="381" pin=2"/></net>

<net id="399"><net_src comp="376" pin="1"/><net_sink comp="393" pin=2"/></net>

<net id="400"><net_src comp="393" pin="4"/><net_sink comp="389" pin=0"/></net>

<net id="418"><net_src comp="160" pin="0"/><net_sink comp="401" pin=0"/></net>

<net id="419"><net_src comp="0" pin="0"/><net_sink comp="401" pin=1"/></net>

<net id="427"><net_src comp="0" pin="0"/><net_sink comp="423" pin=0"/></net>

<net id="428"><net_src comp="200" pin="2"/><net_sink comp="423" pin=1"/></net>

<net id="433"><net_src comp="46" pin="0"/><net_sink comp="429" pin=0"/></net>

<net id="438"><net_src comp="48" pin="0"/><net_sink comp="434" pin=0"/></net>

<net id="443"><net_src comp="50" pin="0"/><net_sink comp="439" pin=0"/></net>

<net id="448"><net_src comp="48" pin="0"/><net_sink comp="444" pin=0"/></net>

<net id="453"><net_src comp="48" pin="0"/><net_sink comp="449" pin=0"/></net>

<net id="459"><net_src comp="52" pin="0"/><net_sink comp="454" pin=0"/></net>

<net id="460"><net_src comp="260" pin="2"/><net_sink comp="454" pin=1"/></net>

<net id="461"><net_src comp="54" pin="0"/><net_sink comp="454" pin=2"/></net>

<net id="465"><net_src comp="454" pin="3"/><net_sink comp="462" pin=0"/></net>

<net id="469"><net_src comp="290" pin="2"/><net_sink comp="466" pin=0"/></net>

<net id="474"><net_src comp="462" pin="1"/><net_sink comp="470" pin=0"/></net>

<net id="475"><net_src comp="466" pin="1"/><net_sink comp="470" pin=1"/></net>

<net id="479"><net_src comp="470" pin="2"/><net_sink comp="476" pin=0"/></net>

<net id="483"><net_src comp="272" pin="2"/><net_sink comp="480" pin=0"/></net>

<net id="488"><net_src comp="476" pin="1"/><net_sink comp="484" pin=0"/></net>

<net id="489"><net_src comp="480" pin="1"/><net_sink comp="484" pin=1"/></net>

<net id="493"><net_src comp="266" pin="2"/><net_sink comp="490" pin=0"/></net>

<net id="498"><net_src comp="484" pin="2"/><net_sink comp="494" pin=0"/></net>

<net id="499"><net_src comp="490" pin="1"/><net_sink comp="494" pin=1"/></net>

<net id="503"><net_src comp="284" pin="2"/><net_sink comp="500" pin=0"/></net>

<net id="508"><net_src comp="462" pin="1"/><net_sink comp="504" pin=0"/></net>

<net id="509"><net_src comp="500" pin="1"/><net_sink comp="504" pin=1"/></net>

<net id="513"><net_src comp="504" pin="2"/><net_sink comp="510" pin=0"/></net>

<net id="518"><net_src comp="510" pin="1"/><net_sink comp="514" pin=0"/></net>

<net id="519"><net_src comp="480" pin="1"/><net_sink comp="514" pin=1"/></net>

<net id="524"><net_src comp="514" pin="2"/><net_sink comp="520" pin=0"/></net>

<net id="525"><net_src comp="490" pin="1"/><net_sink comp="520" pin=1"/></net>

<net id="529"><net_src comp="494" pin="2"/><net_sink comp="526" pin=0"/></net>

<net id="534"><net_src comp="526" pin="1"/><net_sink comp="530" pin=0"/></net>

<net id="535"><net_src comp="56" pin="0"/><net_sink comp="530" pin=1"/></net>

<net id="539"><net_src comp="520" pin="2"/><net_sink comp="536" pin=0"/></net>

<net id="544"><net_src comp="536" pin="1"/><net_sink comp="540" pin=0"/></net>

<net id="545"><net_src comp="56" pin="0"/><net_sink comp="540" pin=1"/></net>

<net id="551"><net_src comp="52" pin="0"/><net_sink comp="546" pin=0"/></net>

<net id="552"><net_src comp="54" pin="0"/><net_sink comp="546" pin=2"/></net>

<net id="556"><net_src comp="546" pin="3"/><net_sink comp="553" pin=0"/></net>

<net id="561"><net_src comp="553" pin="1"/><net_sink comp="557" pin=1"/></net>

<net id="569"><net_src comp="557" pin="2"/><net_sink comp="565" pin=0"/></net>

<net id="570"><net_src comp="562" pin="1"/><net_sink comp="565" pin=1"/></net>

<net id="578"><net_src comp="565" pin="2"/><net_sink comp="574" pin=0"/></net>

<net id="579"><net_src comp="571" pin="1"/><net_sink comp="574" pin=1"/></net>

<net id="584"><net_src comp="553" pin="1"/><net_sink comp="580" pin=1"/></net>

<net id="589"><net_src comp="580" pin="2"/><net_sink comp="585" pin=0"/></net>

<net id="590"><net_src comp="562" pin="1"/><net_sink comp="585" pin=1"/></net>

<net id="595"><net_src comp="585" pin="2"/><net_sink comp="591" pin=0"/></net>

<net id="596"><net_src comp="571" pin="1"/><net_sink comp="591" pin=1"/></net>

<net id="600"><net_src comp="591" pin="2"/><net_sink comp="597" pin=0"/></net>

<net id="605"><net_src comp="597" pin="1"/><net_sink comp="601" pin=0"/></net>

<net id="606"><net_src comp="58" pin="0"/><net_sink comp="601" pin=1"/></net>

<net id="617"><net_src comp="601" pin="2"/><net_sink comp="613" pin=0"/></net>

<net id="618"><net_src comp="48" pin="0"/><net_sink comp="613" pin=1"/></net>

<net id="625"><net_src comp="601" pin="2"/><net_sink comp="622" pin=0"/></net>

<net id="633"><net_src comp="626" pin="1"/><net_sink comp="629" pin=0"/></net>

<net id="634"><net_src comp="58" pin="0"/><net_sink comp="629" pin=1"/></net>

<net id="645"><net_src comp="629" pin="2"/><net_sink comp="641" pin=0"/></net>

<net id="646"><net_src comp="48" pin="0"/><net_sink comp="641" pin=1"/></net>

<net id="654"><net_src comp="647" pin="1"/><net_sink comp="650" pin=1"/></net>

<net id="659"><net_src comp="48" pin="0"/><net_sink comp="655" pin=1"/></net>

<net id="664"><net_src comp="655" pin="2"/><net_sink comp="660" pin=0"/></net>

<net id="670"><net_src comp="660" pin="2"/><net_sink comp="665" pin=0"/></net>

<net id="671"><net_src comp="50" pin="0"/><net_sink comp="665" pin=2"/></net>

<net id="677"><net_src comp="665" pin="3"/><net_sink comp="672" pin=1"/></net>

<net id="678"><net_src comp="50" pin="0"/><net_sink comp="672" pin=2"/></net>

<net id="686"><net_src comp="679" pin="1"/><net_sink comp="682" pin=0"/></net>

<net id="687"><net_src comp="679" pin="1"/><net_sink comp="682" pin=1"/></net>

<net id="701"><net_src comp="691" pin="1"/><net_sink comp="697" pin=0"/></net>

<net id="702"><net_src comp="694" pin="1"/><net_sink comp="697" pin=1"/></net>

<net id="707"><net_src comp="48" pin="0"/><net_sink comp="703" pin=1"/></net>

<net id="715"><net_src comp="708" pin="1"/><net_sink comp="711" pin=0"/></net>

<net id="720"><net_src comp="708" pin="1"/><net_sink comp="716" pin=0"/></net>

<net id="721"><net_src comp="128" pin="0"/><net_sink comp="716" pin=1"/></net>

<net id="729"><net_src comp="420" pin="1"/><net_sink comp="725" pin=0"/></net>

<net id="734"><net_src comp="722" pin="1"/><net_sink comp="730" pin=0"/></net>

<net id="740"><net_src comp="725" pin="2"/><net_sink comp="735" pin=0"/></net>

<net id="741"><net_src comp="730" pin="2"/><net_sink comp="735" pin=2"/></net>

<net id="746"><net_src comp="735" pin="3"/><net_sink comp="742" pin=0"/></net>

<net id="747"><net_src comp="725" pin="2"/><net_sink comp="742" pin=1"/></net>

<net id="753"><net_src comp="742" pin="2"/><net_sink comp="748" pin=0"/></net>

<net id="754"><net_src comp="48" pin="0"/><net_sink comp="748" pin=1"/></net>

<net id="755"><net_src comp="722" pin="1"/><net_sink comp="748" pin=2"/></net>

<net id="759"><net_src comp="748" pin="3"/><net_sink comp="756" pin=0"/></net>

<net id="764"><net_src comp="756" pin="1"/><net_sink comp="760" pin=0"/></net>

<net id="769"><net_src comp="756" pin="1"/><net_sink comp="765" pin=0"/></net>

<net id="774"><net_src comp="756" pin="1"/><net_sink comp="770" pin=0"/></net>

<net id="779"><net_src comp="756" pin="1"/><net_sink comp="775" pin=0"/></net>

<net id="784"><net_src comp="0" pin="0"/><net_sink comp="780" pin=0"/></net>

<net id="785"><net_src comp="760" pin="2"/><net_sink comp="780" pin=1"/></net>

<net id="790"><net_src comp="0" pin="0"/><net_sink comp="786" pin=0"/></net>

<net id="791"><net_src comp="765" pin="2"/><net_sink comp="786" pin=1"/></net>

<net id="796"><net_src comp="0" pin="0"/><net_sink comp="792" pin=0"/></net>

<net id="797"><net_src comp="770" pin="2"/><net_sink comp="792" pin=1"/></net>

<net id="802"><net_src comp="0" pin="0"/><net_sink comp="798" pin=0"/></net>

<net id="803"><net_src comp="775" pin="2"/><net_sink comp="798" pin=1"/></net>

<net id="818"><net_src comp="48" pin="0"/><net_sink comp="813" pin=1"/></net>

<net id="819"><net_src comp="807" pin="1"/><net_sink comp="813" pin=2"/></net>

<net id="824"><net_src comp="810" pin="1"/><net_sink comp="820" pin=0"/></net>

<net id="825"><net_src comp="58" pin="0"/><net_sink comp="820" pin=1"/></net>

<net id="831"><net_src comp="820" pin="2"/><net_sink comp="826" pin=1"/></net>

<net id="832"><net_src comp="810" pin="1"/><net_sink comp="826" pin=2"/></net>

<net id="837"><net_src comp="813" pin="3"/><net_sink comp="833" pin=0"/></net>

<net id="838"><net_src comp="58" pin="0"/><net_sink comp="833" pin=1"/></net>

<net id="844"><net_src comp="833" pin="2"/><net_sink comp="839" pin=1"/></net>

<net id="845"><net_src comp="813" pin="3"/><net_sink comp="839" pin=2"/></net>

<net id="855"><net_src comp="351" pin="2"/><net_sink comp="852" pin=0"/></net>

<net id="862"><net_src comp="351" pin="2"/><net_sink comp="859" pin=0"/></net>

<net id="867"><net_src comp="369" pin="4"/><net_sink comp="863" pin=0"/></net>

<net id="868"><net_src comp="146" pin="0"/><net_sink comp="863" pin=1"/></net>

<net id="873"><net_src comp="369" pin="4"/><net_sink comp="869" pin=0"/></net>

<net id="874"><net_src comp="152" pin="0"/><net_sink comp="869" pin=1"/></net>

<net id="878"><net_src comp="369" pin="4"/><net_sink comp="875" pin=0"/></net>

<net id="884"><net_src comp="156" pin="0"/><net_sink comp="879" pin=0"/></net>

<net id="885"><net_src comp="369" pin="4"/><net_sink comp="879" pin=1"/></net>

<net id="886"><net_src comp="36" pin="0"/><net_sink comp="879" pin=2"/></net>

<net id="892"><net_src comp="158" pin="0"/><net_sink comp="887" pin=0"/></net>

<net id="893"><net_src comp="879" pin="3"/><net_sink comp="887" pin=2"/></net>

<net id="894"><net_src comp="887" pin="3"/><net_sink comp="401" pin=5"/></net>

<net id="900"><net_src comp="158" pin="0"/><net_sink comp="895" pin=0"/></net>

<net id="901"><net_src comp="875" pin="1"/><net_sink comp="895" pin=2"/></net>

<net id="902"><net_src comp="895" pin="3"/><net_sink comp="401" pin=6"/></net>

<net id="907"><net_src comp="887" pin="3"/><net_sink comp="903" pin=0"/></net>

<net id="912"><net_src comp="895" pin="3"/><net_sink comp="908" pin=0"/></net>

<net id="917"><net_src comp="903" pin="2"/><net_sink comp="913" pin=0"/></net>

<net id="918"><net_src comp="908" pin="2"/><net_sink comp="913" pin=1"/></net>

<net id="923"><net_src comp="58" pin="0"/><net_sink comp="919" pin=1"/></net>

<net id="928"><net_src comp="420" pin="1"/><net_sink comp="924" pin=0"/></net>

<net id="929"><net_src comp="36" pin="0"/><net_sink comp="924" pin=1"/></net>

<net id="935"><net_src comp="36" pin="0"/><net_sink comp="930" pin=1"/></net>

<net id="936"><net_src comp="924" pin="2"/><net_sink comp="930" pin=2"/></net>

<net id="949"><net_src comp="930" pin="3"/><net_sink comp="945" pin=0"/></net>

<net id="958"><net_src comp="919" pin="2"/><net_sink comp="954" pin=0"/></net>

<net id="966"><net_src comp="959" pin="1"/><net_sink comp="962" pin=0"/></net>

<net id="974"><net_src comp="967" pin="1"/><net_sink comp="970" pin=0"/></net>

<net id="982"><net_src comp="975" pin="2"/><net_sink comp="979" pin=0"/></net>

<net id="986"><net_src comp="975" pin="2"/><net_sink comp="983" pin=0"/></net>

<net id="991"><net_src comp="979" pin="1"/><net_sink comp="987" pin=0"/></net>

<net id="996"><net_src comp="983" pin="1"/><net_sink comp="992" pin=0"/></net>

<net id="1003"><net_src comp="162" pin="0"/><net_sink comp="997" pin=0"/></net>

<net id="1004"><net_src comp="992" pin="2"/><net_sink comp="997" pin=1"/></net>

<net id="1005"><net_src comp="164" pin="0"/><net_sink comp="997" pin=2"/></net>

<net id="1006"><net_src comp="166" pin="0"/><net_sink comp="997" pin=3"/></net>

<net id="1011"><net_src comp="50" pin="0"/><net_sink comp="1007" pin=1"/></net>

<net id="1017"><net_src comp="1007" pin="2"/><net_sink comp="1012" pin=0"/></net>

<net id="1018"><net_src comp="168" pin="0"/><net_sink comp="1012" pin=2"/></net>

<net id="1023"><net_src comp="1012" pin="3"/><net_sink comp="1019" pin=0"/></net>

<net id="1024"><net_src comp="376" pin="1"/><net_sink comp="1019" pin=1"/></net>

<net id="1030"><net_src comp="1019" pin="2"/><net_sink comp="1025" pin=0"/></net>

<net id="1031"><net_src comp="1012" pin="3"/><net_sink comp="1025" pin=1"/></net>

<net id="1032"><net_src comp="376" pin="1"/><net_sink comp="1025" pin=2"/></net>

<net id="1033"><net_src comp="1025" pin="3"/><net_sink comp="393" pin=0"/></net>

<net id="1038"><net_src comp="607" pin="1"/><net_sink comp="1034" pin=0"/></net>

<net id="1039"><net_src comp="610" pin="1"/><net_sink comp="1034" pin=1"/></net>

<net id="1040"><net_src comp="1034" pin="2"/><net_sink comp="635" pin=0"/></net>

<net id="1045"><net_src comp="619" pin="1"/><net_sink comp="1041" pin=0"/></net>

<net id="1046"><net_src comp="622" pin="1"/><net_sink comp="1041" pin=1"/></net>

<net id="1051"><net_src comp="635" pin="1"/><net_sink comp="1047" pin=0"/></net>

<net id="1052"><net_src comp="638" pin="1"/><net_sink comp="1047" pin=1"/></net>

<net id="1057"><net_src comp="804" pin="1"/><net_sink comp="1053" pin=0"/></net>

<net id="1061"><net_src comp="176" pin="1"/><net_sink comp="1058" pin=0"/></net>

<net id="1062"><net_src comp="1058" pin="1"/><net_sink comp="449" pin=1"/></net>

<net id="1063"><net_src comp="1058" pin="1"/><net_sink comp="722" pin=0"/></net>

<net id="1064"><net_src comp="1058" pin="1"/><net_sink comp="954" pin=1"/></net>

<net id="1068"><net_src comp="180" pin="1"/><net_sink comp="1065" pin=0"/></net>

<net id="1069"><net_src comp="1065" pin="1"/><net_sink comp="444" pin=1"/></net>

<net id="1070"><net_src comp="1065" pin="1"/><net_sink comp="807" pin=0"/></net>

<net id="1071"><net_src comp="1065" pin="1"/><net_sink comp="950" pin=1"/></net>

<net id="1075"><net_src comp="184" pin="1"/><net_sink comp="1072" pin=0"/></net>

<net id="1076"><net_src comp="1072" pin="1"/><net_sink comp="439" pin=1"/></net>

<net id="1077"><net_src comp="1072" pin="1"/><net_sink comp="420" pin=0"/></net>

<net id="1078"><net_src comp="1072" pin="1"/><net_sink comp="945" pin=1"/></net>

<net id="1082"><net_src comp="188" pin="1"/><net_sink comp="1079" pin=0"/></net>

<net id="1083"><net_src comp="1079" pin="1"/><net_sink comp="434" pin=1"/></net>

<net id="1084"><net_src comp="1079" pin="1"/><net_sink comp="810" pin=0"/></net>

<net id="1085"><net_src comp="1079" pin="1"/><net_sink comp="941" pin=1"/></net>

<net id="1089"><net_src comp="192" pin="1"/><net_sink comp="1086" pin=0"/></net>

<net id="1090"><net_src comp="1086" pin="1"/><net_sink comp="429" pin=1"/></net>

<net id="1091"><net_src comp="1086" pin="1"/><net_sink comp="708" pin=0"/></net>

<net id="1092"><net_src comp="1086" pin="1"/><net_sink comp="937" pin=1"/></net>

<net id="1096"><net_src comp="206" pin="2"/><net_sink comp="1093" pin=0"/></net>

<net id="1097"><net_src comp="1093" pin="1"/><net_sink comp="775" pin=1"/></net>

<net id="1101"><net_src comp="212" pin="2"/><net_sink comp="1098" pin=0"/></net>

<net id="1102"><net_src comp="1098" pin="1"/><net_sink comp="765" pin=1"/></net>

<net id="1106"><net_src comp="218" pin="2"/><net_sink comp="1103" pin=0"/></net>

<net id="1107"><net_src comp="1103" pin="1"/><net_sink comp="770" pin=1"/></net>

<net id="1111"><net_src comp="224" pin="2"/><net_sink comp="1108" pin=0"/></net>

<net id="1112"><net_src comp="1108" pin="1"/><net_sink comp="760" pin=1"/></net>

<net id="1116"><net_src comp="230" pin="2"/><net_sink comp="1113" pin=0"/></net>

<net id="1117"><net_src comp="1113" pin="1"/><net_sink comp="401" pin=13"/></net>

<net id="1121"><net_src comp="236" pin="2"/><net_sink comp="1118" pin=0"/></net>

<net id="1122"><net_src comp="1118" pin="1"/><net_sink comp="401" pin=12"/></net>

<net id="1126"><net_src comp="196" pin="1"/><net_sink comp="1123" pin=0"/></net>

<net id="1127"><net_src comp="1123" pin="1"/><net_sink comp="401" pin=14"/></net>

<net id="1128"><net_src comp="1123" pin="1"/><net_sink comp="959" pin=0"/></net>

<net id="1132"><net_src comp="423" pin="2"/><net_sink comp="1129" pin=0"/></net>

<net id="1133"><net_src comp="1129" pin="1"/><net_sink comp="302" pin=1"/></net>

<net id="1134"><net_src comp="1129" pin="1"/><net_sink comp="356" pin=1"/></net>

<net id="1138"><net_src comp="242" pin="2"/><net_sink comp="1135" pin=0"/></net>

<net id="1139"><net_src comp="1135" pin="1"/><net_sink comp="546" pin=1"/></net>

<net id="1143"><net_src comp="248" pin="2"/><net_sink comp="1140" pin=0"/></net>

<net id="1144"><net_src comp="1140" pin="1"/><net_sink comp="571" pin=0"/></net>

<net id="1148"><net_src comp="254" pin="2"/><net_sink comp="1145" pin=0"/></net>

<net id="1149"><net_src comp="1145" pin="1"/><net_sink comp="562" pin=0"/></net>

<net id="1153"><net_src comp="272" pin="2"/><net_sink comp="1150" pin=0"/></net>

<net id="1154"><net_src comp="1150" pin="1"/><net_sink comp="610" pin=0"/></net>

<net id="1155"><net_src comp="1150" pin="1"/><net_sink comp="638" pin=0"/></net>

<net id="1156"><net_src comp="1150" pin="1"/><net_sink comp="679" pin=0"/></net>

<net id="1157"><net_src comp="1150" pin="1"/><net_sink comp="401" pin=4"/></net>

<net id="1161"><net_src comp="278" pin="2"/><net_sink comp="1158" pin=0"/></net>

<net id="1162"><net_src comp="1158" pin="1"/><net_sink comp="619" pin=0"/></net>

<net id="1163"><net_src comp="1158" pin="1"/><net_sink comp="655" pin=0"/></net>

<net id="1164"><net_src comp="1158" pin="1"/><net_sink comp="703" pin=0"/></net>

<net id="1165"><net_src comp="1158" pin="1"/><net_sink comp="730" pin=1"/></net>

<net id="1169"><net_src comp="284" pin="2"/><net_sink comp="1166" pin=0"/></net>

<net id="1170"><net_src comp="1166" pin="1"/><net_sink comp="401" pin=8"/></net>

<net id="1171"><net_src comp="1166" pin="1"/><net_sink comp="401" pin=9"/></net>

<net id="1175"><net_src comp="290" pin="2"/><net_sink comp="1172" pin=0"/></net>

<net id="1176"><net_src comp="1172" pin="1"/><net_sink comp="401" pin=7"/></net>

<net id="1180"><net_src comp="296" pin="2"/><net_sink comp="1177" pin=0"/></net>

<net id="1181"><net_src comp="1177" pin="1"/><net_sink comp="607" pin=0"/></net>

<net id="1182"><net_src comp="1177" pin="1"/><net_sink comp="688" pin=0"/></net>

<net id="1183"><net_src comp="1177" pin="1"/><net_sink comp="401" pin=10"/></net>

<net id="1187"><net_src comp="466" pin="1"/><net_sink comp="1184" pin=0"/></net>

<net id="1188"><net_src comp="1184" pin="1"/><net_sink comp="903" pin=1"/></net>

<net id="1192"><net_src comp="484" pin="2"/><net_sink comp="1189" pin=0"/></net>

<net id="1193"><net_src comp="1189" pin="1"/><net_sink comp="494" pin=0"/></net>

<net id="1197"><net_src comp="490" pin="1"/><net_sink comp="1194" pin=0"/></net>

<net id="1198"><net_src comp="1194" pin="1"/><net_sink comp="494" pin=1"/></net>

<net id="1199"><net_src comp="1194" pin="1"/><net_sink comp="520" pin=1"/></net>

<net id="1203"><net_src comp="500" pin="1"/><net_sink comp="1200" pin=0"/></net>

<net id="1204"><net_src comp="1200" pin="1"/><net_sink comp="908" pin=1"/></net>

<net id="1208"><net_src comp="514" pin="2"/><net_sink comp="1205" pin=0"/></net>

<net id="1209"><net_src comp="1205" pin="1"/><net_sink comp="520" pin=0"/></net>

<net id="1213"><net_src comp="530" pin="2"/><net_sink comp="1210" pin=0"/></net>

<net id="1214"><net_src comp="1210" pin="1"/><net_sink comp="557" pin=0"/></net>

<net id="1218"><net_src comp="540" pin="2"/><net_sink comp="1215" pin=0"/></net>

<net id="1219"><net_src comp="1215" pin="1"/><net_sink comp="580" pin=0"/></net>

<net id="1223"><net_src comp="565" pin="2"/><net_sink comp="1220" pin=0"/></net>

<net id="1224"><net_src comp="1220" pin="1"/><net_sink comp="574" pin=0"/></net>

<net id="1228"><net_src comp="571" pin="1"/><net_sink comp="1225" pin=0"/></net>

<net id="1229"><net_src comp="1225" pin="1"/><net_sink comp="574" pin=1"/></net>

<net id="1230"><net_src comp="1225" pin="1"/><net_sink comp="591" pin=1"/></net>

<net id="1234"><net_src comp="585" pin="2"/><net_sink comp="1231" pin=0"/></net>

<net id="1235"><net_src comp="1231" pin="1"/><net_sink comp="591" pin=0"/></net>

<net id="1239"><net_src comp="574" pin="2"/><net_sink comp="1236" pin=0"/></net>

<net id="1240"><net_src comp="1236" pin="1"/><net_sink comp="626" pin=0"/></net>

<net id="1244"><net_src comp="607" pin="1"/><net_sink comp="1241" pin=0"/></net>

<net id="1245"><net_src comp="1241" pin="1"/><net_sink comp="1034" pin=0"/></net>

<net id="1249"><net_src comp="610" pin="1"/><net_sink comp="1246" pin=0"/></net>

<net id="1250"><net_src comp="1246" pin="1"/><net_sink comp="1034" pin=1"/></net>

<net id="1254"><net_src comp="613" pin="2"/><net_sink comp="1251" pin=0"/></net>

<net id="1255"><net_src comp="1251" pin="1"/><net_sink comp="660" pin=1"/></net>

<net id="1259"><net_src comp="619" pin="1"/><net_sink comp="1256" pin=0"/></net>

<net id="1260"><net_src comp="1256" pin="1"/><net_sink comp="1041" pin=0"/></net>

<net id="1264"><net_src comp="622" pin="1"/><net_sink comp="1261" pin=0"/></net>

<net id="1265"><net_src comp="1261" pin="1"/><net_sink comp="1041" pin=1"/></net>

<net id="1269"><net_src comp="629" pin="2"/><net_sink comp="1266" pin=0"/></net>

<net id="1270"><net_src comp="1266" pin="1"/><net_sink comp="647" pin=0"/></net>

<net id="1271"><net_src comp="1266" pin="1"/><net_sink comp="691" pin=0"/></net>

<net id="1275"><net_src comp="635" pin="1"/><net_sink comp="1272" pin=0"/></net>

<net id="1276"><net_src comp="1272" pin="1"/><net_sink comp="1047" pin=0"/></net>

<net id="1280"><net_src comp="638" pin="1"/><net_sink comp="1277" pin=0"/></net>

<net id="1281"><net_src comp="1277" pin="1"/><net_sink comp="1047" pin=1"/></net>

<net id="1285"><net_src comp="641" pin="2"/><net_sink comp="1282" pin=0"/></net>

<net id="1286"><net_src comp="1282" pin="1"/><net_sink comp="672" pin=0"/></net>

<net id="1290"><net_src comp="1041" pin="2"/><net_sink comp="1287" pin=0"/></net>

<net id="1291"><net_src comp="1287" pin="1"/><net_sink comp="650" pin=0"/></net>

<net id="1292"><net_src comp="1287" pin="1"/><net_sink comp="694" pin=0"/></net>

<net id="1293"><net_src comp="1287" pin="1"/><net_sink comp="725" pin=1"/></net>

<net id="1297"><net_src comp="650" pin="2"/><net_sink comp="1294" pin=0"/></net>

<net id="1298"><net_src comp="1294" pin="1"/><net_sink comp="665" pin=1"/></net>

<net id="1302"><net_src comp="672" pin="3"/><net_sink comp="1299" pin=0"/></net>

<net id="1303"><net_src comp="1299" pin="1"/><net_sink comp="302" pin=2"/></net>

<net id="1307"><net_src comp="682" pin="2"/><net_sink comp="1304" pin=0"/></net>

<net id="1308"><net_src comp="1304" pin="1"/><net_sink comp="401" pin=3"/></net>

<net id="1312"><net_src comp="688" pin="1"/><net_sink comp="1309" pin=0"/></net>

<net id="1313"><net_src comp="1309" pin="1"/><net_sink comp="1053" pin=1"/></net>

<net id="1317"><net_src comp="1047" pin="2"/><net_sink comp="1314" pin=0"/></net>

<net id="1318"><net_src comp="1314" pin="1"/><net_sink comp="401" pin=2"/></net>

<net id="1322"><net_src comp="697" pin="2"/><net_sink comp="1319" pin=0"/></net>

<net id="1323"><net_src comp="1319" pin="1"/><net_sink comp="711" pin=1"/></net>

<net id="1327"><net_src comp="703" pin="2"/><net_sink comp="1324" pin=0"/></net>

<net id="1328"><net_src comp="1324" pin="1"/><net_sink comp="735" pin=1"/></net>

<net id="1335"><net_src comp="716" pin="2"/><net_sink comp="1332" pin=0"/></net>

<net id="1336"><net_src comp="1332" pin="1"/><net_sink comp="937" pin=0"/></net>

<net id="1340"><net_src comp="725" pin="2"/><net_sink comp="1337" pin=0"/></net>

<net id="1341"><net_src comp="1337" pin="1"/><net_sink comp="813" pin=0"/></net>

<net id="1342"><net_src comp="1337" pin="1"/><net_sink comp="826" pin=0"/></net>

<net id="1343"><net_src comp="1337" pin="1"/><net_sink comp="930" pin=0"/></net>

<net id="1347"><net_src comp="735" pin="3"/><net_sink comp="1344" pin=0"/></net>

<net id="1348"><net_src comp="1344" pin="1"/><net_sink comp="839" pin=0"/></net>

<net id="1352"><net_src comp="748" pin="3"/><net_sink comp="1349" pin=0"/></net>

<net id="1353"><net_src comp="1349" pin="1"/><net_sink comp="804" pin=0"/></net>

<net id="1354"><net_src comp="1349" pin="1"/><net_sink comp="919" pin=0"/></net>

<net id="1358"><net_src comp="780" pin="2"/><net_sink comp="1355" pin=0"/></net>

<net id="1359"><net_src comp="1355" pin="1"/><net_sink comp="308" pin=1"/></net>

<net id="1360"><net_src comp="1355" pin="1"/><net_sink comp="336" pin=1"/></net>

<net id="1364"><net_src comp="786" pin="2"/><net_sink comp="1361" pin=0"/></net>

<net id="1365"><net_src comp="1361" pin="1"/><net_sink comp="315" pin=1"/></net>

<net id="1366"><net_src comp="1361" pin="1"/><net_sink comp="341" pin=1"/></net>

<net id="1370"><net_src comp="792" pin="2"/><net_sink comp="1367" pin=0"/></net>

<net id="1371"><net_src comp="1367" pin="1"/><net_sink comp="322" pin=1"/></net>

<net id="1372"><net_src comp="1367" pin="1"/><net_sink comp="346" pin=1"/></net>

<net id="1376"><net_src comp="798" pin="2"/><net_sink comp="1373" pin=0"/></net>

<net id="1377"><net_src comp="1373" pin="1"/><net_sink comp="329" pin=1"/></net>

<net id="1378"><net_src comp="1373" pin="1"/><net_sink comp="351" pin=1"/></net>

<net id="1382"><net_src comp="804" pin="1"/><net_sink comp="1379" pin=0"/></net>

<net id="1383"><net_src comp="1379" pin="1"/><net_sink comp="1053" pin=0"/></net>

<net id="1387"><net_src comp="336" pin="2"/><net_sink comp="1384" pin=0"/></net>

<net id="1388"><net_src comp="1384" pin="1"/><net_sink comp="846" pin=0"/></net>

<net id="1392"><net_src comp="341" pin="2"/><net_sink comp="1389" pin=0"/></net>

<net id="1393"><net_src comp="1389" pin="1"/><net_sink comp="849" pin=0"/></net>

<net id="1397"><net_src comp="346" pin="2"/><net_sink comp="1394" pin=0"/></net>

<net id="1398"><net_src comp="1394" pin="1"/><net_sink comp="856" pin=0"/></net>

<net id="1402"><net_src comp="826" pin="3"/><net_sink comp="1399" pin=0"/></net>

<net id="1403"><net_src comp="1399" pin="1"/><net_sink comp="887" pin=1"/></net>

<net id="1404"><net_src comp="1399" pin="1"/><net_sink comp="941" pin=0"/></net>

<net id="1408"><net_src comp="839" pin="3"/><net_sink comp="1405" pin=0"/></net>

<net id="1409"><net_src comp="1405" pin="1"/><net_sink comp="895" pin=1"/></net>

<net id="1410"><net_src comp="1405" pin="1"/><net_sink comp="950" pin=0"/></net>

<net id="1414"><net_src comp="1053" pin="2"/><net_sink comp="1411" pin=0"/></net>

<net id="1415"><net_src comp="1411" pin="1"/><net_sink comp="401" pin=11"/></net>

<net id="1419"><net_src comp="846" pin="1"/><net_sink comp="1416" pin=0"/></net>

<net id="1420"><net_src comp="1416" pin="1"/><net_sink comp="962" pin=1"/></net>

<net id="1424"><net_src comp="849" pin="1"/><net_sink comp="1421" pin=0"/></net>

<net id="1425"><net_src comp="1421" pin="1"/><net_sink comp="970" pin=1"/></net>

<net id="1429"><net_src comp="852" pin="1"/><net_sink comp="1426" pin=0"/></net>

<net id="1430"><net_src comp="1426" pin="1"/><net_sink comp="987" pin=1"/></net>

<net id="1434"><net_src comp="856" pin="1"/><net_sink comp="1431" pin=0"/></net>

<net id="1435"><net_src comp="1431" pin="1"/><net_sink comp="975" pin=1"/></net>

<net id="1439"><net_src comp="859" pin="1"/><net_sink comp="1436" pin=0"/></net>

<net id="1440"><net_src comp="1436" pin="1"/><net_sink comp="992" pin=1"/></net>

<net id="1447"><net_src comp="869" pin="2"/><net_sink comp="1444" pin=0"/></net>

<net id="1448"><net_src comp="1444" pin="1"/><net_sink comp="369" pin=2"/></net>

<net id="1452"><net_src comp="887" pin="3"/><net_sink comp="1449" pin=0"/></net>

<net id="1453"><net_src comp="1449" pin="1"/><net_sink comp="401" pin=5"/></net>

<net id="1457"><net_src comp="895" pin="3"/><net_sink comp="1454" pin=0"/></net>

<net id="1458"><net_src comp="1454" pin="1"/><net_sink comp="401" pin=6"/></net>

<net id="1462"><net_src comp="913" pin="2"/><net_sink comp="1459" pin=0"/></net>

<net id="1466"><net_src comp="962" pin="2"/><net_sink comp="1463" pin=0"/></net>

<net id="1467"><net_src comp="1463" pin="1"/><net_sink comp="967" pin=0"/></net>

<net id="1471"><net_src comp="970" pin="2"/><net_sink comp="1468" pin=0"/></net>

<net id="1472"><net_src comp="1468" pin="1"/><net_sink comp="975" pin=0"/></net>

<net id="1476"><net_src comp="987" pin="2"/><net_sink comp="1473" pin=0"/></net>

<net id="1477"><net_src comp="1473" pin="1"/><net_sink comp="1007" pin=0"/></net>

<net id="1481"><net_src comp="997" pin="4"/><net_sink comp="1478" pin=0"/></net>

<net id="1482"><net_src comp="1478" pin="1"/><net_sink comp="1012" pin=1"/></net>

</net_list>

</model> 
---------------- Datapath Model END ------------------

* FSMD analyzer results:
  - Output states:
	Port: gmem0 | {52 114 115 116 117 118 119 }
 - Input state : 
	Port: initial_conv_bn_relu : gmem0 | {54 55 56 57 58 59 60 61 62 63 64 65 66 }
	Port: initial_conv_bn_relu : C_in | {1 }
	Port: initial_conv_bn_relu : H_in | {1 }
	Port: initial_conv_bn_relu : W_in | {1 }
	Port: initial_conv_bn_relu : C_out | {1 }
	Port: initial_conv_bn_relu : K | {1 }
	Port: initial_conv_bn_relu : stride | {1 }
	Port: initial_conv_bn_relu : padding | {1 }
	Port: initial_conv_bn_relu : pool_kernel | {1 }
	Port: initial_conv_bn_relu : pool_stride | {1 }
	Port: initial_conv_bn_relu : pool_padding | {1 }
	Port: initial_conv_bn_relu : feature_in | {1 }
	Port: initial_conv_bn_relu : conv_kernel | {1 }
	Port: initial_conv_bn_relu : bn_mean | {1 }
	Port: initial_conv_bn_relu : bn_var | {1 }
	Port: initial_conv_bn_relu : bn_gamma | {1 }
	Port: initial_conv_bn_relu : bn_beta | {1 }
	Port: initial_conv_bn_relu : feature_out | {1 }
  - Chain level:
	State 1
		store_ln70 : 1
		store_ln70 : 1
		store_ln70 : 1
		store_ln70 : 1
		store_ln70 : 1
	State 2
		zext_ln1495 : 1
		add_ln1496 : 2
		zext_ln1496_1 : 3
		sub_ln1513 : 4
		sdiv_ln1513 : 5
		add_ln1496_1 : 2
		zext_ln1513_5 : 3
		sub_ln1513_2 : 4
		sdiv_ln1513_2 : 5
	State 3
	State 4
	State 5
	State 6
	State 7
	State 8
	State 9
	State 10
	State 11
	State 12
	State 13
	State 14
	State 15
	State 16
	State 17
	State 18
	State 19
	State 20
	State 21
	State 22
	State 23
		sext_ln1495 : 1
		add_ln1513_2 : 2
		sext_ln1513 : 1
		add_ln1513_3 : 2
	State 24
		zext_ln1513_2 : 1
		add_ln1513 : 2
		sub_ln1513_1 : 3
		sdiv_ln1513_1 : 4
		add_ln1513_1 : 2
		sub_ln1513_3 : 3
		sdiv_ln1513_3 : 4
	State 25
	State 26
	State 27
	State 28
	State 29
	State 30
	State 31
	State 32
	State 33
	State 34
	State 35
	State 36
	State 37
	State 38
	State 39
	State 40
	State 41
	State 42
	State 43
	State 44
	State 45
	State 46
		trunc_ln186_1 : 1
		W_pool_out_V : 2
		mul_i708 : 1
		cmp_i_i7429 : 3
		zext_ln70_1 : 3
		mul_ln70 : 4
	State 47
	State 48
	State 49
		H_pool_out_V : 1
		conv3_i_i673 : 1
		icmp_ln1027 : 2
		mul_ln70_2 : 2
	State 50
		mul_ln70_1 : 1
	State 51
		and_ln70 : 1
		select_ln70 : 1
		empty : 2
	State 52
		conv3_i658 : 1
		mul_ln18 : 1
	State 53
		icmp_ln70 : 1
		add_ln70 : 1
		br_ln70 : 2
		icmp_ln71 : 1
		icmp_ln1027_4 : 1
		select_ln82_2 : 2
		or_ln71 : 3
		select_ln71 : 3
		zext_ln1027 : 4
		empty_36 : 5
		empty_37 : 5
		empty_38 : 5
		empty_39 : 5
		gmem0_addr_1 : 6
		gmem0_addr_2 : 6
		gmem0_addr_3 : 6
		gmem0_addr_4 : 6
	State 54
	State 55
	State 56
	State 57
	State 58
	State 59
	State 60
	State 61
		mul_ln103 : 1
	State 62
	State 63
	State 64
		select_ln82 : 1
		add_ln70_1 : 1
		select_ln82_1 : 2
		w_pool_2 : 2
		select_ln71_1 : 3
	State 65
		icmp_ln77 : 1
		p_idx_1 : 1
		br_ln77 : 2
		pw : 1
		tmp : 1
		conv_h : 2
		conv_w : 2
		icmp_ln85 : 3
		icmp_ln1027_2 : 3
		and_ln85 : 4
		br_ln85 : 4
		call_ln70 : 3
		add_ln71_1 : 1
		select_ln71_2 : 2
		store_ln72 : 3
		store_ln72 : 1
	State 66
	State 67
		val_V : 1
	State 68
		mul_ln1513 : 1
	State 69
	State 70
	State 71
	State 72
	State 73
	State 74
	State 75
	State 76
	State 77
	State 78
	State 79
	State 80
	State 81
	State 82
	State 83
	State 84
	State 85
	State 86
	State 87
	State 88
	State 89
	State 90
	State 91
	State 92
	State 93
	State 94
	State 95
	State 96
	State 97
	State 98
	State 99
	State 100
	State 101
	State 102
	State 103
	State 104
	State 105
	State 106
	State 107
	State 108
	State 109
	State 110
	State 111
	State 112
		val_V_1 : 1
		trunc_ln840 : 1
		val_V_2 : 2
		add_ln112 : 2
		bn_relu_val_V : 3
	State 113
		bn_relu_val_V_2 : 1
		icmp_ln1035_1 : 2
		max_val_V_2 : 3
		max_val_V_3 : 4
	State 114
	State 115
	State 116
	State 117
	State 118
	State 119


============================================================
+ Verbose Summary: Datapath Resource usage 
============================================================

* Functional unit list:
|----------|----------------------------------------------------------|---------|---------|---------|---------|
| Operation|                      Functional Unit                     |   DSP   |  Delay  |    FF   |   LUT   |
|----------|----------------------------------------------------------|---------|---------|---------|---------|
|   call   | grp_initial_conv_bn_relu_Pipeline_VITIS_LOOP_90_5_fu_401 |    6    | 13.0071 |   6708  |   4903  |
|----------|----------------------------------------------------------|---------|---------|---------|---------|
|          |                        grp_fu_494                        |    0    |    0    |   226   |   137   |
|          |                        grp_fu_520                        |    0    |    0    |   226   |   137   |
|   sdiv   |                        grp_fu_574                        |    0    |    0    |   238   |   144   |
|          |                        grp_fu_591                        |    0    |    0    |   238   |   144   |
|          |                        grp_fu_975                        |    0    |    0    |   490   |   296   |
|----------|----------------------------------------------------------|---------|---------|---------|---------|
|          |                     add_ln1496_fu_470                    |    0    |    0    |    0    |    16   |
|          |                    add_ln1496_1_fu_504                   |    0    |    0    |    0    |    16   |
|          |                    add_ln1513_2_fu_530                   |    0    |    0    |    0    |    18   |
|          |                    add_ln1513_3_fu_540                   |    0    |    0    |    0    |    18   |
|          |                     add_ln1513_fu_557                    |    0    |    0    |    0    |    19   |
|          |                    add_ln1513_1_fu_580                   |    0    |    0    |    0    |    19   |
|          |                    W_pool_out_V_fu_601                   |    0    |    0    |    0    |    16   |
|          |                    H_pool_out_V_fu_629                   |    0    |    0    |    0    |    16   |
|          |                      add_ln70_fu_716                     |    0    |    0    |    0    |    48   |
|    add   |                      empty_36_fu_760                     |    0    |    0    |    0    |    64   |
|          |                      empty_37_fu_765                     |    0    |    0    |    0    |    64   |
|          |                      empty_38_fu_770                     |    0    |    0    |    0    |    64   |
|          |                      empty_39_fu_775                     |    0    |    0    |    0    |    64   |
|          |                     add_ln70_1_fu_820                    |    0    |    0    |    0    |    16   |
|          |                      w_pool_2_fu_833                     |    0    |    0    |    0    |    16   |
|          |                      p_idx_1_fu_869                      |    0    |    0    |    0    |    4    |
|          |                      add_ln72_fu_919                     |    0    |    0    |    0    |    16   |
|          |                     add_ln71_1_fu_924                    |    0    |    0    |    0    |    32   |
|          |                      val_V_2_fu_987                      |    0    |    0    |    0    |    32   |
|          |                     add_ln112_fu_992                     |    0    |    0    |    0    |    16   |
|----------|----------------------------------------------------------|---------|---------|---------|---------|
|          |                    select_ln70_fu_665                    |    0    |    0    |    0    |    32   |
|          |                       empty_fu_672                       |    0    |    0    |    0    |    32   |
|          |                   select_ln82_2_fu_735                   |    0    |    0    |    0    |    2    |
|          |                    select_ln71_fu_748                    |    0    |    0    |    0    |    16   |
|  select  |                    select_ln82_fu_813                    |    0    |    0    |    0    |    16   |
|          |                   select_ln82_1_fu_826                   |    0    |    0    |    0    |    16   |
|          |                   select_ln71_1_fu_839                   |    0    |    0    |    0    |    16   |
|          |                   select_ln71_2_fu_930                   |    0    |    0    |    0    |    32   |
|          |                  bn_relu_val_V_2_fu_1012                 |    0    |    0    |    0    |    8    |
|          |                    max_val_V_2_fu_1025                   |    0    |    0    |    0    |    8    |
|----------|----------------------------------------------------------|---------|---------|---------|---------|
|          |                     mul_ln70_1_fu_650                    |    2    |    0    |    0    |    21   |
|          |                     conv3_i658_fu_682                    |    0    |    0    |    0    |    41   |
|          |                      mul_ln18_fu_697                     |    2    |    0    |    0    |    21   |
|    mul   |                     mul_ln1513_fu_970                    |    1    |    0    |    0    |    21   |
|          |                        grp_fu_1034                       |    1    |    0    |    0    |    0    |
|          |                        grp_fu_1041                       |    1    |    0    |    0    |    0    |
|          |                        grp_fu_1047                       |    1    |    0    |    0    |    0    |
|          |                        grp_fu_1053                       |    1    |    0    |    0    |    0    |
|----------|----------------------------------------------------------|---------|---------|---------|---------|
|          |                     sub_ln1513_fu_484                    |    0    |    0    |    0    |    17   |
|          |                    sub_ln1513_2_fu_514                   |    0    |    0    |    0    |    17   |
|    sub   |                    sub_ln1513_1_fu_565                   |    0    |    0    |    0    |    19   |
|          |                    sub_ln1513_3_fu_585                   |    0    |    0    |    0    |    19   |
|          |                       val_V_fu_962                       |    0    |    0    |    0    |    32   |
|----------|----------------------------------------------------------|---------|---------|---------|---------|
|          |                    cmp_i_i7429_fu_613                    |    0    |    0    |    0    |    7    |
|          |                    icmp_ln1027_fu_641                    |    0    |    0    |    0    |    7    |
|          |                    cmp_i_i7357_fu_655                    |    0    |    0    |    0    |    7    |
|          |                   icmp_ln1027_3_fu_703                   |    0    |    0    |    0    |    7    |
|          |                     icmp_ln70_fu_711                     |    0    |    0    |    0    |    17   |
|   icmp   |                     icmp_ln71_fu_725                     |    0    |    0    |    0    |    12   |
|          |                   icmp_ln1027_4_fu_730                   |    0    |    0    |    0    |    7    |
|          |                     icmp_ln77_fu_863                     |    0    |    0    |    0    |    2    |
|          |                     icmp_ln85_fu_903                     |    0    |    0    |    0    |    7    |
|          |                   icmp_ln1027_2_fu_908                   |    0    |    0    |    0    |    7    |
|          |                    icmp_ln1035_fu_1007                   |    0    |    0    |    0    |    12   |
|          |                   icmp_ln1035_1_fu_1019                  |    0    |    0    |    0    |    4    |
|----------|----------------------------------------------------------|---------|---------|---------|---------|
|    and   |                      and_ln70_fu_660                     |    0    |    0    |    0    |    1    |
|          |                      and_ln85_fu_913                     |    0    |    0    |    0    |    1    |
|----------|----------------------------------------------------------|---------|---------|---------|---------|
|    or    |                      or_ln71_fu_742                      |    0    |    0    |    0    |    1    |
|----------|----------------------------------------------------------|---------|---------|---------|---------|
|          |               feature_out_read_read_fu_200               |    0    |    0    |    0    |    0    |
|          |                 bn_beta_read_read_fu_206                 |    0    |    0    |    0    |    0    |
|          |                 bn_gamma_read_read_fu_212                |    0    |    0    |    0    |    0    |
|          |                  bn_var_read_read_fu_218                 |    0    |    0    |    0    |    0    |
|          |                 bn_mean_read_read_fu_224                 |    0    |    0    |    0    |    0    |
|          |               conv_kernel_read_read_fu_230               |    0    |    0    |    0    |    0    |
|          |                feature_in_read_read_fu_236               |    0    |    0    |    0    |    0    |
|          |                      grp_read_fu_242                     |    0    |    0    |    0    |    0    |
|          |                      grp_read_fu_248                     |    0    |    0    |    0    |    0    |
|          |                      grp_read_fu_254                     |    0    |    0    |    0    |    0    |
|   read   |                      grp_read_fu_260                     |    0    |    0    |    0    |    0    |
|          |                      grp_read_fu_266                     |    0    |    0    |    0    |    0    |
|          |                      grp_read_fu_272                     |    0    |    0    |    0    |    0    |
|          |                      grp_read_fu_278                     |    0    |    0    |    0    |    0    |
|          |                      grp_read_fu_284                     |    0    |    0    |    0    |    0    |
|          |                      grp_read_fu_290                     |    0    |    0    |    0    |    0    |
|          |                      grp_read_fu_296                     |    0    |    0    |    0    |    0    |
|          |               gmem0_addr_1_read_read_fu_336              |    0    |    0    |    0    |    0    |
|          |               gmem0_addr_2_read_read_fu_341              |    0    |    0    |    0    |    0    |
|          |               gmem0_addr_3_read_read_fu_346              |    0    |    0    |    0    |    0    |
|          |               gmem0_addr_4_read_read_fu_351              |    0    |    0    |    0    |    0    |
|----------|----------------------------------------------------------|---------|---------|---------|---------|
| writeresp|                   grp_writeresp_fu_302                   |    0    |    0    |    0    |    0    |
|----------|----------------------------------------------------------|---------|---------|---------|---------|
|          |                    grp_readreq_fu_308                    |    0    |    0    |    0    |    0    |
|  readreq |                    grp_readreq_fu_315                    |    0    |    0    |    0    |    0    |
|          |                    grp_readreq_fu_322                    |    0    |    0    |    0    |    0    |
|          |                    grp_readreq_fu_329                    |    0    |    0    |    0    |    0    |
|----------|----------------------------------------------------------|---------|---------|---------|---------|
|   write  |                 write_ln128_write_fu_356                 |    0    |    0    |    0    |    0    |
|----------|----------------------------------------------------------|---------|---------|---------|---------|
|          |                       shl_ln_fu_454                      |    0    |    0    |    0    |    0    |
|bitconcatenate|                    shl_ln1495_1_fu_546                   |    0    |    0    |    0    |    0    |
|          |                       conv_h_fu_887                      |    0    |    0    |    0    |    0    |
|          |                       conv_w_fu_895                      |    0    |    0    |    0    |    0    |
|----------|----------------------------------------------------------|---------|---------|---------|---------|
|          |                    zext_ln1495_fu_462                    |    0    |    0    |    0    |    0    |
|          |                    zext_ln1496_fu_466                    |    0    |    0    |    0    |    0    |
|          |                   zext_ln1496_1_fu_476                   |    0    |    0    |    0    |    0    |
|          |                    zext_ln1513_fu_480                    |    0    |    0    |    0    |    0    |
|          |                   zext_ln1513_1_fu_490                   |    0    |    0    |    0    |    0    |
|          |                   zext_ln1496_2_fu_500                   |    0    |    0    |    0    |    0    |
|          |                   zext_ln1513_5_fu_510                   |    0    |    0    |    0    |    0    |
|          |                   zext_ln1513_2_fu_553                   |    0    |    0    |    0    |    0    |
|          |                   zext_ln1513_3_fu_562                   |    0    |    0    |    0    |    0    |
|          |                   zext_ln1513_4_fu_571                   |    0    |    0    |    0    |    0    |
|          |                    conv3_i_i694_fu_607                   |    0    |    0    |    0    |    0    |
|   zext   |                   conv3_i11_i700_fu_610                  |    0    |    0    |    0    |    0    |
|          |                     zext_ln70_fu_619                     |    0    |    0    |    0    |    0    |
|          |                    zext_ln70_1_fu_622                    |    0    |    0    |    0    |    0    |
|          |                    conv3_i_i673_fu_635                   |    0    |    0    |    0    |    0    |
|          |                   conv3_i12_i679_fu_638                  |    0    |    0    |    0    |    0    |
|          |                    zext_ln70_2_fu_647                    |    0    |    0    |    0    |    0    |
|          |                      K_cast6_fu_679                      |    0    |    0    |    0    |    0    |
|          |                     zext_ln102_fu_688                    |    0    |    0    |    0    |    0    |
|          |                     zext_ln18_fu_691                     |    0    |    0    |    0    |    0    |
|          |                    zext_ln18_1_fu_694                    |    0    |    0    |    0    |    0    |
|          |                    zext_ln1027_fu_756                    |    0    |    0    |    0    |    0    |
|          |                     zext_ln103_fu_804                    |    0    |    0    |    0    |    0    |
|----------|----------------------------------------------------------|---------|---------|---------|---------|
|          |                    sext_ln1495_fu_526                    |    0    |    0    |    0    |    0    |
|          |                    sext_ln1513_fu_536                    |    0    |    0    |    0    |    0    |
|          |                     sext_ln112_fu_846                    |    0    |    0    |    0    |    0    |
|   sext   |                     sext_ln114_fu_849                    |    0    |    0    |    0    |    0    |
|          |                     sext_ln115_fu_852                    |    0    |    0    |    0    |    0    |
|          |                     sext_ln77_fu_856                     |    0    |    0    |    0    |    0    |
|          |                     sext_ln840_fu_859                    |    0    |    0    |    0    |    0    |
|          |                   sext_ln1513_1_fu_967                   |    0    |    0    |    0    |    0    |
|----------|----------------------------------------------------------|---------|---------|---------|---------|
|          |                   trunc_ln186_1_fu_597                   |    0    |    0    |    0    |    0    |
|          |                    trunc_ln186_fu_626                    |    0    |    0    |    0    |    0    |
|   trunc  |                         pw_fu_875                        |    0    |    0    |    0    |    0    |
|          |                      val_V_1_fu_979                      |    0    |    0    |    0    |    0    |
|          |                    trunc_ln840_fu_983                    |    0    |    0    |    0    |    0    |
|----------|----------------------------------------------------------|---------|---------|---------|---------|
| bitselect|                        tmp_fu_879                        |    0    |    0    |    0    |    0    |
|----------|----------------------------------------------------------|---------|---------|---------|---------|
|partselect|                   bn_relu_val_V_fu_997                   |    0    |    0    |    0    |    0    |
|----------|----------------------------------------------------------|---------|---------|---------|---------|
|   Total  |                                                          |    15   | 13.0071 |   8126  |   6820  |
|----------|----------------------------------------------------------|---------|---------|---------|---------|

Memories:
N/A

* Register list:
+--------------------------+--------+
|                          |   FF   |
+--------------------------+--------+
|    C_in_read_reg_1177    |   16   |
|    C_out_read_reg_1158   |   16   |
|    H_in_read_reg_1172    |   16   |
|   H_pool_out_V_reg_1266  |   16   |
|      K_read_reg_1150     |    8   |
|    W_in_read_reg_1166    |   16   |
|   add_ln1513_2_reg_1210  |   19   |
|   add_ln1513_3_reg_1215  |   19   |
|     add_ln70_reg_1332    |   48   |
|     and_ln85_reg_1459    |    1   |
|   bn_beta_read_reg_1093  |   64   |
|  bn_gamma_read_reg_1098  |   64   |
|   bn_mean_read_reg_1108  |   64   |
|  bn_relu_val_V_reg_1478  |    8   |
|   bn_var_read_reg_1103   |   64   |
|      c_out_reg_1058      |   16   |
|   cmp_i_i7429_reg_1251   |    1   |
|  conv3_i11_i700_reg_1246 |   24   |
|  conv3_i12_i679_reg_1277 |   32   |
|    conv3_i658_reg_1304   |   16   |
|   conv3_i_i673_reg_1272  |   32   |
|   conv3_i_i694_reg_1241  |   24   |
|      conv_h_reg_1449     |   17   |
| conv_kernel_read_reg_1113|   64   |
|      conv_w_reg_1454     |   17   |
|      empty_reg_1299      |   32   |
| feature_in_read_reg_1118 |   64   |
|gmem0_addr_1_read_reg_1384|    8   |
|   gmem0_addr_1_reg_1355  |    8   |
|gmem0_addr_2_read_reg_1389|    8   |
|   gmem0_addr_2_reg_1361  |    8   |
|gmem0_addr_3_read_reg_1394|    8   |
|   gmem0_addr_3_reg_1367  |    8   |
|   gmem0_addr_4_reg_1373  |    8   |
|    gmem0_addr_reg_1129   |    8   |
|      h_pool_reg_1079     |   16   |
|  icmp_ln1027_3_reg_1324  |    1   |
|   icmp_ln1027_reg_1282   |    1   |
|    icmp_ln71_reg_1337    |    1   |
| indvar_flatten11_reg_1086|   48   |
|  indvar_flatten_reg_1072 |   32   |
|    max_val_V_3_reg_389   |    8   |
|     max_val_V_reg_376    |    8   |
|    mul_ln103_reg_1411    |   32   |
|    mul_ln1513_reg_1468   |   40   |
|     mul_ln18_reg_1319    |   48   |
|    mul_ln70_1_reg_1294   |   32   |
|    mul_ln70_2_reg_1314   |   32   |
|     mul_ln70_reg_1287    |   32   |
|     p_idx_1_reg_1444     |    3   |
|       p_idx_reg_365      |    3   |
| pool_kernel_read_reg_1145|    8   |
|pool_padding_read_reg_1135|    8   |
| pool_stride_read_reg_1140|    8   |
|  sdiv_ln1513_1_reg_1236  |   16   |
|  select_ln71_1_reg_1405  |   16   |
|   select_ln71_reg_1349   |   16   |
|  select_ln82_1_reg_1399  |   16   |
|  select_ln82_2_reg_1344  |    1   |
|    sext_ln112_reg_1416   |   32   |
|    sext_ln114_reg_1421   |   40   |
|    sext_ln115_reg_1426   |   32   |
|    sext_ln77_reg_1431    |   40   |
|    sext_ln840_reg_1436   |   16   |
|   sub_ln1513_1_reg_1220  |   19   |
|   sub_ln1513_2_reg_1205  |   18   |
|   sub_ln1513_3_reg_1231  |   19   |
|    sub_ln1513_reg_1189   |   18   |
|    sum_V_loc_reg_1123    |   32   |
|     val_V_2_reg_1473     |   32   |
|      val_V_reg_1463      |   32   |
|      w_pool_reg_1065     |   16   |
|    zext_ln102_reg_1309   |   32   |
|    zext_ln103_reg_1379   |   32   |
|  zext_ln1496_2_reg_1200  |   17   |
|   zext_ln1496_reg_1184   |   17   |
|  zext_ln1513_1_reg_1194  |   18   |
|  zext_ln1513_4_reg_1225  |   19   |
|   zext_ln70_1_reg_1261   |   32   |
|    zext_ln70_reg_1256    |   32   |
+--------------------------+--------+
|           Total          |  1813  |
+--------------------------+--------+

* Multiplexer (MUX) list: 
|----------------------------------------------------------|------|------|------|--------||---------||---------|
|                           Comp                           |  Pin | Size |  BW  | S x BW ||  Delay  ||   LUT   |
|----------------------------------------------------------|------|------|------|--------||---------||---------|
|                   grp_writeresp_fu_302                   |  p0  |   2  |   1  |    2   |
|                     max_val_V_reg_376                    |  p0  |   2  |   8  |   16   ||    9    |
| grp_initial_conv_bn_relu_Pipeline_VITIS_LOOP_90_5_fu_401 |  p5  |   2  |  17  |   34   ||    9    |
| grp_initial_conv_bn_relu_Pipeline_VITIS_LOOP_90_5_fu_401 |  p6  |   2  |  17  |   34   ||    9    |
|                        grp_fu_494                        |  p0  |   2  |  18  |   36   ||    9    |
|                        grp_fu_494                        |  p1  |   2  |   9  |   18   ||    9    |
|                        grp_fu_520                        |  p0  |   2  |  18  |   36   ||    9    |
|                        grp_fu_520                        |  p1  |   2  |   9  |   18   ||    9    |
|                        grp_fu_574                        |  p0  |   2  |  19  |   38   ||    9    |
|                        grp_fu_574                        |  p1  |   2  |   9  |   18   ||    9    |
|                        grp_fu_591                        |  p0  |   2  |  19  |   38   ||    9    |
|                        grp_fu_591                        |  p1  |   2  |   9  |   18   ||    9    |
|                        grp_fu_1034                       |  p0  |   2  |  16  |   32   ||    9    |
|                        grp_fu_1034                       |  p1  |   2  |   8  |   16   ||    9    |
|                        grp_fu_1041                       |  p0  |   2  |  16  |   32   ||    9    |
|                        grp_fu_1041                       |  p1  |   2  |  16  |   32   ||    9    |
|                        grp_fu_1047                       |  p0  |   2  |  24  |   48   ||    9    |
|                        grp_fu_1047                       |  p1  |   2  |   8  |   16   ||    9    |
|                        grp_fu_1053                       |  p0  |   2  |  16  |   32   ||    9    |
|----------------------------------------------------------|------|------|------|--------||---------||---------|
|                           Total                          |      |      |      |   514  ||  24.662 ||   162   |
|----------------------------------------------------------|------|------|------|--------||---------||---------|



* Summary:
+-----------+--------+--------+--------+--------+
|           |   DSP  |  Delay |   FF   |   LUT  |
+-----------+--------+--------+--------+--------+
|  Function |   15   |   13   |  8126  |  6820  |
|   Memory  |    -   |    -   |    -   |    -   |
|Multiplexer|    -   |   24   |    -   |   162  |
|  Register |    -   |    -   |  1813  |    -   |
+-----------+--------+--------+--------+--------+
|   Total   |   15   |   37   |  9939  |  6982  |
+-----------+--------+--------+--------+--------+
